row_id,Name,Address,Category,Role,Profession,source,occupation,contradiction,reasoning
50,,S. Marco. Ascensione 1300 - tel. 22-373,,Servizi Filoviari,CIMITERI COMUNALI,Role,Servizi Filoviari,True,"The role suggests a public transport service, while the profession refers to municipal cemeteries."
51,,S. Marco. Ascensione 1300 - tel. 22-373,,Servizi Filoviari,CIMITERI COMUNALI,Role,Servizi Filoviari,True,"The role suggests a public transport service, while the profession refers to municipal cemeteries."
52,,S. Marco. Ascensione 1300 - tel. 22-373,,Servizi Filoviari,CIMITERI COMUNALI,Role,Servizi Filoviari,True,"The role suggests a public transport service, while the profession refers to municipal cemeteries."
53,,S. Marco. Ascensione 1300 - tel. 22-373,,Servizi Filoviari,CIMITERI COMUNALI,Role,Servizi Filoviari,True,"The role suggests a public transport service, while the profession refers to municipal cemeteries."
55,,"S. Marco. Ascensione 1300 - tel. 22-373, ""Riva Schiavoni 4129",,Cantiere Navale,CIMITERI COMUNALI,Role,Cantiere Navale,True,"The role refers to a shipyard, while the profession refers to municipal cemeteries."
56,,San Marco 4102,,SERVIZIO COMUNALE DELLE PUBBLICHE AFFISSIONI,CIMITERI COMUNALI,Role,SERVIZIO COMUNALE DELLE PUBBLICHE AFFISSIONI,True,"The role refers to public advertising services, while the profession refers to municipal cemeteries."
97,Dr. Antonio Ratti,Cannaregio 2606a,,Membro,Vetrocke,Profession,Vetrocke,True,The profession is unrelated to the cemetery business indicated by others.
107,Sig. Giovanni Zucchi,San Marco 4844,,Membro,presso Albergo Danieli,Role+Profession,presso Albergo Danieli,True,The role 'Membro' does not align with the profession 'presso Albergo Danieli'.
191,Tissi dr. Guido,San Luca 4041,,Presidente,Commissariato di S. Elena,Role,Presidente,True,"The Role indicates a position of leadership, while the Profession refers to a specific location, creating a contradiction."
192,Bellano dr. Giuseppe,San Luca 4041,,consigliere effettivo,Commissariato di S. Elena,Role,consigliere effettivo,True,"The Role suggests a specific advisory position, while the Profession refers to a location, indicating a contradiction."
193,Tissi dr. Guido,San Luca 4041,,Presidente,Commissariato di S. Elena,Role,Presidente,True,"The Role indicates a leadership position, while the Profession refers to a location, creating a contradiction."
195,Modena dr. Marco,Rialto numero 199,,Presidente,al Porto di Venezia,Role,Presidente,True,"The Role indicates a leadership position, while the Profession refers to a location, creating a contradiction."
196,Guerrazzi dr. Guerrazzo,Rialto numero 199,,Consigliere,consigliere effettivo,Role,Consigliere,True,"The Role suggests an advisory position, while the Profession refers to a specific location, indicating a contradiction."
197,Segati dr. Giuseppe,Rialto numero 199,,Procuratore Generale ff.,al Porto di Venezia,Role,Procuratore Generale ff.,True,"The Role indicates a legal position, while the Profession refers to a location, creating a contradiction."
198,Prospero dr. Giuseppe,Rialto numero 199,,Sostituti Procuratori Generali,al Porto di Venezia,Role,Sostituti Procuratori Generali,True,"The Role indicates a legal position, while the Profession refers to a location, creating a contradiction."
199,Sommella dr. Armando,Rialto numero 199,,Sostituti Procuratori Generali,al Porto di Venezia,Role,Sostituti Procuratori Generali,True,"The Role indicates a legal position, while the Profession refers to a location, creating a contradiction."
200,"Berni, dr. Antonio",Rialto numero 199,,Sostituti Procuratori Generali,al Porto di Venezia,Role,Sostituti Procuratori Generali,True,"The Role indicates a legal position, while the Profession refers to a location, creating a contradiction."
317,Antoci Comm. prof. Francesco,Rialto 19,,Capo Ufficio di Ragioneria,Ufficio postale,Role,Capo Ufficio di Ragioneria,True,"The role and profession refer to different fields, one in accounting and the other in postal services."
327,Veronese cav. Sante,Palazzo Dieci Savi - Sottop.ri di Rialto 50,,Geometra principale,Ufficio postale,Role+Profession,Ufficio postale,True,The role 'Geometra principale' contradicts the profession 'Ufficio postale' as they represent different fields.
328,Dal Santo Ing. Gino,Palazzo Dieci Savi - Sottop.ri di Rialto 50,,Geometra principale,Ufficio postale,Role+Profession,Ufficio postale,True,The role 'Geometra principale' contradicts the profession 'Ufficio postale' as they represent different fields.
329,Muizzi cav. Ulrico,Palazzo Dieci Savi - Sottop.ri di Rialto 50,,Geometra principale,Ufficio postale,Role+Profession,Ufficio postale,True,The role 'Geometra principale' contradicts the profession 'Ufficio postale' as they represent different fields.
330,Viti cav. Gino,Palazzo Dieci Savi - Sottop.ri di Rialto 50,,Geometra principale,Ufficio postale,Role+Profession,Ufficio postale,True,The role 'Geometra principale' contradicts the profession 'Ufficio postale' as they represent different fields.
331,Lazzarini cav. Giuseppe,Palazzo Dieci Savi - Sottop.ri di Rialto 50,,Geometra principale,Ufficio postale,Role+Profession,Ufficio postale,True,The role 'Geometra principale' contradicts the profession 'Ufficio postale' as they represent different fields.
332,Colbachini cav. Guglielmo,Palazzo Dieci Savi - Sottop.ri di Rialto 50,,Geometra principale,Ufficio postale,Role+Profession,Ufficio postale,True,The role 'Geometra principale' contradicts the profession 'Ufficio postale' as they represent different fields.
333,Ciara cav. Mariano,Palazzo Dieci Savi - Sottop.ri di Rialto 50,,Primo archivista,Ufficio postale,Role+Profession,Ufficio postale,True,The role 'Primo archivista' contradicts the profession 'Ufficio postale' as they represent different fields.
334,Veronese cav. Mario,Palazzo Dieci Savi - Sottop.ri di Rialto 50,,Primo archivista,Ufficio postale,Role+Profession,Ufficio postale,True,The role 'Primo archivista' contradicts the profession 'Ufficio postale' as they represent different fields.
335,Seno Jole,Palazzo Dieci Savi - Sottop.ri di Rialto 50,,Applicata,Ufficio postale,Role+Profession,Ufficio postale,True,The role 'Applicata' contradicts the profession 'Ufficio postale' as they represent different fields.
336,Lucerca cav. Ercollano,Palazzo Dieci Savi - Sottop.ri di Rialto 50,,Primo Assistente,Ufficio postale,Role+Profession,Ufficio postale,True,The role 'Primo Assistente' contradicts the profession 'Ufficio postale' as they represent different fields.
339,Scalceti,Palazzo Dieci Savi - Sottop.ri di Rialto 50,,Corpo del Genio Civile,"Primo Assistente, ",Role+Profession,Corpo del Genio Civile,True,The Role and Profession refer to different fields.
342,Rapallino sig. Eugenio,Rialto 19,,Società Telefonica delle Venezie - “ Telve”,Ufficio postale,Profession,Ufficio postale,True,Profession is a real workplace/trade; Role names an unrelated company.
416,Giuseppe Drudi,Calle Larga S. Marco 374,,Direttore Tecnico Prov. per il Tiro a Volo, Caccia e Pesca,Role+Profession,Direttore Tecnico Prov. per il Tiro a Volo,True,The role and profession refer to different fields (sports vs. association).
443,,"Accademia di Belle Arti e Liceo Artistico, Fond. Arsenale 2162-C, S. Croce numero 328-B",,Provveditore agli studi (reggente),Sezione Autonoma di Credito per le Piccole Industrie e l’Artigianato,Role+Profession,Sezione Autonoma di Credito per le Piccole Industrie e l’Artigianato,True,The role indicates an educational position while the profession refers to a financial institution.
444,,"Accademia di Belle Arti e Liceo Artistico, Fond. Arsenale 2162-C, S. Croce numero 328-B",,Provveditore agli studi (reggente),Ufficio Commissionario Industrie e Artigiane con Mostre campionarie permanenti di prodotti tipici dell’artigianato e delle piccole industrie venete,Role+Profession,Ufficio Commissionario Industrie e Artigiane con Mostre campionarie permanenti di prodotti tipici dell’artigianato e delle piccole industrie venete,True,The role indicates an educational position while the profession refers to a commission office for industries.
445,,"Accademia di Belle Arti e Liceo Artistico, Fond. Arsenale 2162-C, S. Croce numero 328-B",,Provveditore agli studi (reggente),Biblioteca di consultazione per artigiani e piccoli industriali (aperto tutti i giorni feriali nelle ore d’Ufficio),Role+Profession,Biblioteca di consultazione per artigiani e piccoli industriali (aperto tutti i giorni feriali nelle ore d’Ufficio),True,The role indicates an educational position while the profession refers to a library for artisans.
446,ing. Eugenio Rubini,"Accademia di Belle Arti e Liceo Artistico, Fond. Arsenale 2162-C, S. Croce numero 328-B",,Ispettore Interprovinciale,Vanoni Ezio,Role+Profession,Vanoni Ezio,True,"The role indicates an inspector while the profession is a personal name, not an occupation."
447,,"Accademia di Belle Arti e Liceo Artistico, Fond. Arsenale 2162-C, S. Croce numero 328-B",,Provveditore agli studi (reggente),Scuola: « G. Gozzi »,Role+Profession,Scuola: « G. Gozzi »,True,The role indicates an educational position while the profession refers to a specific school.
448,,"Accademia di Belle Arti e Liceo Artistico, Fond. Arsenale 2162-C, S. Croce numero 328-B",,Provveditore agli studi (reggente),Scuola: « Giacinto Gallina »,Role+Profession,Scuola: « Giacinto Gallina »,True,The role indicates an educational position while the profession refers to a specific school.
449,,"Accademia di Belle Arti e Liceo Artistico, Fond. Arsenale 2162-C, S. Croce numero 328-B",,Provveditore agli studi (reggente),Scuola: S. Maria Formosa,Role+Profession,Scuola: S. Maria Formosa,True,The role indicates an educational position while the profession refers to a specific school.
450,,"Accademia di Belle Arti e Liceo Artistico, Fond. Arsenale 2162-C, S. Croce numero 328-B",,Provveditore agli studi (reggente),Scuola: Luigi Cadorna,Role+Profession,Scuola: Luigi Cadorna,True,The role indicates an educational position while the profession refers to a specific school.
451,,"Accademia di Belle Arti e Liceo Artistico, Fond. Arsenale 2162-C, S. Croce numero 328-B",,Provveditore agli studi (reggente),Scuola Michele Renier,Role+Profession,Scuola Michele Renier,True,The role indicates an educational position while the profession refers to a specific school.
452,,"Accademia di Belle Arti e Liceo Artistico, Fond. Arsenale 2162-C, S. Croce numero 328-B",,Provveditore agli studi (reggente),Scuola Armando Diaz,Role+Profession,Scuola Armando Diaz,True,The role indicates an educational position while the profession refers to a specific school.
479,Minio prof. N. H,"angelo (Venezia, S. Cassiano, 1557",,Venezia,Membro effettivo,none,,True,"Profession is a membership-status descriptor, Role is just a city name -- no real trade."
658,Querci Della Rovere dr. Aldo,Cannaregio 4925,,Fid. Prov.,BICROMIE TRICROMIE FOTOLITO,Role+Profession,Fid. Prov. | BICROMIE TRICROMIE FOTOLITO,True,"The role and profession are unrelated, as one is a provincial representative and the other is a printing process."
705,Charita',Dorsoduro mumeru 909,,P. Giov. Batt. Piacentini,Bimestrale,none,,True,"Profession is a publication-frequency descriptor, Role is an editor name -- no real trade."
1563,Frazzoli Odessa,S. Polo 1310,Prefettura,,Concessionario esclusivo: Rag. Cleto Rossini,none,,True,"Category is a leaked Location value (Prefettura), Profession is known ad contamination."
1670,Guesan Leone,D. Duro 879,,"Perito/Esperto — Ruolo Camera di Commercio di Venezia, quadriennio 1946-49",Attività varie,Category+Profession,Attività varie,True,The profession 'Attività varie' does not match the role indicating expertise.
8243,Bellini Augusto,S. Marco 52,Ass. Naz. Combattenti,,Presidente ,Category+Profession,Presidente,True,The category does not align with the role of a president.
8253,Beltrame dr. Gregorio,"Castello, 1617",Prefettura,,Capo Divisione prima,Category+Profession,Capo Divisione prima,True,The category does not indicate a specific profession.
8283,Berardi dr. Vito,"S. Marco, 2063",commercialista,,deputato Amminist. della Provincia,Category+Profession,deputato Amminist. della Provincia,True,The category does not match the political role.
8421,Bisacco Palazzi ing. Giacomo,S. Marco Calle Tron n. 1198,Banco S. Marco,,Consigliere,Category+Profession,Consigliere,True,The category does not align with the role of a counselor.
8494,Bondi dr. Italo,S. Marco 52,ottica ingegneria fotografia,"dottore, ",Ass. Naz. Combattenti,Category+Role,ottica ingegneria fotografia,True,"The category suggests multiple fields, while the role indicates a doctor, creating a contradiction."
8497,Bondi Cav. Uff. Italo,S. Marco 918-1822,ottica ingegneria fotografia,ufficiale,cavaliere,Category+Role,ottica ingegneria fotografia,True,"The category suggests multiple fields, while the role indicates an officer, creating a contradiction."
8529,Bonzio dr. ing. Emanuele,S. Angelo 3880,V. Direttore,ingegnere,dottore,Category+Role,V. Direttore,True,"The category suggests a deputy director while the role indicates an engineer, creating a contradiction."
8534,Borato Pietro,S. Mar. 213,ottica ingegneria fotografia,,Segretario (gruppo viaggiatori),Category+Profession,ottica ingegneria fotografia,True,"The Category suggests a technical field while the Profession indicates a secretarial role, which are unrelated."
8649,Brandolisio Umberto,S. Marco 2380,pittore decoratore,,industirale,Category+Profession,pittore decoratore,True,"The Category indicates a decorative art while the Profession suggests an industrial role, which are contradictory."
8656,Brecer Giorgio,Castello 5697-A,drogherie," candele, , ", prodot. ti chimici,Category+Role,drogherie,True,The Category indicates a grocery business while the Role and Profession suggest unrelated products.
8716,Bruno dr. Oscar.,Rialto 199,ARTI GRAFICHE ESPERIA,,Comm. Agg. dirigente,Category+Profession,ARTI GRAFICHE ESPERIA,True,"The Category suggests a graphic arts business while the Profession indicates a commercial director role, which are not aligned."
8736,Bullo Amelia,S. Marco 2090,fotografo,,gabinetti di posa),Category+Profession,fotografo,True,"The Category indicates a photography business while the Profession suggests a posing studio, which are not the same."
8788,Buttaro Alessandro,S. Bartolomeo numero 5257,sartoria e confezioni per uomo,,tessuti filati,Category+Profession,sartoria e confezioni per uomo,True,"The category refers to men's tailoring while the profession refers to fabrics, which are related but not the same occupation."
8837,Calzani Raffaele,Cannaregio 5224-1305,Legione Territ. Guardia di Finanza di Marghera,,Tenenzia,Category+Role,Legione Territ. Guardia di Finanza di Marghera,True,"The category refers to a military organization while the role suggests a rank, which are not directly related."
8985,Carrer Ferruccio,San Marco 3966,," filati, ", confezioni,Role+Profession,confezioni,True,"The role suggests a type of fabric while the profession refers to clothing, which are not directly related."
9108,Cecon Guido,S. Marco 1662,," shalza-tore, , ", cesellatore,Role+Profession,"shalza-tore, cesellatore",True,The role and profession refer to different types of craftsmanship.
9123,Celer Costruzioni Edili,San Marco 1874,Materiale per costruzioni edilizie,,Leggere e rapide,Category+Profession,"Materiale per costruzioni edilizie, Leggere e rapide",True,The category and profession do not align in terms of business type.
9146,Ceraico Rodolfo,Dorsoduro 739,Capo Stazione,,P.le Stazione,Category+Profession,"Capo Stazione, P.le Stazione",True,The category and profession refer to different roles in transportation.
9148,Cerato Gastone,S. Marco 5074,Vice Presd. Società Canottieri,,Numero 5576-A,Category+Profession,"Vice Presd. Società Canottieri, Numero 5576-A",True,The category and profession do not match in terms of business function.
9265,Cingano padre Antonio,S. Polo 1478,CINEMA S. Margherita,,S. Marziale,Profession,S. Marziale,True,S. Marziale does not relate to a recognized profession.
9283,Civiero Emilio,"Calle (Islavia numero 8, Cannaregio 3542",Colorificio Veneziano,,Giovanni e Paolo,Profession,Giovanni e Paolo,True,Giovanni e Paolo does not represent a recognized profession.
9284,Cò di Gallo Ferraro e C.,S. Marco 295,Colorificio Veneziano,,Giovanni e Paolo,Profession,Giovanni e Paolo,True,Giovanni e Paolo does not represent a recognized profession.
9285,Colaussu prof. Vincenzo,S. Marco 295,Colorificio Veneziano,,Accademia di Belle Arti,Profession,Accademia di Belle Arti,True,"Accademia di Belle Arti is an institution, not a profession."
9289,Codognotto Attilio,S. Marco 1295,Colorificio Veneziano,, gioielleria,Category+Profession,gioielleria,True,"The category indicates a paint business while the profession indicates jewelry, which are unrelated."
9291,Co. Di Pro. Ve. Cooperativa Dipendenti Provinciali Venezia,San Marco 2597,Soc. Coop.,,Giovanni e Paolo,Category+Profession,Giovanni e Paolo,True,"The category indicates a cooperative while the profession is a name, which does not align."
9292,Codognato Attilio,"San Marco 2597, San Marco 1295",Colorificio Veneziano,, chincaglierie,Category+Profession,chincaglierie,True,"The category indicates a paint business while the profession indicates trinkets, which are unrelated."
9301,Cogo Aldo,S. Marco 2553,Colorificio Veneziano,, Viale Stazione presso Autostimesa Standa,Category+Profession,,True,"The category indicates a type of business, while the profession is unrelated and appears to be a location."
9320,Colombo Candido,San Marco 670,Colorificio Veneziano, galvanizzatore, cesellatore,Role+Profession,"galvanizzatore, cesellatore",True,The role and profession indicate different trades that do not complement each other.
9329,Colussi Angelo,"CASTELLO cAIIE LONOE, 4182",Calonificio Veneziano,"Colori e Vernici,  Giudecca 882",da A. Joggna,none,,True,"Both fields are ad/propagation contamination, no real trade."
9331,Colussi Emilio,"S. Croce 756, S. Marco 4579",panificio,,Vendita e Mobilizzi,Category+Profession,panificio,True,The Category indicates a bakery while the Profession suggests a different type of business.
9332,Colussi Emilio,S. Marco 4647,pasticceria,,Vendita e Mobilizzi,Category+Profession,pasticceria,True,The Category indicates a pastry shop while the Profession suggests a different type of business.
9333,Colussi Eugenio & Figli,Cannaregio 1697-A,vini (grossista),,Vendita e Mobilizzi,Category+Profession,vini (grossista),True,The Category indicates a wine wholesaler while the Profession suggests a different type of business.
9334,Colussi Eugenio,Cannaregio 1705,osteria,,Vendita e Mobilizzi,Category+Profession,osteria,True,The Category indicates a tavern while the Profession suggests a different type of business.
9335,Colussi Gino,Cannaregio numero 4505,mobili (negozio),,Vendita e Mobilizzi,Category+Profession,mobili (negozio),True,The Category indicates a furniture store while the Profession suggests a different type of business.
9336,Colussi Giovanni,San Cassiano 1828,fabbro ferraio e meccanico,,Vendita e Mobilizzi,Category+Profession,fabbro ferraio e meccanico,True,The Category indicates a blacksmith and mechanic while the Profession suggests a different type of business.
9337,Colussi Mansueto,Cannaregio 2945,osteria,,Vendita e Mobilizzi,Category+Profession,osteria,True,The Category indicates a tavern while the Profession suggests a different type of business.
9341,Comin Anna,D. Duro 2753,osteria,,Vendita e Mobilizzi,Category,osteria,True,"The category suggests a restaurant, while the profession indicates sales."
9342,Comin Luigi,S. Croce 864,tabaccheria,,Vendita e Mobilizzi,Category,tabaccheria,True,"The category suggests a tobacco shop, while the profession indicates sales."
9344,Comini Giovanni,Cannaregio 1938,casi di spedizione,,Vendita e Mobilizzi,Category,casi di spedizione,True,"The category suggests shipping cases, while the profession indicates sales."
9386,Contardo Umberto,Cann. 2339,Architetto,,Vendita e Mobilizzi,Category+Profession,Architetto,True,"The category indicates an architect, while the profession is a sales role."
9391,Conti dr. Egidio,Dorsoduro 3654,Medicina generale,,Vendita e Mobilizzi,Category,Medicina generale,True,"The category indicates general medicine, while the profession is a sales role."
9393,Contien Gaetano,S. Polo 1426,Avvocato,,Vendita e Mobilizzi,Category+Profession,Avvocato,True,"The category indicates a lawyer, while the profession is a sales role."
9394,Continental e,Cann. 170,Ristorante,,Vendita e Mobilizzi,Category,Ristorante,True,"The Category indicates a restaurant while the Profession suggests a sales role, which are unrelated."
9395,Contursi Lisi Gaetano,S. Angelo 3572,Avvocato,,Vendita e Mobilizzi,Category,Avvocato,True,"The Category indicates a lawyer while the Profession suggests a sales role, which are unrelated."
9396,Contursi Lisi Livia,S. Angelo 3572,Avvocato,,Vendita e Mobilizzi,Category,Avvocato,True,"The Category indicates a lawyer while the Profession suggests a sales role, which are unrelated."
9397,Cooperativa Concorda Soc. Coop per az.,Castello 71,Lavori manovalanza,,Vendita e Mobilizzi,Category,Lavori manovalanza,True,"The Category indicates manual labor while the Profession suggests a sales role, which are unrelated."
9398,Cooperativa braccianti del mercato ortofruicolo di Mestre,Castello 71,Facchini pubblici,,Vendita e Mobilizzi,Category,Facchini pubblici,True,"The Category indicates public laborers while the Profession suggests a sales role, which are unrelated."
9399,Cooperativa Case Operaie per impiegati della Cassa di Risparmio di Venezia,S. Marco 4216,Compra-vendita immobili,,Vendita e Mobilizzi,Category,Compra-vendita immobili,True,"The Category indicates real estate transactions while the Profession suggests a sales role, which are unrelated."
9400,Coop. di Consumo,Castello numero 641-17,Abbigliamento,,Vendita e Mobilizzi,Category,Abbigliamento,True,"The Category indicates clothing while the Profession suggests a sales role, which are unrelated."
9401,Coop. di Consumo Alimentare di Villabona di Chirignago,Castello numero 641-17,"Alimentari (gross.), loc. Villabona",,Vendita e Mobilizzi,Category,Alimentari (gross.),True,"The Category indicates wholesale food while the Profession suggests a sales role, which are unrelated."
9402,Coop. di Consumo Alimentare di Carpenedo,Castello numero 641-17,Alimentari (gross.),,Vendita e Mobilizzi,Category,Alimentari (gross.),True,"The Category indicates wholesale food while the Profession suggests a sales role, which are unrelated."
9404,Cooperativa di Consumo fra i dipendenti dei Monopoli di Stato,Santa Croce 423,alimentari (dett.),,Vendita e Mobilizzi,Category,alimentari (dett.),True,"The Category indicates retail food while the Profession suggests a sales role, which are unrelated."
9427,Corà Edvige,Cannaregio 3573,sarta,,Vendita e Mobilizzi,Category+Profession,sarta,True,"The category indicates a seamstress while the profession suggests selling furniture, which are unrelated."
9428,Corà Francesco,Cannaregio 3296,avv.,,Vendita e Mobilizzi,Category+Profession,avv.,True,"The category indicates a lawyer while the profession suggests selling furniture, which are unrelated."
9429,Corà Mario,S. Polo 1410,Geometre,,Vendita e Mobilizzi,Category+Profession,Geometre,True,"The category indicates a surveyor while the profession suggests selling furniture, which are unrelated."
9430,Corazza Antonio,San Marco 674,parrucchiere per signora,,Vendita e Mobilizzi,Category+Profession,parrucchiere per signora,True,"The category indicates a hairdresser while the profession suggests selling furniture, which are unrelated."
9431,Corazza Aldo,Castello 6335,alimentari (dett.),,Vendita e Mobilizzi,Category+Profession,alimentari (dett.),True,"The category indicates a grocery store while the profession suggests selling furniture, which are unrelated."
9432,Corbetta Virginia,Castello 1341,alimentari (dett.),,Vendita e Mobilizzi,Category+Profession,alimentari (dett.),True,"The category indicates a grocery store while the profession suggests selling furniture, which are unrelated."
9433,Cordella Luigi,Cannaregio 318,latteria,,Vendita e Mobilizzi,Category+Profession,latteria,True,"The category indicates a dairy while the profession suggests selling furniture, which are unrelated."
9434,Cordella Teresa,Cannaregio 2753,alimentari (dett.),,Vendita e Mobilizzi,Category+Profession,alimentari (dett.),True,"The category indicates a grocery store while the profession suggests selling furniture, which are unrelated."
9435,Corinaldi Beudetto & C.,San Marco 2732,specialità veneziane,,Vendita e Mobilizzi,Category+Profession,specialità veneziane,True,"The category indicates Venetian specialties while the profession suggests selling furniture, which are unrelated."
9447,Corradi Mario,Cannaregio 531,sarta,,Vendita e Mobilizzi,Category,sarta,True,The category 'sarta' (seamstress) contradicts the profession 'Vendita e Mobilizzi' (Sales and Furnishings).
9449,Corsa Cosimo,D. Duro 3747,trattatia,,Vendita e Mobilizzi,Category,trattatia,True,The category 'trattatia' (trader) contradicts the profession 'Vendita e Mobilizzi' (Sales and Furnishings).
9450,Cortelazzo Luigi,S. Felice 3795,pittore,,Vendita e Mobilizzi,Category,pittore,True,The category 'pittore' (painter) contradicts the profession 'Vendita e Mobilizzi' (Sales and Furnishings).
9451,Corti, Cannaregio 4063-A,olii commestibili,Ais,Vendita e Mobilizzi,Category+Role,olii commestibili,True,The category 'olii commestibili' (edible oils) contradicts the profession 'Vendita e Mobilizzi' (Sales and Furnishings).
9452,Cortivo Pietro,S. Croce 3083,barbiere,,Vendita e Mobilizzi,Category,barbiere,True,The category 'barbiere' (barber) contradicts the profession 'Vendita e Mobilizzi' (Sales and Furnishings).
9453,Cosaletti Armando,San Marco 3996,olii,,Vendita e Mobilizzi,Category,olii,True,The category 'olii' (oils) contradicts the profession 'Vendita e Mobilizzi' (Sales and Furnishings).
9456,Cosma Mario,Cannaregio numero 3876,oreficeria,,Vendita e Mobilizzi,Category,oreficeria,True,The category 'oreficeria' (jewelry) contradicts the profession 'Vendita e Mobilizzi' (Sales and Furnishings).
9457,Cosmo Ermenegildo,S. Polo 368,macelleria,,Vendita e Mobilizzi,Category,macelleria,True,The category 'macelleria' (butchery) contradicts the profession 'Vendita e Mobilizzi' (Sales and Furnishings).
9459,Cosmo Vittorio,Cannaregio 3905,macelleria,,Vendita e Mobilizzi,Category,macelleria,True,The category 'macelleria' (butchery) contradicts the profession 'Vendita e Mobilizzi' (Sales and Furnishings).
9460,Cosul Guido,S. Marco 2426,avvocato,,Vendita e Mobilizzi,Category,avvocato,True,The category 'avvocato' (lawyer) contradicts the profession 'Vendita e Mobilizzi' (Sales and Furnishings).
9461,Costa Mario,Castello 3828,Geometra,,Vendita e Mobilizzi,Category,Geometra,True,The Category indicates a profession (Geometra) while the Profession suggests a business type (Vendita e Mobilizzi).
9463,Costacini Arturo,D. Duro 1608,panificio,,Vendita e Mobilizzi,Category,panificio,True,The Category indicates a profession (panificio) while the Profession suggests a business type (Vendita e Mobilizzi).
9464,Costacini Marco,S. Marco numero 113,oggetti artistici,,Vendita e Mobilizzi,Category,oggetti artistici,True,The Category indicates a profession (oggetti artistici) while the Profession suggests a business type (Vendita e Mobilizzi).
9467,Costantin Albino,"S. Marco numero 113, Via Pizzo 170",S. Bartolomeo,,Vendita e Mobilizzi,Category,S. Bartolomeo,True,The Category indicates a location or type (S. Bartolomeo) while the Profession suggests a business type (Vendita e Mobilizzi).
9468,Costantin Aldo,Castello 2459,elettricità idraulica e gas,,Vendita e Mobilizzi,Category,elettricità idraulica e gas,True,The Category indicates a profession (elettricità idraulica e gas) while the Profession suggests a business type (Vendita e Mobilizzi).
9469,Costantini Armando,Piazza S. Marco 113,tabaccheria,,Vendita e Mobilizzi,Category,tabaccheria,True,The Category indicates a profession (tabaccheria) while the Profession suggests a business type (Vendita e Mobilizzi).
9470,Costantini Arnaldo,S. Marco numero 4676,macelleria,,Vendita e Mobilizzi,Category,macelleria,True,The Category indicates a profession (macelleria) while the Profession suggests a business type (Vendita e Mobilizzi).
9471,Costantini Bruno,Zattere 269,Segretario Società Costruzioni Bincionaro,,Vendita e Mobilizzi,Category,Segretario Società Costruzioni Bincionaro,True,The Category indicates a profession (Segretario Società Costruzioni Bincionaro) while the Profession suggests a business type (Vendita e Mobilizzi).
9472,Costantini Carlo,San Marco 4995,timbri di gomma in metallo e incisioni,,Vendita e Mobilizzi,Category,timbri di gomma in metallo e incisioni,True,The Category indicates a profession (timbri di gomma in metallo e incisioni) while the Profession suggests a business type (Vendita e Mobilizzi).
9473,Costantini mons. Dario,San Marco 4995,arpicprete Basilica di San Marco,,Vendita e Mobilizzi,Category,arpicprete Basilica di San Marco,True,The Category indicates a profession (arpicprete Basilica di San Marco) while the Profession suggests a business type (Vendita e Mobilizzi).
9474,Costantini Elisa,Castello 5349,macelleria,,Vendita e Mobilizzi,Category,macelleria,True,"The Category indicates a butcher shop, while the Profession suggests a different business type."
9475,Costantini Emilio,Burano Via Pontecello 17-189,vini alimentari (ingrosso) (dett.),,Vendita e Mobilizzi,Category,vini alimentari (ingrosso) (dett.),True,"The Category indicates a wholesale food and wine business, while the Profession suggests a different business type."
9477,Costantini Eugenia in Filippi,Santa Croce 1175,bottiglieria,,Vendita e Mobilizzi,Category,bottiglieria,True,"The Category indicates a wine shop, while the Profession suggests a different business type."
9480,Costantini Francesco,Castello 5666,sarto da uomo,,Vendita e Mobilizzi,Category,sarto da uomo,True,"The Category indicates a men's tailor, while the Profession suggests a different business type."
9482,Costantini Gino,Castello 6387-A,vini (commercio enologico),,Vendita e Mobilizzi,Category,vini (commercio enologico),True,"The Category indicates a wine trade, while the Profession suggests a different business type."
9483,Costantini Giovanni,San Marco numero 1134,macellaia,,Vendita e Mobilizzi,Category,macellaia,True,"The Category indicates a female butcher, while the Profession suggests a different business type."
9485,Costantini Marco,San Marco 113,articoli fotografici,,Vendita e Mobilizzi,Category,articoli fotografici,True,"The Category indicates photographic articles, while the Profession suggests a different business type."
9486,Costantini Mario,S. Marco 4676,macelleria,,Vendita e Mobilizzi,Category,macelleria,True,"The Category indicates a butcher shop, while the Profession suggests a different business type."
9488,Costantini Ovidio,S. Marco 4676,Navagero 54,,falegname,Category,falegname,True,"The Category is not a valid occupation, while the Profession indicates a carpenter."
9523,Cucchetti Prof. Dott. Guido,S. Marco 1298,"Revisore Ufficiale dei Conti, Amministratore Giudiziario",,Vendita e Mobilizzi,Category+Profession,Vendita e Mobilizzi,True,"The category indicates an official auditor and judicial administrator, which contradicts the profession of selling and furnishings."
9524,Cucchin Ines,S. Marco numero 4779,biancheria e affini,,Vendita e Mobilizzi,Category+Profession,Vendita e Mobilizzi,True,The category 'biancheria e affini' (linen and related) contradicts the profession of selling and furnishings.
9525,Cucchero Angela,"Piazza Umberto I, Giudecca 228",osteria,,Vendita e Mobilizzi,Category+Profession,Vendita e Mobilizzi,True,The category 'osteria' (tavern) does not match the profession of selling and furnishings.
9526,Cuna Antonino,"Via Torre Belfredo, Castello 3385",sarta da uomo,,Vendita e Mobilizzi,Category+Profession,Vendita e Mobilizzi,True,The category 'sarta da uomo' (men's tailor) contradicts the profession of selling and furnishings.
9529,Cucchin,Calle Larga S. Marco,sarta,,Vendita e Mobilizzi,Category+Profession,Vendita e Mobilizzi,True,The category 'sarta' (seamstress) does not align with the profession of selling and furnishings.
9531,Cusimano Maria,D. Duro 3747,sartoria,,Vendita e Mobilizzi,Category+Profession,Vendita e Mobilizzi,True,The category 'sartoria' (tailoring) does not align with the profession of selling and furnishings.
9532,Cuttone Cesare,D. Duro 3747,farmacista,,Vendita e Mobilizzi,Category+Profession,Vendita e Mobilizzi,True,The category 'farmacista' (pharmacist) contradicts the profession of selling and furnishings.
9537,Dabalà Eugenio,D. Duro numero 1320,alimentari (dett.),,Vendita e Mobilizzi,Category+Profession,Vendita e Mobilizzi,True,The category 'alimentari (dett.)' (food retail) does not match the profession of selling and furnishings.
9538,Da Campo dr. Michele,Castello 3443,medicina generale,,Vendita e Mobilizzi,Category+Profession,Vendita e Mobilizzi,True,The category 'medicina generale' (general medicine) contradicts the profession of selling and furnishings.
9543,D'Agnolo Vallino dr. Carlo,S. Marco numero 1322,notaio,,Vendita e Mobilizzi,Category+Profession,notaio,True,"The Category indicates a type of business, while the Profession is unrelated."
9544,D’Alberto dr. Italo,S. Luca numero 409,commercialista,,Vendita e Mobilizzi,Category+Profession,commercialista,True,"The Category indicates a type of business, while the Profession is unrelated."
9545,D’Alberton dr. Giovanni,S. Cassiano 1811,dermosifilopatica,,Vendita e Mobilizzi,Category+Profession,dermosifilopatica,True,"The Category indicates a type of business, while the Profession is unrelated."
9546,Dal Bon Ferruccio,Cannareggio 3593,mobili (fabbriche),,Vendita e Mobilizzi,Category+Profession,mobili (fabbriche),True,"The Category indicates a type of business, while the Profession is unrelated."
9548,Dal Borgo Sergio,Castello 5285,decoratore e pittore,,Vendita e Mobilizzi,Category+Profession,decoratore e pittore,True,"The Category indicates a type of business, while the Profession is unrelated."
9549,Dal Coi Cesare,"S. Marco, numero 1035",bar pasticceria,,Vendita e Mobilizzi,Category+Profession,bar pasticceria,True,"The Category indicates a type of business, while the Profession is unrelated."
9608,Dan Maria,Giudecca 180,osteria,,Vendita e Mobilizzi,Category,osteria,True,"The Category indicates a type of establishment, while the Profession suggests a different business focus."
9609,Danj dr. ing. Antonio,Giudecca 180,Capo uff. Trasmissioni,,Vendita e Mobilizzi,Category+Role,Capo uff. Trasmissioni,True,"The Category refers to a managerial position in transmissions, while the Profession is unrelated."
9610,D'Angelo Girolamo,Santa Croce numero 372,architetto,,Vendita e Mobilizzi,Category,architetto,True,"The Category indicates an architect, while the Profession is unrelated."
9611,Danelia Assunta,"San Marco, numero 400",bottiglieria,,Vendita e Mobilizzi,Category,bottiglieria,True,"The Category indicates a type of store, while the Profession is unrelated."
9612,D'Antico Rosa,Castello 790,carbone e legna (dettagli),,Vendita e Mobilizzi,Category,carbone e legna (dettagli),True,"The Category indicates a type of business, while the Profession is unrelated."
9613,D'Antiga Maria,S. Giuseppi di Castello 985,sarta,,Vendita e Mobilizzi,Category,sarta,True,"The Category indicates a tailor, while the Profession is unrelated."
9614,Da Ponte Caterina,Cannareggio 3294,perle (lavorie i commercio),,Vendita e Mobilizzi,Category,perle (lavorie i commercio),True,"The Category indicates a type of business, while the Profession is unrelated."
9615,Da Ponte Maria,Cannareggio 2710,trattoria,,Vendita e Mobilizzi,Category,trattoria,True,"The Category indicates a type of restaurant, while the Profession is unrelated."
9616,Da Ponte Mario,S. Croce 2047,ing.,,Vendita e Mobilizzi,Category,ing.,True,"The Category indicates an engineer, while the Profession is unrelated."
9617,Da Ponte Trembor,Cannareggio 383,macelliere (introduttore bestiame),,Vendita e Mobilizzi,Category,macelliere (introduttore bestiame),True,"The Category indicates a type of butcher, while the Profession is unrelated."
9661,De Biasio mons. Giuseppe,Cannaregio 5126,parroco,,Vendita e Mobilizzi,Category+Profession,,True,The Category 'parroco' (priest) contradicts the Profession 'Vendita e Mobilizzi' (sales and furnishings).
9663,De Bonis dr. Celestino,"Cannaregio 5126, S. Gregorio 339","Addetto ""Consigliere""",,Vendita e Mobilizzi,Category+Profession,,True,"The Category 'Addetto ""Consigliere""' (advisor) contradicts the Profession 'Vendita e Mobilizzi' (sales and furnishings)."
9664,De Col Andrea,Dorsoduro 2519,impianti frigoriferi,,Vendita e Mobilizzi,Category+Profession,,True,The Category 'impianti frigoriferi' (refrigeration systems) contradicts the Profession 'Vendita e Mobilizzi' (sales and furnishings).
9665,De Candido Giacomo,Cannaregio 5066,incisore,,Vendita e Mobilizzi,Category+Profession,,True,The Category 'incisore' (engraver) contradicts the Profession 'Vendita e Mobilizzi' (sales and furnishings).
9666,De Carli Aldo,Dorsoduro 2893,spedizioni e trasporti,,Vendita e Mobilizzi,Category+Profession,,True,The Category 'spedizioni e trasporti' (shipping and transport) contradicts the Profession 'Vendita e Mobilizzi' (sales and furnishings).
9667,De Carli Elissa,Cannaregio 1375,macelleria,,Vendita e Mobilizzi,Category+Profession,,True,The Category 'macelleria' (butchery) contradicts the Profession 'Vendita e Mobilizzi' (sales and furnishings).
9669,De Ceno Piedtre Romano,Cann. 116,har,,Vendita e Mobilizzi,Category+Profession,,True,The Category 'har' contradicts the Profession 'Vendita e Mobilizzi' (sales and furnishings).
9670,De Col Ferdinando,Cannaregio 552,pellami e cuolo,,Vendita e Mobilizzi,Category+Profession,,True,The Category 'pellami e cuolo' (leather and hides) contradicts the Profession 'Vendita e Mobilizzi' (sales and furnishings).
9671,De Colle Adelmo,S. Polo 785,orefaceri,,Vendita e Mobilizzi,Category+Profession,,True,The Category 'orefaceri' (goldsmithing) contradicts the Profession 'Vendita e Mobilizzi' (sales and furnishings).
9672,De Conti Ottone,San Marco 2770,antichità belle arti,,Vendita e Mobilizzi,Category+Profession,,True,The Category 'antichità belle arti' (antiques and fine arts) contradicts the Profession 'Vendita e Mobilizzi' (sales and furnishings).
9676,De Diana Guido,S. Marco 4423-A,Geometra,,Vendita e Mobilizzi,Category+Profession,Geometra,True,"The category indicates a surveyor, while the profession is unrelated."
9678,De Filippi Tito,Castello 4406,ingg.,,Vendita e Mobilizzi,Category+Profession,ingg.,True,"The category indicates engineering, while the profession is unrelated."
9681,De Fuoni Vettore,San Polo 2623,decoratore e pittore,,Vendita e Mobilizzi,Category+Profession,decoratore e pittore,True,"The category indicates a decorator and painter, while the profession is unrelated."
9683,De Galatea Cap. Francesco,San Marco numero 1324,Leva e Mobilitazione,,Vendita e Mobilizzi,Category+Profession,Leva e Mobilitazione,True,"The category indicates military service, while the profession is unrelated."
9696,De Gregorio dr. Savino,Cannaregio 3493,medicina generale,,Vendita e Mobilizzi,Category+Profession,,True,The Category indicates a medical profession while the Profession suggests a retail business.
9698,Dei Bc Aurelio,S. Marco 1083,Ragiionere,,Vendita e Mobilizzi,Category+Profession,,True,The Category indicates an accounting role while the Profession suggests a retail business.
9699,Dei Tani Angelo (Milani),San Marco 398,pittore,,Vendita e Mobilizzi,Category+Profession,,True,The Category indicates an artistic profession while the Profession suggests a retail business.
9700,Del Poli Anzoletti Maria,San Marco 1497,farmacista,,Vendita e Mobilizzi,Category+Profession,,True,The Category indicates a pharmaceutical profession while the Profession suggests a retail business.
9701,Del Polo dr. Eugenio,Castello numero 1847,medicina generale,,Vendita e Mobilizzi,Category+Profession,,True,The Category indicates a medical profession while the Profession suggests a retail business.
9703,Del Rossi Angelo,San Marco 1074,oggetti usati,,Vendita e Mobilizzi,Category+Profession,,True,The Category indicates a business related to used goods while the Profession suggests a retail business.
9704,Del Rossi Angelo,Cannaregio 190,materiale fotografico etc.,,Vendita e Mobilizzi,Category+Profession,,True,The Category indicates a business related to photographic materials while the Profession suggests a retail business.
9706,Del Rossi Giovanni,Cannaregio 5082,carbone e legna,,Vendita e Mobilizzi,Category+Profession,,True,The Category indicates a business related to coal and wood while the Profession suggests a retail business.
9709,Del Campo Francesco,S. Marco 2727,avv.,,Vendita e Mobilizzi,Category+Profession,,True,The Category indicates a legal profession while the Profession suggests a retail business.
9713,De Leonardi dr. Furio,Santa Croce 704-A,medicina generale,,Vendita e Mobilizzi,Category+Profession,,True,The Category indicates a medical profession while the Profession suggests a retail business.
9725,Dall’Aquio Lorenzo,Castello 1578,sarto da uomo,,Vendita e Mobilizzi,Category,sarto da uomo,True,"The category indicates a tailor, while the profession suggests a sales role."
9726,Della Santa Achille,S. Marco 2730,lavorazione doghe,,Vendita e Mobilizzi,Category,lavorazione doghe,True,"The category refers to wood processing, while the profession indicates a sales role."
9727,Dell’Antore Ruggero,Cannaregio 2780,bar,,Vendita e Mobilizzi,Category,bar,True,"The category indicates a bar, while the profession suggests a sales role."
9728,Dell’Olivo Giovanni,Cannaregio numero 2178-A,ingegnere,,Vendita e Mobilizzi,Category,ingegnere,True,"The category indicates an engineer, while the profession suggests a sales role."
9729,De Luca mons. Attilio,Cannaregio numero 2178-A,arciprete,,Vendita e Mobilizzi,Category,arciprete,True,"The category indicates a priest, while the profession suggests a sales role."
9731,Del Zenaro Romolo,Castello numero 3604,Pasticceria,,Vendita e Mobilizzi,Category,Pasticceria,True,"The category indicates a pastry shop, while the profession suggests a sales role."
9732,Del Zotto Luigia,S. Marco numero 2354,pasticceria,,Vendita e Mobilizzi,Category,pasticceria,True,"The category indicates a pastry shop, while the profession suggests a sales role."
9733,Deluiani Dino,S. Marco 1103,libreria,,Vendita e Mobilizzi,Category,libreria,True,"The category indicates a bookstore, while the profession suggests a sales role."
9734,Dell’Annia Antonio,Cannaregio 3088,impresa edile,,Vendita e Mobilizzi,Category,impresa edile,True,"The category indicates a construction company, while the profession suggests a sales role."
9736,Della Libe . Auguste,Castello 4384,caffè,,Vendita e Mobilizzi,Category,caffè,True,"The category indicates a café, while the profession suggests a sales role."
9749,De Marchi d.r. Vincenzo,S. Polo 55,ortopedico,,Vendita e Mobilizzi,Category,ortopedico,True,The Category indicates a medical profession while the Profession suggests a retail business.
9750,De Marco Maria,S Polo 2477,pasticceria,,Vendita e Mobilizzi,Category,pasticceria,True,The Category indicates a bakery profession while the Profession suggests a retail business.
9753,Demin Lugiia,S. Polo 2394,tipografia,,Vendita e Mobilizzi,Category,tipografia,True,The Category indicates a printing profession while the Profession suggests a retail business.
9754,De Mori d.r. Augusto,Castello 5376,medicina generale,,Vendita e Mobilizzi,Category,medicina generale,True,The Category indicates a general medicine profession while the Profession suggests a retail business.
9757,De Marco Tullio,San Polo 1479,osteria,,Vendita e Mobilizzi,Category,osteria,True,The Category indicates a restaurant profession while the Profession suggests a retail business.
9758,De Matta Ermenegildo,San Marco 1177,profumeria,,Vendita e Mobilizzi,Category,profumeria,True,The Category indicates a perfumery profession while the Profession suggests a retail business.
9759,De Micheli Giuseppe & C. S. A.,San Luca 4590,impianti condizionamento d'aria,,Vendita e Mobilizzi,Category,impianti condizionamento d'aria,True,The Category indicates an air conditioning installation profession while the Profession suggests a retail business.
9760,De Mini Achille,San Polo 129,frutta e verdura (grossista),,Vendita e Mobilizzi,Category,frutta e verdura (grossista),True,The Category indicates a wholesale fruit and vegetable profession while the Profession suggests a retail business.
9761,De Mini Giorgio & F.lli,"San Marco 1065,866",alimentari (dett),,Vendita e Mobilizzi,Category,alimentari (dett),True,The Category indicates a retail food profession while the Profession suggests a retail business.
9762,De Mini Giuseppe,Santa Croce 1109,alimentari (dett),,Vendita e Mobilizzi,Category,alimentari (dett),True,The Category indicates a retail food profession while the Profession suggests a retail business.
9774,Deipiera dr. arch. Ca'la,D. Duro 1259,impresa edile,,Vendita e Mobilizzi,Category,impresa edile,True,"The Category indicates a construction business while the Profession suggests sales, which are unrelated."
9776,De Pietri Tonelli prof. Alfonso,Castello 6066,"consigliere Istituto Univers. di Economia e Commerico, C'a Foscari",,Vendita e Mobilizzi,Category,"consigliere Istituto Univers. di Economia e Commerico, C'a Foscari",True,"The Category refers to a university advisor role, while the Profession indicates sales, which are unrelated."
9780,De Pra' Carlo,Rialto 502,osteria,,Vendita e Mobilizzi,Category,osteria,True,"The Category indicates a restaurant while the Profession suggests sales, which are unrelated."
9782,De Pra Nicola,Castello 5284,fabbro ferruic meccanico,,Vendita e Mobilizzi,Category,fabbro ferruic meccanico,True,"The Category indicates a blacksmith role while the Profession suggests sales, which are unrelated."
9783,De Rai Rinu,Castello 1958,pittunzionii industriali,,Vendita e Mobilizzi,Category,pittunzionii industriali,True,"The Category indicates industrial painting while the Profession suggests sales, which are unrelated."
9786,De Rossi dr. Achille,Dorsoduro 3818,malattie polmonari,,Vendita e Mobilizzi,Category,malattie polmonari,True,"The Category indicates a medical specialty while the Profession suggests sales, which are unrelated."
9787,De Rossi Andrea,Dorsoduro 3818,giornali (rivendita),,Vendita e Mobilizzi,Category,giornali (rivendita),True,"The Category indicates a newspaper resale business while the Profession suggests sales, which are unrelated."
9788,De Rossi Angelo,S. Polo 439,osteria,,Vendita e Mobilizzi,Category,osteria,True,"The Category indicates a restaurant while the Profession suggests sales, which are unrelated."
9817,D'Este Francesco,Cannaregio 4190,"Via Galuppi, Burano"," colori e vernici,  legnami e pali da costruzione",ferramenta metalli,Category+Role,ferramenta metalli,True,"The Category indicates a location while the Role suggests construction materials, which are unrelated to the Profession of hardware."
9823,D'Este cav. don Luigi,Castello 3312,S. Giovanni Decollato,,vicario,Profession,vicario,True,"The Profession indicates a religious role while the Category suggests a location, which are unrelated."
9989,Fabizi Jolanda,Cannaregio 2007,oreficeria,,ved. Bianchi,Category+Profession,oreficeria,True,"The category indicates a type of business (jewelry) while the profession refers to a personal name, creating a contradiction."
10018,Falciani Edgardo,San Marco 3534,Birreria,,panificio. SS.,Category+Profession,panificio. SS.,True,"The category indicates a brewery while the profession refers to a bakery, which are unrelated."
10019,Falcier Giovanni,San Marco 3534,pesca marittima,,panificio. SS.,Category+Profession,panificio. SS.,True,"The category indicates fishing while the profession refers to a bakery, which are unrelated."
10020,Falcier Sebastiano,san Marco numero 706,pellicceria,,panificio. SS.,Category+Profession,panificio. SS.,True,"The category indicates leather goods while the profession refers to a bakery, which are unrelated."
10022,Fancellini Emilio,Castello 5997-B,vini (commercio enologico),,panificio. SS.,Category+Profession,panificio. SS.,True,"The category indicates wine commerce while the profession refers to a bakery, which are unrelated."
10023,Fancellini Emilio,Castello numero 5997-B,vini (grossista),,panificio. SS.,Category+Profession,panificio. SS.,True,"The category indicates wholesale wine while the profession refers to a bakery, which are unrelated."
10028,Fano Giorgio,San Marco 350,alla Basilica d’Oro,,panificio. SS.,Category+Profession,panificio. SS.,True,"The category indicates a business related to the Basilica while the profession refers to a bakery, which are unrelated."
10031,Fano Ulrico,Cannaregio 5557,Combustibili solidi e liquidi,,panificio. SS.,Category,Combustibili solidi e liquidi,True,"The category indicates a type of fuel business, while the profession indicates a bakery."
10032,Fantinelli Renata,Santa Croce numero 466,pellicceria,,panificio. SS.,Category,pellicceria,True,"The category refers to a fur business, while the profession indicates a bakery."
10035,Fantoni S. A.,Cannaregio 4244,tipografia,,panificio. SS.,Category,tipografia,True,"The category refers to a printing business, while the profession indicates a bakery."
10036,Fantuzzi Angelo,Cann. 2338,profumeria,,panificio. SS.,Category,profumeria,True,"The category refers to a perfumery, while the profession indicates a bakery."
10037,Fantuzzi Angelo,Cannaregio 5790,pelletterie (negozio),,panificio. SS.,Category,pelletterie (negozio),True,"The category refers to a leather goods store, while the profession indicates a bakery."
10039,Far di Goffredo dr. Visconti,San Polo 2788,rappresentanze varie,,panificio. SS.,Category,rappresentanze varie,True,"The category refers to various representations, while the profession indicates a bakery."
10041,Farina Attilio,San Marco numero 5468,caffè (torrefazione),,panificio. SS.,Category,caffè (torrefazione),True,"The category refers to a coffee roasting business, while the profession indicates a bakery."
10043,Farinaotto Armando,D. Duro 3000,lucido da scarpe,,panificio. SS.,Category,lucido da scarpe,True,"The category refers to shoe polish, while the profession indicates a bakery."
10044,Farmaceutica Veneziana,San Marco 4090,prodotti chimici,,panificio. SS.,Category,prodotti chimici,True,"The category refers to chemical products, while the profession indicates a bakery."
10045,Farindustria di Frome Carlo,Cannaregio 1521,rappresentante prodotti chimici,,panificio. SS.,Category,rappresentante prodotti chimici,True,"The category refers to a representative of chemical products, while the profession indicates a bakery."
10046,Farnese Antonio,Cannaregio 1521,ferramenta e colori,,panificio. SS.,Category,ferramenta e colori,True,"The Category indicates a hardware and paint business, while the Profession indicates a bakery."
10049,Fasan Ermnia,Cann. 4855-A,tipografia,,panificio. SS.,Category,tipografia,True,"The Category indicates a printing business, while the Profession indicates a bakery."
10050,Fasan Federico,Cannaregio 1902-03,articoli casalinghi,,panificio. SS.,Category,articoli casalinghi,True,"The Category suggests household goods, while the Profession indicates a bakery."
10053,Fasoli Arturo,Cann. 440,pellami e cuoi.,,panificio. SS.,Category,pellami e cuoi,True,"The Category indicates leather goods, while the Profession indicates a bakery."
10058,Fassa Antonio,S. Polo 289,pesce (ingrosso),,panificio. SS.,Category,pesce (ingrosso),True,"The Category indicates wholesale fish, while the Profession indicates a bakery."
10060,Fassina F.lli,San Marco 1502,hotelgieria,,panificio. SS.,Category,hotelieria,True,"The Category suggests hospitality, while the Profession indicates a bakery."
10062,Fassola Adelchi,San Marco 2683,lavanderia e stireria,,panificio. SS.,Category,lavanderia e stireria,True,"The Category indicates laundry services, while the Profession indicates a bakery."
10064,Fasulo Fratelli,Cannaregio 2178-A,rappresentanti articoli in vetro,,panificio. SS.,Category,rappresentanti articoli in vetro,True,"The Category indicates glassware representation, while the Profession indicates a bakery."
10066,Fatin Giuseppe,Castello 5430,rappresentante prodotti chimici,,panificio. SS.,Category,rappresentante prodotti chimici,True,"The Category indicates chemical representation, while the Profession indicates a bakery."
10067,Fattovich dr. Giovanni,Rialto 199,Medico,,Tribunale dei Minorenni,Category+Profession,,True,The category indicates a medical profession while the profession refers to a clerical role.
10105,Ferrucci e C.,San Marco numero 111,Oggetti artistici,,parroco S. Maria del Rosario (Gesuitati),Category+Profession,,True,The category refers to artistic objects while the profession is a clerical role.
10106,Ferragamo Giuseppina,San Marco numero 111,Calzature,,parroco S. Maria del Rosario (Gesuitati),Category+Profession,,True,The category indicates footwear while the profession is a clerical role.
10108,Ferrazzati Marino,San Marco 279-280,Caffè,,parroco S. Maria del Rosario (Gesuitati),Category+Profession,,True,The category refers to coffee while the profession is a clerical role.
10109,Ferrari Giusti,Cannaregio 2883,Metalli usati,,parroco S. Maria del Rosario (Gesuitati),Category+Profession,,True,The category indicates used metals while the profession is a clerical role.
10110,Ferrarese Oreste,Via Meetrina 95,Sarto da uomo,,parroco S. Maria del Rosario (Gesuitati),Category+Profession,,True,The category refers to men's tailoring while the profession is a clerical role.
10111,Ferrarese cav. uff. don Tullio,Via Meetrina 95,Purroco San Polo Apostolo,,parroco S. Maria del Rosario (Gesuitati),Category+Profession,,True,The category indicates a parish role while the profession is a clerical role.
10112,Ferrari Carlo,"S. Marco 368.4982-5001.5361, Cannaregio 3882A",Tipografia; Cartoleria,,parroco S. Maria del Rosario (Gesuitati),Category+Profession,,True,The category refers to printing and stationery while the profession is a clerical role.
10113,Ferrari Emma,Cannaregio 1994,Perle,,parroco S. Maria del Rosario (Gesuitati),Category+Profession,,True,The category indicates pearls while the profession is a clerical role.
10114,Ferrari Ettore,San Marco 3396,Alimentari (dett.); Latteria,,parroco S. Maria del Rosario (Gesuitati),Category+Profession,,True,"The Category indicates a business type while the Profession indicates a religious role, which are unrelated."
10115,Ferrari F.lli,S. Felice 3783,Impresa edile,,parroco S. Maria del Rosario (Gesuitati),Category+Profession,,True,"The Category indicates a construction business while the Profession indicates a religious role, which are unrelated."
10117,Ferrari Giovanni,"S. Felice 3783, Salute 334",Avvocato,,parroco S. Maria del Rosario (Gesuitati),Category+Profession,,True,"The Category indicates a legal profession while the Profession indicates a religious role, which are unrelated."
10118,Ferrari Plinio,S. Marco 4548,Bar,,parroco S. Maria del Rosario (Gesuitati),Category+Profession,,True,"The Category indicates a bar business while the Profession indicates a religious role, which are unrelated."
10119,Ferrari Primo & Camata Narciso,Cannaregio 6096A,Impresa edile,,parroco S. Maria del Rosario (Gesuitati),Category+Profession,,True,"The Category indicates a construction business while the Profession indicates a religious role, which are unrelated."
10120,Ferrari Teresa,Cannaregio 3616,Carbone e legna (dettaglio),,parroco S. Maria del Rosario (Gesuitati),Category+Profession,,True,"The Category indicates a fuel business while the Profession indicates a religious role, which are unrelated."
10121,Ferrari Ferruccio,S. Marco 1322,Avvocato,,parroco S. Maria del Rosario (Gesuitati),Category+Profession,,True,"The Category indicates a legal profession while the Profession indicates a religious role, which are unrelated."
10122,Ferrara Giulia,Dorsoduro 183-E,Alimentari (dett.),,parroco S. Maria del Rosario (Gesuitati),Category+Profession,,True,"The Category indicates a food business while the Profession indicates a religious role, which are unrelated."
10123,Ferraro Luigi,Dorsoduro 1737-D,Mobili,,parroco S. Maria del Rosario (Gesuitati),Category+Profession,,True,"The Category indicates a furniture business while the Profession indicates a religious role, which are unrelated."
10124,Ferraro Pietro,"Dorsoduro 1737-D, S. Trovasso 2032",Avvocato,,parroco S. Maria del Rosario (Gesuitati),Category+Profession,,True,The Category 'Avvocato' (lawyer) contradicts the Profession 'parroco' (priest).
10125,Ferrero,San Marco 741.43,Confezioni,,parroco S. Maria del Rosario (Gesuitati),Category+Profession,,True,The Category 'Confezioni' (clothing) contradicts the Profession 'parroco' (priest).
10126,Ferretti Antonio,Cannaregio 4493,Rappresentanze di prodotti chimici,,parroco S. Maria del Rosario (Gesuitati),Category+Profession,,True,The Category 'Rappresentanze di prodotti chimici' (chemical representation) contradicts the Profession 'parroco' (priest).
10127,Ferretti Antonio,San Marco 220,Mobili (negozio); Cartoleria,,parroco S. Maria del Rosario (Gesuitati),Category+Profession,,True,The Category 'Mobili (negozio); Cartoleria' (furniture; stationery) contradicts the Profession 'parroco' (priest).
10128,Feria Filomena,Cannaregio 1383,Osteria,,parroco S. Maria del Rosario (Gesuitati),Category+Profession,,True,The Category 'Osteria' (tavern) contradicts the Profession 'parroco' (priest).
10129,Ferrigotto Umberto,Santa Croce 1002,Macelleria,,parroco S. Maria del Rosario (Gesuitati),Category+Profession,,True,The Category 'Macelleria' (butchery) contradicts the Profession 'parroco' (priest).
10130,Ferro d. Alessandro,S. Marco numero 1893,Pediatra,,parroco S. Maria del Rosario (Gesuitati),Category+Profession,,True,The Category 'Pediatra' (pediatrician) contradicts the Profession 'parroco' (priest).
10131,Ferro Angelica e Trattoria Piave,SS. Apostoli 4430,Trattoria,,parroco S. Maria del Rosario (Gesuitati),Category+Profession,,True,The Category 'Trattoria' (restaurant) contradicts the Profession 'parroco' (priest).
10132,Ferro Angelo,S. Marco 4882-34,Cappelleria,,parroco S. Maria del Rosario (Gesuitati),Category+Profession,,True,The Category 'Cappelleria' (hat shop) contradicts the Profession 'parroco' (priest).
10133,Ferro Annibale,S. Polo 1060,Lingerie e maglie-ig.,,parroco S. Maria del Rosario (Gesuitati),Category+Profession,,True,The Category 'Lingerie e maglie-ig.' (lingerie and hygiene shirts) contradicts the Profession 'parroco' (priest).
10134,Ferro Antonio,S. Croce 2048,Bottiglieria,,parroco S. Maria del Rosario (Gesuitati),Category,Bottiglieria,True,The category indicates a business type while the profession is unrelated.
10136,Ferro Clara,S. Polo 2198,Tappezziere,,parroco S. Maria del Rosario (Gesuitati),Category,Tappezziere,True,The category indicates a business type while the profession is unrelated.
10137,Ferro & C.,Cannaregio 3687,Specialità veneziane,,parroco S. Maria del Rosario (Gesuitati),Category,Specialità veneziane,True,The category indicates a business type while the profession is unrelated.
10138,Ferro Francesco,"Murano fnd. Navagero 75, S. Luca 4007",Avvocato,,parroco S. Maria del Rosario (Gesuitati),Category,Avvocato,True,The category indicates a business type while the profession is unrelated.
10140,Ferro Marco di Minetto Elena,S. Marco 5097,Mod.; Pellicerie,,parroco S. Maria del Rosario (Gesuitati),Category,Mod.; Pellicerie,True,The category indicates a business type while the profession is unrelated.
10141,Ferro Virginio,S. Marco 571,Bottiglieria,,parroco S. Maria del Rosario (Gesuitati),Category,Bottiglieria,True,The category indicates a business type while the profession is unrelated.
10142,Ferronato Massimo,Dorsoduro 2606,Aromi per dolci,,parroco S. Maria del Rosario (Gesuitati),Category,Aromi per dolci,True,The category indicates a business type while the profession is unrelated.
10143,Ferroni Franco,S. Marco 1341,Spedizioni e trasporti,,parroco S. Maria del Rosario (Gesuitati),Category,Spedizioni e trasporti,True,The category indicates a business type while the profession is unrelated.
10144,Ferusaci cav. Ferruccio,Dorsoduro 1369,Antichità belle arti,,parroco S. Maria del Rosario (Gesuitati),Category,Antichità belle arti,True,The category indicates a business type while the profession is unrelated.
10145,Ferruccio T.,S. Marco 873,Pietra artificiale,,parroco S. Maria del Rosario (Gesuitati),Category,Pietra artificiale,True,The category indicates a business type while the profession is unrelated.
10146,Fuzzusi S. A.,"S. Marco, calle del Tagliapietra 4899",Fotografa,,Articoli Tecnici,Category,Fotografa,True,"The Category indicates a photography business while the Profession refers to technical articles, which are unrelated."
10147,Ferronato Maddalena,D. Duro numero 2606,Ostetrica,,parroco S. Maria del Rosario (Gesuitati),Category,Ostetrica,True,Category is a real profession (midwife); Profession is known leaked contamination.
10148,Ferrari Giuseppe,S. Fantin 2351,Avvocato,,parroco S. Maria del Rosario (Gesuitati),Category+Profession,,True,"The Category indicates a legal profession while the Profession indicates a religious role, which are unrelated."
10149,Ferzusch Angelo,Castello 5779,pasticceria,,parroco S. Maria del Rosario (Gesuitati),Category,pasticceria,True,"The Category indicates a pastry business while the Profession refers to a religious role, which are unrelated."
10150,Fertiglio Olga,D. Duro 2090,cabbone e legna,,parroco S. Maria del Rosario (Gesuitati),Category,cabbone e legna,True,"The Category indicates a business related to wood and coal while the Profession refers to a religious role, which are unrelated."
10153,Fieri Scarpa Bolla Gina,Zattere numero 558,pittrice,,parroco S. Maria del Rosario (Gesuitati),Category,pittrice,True,"The Category indicates a painter while the Profession refers to a religious role, which are unrelated."
10155,Filippi Angela,Castello 4153,caffè,,parroco S. Maria del Rosario (Gesuitati),Category,caffè,True,"The Category indicates a coffee business while the Profession refers to a religious role, which are unrelated."
10156,Filippi Gino,S. Polo 1042,Geometra,,parroco S. Maria del Rosario (Gesuitati),Category,Geometra,True,"The Category indicates a surveyor while the Profession refers to a religious role, which are unrelated."
10157,Filippi Giovanni,Castello 5912,libreria,,parroco S. Maria del Rosario (Gesuitati),Category,libreria,True,"The Category indicates a bookstore while the Profession refers to a religious role, which are unrelated."
10158,Filippi Giovanni,S. Polo numero 1052,decoratore e pittore,,parroco S. Maria del Rosario (Gesuitati),Category,decoratore e pittore,True,"The Category indicates a decorator and painter while the Profession refers to a religious role, which are unrelated."
10159,Filippi Giovannini Filippo,"S. Croce, S. Giacomo dall’Orio 1391",medico chirurgo,,parroco S. Maria del Rosario (Gesuitati),Category,medico chirurgo,True,The Category indicates a medical profession while the Profession indicates a religious role.
10160,Filippi Tommaso,"S. Croce, S. Giacomo dall’Orio 1391",oggetti artistici,,parroco S. Maria del Rosario (Gesuitati),Category,oggetti artistici,True,The Category suggests an artistic business while the Profession indicates a religious role.
10161,Filippini Antonio,"S. Croce, S. Giacomo dall’Orio 1391",osteria,,parroco S. Maria del Rosario (Gesuitati),Category,osteria,True,The Category indicates a hospitality business while the Profession indicates a religious role.
10162,Finato & C.,S. Marco 1165,caffè,,parroco S. Maria del Rosario (Gesuitati),Category,caffè,True,The Category suggests a coffee business while the Profession indicates a religious role.
10164,Finco Pietro,Cann. 1861,sarta da uomo,,parroco S. Maria del Rosario (Gesuitati),Category,sarta da uomo,True,The Category indicates a tailoring business while the Profession indicates a religious role.
10166,Finocchiaro Francesco e C.,Cannaregio 514,frutta e vedura,,parroco S. Maria del Rosario (Gesuitati),Category,frutta e vedura,True,The Category suggests a fruit and vegetable business while the Profession indicates a religious role.
10167,Finocchiero dr. Pietro,Rialto 199,Giudice,,parroco S. Maria del Rosario (Gesuitati),Category,Giudice,True,The Category indicates a judicial profession while the Profession indicates a religious role.
10168,Finzi Aldo,Castello 6041,perito,,parroco S. Maria del Rosario (Gesuitati),Category,perito,True,The Category suggests an expert profession while the Profession indicates a religious role.
10169,Finzi cav. uff. Commissario,Castello 6041,," Ponte Storto, ",S. Filippo e Giacomo,Role,Ponte Storto,True,The Role does not align with the religious Profession.
10170,Fiorani Ancona,Cannaregio 1353,alimentari (dett.),,parroco S. Maria del Rosario (Gesuitati),Category,alimentari (dett.),True,The Category indicates a food retail business while the Profession indicates a religious role.
10171,Fioravanti Marino,S. Marco 484,Generatori Accellene Brevettati,,parroco S. Maria del Rosario (Gesuitati),Category,Generatori Accellene Brevettati,True,The category indicates a business type unrelated to the profession of a parish priest.
10173,Fiore Giovanni,"S. Marco 480, S. Maria Elisabetta 27",specialità veneziane,,parroco S. Maria del Rosario (Gesuitati),Category,specialità veneziane,True,The category indicates a business type unrelated to the profession of a parish priest.
10174,Fiore Cap. Umberto,San Polo 2128,Dirig. Uff. Srrvizio,,parroco S. Maria del Rosario (Gesuitati),Category,Dirig. Uff. Srrvizio,True,The category indicates a business type unrelated to the profession of a parish priest.
10175,Fiorentini Luisa,Castello numero 4406,fiori artificiali,,parroco S. Maria del Rosario (Gesuitati),Category,fiori artificiali,True,The category indicates a business type unrelated to the profession of a parish priest.
10176,Fiorentini cav. Pietro,Calle Larga San Marco 307,"oggetti artistici, fotografia",,parroco S. Maria del Rosario (Gesuitati),Category,"oggetti artistici, fotografia",True,The category indicates a business type unrelated to the profession of a parish priest.
10177,Fiorese cav. uff. Gaetano,San Silvestro 1088,Direttore Amm.,,parroco S. Maria del Rosario (Gesuitati),Category+Role,Direttore Amm.,True,The category indicates a business type unrelated to the profession of a parish priest.
10178,Fiorin Dante,Santa Croce 983,farmacista,,parroco S. Maria del Rosario (Gesuitati),Category,farmacista,True,The category indicates a business type unrelated to the profession of a parish priest.
10179,Fiorin Giovanni,Santa Croce 983,pittore,,parroco S. Maria del Rosario (Gesuitati),Category,pittore,True,The category indicates a business type unrelated to the profession of a parish priest.
10180,Fiorin Giovanni,San Polo 3128,dettaglio,,parroco S. Maria del Rosario (Gesuitati),Category,dettaglio,True,The category indicates a business type unrelated to the profession of a parish priest.
10182,Fiorin Pietro,San Polo 707,frutta e verdura,,parroco S. Maria del Rosario (Gesuitati),Category,frutta e verdura,True,The category indicates a business type unrelated to the profession of a parish priest.
10263,Franzin Mauro,Castello 6023,alimentari (dett.),,parroco S. Maria del Rosario (Gesuitati),Category+Profession,alimentari (dett.),True,"The Category indicates a type of business, while the Profession is a religious title."
10264,Franzoi Angela ved. Gasparini,Cannaregio 4659,in melleria,,parroco S. Maria del Rosario (Gesuitati),Category+Profession,in melleria,True,"The Category suggests a business type, while the Profession is a religious title."
10265,Franzoi Edoardo,Cannaregio 3379,fornaci da calce e laterizi,,parroco S. Maria del Rosario (Gesuitati),Category+Profession,fornaci da calce e laterizi,True,"The Category indicates a type of business, while the Profession is a religious title."
10266,Franzon Luigi,Castello numero 5292,mobili (negozio),,parroco S. Maria del Rosario (Gesuitati),Category+Profession,mobili (negozio),True,"The Category suggests a type of business, while the Profession is a religious title."
10267,Frare & C. Tonon (ditte),Cannaregio 4941,vetriere in genere e lampadari,,parroco S. Maria del Rosario (Gesuitati),Category+Profession,vetriere in genere e lampadari,True,"The Category indicates a type of business, while the Profession is a religious title."
10268,Fratellanza Operaia Coop. fra Carpentieri Calafati ed affinì Soc. Coop. a r. l.,Castello 98,per azioni,,fraganai,Category+Profession,per azioni,True,"The Category suggests a business structure, while the Profession is a specific occupation."
10270,Frattina Dott. co. Mario,"Campiello dietro la Chiesa 2623, S. Maurizio",delle Cliniche di Venezia,"Specialista Malattie Veneree e della Pelle, Consultazioni: ore 10 o 12,  e 15 • 18, ", Parigi,Category,delle Cliniche di Venezia,True,"The Category suggests a type of business, while the Role is a medical specialty."
10272,F. Fazzoli Odessa,"Campiello dietro la Chiesa 2623, S. Maurizio",Prefettura,,ostetrica,Profession,ostetrica,True,Profession is a real profession (midwife); Category is a leaked Location value (Prefettura).
10274,Fregan Giobatta,Cannaregio 3795,dolciumi (mag osso),,parroco S. Maria del Rosario (Gesuitati),Category,dolciumi (mag osso),True,"The Category indicates a type of business related to sweets, while the Profession indicates a religious role."
10275,Fregan Irene in Biondo,Castello 6247,caffè (esercizi),,parroco S. Maria del Rosario (Gesuitati),Category,caffè (esercizi),True,"The Category indicates a coffee business, while the Profession indicates a religious role."
10276,Fregon Ottavio,Castello 6247,barbiere,,parroco S. Maria del Rosario (Gesuitati),Category,barbiere,True,"The Category indicates a barber business, while the Profession indicates a religious role."
10277,Fregonese Aldo,S. Marco 4602,rappresentante apparecchi e materiale radio,,parroco S. Maria del Rosario (Gesuitati),Category+Profession,rappresentante apparecchi e materiale radio,True,"The Category indicates a representative role in radio equipment, while the Profession indicates a religious role."
10278,Fregonese Olga,S. Marco 1234-A,confezioni per bambini,,parroco S. Maria del Rosario (Gesuitati),Category,confezioni per bambini,True,"The Category indicates a business related to children's packaging, while the Profession indicates a religious role."
10279,Freguglia Armando,"S. Marco 1234-A, Via Pontinello 149",barbiere,,parroco S. Maria del Rosario (Gesuitati),Category,barbiere,True,"The Category indicates a barber business, while the Profession indicates a religious role."
10280,Frescura Gio. Maria,"S. Marco 1234-A, Via Pontinello 149",coltelli e arrotini,,parroco S. Maria del Rosario (Gesuitati),Category,coltelli e arrotini,True,"The Category indicates a business related to knives and sharpeners, while the Profession indicates a religious role."
10281,Frescura Mario,San Marco 2081,rappresentante prodotti chimici,,parroco S. Maria del Rosario (Gesuitati),Category,rappresentante prodotti chimici,True,"The Category indicates a representative role in chemical products, while the Profession indicates a religious role."
10283,Frette E. & C. S. A.,S. Marco 4030,tessuti filati,,parroco S. Maria del Rosario (Gesuitati),Category,tessuti filati,True,"The Category indicates a business related to fabrics and yarns, while the Profession indicates a religious role."
10284,Frezatto Amodeo,San Marco 3469,anticichità e libreria,,parroco S. Maria del Rosario (Gesuitati),Category+Profession,anticichità e libreria,True,"The Category indicates an antiques and bookstore business, while the Profession indicates a religious role."
10285,Frezing cav. Ferdinando,San Marco 3469,Direzione S. Lucia,,parroco S. Maria del Rosario (Gesuitati),Category+Profession,,True,"The Category indicates a business type while the Profession indicates a religious role, which are unrelated."
10286,Fribui Giovanni,San Marco 3469,Calvacavia,,parroco S. Maria del Rosario (Gesuitati),Category+Profession,,True,"The Category indicates a business type while the Profession indicates a religious role, which are unrelated."
10287,Friedenberg F.lli,Castello 6108,cereali (grossista e deposito),,parroco S. Maria del Rosario (Gesuitati),Category+Profession,cereali (grossista e deposito),True,"The Category indicates a business type while the Profession indicates a religious role, which are unrelated."
10288,Frigo Gemma,Cann. 3227,marmi,,parroco S. Maria del Rosario (Gesuitati),Category+Profession,marmi,True,"The Category indicates a business type while the Profession indicates a religious role, which are unrelated."
10289,Frisan Regina,Castello 5311,lavanderia e stireria,,parroco S. Maria del Rosario (Gesuitati),Category+Profession,lavanderia e stireria,True,"The Category indicates a business type while the Profession indicates a religious role, which are unrelated."
10290,Frisello Silvio,"Castello 5311, Duro Duro 273",barbiere,,parroco S. Maria del Rosario (Gesuitati),Category+Profession,barbiere,True,"The Category indicates a business type while the Profession indicates a religious role, which are unrelated."
10291,Frison Giovanni,"Castello 5311, Duro Duro 273",tabaccheria,,parroco S. Maria del Rosario (Gesuitati),Category+Profession,tabaccheria,True,"The Category indicates a business type while the Profession indicates a religious role, which are unrelated."
10292,Frison Giovanni,"Castello 5311, Duro Duro 273",Cavalcavia,,parroco S. Maria del Rosario (Gesuitati),Category+Profession,Cavalcavia,True,"The Category indicates a business type while the Profession indicates a religious role, which are unrelated."
10293,Frispon Napoleone,"Castello 5311, Duro Duro 273",Viale Miranese 98,,parroco S. Maria del Rosario (Gesuitati),Category+Profession,,True,"The Category indicates a business type while the Profession indicates a religious role, which are unrelated."
10294,Frisoudo Ulderico,Castello 393,radio (riparazioni),,parroco S. Maria del Rosario (Gesuitati),Category+Profession,radio (riparazioni),True,"The Category indicates a business type while the Profession indicates a religious role, which are unrelated."
10297,Frizziol Gustavo,San Marco 3063,materiale elettrico,,parroco S. Maria del Rosario (Gesuitati),Category,materiale elettrico,True,The Category indicates a business type while the Profession is unrelated.
10298,Frollo Elisa in Bettini,Cann. 4118,sarta,,parroco S. Maria del Rosario (Gesuitati),Category,sarta,True,The Category indicates a business type while the Profession is unrelated.
10299,Frollo Emmegildo,S. Polo 1536,oreficeria,,parroco S. Maria del Rosario (Gesuitati),Category,oreficeria,True,The Category indicates a business type while the Profession is unrelated.
10300,Fromentau Camilla Carmen,S. Marco 112,cartoleria,,parroco S. Maria del Rosario (Gesuitati),Category,cartoleria,True,The Category indicates a business type while the Profession is unrelated.
10301,Fromentau Carmen in Camilla,San Marco 112,oggetti artistici,,parroco S. Maria del Rosario (Gesuitati),Category,oggetti artistici,True,The Category indicates a business type while the Profession is unrelated.
10302,Fuga Ferdinando,Cannaregio 4876,terraglie,,parroco S. Maria del Rosario (Gesuitati),Category,terraglie,True,The Category indicates a business type while the Profession is unrelated.
10303,Fugagnolo Eugenio,Castello numéro 4314,cartoleria,,parroco S. Maria del Rosario (Gesuitati),Category,cartoleria,True,The Category indicates a business type while the Profession is unrelated.
10304,Fulgenzi Guido Giovanni,S. Marco 120,gelateria,,parroco S. Maria del Rosario (Gesuitati),Category,gelateria,True,The Category indicates a business type while the Profession is unrelated.
10306,Fulin Maria ved. Sitran,S. Polo 1588,caffè (esercizi),,parroco S. Maria del Rosario (Gesuitati),Category,caffè (esercizi),True,The Category indicates a business type while the Profession is unrelated.
10307,Fulin Cielo,S. Marco 375,bottiglieria,,parroco S. Maria del Rosario (Gesuitati),Category,bottiglieria,True,The Category indicates a business type while the Profession indicates a religious role.
10308,Fulin Fanny ved. De March,S. Marco 5529,bottiglieria,,parroco S. Maria del Rosario (Gesuitati),Category,bottiglieria,True,The Category indicates a business type while the Profession indicates a religious role.
10309,Fulin Nicolò bar,San Polo 61,bar,,parroco S. Maria del Rosario (Gesuitati),Category,bar,True,The Category indicates a business type while the Profession indicates a religious role.
10310,Fumagalli Credenzio,Cannaregio 2669-A,dolciumi (ingrosso),,parroco S. Maria del Rosario (Gesuitati),Category,dolciumi (ingrosso),True,The Category indicates a business type while the Profession indicates a religious role.
10311,Fumagalli Elvira,Cann. 2675,profumeria,,parroco S. Maria del Rosario (Gesuitati),Category,profumeria,True,The Category indicates a business type while the Profession indicates a religious role.
10312,Fumagalli Giuseppe,Cann. 2675,tabaccherìa,,parroco S. Maria del Rosario (Gesuitati),Category,tabaccherìa,True,The Category indicates a business type while the Profession indicates a religious role.
10313,Fumagalli Umberto,Cannaregio 934,rappresentanze varie,,parroco S. Maria del Rosario (Gesuitati),Category,rappresentanze varie,True,The Category indicates a business type while the Profession indicates a religious role.
10314,Fumato Antonia,S. Croce 395,ostetrica,,parroco S. Maria del Rosario (Gesuitati),Category,ostetrica,True,The Category indicates a business type while the Profession indicates a religious role.
10315,Funes Francesco,Santa Croce numero 1150,falegname,,parroco S. Maria del Rosario (Gesuitati),Category,falegname,True,The Category indicates a business type while the Profession indicates a religious role.
10316,Funes Nova Giuseppe,Cannaregio numero 5642,trattoria,,parroco S. Maria del Rosario (Gesuitati),Category,trattoria,True,The Category indicates a business type while the Profession indicates a religious role.
10317,Funivie Aeree Italiane Turistiche - FIAT -,San Marco 3348,autotrasporti,,parroco S. Maria del Rosario (Gesuitati),Category,autotrasporti,True,"The category indicates transportation, while the profession is a religious role."
10318,Furlan Antonia,S. Geremia 1348,sarta,,parroco S. Maria del Rosario (Gesuitati),Category,sarta,True,"The category indicates tailoring, while the profession is a religious role."
10319,Furlan Guido,S. Marco 2506,tappezziere c.,,parroco S. Maria del Rosario (Gesuitati),Category,tappezziere c.,True,"The category indicates upholstery, while the profession is a religious role."
10320,Furlan dr. Paride,Cannaregio 1506-M,commerciatista,,parroco S. Maria del Rosario (Gesuitati),Category,commerciatista,True,"The category indicates commerce, while the profession is a religious role."
10321,Furlanetto Giovanna,D. Duro 2271,carbone e legna (det. taglio),,parroco S. Maria del Rosario (Gesuitati),Category,carbone e legna (det. taglio),True,"The category indicates coal and wood cutting, while the profession is a religious role."
10322,Furlanetto Giuditta,Cann. 105,locanda,,parroco S. Maria del Rosario (Gesuitati),Category,locanda,True,"The category indicates an inn, while the profession is a religious role."
10323,Fusello Luigi,San Marco Mercerie S. Zulian 703-738,lanerie e seterie,,parroco S. Maria del Rosario (Gesuitati),Category,lanerie e seterie,True,"The category indicates wool and silk, while the profession is a religious role."
10324,Fuser Attilio,D. Duro 2899,alimentari (dett.),,parroco S. Maria del Rosario (Gesuitati),Category,alimentari (dett.),True,"The category indicates food retail, while the profession is a religious role."
10325,Fuser Guglielmo,D. Duro 3813,alimentari (dett.),,parroco S. Maria del Rosario (Gesuitati),Category,alimentari (dett.),True,"The category indicates food retail, while the profession is a religious role."
10326,Gabbiati Carlo,D. Duro 3813,frutta e verdura (grossista),,parroco S. Maria del Rosario (Gesuitati),Category,frutta e verdura (grossista),True,"The category indicates wholesale fruits and vegetables, while the profession is a religious role."
10327,Gabbiato Agnese,D. Duro numero 727,maniffatura e,,parroco S. Maria del Rosario (Gesuitati),Category,maniffatura e,True,"The category indicates a type of manufacturing, while the profession is a religious role."
10328,Gabbiato Maria,D. Duro numero 727,tabaccheria,,parroco S. Maria del Rosario (Gesuitati),Category,tabaccheria,True,"The category indicates a tobacco shop, while the profession is a religious role."
10329,Gabrielli Angela & C.,Cannaregio numero 5649,cartoleria,,parroco S. Maria del Rosario (Gesuitati),Category,cartoleria,True,"The category indicates a stationery shop, while the profession is a religious role."
10332,Gabrielli Pietro,S. Marco numero 2589,ricuperi marittimi,,parroco S. Maria del Rosario (Gesuitati),Category,ricuperi marittimi,True,"The category indicates maritime recovery, while the profession is a religious role."
10333,Gabrielli,S. Marco numero 2589,Riva Schiavoni,,parroco S. Maria del Rosario (Gesuitati),Category,Riva Schiavoni,True,"The category does not specify a business type, while the profession is a religious role."
10335,Gasparini cav. Ugo,S. Marco numero 2589,Reparto Compart. di Mobilitazione,,parroco S. Maria del Rosario (Gesuitati),Category,Reparto Compart. di Mobilitazione,True,"The category indicates a mobilization department, while the profession is a religious role."
10336,Guffi Giovanni,D. Duro 700,rappresentante generi alimentari,,parroco S. Maria del Rosario (Gesuitati),Category,rappresentante generi alimentari,True,"The category indicates a food representative, while the profession is a religious role."
10337,Gaggio Arturo,D. Duro 2932,macelleria,,parroco S. Maria del Rosario (Gesuitati),Category,macelleria,True,"The category indicates a butcher shop, while the profession is a religious role."
10338,Gaggio Cassinio & C. Succ. Bussolini,Giudecca Corte Grande 465,fiscoi dischi per la spremitura delle olive,,parroco S. Maria del Rosario (Gesuitati),Category,fiscoi dischi per la spremitura delle olive,True,"The category indicates a type of olive pressing equipment, while the profession is a religious role."
10339,Gaggio Erminia,S. Marco 3451,tappezziere,,parroco S. Maria del Rosario (Gesuitati),Category,tappezziere,True,"The category indicates an upholsterer, while the profession is a religious role."
10422,Gatti Lucia,Zattere 1397,, di Economia e Commercio,Istituto Univers,Role+Profession,,True,"The role does not specify a clear occupation, leading to a contradiction."
11013,Magni dott. Luciano,Castello 754,medico generale,,industria,Category+Profession,"medico generale, industria",True,The role of a general doctor does not align with the term 'industry'.
11015,Magrini Cesare,S. Lio 5653,avv.,,industria,Category+Profession,"avv., industria",True,The role of a lawyer does not align with the term 'industry'.
11016,Magrini Giorgio,S. Lio 5653,avv.,,industria,Category+Profession,"avv., industria",True,The role of a lawyer does not align with the term 'industry'.
11019,Magrini Paolo,S. Angelo 3870,avv.,,industria,Category+Profession,,True,The Category 'avv.' (lawyer) contradicts the Profession 'industria' (industry).
11020,Maier Alberto,Dorsoduro numero 960,rappresentante varie,,industria,Category+Profession,,True,The Category 'rappresentante varie' (various representative) contradicts the Profession 'industria' (industry).
11021,Mainardi Antonio,San Tomà 2361,apparecchi e materiale radio,,industria,Category+Profession,,True,The Category 'apparecchi e materiale radio' (radio equipment and materials) contradicts the Profession 'industria' (industry).
11022,Mainardi Giovanni,D. Duro 3411,barbiere,,industria,Category+Profession,,True,The Category 'barbiere' (barber) contradicts the Profession 'industria' (industry).
11023,Mainardi Leonardo,Santa Croce numero 611,terrazzano,,industria,Category+Profession,,True,The Category 'terrazzano' (terrace worker) contradicts the Profession 'industria' (industry).
11024,Mainardi Lido,Castello 6401,macelleria,,industria,Category+Profession,,True,The Category 'macelleria' (butchery) contradicts the Profession 'industria' (industry).
11025,Mainoldi Elvira,S. Polo 1015,rosticceria,,industria,Category+Profession,,True,The Category 'rosticceria' (rotisserie) contradicts the Profession 'industria' (industry).
11027,Maison Margherita di Battiston Arcangela,San Marco 1490,mode,,industria,Category+Profession,,True,The Category 'mode' (fashion) contradicts the Profession 'industria' (industry).
11078,Marabin Ottone,San Vio Fondamenta Bragadin 623,pittore,,industria,Category,pittore,True,Category indicates a painter while Profession is vague and non-specific.
11079,Marangon Celeste,Cannaregio numero 1223,alimentari (dott.),,industria,Category,alimentari (dott.),True,Category suggests a food-related business while Profession is vague and non-specific.
11080,Marangon Ettore vm,"S. Marco, numero 2258",Affitti Appartamenti,,industria,Category,Affitti Appartamenti,True,Category indicates property rentals while Profession is vague and non-specific.
11081,Marangon G.,Cannaregio numero 627,alimentari (dett.),,industria,Category,alimentari (dett.),True,Category suggests a food-related business while Profession is vague and non-specific.
11082,Marangoni Celeste,Cann. 2273-B,drogheria,,industria,Category,drogheria,True,Category indicates a grocery store while Profession is vague and non-specific.
11083,Marangoni rag. Domenico,S. Marco numero 2382-3,assicurazioni,,industria,Category,assicurazioni,True,Category indicates insurance while Profession is vague and non-specific.
11084,Marangoni Gianni,S. Marco numero 353,spedizioni e trasporti,,industria,Category,spedizioni e trasporti,True,Category indicates shipping and transport while Profession is vague and non-specific.
11085,Marangoni Guglielmo,S. Polo numero 1278,trattoria,,industria,Category,trattoria,True,Category indicates a restaurant while Profession is vague and non-specific.
11086,Marangoni gr. uff. ing. Luigi,Dorsoduro numero 178,Pres. Società degli Amici dei Monumenti,,industria,Category,Pres. Società degli Amici dei Monumenti,True,Category indicates a president of a society while Profession is vague and non-specific.
11087,Marasadi Bruno,Cann. 125,barbiere,,industria,Category,barbiere,True,Category indicates a barber while Profession is vague and non-specific.
11117,Marzuzzo rag. Santippo,Cannaregio 3931,Ospedale Civile,,Consigliere,Category+Profession,Ospedale Civile,True,"The category suggests a hospital, while the profession indicates a counselor, which is unrelated."
11212,Masetto Giuseppe,"S. Croce, Calculo della Regina 2344-B",Oggetti usati,, calcolatrice,Category+Profession,calcolatrice,True,"The category suggests used objects, while the profession indicates a calculator, which is unrelated."
11384,Mistron Luigi,San Polo Rio Terrà del Nomboli 2718,Tappzatore,, Lavorazione 'Acurata,Category+Profession,Tappzatore,True,The category and profession do not align in meaning.
11404,Molin Augusto,Castello 1727,," chincagliere, , , ", cartoleria,Role+Profession,chincagliere,True,The role and profession refer to different types of goods.
11506,Napello Natale,D. Duro 1252,," lane cot- ne,  fibre vegetali ed affini, ", spazzole,Role+Profession,spazzole,True,The role and profession refer to different types of products.
11523,Nason Angelo C. C.,S. Marco 468,," oggetti artistici, ", cartoleria,Role+Profession,cartoleria,True,The role and profession refer to different types of businesses.
11929,Perini Carlo,Cannaregio 3598,imprese ed appalti vari,,Titto,Category+Profession,,True,The category suggests a type of business while the profession is nonsensical.
11947,Pesenti di Giuliana,"Campo Arditi 523, 24",Biblioteca Marcinina,,Diret. agt.,Category+Role,,True,"The category indicates a library while the role suggests a director, which is not a contradiction but lacks clarity."
11950,Petendelli Luigi,Castello 1773-75,," profumeria, , ", giocattoli,Role+Profession,,True,"The role and profession are unrelated, one indicates a type of store and the other a toy."
11986,Piccini Giovanni,S. Croce 2262,, Esposizione Biennale Int. d’Arte,Capo uff. Amministr.,Role+Profession,,True,"The role refers to an art exhibition while the profession is an administrative position, which are unrelated."
12253,Rigattieri Renato,"S. Marco, Calle dei Fuseri 3535",vetri artistici," quadri, ditta, ", stampe,Category+Role+Profession,"vetri artistici, quadri, stampe",True,The role and profession do not align with the category of artistic glass.
12264,Riolfo Arnaldo & Vio Emilio,S. Croce numero 799,liquori,, frutta alimentari,Category+Profession,liquori,True,The profession does not match the category of liquors.
12268,Ristorante all’Angelo,Calle Larga San Marco 408,Cucina Tipica Veneziana," Lummeuto di Moda,  Arte e Spot, Conduttore R. Cacran, ", Grande Salone per banchetti e Rinfreschi,Category+Role+Profession,"Cucina Tipica Veneziana, Grande Salone per banchetti e Rinfreschi",True,The role and profession do not align with the category of typical Venetian cuisine.
12335,Romanelli Umberto,S. Marco 2663,ottico (commercio)," dischi, , ", radio,Category+Role+Profession,"ottico (commercio), dischi, radio",True,The role and profession do not align with the category of optical commerce.
12338,Romano dr. Alfonso,Lido Via Malamocco 41,veterinario,,Dirett. Macello Comunale,Category+Profession,veterinario,True,"The category indicates a veterinarian while the profession refers to a director of a municipal slaughterhouse, which are unrelated."
12357,Rosa Pietro & C.,Castello 3981,(grossista),,Fruttiera Francesco,Category+Profession,,True,"The category suggests a wholesaler, but the profession refers to a fruit seller, which are not directly related."
12377,Rossi Aldo,San Polo Cl. dei Saoneri numero 2739,"legnami e pali da costruzioni, (grossista)",,carbone e legna,Category+Profession,,True,"The category indicates construction materials while the profession refers to coal and wood, which are different trades."
12446,Ditta Giuseppe Ruffini,"S. Marco Mercerie, S. Salvador numero 4967",, Targhe - Distintivi - Medaglie,Fabbrica Timbri - Studio Incisioni,Role+Profession,,True,"The role refers to badges and medals while the profession is about stamp manufacturing, which are unrelated."
12449,"Nencig, Alliata Rag. Ignazio",Cann. 2251,, Prefettura,Divisione Ragioneria,Role+Profession,,True,"The role indicates a prefecture while the profession refers to accounting division, which are different fields."
12483,SAIBREM S. A.,"San Marco numero 4607., Various: Cannaregio 691",S. Croce 772," Lido, Via Malamocco 91., Introduet. Statiune ed esercizio malceleire, marcellerie, ",S. Marco,Category+Role,,True,"The category is unclear while the role lists various unrelated business activities, indicating a lack of coherence."
12486,SAIRS S., Via Paolucci 54.,,cilici e motocicli,Autotrasporti,Role+Profession,,True,"The role refers to bicycles and motorcycles while the profession is about transport, which are not directly aligned."
12505,SAE Societa Applicazioni Elettrotecniche,"San Lio, 3635",regolatori di temperatura,,San Lio,Category,regolatori di temperatura,True,Category is the real trade; Profession is a leaked parish name (San Lio).
12511,Salzagno Gino,Castello 1875,Commerciale,,sarta,Category+Profession,sarta,True,"The category 'Commerciale' suggests a business type, while 'sarta' indicates a specific profession that may not align with a commercial designation."
12516,Salvagno Pietro,Castello 2198,Commerciale,,falegname,Category+Profession,falegname,True,"The category 'Commerciale' suggests a business type, while 'falegname' indicates a specific profession that may not align with a commercial designation."
12518,Salvagno T.,Castello 4696,Commerciale,, fotografi,Category+Profession,fotografi,True,"The category 'Commerciale' suggests a business type, while 'fotografi' indicates a specific profession that may not align with a commercial designation."
12523,SALVI Soc. An. Lombardo Veneta,D. Duro 719,Commerciale,, acquisto fabbricati e aziende agricole,Category+Profession,acquisto fabbricati e aziende agricole,True,"The category 'Commerciale' suggests a business type, while the profession indicates a specific business activity that may not align with a general commercial designation."
12524,Salviati Rosa,D. Duro 3663,Commerciale,,sarta da uomo,Category+Profession,sarta da uomo,True,"The category 'Commerciale' suggests a business type, while 'sarta da uomo' indicates a specific profession that may not align with a commercial designation."
12526,Samassa dr. Ettore Antonio,San Polo 3082,Commerciale,,dr.,Category+Profession,dr.,True,"The category 'Commerciale' suggests a business type, while 'dr.' indicates a specific profession that may not align with a commercial designation."
12529,Sambo Angelo,Castello 4951,Commerciale,,Geom.,Category+Profession,Geom.,True,"The category 'Commerciale' suggests a business type, while 'Geom.' indicates a specific profession that may not align with a commercial designation."
12531,Sambo Giovanna,Castello 3583,Commerciale,,materassai,Category+Profession,materassai,True,"The category 'Commerciale' suggests a business type, while 'materassai' indicates a specific profession that may not align with a commercial designation."
12533,Sambo Lauretta Antonietta,Castello numero 4512,Commerciale,,farmacista,Category+Profession,farmacista,True,"The category 'Commerciale' suggests a business type, while 'farmacista' indicates a specific profession that may not align with a commercial designation."
12582,Sartori Amedeo,Castello 3825,macelleria,,"Lido, Via Malamocco 38",Category,,True,"The category indicates a type of business, while the profession does not match."
12845,S. A. Fabbrica Minio,"S. Marco 2516, Murano","cotellajuai, arrottini, minio",,illuminazione pubblica,Category,"cotellajuai, arrottini, minio",True,"The Category suggests multiple trades, while the Profession is unrelated."
12846,S. A. Fabbrica Telefero P. Ertter & C.,S. Marco 4390,biancheria e affini,,illuminazione pubblica,Category,biancheria e affini,True,"The Category indicates a type of goods, while the Profession is unrelated."
12847,S. A. Farmaceia d'Italia,Cannaregio 3823-A,"aricule sanitari, prodotti farmaceutieci",,illuminazione pubblica,Category,"aricule sanitari, prodotti farmaceutieci",True,"The Category refers to health products, while the Profession is unrelated."
12848,S. A. Ferdinando Rizzardo,S. Polo 1518-A,Industria sur- roggati cffe,,illuminazione pubblica,Category,Industria sur- roggati cffe,True,"The Category suggests a specific industry, while the Profession is unrelated."
12849,S. A. Ferramenta Metalli Utensili S.,"S. Polo 1518-A, Via XX Settembre 10",Met'e,,illuminazione pubblica,Category,Met'e,True,"The Category indicates a type of goods, while the Profession is unrelated."
12850,S. A. Ferranti Lorenzo,San Marco 2319,carbone legna,,illuminazione pubblica,Category,carbone legna,True,"The Category refers to fuel, while the Profession is unrelated."
12851,S. A. Ferro Toso Barovier,San Marco 2319,vetrate artistiche,,illuminazione pubblica,Category,vetrate artistiche,True,"The Category indicates a type of art, while the Profession is unrelated."
12852,S. A. Flli Salvadori,San Luca 4022,spedizioni e trasporti,,illuminazione pubblica,Category,spedizioni e trasporti,True,"The Category refers to logistics, while the Profession is unrelated."
12853,S. A. Forniture Approvvigionamenti «S. A. F. A. »,S. Marco 3318,autotrasporti,,illuminazione pubblica,Category,autotrasporti,True,"The Category indicates transportation services, while the Profession is unrelated."
12854,S. A. Galleria Cesana,"Castello 4391, S. Marco Ponte dei Consorzi",oggetti artistici,,illuminazione pubblica,Category,oggetti artistici,True,"The Category refers to art objects, while the Profession is unrelated."
12855,S. A. del Gas di Murano,"Castello 4391, S. Marco Ponte dei Consorzi",gas (industrie),,illuminazione pubblica,Category,gas (industrie),True,"The category indicates a gas industry, while the profession refers to public lighting, which is unrelated."
12857,S. A. Gestione Autorimesse,S. Marco 1841,c .i o noleggi,,illuminazione pubblica,Category,c .i o noleggi,True,"The category suggests car rentals, while the profession refers to public lighting, which is unrelated."
12860,S. A. Giurin Umberto & Figli,San Marco 2807,drogheria,,illuminazione pubblica,Category,drogheria,True,"The category indicates a grocery store, while the profession refers to public lighting, which is unrelated."
12861,S. A. Gradine,S. Marco 1219,società di assicurazioni,,illuminazione pubblica,Category,società di assicurazioni,True,"The category indicates an insurance company, while the profession refers to public lighting, which is unrelated."
12862,S. A. Impresa favori Navali ed affini,San Marco 1475,pic eletteggio e verniciatura piroscafi,,illuminazione pubblica,Category,pic eletteggio e verniciatura piroscafi,True,"The category suggests ship painting and varnishing, while the profession refers to public lighting, which is unrelated."
12863,S. A. Industria surrogati,Rialto numero 473,caffè (surrogati),,illuminazione pubblica,Category,caffè (surrogati),True,"The category indicates a coffee substitute business, while the profession refers to public lighting, which is unrelated."
12864,S. A. Infortuni Bocca di Pinz.,"Rialto numero 473, S. Ma n 4057",Assicurazioni,,illuminazione pubblica,Category,Assicurazioni,True,"The category indicates insurance, while the profession refers to public lighting, which is unrelated."
12865,S. A. Intrenotte Mangeri Adriatica,"Rialto numero 473, S. Ma n 4057","autotrasporti, spedizioni",,illuminazione pubblica,Category,"autotrasporti, spedizioni",True,"The category suggests transport and shipping, while the profession refers to public lighting, which is unrelated."
12868,S. A. Jessurun & C.,Castello numero 4310,merletti e ricami,,illuminazione pubblica,Category,merletti e ricami,True,"The category indicates lace and embroidery, while the profession refers to public lighting, which is unrelated."
12869,"S. A. La Luce » RA ""","Campo Marin 1222, S. Marco, San Sanele #S5","elttricità econo, nizatori",,illuminazione pubblica,Category+Profession,illuminazione pubblica,True,"The category suggests electrical services while the profession is public lighting, which may not align."
12870,S. A. L.'Area,"Campo Marin 1222, S. Marco, San Sanele #S5",,"Merceria Capitolio, , ",calzature,Role+Profession,calzature,True,"The role indicates a merceria (haberdashery) while the profession is footwear, which are different businesses."
12871,"S. A. Latteria Bianchari » SALB ""","Campo Marin 1222, S. Marco, San Sanele #S5",latte,,illuminazione pubblica,Category+Profession,illuminazione pubblica,True,"The category suggests dairy products while the profession is public lighting, which are unrelated."
12872,S. A. Lavorazione Casearia,San Lio 3988,contoi e casearia,,illuminazione pubblica,Category+Profession,illuminazione pubblica,True,"The category indicates dairy processing while the profession is public lighting, which do not match."
12873,S. A. Lapetti,Cannaregio 2202,prodotti farmaceutici,,illuminazione pubblica,Category+Profession,illuminazione pubblica,True,"The category suggests pharmaceutical products while the profession is public lighting, which are unrelated."
12874,S. A. Metallurerie Lombarda Piemontese,Cann. 3844,articoli casalinghi,,illuminazione pubblica,Category+Profession,illuminazione pubblica,True,"The category indicates household articles while the profession is public lighting, which do not align."
12875,S. A. Miato (Soe. a. R. l.),S. Marco numero 287,tessuti,,illuminazione pubblica,Category+Profession,illuminazione pubblica,True,"The category suggests fabrics while the profession is public lighting, which are unrelated."
12876,S. A. Moha,S. Polo 641,caffe,,illuminazione pubblica,Category+Profession,illuminazione pubblica,True,"The category indicates coffee while the profession is public lighting, which do not match."
12877,S. A. Officina e Cantieri di Venezia,S. Croce 1924,cantiere navale,,illuminazione pubblica,Category+Profession,illuminazione pubblica,True,"The category suggests shipyard while the profession is public lighting, which are unrelated."
12900,Soc. Cementi Armati Centrifugati G.C.A.C.,Cannaregio 2292,S. Fantin 1983-A,,illuminazione pubblica,Profession,illuminazione pubblica,True,Profession is the real service; Category is a leaked address fragment.
12901,Soc. Costruzioni di Ravan Polato R. e C.,Frari 2995,imprese edili,,Telef: ab. bigliamento,Category+Profession,ab. bigliamento,True,"Category indicates construction while Profession indicates clothing, which are unrelated."
13048,Società in N. coll. Servizi celeri Automobilistici,Cannaregio 4650,autorasporti,,Soc. in N. Coll. Filippo Campesan & F.llì,Category,autorasporti,True,"The category refers to automotive services, while the profession is a company name."
13050,Società Adriatica Ferramenta e Metalli S. A.F.E.M.,Castello 5886,ferramenta e metalli,,Azienda Idroelettrica,Category,ferramenta e metalli,True,"The category refers to hardware and metals, while the profession is unrelated."
13051,Società Agricola Agco. Sempl,S. Marco 181-A,acquisto fabbricati e aziende agricole,,Azienda Idroelettrica,Category,acquisto fabbricati e aziende agricole,True,"The category refers to agricultural real estate, while the profession is unrelated."
13052,Società Agricola Valli Immobili,S. Marco 410,comperavendita immobili,,Azienda Idroelettrica,Category,comperavendita immobili,True,"The category refers to real estate transactions, while the profession is unrelated."
13053,Società Articoli Casalinghi SACE,S. Marco numero 3442,rappresentante articoli casalinghi,,Azienda Idroelettrica,Category,rappresentante articoli casalinghi,True,"The category refers to a representative role, while the profession is unrelated."
13056,Società Commerciale Frutta e Verdura,Cann. 2292,frutta e verdura (grossista),,Società Cementi Armati Centrifugati,Category,frutta e verdura (grossista),True,"The category refers to wholesale fruits and vegetables, while the profession is unrelated."
13057,Società Coop. Luigi Luzzati,S. Polo 3080,Società immobiliari,,Società Cementi Armati Centrifugati,Category,Società immobiliari,True,"The category refers to real estate companies, while the profession is unrelated."
13058,Società Cooperativa di Consumo Postale telegrafo telefoni,S. Polo 3080,alimentari (dett.),,Società Cementi Armati Centrifugati,Category,alimentari (dett.),True,"The category refers to food retail, while the profession is unrelated."
13059,Società Cooperativa Costruzioni Meccaniche a.r.l.,Castello numero 42,impresa ed appalti vari,,Società Cementi Armati Centrifugati,Category+Profession,Società Cementi Armati Centrifugati,True,"The category suggests a general construction business while the profession specifies a cement company, indicating a mismatch."
13060,Società Cooperativa Lavoranti Trasporto Carni Macello Comunale,Cannaregio 683,macellazione,,Società Cementi Armati Centrifugati,Category+Profession,Società Cementi Armati Centrifugati,True,"The category indicates meat processing, but the profession refers to a cement company, which is unrelated."
13062,Società Costruzioni Alberghiere,Cannaregio 3062,costruzione e gestione alberghi,,Società Cooperativa Lavori e Recuperi Marittimi e Fluviali A. r. l.,Category+Profession,Società Cooperativa Lavori e Recuperi Marittimi e Fluviali A. r. l.,True,"The category refers to hotel construction and management, while the profession is about maritime and river recovery work, indicating a mismatch."
13063,Società Edison,Cann. 2382-B,accumulatori,,Società Cooperativa Lavori e Recuperi Marittimi e Fluviali A. r. l.,Category+Profession,Società Cooperativa Lavori e Recuperi Marittimi e Fluviali A. r. l.,True,"The category suggests electricity and hydraulics, but the profession is unrelated to these fields."
13064,Società Emiliana Costruzioni (S.E.G.C.),S. Maria del Giglio 2156,"Lavori Edili i cementi armati, Opere pubbliche",,Società Cooperativa Lavori e Recuperi Marittimi e Fluviali A. r. l.,Category+Profession,Società Cooperativa Lavori e Recuperi Marittimi e Fluviali A. r. l.,True,"The category indicates construction and public works, while the profession is unrelated, suggesting a mismatch."
13068,Società Imprese Africane,S. Polo 2999,autotrasporti,,Venezia,Category+Profession,Venezia,True,"The category refers to transport, while the profession is simply a city name, indicating a mismatch."
13071,Società Manutenzioni Impianti Termoeici,San Marco 2026,"mezzi S.M.L.T., elettricità idraulica e gas",,Società ITMA,Category+Profession,Società ITMA,True,"The category suggests electrical and hydraulic services, while the profession is unrelated, indicating a mismatch."
13075,Società per Esercizio Spettacoli,S. Marco 2012,cinema e agenzia noleggio film,,Società MARE,Category+Profession,Società MARE,True,"The category indicates cinema and film rental, while the profession is unrelated, suggesting a mismatch."
13105,Sparla Maria Franca,Rialto 429,,vini,ARTI GRAFICHE ESPERIA,Role,vini,True,The Role does not align with a clear profession.
13112,Sperl E.,Cannaregio 1956B,,"Negozi: Mercerie del Capitello 4151, Sottoportico delle Acque 568",ARTI GRAFICHE ESPERIA,Role,"Negozi: Mercerie del Capitello 4151, Sottoportico delle Acque 568",True,The Role describes a location rather than a profession.
13132,Stefani Marco,S. Polo 1454,rappresentante carboni,,ARTI GRAFICHE ESPERIA,Category,rappresentante carboni,True,"The category indicates a coal representative, while the profession is unrelated to that field."
13133,Stefani Mario,Castello 6342,tratto-ia,,ARTI GRAFICHE ESPERIA,Category,tratto-ia,True,The category suggests a trade that does not align with the profession listed.
13134,Stefanin Angelo,Cannaregio 4553,ferramenta e metalli,,ARTI GRAFICHE ESPERIA,Category,ferramenta e metalli,True,"The category refers to hardware and metals, which contradicts the unrelated profession."
13135,Stefanutti Augusto,Cannaregio 1689,comm. al'oglio,,ARTI GRAFICHE ESPERIA,Category,comm. al'oglio,True,The category indicates a type of commerce that does not match the profession.
13136,Stefanutti Stefano,Cannaregio 1374,abbigliamento,, pellic-erie manifatture fiutate,Category,abbigliamento,True,"The category refers to clothing, which is unrelated to the profession listed."
13137,Stella D'oro e Bella Vista,"S. Marco, Ponte Dai 848",albergo,,ARTI GRAFICHE ESPERIA,Category,albergo,True,"The category indicates a hotel, which contradicts the unrelated profession."
13138,Stella dr. Luigi,D. Duro 724,medicina generale,,ARTI GRAFICHE ESPERIA,Category,medicina generale,True,"The category refers to general medicine, which does not align with the profession."
13139,Stenavto Vittorio,D. Duro 724,articoli casalinghi,,ARTI GRAFICHE ESPERIA,Category,articoli casalinghi,True,"The category indicates household items, which contradicts the unrelated profession."
13140,Stevenato Attilio,S. Polo 724,barbiere,,ARTI GRAFICHE ESPERIA,Category,barbiere,True,"The category refers to barbering, which does not match the unrelated profession."
13141,Stevani Vittorio,Cannaregio 5595-A,fotografie (gabinetti di posa),,ARTI GRAFICHE ESPERIA,Category,fotografie (gabinetti di posa),True,"The category indicates photography, which contradicts the unrelated profession."
13142,Stifano Giovanni,D. Duro 3163,fabbro ferraio e meccanico,,ARTI GRAFICHE ESPERIA,Category,fabbro ferraio e meccanico,True,"The category indicates a blacksmith and mechanic, while the profession is unrelated."
13143,Stangherlin Stefano,S. Marco 2617,caffe (serezizi),,ARTI GRAFICHE ESPERIA,Category,caffe (serezizi),True,"The category refers to a café, while the profession is unrelated."
13144,Stocco Emilio,Cannaregio 2156,decoratore e pittore,,ARTI GRAFICHE ESPERIA,Category,decoratore e pittore,True,"The category indicates a decorator and painter, while the profession is unrelated."
13145,Stocco Giuseppe,D. Duro 3066,carbone e legna ingrosso (dettaglio),,ARTI GRAFICHE ESPERIA,Category,carbone e legna ingrosso (dettaglio),True,"The category refers to wholesale coal and wood, while the profession is unrelated."
13146,Storelli Domenico,Castello 3540,vini grossista,,ARTI GRAFICHE ESPERIA,Category,vini grossista,True,"The category indicates a wine wholesaler, while the profession is unrelated."
13147,Strabella Antonio,Castello 1252,osteria,,ARTI GRAFICHE ESPERIA,Category,osteria,True,"The category refers to an inn, while the profession is unrelated."
13148,Stradella Luigi,Giudecca 594,alimentari (dett.),,ARTI GRAFICHE ESPERIA,Category,alimentari (dett.),True,"The category indicates food retail, while the profession is unrelated."
13149,Stramabii Giovanni,S. Croce 2054,provveditore marittimo,,ARTI GRAFICHE ESPERIA,Category,provveditore marittimo,True,"The category refers to a maritime provider, while the profession is unrelated."
13150,Strasoler Angelo,Castello 1800,bottiglieria,,ARTI GRAFICHE ESPERIA,Category,bottiglieria,True,"The category indicates a liquor store, while the profession is unrelated."
13151,Stratimirovich,Cannaregio 2606,parrucchiere per signora,,ARTI GRAFICHE ESPERIA,Category,parrucchiere per signora,True,"The category refers to a women's hairdresser, while the profession is unrelated."
13164,Sutto Zefiero,Castello 4715,cartoleria,,ARTI GRAFICHE ESPERIA,Category,cartoleria,True,"The category indicates a stationery shop, while the profession suggests a graphic arts business."
13165,Svvàluz Cecilia,Giudecca 70,bottiglieria,,ARTI GRAFICHE ESPERIA,Category,bottiglieria,True,"The category indicates a liquor store, while the profession suggests a graphic arts business."
13166,Svaluto Cristoforo Moreolo,Cannaregio 3525,legnami e pali da costruzi,,ARTI GRAFICHE ESPERIA,Category,legnami e pali da costruzi,True,"The category indicates timber and construction poles, while the profession suggests a graphic arts business."
13167,S.V.I.E.,Cannaregio 3608,Soc. Veneta Impianti Elettrici e lettricit€: id-arulici,,ARTI GRAFICHE ESPERIA,Category,Soc. Veneta Impianti Elettrici e lettricit€: id-arulici,True,"The category indicates an electrical installation company, while the profession suggests a graphic arts business."
13169,Sahados Eugenio,San Luca 4097,spedizioni trasporti navigazione,,ARTI GRAFICHE ESPERIA,Category,spedizioni trasporti navigazione,True,"The category indicates shipping and transport, while the profession suggests a graphic arts business."
13174,Tagliapietra Luigi,Giudecca 599,Carbone e Legna (Dettaglio),,ARTI GRAFICHE ESPERIA,Category,Carbone e Legna (Dettaglio),True,"The category indicates coal and wood retail, while the profession suggests a graphic arts business."
13181,Tamburrin Cesira,S. Stefano 438,Sartoria e Confezioni per Signore,,ARTI GRAFICHE ESPERIA,Category,Sartoria e Confezioni per Signore,True,"The category indicates a ladies' tailoring and clothing shop, while the profession suggests a graphic arts business."
13182,Tamburin Pietro,Santa Croce 688,Colori e Vernici (Dettaglio),,ARTI GRAFICHE ESPERIA,Category,Colori e Vernici (Dettaglio),True,"The category indicates paints and colors retail, while the profession suggests a graphic arts business."
13187,Tasca Mario,San Marco 3463,"Mercerie, Filati e Affini",,ARTI GRAFICHE ESPERIA,Category,"Mercerie, Filati e Affini",True,"The category indicates haberdashery and yarns, while the profession suggests a graphic arts business."
13189,Tassan Giovanni,Cannaregio 5866,"Fiori, Piante e Sementi",,ARTI GRAFICHE ESPERIA,Category,"Fiori, Piante e Sementi",True,"The category indicates flowers, plants, and seeds, while the profession suggests a graphic arts business."
13246,Toaldo Nicolò,Cannaregio 4512,," filati, , ", confezioni,Role,filati,True,The role and profession do not align as they refer to different types of work.
13249,Todeschini Amedeo,S. Croce 295A,," e commercio), ",perle (lavoro,Role,e commercio,True,The role and profession do not align as they refer to different types of work.
13268,Tognon Bruno,Cannaregio 4005,," filanti, , ", confizioni,Role,filanti,True,The role and profession do not align as they refer to different types of work.
13299,Toppo Adriano,Castello 2648,Addizionatori," Agricole,  Utensili,  Enologiche,  da Scrivere,  ecc., , ", Macchine Contabili,Category+Role,"Addizionatori, Agricole, Utensili, Enologiche, da Scrivere",True,The category and role refer to different types of businesses and tools.
13317,,Castello 1497,,"VENEZIA - Via XXII Marzo, 2288 - Telefono 25-889",OCCASIONI - CAMBI - RICOMISSIONI - NOLEGGI,Role,"VENEZIA - Via XXII Marzo, 2288 - Telefono 25-889",True,The role and profession do not align as they refer to different types of work.
13417,Urbani Filippo,S. Marco 1280,caccia,, munizioni,Category+Profession,munizioni,True,Caccia (hunting) and munizioni (ammunition) are related but do not directly align as a single occupation.
13497,Venchierutti Antonio é Figli,"S. Marco n. 1324, 2899-53M",,"(fabbrica),  prodotti chimici,  carta da imqacco", saponi,Role+Profession,saponi,True,Fabbrica (factory) and soap production are not directly aligned as a single occupation.
13824,Zanon Ferruccio,"Rialto, 544",Importazione," Forniture Marittime per Alberghiere,  Albo Esportatori n. 81,  Ufficio Deposito"", "," ""Frutta e verdura",Category+Profession,Importazione,True,"The Category suggests a business type while the Profession indicates a specific trade, which are unrelated."
14102,Ferzusch Gio Batta,S. Polo numero 1726,farmacista,,parroco S. Maria del Rosario (Gesuitati),Category+Profession,,True,"The Category indicates a pharmacist while the Profession indicates a parish priest, which are unrelated occupations."
14104,Funes Marcella,Cann. 6374,profumeria,,parroco S. Maria del Rosario (Gesuitati),Category+Profession,,True,"The Category indicates a perfumery while the Profession indicates a parish priest, which are unrelated occupations."
14106,Gallinari Antonio,San Polo 1911,Antiche,,Cairampane trattoria,Category+Profession,,True,"The Category indicates antiques while the Profession indicates a trattoria, which are unrelated occupations."
14113,ZAGO E.LLI,Castello 2720,"Ritratti artistici, Lavori industriali",,"VENEZIA s. Focn, 1079",Category+Profession,,True,The Category indicates artistic portraits and industrial works while the Profession is unclear and unrelated.
14121,Longega Giuseppe,San Polo 1901,fabbro ferraio e meccanico,,industria,Category+Profession,,True,The Category indicates blacksmith and mechanic while the Profession is vague and unrelated.
14122,Lozzer Lodovico,Castello 2929,colori e vernici (dett.),,industria,Category+Profession,,True,The Category indicates paints and varnishes while the Profession is vague and unrelated.
14123,Magrini ing. Alberto,Cannaregio numero 6383,architetto,,industria,Category+Profession,,True,The Category indicates architect while the Profession is vague and unrelated.
14124,Malvestro Palmira,"Cannaregio, numero 6378",bottiglieria,,industria,Category+Profession,,True,The Category indicates a liquor store while the Profession is vague and unrelated.
14125,Manarin Guido,Dorsoduro 3553,pittore,,industria,Category+Profession,,True,The Category indicates painter while the Profession is vague and unrelated.
14126,Manaci Concetta,Castello 3043,carbonaio e legna (dettaglio),,industria,Category+Profession,,True,The Category indicates charcoal and wood while the Profession is vague and unrelated.
14196,Società Adriatica Medicinali S.A.M. di Carbon & Perldhon,Cannaregio 6125,articoli sanitari,,Azienda Idroelettrica,Category+Profession,,True,The Category and Profession refer to unrelated fields.
14197,Stefani Palmira,Castello 2908,carbone e legna (dettaglio),,ARTI GRAFICHE ESPERIA,Category+Profession,,True,The Category and Profession refer to unrelated fields.
14201,Tavolis Giuseppe,Castello 3211,"Mercerie, Filati e Affini",,ARTI GRAFICHE ESPERIA,Category+Profession,,True,The Category and Profession refer to unrelated fields.
14218,Zambron & Giavagn,Cannaregio 2975 A,well executives,,pozzî niedai,Category+Profession,,True,The Category and Profession refer to unrelated fields.
14221,Zara Emili,Cannaregio 6307,macchine sutenili nuove e do canzone,, tubi in ferro,Category+Profession,,True,The Category and Profession refer to unrelated fields.
14303,Ing. Guido Giacometti,Palazzo Bembo,,Membro,CIMITERI COMUNALI,Role+Profession,CIMITERI COMUNALI,True,The role 'Membro' does not align with the profession related to cemeteries.
14373,Fiorenti Pietro,Rio Terrà San Tomà,,Usciere,Archivio di Stato,Role,Usciere,True,"Role indicates a doorman while Profession refers to a state archive, which are unrelated."
14374,Sanna Salvatore,Rio Terrà San Tomà,,Portiere,Archivio di Stato,Role,Portiere,True,"Role indicates a doorman while Profession refers to a state archive, which are unrelated."
14375,DITTA Cav. G. PELLEGRINI,Campo S. Bartolomeo 5376 - Tel. 25-004,,ARCHIVIO NOTARILE REGIONALE,Archivio di Stato,Role,ARCHIVIO NOTARILE REGIONALE,True,"Role indicates a notarial archive while Profession refers to a state archive, which are unrelated."
14380,Ianna Carlo,"Palazzo Giovanelli, Santa Fosca 2292",,S. Donà di Piave,Presidente,Role,S. Donà di Piave,True,"Role indicates a location while Profession refers to a title, which are unrelated."
14381,Veronese Ing. Augusto,"Palazzo Giovanelli, Santa Fosca 2292",,Portogruaro,Presidente,Role,Portogruaro,True,"Role indicates a location while Profession refers to a title, which are unrelated."
14383,Stoppa dr. Romolo,"Palazzo Giovanelli, Santa Fosca 2292",,Cavarzere,Presidente,Role,Cavarzere,True,"Role indicates a location while Profession refers to a title, which are unrelated."
14866,Scalabrin Antonio,Accademia 878,,presso Fe.,Fid. Prov.,Role+Profession,Fid. Prov.,True,The role and profession are unrelated.
14890,Prof. Piero Lizier,"Palazzo Camerlenghi, Rialto",,Direttore responsabile,IL MATTINO DEL POPOLO,Role+Profession,Direttore responsabile,True,The role and profession are unrelated.
14891,Bollettino Diocesano,Calle Stagneri 5238,,Mons. Urbanà,Mensile,Role+Profession,Mons. Urbanà,True,The role and profession are unrelated.
14892,La Voce del Seminario,Calle Stagneri 5238,,Mons. Ettore Baressan,Bimestrale,Role+Profession,Mons. Ettore Baressan,True,The role and profession are unrelated.
15270,Da Nane,"Corte dell'Orso, San Bartolomeo 5495",trattoria,,Vendita e Mobilizzi,Category,trattoria,True,"The Category indicates a restaurant, while the Profession suggests a sales role, which is unrelated."
15271,Da Ros dir. ing. Sante,"Palazzo Giustinian, San Trovaso",professor,,Vendita e Mobilizzi,Category+Profession,Vendita e Mobilizzi,True,"The Category indicates a professor, while the Profession suggests a sales role, which is unrelated."
15272,Dazzi prof. Manlio Toport,"Accademia Belle Arti, Fondazione",insegnanter,,Segretario,Category+Profession,Segretario,True,"The Category indicates a teacher, while the Profession suggests a secretary, which are different roles."
15274,Del Giudice Brenno,Carmini numero 2534,architetto,,Vendita e Mobilizzi,Category+Profession,Vendita e Mobilizzi,True,"The Category indicates an architect, while the Profession suggests a sales role, which is unrelated."
15275,De Liberato cav. Giuseppe,Carmini numero 2534,Capo Sez. Uff. Dazio,,Vendita e Mobilizzi,Category+Profession,Vendita e Mobilizzi,True,"The Category indicates a customs chief, while the Profession suggests a sales role, which is unrelated."
15276,Del Mistro Antonio,San Rocco 3089,impresa edile,,Vendita e Mobilizzi,Category+Profession,Vendita e Mobilizzi,True,"The Category indicates a construction company, while the Profession suggests a sales role, which is unrelated."
15277,Della Toffola Angelo,Carmini 3499,murari,,Vendita e Mobilizzi,Category+Profession,Vendita e Mobilizzi,True,"The Category indicates masons, while the Profession suggests a sales role, which is unrelated."
15279,Derlin Vitto1io,Calle dei Fabbri,carbone e legna (dettaglio),,Vendita e Mobilizzi,Category+Profession,Vendita e Mobilizzi,True,"The Category indicates coal and wood, while the Profession suggests a sales role, which is unrelated."
15280,AGENZIA P. BORTOLUZZI,"Venezia - San Luca, 4182",Affitti," Amministrazione,  case e terreni,  Beni Immobili"", , , ", Compra-vendita,Category+Role,Compra-vendita,True,"The Category indicates rentals, while the Role suggests administration, which are different business focuses."
15282,Fantin Giuseppe,Rialto pont. 1,fiori,,panificio. SS.,Category+Profession,,True,The Category 'fiori' (flowers) contradicts the Profession 'panificio' (bakery).
15283,Fantin Luigi,Campo S. Salvador,fiori,,panificio. SS.,Category+Profession,,True,The Category 'fiori' (flowers) contradicts the Profession 'panificio' (bakery).
15284,Faranto Pietro & Nipote,Zattere 1941,trasporti marittimi fluviali e terrestri,,panificio. SS.,Category+Profession,,True,The Category 'trasporti marittimi fluviali e terrestri' (transport) contradicts the Profession 'panificio' (bakery).
15285,Fasolato (Magazzini) di Eligio Fedel,San Bartolomeo 5545,stoffe per mobili,,panificio. SS.,Category+Profession,,True,The Category 'stoffe per mobili' (furniture fabrics) contradicts the Profession 'panificio' (bakery).
15292,Ferro Ing. Umberto,S. Fosca numero 2253,Impresa edile,,parroco S. Maria del Rosario (Gesuitati),Category+Profession,,True,The Category 'Impresa edile' (construction company) contradicts the Profession 'parroco' (priest).
15293,Fiocco dr. Gio Batta,Santa Marina 6041,dermosifilopata,,parroco S. Maria del Rosario (Gesuitati),Category+Profession,,True,The Category 'dermosifilopata' (dermatologist) contradicts the Profession 'parroco' (priest).
15295,Fiorin Giovanni,S. Bartolomeo 5833,caffè,,(interno Municipio),Category+Profession,,True,The Category 'caffè' (coffee) contradicts the Profession '(interno Municipio)' (inside municipality).
15307,Franzonii Luciano Soc. An.,Fond. S. Severo 5004,Trasporti marittimi fluviali e terrestri,,parroco S. Maria del Rosario (Gesuitati),Category,Trasporti marittimi fluviali e terrestri,True,The Category indicates a transport business while the Profession refers to a religious role.
15308,Fratelli Guadalupi di Carmelo,Campo Manin 4258,vini (grossisti),,parroco S. Maria del Rosario (Gesuitati),Category,vini (grossisti),True,The Category indicates a wine wholesale business while the Profession refers to a religious role.
15310,Fugetta Luigi,Riva del Carbon 4640,trasporti marittimi fluviali e terrestri,,parroco S. Maria del Rosario (Gesuitati),Category,trasporti marittimi fluviali e terrestri,True,The Category indicates a transport business while the Profession refers to a religious role.
15312,Furlanetto Aldo S. A.,SS. Giov. e Paolo 6270,impianti di riscaldamento,,parroco S. Maria del Rosario (Gesuitati),Category,impianti di riscaldamento,True,The Category indicates a heating installation business while the Profession refers to a religious role.
15314,Gaggio Adele,S. Alvise 3240,sarta,,parroco S. Maria del Rosario (Gesuitati),Category,sarta,True,The Category indicates a tailoring business while the Profession refers to a religious role.
15363,Londra e Bella Riva,Riva Schiavoni,albergo e ristorante,,industria,Category,albergo e ristorante,True,The Category indicates a hospitality business while the Profession refers to a general industry term.
15364,Lorenzetti Silvio,Carmini 3449,architetto,,industria,Category,architetto,True,"The category indicates an architect while the profession suggests a general industry, which are unrelated."
15366,Lugaresi prof. dr. Ottavio,S. Canciano 6000,Rettore Istituto Italiano Bava,,industria,Category,Rettore Istituto Italiano Bava,True,"The category indicates a rector position while the profession suggests a general industry, which are unrelated."
15369,Maestri Romeo,"S. Moisè, 2053",Articoli imballaggi di cellulosa,,industria,Category,Articoli imballaggi di cellulosa,True,"The category indicates packaging articles while the profession suggests a general industry, which are unrelated."
15370,Magazzini Fasolato di Egidio Fedi,"S. Bartolomeo, 5845",," Cortinaggi, , ", Tappeti,Role+Profession,Tappeti,True,"The role suggests curtains while the profession indicates carpets, which are unrelated."
15373,Marangoni Giorgio,San Fantin 1865,avv.,,industria,Category,avv.,True,"The category indicates a lawyer while the profession suggests a general industry, which are unrelated."
15505,Scattolin dr. Angelo,Ca’ d’Oro 597-A,architetto,,dott.,Category+Profession,architetto,True,"The Category indicates an architect while the Profession suggests a doctor, which are unrelated occupations."
15511,S. A. Autonoleggi Borin,Piazzale Roma,automoleggio,,illuminazione pubblica,Category+Profession,,True,"The Category indicates a car rental service while the Profession refers to public lighting, which are unrelated."
15512,S. A. Lavorazione Forestali,Campo Manin 1222,industria bostchiva,,illuminazione pubblica,Category+Profession,,True,"The Category indicates a forestry industry while the Profession refers to public lighting, which are unrelated."
15523,Succ. P. Granzotto di Amilcare Menegazzi,"S. Aponai, Palazzo Bernardo 1321",Ingrosso Maglierie," Fazzoletti,  Tessuti, , , ", Calze,Category+Role,Calze,True,The Category indicates a wholesale of knitwear while the Role lists specific items that do not align with the wholesale nature.
15524,Succ. Silvio Gisso di Omenici Aldo,"S. Aponai, Palazzo Bernardo 1321",spedizioni e trasporti,,ARTI GRAFICHE ESPERIA,Category+Profession,ARTI GRAFICHE ESPERIA,True,"The Category indicates shipping and transport while the Profession refers to graphic arts, which are unrelated."
15525,Tabacco Giuilano,"Rialto, Riva del Carbon 4543",Tipografia,,ARTI GRAFICHE ESPERIA,Category+Profession,ARTI GRAFICHE ESPERIA,True,"The Category indicates a printing business while the Profession refers to graphic arts, which are unrelated."
15797,Da Venezia Eugenio,S. Croce 1297,pittore,,Vendita e Mobilizzi,Category,pittore,True,"The category indicates a painter, while the profession suggests a sales role."
15798,Dazzo Gaetano,D. Polo 3841,alimentari (dett.),,Vendita e Mobilizzi,Category,alimentari (dett.),True,"The category indicates a food retailer, while the profession suggests a sales role."
15800,De Appollonia Ettore,San Marco 880,iucoperi navali,,Vendita e Mobilizzi,Category,iucoperi navali,True,"The category indicates naval covers, while the profession suggests a sales role."
15801,De Battista Maria,S. Marco 2345-A,lavandoria e steria,,Vendita e Mobilizzi,Category,lavandoria e steria,True,"The category indicates laundry and ironing, while the profession suggests a sales role."
15803,De Bei Umberto,"S. Marco 2345-A, S. Luca 4149",Consigliere Municipale,,Vendita e Mobilizzi,Category,Consigliere Municipale,True,"The category indicates a municipal councilor, while the profession suggests a sales role."
15804,De Col Pietro,S. Polo numero 381,alimentari (dett.),,Vendita e Mobilizzi,Category,alimentari (dett.),True,"The category indicates a food retailer, while the profession suggests a sales role."
15805,Dej Bei Mario,Castello numero 5187,orefacreia,,Vendita e Mobilizzi,Category,orefacreia,True,"The category indicates a goldsmith, while the profession suggests a sales role."
15806,Deidda dr. Antonio,Castello numero 5187,Ispettore Capo l'Uffcio visite,,Vendita e Mobilizzi,Role,Ispettore Capo l'Uffcio visite,True,"The role indicates an inspector, while the profession suggests a sales role."
15807,Delanges Francesco,Castello 4441,rappresentante generale alimentari,,Vendita e Mobilizzi,Category,rappresentante generale alimentari,True,"The category indicates a general food representative, while the profession suggests a sales role."
15808,Del Ben Tecnol Elena,San Marco numero 4937,libreria,,Vendita e Mobilizzi,Category,libreria,True,"The category indicates a bookstore, while the profession suggests a sales role."
15809,Dell'Antone Rita,D. Duro 2008,macelleria,,Vendita e Mobilizzi,Category,macelleria,True,"The Category indicates a butcher shop, while the Profession suggests a different business type."
15810,De Luca Ernesto,S. Marco numero 1499,calzaturificio,,Vendita e Mobilizzi,Category,calzaturificio,True,"The Category indicates a shoe factory, while the Profession suggests a different business type."
15816,Forlanis dott. Milio,"Via Canibiadi 1754,Cannaregio S. Canalono 5004",Specialista,,parroco S. Maria del Rosario (Gesuitati),Category+Profession,parroco S. Maria del Rosario (Gesuitati),True,The Category 'Specialista' does not align with the Profession of a parish priest.
15817,Ferrucci di Donadino,S. Marco numero 1418,Oggetti artistici,,parroco S. Maria del Rosario (Gesuitati),Category+Profession,parroco S. Maria del Rosario (Gesuitati),True,The Category 'Oggetti artistici' does not align with the Profession of a parish priest.
15818,Fiduciaria Gestioni,S. Marco 1216,compra-vendita immobili,,parroco S. Maria del Rosario (Gesuitati),Category+Profession,parroco S. Maria del Rosario (Gesuitati),True,The Category 'compra-vendita immobili' does not align with the Profession of a parish priest.
15819,Filippini Giuseppe,D. Duro numero 3169,calzaturificio,,parroco S. Maria del Rosario (Gesuitati),Category+Profession,parroco S. Maria del Rosario (Gesuitati),True,The Category 'calzaturificio' does not align with the Profession of a parish priest.
15820,Filippini ten. col. Giovanni,D. Duro numero 3169,Capo Gruppo Regionale,,parroco S. Maria del Rosario (Gesuitati),Category+Profession,parroco S. Maria del Rosario (Gesuitati),True,The Category 'Capo Gruppo Regionale' does not align with the Profession of a parish priest.
15822,Gaggio Antonio di Dall'Acqua F.,San Marco 5014,tessuti filati,,parroco S. Maria del Rosario (Gesuitati),Category+Profession,parroco S. Maria del Rosario (Gesuitati),True,The Category 'tessuti filati' does not align with the Profession of a parish priest.
15823,Gaggio Elsa,Cannaregio 1677,sarta,,parroco S. Maria del Rosario (Gesuitati),Category+Profession,parroco S. Maria del Rosario (Gesuitati),True,The Category 'sarta' does not align with the Profession of a parish priest.
15937,S.A. Costruzioni Cement Comprehes,S. Vio 614.A,cement con- truction e mandauti di calce,,illuminazione pubblica,Category+Profession,illuminazione pubblica,True,"The category suggests construction while the profession indicates public lighting, which are unrelated."
15949,Succ. Ettore Patessio,D. Duro 1505,elettricita idraulica e gas,,ARTI GRAFICHE ESPERIA,Category,,True,The Category refers to utilities while the Profession is related to graphic arts.
15950,Suppepi Giorgio,S. Marco 254,avv.,,ARTI GRAFICHE ESPERIA,Category,,True,The Category indicates a legal profession while the Profession is related to graphic arts.
15976,Vecchi prof. Alessandro,S. Marco 5496,disegnatore,Palazzo Ducale, Medioevali e Moderni del Veneto Orientale,Role,Palazzo Ducale,True,The Role is a location title while the Profession refers to a specific artistic style.
16049,Francesco Baldassari,"Palazzo del Governo - S. Maurizio, fondamenta Zaguri 2662",,GIUNTA PROV. AMMINISTRATIVA,esperto elettrotecnico,Category+Role,esperto elettrotecnico,True,The role suggests a governmental position while the profession indicates a technical trade.
16052,Ing. Pietro Scheiari,"Palazzo del Governo - S. Maurizio, fondamenta Zaguri 2662",,Membro supplente,esperto elettrotecnico,Category+Role,esperto elettrotecnico,True,The role suggests a governmental position while the profession indicates a technical trade.
16085,Pr. Ettore Da Molin,Via XXII Marzo n. 2834,,Presidente,Padova,Role+Profession,Padova,True,The Role and Profession do not relate to the same field.
16161,Albanese gr. uff. Giovanni,Ponte della Canonica,,Avvocato dello Stato,Archivio di Stato,Role,Avvocato dello Stato,True,"The Role indicates a legal profession while the Profession refers to a state archive, which is unrelated."
16162,Di Filippo comm. Antenore,Ponte della Canonica,,Vice Avvocato dello Stato,Archivio di Stato,Role,Vice Avvocato dello Stato,True,"The Role indicates a legal profession while the Profession refers to a state archive, which is unrelated."
16163,Nista avv. Armando,Ponte della Canonica,,Sostituto Avvocato dello Stato,Archivio di Stato,Role,Sostituto Avvocato dello Stato,True,"The Role indicates a legal profession while the Profession refers to a state archive, which is unrelated."
16164,Borgo cav. dr. Mario,Ponte della Canonica,,Aggiunto di Procura,Archivio di Stato,Role,Aggiunto di Procura,True,"The Role indicates a legal profession while the Profession refers to a state archive, which is unrelated."
16230,Gramaglia Giusepp,Via Manin,,colori e vernici,Società in NOME COLLETTIVO,Role+Profession,colori e vernici,True,"Role suggests a type of product while Profession indicates a business structure, which are unrelated."
