page,page_num,n_runs_found,n_valid_runs,winner_filename,selection_method,winner_score,scores_tied,reason,all_scores,single_run_flag,ocr_file_found,timestamp
page_1,1,3,3,page_1_semantic_3.csv,SCORE_TIED_RECENCY,0.0,True,tied(gap=0.00)_recency(2026-05-07),page_1_semantic_1.csv=0.00; page_1_semantic_2.csv=0.00; page_1_semantic_3.csv=0.00,False,True,2026-06-28T20:11:37.597263
page_2,2,3,3,page_2_semantic_3.csv,SCORE_TIED_RECENCY,0.0,True,tied(gap=0.00)_recency(2026-05-07),page_2_semantic_1.csv=0.00; page_2_semantic_2.csv=0.00; page_2_semantic_3.csv=0.00,False,True,2026-06-28T20:11:46.308681
page_3,3,3,3,page_3_semantic_3.csv,SCORE_TIED_RECENCY,75.85,True,tied(gap=0.00)_recency(2026-05-07),page_3_semantic_1.csv=75.85; page_3_semantic_2.csv=75.85; page_3_semantic_3.csv=75.85,False,True,2026-06-28T20:11:54.876355
page_4,4,3,3,page_4_semantic_3.csv,SCORE_CLEAR,80.04,False,score_gap(80.04_vs_79.32),page_4_semantic_1.csv=79.32; page_4_semantic_2.csv=79.32; page_4_semantic_3.csv=80.04,False,True,2026-06-28T20:12:03.018713
page_5,5,3,3,page_5_semantic_2.csv,SCORE_TIED_RECENCY,75.5,True,tied(gap=0.00)_recency(2026-05-07),page_5_semantic_1.csv=75.50; page_5_semantic_2.csv=75.50; page_5_semantic_3.csv=73.97,False,True,2026-06-28T20:12:10.954173
page_6,6,3,3,page_6_semantic_3.csv,SCORE_TIED_RECENCY,0.0,True,tied(gap=0.00)_recency(2026-05-07),page_6_semantic_1.csv=0.00; page_6_semantic_2.csv=0.00; page_6_semantic_3.csv=0.00,False,True,2026-06-28T20:12:19.429180
page_7,7,3,3,page_7_semantic_3.csv,SCORE_TIED_RECENCY,0.0,True,tied(gap=0.00)_recency(2026-05-07),page_7_semantic_1.csv=0.00; page_7_semantic_2.csv=0.00; page_7_semantic_3.csv=0.00,False,True,2026-06-28T20:12:27.499642
page_8,8,3,3,page_8_semantic_3.csv,SCORE_TIED_RECENCY,0.0,True,tied(gap=0.00)_recency(2026-05-07),page_8_semantic_1.csv=0.00; page_8_semantic_2.csv=0.00; page_8_semantic_3.csv=0.00,False,True,2026-06-28T20:12:38.229759
page_9,9,3,3,page_9_semantic_3.csv,SCORE_TIED_RECENCY,0.0,True,tied(gap=0.00)_recency(2026-05-07),page_9_semantic_1.csv=0.00; page_9_semantic_2.csv=0.00; page_9_semantic_3.csv=0.00,False,True,2026-06-28T20:12:48.166418
page_10,10,3,3,page_10_semantic_2.csv,SCORE_CLEAR,80.84,False,score_gap(80.84_vs_80.11),page_10_semantic_1.csv=80.11; page_10_semantic_2.csv=80.84; page_10_semantic_3.csv=76.96,False,True,2026-06-28T20:12:58.137676
page_11,11,3,3,page_11_semantic_3.csv,SCORE_TIED_RECENCY,74.44,True,tied(gap=0.00)_recency(2026-05-07),page_11_semantic_1.csv=74.44; page_11_semantic_2.csv=74.44; page_11_semantic_3.csv=74.44,False,True,2026-06-28T20:13:07.523402
page_12,12,3,1,page_12_semantic_3.csv,SCORE_CLEAR,70.24,False,only_valid_run(score=70.24),page_12_semantic_1.csv=65.00; page_12_semantic_2.csv=65.00; page_12_semantic_3.csv=70.24,False,True,2026-06-28T20:13:15.520447
page_13,13,2,2,page_13_semantic_2.csv,SCORE_TIED_RECENCY,72.54,True,tied(gap=0.00)_recency(2026-05-11),page_13_semantic_1.csv=72.54; page_13_semantic_2.csv=72.54,False,True,2026-06-28T20:13:24.808741
page_14,14,4,4,page_14_semantic_4.csv,SCORE_TIED_RECENCY,79.74,True,tied(gap=0.08)_recency(2026-05-07),page_14_semantic_1.csv=79.54; page_14_semantic_2.csv=79.63; page_14_semantic_3.csv=79.66; page_14_semantic_4.csv=79.74,False,True,2026-06-28T20:13:35.769446
page_15,15,4,3,page_15_semantic_2.csv,SCORE_TIED_RECENCY,70.76,True,tied(gap=0.00)_recency(2026-05-07),page_15_semantic_1.csv=70.76; page_15_semantic_2.csv=70.76; page_15_semantic_3.csv=70.24; page_15_semantic_4.csv=65.12,False,True,2026-06-28T20:13:46.255566
page_16,16,4,4,page_16_semantic_2.csv,SCORE_CLEAR,71.01,False,score_gap(71.01_vs_66.17),page_16_semantic_1.csv=66.00; page_16_semantic_2.csv=71.01; page_16_semantic_3.csv=66.17; page_16_semantic_4.csv=66.00,False,True,2026-06-28T20:13:56.926598
page_17,17,4,4,page_17_semantic_2.csv,SCORE_CLEAR,72.37,False,score_gap(72.37_vs_69.17),page_17_semantic_1.csv=69.17; page_17_semantic_2.csv=72.37; page_17_semantic_3.csv=69.17; page_17_semantic_4.csv=69.17,False,True,2026-06-28T20:14:08.438678
page_18,18,4,4,page_18_semantic_3.csv,SCORE_TIED_RECENCY,71.18,True,tied(gap=0.00)_recency(2026-05-07),page_18_semantic_1.csv=71.18; page_18_semantic_2.csv=71.18; page_18_semantic_3.csv=71.18; page_18_semantic_4.csv=70.27,False,True,2026-06-28T20:14:18.179357
page_19,19,4,3,page_19_semantic_3.csv,SCORE_TIED_RECENCY,66.97,True,tied(gap=0.00)_recency(2026-05-07),page_19_semantic_1.csv=66.97; page_19_semantic_2.csv=66.41; page_19_semantic_3.csv=66.97; page_19_semantic_4.csv=62.29,False,True,2026-06-28T20:14:26.916760
page_20,20,3,3,page_20_semantic_3.csv,SCORE_TIED_RECENCY,76.29,True,tied(gap=0.00)_recency(2026-05-07),page_20_semantic_1.csv=76.29; page_20_semantic_2.csv=76.29; page_20_semantic_3.csv=76.29,False,True,2026-06-28T20:14:35.498220
page_21,21,3,3,page_21_semantic_3.csv,SCORE_TIED_RECENCY,76.29,True,tied(gap=0.00)_recency(2026-05-07),page_21_semantic_1.csv=76.29; page_21_semantic_2.csv=76.29; page_21_semantic_3.csv=76.29,False,True,2026-06-28T20:14:44.484659
page_22,22,4,4,page_22_semantic_4.csv,SCORE_CLEAR,78.48,False,score_gap(78.48_vs_71.98),page_22_semantic_1.csv=71.98; page_22_semantic_2.csv=71.98; page_22_semantic_3.csv=71.98; page_22_semantic_4.csv=78.48,False,True,2026-06-28T20:14:53.451074
page_23,23,4,4,page_23_semantic_4.csv,SCORE_TIED_RECENCY,73.93,True,tied(gap=0.00)_recency(2026-05-07),page_23_semantic_1.csv=73.93; page_23_semantic_2.csv=73.93; page_23_semantic_3.csv=73.93; page_23_semantic_4.csv=73.93,False,True,2026-06-28T20:15:02.861140
page_24,24,4,4,page_24_semantic_2.csv,SCORE_CLEAR,70.75,False,score_gap(70.75_vs_67.29),page_24_semantic_1.csv=67.29; page_24_semantic_2.csv=70.75; page_24_semantic_3.csv=67.29; page_24_semantic_4.csv=67.29,False,True,2026-06-28T20:15:13.165505
page_25,25,4,4,page_25_semantic_4.csv,SCORE_TIED_RECENCY,72.83,True,tied(gap=0.00)_recency(2026-05-07),page_25_semantic_1.csv=72.83; page_25_semantic_2.csv=71.29; page_25_semantic_3.csv=72.58; page_25_semantic_4.csv=72.83,False,True,2026-06-28T20:15:22.619220
page_26,26,4,3,page_26_semantic_3.csv,SCORE_TIED_RECENCY,70.8,True,tied(gap=0.00)_recency(2026-05-07),page_26_semantic_1.csv=70.80; page_26_semantic_2.csv=70.80; page_26_semantic_3.csv=70.80; page_26_semantic_4.csv=65.76,False,True,2026-06-28T20:15:31.507257
page_27,27,5,5,page_27_semantic_5.csv,SCORE_TIED_RECENCY,70.97,True,tied(gap=0.00)_recency(2026-05-07),page_27_semantic_1.csv=70.97; page_27_semantic_2.csv=70.97; page_27_semantic_3.csv=70.97; page_27_semantic_4.csv=70.97; page_27_semantic_5.csv=70.97,False,True,2026-06-28T20:15:41.316315
page_28,28,4,3,page_28_semantic_4.csv,SCORE_TIED_RECENCY,67.6,True,tied(gap=0.00)_recency(2026-05-07),page_28_semantic_1.csv=67.60; page_28_semantic_2.csv=62.80; page_28_semantic_3.csv=67.60; page_28_semantic_4.csv=67.60,False,True,2026-06-28T20:15:49.210576
page_29,29,4,4,page_29_semantic_2.csv,SCORE_CLEAR,72.63,False,score_gap(72.63_vs_67.91),page_29_semantic_1.csv=67.91; page_29_semantic_2.csv=72.63; page_29_semantic_3.csv=67.91; page_29_semantic_4.csv=67.87,False,True,2026-06-28T20:15:57.717020
page_30,30,4,4,page_30_semantic_4.csv,SCORE_TIED_RECENCY,75.12,True,tied(gap=0.00)_recency(2026-05-07),page_30_semantic_1.csv=75.12; page_30_semantic_2.csv=75.12; page_30_semantic_3.csv=75.12; page_30_semantic_4.csv=75.12,False,True,2026-06-28T20:16:08.967947
page_31,31,4,4,page_31_semantic_4.csv,SCORE_TIED_RECENCY,64.75,True,tied(gap=0.00)_recency(2026-05-07),page_31_semantic_1.csv=64.75; page_31_semantic_2.csv=64.75; page_31_semantic_3.csv=64.75; page_31_semantic_4.csv=64.75,False,True,2026-06-28T20:16:17.922228
page_32,32,4,4,page_32_semantic_4.csv,SCORE_CLEAR,74.58,False,score_gap(74.58_vs_70.98),page_32_semantic_1.csv=70.98; page_32_semantic_2.csv=70.90; page_32_semantic_3.csv=70.98; page_32_semantic_4.csv=74.58,False,True,2026-06-28T20:16:27.727017
page_33,33,4,3,page_33_semantic_3.csv,SCORE_CLEAR,70.43,False,score_gap(70.43_vs_69.71),page_33_semantic_1.csv=69.71; page_33_semantic_2.csv=69.71; page_33_semantic_3.csv=70.43; page_33_semantic_4.csv=65.19,False,True,2026-06-28T20:16:38.236441
page_34,34,4,3,page_34_semantic_3.csv,SCORE_TIED_RECENCY,68.21,True,tied(gap=0.10)_recency(2026-05-07),page_34_semantic_1.csv=68.11; page_34_semantic_2.csv=62.21; page_34_semantic_3.csv=68.21; page_34_semantic_4.csv=68.11,False,True,2026-06-28T20:16:45.987968
page_35,35,4,3,page_35_semantic_4.csv,SCORE_TIED_RECENCY,67.05,True,tied(gap=0.00)_recency(2026-05-07),page_35_semantic_1.csv=67.05; page_35_semantic_2.csv=62.65; page_35_semantic_3.csv=67.05; page_35_semantic_4.csv=67.05,False,True,2026-06-28T20:16:54.969235
page_36,36,3,3,page_36_semantic_2.csv,SCORE_CLEAR,78.7,False,score_gap(78.70_vs_67.29),page_36_semantic_1.csv=67.29; page_36_semantic_2.csv=78.70; page_36_semantic_3.csv=67.28,False,True,2026-06-28T20:17:02.933548
page_37,37,3,3,page_37_semantic_3.csv,SCORE_TIED_RECENCY,75.26,True,tied(gap=0.00)_recency(2026-05-07),page_37_semantic_1.csv=75.26; page_37_semantic_2.csv=75.10; page_37_semantic_3.csv=75.26,False,True,2026-06-28T20:17:11.268199
page_38,38,3,0,page_38_semantic_1.csv,EXCLUDED_FALLBACK,39.92,False,all_runs_excluded_picked_highest_score,page_38_semantic_1.csv=39.92; page_38_semantic_2.csv=39.92; page_38_semantic_3.csv=39.92,False,True,2026-06-28T20:17:18.074788
page_39,39,3,3,page_39_semantic_3.csv,SCORE_TIED_RECENCY,80.65,True,tied(gap=0.00)_recency(2026-05-07),page_39_semantic_1.csv=80.65; page_39_semantic_2.csv=80.65; page_39_semantic_3.csv=80.65,False,True,2026-06-28T20:17:26.823422
page_40,40,3,3,page_40_semantic_3.csv,SCORE_TIED_RECENCY,66.33,True,tied(gap=0.00)_recency(2026-05-07),page_40_semantic_1.csv=66.33; page_40_semantic_2.csv=66.33; page_40_semantic_3.csv=66.33,False,True,2026-06-28T20:17:34.912637
page_41,41,2,2,page_41_semantic_2.csv,SCORE_CLEAR,73.41,False,score_gap(73.41_vs_65.37),page_41_semantic_1.csv=65.37; page_41_semantic_2.csv=73.41,False,True,2026-06-29T14:51:54.854765
page_42,42,3,2,page_42_semantic_2.csv,SCORE_TIED_RECENCY,84.29,True,tied(gap=0.06)_recency(2026-05-07),page_42_semantic_1.csv=84.23; page_42_semantic_2.csv=84.29; page_42_semantic_3.csv=47.23,False,True,2026-06-28T20:17:48.324191
page_43,43,3,2,page_43_semantic_2.csv,SCORE_TIED_RECENCY,76.79,True,tied(gap=0.00)_recency(2026-05-07),page_43_semantic_1.csv=76.79; page_43_semantic_2.csv=76.79; page_43_semantic_3.csv=38.51,False,True,2026-06-28T20:17:54.974267
page_44,44,3,3,page_44_semantic_3.csv,SCORE_TIED_RECENCY,74.86,True,tied(gap=0.00)_recency(2026-05-07),page_44_semantic_1.csv=74.86; page_44_semantic_2.csv=51.93; page_44_semantic_3.csv=74.86,False,True,2026-06-28T20:18:02.938570
page_45,45,3,3,page_45_semantic_3.csv,SCORE_CLEAR,79.78,False,score_gap(79.78_vs_79.58),page_45_semantic_1.csv=79.58; page_45_semantic_2.csv=79.13; page_45_semantic_3.csv=79.78,False,True,2026-06-28T20:18:11.233204
page_46,46,3,3,page_46_semantic_3.csv,SCORE_TIED_RECENCY,63.38,True,tied(gap=0.00)_recency(2026-05-07),page_46_semantic_1.csv=63.38; page_46_semantic_2.csv=63.38; page_46_semantic_3.csv=63.38,False,True,2026-06-28T20:18:19.897424
page_47,47,3,3,page_47_semantic_3.csv,SCORE_TIED_RECENCY,61.29,True,tied(gap=0.00)_recency(2026-05-07),page_47_semantic_1.csv=61.29; page_47_semantic_2.csv=61.29; page_47_semantic_3.csv=61.29,False,True,2026-06-28T20:18:28.586960
page_48,48,3,3,page_48_semantic_3.csv,SCORE_TIED_RECENCY,75.1,True,tied(gap=0.00)_recency(2026-05-07),page_48_semantic_1.csv=75.10; page_48_semantic_2.csv=71.08; page_48_semantic_3.csv=75.10,False,True,2026-06-28T20:18:37.245984
page_49,49,3,3,page_49_semantic_3.csv,SCORE_TIED_RECENCY,75.16,True,tied(gap=0.00)_recency(2026-05-07),page_49_semantic_1.csv=75.16; page_49_semantic_2.csv=74.72; page_49_semantic_3.csv=75.16,False,True,2026-06-28T20:18:46.410492
page_50,50,3,3,page_50_semantic_3.csv,SCORE_TIED_RECENCY,78.76,True,tied(gap=0.00)_recency(2026-05-07),page_50_semantic_1.csv=78.76; page_50_semantic_2.csv=77.33; page_50_semantic_3.csv=78.76,False,True,2026-06-28T20:18:54.316403
page_51,51,3,3,page_51_semantic_3.csv,SCORE_TIED_RECENCY,72.03,True,tied(gap=0.00)_recency(2026-05-07),page_51_semantic_1.csv=72.03; page_51_semantic_2.csv=69.51; page_51_semantic_3.csv=72.03,False,True,2026-06-28T20:19:02.638945
page_52,52,3,3,page_52_semantic_2.csv,SCORE_TIED_RECENCY,80.31,True,tied(gap=0.00)_recency(2026-05-07),page_52_semantic_1.csv=80.31; page_52_semantic_2.csv=80.31; page_52_semantic_3.csv=78.88,False,True,2026-06-28T20:19:11.177260
page_53,53,3,3,page_53_semantic_3.csv,SCORE_CLEAR,78.22,False,score_gap(78.22_vs_76.55),page_53_semantic_1.csv=76.55; page_53_semantic_2.csv=76.55; page_53_semantic_3.csv=78.22,False,True,2026-06-28T20:19:18.794291
page_54,54,3,3,page_54_semantic_2.csv,SCORE_CLEAR,77.87,False,score_gap(77.87_vs_76.95),page_54_semantic_1.csv=76.95; page_54_semantic_2.csv=77.87; page_54_semantic_3.csv=76.95,False,True,2026-06-28T20:19:27.931139
page_55,55,3,3,page_55_semantic_3.csv,SCORE_TIED_RECENCY,75.01,True,tied(gap=0.00)_recency(2026-05-07),page_55_semantic_1.csv=75.01; page_55_semantic_2.csv=74.91; page_55_semantic_3.csv=75.01,False,True,2026-06-28T20:19:35.351227
page_56,56,3,3,page_56_semantic_2.csv,SCORE_TIED_RECENCY,78.01,True,tied(gap=0.00)_recency(2026-05-07),page_56_semantic_1.csv=78.01; page_56_semantic_2.csv=78.01; page_56_semantic_3.csv=77.80,False,True,2026-06-28T20:19:43.817744
page_57,57,3,3,page_57_semantic_3.csv,SCORE_CLEAR,76.85,False,score_gap(76.85_vs_75.06),page_57_semantic_1.csv=75.06; page_57_semantic_2.csv=75.06; page_57_semantic_3.csv=76.85,False,True,2026-06-28T20:19:52.932602
page_58,58,3,3,page_58_semantic_2.csv,SCORE_CLEAR,85.01,False,score_gap(85.01_vs_76.64),page_58_semantic_1.csv=76.64; page_58_semantic_2.csv=85.01; page_58_semantic_3.csv=76.64,False,True,2026-06-28T20:20:00.563160
page_59,59,3,3,page_59_semantic_3.csv,SCORE_TIED_RECENCY,61.07,True,tied(gap=0.00)_recency(2026-05-07),page_59_semantic_1.csv=61.07; page_59_semantic_2.csv=45.99; page_59_semantic_3.csv=61.07,False,True,2026-06-28T20:20:08.483001
page_60,60,3,3,page_60_semantic_3.csv,SCORE_CLEAR,79.95,False,score_gap(79.95_vs_73.47),page_60_semantic_1.csv=73.47; page_60_semantic_2.csv=73.46; page_60_semantic_3.csv=79.95,False,True,2026-06-28T20:20:16.416063
page_61,61,3,3,page_61_semantic_2.csv,SCORE_TIED_RECENCY,78.27,True,tied(gap=0.00)_recency(2026-05-07),page_61_semantic_1.csv=78.27; page_61_semantic_2.csv=78.27; page_61_semantic_3.csv=76.61,False,True,2026-06-28T20:20:24.485130
page_62,62,3,3,page_62_semantic_3.csv,SCORE_TIED_RECENCY,61.58,True,tied(gap=0.00)_recency(2026-05-07),page_62_semantic_1.csv=61.58; page_62_semantic_2.csv=60.15; page_62_semantic_3.csv=61.58,False,True,2026-06-28T20:20:32.058960
page_63,63,3,3,page_63_semantic_2.csv,SCORE_CLEAR,84.95,False,score_gap(84.95_vs_78.73),page_63_semantic_1.csv=78.53; page_63_semantic_2.csv=84.95; page_63_semantic_3.csv=78.73,False,True,2026-06-28T20:20:39.683184
page_64,64,3,3,page_64_semantic_2.csv,SCORE_TIED_RECENCY,77.63,True,tied(gap=0.00)_recency(2026-05-07),page_64_semantic_1.csv=77.63; page_64_semantic_2.csv=77.63; page_64_semantic_3.csv=75.02,False,True,2026-06-28T20:20:48.125068
page_65,65,3,3,page_65_semantic_2.csv,SCORE_TIED_RECENCY,78.64,True,tied(gap=0.00)_recency(2026-05-07),page_65_semantic_1.csv=78.64; page_65_semantic_2.csv=78.64; page_65_semantic_3.csv=77.87,False,True,2026-06-28T20:20:55.795217
page_66,66,3,3,page_66_semantic_3.csv,SCORE_TIED_RECENCY,75.96,True,tied(gap=0.00)_recency(2026-05-07),page_66_semantic_1.csv=75.96; page_66_semantic_2.csv=74.97; page_66_semantic_3.csv=75.96,False,True,2026-06-28T20:21:03.649074
page_67,67,3,3,page_67_semantic_3.csv,SCORE_TIED_RECENCY,72.49,True,tied(gap=0.00)_recency(2026-05-07),page_67_semantic_1.csv=72.49; page_67_semantic_2.csv=70.27; page_67_semantic_3.csv=72.49,False,True,2026-06-28T20:21:11.880941
page_68,68,3,3,page_68_semantic_3.csv,SCORE_CLEAR,77.79,False,score_gap(77.79_vs_76.46),page_68_semantic_1.csv=76.46; page_68_semantic_2.csv=76.46; page_68_semantic_3.csv=77.79,False,True,2026-06-28T20:21:19.999454
page_69,69,3,3,page_69_semantic_3.csv,SCORE_CLEAR,78.34,False,score_gap(78.34_vs_77.92),page_69_semantic_1.csv=77.92; page_69_semantic_2.csv=77.92; page_69_semantic_3.csv=78.34,False,True,2026-06-28T20:21:28.354023
page_70,70,3,3,page_70_semantic_3.csv,SCORE_CLEAR,75.45,False,score_gap(75.45_vs_73.78),page_70_semantic_1.csv=73.78; page_70_semantic_2.csv=73.78; page_70_semantic_3.csv=75.45,False,True,2026-06-28T20:21:36.837389
page_71,71,3,3,page_71_semantic_3.csv,SCORE_CLEAR,74.65,False,score_gap(74.65_vs_74.12),page_71_semantic_1.csv=74.12; page_71_semantic_2.csv=74.12; page_71_semantic_3.csv=74.65,False,True,2026-06-28T20:21:44.392349
page_72,72,3,3,page_72_semantic_2.csv,SCORE_CLEAR,74.54,False,score_gap(74.54_vs_74.40),page_72_semantic_1.csv=74.40; page_72_semantic_2.csv=74.54; page_72_semantic_3.csv=74.40,False,True,2026-06-28T20:21:52.148488
page_73,73,3,3,page_73_semantic_2.csv,SCORE_CLEAR,72.76,False,score_gap(72.76_vs_71.29),page_73_semantic_1.csv=71.29; page_73_semantic_2.csv=72.76; page_73_semantic_3.csv=71.29,False,True,2026-06-28T20:22:00.228392
page_74,74,3,3,page_74_semantic_3.csv,SCORE_CLEAR,77.66,False,score_gap(77.66_vs_76.75),page_74_semantic_1.csv=76.75; page_74_semantic_2.csv=76.75; page_74_semantic_3.csv=77.66,False,True,2026-06-28T20:22:07.549354
page_75,75,3,3,page_75_semantic_3.csv,SCORE_CLEAR,78.65,False,score_gap(78.65_vs_76.75),page_75_semantic_1.csv=76.75; page_75_semantic_2.csv=76.75; page_75_semantic_3.csv=78.65,False,True,2026-06-28T20:22:15.100752
page_76,76,3,3,page_76_semantic_3.csv,SCORE_TIED_RECENCY,73.79,True,tied(gap=0.00)_recency(2026-05-07),page_76_semantic_1.csv=73.79; page_76_semantic_2.csv=72.94; page_76_semantic_3.csv=73.79,False,True,2026-06-28T20:22:23.277861
page_77,77,3,3,page_77_semantic_2.csv,SCORE_CLEAR,76.22,False,score_gap(76.22_vs_74.64),page_77_semantic_1.csv=74.64; page_77_semantic_2.csv=76.22; page_77_semantic_3.csv=74.64,False,True,2026-06-28T20:22:31.138467
page_78,78,3,3,page_78_semantic_2.csv,SCORE_TIED_RECENCY,76.44,True,tied(gap=0.00)_recency(2026-05-07),page_78_semantic_1.csv=76.44; page_78_semantic_2.csv=76.44; page_78_semantic_3.csv=76.40,False,True,2026-06-28T20:22:38.967312
page_79,79,3,3,page_79_semantic_3.csv,SCORE_CLEAR,78.62,False,score_gap(78.62_vs_78.49),page_79_semantic_1.csv=78.49; page_79_semantic_2.csv=78.49; page_79_semantic_3.csv=78.62,False,True,2026-06-28T20:22:46.502566
page_80,80,3,3,page_80_semantic_3.csv,SCORE_CLEAR,77.19,False,score_gap(77.19_vs_75.77),page_80_semantic_1.csv=75.77; page_80_semantic_2.csv=75.77; page_80_semantic_3.csv=77.19,False,True,2026-06-28T20:22:54.657012
page_81,81,3,3,page_81_semantic_3.csv,SCORE_CLEAR,78.14,False,score_gap(78.14_vs_77.83),page_81_semantic_1.csv=77.83; page_81_semantic_2.csv=77.83; page_81_semantic_3.csv=78.14,False,True,2026-06-28T20:23:03.672484
page_82,82,3,3,page_82_semantic_3.csv,SCORE_TIED_RECENCY,74.93,True,tied(gap=0.00)_recency(2026-05-07),page_82_semantic_1.csv=74.93; page_82_semantic_2.csv=68.74; page_82_semantic_3.csv=74.93,False,True,2026-06-28T20:23:12.880487
page_83,83,3,3,page_83_semantic_3.csv,SCORE_TIED_RECENCY,75.36,True,tied(gap=0.00)_recency(2026-05-07),page_83_semantic_1.csv=75.36; page_83_semantic_2.csv=73.47; page_83_semantic_3.csv=75.36,False,True,2026-06-28T20:23:20.248319
page_84,84,3,3,page_84_semantic_2.csv,SCORE_TIED_RECENCY,75.91,True,tied(gap=0.00)_recency(2026-05-07),page_84_semantic_1.csv=75.91; page_84_semantic_2.csv=75.91; page_84_semantic_3.csv=75.54,False,True,2026-06-28T20:23:28.066136
page_85,85,3,3,page_85_semantic_3.csv,SCORE_TIED_RECENCY,73.75,True,tied(gap=0.10)_recency(2026-05-07),page_85_semantic_1.csv=73.65; page_85_semantic_2.csv=73.65; page_85_semantic_3.csv=73.75,False,True,2026-06-28T20:23:36.673109
page_86,86,3,3,page_86_semantic_2.csv,SCORE_CLEAR,87.22,False,score_gap(87.22_vs_83.86),page_86_semantic_1.csv=83.71; page_86_semantic_2.csv=87.22; page_86_semantic_3.csv=83.86,False,True,2026-06-28T20:23:45.857671
page_87,87,3,3,page_87_semantic_2.csv,SCORE_CLEAR,79.05,False,score_gap(79.05_vs_78.79),page_87_semantic_1.csv=78.79; page_87_semantic_2.csv=79.05; page_87_semantic_3.csv=78.74,False,True,2026-06-28T20:23:53.762928
page_88,88,3,3,page_88_semantic_3.csv,SCORE_CLEAR,77.72,False,score_gap(77.72_vs_75.72),page_88_semantic_1.csv=75.72; page_88_semantic_2.csv=75.72; page_88_semantic_3.csv=77.72,False,True,2026-06-28T20:24:01.071035
page_89,89,3,3,page_89_semantic_3.csv,SCORE_CLEAR,76.28,False,score_gap(76.28_vs_74.28),page_89_semantic_1.csv=74.28; page_89_semantic_2.csv=74.28; page_89_semantic_3.csv=76.28,False,True,2026-06-28T20:24:08.610768
page_90,90,3,3,page_90_semantic_3.csv,SCORE_CLEAR,78.66,False,score_gap(78.66_vs_76.74),page_90_semantic_1.csv=76.74; page_90_semantic_2.csv=76.74; page_90_semantic_3.csv=78.66,False,True,2026-06-28T20:24:16.338326
page_91,91,3,3,page_91_semantic_2.csv,SCORE_TIED_RECENCY,77.94,True,tied(gap=0.00)_recency(2026-05-07),page_91_semantic_1.csv=77.94; page_91_semantic_2.csv=77.94; page_91_semantic_3.csv=77.89,False,True,2026-06-28T20:24:24.137303
page_92,92,3,3,page_92_semantic_3.csv,SCORE_TIED_RECENCY,77.53,True,tied(gap=0.00)_recency(2026-05-07),page_92_semantic_1.csv=77.53; page_92_semantic_2.csv=77.53; page_92_semantic_3.csv=77.53,False,True,2026-06-28T20:24:32.044180
page_93,93,3,3,page_93_semantic_3.csv,SCORE_TIED_RECENCY,73.81,True,tied(gap=0.00)_recency(2026-05-07),page_93_semantic_1.csv=73.81; page_93_semantic_2.csv=73.81; page_93_semantic_3.csv=73.81,False,True,2026-06-28T20:24:39.741119
page_94,94,3,3,page_94_semantic_3.csv,SCORE_CLEAR,77.49,False,score_gap(77.49_vs_75.67),page_94_semantic_1.csv=75.67; page_94_semantic_2.csv=75.67; page_94_semantic_3.csv=77.49,False,True,2026-06-28T20:24:47.522980
page_95,95,3,3,page_95_semantic_3.csv,SCORE_CLEAR,76.77,False,score_gap(76.77_vs_75.06),page_95_semantic_1.csv=75.06; page_95_semantic_2.csv=75.06; page_95_semantic_3.csv=76.77,False,True,2026-06-28T20:24:55.305561
page_96,96,3,3,page_96_semantic_2.csv,SCORE_CLEAR,72.9,False,score_gap(72.90_vs_72.17),page_96_semantic_1.csv=72.17; page_96_semantic_2.csv=72.90; page_96_semantic_3.csv=72.17,False,True,2026-06-28T20:25:02.540430
page_97,97,3,3,page_97_semantic_3.csv,SCORE_TIED_RECENCY,77.08,True,tied(gap=0.00)_recency(2026-05-07),page_97_semantic_1.csv=77.08; page_97_semantic_2.csv=66.97; page_97_semantic_3.csv=77.08,False,True,2026-06-28T20:25:11.008948
page_98,98,3,3,page_98_semantic_2.csv,SCORE_TIED_RECENCY,78.12,True,tied(gap=0.00)_recency(2026-05-07),page_98_semantic_1.csv=78.12; page_98_semantic_2.csv=78.12; page_98_semantic_3.csv=77.65,False,True,2026-06-28T20:25:18.813896
page_99,99,3,3,page_99_semantic_2.csv,SCORE_TIED_RECENCY,76.67,True,tied(gap=0.00)_recency(2026-05-07),page_99_semantic_1.csv=76.67; page_99_semantic_2.csv=76.67; page_99_semantic_3.csv=74.99,False,True,2026-06-28T20:25:27.049885
page_100,100,3,3,page_100_semantic_2.csv,SCORE_CLEAR,73.79,False,score_gap(73.79_vs_72.60),page_100_semantic_1.csv=72.60; page_100_semantic_2.csv=73.79; page_100_semantic_3.csv=72.60,False,True,2026-06-28T20:25:34.503378
page_101,101,3,3,page_101_semantic_2.csv,SCORE_CLEAR,73.25,False,score_gap(73.25_vs_70.88),page_101_semantic_1.csv=70.88; page_101_semantic_2.csv=73.25; page_101_semantic_3.csv=70.88,False,True,2026-06-28T20:25:42.154652
page_102,102,3,3,page_102_semantic_3.csv,SCORE_CLEAR,75.25,False,score_gap(75.25_vs_73.61),page_102_semantic_1.csv=73.61; page_102_semantic_2.csv=73.61; page_102_semantic_3.csv=75.25,False,True,2026-06-28T20:25:49.648170
page_103,103,3,3,page_103_semantic_3.csv,SCORE_CLEAR,72.16,False,score_gap(72.16_vs_67.85),page_103_semantic_1.csv=67.85; page_103_semantic_2.csv=67.85; page_103_semantic_3.csv=72.16,False,True,2026-06-28T20:25:57.565143
page_104,104,3,3,page_104_semantic_2.csv,SCORE_CLEAR,73.59,False,score_gap(73.59_vs_69.68),page_104_semantic_1.csv=69.68; page_104_semantic_2.csv=73.59; page_104_semantic_3.csv=69.68,False,True,2026-06-28T20:26:05.073958
page_105,105,3,3,page_105_semantic_3.csv,SCORE_TIED_RECENCY,70.42,True,tied(gap=0.00)_recency(2026-05-07),page_105_semantic_1.csv=70.42; page_105_semantic_2.csv=69.22; page_105_semantic_3.csv=70.42,False,True,2026-06-28T20:26:12.310650
page_106,106,3,3,page_106_semantic_3.csv,SCORE_TIED_RECENCY,74.31,True,tied(gap=0.00)_recency(2026-05-07),page_106_semantic_1.csv=74.31; page_106_semantic_2.csv=74.31; page_106_semantic_3.csv=74.31,False,True,2026-06-28T20:26:19.684420
page_107,107,3,3,page_107_semantic_3.csv,SCORE_TIED_RECENCY,69.19,True,tied(gap=0.00)_recency(2026-05-07),page_107_semantic_1.csv=69.19; page_107_semantic_2.csv=69.19; page_107_semantic_3.csv=69.19,False,True,2026-06-28T20:26:27.016897
page_108,108,3,3,page_108_semantic_2.csv,SCORE_CLEAR,78.6,False,score_gap(78.60_vs_77.29),page_108_semantic_1.csv=77.29; page_108_semantic_2.csv=78.60; page_108_semantic_3.csv=77.29,False,True,2026-06-28T20:26:34.429695
page_109,109,3,3,page_109_semantic_2.csv,SCORE_CLEAR,74.71,False,score_gap(74.71_vs_63.38),page_109_semantic_1.csv=63.38; page_109_semantic_2.csv=74.71; page_109_semantic_3.csv=63.38,False,True,2026-06-28T20:26:41.906324
page_110,110,3,3,page_110_semantic_2.csv,SCORE_CLEAR,85.97,False,score_gap(85.97_vs_85.71),page_110_semantic_1.csv=85.53; page_110_semantic_2.csv=85.97; page_110_semantic_3.csv=85.71,False,True,2026-06-28T20:26:50.507021
page_111,111,3,3,page_111_semantic_2.csv,SCORE_TIED_RECENCY,76.96,True,tied(gap=0.04)_recency(2026-05-07),page_111_semantic_1.csv=76.92; page_111_semantic_2.csv=76.96; page_111_semantic_3.csv=76.92,False,True,2026-06-28T20:27:00.645416
page_112,112,3,3,page_112_semantic_2.csv,SCORE_TIED_RECENCY,80.39,True,tied(gap=0.00)_recency(2026-05-07),page_112_semantic_1.csv=80.39; page_112_semantic_2.csv=80.39; page_112_semantic_3.csv=80.37,False,True,2026-06-28T20:27:08.531143
page_113,113,3,3,page_113_semantic_2.csv,SCORE_TIED_RECENCY,81.35,True,tied(gap=0.00)_recency(2026-05-07),page_113_semantic_1.csv=81.35; page_113_semantic_2.csv=81.35; page_113_semantic_3.csv=80.08,False,True,2026-06-28T20:27:16.283310
page_114,114,3,3,page_114_semantic_3.csv,SCORE_TIED_RECENCY,78.69,True,tied(gap=0.00)_recency(2026-05-07),page_114_semantic_1.csv=78.69; page_114_semantic_2.csv=77.90; page_114_semantic_3.csv=78.69,False,True,2026-06-28T20:27:24.203445
page_115,115,3,3,page_115_semantic_2.csv,SCORE_CLEAR,78.63,False,score_gap(78.63_vs_76.81),page_115_semantic_1.csv=76.81; page_115_semantic_2.csv=78.63; page_115_semantic_3.csv=76.81,False,True,2026-06-28T20:27:32.420733
page_116,116,3,3,page_116_semantic_3.csv,SCORE_CLEAR,80.92,False,score_gap(80.92_vs_79.83),page_116_semantic_1.csv=79.83; page_116_semantic_2.csv=79.83; page_116_semantic_3.csv=80.92,False,True,2026-06-28T20:27:40.177867
page_117,117,3,3,page_117_semantic_3.csv,SCORE_TIED_RECENCY,80.15,True,tied(gap=0.00)_recency(2026-05-07),page_117_semantic_1.csv=80.15; page_117_semantic_2.csv=80.15; page_117_semantic_3.csv=80.15,False,True,2026-06-28T20:27:47.851747
page_118,118,3,3,page_118_semantic_3.csv,SCORE_TIED_RECENCY,78.97,True,tied(gap=0.00)_recency(2026-05-07),page_118_semantic_1.csv=78.97; page_118_semantic_2.csv=78.93; page_118_semantic_3.csv=78.97,False,True,2026-06-28T20:27:55.124579
page_119,119,3,3,page_119_semantic_3.csv,SCORE_TIED_RECENCY,80.83,True,tied(gap=0.00)_recency(2026-05-07),page_119_semantic_1.csv=80.83; page_119_semantic_2.csv=80.83; page_119_semantic_3.csv=80.83,False,True,2026-06-28T20:28:02.938192
page_120,120,3,3,page_120_semantic_2.csv,SCORE_TIED_RECENCY,80.41,True,tied(gap=0.00)_recency(2026-05-07),page_120_semantic_1.csv=80.41; page_120_semantic_2.csv=80.41; page_120_semantic_3.csv=79.10,False,True,2026-06-28T20:28:11.063902
page_121,121,3,3,page_121_semantic_3.csv,SCORE_TIED_RECENCY,81.82,True,tied(gap=0.00)_recency(2026-05-07),page_121_semantic_1.csv=81.82; page_121_semantic_2.csv=81.82; page_121_semantic_3.csv=81.82,False,True,2026-06-28T20:28:18.806848
page_122,122,3,3,page_122_semantic_3.csv,SCORE_TIED_RECENCY,76.13,True,tied(gap=0.00)_recency(2026-05-07),page_122_semantic_1.csv=76.13; page_122_semantic_2.csv=74.82; page_122_semantic_3.csv=76.13,False,True,2026-06-28T20:28:26.281073
page_123,123,3,3,page_123_semantic_2.csv,SCORE_TIED_RECENCY,79.18,True,tied(gap=0.01)_recency(2026-05-07),page_123_semantic_1.csv=79.17; page_123_semantic_2.csv=79.18; page_123_semantic_3.csv=79.17,False,True,2026-06-28T20:28:34.003803
page_124,124,3,3,page_124_semantic_3.csv,SCORE_CLEAR,76.18,False,score_gap(76.18_vs_75.75),page_124_semantic_1.csv=75.75; page_124_semantic_2.csv=75.75; page_124_semantic_3.csv=76.18,False,True,2026-06-28T20:28:41.678034
page_125,125,3,3,page_125_semantic_2.csv,SCORE_TIED_RECENCY,74.75,True,tied(gap=0.00)_recency(2026-05-07),page_125_semantic_1.csv=74.75; page_125_semantic_2.csv=74.75; page_125_semantic_3.csv=74.43,False,True,2026-06-28T20:28:49.210445
page_126,126,3,3,page_126_semantic_2.csv,SCORE_CLEAR,75.53,False,score_gap(75.53_vs_75.24),page_126_semantic_1.csv=75.24; page_126_semantic_2.csv=75.53; page_126_semantic_3.csv=75.24,False,True,2026-06-28T20:28:56.725561
page_127,127,3,3,page_127_semantic_2.csv,SCORE_CLEAR,72.47,False,score_gap(72.47_vs_72.09),page_127_semantic_1.csv=72.09; page_127_semantic_2.csv=72.47; page_127_semantic_3.csv=72.09,False,True,2026-06-28T20:29:04.857560
page_128,128,3,3,page_128_semantic_3.csv,SCORE_TIED_RECENCY,79.51,True,tied(gap=0.08)_recency(2026-05-07),page_128_semantic_1.csv=79.43; page_128_semantic_2.csv=79.43; page_128_semantic_3.csv=79.51,False,True,2026-06-28T20:29:12.306707
page_129,129,3,3,page_129_semantic_3.csv,SCORE_CLEAR,76.38,False,score_gap(76.38_vs_76.02),page_129_semantic_1.csv=76.02; page_129_semantic_2.csv=76.02; page_129_semantic_3.csv=76.38,False,True,2026-06-28T20:29:21.738404
page_130,130,1,1,page_130_semantic_1.csv,SINGLE,75.08,False,only_one_run,page_130_semantic_1.csv=75.08,True,True,2026-06-29T14:52:02.980605
page_131,131,3,3,page_131_semantic_3.csv,SCORE_TIED_RECENCY,67.64,True,tied(gap=0.00)_recency(2026-05-07),page_131_semantic_1.csv=67.64; page_131_semantic_2.csv=67.64; page_131_semantic_3.csv=67.64,False,True,2026-06-28T20:29:35.271452
page_132,132,3,3,page_132_semantic_2.csv,SCORE_CLEAR,71.35,False,score_gap(71.35_vs_70.86),page_132_semantic_1.csv=70.86; page_132_semantic_2.csv=71.35; page_132_semantic_3.csv=70.86,False,True,2026-06-28T20:29:43.476818
page_133,133,3,3,page_133_semantic_2.csv,SCORE_TIED_RECENCY,73.86,True,tied(gap=0.05)_recency(2026-05-07),page_133_semantic_1.csv=73.81; page_133_semantic_2.csv=73.86; page_133_semantic_3.csv=73.81,False,True,2026-06-28T20:29:51.528749
page_134,134,3,3,page_134_semantic_3.csv,SCORE_CLEAR,76.27,False,score_gap(76.27_vs_75.37),page_134_semantic_1.csv=75.37; page_134_semantic_2.csv=75.37; page_134_semantic_3.csv=76.27,False,True,2026-06-28T20:30:00.666140
page_135,135,3,3,page_135_semantic_3.csv,SCORE_CLEAR,77.58,False,score_gap(77.58_vs_76.53),page_135_semantic_1.csv=76.53; page_135_semantic_2.csv=76.53; page_135_semantic_3.csv=77.58,False,True,2026-06-28T20:30:08.618185
page_136,136,3,3,page_136_semantic_2.csv,SCORE_CLEAR,76.0,False,score_gap(76.00_vs_74.43),page_136_semantic_1.csv=74.43; page_136_semantic_2.csv=76.00; page_136_semantic_3.csv=74.43,False,True,2026-06-28T20:30:16.248882
page_137,137,3,3,page_137_semantic_2.csv,SCORE_CLEAR,74.22,False,score_gap(74.22_vs_72.58),page_137_semantic_1.csv=72.58; page_137_semantic_2.csv=74.22; page_137_semantic_3.csv=72.58,False,True,2026-06-28T20:30:24.049303
page_138,138,3,3,page_138_semantic_3.csv,SCORE_CLEAR,77.27,False,score_gap(77.27_vs_75.43),page_138_semantic_1.csv=75.43; page_138_semantic_2.csv=75.43; page_138_semantic_3.csv=77.27,False,True,2026-06-28T20:30:32.451832
page_139,139,3,3,page_139_semantic_3.csv,SCORE_CLEAR,76.78,False,score_gap(76.78_vs_75.92),page_139_semantic_1.csv=75.92; page_139_semantic_2.csv=75.92; page_139_semantic_3.csv=76.78,False,True,2026-06-28T20:30:40.069556
page_140,140,3,3,page_140_semantic_2.csv,SCORE_TIED_RECENCY,74.8,True,tied(gap=0.02)_recency(2026-05-07),page_140_semantic_1.csv=74.78; page_140_semantic_2.csv=74.80; page_140_semantic_3.csv=74.78,False,True,2026-06-28T20:30:47.975977
page_141,141,3,3,page_141_semantic_3.csv,SCORE_TIED_RECENCY,76.94,True,tied(gap=0.00)_recency(2026-05-07),page_141_semantic_1.csv=76.94; page_141_semantic_2.csv=76.91; page_141_semantic_3.csv=76.94,False,True,2026-06-28T20:30:56.094552
page_142,142,3,3,page_142_semantic_3.csv,SCORE_TIED_RECENCY,81.21,True,tied(gap=0.04)_recency(2026-05-07),page_142_semantic_1.csv=81.17; page_142_semantic_2.csv=81.17; page_142_semantic_3.csv=81.21,False,True,2026-06-28T20:31:04.785342
page_143,143,3,3,page_143_semantic_2.csv,SCORE_TIED_RECENCY,80.97,True,tied(gap=0.00)_recency(2026-05-07),page_143_semantic_1.csv=80.97; page_143_semantic_2.csv=80.97; page_143_semantic_3.csv=79.78,False,True,2026-06-28T20:31:12.964623
page_144,144,3,3,page_144_semantic_3.csv,SCORE_TIED_RECENCY,75.62,True,tied(gap=0.00)_recency(2026-05-07),page_144_semantic_1.csv=75.62; page_144_semantic_2.csv=75.52; page_144_semantic_3.csv=75.62,False,True,2026-06-28T20:31:21.273887
page_145,145,3,3,page_145_semantic_3.csv,SCORE_TIED_RECENCY,74.57,True,tied(gap=0.00)_recency(2026-05-07),page_145_semantic_1.csv=74.57; page_145_semantic_2.csv=74.06; page_145_semantic_3.csv=74.57,False,True,2026-06-28T20:31:29.090512
page_146,146,3,3,page_146_semantic_3.csv,SCORE_TIED_RECENCY,78.78,True,tied(gap=0.06)_recency(2026-05-07),page_146_semantic_1.csv=78.72; page_146_semantic_2.csv=78.72; page_146_semantic_3.csv=78.78,False,True,2026-06-28T20:31:37.592440
page_147,147,3,3,page_147_semantic_3.csv,SCORE_TIED_RECENCY,79.24,True,tied(gap=0.00)_recency(2026-05-07),page_147_semantic_1.csv=79.24; page_147_semantic_2.csv=79.24; page_147_semantic_3.csv=79.24,False,True,2026-06-28T20:31:45.762367
page_148,148,3,3,page_148_semantic_3.csv,SCORE_TIED_RECENCY,74.89,True,tied(gap=0.00)_recency(2026-05-07),page_148_semantic_1.csv=74.89; page_148_semantic_2.csv=74.78; page_148_semantic_3.csv=74.89,False,True,2026-06-28T20:31:53.180169
page_149,149,3,3,page_149_semantic_3.csv,SCORE_TIED_RECENCY,77.05,True,tied(gap=0.00)_recency(2026-05-07),page_149_semantic_1.csv=77.05; page_149_semantic_2.csv=77.00; page_149_semantic_3.csv=77.05,False,True,2026-06-28T20:32:01.833230
page_150,150,3,3,page_150_semantic_3.csv,SCORE_TIED_RECENCY,75.36,True,tied(gap=0.00)_recency(2026-05-07),page_150_semantic_1.csv=75.36; page_150_semantic_2.csv=75.05; page_150_semantic_3.csv=75.36,False,True,2026-06-28T20:32:09.768249
page_151,151,3,3,page_151_semantic_2.csv,SCORE_CLEAR,75.68,False,score_gap(75.68_vs_75.30),page_151_semantic_1.csv=75.30; page_151_semantic_2.csv=75.68; page_151_semantic_3.csv=75.30,False,True,2026-06-28T20:32:17.881797
page_152,152,3,3,page_152_semantic_3.csv,SCORE_CLEAR,79.0,False,score_gap(79.00_vs_78.58),page_152_semantic_1.csv=78.58; page_152_semantic_2.csv=78.58; page_152_semantic_3.csv=79.00,False,True,2026-06-28T20:32:26.356424
page_153,153,3,3,page_153_semantic_2.csv,SCORE_TIED_RECENCY,76.05,True,tied(gap=0.00)_recency(2026-05-07),page_153_semantic_1.csv=76.05; page_153_semantic_2.csv=76.05; page_153_semantic_3.csv=75.27,False,True,2026-06-28T20:32:33.802143
page_154,154,3,3,page_154_semantic_2.csv,SCORE_TIED_RECENCY,76.74,True,tied(gap=0.02)_recency(2026-05-07),page_154_semantic_1.csv=76.72; page_154_semantic_2.csv=76.74; page_154_semantic_3.csv=76.72,False,True,2026-06-28T20:32:41.146419
page_155,155,3,3,page_155_semantic_2.csv,SCORE_TIED_RECENCY,78.58,True,tied(gap=0.08)_recency(2026-05-07),page_155_semantic_1.csv=78.50; page_155_semantic_2.csv=78.58; page_155_semantic_3.csv=78.50,False,True,2026-06-28T20:32:48.959858
page_156,156,3,3,page_156_semantic_3.csv,SCORE_TIED_RECENCY,81.78,True,tied(gap=0.00)_recency(2026-05-07),page_156_semantic_1.csv=81.78; page_156_semantic_2.csv=81.78; page_156_semantic_3.csv=81.78,False,True,2026-06-28T20:32:56.971555
page_157,157,3,3,page_157_semantic_2.csv,SCORE_TIED_RECENCY,79.74,True,tied(gap=0.00)_recency(2026-05-07),page_157_semantic_1.csv=79.74; page_157_semantic_2.csv=79.74; page_157_semantic_3.csv=76.78,False,True,2026-06-28T20:33:04.458765
page_158,158,3,3,page_158_semantic_3.csv,SCORE_TIED_RECENCY,72.76,True,tied(gap=0.00)_recency(2026-05-07),page_158_semantic_1.csv=72.76; page_158_semantic_2.csv=72.76; page_158_semantic_3.csv=72.76,False,True,2026-06-28T20:33:11.951585
page_159,159,3,3,page_159_semantic_2.csv,SCORE_TIED_RECENCY,79.31,True,tied(gap=0.08)_recency(2026-05-07),page_159_semantic_1.csv=79.23; page_159_semantic_2.csv=79.31; page_159_semantic_3.csv=79.23,False,True,2026-06-28T20:33:20.374038
page_160,160,3,3,page_160_semantic_2.csv,SCORE_TIED_RECENCY,76.51,True,tied(gap=0.00)_recency(2026-05-07),page_160_semantic_1.csv=76.51; page_160_semantic_2.csv=76.51; page_160_semantic_3.csv=76.05,False,True,2026-06-28T20:33:27.747587
page_161,161,1,0,page_161_semantic_1.csv,SINGLE,65.0,False,only_one_run,page_161_semantic_1.csv=65.00,True,True,2026-06-29T14:52:10.392712
page_162,162,3,3,page_162_semantic_3.csv,SCORE_TIED_RECENCY,77.18,True,tied(gap=0.00)_recency(2026-05-07),page_162_semantic_1.csv=77.18; page_162_semantic_2.csv=77.15; page_162_semantic_3.csv=77.18,False,True,2026-06-28T20:33:41.553454
page_163,163,3,3,page_163_semantic_2.csv,SCORE_CLEAR,75.55,False,score_gap(75.55_vs_75.34),page_163_semantic_1.csv=75.34; page_163_semantic_2.csv=75.55; page_163_semantic_3.csv=75.34,False,True,2026-06-28T20:33:50.087661
page_164,164,3,3,page_164_semantic_3.csv,SCORE_TIED_RECENCY,78.99,True,tied(gap=0.04)_recency(2026-05-07),page_164_semantic_1.csv=78.95; page_164_semantic_2.csv=78.95; page_164_semantic_3.csv=78.99,False,True,2026-06-28T20:33:58.334665
page_165,165,3,3,page_165_semantic_3.csv,SCORE_TIED_RECENCY,80.17,True,tied(gap=0.06)_recency(2026-05-07),page_165_semantic_1.csv=80.11; page_165_semantic_2.csv=80.11; page_165_semantic_3.csv=80.17,False,True,2026-06-28T20:34:07.916386
page_166,166,3,3,page_166_semantic_3.csv,SCORE_TIED_RECENCY,77.06,True,tied(gap=0.00)_recency(2026-05-07),page_166_semantic_1.csv=77.06; page_166_semantic_2.csv=77.06; page_166_semantic_3.csv=77.06,False,True,2026-06-28T20:34:15.365508
page_167,167,3,3,page_167_semantic_1.csv,SCORE_CLEAR,81.56,False,score_gap(81.56_vs_81.46),page_167_semantic_1.csv=81.56; page_167_semantic_2.csv=80.98; page_167_semantic_3.csv=81.46,False,True,2026-06-28T20:34:23.376447
page_168,168,3,3,page_168_semantic_2.csv,SCORE_TIED_RECENCY,77.44,True,tied(gap=0.00)_recency(2026-05-07),page_168_semantic_1.csv=77.44; page_168_semantic_2.csv=77.44; page_168_semantic_3.csv=77.41,False,True,2026-06-28T20:34:30.828265
page_169,169,3,3,page_169_semantic_2.csv,SCORE_TIED_RECENCY,77.21,True,tied(gap=0.00)_recency(2026-05-07),page_169_semantic_1.csv=77.21; page_169_semantic_2.csv=77.21; page_169_semantic_3.csv=76.58,False,True,2026-06-28T20:34:38.918128
page_170,170,2,1,page_170_semantic_1.csv,SCORE_CLEAR,67.04,False,only_valid_run(score=67.04),page_170_semantic_1.csv=67.04; page_170_semantic_2.csv=35.04,False,True,2026-06-29T14:52:18.045783
page_171,171,3,3,page_171_semantic_3.csv,SCORE_TIED_RECENCY,76.04,True,tied(gap=0.00)_recency(2026-05-07),page_171_semantic_1.csv=76.04; page_171_semantic_2.csv=76.04; page_171_semantic_3.csv=76.04,False,True,2026-06-28T20:34:52.589794
page_172,172,3,3,page_172_semantic_2.csv,SCORE_CLEAR,76.07,False,score_gap(76.07_vs_75.90),page_172_semantic_1.csv=75.90; page_172_semantic_2.csv=76.07; page_172_semantic_3.csv=75.90,False,True,2026-06-28T20:35:00.393058
page_173,173,3,3,page_173_semantic_3.csv,SCORE_TIED_RECENCY,74.76,True,tied(gap=0.00)_recency(2026-05-07),page_173_semantic_1.csv=74.76; page_173_semantic_2.csv=74.64; page_173_semantic_3.csv=74.76,False,True,2026-06-28T20:35:08.141430
page_174,174,3,3,page_174_semantic_2.csv,SCORE_TIED_RECENCY,79.01,True,tied(gap=0.00)_recency(2026-05-07),page_174_semantic_1.csv=79.01; page_174_semantic_2.csv=79.01; page_174_semantic_3.csv=74.60,False,True,2026-06-28T20:35:16.097344
page_175,175,3,3,page_175_semantic_2.csv,SCORE_TIED_RECENCY,78.59,True,tied(gap=0.00)_recency(2026-05-07),page_175_semantic_1.csv=78.59; page_175_semantic_2.csv=78.59; page_175_semantic_3.csv=78.08,False,True,2026-06-28T20:35:24.593480
page_176,176,3,3,page_176_semantic_3.csv,SCORE_TIED_RECENCY,76.99,True,tied(gap=0.00)_recency(2026-05-07),page_176_semantic_1.csv=76.99; page_176_semantic_2.csv=76.86; page_176_semantic_3.csv=76.99,False,True,2026-06-28T20:35:32.969297
page_177,177,3,3,page_177_semantic_3.csv,SCORE_TIED_RECENCY,75.26,True,tied(gap=0.00)_recency(2026-05-07),page_177_semantic_1.csv=75.26; page_177_semantic_2.csv=72.47; page_177_semantic_3.csv=75.26,False,True,2026-06-28T20:35:41.446811
page_178,178,3,3,page_178_semantic_2.csv,SCORE_TIED_RECENCY,80.02,True,tied(gap=0.00)_recency(2026-05-07),page_178_semantic_1.csv=80.02; page_178_semantic_2.csv=80.02; page_178_semantic_3.csv=79.78,False,True,2026-06-28T20:35:49.185608
page_179,179,3,3,page_179_semantic_3.csv,SCORE_TIED_RECENCY,78.91,True,tied(gap=0.00)_recency(2026-05-07),page_179_semantic_1.csv=78.91; page_179_semantic_2.csv=78.91; page_179_semantic_3.csv=78.91,False,True,2026-06-28T20:35:56.840829
page_180,180,3,3,page_180_semantic_3.csv,SCORE_TIED_RECENCY,79.35,True,tied(gap=0.00)_recency(2026-05-07),page_180_semantic_1.csv=79.35; page_180_semantic_2.csv=79.35; page_180_semantic_3.csv=79.35,False,True,2026-06-28T20:36:04.499969
page_181,181,3,3,page_181_semantic_3.csv,SCORE_CLEAR,75.91,False,score_gap(75.91_vs_75.79),page_181_semantic_1.csv=75.79; page_181_semantic_2.csv=75.79; page_181_semantic_3.csv=75.91,False,True,2026-06-28T20:36:12.387103
page_182,182,3,3,page_182_semantic_3.csv,SCORE_TIED_RECENCY,74.59,True,tied(gap=0.00)_recency(2026-05-07),page_182_semantic_1.csv=74.59; page_182_semantic_2.csv=74.50; page_182_semantic_3.csv=74.59,False,True,2026-06-28T20:36:20.770593
page_183,183,3,3,page_183_semantic_2.csv,SCORE_TIED_RECENCY,76.6,True,tied(gap=0.08)_recency(2026-05-07),page_183_semantic_1.csv=76.52; page_183_semantic_2.csv=76.60; page_183_semantic_3.csv=76.52,False,True,2026-06-28T20:36:29.000797
page_184,184,3,3,page_184_semantic_2.csv,SCORE_TIED_RECENCY,79.19,True,tied(gap=0.00)_recency(2026-05-07),page_184_semantic_1.csv=79.19; page_184_semantic_2.csv=79.19; page_184_semantic_3.csv=78.68,False,True,2026-06-28T20:36:36.627448
page_185,185,3,3,page_185_semantic_2.csv,SCORE_TIED_RECENCY,77.7,True,tied(gap=0.00)_recency(2026-05-07),page_185_semantic_1.csv=77.70; page_185_semantic_2.csv=77.70; page_185_semantic_3.csv=77.08,False,True,2026-06-28T20:36:44.518673
page_186,186,3,3,page_186_semantic_3.csv,SCORE_TIED_RECENCY,74.07,True,tied(gap=0.00)_recency(2026-05-07),page_186_semantic_1.csv=74.07; page_186_semantic_2.csv=74.07; page_186_semantic_3.csv=74.07,False,True,2026-06-28T20:36:52.451957
page_187,187,3,3,page_187_semantic_3.csv,SCORE_TIED_RECENCY,76.85,True,tied(gap=0.00)_recency(2026-05-07),page_187_semantic_1.csv=76.85; page_187_semantic_2.csv=76.69; page_187_semantic_3.csv=76.85,False,True,2026-06-28T20:36:59.906999
page_188,188,3,3,page_188_semantic_3.csv,SCORE_TIED_RECENCY,79.0,True,tied(gap=0.00)_recency(2026-05-07),page_188_semantic_1.csv=79.00; page_188_semantic_2.csv=79.00; page_188_semantic_3.csv=79.00,False,True,2026-06-28T20:37:09.058971
page_189,189,3,3,page_189_semantic_3.csv,SCORE_TIED_RECENCY,76.68,True,tied(gap=0.07)_recency(2026-05-07),page_189_semantic_1.csv=76.61; page_189_semantic_2.csv=76.61; page_189_semantic_3.csv=76.68,False,True,2026-06-28T20:37:16.755871
page_190,190,3,3,page_190_semantic_2.csv,SCORE_TIED_RECENCY,77.75,True,tied(gap=0.00)_recency(2026-05-07),page_190_semantic_1.csv=77.75; page_190_semantic_2.csv=77.75; page_190_semantic_3.csv=77.34,False,True,2026-06-28T20:37:25.577292
page_191,191,3,3,page_191_semantic_2.csv,SCORE_TIED_RECENCY,78.3,True,tied(gap=0.00)_recency(2026-05-07),page_191_semantic_1.csv=78.30; page_191_semantic_2.csv=78.30; page_191_semantic_3.csv=78.18,False,True,2026-06-28T20:37:32.933460
page_192,192,3,3,page_192_semantic_3.csv,SCORE_TIED_RECENCY,73.59,True,tied(gap=0.00)_recency(2026-05-07),page_192_semantic_1.csv=73.59; page_192_semantic_2.csv=72.79; page_192_semantic_3.csv=73.59,False,True,2026-06-28T20:37:41.318349
page_193,193,3,3,page_193_semantic_3.csv,SCORE_TIED_RECENCY,73.92,True,tied(gap=0.00)_recency(2026-05-07),page_193_semantic_1.csv=73.92; page_193_semantic_2.csv=73.66; page_193_semantic_3.csv=73.92,False,True,2026-06-28T20:37:50.013349
page_194,194,3,3,page_194_semantic_3.csv,SCORE_TIED_RECENCY,79.02,True,tied(gap=0.00)_recency(2026-05-07),page_194_semantic_1.csv=79.02; page_194_semantic_2.csv=79.02; page_194_semantic_3.csv=79.02,False,True,2026-06-28T20:37:58.093816
page_195,195,3,3,page_195_semantic_2.csv,SCORE_TIED_RECENCY,78.42,True,tied(gap=0.00)_recency(2026-05-07),page_195_semantic_1.csv=78.42; page_195_semantic_2.csv=78.42; page_195_semantic_3.csv=77.00,False,True,2026-06-28T20:38:05.840068
page_196,196,3,3,page_196_semantic_3.csv,SCORE_TIED_RECENCY,74.86,True,tied(gap=0.00)_recency(2026-05-07),page_196_semantic_1.csv=74.86; page_196_semantic_2.csv=74.85; page_196_semantic_3.csv=74.86,False,True,2026-06-28T20:38:13.673834
page_197,197,3,3,page_197_semantic_3.csv,SCORE_TIED_RECENCY,74.29,True,tied(gap=0.00)_recency(2026-05-07),page_197_semantic_1.csv=74.29; page_197_semantic_2.csv=74.10; page_197_semantic_3.csv=74.29,False,True,2026-06-28T20:38:22.162641
page_198,198,3,3,page_198_semantic_2.csv,SCORE_TIED_RECENCY,78.04,True,tied(gap=0.00)_recency(2026-05-07),page_198_semantic_1.csv=78.04; page_198_semantic_2.csv=78.04; page_198_semantic_3.csv=77.72,False,True,2026-06-28T20:38:29.777927
page_199,199,3,3,page_199_semantic_2.csv,SCORE_TIED_RECENCY,79.2,True,tied(gap=0.00)_recency(2026-05-07),page_199_semantic_1.csv=79.20; page_199_semantic_2.csv=79.20; page_199_semantic_3.csv=79.12,False,True,2026-06-28T20:38:37.722725
page_200,200,3,3,page_200_semantic_3.csv,SCORE_CLEAR,76.69,False,score_gap(76.69_vs_76.39),page_200_semantic_1.csv=76.39; page_200_semantic_2.csv=76.39; page_200_semantic_3.csv=76.69,False,True,2026-06-28T20:38:46.485715
page_201,201,3,3,page_201_semantic_2.csv,SCORE_TIED_RECENCY,79.32,True,tied(gap=0.00)_recency(2026-05-07),page_201_semantic_1.csv=79.32; page_201_semantic_2.csv=79.32; page_201_semantic_3.csv=78.86,False,True,2026-06-28T20:38:53.911254
page_202,202,3,3,page_202_semantic_2.csv,SCORE_CLEAR,75.9,False,score_gap(75.90_vs_74.25),page_202_semantic_1.csv=74.25; page_202_semantic_2.csv=75.90; page_202_semantic_3.csv=74.25,False,True,2026-06-28T20:39:03.113487
page_203,203,3,3,page_203_semantic_2.csv,SCORE_TIED_RECENCY,79.61,True,tied(gap=0.04)_recency(2026-05-07),page_203_semantic_1.csv=79.57; page_203_semantic_2.csv=79.61; page_203_semantic_3.csv=79.57,False,True,2026-06-28T20:39:11.444323
page_204,204,3,3,page_204_semantic_3.csv,SCORE_CLEAR,79.25,False,score_gap(79.25_vs_78.99),page_204_semantic_1.csv=78.99; page_204_semantic_2.csv=78.99; page_204_semantic_3.csv=79.25,False,True,2026-06-28T20:39:19.135745
page_205,205,3,3,page_205_semantic_2.csv,SCORE_TIED_RECENCY,79.34,True,tied(gap=0.00)_recency(2026-05-07),page_205_semantic_1.csv=79.34; page_205_semantic_2.csv=79.34; page_205_semantic_3.csv=79.30,False,True,2026-06-28T20:39:26.904571
page_206,206,3,3,page_206_semantic_2.csv,SCORE_TIED_RECENCY,76.46,True,tied(gap=0.03)_recency(2026-05-07),page_206_semantic_1.csv=76.43; page_206_semantic_2.csv=76.46; page_206_semantic_3.csv=76.43,False,True,2026-06-28T20:39:34.023627
page_207,207,3,3,page_207_semantic_2.csv,SCORE_CLEAR,74.83,False,score_gap(74.83_vs_74.55),page_207_semantic_1.csv=74.55; page_207_semantic_2.csv=74.83; page_207_semantic_3.csv=74.55,False,True,2026-06-28T20:39:41.436600
page_208,208,3,3,page_208_semantic_3.csv,SCORE_CLEAR,77.67,False,score_gap(77.67_vs_77.51),page_208_semantic_1.csv=77.51; page_208_semantic_2.csv=77.51; page_208_semantic_3.csv=77.67,False,True,2026-06-28T20:39:48.600895
page_209,209,3,3,page_209_semantic_2.csv,SCORE_TIED_RECENCY,77.47,True,tied(gap=0.00)_recency(2026-05-07),page_209_semantic_1.csv=77.47; page_209_semantic_2.csv=77.47; page_209_semantic_3.csv=75.88,False,True,2026-06-28T20:39:56.367596
page_210,210,3,3,page_210_semantic_2.csv,SCORE_TIED_RECENCY,76.81,True,tied(gap=0.00)_recency(2026-05-07),page_210_semantic_1.csv=76.81; page_210_semantic_2.csv=76.81; page_210_semantic_3.csv=76.50,False,True,2026-06-28T20:40:04.813674
page_211,211,3,3,page_211_semantic_2.csv,SCORE_TIED_RECENCY,80.36,True,tied(gap=0.00)_recency(2026-05-07),page_211_semantic_1.csv=80.36; page_211_semantic_2.csv=80.36; page_211_semantic_3.csv=80.34,False,True,2026-06-28T20:40:12.444681
page_212,212,3,3,page_212_semantic_2.csv,SCORE_CLEAR,75.08,False,score_gap(75.08_vs_74.58),page_212_semantic_1.csv=74.58; page_212_semantic_2.csv=75.08; page_212_semantic_3.csv=74.58,False,True,2026-06-28T20:40:21.269885
page_213,213,3,3,page_213_semantic_2.csv,SCORE_CLEAR,75.62,False,score_gap(75.62_vs_72.30),page_213_semantic_1.csv=72.30; page_213_semantic_2.csv=75.62; page_213_semantic_3.csv=72.30,False,True,2026-06-28T20:40:29.021922
page_214,214,3,3,page_214_semantic_3.csv,SCORE_TIED_RECENCY,79.24,True,tied(gap=0.10)_recency(2026-05-07),page_214_semantic_1.csv=79.14; page_214_semantic_2.csv=79.14; page_214_semantic_3.csv=79.24,False,True,2026-06-28T20:40:36.715057
page_215,215,3,3,page_215_semantic_3.csv,SCORE_CLEAR,76.7,False,score_gap(76.70_vs_76.53),page_215_semantic_1.csv=76.53; page_215_semantic_2.csv=76.53; page_215_semantic_3.csv=76.70,False,True,2026-06-28T20:40:44.395382
page_216,216,3,3,page_216_semantic_3.csv,SCORE_TIED_RECENCY,73.41,True,tied(gap=0.00)_recency(2026-05-07),page_216_semantic_1.csv=73.41; page_216_semantic_2.csv=73.41; page_216_semantic_3.csv=73.41,False,True,2026-06-28T20:40:53.129816
page_217,217,3,3,page_217_semantic_2.csv,SCORE_CLEAR,72.65,False,score_gap(72.65_vs_72.46),page_217_semantic_1.csv=72.46; page_217_semantic_2.csv=72.65; page_217_semantic_3.csv=72.46,False,True,2026-06-28T20:41:01.112769
page_218,218,3,3,page_218_semantic_3.csv,SCORE_TIED_RECENCY,76.04,True,tied(gap=0.00)_recency(2026-05-07),page_218_semantic_1.csv=76.04; page_218_semantic_2.csv=76.04; page_218_semantic_3.csv=76.04,False,True,2026-06-28T20:41:10.321894
page_219,219,3,3,page_219_semantic_2.csv,SCORE_TIED_RECENCY,76.74,True,tied(gap=0.00)_recency(2026-05-07),page_219_semantic_1.csv=76.74; page_219_semantic_2.csv=76.74; page_219_semantic_3.csv=75.90,False,True,2026-06-28T20:41:17.675499
page_220,220,3,3,page_220_semantic_2.csv,SCORE_CLEAR,75.96,False,score_gap(75.96_vs_75.61),page_220_semantic_1.csv=75.61; page_220_semantic_2.csv=75.96; page_220_semantic_3.csv=75.61,False,True,2026-06-28T20:41:25.275866
page_221,221,3,3,page_221_semantic_3.csv,SCORE_TIED_RECENCY,73.65,True,tied(gap=0.00)_recency(2026-05-07),page_221_semantic_1.csv=73.65; page_221_semantic_2.csv=72.21; page_221_semantic_3.csv=73.65,False,True,2026-06-28T20:41:33.036891
page_222,222,3,3,page_222_semantic_3.csv,SCORE_CLEAR,78.84,False,score_gap(78.84_vs_77.91),page_222_semantic_1.csv=77.91; page_222_semantic_2.csv=77.91; page_222_semantic_3.csv=78.84,False,True,2026-06-28T20:41:41.228562
page_223,223,3,3,page_223_semantic_3.csv,SCORE_TIED_RECENCY,80.07,True,tied(gap=0.04)_recency(2026-05-07),page_223_semantic_1.csv=80.03; page_223_semantic_2.csv=80.03; page_223_semantic_3.csv=80.07,False,True,2026-06-28T20:41:49.693519
page_224,224,3,3,page_224_semantic_3.csv,SCORE_TIED_RECENCY,74.87,True,tied(gap=0.00)_recency(2026-05-07),page_224_semantic_1.csv=74.87; page_224_semantic_2.csv=74.69; page_224_semantic_3.csv=74.87,False,True,2026-06-28T20:41:57.833932
page_225,225,3,3,page_225_semantic_3.csv,SCORE_TIED_RECENCY,75.28,True,tied(gap=0.00)_recency(2026-05-07),page_225_semantic_1.csv=75.28; page_225_semantic_2.csv=75.22; page_225_semantic_3.csv=75.28,False,True,2026-06-28T20:42:05.705024
page_226,226,3,3,page_226_semantic_3.csv,SCORE_CLEAR,76.67,False,score_gap(76.67_vs_76.56),page_226_semantic_1.csv=76.56; page_226_semantic_2.csv=76.56; page_226_semantic_3.csv=76.67,False,True,2026-06-28T20:42:13.614275
page_227,227,3,3,page_227_semantic_3.csv,SCORE_CLEAR,77.04,False,score_gap(77.04_vs_75.97),page_227_semantic_1.csv=75.97; page_227_semantic_2.csv=75.97; page_227_semantic_3.csv=77.04,False,True,2026-06-28T20:42:21.532522
page_228,228,3,3,page_228_semantic_3.csv,SCORE_TIED_RECENCY,74.96,True,tied(gap=0.00)_recency(2026-05-07),page_228_semantic_1.csv=74.96; page_228_semantic_2.csv=74.96; page_228_semantic_3.csv=74.96,False,True,2026-06-28T20:42:30.540923
page_229,229,3,3,page_229_semantic_2.csv,SCORE_TIED_RECENCY,75.17,True,tied(gap=0.03)_recency(2026-05-07),page_229_semantic_1.csv=75.14; page_229_semantic_2.csv=75.17; page_229_semantic_3.csv=75.14,False,True,2026-06-28T20:42:39.086299
page_230,230,3,3,page_230_semantic_3.csv,SCORE_TIED_RECENCY,74.39,True,tied(gap=0.00)_recency(2026-05-07),page_230_semantic_1.csv=74.39; page_230_semantic_2.csv=74.19; page_230_semantic_3.csv=74.39,False,True,2026-06-28T20:42:47.035364
page_231,231,3,3,page_231_semantic_2.csv,SCORE_CLEAR,76.18,False,score_gap(76.18_vs_75.98),page_231_semantic_1.csv=75.98; page_231_semantic_2.csv=76.18; page_231_semantic_3.csv=75.98,False,True,2026-06-28T20:42:54.900684
page_232,232,3,3,page_232_semantic_3.csv,SCORE_TIED_RECENCY,81.34,True,tied(gap=0.07)_recency(2026-05-07),page_232_semantic_1.csv=81.27; page_232_semantic_2.csv=81.27; page_232_semantic_3.csv=81.34,False,True,2026-06-28T20:43:03.026388
page_233,233,3,3,page_233_semantic_3.csv,SCORE_TIED_RECENCY,79.26,True,tied(gap=0.09)_recency(2026-05-07),page_233_semantic_1.csv=79.17; page_233_semantic_2.csv=79.17; page_233_semantic_3.csv=79.26,False,True,2026-06-28T20:43:11.175127
page_234,234,3,3,page_234_semantic_2.csv,SCORE_TIED_RECENCY,75.55,True,tied(gap=0.08)_recency(2026-05-07),page_234_semantic_1.csv=75.47; page_234_semantic_2.csv=75.55; page_234_semantic_3.csv=75.47,False,True,2026-06-28T20:43:19.312311
page_235,235,3,3,page_235_semantic_3.csv,SCORE_TIED_RECENCY,75.13,True,tied(gap=0.00)_recency(2026-05-07),page_235_semantic_1.csv=75.13; page_235_semantic_2.csv=75.05; page_235_semantic_3.csv=75.13,False,True,2026-06-28T20:43:26.900656
page_236,236,3,3,page_236_semantic_3.csv,SCORE_CLEAR,79.37,False,score_gap(79.37_vs_79.14),page_236_semantic_1.csv=79.14; page_236_semantic_2.csv=79.14; page_236_semantic_3.csv=79.37,False,True,2026-06-28T20:43:35.101183
page_237,237,3,3,page_237_semantic_2.csv,SCORE_TIED_RECENCY,80.44,True,tied(gap=0.00)_recency(2026-05-07),page_237_semantic_1.csv=80.44; page_237_semantic_2.csv=80.44; page_237_semantic_3.csv=80.28,False,True,2026-06-28T20:43:43.703253
page_238,238,3,3,page_238_semantic_3.csv,SCORE_TIED_RECENCY,75.0,True,tied(gap=0.00)_recency(2026-05-07),page_238_semantic_1.csv=75.00; page_238_semantic_2.csv=74.20; page_238_semantic_3.csv=75.00,False,True,2026-06-28T20:43:51.208383
page_239,239,3,3,page_239_semantic_3.csv,SCORE_TIED_RECENCY,74.32,True,tied(gap=0.00)_recency(2026-05-07),page_239_semantic_1.csv=74.32; page_239_semantic_2.csv=74.13; page_239_semantic_3.csv=74.32,False,True,2026-06-28T20:43:59.577923
page_240,240,3,3,page_240_semantic_3.csv,SCORE_TIED_RECENCY,80.81,True,tied(gap=0.00)_recency(2026-05-07),page_240_semantic_1.csv=80.81; page_240_semantic_2.csv=80.81; page_240_semantic_3.csv=80.81,False,True,2026-06-28T20:44:07.460358
page_241,241,3,3,page_241_semantic_3.csv,SCORE_CLEAR,79.52,False,score_gap(79.52_vs_75.69),page_241_semantic_1.csv=75.69; page_241_semantic_2.csv=75.69; page_241_semantic_3.csv=79.52,False,True,2026-06-28T20:44:15.445317
page_242,242,3,3,page_242_semantic_3.csv,SCORE_TIED_RECENCY,78.72,True,tied(gap=0.00)_recency(2026-05-07),page_242_semantic_1.csv=78.72; page_242_semantic_2.csv=78.72; page_242_semantic_3.csv=78.72,False,True,2026-06-28T20:44:23.333895
page_243,243,3,3,page_243_semantic_2.csv,SCORE_TIED_RECENCY,75.4,True,tied(gap=0.08)_recency(2026-05-07),page_243_semantic_1.csv=75.32; page_243_semantic_2.csv=75.40; page_243_semantic_3.csv=75.32,False,True,2026-06-28T20:44:31.484339
page_244,244,3,3,page_244_semantic_2.csv,SCORE_TIED_RECENCY,77.59,True,tied(gap=0.00)_recency(2026-05-07),page_244_semantic_1.csv=77.59; page_244_semantic_2.csv=77.59; page_244_semantic_3.csv=77.27,False,True,2026-06-28T20:44:39.001091
page_245,245,3,3,page_245_semantic_3.csv,SCORE_TIED_RECENCY,76.75,True,tied(gap=0.07)_recency(2026-05-07),page_245_semantic_1.csv=76.68; page_245_semantic_2.csv=76.68; page_245_semantic_3.csv=76.75,False,True,2026-06-28T20:44:47.500768
page_246,246,3,3,page_246_semantic_3.csv,SCORE_TIED_RECENCY,76.55,True,tied(gap=0.00)_recency(2026-05-07),page_246_semantic_1.csv=76.55; page_246_semantic_2.csv=76.33; page_246_semantic_3.csv=76.55,False,True,2026-06-28T20:44:55.411124
page_247,247,3,3,page_247_semantic_3.csv,SCORE_TIED_RECENCY,76.62,True,tied(gap=0.00)_recency(2026-05-07),page_247_semantic_1.csv=76.62; page_247_semantic_2.csv=76.62; page_247_semantic_3.csv=76.62,False,True,2026-06-28T20:45:03.374184
page_248,248,3,3,page_248_semantic_2.csv,SCORE_TIED_RECENCY,79.96,True,tied(gap=0.00)_recency(2026-05-07),page_248_semantic_1.csv=79.96; page_248_semantic_2.csv=79.96; page_248_semantic_3.csv=77.31,False,True,2026-06-28T20:45:12.002181
page_249,249,3,3,page_249_semantic_3.csv,SCORE_CLEAR,78.56,False,score_gap(78.56_vs_77.74),page_249_semantic_1.csv=77.74; page_249_semantic_2.csv=77.74; page_249_semantic_3.csv=78.56,False,True,2026-06-28T20:45:20.944402
page_250,250,3,3,page_250_semantic_2.csv,SCORE_TIED_RECENCY,77.53,True,tied(gap=0.00)_recency(2026-05-07),page_250_semantic_1.csv=77.53; page_250_semantic_2.csv=77.53; page_250_semantic_3.csv=77.28,False,True,2026-06-28T20:45:29.281448
page_251,251,3,3,page_251_semantic_3.csv,SCORE_CLEAR,78.64,False,score_gap(78.64_vs_78.46),page_251_semantic_1.csv=78.46; page_251_semantic_2.csv=78.46; page_251_semantic_3.csv=78.64,False,True,2026-06-28T20:45:37.475780
page_252,252,3,3,page_252_semantic_2.csv,SCORE_TIED_RECENCY,76.02,True,tied(gap=0.04)_recency(2026-05-07),page_252_semantic_1.csv=75.98; page_252_semantic_2.csv=76.02; page_252_semantic_3.csv=75.98,False,True,2026-06-28T20:45:45.337620
page_253,253,3,3,page_253_semantic_2.csv,SCORE_TIED_RECENCY,76.91,True,tied(gap=0.08)_recency(2026-05-07),page_253_semantic_1.csv=76.83; page_253_semantic_2.csv=76.91; page_253_semantic_3.csv=76.83,False,True,2026-06-28T20:45:53.346639
page_254,254,3,3,page_254_semantic_3.csv,SCORE_CLEAR,77.86,False,score_gap(77.86_vs_77.73),page_254_semantic_1.csv=77.73; page_254_semantic_2.csv=77.73; page_254_semantic_3.csv=77.86,False,True,2026-06-28T20:46:01.101418
page_255,255,3,3,page_255_semantic_2.csv,SCORE_TIED_RECENCY,77.24,True,tied(gap=0.00)_recency(2026-05-07),page_255_semantic_1.csv=77.24; page_255_semantic_2.csv=77.24; page_255_semantic_3.csv=76.99,False,True,2026-06-28T20:46:08.705977
page_256,256,3,3,page_256_semantic_2.csv,SCORE_TIED_RECENCY,76.51,True,tied(gap=0.03)_recency(2026-05-07),page_256_semantic_1.csv=76.48; page_256_semantic_2.csv=76.51; page_256_semantic_3.csv=76.48,False,True,2026-06-28T20:46:16.164130
page_257,257,3,3,page_257_semantic_3.csv,SCORE_TIED_RECENCY,74.95,True,tied(gap=0.00)_recency(2026-05-07),page_257_semantic_1.csv=74.95; page_257_semantic_2.csv=74.82; page_257_semantic_3.csv=74.95,False,True,2026-06-28T20:46:25.359885
page_258,258,3,3,page_258_semantic_3.csv,SCORE_CLEAR,78.98,False,score_gap(78.98_vs_78.83),page_258_semantic_1.csv=78.83; page_258_semantic_2.csv=78.83; page_258_semantic_3.csv=78.98,False,True,2026-06-28T20:46:33.693432
page_259,259,3,3,page_259_semantic_3.csv,SCORE_TIED_RECENCY,78.75,True,tied(gap=0.01)_recency(2026-05-07),page_259_semantic_1.csv=78.74; page_259_semantic_2.csv=78.74; page_259_semantic_3.csv=78.75,False,True,2026-06-28T20:46:41.560797
page_260,260,3,3,page_260_semantic_3.csv,SCORE_TIED_RECENCY,78.17,True,tied(gap=0.00)_recency(2026-05-07),page_260_semantic_1.csv=78.17; page_260_semantic_2.csv=78.08; page_260_semantic_3.csv=78.17,False,True,2026-06-28T20:46:49.359317
page_261,261,3,3,page_261_semantic_2.csv,SCORE_CLEAR,76.62,False,score_gap(76.62_vs_75.46),page_261_semantic_1.csv=75.46; page_261_semantic_2.csv=76.62; page_261_semantic_3.csv=75.46,False,True,2026-06-28T20:46:57.760003
page_262,262,3,3,page_262_semantic_3.csv,SCORE_TIED_RECENCY,80.97,True,tied(gap=0.04)_recency(2026-05-07),page_262_semantic_1.csv=80.93; page_262_semantic_2.csv=80.93; page_262_semantic_3.csv=80.97,False,True,2026-06-28T20:47:05.835014
page_263,263,3,3,page_263_semantic_3.csv,SCORE_TIED_RECENCY,79.45,True,tied(gap=0.00)_recency(2026-05-07),page_263_semantic_1.csv=79.45; page_263_semantic_2.csv=79.45; page_263_semantic_3.csv=79.45,False,True,2026-06-28T20:47:13.323618
page_264,264,3,3,page_264_semantic_3.csv,SCORE_TIED_RECENCY,74.01,True,tied(gap=0.00)_recency(2026-05-07),page_264_semantic_1.csv=74.01; page_264_semantic_2.csv=73.79; page_264_semantic_3.csv=74.01,False,True,2026-06-28T20:47:21.208882
page_265,265,3,3,page_265_semantic_3.csv,SCORE_TIED_RECENCY,78.23,True,tied(gap=0.00)_recency(2026-05-07),page_265_semantic_1.csv=78.23; page_265_semantic_2.csv=78.23; page_265_semantic_3.csv=78.23,False,True,2026-06-28T20:47:28.581633
page_266,266,3,3,page_266_semantic_3.csv,SCORE_TIED_RECENCY,79.04,True,tied(gap=0.04)_recency(2026-05-07),page_266_semantic_1.csv=79.00; page_266_semantic_2.csv=79.00; page_266_semantic_3.csv=79.04,False,True,2026-06-28T20:47:36.569096
page_267,267,3,3,page_267_semantic_3.csv,SCORE_TIED_RECENCY,81.07,True,tied(gap=0.05)_recency(2026-05-07),page_267_semantic_1.csv=81.02; page_267_semantic_2.csv=81.02; page_267_semantic_3.csv=81.07,False,True,2026-06-28T20:47:44.462586
page_268,268,3,3,page_268_semantic_2.csv,SCORE_CLEAR,74.21,False,score_gap(74.21_vs_73.31),page_268_semantic_1.csv=73.31; page_268_semantic_2.csv=74.21; page_268_semantic_3.csv=73.31,False,True,2026-06-28T20:47:52.549744
page_269,269,3,3,page_269_semantic_3.csv,SCORE_TIED_RECENCY,75.86,True,tied(gap=0.00)_recency(2026-05-07),page_269_semantic_1.csv=75.86; page_269_semantic_2.csv=75.48; page_269_semantic_3.csv=75.86,False,True,2026-06-28T20:48:00.979924
page_270,270,3,3,page_270_semantic_2.csv,SCORE_CLEAR,74.71,False,score_gap(74.71_vs_74.49),page_270_semantic_1.csv=74.49; page_270_semantic_2.csv=74.71; page_270_semantic_3.csv=74.49,False,True,2026-06-28T20:48:09.543185
page_271,271,3,3,page_271_semantic_2.csv,SCORE_CLEAR,73.46,False,score_gap(73.46_vs_69.60),page_271_semantic_1.csv=69.60; page_271_semantic_2.csv=73.46; page_271_semantic_3.csv=69.60,False,True,2026-06-28T20:48:17.195172
page_272,272,3,3,page_272_semantic_2.csv,SCORE_TIED_RECENCY,77.94,True,tied(gap=0.00)_recency(2026-05-07),page_272_semantic_1.csv=77.94; page_272_semantic_2.csv=77.94; page_272_semantic_3.csv=77.31,False,True,2026-06-28T20:48:25.068294
page_273,273,3,3,page_273_semantic_3.csv,SCORE_CLEAR,80.42,False,score_gap(80.42_vs_80.08),page_273_semantic_1.csv=80.08; page_273_semantic_2.csv=80.08; page_273_semantic_3.csv=80.42,False,True,2026-06-28T20:48:33.538613
page_274,274,3,3,page_274_semantic_3.csv,SCORE_TIED_RECENCY,77.72,True,tied(gap=0.00)_recency(2026-05-07),page_274_semantic_1.csv=77.72; page_274_semantic_2.csv=77.72; page_274_semantic_3.csv=77.72,False,True,2026-06-28T20:48:41.358491
page_275,275,3,3,page_275_semantic_3.csv,SCORE_TIED_RECENCY,74.65,True,tied(gap=0.00)_recency(2026-05-07),page_275_semantic_1.csv=74.65; page_275_semantic_2.csv=74.44; page_275_semantic_3.csv=74.65,False,True,2026-06-28T20:48:49.187027
page_276,276,3,3,page_276_semantic_2.csv,SCORE_TIED_RECENCY,79.23,True,tied(gap=0.00)_recency(2026-05-07),page_276_semantic_1.csv=79.23; page_276_semantic_2.csv=79.23; page_276_semantic_3.csv=78.72,False,True,2026-06-28T20:48:56.955507
page_277,277,3,3,page_277_semantic_2.csv,SCORE_TIED_RECENCY,80.26,True,tied(gap=0.00)_recency(2026-05-07),page_277_semantic_1.csv=80.26; page_277_semantic_2.csv=80.26; page_277_semantic_3.csv=80.22,False,True,2026-06-28T20:49:05.045485
page_278,278,3,3,page_278_semantic_3.csv,SCORE_TIED_RECENCY,77.78,True,tied(gap=0.00)_recency(2026-05-07),page_278_semantic_1.csv=77.78; page_278_semantic_2.csv=77.65; page_278_semantic_3.csv=77.78,False,True,2026-06-28T20:49:13.194744
page_279,279,3,3,page_279_semantic_3.csv,SCORE_TIED_RECENCY,76.73,True,tied(gap=0.00)_recency(2026-05-07),page_279_semantic_1.csv=76.73; page_279_semantic_2.csv=76.69; page_279_semantic_3.csv=76.73,False,True,2026-06-28T20:49:20.815276
page_280,280,3,3,page_280_semantic_2.csv,SCORE_CLEAR,76.9,False,score_gap(76.90_vs_76.67),page_280_semantic_1.csv=76.67; page_280_semantic_2.csv=76.90; page_280_semantic_3.csv=76.67,False,True,2026-06-28T20:49:28.393340
page_281,281,3,3,page_281_semantic_3.csv,SCORE_TIED_RECENCY,75.08,True,tied(gap=0.00)_recency(2026-05-07),page_281_semantic_1.csv=75.08; page_281_semantic_2.csv=75.02; page_281_semantic_3.csv=75.08,False,True,2026-06-28T20:49:35.898111
page_282,282,3,3,page_282_semantic_2.csv,SCORE_TIED_RECENCY,79.4,True,tied(gap=0.00)_recency(2026-05-07),page_282_semantic_1.csv=79.40; page_282_semantic_2.csv=79.40; page_282_semantic_3.csv=79.10,False,True,2026-06-28T20:49:43.307612
page_283,283,3,3,page_283_semantic_2.csv,SCORE_TIED_RECENCY,78.45,True,tied(gap=0.00)_recency(2026-05-07),page_283_semantic_1.csv=78.45; page_283_semantic_2.csv=78.45; page_283_semantic_3.csv=76.52,False,True,2026-06-28T20:49:50.694635
page_284,284,3,3,page_284_semantic_3.csv,SCORE_TIED_RECENCY,77.42,True,tied(gap=0.00)_recency(2026-05-07),page_284_semantic_1.csv=77.42; page_284_semantic_2.csv=77.32; page_284_semantic_3.csv=77.42,False,True,2026-06-28T20:49:58.603244
page_285,285,3,3,page_285_semantic_2.csv,SCORE_CLEAR,79.54,False,score_gap(79.54_vs_79.42),page_285_semantic_1.csv=79.42; page_285_semantic_2.csv=79.54; page_285_semantic_3.csv=79.42,False,True,2026-06-28T20:50:06.212362
page_286,286,3,3,page_286_semantic_3.csv,SCORE_TIED_RECENCY,82.95,True,tied(gap=0.00)_recency(2026-05-07),page_286_semantic_1.csv=82.95; page_286_semantic_2.csv=82.95; page_286_semantic_3.csv=82.95,False,True,2026-06-28T20:50:14.167914
page_287,287,3,3,page_287_semantic_3.csv,SCORE_CLEAR,81.76,False,score_gap(81.76_vs_76.00),page_287_semantic_1.csv=76.00; page_287_semantic_2.csv=76.00; page_287_semantic_3.csv=81.76,False,True,2026-06-28T20:50:22.462527
page_288,288,3,3,page_288_semantic_3.csv,SCORE_TIED_RECENCY,79.1,True,tied(gap=0.00)_recency(2026-05-07),page_288_semantic_1.csv=79.10; page_288_semantic_2.csv=78.80; page_288_semantic_3.csv=79.10,False,True,2026-06-28T20:50:30.788470
page_289,289,3,3,page_289_semantic_2.csv,SCORE_CLEAR,75.67,False,score_gap(75.67_vs_75.15),page_289_semantic_1.csv=75.15; page_289_semantic_2.csv=75.67; page_289_semantic_3.csv=75.15,False,True,2026-06-28T20:50:38.348599
page_290,290,3,3,page_290_semantic_2.csv,SCORE_CLEAR,74.83,False,score_gap(74.83_vs_74.58),page_290_semantic_1.csv=74.58; page_290_semantic_2.csv=74.83; page_290_semantic_3.csv=74.58,False,True,2026-06-28T20:50:47.348354
page_291,291,3,3,page_291_semantic_2.csv,SCORE_CLEAR,74.77,False,score_gap(74.77_vs_74.50),page_291_semantic_1.csv=74.50; page_291_semantic_2.csv=74.77; page_291_semantic_3.csv=74.50,False,True,2026-06-28T20:50:56.386903
page_292,292,3,3,page_292_semantic_3.csv,SCORE_CLEAR,77.03,False,score_gap(77.03_vs_76.80),page_292_semantic_1.csv=76.80; page_292_semantic_2.csv=76.80; page_292_semantic_3.csv=77.03,False,True,2026-06-28T20:51:05.314562
page_293,293,3,3,page_293_semantic_2.csv,SCORE_TIED_RECENCY,80.4,True,tied(gap=0.00)_recency(2026-05-07),page_293_semantic_1.csv=80.40; page_293_semantic_2.csv=80.40; page_293_semantic_3.csv=80.28,False,True,2026-06-28T20:51:13.037177
page_294,294,3,3,page_294_semantic_3.csv,SCORE_TIED_RECENCY,76.78,True,tied(gap=0.00)_recency(2026-05-07),page_294_semantic_1.csv=76.78; page_294_semantic_2.csv=76.62; page_294_semantic_3.csv=76.78,False,True,2026-06-28T20:51:21.382152
page_295,295,3,3,page_295_semantic_3.csv,SCORE_TIED_RECENCY,73.24,True,tied(gap=0.00)_recency(2026-05-07),page_295_semantic_1.csv=73.24; page_295_semantic_2.csv=72.39; page_295_semantic_3.csv=73.24,False,True,2026-06-28T20:51:29.780744
page_296,296,3,3,page_296_semantic_3.csv,SCORE_CLEAR,79.22,False,score_gap(79.22_vs_79.01),page_296_semantic_1.csv=79.01; page_296_semantic_2.csv=79.01; page_296_semantic_3.csv=79.22,False,True,2026-06-28T20:51:39.064816
page_297,297,3,3,page_297_semantic_3.csv,SCORE_TIED_RECENCY,80.88,True,tied(gap=0.00)_recency(2026-05-07),page_297_semantic_1.csv=80.88; page_297_semantic_2.csv=80.88; page_297_semantic_3.csv=80.88,False,True,2026-06-28T20:51:47.103607
page_298,298,3,3,page_298_semantic_3.csv,SCORE_TIED_RECENCY,76.81,True,tied(gap=0.00)_recency(2026-05-07),page_298_semantic_1.csv=76.81; page_298_semantic_2.csv=76.58; page_298_semantic_3.csv=76.81,False,True,2026-06-28T20:51:54.940551
page_299,299,3,3,page_299_semantic_3.csv,SCORE_TIED_RECENCY,75.11,True,tied(gap=0.00)_recency(2026-05-07),page_299_semantic_1.csv=75.11; page_299_semantic_2.csv=75.01; page_299_semantic_3.csv=75.11,False,True,2026-06-28T20:52:02.919839
page_300,300,3,3,page_300_semantic_2.csv,SCORE_CLEAR,76.87,False,score_gap(76.87_vs_76.66),page_300_semantic_1.csv=76.66; page_300_semantic_2.csv=76.87; page_300_semantic_3.csv=76.66,False,True,2026-06-28T20:52:11.128145
page_301,301,3,3,page_301_semantic_2.csv,SCORE_CLEAR,73.96,False,score_gap(73.96_vs_72.86),page_301_semantic_1.csv=72.86; page_301_semantic_2.csv=73.96; page_301_semantic_3.csv=72.86,False,True,2026-06-28T20:52:18.922411
page_302,302,3,3,page_302_semantic_2.csv,SCORE_TIED_RECENCY,79.32,True,tied(gap=0.00)_recency(2026-05-07),page_302_semantic_1.csv=79.32; page_302_semantic_2.csv=79.32; page_302_semantic_3.csv=79.20,False,True,2026-06-28T20:52:27.238996
page_303,303,3,3,page_303_semantic_3.csv,SCORE_TIED_RECENCY,76.36,True,tied(gap=0.00)_recency(2026-05-07),page_303_semantic_1.csv=76.36; page_303_semantic_2.csv=76.36; page_303_semantic_3.csv=76.36,False,True,2026-06-28T20:52:35.176639
page_304,304,3,3,page_304_semantic_3.csv,SCORE_TIED_RECENCY,72.87,True,tied(gap=0.00)_recency(2026-05-07),page_304_semantic_1.csv=72.87; page_304_semantic_2.csv=72.72; page_304_semantic_3.csv=72.87,False,True,2026-06-28T20:52:43.132726
page_305,305,3,3,page_305_semantic_2.csv,SCORE_CLEAR,73.47,False,score_gap(73.47_vs_73.26),page_305_semantic_1.csv=73.26; page_305_semantic_2.csv=73.47; page_305_semantic_3.csv=73.26,False,True,2026-06-28T20:52:50.845979
page_306,306,3,3,page_306_semantic_3.csv,SCORE_CLEAR,76.92,False,score_gap(76.92_vs_76.19),page_306_semantic_1.csv=76.19; page_306_semantic_2.csv=76.19; page_306_semantic_3.csv=76.92,False,True,2026-06-28T20:52:58.412992
page_307,307,3,3,page_307_semantic_2.csv,SCORE_TIED_RECENCY,80.93,True,tied(gap=0.00)_recency(2026-05-07),page_307_semantic_1.csv=80.93; page_307_semantic_2.csv=80.93; page_307_semantic_3.csv=80.85,False,True,2026-06-28T20:53:05.537116
page_308,308,3,3,page_308_semantic_2.csv,SCORE_CLEAR,78.2,False,score_gap(78.20_vs_77.96),page_308_semantic_1.csv=77.96; page_308_semantic_2.csv=78.20; page_308_semantic_3.csv=77.96,False,True,2026-06-28T20:53:13.076905
page_309,309,3,3,page_309_semantic_2.csv,SCORE_TIED_RECENCY,76.41,True,tied(gap=0.04)_recency(2026-05-07),page_309_semantic_1.csv=76.37; page_309_semantic_2.csv=76.41; page_309_semantic_3.csv=76.37,False,True,2026-06-28T20:53:20.122458
page_310,310,3,3,page_310_semantic_2.csv,SCORE_CLEAR,71.94,False,score_gap(71.94_vs_71.69),page_310_semantic_1.csv=71.69; page_310_semantic_2.csv=71.94; page_310_semantic_3.csv=71.69,False,True,2026-06-28T20:53:28.016844
page_311,311,3,3,page_311_semantic_2.csv,SCORE_CLEAR,75.28,False,score_gap(75.28_vs_74.68),page_311_semantic_1.csv=74.68; page_311_semantic_2.csv=75.28; page_311_semantic_3.csv=74.68,False,True,2026-06-28T20:53:35.655047
page_312,312,3,3,page_312_semantic_3.csv,SCORE_TIED_RECENCY,79.12,True,tied(gap=0.00)_recency(2026-05-07),page_312_semantic_1.csv=79.12; page_312_semantic_2.csv=79.12; page_312_semantic_3.csv=79.12,False,True,2026-06-28T20:53:43.428396
page_313,313,3,3,page_313_semantic_2.csv,SCORE_TIED_RECENCY,77.9,True,tied(gap=0.00)_recency(2026-05-07),page_313_semantic_1.csv=77.90; page_313_semantic_2.csv=77.90; page_313_semantic_3.csv=77.61,False,True,2026-06-28T20:53:51.160126
page_314,314,3,3,page_314_semantic_3.csv,SCORE_TIED_RECENCY,73.21,True,tied(gap=0.00)_recency(2026-05-07),page_314_semantic_1.csv=73.21; page_314_semantic_2.csv=73.08; page_314_semantic_3.csv=73.21,False,True,2026-06-28T20:53:58.533118
page_315,315,3,3,page_315_semantic_3.csv,SCORE_TIED_RECENCY,74.46,True,tied(gap=0.00)_recency(2026-05-07),page_315_semantic_1.csv=74.46; page_315_semantic_2.csv=74.31; page_315_semantic_3.csv=74.46,False,True,2026-06-28T20:54:06.830248
page_316,316,3,3,page_316_semantic_3.csv,SCORE_CLEAR,77.92,False,score_gap(77.92_vs_77.15),page_316_semantic_1.csv=77.15; page_316_semantic_2.csv=77.15; page_316_semantic_3.csv=77.92,False,True,2026-06-28T20:54:14.301405
page_317,317,3,3,page_317_semantic_2.csv,SCORE_TIED_RECENCY,79.64,True,tied(gap=0.00)_recency(2026-05-07),page_317_semantic_1.csv=79.64; page_317_semantic_2.csv=79.64; page_317_semantic_3.csv=79.17,False,True,2026-06-28T20:54:22.599992
page_318,318,3,3,page_318_semantic_3.csv,SCORE_TIED_RECENCY,75.11,True,tied(gap=0.00)_recency(2026-05-07),page_318_semantic_1.csv=75.11; page_318_semantic_2.csv=74.76; page_318_semantic_3.csv=75.11,False,True,2026-06-28T20:54:30.688414
page_319,319,3,3,page_319_semantic_3.csv,SCORE_TIED_RECENCY,70.97,True,tied(gap=0.00)_recency(2026-05-07),page_319_semantic_1.csv=70.97; page_319_semantic_2.csv=70.97; page_319_semantic_3.csv=70.97,False,True,2026-06-28T20:54:38.162407
page_320,320,2,2,page_320_semantic_2.csv,SCORE_TIED_RECENCY,73.64,True,tied(gap=0.00)_recency(2026-06-29),page_320_semantic_1.csv=73.64; page_320_semantic_2.csv=73.64,False,True,2026-06-29T14:52:25.923936
page_321,321,3,3,page_321_semantic_2.csv,SCORE_TIED_RECENCY,74.57,True,tied(gap=0.00)_recency(2026-05-07),page_321_semantic_1.csv=74.57; page_321_semantic_2.csv=74.57; page_321_semantic_3.csv=73.27,False,True,2026-06-28T20:54:52.468719
page_322,322,3,3,page_322_semantic_3.csv,SCORE_TIED_RECENCY,71.94,True,tied(gap=0.00)_recency(2026-05-07),page_322_semantic_1.csv=71.94; page_322_semantic_2.csv=71.94; page_322_semantic_3.csv=71.94,False,True,2026-06-28T20:55:00.940403
page_323,323,3,3,page_323_semantic_3.csv,SCORE_TIED_RECENCY,77.74,True,tied(gap=0.00)_recency(2026-05-07),page_323_semantic_1.csv=77.74; page_323_semantic_2.csv=77.74; page_323_semantic_3.csv=77.74,False,True,2026-06-28T20:55:08.680551
page_324,324,3,3,page_324_semantic_3.csv,SCORE_CLEAR,76.16,False,score_gap(76.16_vs_75.22),page_324_semantic_1.csv=75.22; page_324_semantic_2.csv=75.22; page_324_semantic_3.csv=76.16,False,True,2026-06-28T20:55:16.463813
page_325,325,3,3,page_325_semantic_3.csv,SCORE_TIED_RECENCY,76.62,True,tied(gap=0.00)_recency(2026-05-07),page_325_semantic_1.csv=76.62; page_325_semantic_2.csv=76.62; page_325_semantic_3.csv=76.62,False,True,2026-06-28T20:55:24.958585
page_326,326,3,3,page_326_semantic_2.csv,SCORE_CLEAR,68.97,False,score_gap(68.97_vs_67.10),page_326_semantic_1.csv=67.10; page_326_semantic_2.csv=68.97; page_326_semantic_3.csv=67.10,False,True,2026-06-28T20:55:32.851466
page_327,327,3,3,page_327_semantic_3.csv,SCORE_TIED_RECENCY,73.97,True,tied(gap=0.00)_recency(2026-05-07),page_327_semantic_1.csv=73.97; page_327_semantic_2.csv=73.93; page_327_semantic_3.csv=73.97,False,True,2026-06-28T20:55:40.095351
page_328,328,3,3,page_328_semantic_2.csv,SCORE_TIED_RECENCY,76.3,True,tied(gap=0.00)_recency(2026-05-07),page_328_semantic_1.csv=76.30; page_328_semantic_2.csv=76.30; page_328_semantic_3.csv=75.40,False,True,2026-06-28T20:55:47.963954
page_329,329,3,3,page_329_semantic_3.csv,SCORE_TIED_RECENCY,77.34,True,tied(gap=0.00)_recency(2026-05-07),page_329_semantic_1.csv=77.34; page_329_semantic_2.csv=77.34; page_329_semantic_3.csv=77.34,False,True,2026-06-28T20:55:56.371195
page_331,331,3,3,page_331_semantic_3.csv,SCORE_CLEAR,73.75,False,score_gap(73.75_vs_65.79),page_331_semantic_1.csv=65.79; page_331_semantic_2.csv=65.79; page_331_semantic_3.csv=73.75,False,True,2026-06-28T20:56:03.561976
page_332,332,3,3,page_332_semantic_3.csv,SCORE_TIED_RECENCY,72.29,True,tied(gap=0.00)_recency(2026-05-07),page_332_semantic_1.csv=72.29; page_332_semantic_2.csv=56.27; page_332_semantic_3.csv=72.29,False,True,2026-06-28T20:56:11.030832
page_333,333,3,3,page_333_semantic_2.csv,SCORE_CLEAR,74.69,False,score_gap(74.69_vs_73.65),page_333_semantic_1.csv=73.65; page_333_semantic_2.csv=74.69; page_333_semantic_3.csv=73.65,False,True,2026-06-28T20:56:20.678502
page_334,334,3,3,page_334_semantic_2.csv,SCORE_TIED_RECENCY,78.25,True,tied(gap=0.00)_recency(2026-05-07),page_334_semantic_1.csv=78.25; page_334_semantic_2.csv=78.25; page_334_semantic_3.csv=75.39,False,True,2026-06-28T20:56:28.881770
page_335,335,3,3,page_335_semantic_2.csv,SCORE_TIED_RECENCY,77.68,True,tied(gap=0.00)_recency(2026-05-07),page_335_semantic_1.csv=77.68; page_335_semantic_2.csv=77.68; page_335_semantic_3.csv=75.20,False,True,2026-06-28T20:56:36.235304
page_336,336,3,3,page_336_semantic_3.csv,SCORE_TIED_RECENCY,73.85,True,tied(gap=0.00)_recency(2026-05-07),page_336_semantic_1.csv=73.85; page_336_semantic_2.csv=72.55; page_336_semantic_3.csv=73.85,False,True,2026-06-28T20:56:44.019225
page_337,337,3,3,page_337_semantic_3.csv,SCORE_TIED_RECENCY,72.31,True,tied(gap=0.00)_recency(2026-05-07),page_337_semantic_1.csv=72.31; page_337_semantic_2.csv=71.21; page_337_semantic_3.csv=72.31,False,True,2026-06-28T20:56:52.624016
page_338,338,3,3,page_338_semantic_2.csv,SCORE_TIED_RECENCY,77.58,True,tied(gap=0.00)_recency(2026-05-07),page_338_semantic_1.csv=77.58; page_338_semantic_2.csv=77.58; page_338_semantic_3.csv=77.31,False,True,2026-06-28T20:57:00.609829
page_339,339,3,3,page_339_semantic_2.csv,SCORE_TIED_RECENCY,77.84,True,tied(gap=0.00)_recency(2026-05-07),page_339_semantic_1.csv=77.84; page_339_semantic_2.csv=77.84; page_339_semantic_3.csv=76.91,False,True,2026-06-28T20:57:08.028145
page_340,340,3,3,page_340_semantic_3.csv,SCORE_TIED_RECENCY,74.06,True,tied(gap=0.00)_recency(2026-05-07),page_340_semantic_1.csv=74.06; page_340_semantic_2.csv=72.52; page_340_semantic_3.csv=74.06,False,True,2026-06-28T20:57:15.661847
page_342,342,3,3,page_342_semantic_2.csv,SCORE_TIED_RECENCY,77.56,True,tied(gap=0.00)_recency(2026-05-07),page_342_semantic_1.csv=77.56; page_342_semantic_2.csv=77.56; page_342_semantic_3.csv=76.04,False,True,2026-06-28T20:57:23.676046
page_343,343,3,3,page_343_semantic_2.csv,SCORE_TIED_RECENCY,79.42,True,tied(gap=0.00)_recency(2026-05-07),page_343_semantic_1.csv=79.42; page_343_semantic_2.csv=79.42; page_343_semantic_3.csv=77.84,False,True,2026-06-28T20:57:31.433445
page_344,344,3,3,page_344_semantic_3.csv,SCORE_TIED_RECENCY,76.19,True,tied(gap=0.00)_recency(2026-05-07),page_344_semantic_1.csv=76.19; page_344_semantic_2.csv=73.68; page_344_semantic_3.csv=76.19,False,True,2026-06-28T20:57:39.171801
page_345,345,3,3,page_345_semantic_3.csv,SCORE_TIED_RECENCY,76.62,True,tied(gap=0.00)_recency(2026-05-07),page_345_semantic_1.csv=76.62; page_345_semantic_2.csv=75.29; page_345_semantic_3.csv=76.62,False,True,2026-06-28T20:57:46.142357
page_346,346,3,3,page_346_semantic_2.csv,SCORE_TIED_RECENCY,79.24,True,tied(gap=0.00)_recency(2026-05-07),page_346_semantic_1.csv=79.24; page_346_semantic_2.csv=79.24; page_346_semantic_3.csv=78.01,False,True,2026-06-28T20:57:53.756291
page_347,347,3,3,page_347_semantic_2.csv,SCORE_TIED_RECENCY,79.05,True,tied(gap=0.00)_recency(2026-05-07),page_347_semantic_1.csv=79.05; page_347_semantic_2.csv=79.05; page_347_semantic_3.csv=78.01,False,True,2026-06-28T20:58:02.870248
page_348,348,3,2,page_348_semantic_3.csv,SCORE_TIED_RECENCY,70.04,True,tied(gap=0.00)_recency(2026-05-07),page_348_semantic_1.csv=70.04; page_348_semantic_2.csv=60.00; page_348_semantic_3.csv=70.04,False,True,2026-06-28T20:58:10.650949
page_350,350,3,3,page_350_semantic_3.csv,SCORE_TIED_RECENCY,75.87,True,tied(gap=0.00)_recency(2026-05-07),page_350_semantic_1.csv=75.87; page_350_semantic_2.csv=75.10; page_350_semantic_3.csv=75.87,False,True,2026-06-28T20:58:18.844997
page_351,351,3,3,page_351_semantic_3.csv,SCORE_TIED_RECENCY,75.43,True,tied(gap=0.00)_recency(2026-05-07),page_351_semantic_1.csv=75.43; page_351_semantic_2.csv=74.31; page_351_semantic_3.csv=75.43,False,True,2026-06-28T20:58:26.525404
page_352,352,3,3,page_352_semantic_2.csv,SCORE_TIED_RECENCY,77.27,True,tied(gap=0.00)_recency(2026-05-07),page_352_semantic_1.csv=77.27; page_352_semantic_2.csv=77.27; page_352_semantic_3.csv=77.14,False,True,2026-06-28T20:58:34.820090
page_353,353,3,3,page_353_semantic_3.csv,SCORE_TIED_RECENCY,78.54,True,tied(gap=0.08)_recency(2026-05-07),page_353_semantic_1.csv=78.46; page_353_semantic_2.csv=78.46; page_353_semantic_3.csv=78.54,False,True,2026-06-28T20:58:42.627104
page_354,354,3,3,page_354_semantic_2.csv,SCORE_CLEAR,74.53,False,score_gap(74.53_vs_74.30),page_354_semantic_1.csv=74.30; page_354_semantic_2.csv=74.53; page_354_semantic_3.csv=74.30,False,True,2026-06-28T20:58:50.489790
page_355,355,3,3,page_355_semantic_2.csv,SCORE_CLEAR,75.62,False,score_gap(75.62_vs_75.40),page_355_semantic_1.csv=75.40; page_355_semantic_2.csv=75.62; page_355_semantic_3.csv=75.40,False,True,2026-06-28T20:58:58.231857
page_356,356,3,3,page_356_semantic_2.csv,SCORE_TIED_RECENCY,78.46,True,tied(gap=0.00)_recency(2026-05-07),page_356_semantic_1.csv=78.46; page_356_semantic_2.csv=78.46; page_356_semantic_3.csv=78.43,False,True,2026-06-28T20:59:05.701992
page_357,357,3,3,page_357_semantic_3.csv,SCORE_TIED_RECENCY,77.35,True,tied(gap=0.01)_recency(2026-05-07),page_357_semantic_1.csv=77.34; page_357_semantic_2.csv=77.34; page_357_semantic_3.csv=77.35,False,True,2026-06-28T20:59:13.004664
page_358,358,3,3,page_358_semantic_2.csv,SCORE_CLEAR,77.5,False,score_gap(77.50_vs_77.09),page_358_semantic_1.csv=77.09; page_358_semantic_2.csv=77.50; page_358_semantic_3.csv=77.09,False,True,2026-06-28T20:59:20.298806
page_359,359,3,3,page_359_semantic_3.csv,SCORE_TIED_RECENCY,75.03,True,tied(gap=0.00)_recency(2026-05-07),page_359_semantic_1.csv=75.03; page_359_semantic_2.csv=74.46; page_359_semantic_3.csv=75.03,False,True,2026-06-28T20:59:27.251542
page_360,360,3,3,page_360_semantic_2.csv,SCORE_TIED_RECENCY,77.93,True,tied(gap=0.00)_recency(2026-05-07),page_360_semantic_1.csv=77.93; page_360_semantic_2.csv=77.93; page_360_semantic_3.csv=77.82,False,True,2026-06-28T20:59:35.136196
page_361,361,3,3,page_361_semantic_2.csv,SCORE_TIED_RECENCY,79.96,True,tied(gap=0.00)_recency(2026-05-07),page_361_semantic_1.csv=79.96; page_361_semantic_2.csv=79.96; page_361_semantic_3.csv=78.64,False,True,2026-06-28T20:59:42.716376
page_362,362,3,3,page_362_semantic_3.csv,SCORE_TIED_RECENCY,74.9,True,tied(gap=0.00)_recency(2026-05-07),page_362_semantic_1.csv=74.90; page_362_semantic_2.csv=74.69; page_362_semantic_3.csv=74.90,False,True,2026-06-28T20:59:51.799284
page_363,363,3,3,page_363_semantic_3.csv,SCORE_TIED_RECENCY,74.87,True,tied(gap=0.00)_recency(2026-05-07),page_363_semantic_1.csv=74.87; page_363_semantic_2.csv=74.55; page_363_semantic_3.csv=74.87,False,True,2026-06-28T20:59:59.411375
page_364,364,3,3,page_364_semantic_3.csv,SCORE_CLEAR,79.27,False,score_gap(79.27_vs_78.00),page_364_semantic_1.csv=78.00; page_364_semantic_2.csv=78.00; page_364_semantic_3.csv=79.27,False,True,2026-06-28T21:00:07.963386
page_365,365,3,3,page_365_semantic_3.csv,SCORE_CLEAR,78.92,False,score_gap(78.92_vs_78.07),page_365_semantic_1.csv=78.07; page_365_semantic_2.csv=78.07; page_365_semantic_3.csv=78.92,False,True,2026-06-28T21:00:16.610149
page_366,366,3,3,page_366_semantic_3.csv,SCORE_TIED_RECENCY,75.31,True,tied(gap=0.00)_recency(2026-05-07),page_366_semantic_1.csv=75.31; page_366_semantic_2.csv=75.27; page_366_semantic_3.csv=75.31,False,True,2026-06-28T21:00:24.602378
page_367,367,2,2,page_367_semantic_1.csv,SCORE_CLEAR,74.73,False,score_gap(74.73_vs_69.74),page_367_semantic_1.csv=74.73; page_367_semantic_2.csv=69.74,False,True,2026-06-29T14:52:35.133052
page_368,368,3,3,page_368_semantic_3.csv,SCORE_TIED_RECENCY,79.56,True,tied(gap=0.08)_recency(2026-05-07),page_368_semantic_1.csv=79.48; page_368_semantic_2.csv=79.48; page_368_semantic_3.csv=79.56,False,True,2026-06-28T21:00:42.203134
page_369,369,3,3,page_369_semantic_2.csv,SCORE_TIED_RECENCY,79.0,True,tied(gap=0.00)_recency(2026-05-07),page_369_semantic_1.csv=79.00; page_369_semantic_2.csv=79.00; page_369_semantic_3.csv=78.89,False,True,2026-06-28T21:00:50.563118
page_370,370,3,3,page_370_semantic_2.csv,SCORE_TIED_RECENCY,78.44,True,tied(gap=0.00)_recency(2026-05-07),page_370_semantic_1.csv=78.44; page_370_semantic_2.csv=78.44; page_370_semantic_3.csv=76.72,False,True,2026-06-28T21:00:58.520045
page_371,371,3,3,page_371_semantic_3.csv,SCORE_TIED_RECENCY,78.51,True,tied(gap=0.04)_recency(2026-05-07),page_371_semantic_1.csv=78.47; page_371_semantic_2.csv=78.47; page_371_semantic_3.csv=78.51,False,True,2026-06-28T21:01:06.379716
page_372,372,3,3,page_372_semantic_2.csv,SCORE_CLEAR,74.96,False,score_gap(74.96_vs_73.70),page_372_semantic_1.csv=73.70; page_372_semantic_2.csv=74.96; page_372_semantic_3.csv=73.70,False,True,2026-06-28T21:01:14.979016
page_373,373,1,1,page_373_semantic_1.csv,SINGLE,76.95,False,only_one_run,page_373_semantic_1.csv=76.95,True,True,2026-06-28T21:01:21.330865
page_374,374,3,3,page_374_semantic_3.csv,SCORE_CLEAR,79.31,False,score_gap(79.31_vs_77.97),page_374_semantic_1.csv=77.97; page_374_semantic_2.csv=77.97; page_374_semantic_3.csv=79.31,False,True,2026-06-28T21:01:29.067266
page_375,375,3,3,page_375_semantic_3.csv,SCORE_CLEAR,79.58,False,score_gap(79.58_vs_78.43),page_375_semantic_1.csv=78.43; page_375_semantic_2.csv=78.43; page_375_semantic_3.csv=79.58,False,True,2026-06-28T21:01:37.244176
page_376,376,3,3,page_376_semantic_2.csv,SCORE_CLEAR,74.66,False,score_gap(74.66_vs_73.16),page_376_semantic_1.csv=73.16; page_376_semantic_2.csv=74.66; page_376_semantic_3.csv=73.16,False,True,2026-06-28T21:01:45.166655
page_377,377,3,3,page_377_semantic_2.csv,SCORE_CLEAR,75.91,False,score_gap(75.91_vs_74.76),page_377_semantic_1.csv=74.76; page_377_semantic_2.csv=75.91; page_377_semantic_3.csv=74.76,False,True,2026-06-28T21:01:53.648055
page_378,378,3,3,page_378_semantic_3.csv,SCORE_CLEAR,79.56,False,score_gap(79.56_vs_78.22),page_378_semantic_1.csv=78.22; page_378_semantic_2.csv=78.22; page_378_semantic_3.csv=79.56,False,True,2026-06-28T21:02:02.048157
page_379,379,3,3,page_379_semantic_3.csv,SCORE_CLEAR,79.81,False,score_gap(79.81_vs_78.47),page_379_semantic_1.csv=78.47; page_379_semantic_2.csv=78.47; page_379_semantic_3.csv=79.81,False,True,2026-06-28T21:02:10.875619
page_380,380,3,3,page_380_semantic_3.csv,SCORE_CLEAR,79.49,False,score_gap(79.49_vs_78.06),page_380_semantic_1.csv=78.06; page_380_semantic_2.csv=78.06; page_380_semantic_3.csv=79.49,False,True,2026-06-28T21:02:19.495936
page_381,381,3,3,page_381_semantic_3.csv,SCORE_CLEAR,79.15,False,score_gap(79.15_vs_77.84),page_381_semantic_1.csv=77.84; page_381_semantic_2.csv=77.84; page_381_semantic_3.csv=79.15,False,True,2026-06-28T21:02:27.484472
page_382,382,3,3,page_382_semantic_2.csv,SCORE_CLEAR,76.11,False,score_gap(76.11_vs_74.65),page_382_semantic_1.csv=74.65; page_382_semantic_2.csv=76.11; page_382_semantic_3.csv=74.65,False,True,2026-06-28T21:02:35.266162
page_383,383,2,2,page_383_semantic_1.csv,SCORE_CLEAR,75.76,False,score_gap(75.76_vs_71.66),page_383_semantic_1.csv=75.76; page_383_semantic_2.csv=71.66,False,True,2026-06-29T14:52:43.557554
page_384,384,3,3,page_384_semantic_3.csv,SCORE_CLEAR,78.56,False,score_gap(78.56_vs_77.13),page_384_semantic_1.csv=77.13; page_384_semantic_2.csv=77.13; page_384_semantic_3.csv=78.56,False,True,2026-06-28T21:02:50.234008
page_385,385,3,3,page_385_semantic_3.csv,SCORE_CLEAR,77.49,False,score_gap(77.49_vs_76.98),page_385_semantic_1.csv=76.98; page_385_semantic_2.csv=76.98; page_385_semantic_3.csv=77.49,False,True,2026-06-28T21:02:57.964415
page_386,386,3,3,page_386_semantic_2.csv,SCORE_CLEAR,74.57,False,score_gap(74.57_vs_73.00),page_386_semantic_1.csv=73.00; page_386_semantic_2.csv=74.57; page_386_semantic_3.csv=73.00,False,True,2026-06-28T21:03:05.680257
page_387,387,3,3,page_387_semantic_2.csv,SCORE_CLEAR,73.62,False,score_gap(73.62_vs_72.60),page_387_semantic_1.csv=72.60; page_387_semantic_2.csv=73.62; page_387_semantic_3.csv=72.60,False,True,2026-06-28T21:03:14.802850
page_388,388,3,3,page_388_semantic_3.csv,SCORE_CLEAR,79.63,False,score_gap(79.63_vs_78.20),page_388_semantic_1.csv=78.20; page_388_semantic_2.csv=78.20; page_388_semantic_3.csv=79.63,False,True,2026-06-28T21:03:22.172140
page_389,389,3,3,page_389_semantic_2.csv,SCORE_TIED_RECENCY,79.39,True,tied(gap=0.00)_recency(2026-05-07),page_389_semantic_1.csv=79.39; page_389_semantic_2.csv=79.39; page_389_semantic_3.csv=79.25,False,True,2026-06-28T21:03:30.133239
page_390,390,3,3,page_390_semantic_3.csv,SCORE_CLEAR,78.12,False,score_gap(78.12_vs_77.81),page_390_semantic_1.csv=77.81; page_390_semantic_2.csv=77.81; page_390_semantic_3.csv=78.12,False,True,2026-06-28T21:03:38.515165
page_391,391,3,3,page_391_semantic_2.csv,SCORE_TIED_RECENCY,78.32,True,tied(gap=0.00)_recency(2026-05-07),page_391_semantic_1.csv=78.32; page_391_semantic_2.csv=78.32; page_391_semantic_3.csv=78.29,False,True,2026-06-28T21:03:46.096558
page_392,392,3,3,page_392_semantic_3.csv,SCORE_TIED_RECENCY,74.71,True,tied(gap=0.00)_recency(2026-05-07),page_392_semantic_1.csv=74.71; page_392_semantic_2.csv=74.17; page_392_semantic_3.csv=74.71,False,True,2026-06-28T21:03:53.994476
page_393,393,3,3,page_393_semantic_2.csv,SCORE_CLEAR,74.47,False,score_gap(74.47_vs_74.26),page_393_semantic_1.csv=74.26; page_393_semantic_2.csv=74.47; page_393_semantic_3.csv=74.26,False,True,2026-06-28T21:04:02.843658
page_394,394,3,3,page_394_semantic_3.csv,SCORE_CLEAR,78.19,False,score_gap(78.19_vs_78.00),page_394_semantic_1.csv=78.00; page_394_semantic_2.csv=78.00; page_394_semantic_3.csv=78.19,False,True,2026-06-28T21:04:11.013212
page_395,395,3,3,page_395_semantic_2.csv,SCORE_TIED_RECENCY,78.16,True,tied(gap=0.00)_recency(2026-05-07),page_395_semantic_1.csv=78.16; page_395_semantic_2.csv=78.16; page_395_semantic_3.csv=77.67,False,True,2026-06-28T21:04:19.411543
page_396,396,3,3,page_396_semantic_3.csv,SCORE_TIED_RECENCY,76.52,True,tied(gap=0.00)_recency(2026-05-07),page_396_semantic_1.csv=76.52; page_396_semantic_2.csv=76.50; page_396_semantic_3.csv=76.52,False,True,2026-06-28T21:04:27.254318
page_397,397,3,3,page_397_semantic_2.csv,SCORE_CLEAR,73.42,False,score_gap(73.42_vs_73.15),page_397_semantic_1.csv=73.15; page_397_semantic_2.csv=73.42; page_397_semantic_3.csv=73.15,False,True,2026-06-28T21:04:35.030537
page_398,398,3,3,page_398_semantic_3.csv,SCORE_CLEAR,77.8,False,score_gap(77.80_vs_77.68),page_398_semantic_1.csv=77.68; page_398_semantic_2.csv=77.68; page_398_semantic_3.csv=77.80,False,True,2026-06-28T21:04:43.200759
page_399,399,3,3,page_399_semantic_2.csv,SCORE_TIED_RECENCY,78.53,True,tied(gap=0.00)_recency(2026-05-07),page_399_semantic_1.csv=78.53; page_399_semantic_2.csv=78.53; page_399_semantic_3.csv=78.49,False,True,2026-06-28T21:04:51.054407
page_400,400,3,3,page_400_semantic_2.csv,SCORE_CLEAR,74.86,False,score_gap(74.86_vs_74.57),page_400_semantic_1.csv=74.57; page_400_semantic_2.csv=74.86; page_400_semantic_3.csv=74.57,False,True,2026-06-28T21:04:58.827462
page_401,401,3,3,page_401_semantic_3.csv,SCORE_TIED_RECENCY,74.82,True,tied(gap=0.00)_recency(2026-05-07),page_401_semantic_1.csv=74.82; page_401_semantic_2.csv=74.32; page_401_semantic_3.csv=74.82,False,True,2026-06-28T21:05:06.958559
page_402,402,3,3,page_402_semantic_3.csv,SCORE_CLEAR,78.17,False,score_gap(78.17_vs_78.00),page_402_semantic_1.csv=78.00; page_402_semantic_2.csv=78.00; page_402_semantic_3.csv=78.17,False,True,2026-06-28T21:05:15.700994
page_403,403,3,3,page_403_semantic_3.csv,SCORE_CLEAR,78.59,False,score_gap(78.59_vs_77.47),page_403_semantic_1.csv=77.47; page_403_semantic_2.csv=77.47; page_403_semantic_3.csv=78.59,False,True,2026-06-28T21:05:24.121013
page_404,404,3,3,page_404_semantic_2.csv,SCORE_CLEAR,75.52,False,score_gap(75.52_vs_73.97),page_404_semantic_1.csv=73.97; page_404_semantic_2.csv=75.52; page_404_semantic_3.csv=73.97,False,True,2026-06-28T21:05:31.913954
page_405,405,3,3,page_405_semantic_2.csv,SCORE_CLEAR,75.03,False,score_gap(75.03_vs_73.89),page_405_semantic_1.csv=73.89; page_405_semantic_2.csv=75.03; page_405_semantic_3.csv=73.89,False,True,2026-06-28T21:05:39.507534
page_406,406,3,3,page_406_semantic_3.csv,SCORE_TIED_RECENCY,76.75,True,tied(gap=0.03)_recency(2026-05-07),page_406_semantic_1.csv=76.72; page_406_semantic_2.csv=76.72; page_406_semantic_3.csv=76.75,False,True,2026-06-28T21:05:47.044150
page_407,407,3,3,page_407_semantic_2.csv,SCORE_TIED_RECENCY,77.11,True,tied(gap=0.00)_recency(2026-05-07),page_407_semantic_1.csv=77.11; page_407_semantic_2.csv=77.11; page_407_semantic_3.csv=76.97,False,True,2026-06-28T21:05:54.297089
page_408,408,3,3,page_408_semantic_3.csv,SCORE_TIED_RECENCY,74.21,True,tied(gap=0.00)_recency(2026-05-07),page_408_semantic_1.csv=74.21; page_408_semantic_2.csv=74.11; page_408_semantic_3.csv=74.21,False,True,2026-06-28T21:06:02.532773
page_409,409,3,3,page_409_semantic_2.csv,SCORE_CLEAR,74.21,False,score_gap(74.21_vs_73.93),page_409_semantic_1.csv=73.93; page_409_semantic_2.csv=74.21; page_409_semantic_3.csv=73.93,False,True,2026-06-28T21:06:10.405916
page_410,410,3,3,page_410_semantic_2.csv,SCORE_CLEAR,73.64,False,score_gap(73.64_vs_73.37),page_410_semantic_1.csv=73.37; page_410_semantic_2.csv=73.64; page_410_semantic_3.csv=73.37,False,True,2026-06-28T21:06:18.179986
page_411,411,3,3,page_411_semantic_2.csv,SCORE_CLEAR,75.89,False,score_gap(75.89_vs_74.92),page_411_semantic_1.csv=74.92; page_411_semantic_2.csv=75.89; page_411_semantic_3.csv=74.92,False,True,2026-06-28T21:06:26.699705
page_412,412,3,3,page_412_semantic_3.csv,SCORE_CLEAR,79.41,False,score_gap(79.41_vs_78.25),page_412_semantic_1.csv=78.25; page_412_semantic_2.csv=78.25; page_412_semantic_3.csv=79.41,False,True,2026-06-28T21:06:34.188052
page_413,413,3,3,page_413_semantic_3.csv,SCORE_CLEAR,77.95,False,score_gap(77.95_vs_77.32),page_413_semantic_1.csv=77.32; page_413_semantic_2.csv=77.32; page_413_semantic_3.csv=77.95,False,True,2026-06-28T21:06:42.037943
page_414,414,3,3,page_414_semantic_2.csv,SCORE_CLEAR,75.55,False,score_gap(75.55_vs_75.30),page_414_semantic_1.csv=75.30; page_414_semantic_2.csv=75.55; page_414_semantic_3.csv=75.30,False,True,2026-06-28T21:06:50.867119
page_415,415,3,3,page_415_semantic_2.csv,SCORE_CLEAR,76.18,False,score_gap(76.18_vs_75.98),page_415_semantic_1.csv=75.98; page_415_semantic_2.csv=76.18; page_415_semantic_3.csv=75.98,False,True,2026-06-28T21:06:58.899709
page_416,416,3,3,page_416_semantic_2.csv,SCORE_TIED_RECENCY,79.69,True,tied(gap=0.00)_recency(2026-05-07),page_416_semantic_1.csv=79.69; page_416_semantic_2.csv=79.69; page_416_semantic_3.csv=79.63,False,True,2026-06-28T21:07:07.626615
page_417,417,3,3,page_417_semantic_2.csv,SCORE_TIED_RECENCY,79.86,True,tied(gap=0.00)_recency(2026-05-07),page_417_semantic_1.csv=79.86; page_417_semantic_2.csv=79.86; page_417_semantic_3.csv=79.63,False,True,2026-06-28T21:07:15.591264
page_418,418,3,3,page_418_semantic_3.csv,SCORE_TIED_RECENCY,76.9,True,tied(gap=0.00)_recency(2026-05-07),page_418_semantic_1.csv=76.90; page_418_semantic_2.csv=76.90; page_418_semantic_3.csv=76.90,False,True,2026-06-28T21:07:23.442778
page_419,419,3,3,page_419_semantic_3.csv,SCORE_TIED_RECENCY,75.24,True,tied(gap=0.00)_recency(2026-05-07),page_419_semantic_1.csv=75.24; page_419_semantic_2.csv=73.96; page_419_semantic_3.csv=75.24,False,True,2026-06-28T21:07:31.447994
page_420,420,3,3,page_420_semantic_2.csv,SCORE_TIED_RECENCY,79.03,True,tied(gap=0.00)_recency(2026-05-07),page_420_semantic_1.csv=79.03; page_420_semantic_2.csv=79.03; page_420_semantic_3.csv=77.96,False,True,2026-06-28T21:07:39.304618
page_421,421,3,3,page_421_semantic_2.csv,SCORE_TIED_RECENCY,79.1,True,tied(gap=0.00)_recency(2026-05-07),page_421_semantic_1.csv=79.10; page_421_semantic_2.csv=79.10; page_421_semantic_3.csv=77.96,False,True,2026-06-28T21:07:47.291015
page_422,422,3,3,page_422_semantic_3.csv,SCORE_TIED_RECENCY,76.27,True,tied(gap=0.00)_recency(2026-05-07),page_422_semantic_1.csv=76.27; page_422_semantic_2.csv=74.98; page_422_semantic_3.csv=76.27,False,True,2026-06-28T21:07:55.689283
page_423,423,3,3,page_423_semantic_2.csv,SCORE_TIED_RECENCY,76.48,True,tied(gap=0.04)_recency(2026-05-07),page_423_semantic_1.csv=76.44; page_423_semantic_2.csv=76.48; page_423_semantic_3.csv=76.44,False,True,2026-06-28T21:08:04.393740
page_424,424,3,3,page_424_semantic_3.csv,SCORE_CLEAR,77.68,False,score_gap(77.68_vs_77.57),page_424_semantic_1.csv=77.57; page_424_semantic_2.csv=77.57; page_424_semantic_3.csv=77.68,False,True,2026-06-28T21:08:11.971959
page_425,425,3,3,page_425_semantic_3.csv,SCORE_TIED_RECENCY,78.37,True,tied(gap=0.04)_recency(2026-05-07),page_425_semantic_1.csv=78.33; page_425_semantic_2.csv=78.33; page_425_semantic_3.csv=78.37,False,True,2026-06-28T21:08:19.320143
page_426,426,3,3,page_426_semantic_3.csv,SCORE_TIED_RECENCY,74.64,True,tied(gap=0.00)_recency(2026-05-07),page_426_semantic_1.csv=74.64; page_426_semantic_2.csv=74.56; page_426_semantic_3.csv=74.64,False,True,2026-06-28T21:08:26.820369
page_427,427,3,3,page_427_semantic_2.csv,SCORE_CLEAR,73.15,False,score_gap(73.15_vs_72.97),page_427_semantic_1.csv=72.97; page_427_semantic_2.csv=73.15; page_427_semantic_3.csv=72.97,False,True,2026-06-28T21:08:34.595441
page_428,428,3,3,page_428_semantic_3.csv,SCORE_CLEAR,77.57,False,score_gap(77.57_vs_76.84),page_428_semantic_1.csv=76.84; page_428_semantic_2.csv=76.84; page_428_semantic_3.csv=77.57,False,True,2026-06-28T21:08:42.774727
page_429,429,3,3,page_429_semantic_2.csv,SCORE_TIED_RECENCY,78.26,True,tied(gap=0.00)_recency(2026-05-07),page_429_semantic_1.csv=78.26; page_429_semantic_2.csv=78.26; page_429_semantic_3.csv=78.16,False,True,2026-06-28T21:08:50.997759
page_430,430,3,3,page_430_semantic_3.csv,SCORE_CLEAR,80.33,False,score_gap(80.33_vs_78.97),page_430_semantic_1.csv=78.97; page_430_semantic_2.csv=78.97; page_430_semantic_3.csv=80.33,False,True,2026-06-28T21:08:59.005246
page_431,431,3,3,page_431_semantic_3.csv,SCORE_CLEAR,78.43,False,score_gap(78.43_vs_77.46),page_431_semantic_1.csv=77.46; page_431_semantic_2.csv=77.46; page_431_semantic_3.csv=78.43,False,True,2026-06-28T21:09:07.346178
page_432,432,3,3,page_432_semantic_3.csv,SCORE_TIED_RECENCY,76.42,True,tied(gap=0.00)_recency(2026-05-07),page_432_semantic_1.csv=76.42; page_432_semantic_2.csv=76.42; page_432_semantic_3.csv=76.42,False,True,2026-06-28T21:09:14.922587
page_433,433,3,3,page_433_semantic_3.csv,SCORE_TIED_RECENCY,76.77,True,tied(gap=0.00)_recency(2026-05-07),page_433_semantic_1.csv=76.77; page_433_semantic_2.csv=76.77; page_433_semantic_3.csv=76.77,False,True,2026-06-28T21:09:22.624227
page_434,434,3,3,page_434_semantic_2.csv,SCORE_TIED_RECENCY,79.36,True,tied(gap=0.00)_recency(2026-05-07),page_434_semantic_1.csv=79.36; page_434_semantic_2.csv=79.36; page_434_semantic_3.csv=79.28,False,True,2026-06-28T21:09:31.613660
page_435,435,3,3,page_435_semantic_3.csv,SCORE_CLEAR,79.84,False,score_gap(79.84_vs_78.40),page_435_semantic_1.csv=78.40; page_435_semantic_2.csv=78.40; page_435_semantic_3.csv=79.84,False,True,2026-06-28T21:09:39.599005
page_436,436,3,3,page_436_semantic_2.csv,SCORE_CLEAR,75.68,False,score_gap(75.68_vs_74.38),page_436_semantic_1.csv=74.38; page_436_semantic_2.csv=75.68; page_436_semantic_3.csv=74.38,False,True,2026-06-28T21:09:47.587900
page_437,437,3,3,page_437_semantic_2.csv,SCORE_CLEAR,76.73,False,score_gap(76.73_vs_75.17),page_437_semantic_1.csv=75.17; page_437_semantic_2.csv=76.73; page_437_semantic_3.csv=75.17,False,True,2026-06-28T21:09:54.916898
page_438,438,3,3,page_438_semantic_3.csv,SCORE_CLEAR,78.97,False,score_gap(78.97_vs_77.66),page_438_semantic_1.csv=77.66; page_438_semantic_2.csv=77.66; page_438_semantic_3.csv=78.97,False,True,2026-06-28T21:10:02.846135
page_439,439,3,3,page_439_semantic_3.csv,SCORE_CLEAR,79.66,False,score_gap(79.66_vs_78.22),page_439_semantic_1.csv=78.22; page_439_semantic_2.csv=78.22; page_439_semantic_3.csv=79.66,False,True,2026-06-28T21:10:10.730977
page_440,440,3,3,page_440_semantic_3.csv,SCORE_TIED_RECENCY,74.55,True,tied(gap=0.00)_recency(2026-05-07),page_440_semantic_1.csv=74.55; page_440_semantic_2.csv=74.30; page_440_semantic_3.csv=74.55,False,True,2026-06-28T21:10:19.005758
page_441,441,3,3,page_441_semantic_3.csv,SCORE_TIED_RECENCY,73.81,True,tied(gap=0.00)_recency(2026-05-07),page_441_semantic_1.csv=73.81; page_441_semantic_2.csv=72.90; page_441_semantic_3.csv=73.81,False,True,2026-06-28T21:10:26.608423
page_442,442,3,3,page_442_semantic_2.csv,SCORE_TIED_RECENCY,79.13,True,tied(gap=0.00)_recency(2026-05-07),page_442_semantic_1.csv=79.13; page_442_semantic_2.csv=79.13; page_442_semantic_3.csv=79.01,False,True,2026-06-28T21:10:34.243797
page_443,443,3,3,page_443_semantic_3.csv,SCORE_TIED_RECENCY,78.92,True,tied(gap=0.00)_recency(2026-05-07),page_443_semantic_1.csv=78.92; page_443_semantic_2.csv=78.92; page_443_semantic_3.csv=78.92,False,True,2026-06-28T21:10:41.656978
page_444,444,3,3,page_444_semantic_3.csv,SCORE_TIED_RECENCY,75.17,True,tied(gap=0.00)_recency(2026-05-07),page_444_semantic_1.csv=75.17; page_444_semantic_2.csv=75.17; page_444_semantic_3.csv=75.17,False,True,2026-06-28T21:10:49.438979
page_445,445,3,3,page_445_semantic_2.csv,SCORE_TIED_RECENCY,77.6,True,tied(gap=0.10)_recency(2026-05-07),page_445_semantic_1.csv=77.50; page_445_semantic_2.csv=77.60; page_445_semantic_3.csv=77.50,False,True,2026-06-28T21:10:57.022403
page_446,446,3,3,page_446_semantic_3.csv,SCORE_TIED_RECENCY,79.98,True,tied(gap=0.00)_recency(2026-05-07),page_446_semantic_1.csv=79.98; page_446_semantic_2.csv=79.98; page_446_semantic_3.csv=79.98,False,True,2026-06-28T21:11:04.689678
page_447,447,3,3,page_447_semantic_3.csv,SCORE_TIED_RECENCY,80.24,True,tied(gap=0.00)_recency(2026-05-07),page_447_semantic_1.csv=80.24; page_447_semantic_2.csv=80.24; page_447_semantic_3.csv=80.24,False,True,2026-06-28T21:11:12.698738
page_448,448,3,3,page_448_semantic_3.csv,SCORE_TIED_RECENCY,74.37,True,tied(gap=0.00)_recency(2026-05-07),page_448_semantic_1.csv=74.37; page_448_semantic_2.csv=74.19; page_448_semantic_3.csv=74.37,False,True,2026-06-28T21:11:20.877738
page_449,449,3,3,page_449_semantic_3.csv,SCORE_TIED_RECENCY,72.41,True,tied(gap=0.00)_recency(2026-05-07),page_449_semantic_1.csv=72.41; page_449_semantic_2.csv=71.31; page_449_semantic_3.csv=72.41,False,True,2026-06-28T21:11:28.262194
page_450,450,3,3,page_450_semantic_2.csv,SCORE_CLEAR,75.76,False,score_gap(75.76_vs_75.27),page_450_semantic_1.csv=75.27; page_450_semantic_2.csv=75.76; page_450_semantic_3.csv=75.27,False,True,2026-06-28T21:11:36.545643
page_451,451,3,3,page_451_semantic_2.csv,SCORE_CLEAR,75.11,False,score_gap(75.11_vs_74.81),page_451_semantic_1.csv=74.81; page_451_semantic_2.csv=75.11; page_451_semantic_3.csv=74.81,False,True,2026-06-28T21:11:44.191836
page_452,452,3,3,page_452_semantic_3.csv,SCORE_CLEAR,76.75,False,score_gap(76.75_vs_75.66),page_452_semantic_1.csv=75.66; page_452_semantic_2.csv=75.66; page_452_semantic_3.csv=76.75,False,True,2026-06-28T21:11:52.096226
page_453,453,3,3,page_453_semantic_3.csv,SCORE_CLEAR,79.78,False,score_gap(79.78_vs_78.33),page_453_semantic_1.csv=78.33; page_453_semantic_2.csv=78.33; page_453_semantic_3.csv=79.78,False,True,2026-06-28T21:11:59.546456
page_454,454,3,3,page_454_semantic_2.csv,SCORE_CLEAR,74.05,False,score_gap(74.05_vs_72.59),page_454_semantic_1.csv=72.59; page_454_semantic_2.csv=74.05; page_454_semantic_3.csv=72.59,False,True,2026-06-28T21:12:07.229133
page_455,455,3,3,page_455_semantic_2.csv,SCORE_CLEAR,75.68,False,score_gap(75.68_vs_74.30),page_455_semantic_1.csv=74.30; page_455_semantic_2.csv=75.68; page_455_semantic_3.csv=74.30,False,True,2026-06-28T21:12:14.639252
page_456,456,3,3,page_456_semantic_3.csv,SCORE_CLEAR,77.99,False,score_gap(77.99_vs_76.41),page_456_semantic_1.csv=76.41; page_456_semantic_2.csv=76.41; page_456_semantic_3.csv=77.99,False,True,2026-06-28T21:12:22.024013
page_457,457,3,3,page_457_semantic_3.csv,SCORE_CLEAR,78.29,False,score_gap(78.29_vs_76.65),page_457_semantic_1.csv=76.65; page_457_semantic_2.csv=76.65; page_457_semantic_3.csv=78.29,False,True,2026-06-28T21:12:29.766915
page_458,458,2,2,page_458_semantic_1.csv,SCORE_CLEAR,71.39,False,score_gap(71.39_vs_53.96),page_458_semantic_1.csv=71.39; page_458_semantic_2.csv=53.96,False,True,2026-06-29T14:52:51.677904
page_459,459,3,3,page_459_semantic_3.csv,SCORE_TIED_RECENCY,73.77,True,tied(gap=0.00)_recency(2026-05-07),page_459_semantic_1.csv=73.77; page_459_semantic_2.csv=73.77; page_459_semantic_3.csv=73.77,False,True,2026-06-28T21:12:43.953285
page_460,460,3,3,page_460_semantic_2.csv,SCORE_TIED_RECENCY,76.59,True,tied(gap=0.00)_recency(2026-05-07),page_460_semantic_1.csv=76.59; page_460_semantic_2.csv=76.59; page_460_semantic_3.csv=76.47,False,True,2026-06-28T21:12:51.538084
page_461,461,3,3,page_461_semantic_3.csv,SCORE_CLEAR,78.03,False,score_gap(78.03_vs_77.36),page_461_semantic_1.csv=77.36; page_461_semantic_2.csv=77.36; page_461_semantic_3.csv=78.03,False,True,2026-06-28T21:12:59.598432
page_462,462,3,3,page_462_semantic_2.csv,SCORE_CLEAR,73.42,False,score_gap(73.42_vs_72.24),page_462_semantic_1.csv=72.24; page_462_semantic_2.csv=73.42; page_462_semantic_3.csv=72.24,False,True,2026-06-28T21:13:07.149085
page_463,463,3,3,page_463_semantic_2.csv,SCORE_CLEAR,74.27,False,score_gap(74.27_vs_73.12),page_463_semantic_1.csv=73.12; page_463_semantic_2.csv=74.27; page_463_semantic_3.csv=73.12,False,True,2026-06-28T21:13:15.262905
page_464,464,3,3,page_464_semantic_3.csv,SCORE_CLEAR,78.24,False,score_gap(78.24_vs_76.97),page_464_semantic_1.csv=76.97; page_464_semantic_2.csv=76.97; page_464_semantic_3.csv=78.24,False,True,2026-06-28T21:13:23.271331
page_465,465,3,3,page_465_semantic_3.csv,SCORE_CLEAR,77.56,False,score_gap(77.56_vs_77.16),page_465_semantic_1.csv=77.16; page_465_semantic_2.csv=77.16; page_465_semantic_3.csv=77.56,False,True,2026-06-28T21:13:30.997361
page_466,466,3,3,page_466_semantic_2.csv,SCORE_CLEAR,72.98,False,score_gap(72.98_vs_72.69),page_466_semantic_1.csv=72.69; page_466_semantic_2.csv=72.98; page_466_semantic_3.csv=72.69,False,True,2026-06-28T21:13:39.839001
page_467,467,1,1,page_467_semantic_1.csv,SINGLE,76.12,False,only_one_run,page_467_semantic_1.csv=76.12,True,True,2026-06-28T21:13:46.307365
page_468,468,3,3,page_468_semantic_3.csv,SCORE_CLEAR,78.06,False,score_gap(78.06_vs_76.84),page_468_semantic_1.csv=76.84; page_468_semantic_2.csv=76.84; page_468_semantic_3.csv=78.06,False,True,2026-06-28T21:13:55.316740
page_469,469,3,3,page_469_semantic_3.csv,SCORE_CLEAR,78.78,False,score_gap(78.78_vs_76.74),page_469_semantic_1.csv=76.74; page_469_semantic_2.csv=76.74; page_469_semantic_3.csv=78.78,False,True,2026-06-28T21:14:02.982512
page_470,470,3,3,page_470_semantic_3.csv,SCORE_CLEAR,78.51,False,score_gap(78.51_vs_77.08),page_470_semantic_1.csv=77.08; page_470_semantic_2.csv=77.08; page_470_semantic_3.csv=78.51,False,True,2026-06-28T21:14:11.277456
page_471,471,3,3,page_471_semantic_3.csv,SCORE_CLEAR,79.83,False,score_gap(79.83_vs_78.26),page_471_semantic_1.csv=78.26; page_471_semantic_2.csv=78.26; page_471_semantic_3.csv=79.83,False,True,2026-06-28T21:14:20.493735
page_472,472,3,3,page_472_semantic_2.csv,SCORE_CLEAR,76.88,False,score_gap(76.88_vs_76.02),page_472_semantic_1.csv=76.02; page_472_semantic_2.csv=76.88; page_472_semantic_3.csv=76.02,False,True,2026-06-28T21:14:28.070928
page_473,473,3,3,page_473_semantic_2.csv,SCORE_CLEAR,76.41,False,score_gap(76.41_vs_75.13),page_473_semantic_1.csv=75.13; page_473_semantic_2.csv=76.41; page_473_semantic_3.csv=75.13,False,True,2026-06-28T21:14:35.768363
page_474,474,3,3,page_474_semantic_3.csv,SCORE_CLEAR,79.16,False,score_gap(79.16_vs_77.95),page_474_semantic_1.csv=77.95; page_474_semantic_2.csv=77.95; page_474_semantic_3.csv=79.16,False,True,2026-06-28T21:14:43.383665
page_475,475,3,3,page_475_semantic_3.csv,SCORE_CLEAR,77.92,False,score_gap(77.92_vs_76.56),page_475_semantic_1.csv=76.56; page_475_semantic_2.csv=76.56; page_475_semantic_3.csv=77.92,False,True,2026-06-28T21:14:51.058347
page_476,476,3,3,page_476_semantic_2.csv,SCORE_CLEAR,76.45,False,score_gap(76.45_vs_75.79),page_476_semantic_1.csv=75.79; page_476_semantic_2.csv=76.45; page_476_semantic_3.csv=75.79,False,True,2026-06-28T21:14:58.587533
page_477,477,3,3,page_477_semantic_2.csv,SCORE_CLEAR,75.38,False,score_gap(75.38_vs_74.13),page_477_semantic_1.csv=74.13; page_477_semantic_2.csv=75.38; page_477_semantic_3.csv=74.13,False,True,2026-06-28T21:15:07.078342
page_478,478,3,3,page_478_semantic_3.csv,SCORE_CLEAR,78.95,False,score_gap(78.95_vs_77.60),page_478_semantic_1.csv=77.60; page_478_semantic_2.csv=77.60; page_478_semantic_3.csv=78.95,False,True,2026-06-28T21:15:15.698389
page_479,479,3,3,page_479_semantic_3.csv,SCORE_CLEAR,78.72,False,score_gap(78.72_vs_77.63),page_479_semantic_1.csv=77.63; page_479_semantic_2.csv=77.63; page_479_semantic_3.csv=78.72,False,True,2026-06-28T21:15:24.120389
page_480,480,3,3,page_480_semantic_3.csv,SCORE_CLEAR,78.53,False,score_gap(78.53_vs_78.36),page_480_semantic_1.csv=78.36; page_480_semantic_2.csv=78.36; page_480_semantic_3.csv=78.53,False,True,2026-06-28T21:15:32.071917
page_481,481,3,3,page_481_semantic_3.csv,SCORE_CLEAR,79.36,False,score_gap(79.36_vs_78.46),page_481_semantic_1.csv=78.46; page_481_semantic_2.csv=78.46; page_481_semantic_3.csv=79.36,False,True,2026-06-28T21:15:39.754302
page_482,482,3,3,page_482_semantic_2.csv,SCORE_CLEAR,76.54,False,score_gap(76.54_vs_75.25),page_482_semantic_1.csv=75.25; page_482_semantic_2.csv=76.54; page_482_semantic_3.csv=75.25,False,True,2026-06-28T21:15:47.337190
page_483,483,3,3,page_483_semantic_2.csv,SCORE_CLEAR,73.67,False,score_gap(73.67_vs_72.30),page_483_semantic_1.csv=72.30; page_483_semantic_2.csv=73.67; page_483_semantic_3.csv=72.30,False,True,2026-06-28T21:15:55.399442
page_484,484,3,3,page_484_semantic_3.csv,SCORE_CLEAR,79.17,False,score_gap(79.17_vs_78.19),page_484_semantic_1.csv=78.19; page_484_semantic_2.csv=78.19; page_484_semantic_3.csv=79.17,False,True,2026-06-28T21:16:03.185368
page_485,485,3,3,page_485_semantic_3.csv,SCORE_CLEAR,78.85,False,score_gap(78.85_vs_77.62),page_485_semantic_1.csv=77.62; page_485_semantic_2.csv=77.62; page_485_semantic_3.csv=78.85,False,True,2026-06-28T21:16:11.102457
page_486,486,3,3,page_486_semantic_2.csv,SCORE_CLEAR,75.52,False,score_gap(75.52_vs_74.16),page_486_semantic_1.csv=74.16; page_486_semantic_2.csv=75.52; page_486_semantic_3.csv=74.16,False,True,2026-06-28T21:16:19.133705
page_487,487,3,3,page_487_semantic_3.csv,SCORE_TIED_RECENCY,73.82,True,tied(gap=0.00)_recency(2026-05-07),page_487_semantic_1.csv=73.82; page_487_semantic_2.csv=73.71; page_487_semantic_3.csv=73.82,False,True,2026-06-28T21:16:27.362077
page_488,488,3,3,page_488_semantic_2.csv,SCORE_TIED_RECENCY,65.95,True,tied(gap=0.00)_recency(2026-05-07),page_488_semantic_1.csv=65.95; page_488_semantic_2.csv=65.95; page_488_semantic_3.csv=64.45,False,True,2026-06-28T21:16:35.358745
page_489,489,3,1,page_489_semantic_3.csv,SCORE_CLEAR,72.51,False,only_valid_run(score=72.51),page_489_semantic_1.csv=65.00; page_489_semantic_2.csv=65.00; page_489_semantic_3.csv=72.51,False,True,2026-06-28T21:16:42.219499
page_491,491,3,3,page_491_semantic_2.csv,SCORE_TIED_RECENCY,70.0,True,tied(gap=0.00)_recency(2026-05-07),page_491_semantic_1.csv=70.00; page_491_semantic_2.csv=70.00; page_491_semantic_3.csv=69.77,False,True,2026-06-28T21:16:50.291252
page_492,492,3,3,page_492_semantic_3.csv,SCORE_TIED_RECENCY,71.38,True,tied(gap=0.00)_recency(2026-05-07),page_492_semantic_1.csv=71.38; page_492_semantic_2.csv=71.38; page_492_semantic_3.csv=71.38,False,True,2026-06-28T21:16:59.166539
page_493,493,3,3,page_493_semantic_2.csv,SCORE_CLEAR,70.29,False,score_gap(70.29_vs_62.53),page_493_semantic_1.csv=62.53; page_493_semantic_2.csv=70.29; page_493_semantic_3.csv=62.53,False,True,2026-06-28T21:17:08.639787
page_494,494,2,2,page_494_semantic_1.csv,SCORE_CLEAR,74.66,False,score_gap(74.66_vs_74.37),page_494_semantic_1.csv=74.66; page_494_semantic_5.csv=74.37,False,True,2026-06-29T14:52:59.578971
page_495,495,2,2,page_495_semantic_1.csv,SCORE_TIED_RECENCY,76.39,True,tied(gap=0.04)_recency(2026-05-13),page_495_semantic_1.csv=76.39; page_495_semantic_5.csv=76.35,False,True,2026-06-29T14:53:06.945429
page_496,496,2,2,page_496_semantic_5.csv,SCORE_TIED_RECENCY,80.53,True,tied(gap=0.03)_recency(2026-06-29),page_496_semantic_1.csv=80.50; page_496_semantic_5.csv=80.53,False,True,2026-06-29T14:53:15.311452
page_497,497,2,2,page_497_semantic_5.csv,SCORE_TIED_RECENCY,75.93,True,tied(gap=0.02)_recency(2026-06-29),page_497_semantic_1.csv=75.91; page_497_semantic_5.csv=75.93,False,True,2026-06-29T14:53:23.055215
page_498,498,2,2,page_498_semantic_5.csv,SCORE_CLEAR,71.76,False,score_gap(71.76_vs_69.82),page_498_semantic_1.csv=69.82; page_498_semantic_5.csv=71.76,False,True,2026-06-29T14:53:32.334021
page_499,499,2,2,page_499_semantic_1.csv,SCORE_CLEAR,76.1,False,score_gap(76.10_vs_74.13),page_499_semantic_1.csv=76.10; page_499_semantic_5.csv=74.13,False,True,2026-06-29T14:53:40.092135
page_500,500,2,2,page_500_semantic_5.csv,SCORE_CLEAR,77.15,False,score_gap(77.15_vs_72.17),page_500_semantic_1.csv=72.17; page_500_semantic_5.csv=77.15,False,True,2026-06-29T14:53:48.386041
page_501,501,2,2,page_501_semantic_5.csv,SCORE_CLEAR,73.05,False,score_gap(73.05_vs_71.59),page_501_semantic_1.csv=71.59; page_501_semantic_5.csv=73.05,False,True,2026-06-29T14:53:55.822364
page_502,502,2,1,page_502_semantic_5.csv,SCORE_CLEAR,79.33,False,only_valid_run(score=79.33),page_502_semantic_1.csv=41.35; page_502_semantic_5.csv=79.33,False,True,2026-06-29T14:54:03.538035
page_503,503,2,1,page_503_semantic_5.csv,SCORE_CLEAR,77.74,False,only_valid_run(score=77.74),page_503_semantic_1.csv=40.15; page_503_semantic_5.csv=77.74,False,True,2026-06-29T14:54:10.619417
page_504,504,2,2,page_504_semantic_1.csv,SCORE_TIED_RECENCY,77.04,True,tied(gap=0.02)_recency(2026-05-13),page_504_semantic_1.csv=77.04; page_504_semantic_5.csv=77.02,False,True,2026-06-29T14:54:18.407117
page_505,505,2,2,page_505_semantic_5.csv,SCORE_CLEAR,75.51,False,score_gap(75.51_vs_75.40),page_505_semantic_1.csv=75.40; page_505_semantic_5.csv=75.51,False,True,2026-06-29T14:54:26.373358
page_506,506,2,2,page_506_semantic_1.csv,SCORE_CLEAR,77.86,False,score_gap(77.86_vs_77.49),page_506_semantic_1.csv=77.86; page_506_semantic_5.csv=77.49,False,True,2026-06-29T14:54:34.591820
page_507,507,2,2,page_507_semantic_1.csv,SCORE_TIED_RECENCY,76.0,True,tied(gap=0.05)_recency(2026-05-13),page_507_semantic_1.csv=76.00; page_507_semantic_5.csv=75.95,False,True,2026-06-29T14:54:42.848560
page_508,508,2,2,page_508_semantic_5.csv,SCORE_TIED_RECENCY,78.96,True,tied(gap=0.02)_recency(2026-06-29),page_508_semantic_1.csv=78.94; page_508_semantic_5.csv=78.96,False,True,2026-06-29T14:54:51.619890
page_509,509,2,2,page_509_semantic_5.csv,SCORE_CLEAR,77.87,False,score_gap(77.87_vs_77.73),page_509_semantic_1.csv=77.73; page_509_semantic_5.csv=77.87,False,True,2026-06-29T14:54:59.898505
page_510,510,1,1,page_510_semantic_2.csv,SINGLE,76.31,False,only_one_run,page_510_semantic_2.csv=76.31,True,True,2026-06-29T14:55:06.715536
page_511,511,1,1,page_511_semantic_1.csv,SINGLE,80.18,False,only_one_run,page_511_semantic_1.csv=80.18,True,True,2026-06-29T14:55:14.213301
page_512,512,2,2,page_512_semantic_1.csv,SCORE_CLEAR,76.01,False,score_gap(76.01_vs_72.40),page_512_semantic_1.csv=76.01; page_512_semantic_5.csv=72.40,False,True,2026-06-29T14:55:22.613184
page_513,513,2,2,page_513_semantic_5.csv,SCORE_CLEAR,76.34,False,score_gap(76.34_vs_73.81),page_513_semantic_1.csv=73.81; page_513_semantic_5.csv=76.34,False,True,2026-06-29T14:55:30.345361
page_514,514,2,2,page_514_semantic_1.csv,SCORE_CLEAR,76.85,False,score_gap(76.85_vs_75.70),page_514_semantic_1.csv=76.85; page_514_semantic_5.csv=75.70,False,True,2026-06-29T14:55:38.498532
page_515,515,2,2,page_515_semantic_1.csv,SCORE_CLEAR,69.27,False,score_gap(69.27_vs_68.55),page_515_semantic_1.csv=69.27; page_515_semantic_5.csv=68.55,False,True,2026-06-29T14:55:46.548923
page_516,516,2,2,page_516_semantic_1.csv,SCORE_CLEAR,77.18,False,score_gap(77.18_vs_75.40),page_516_semantic_1.csv=77.18; page_516_semantic_5.csv=75.40,False,True,2026-06-29T14:55:54.294364
page_517,517,2,2,page_517_semantic_1.csv,SCORE_CLEAR,77.52,False,score_gap(77.52_vs_77.32),page_517_semantic_1.csv=77.52; page_517_semantic_5.csv=77.32,False,True,2026-06-29T14:56:02.815001
page_518,518,2,2,page_518_semantic_1.csv,SCORE_CLEAR,77.47,False,score_gap(77.47_vs_77.31),page_518_semantic_1.csv=77.47; page_518_semantic_5.csv=77.31,False,True,2026-06-29T14:56:10.303979
page_519,519,2,2,page_519_semantic_1.csv,SCORE_CLEAR,75.39,False,score_gap(75.39_vs_74.99),page_519_semantic_1.csv=75.39; page_519_semantic_5.csv=74.99,False,True,2026-06-29T14:56:17.893916
page_520,520,2,2,page_520_semantic_5.csv,SCORE_TIED_RECENCY,59.89,True,tied(gap=0.04)_recency(2026-06-29),page_520_semantic_1.csv=59.85; page_520_semantic_5.csv=59.89,False,True,2026-06-29T14:56:26.091900
page_521,521,2,2,page_521_semantic_1.csv,SCORE_CLEAR,75.12,False,score_gap(75.12_vs_74.25),page_521_semantic_1.csv=75.12; page_521_semantic_5.csv=74.25,False,True,2026-06-29T14:56:33.411918
page_522,522,2,2,page_522_semantic_5.csv,SCORE_CLEAR,75.6,False,score_gap(75.60_vs_75.31),page_522_semantic_1.csv=75.31; page_522_semantic_5.csv=75.60,False,True,2026-06-29T14:56:41.026798
page_523,523,2,2,page_523_semantic_1.csv,SCORE_CLEAR,77.49,False,score_gap(77.49_vs_75.20),page_523_semantic_1.csv=77.49; page_523_semantic_5.csv=75.20,False,True,2026-06-29T14:56:49.938732
page_524,524,2,2,page_524_semantic_1.csv,SCORE_CLEAR,75.87,False,score_gap(75.87_vs_74.06),page_524_semantic_1.csv=75.87; page_524_semantic_5.csv=74.06,False,True,2026-06-29T14:56:57.611108
page_525,525,2,2,page_525_semantic_5.csv,SCORE_CLEAR,73.51,False,score_gap(73.51_vs_72.43),page_525_semantic_1.csv=72.43; page_525_semantic_5.csv=73.51,False,True,2026-06-29T14:57:05.815886
page_526,526,2,2,page_526_semantic_1.csv,SCORE_CLEAR,75.4,False,score_gap(75.40_vs_73.96),page_526_semantic_1.csv=75.40; page_526_semantic_5.csv=73.96,False,True,2026-06-29T14:57:13.772083
page_527,527,2,1,page_527_semantic_5.csv,SCORE_CLEAR,76.98,False,only_valid_run(score=76.98),page_527_semantic_1.csv=36.67; page_527_semantic_5.csv=76.98,False,True,2026-06-29T14:57:21.077340
page_528,528,2,2,page_528_semantic_1.csv,SCORE_CLEAR,74.72,False,score_gap(74.72_vs_74.41),page_528_semantic_1.csv=74.72; page_528_semantic_5.csv=74.41,False,True,2026-06-29T14:57:29.337438
page_529,529,2,1,page_529_semantic_5.csv,SCORE_CLEAR,78.26,False,only_valid_run(score=78.26),page_529_semantic_1.csv=41.03; page_529_semantic_5.csv=78.26,False,True,2026-06-29T14:57:36.148023
page_530,530,2,2,page_530_semantic_1.csv,SCORE_CLEAR,76.47,False,score_gap(76.47_vs_74.86),page_530_semantic_1.csv=76.47; page_530_semantic_5.csv=74.86,False,True,2026-06-29T14:57:44.589081
page_531,531,2,2,page_531_semantic_5.csv,SCORE_CLEAR,73.4,False,score_gap(73.40_vs_65.30),page_531_semantic_1.csv=65.30; page_531_semantic_5.csv=73.40,False,True,2026-06-29T14:57:52.301989
page_532,532,2,2,page_532_semantic_5.csv,SCORE_CLEAR,74.36,False,score_gap(74.36_vs_73.03),page_532_semantic_1.csv=73.03; page_532_semantic_5.csv=74.36,False,True,2026-06-29T14:58:00.062118
page_533,533,2,2,page_533_semantic_5.csv,SCORE_CLEAR,76.33,False,score_gap(76.33_vs_35.81),page_533_semantic_1.csv=35.81; page_533_semantic_5.csv=76.33,False,True,2026-06-29T14:58:11.023443
page_534,534,2,2,page_534_semantic_5.csv,SCORE_CLEAR,55.17,False,score_gap(55.17_vs_41.07),page_534_semantic_1.csv=41.07; page_534_semantic_5.csv=55.17,False,True,2026-06-29T14:58:19.066920
page_535,535,2,2,page_535_semantic_1.csv,SCORE_TIED_RECENCY,76.93,True,tied(gap=0.06)_recency(2026-05-13),page_535_semantic_1.csv=76.93; page_535_semantic_5.csv=76.87,False,True,2026-06-29T14:58:27.739878
page_536,536,2,2,page_536_semantic_5.csv,SCORE_CLEAR,76.44,False,score_gap(76.44_vs_75.58),page_536_semantic_1.csv=75.58; page_536_semantic_5.csv=76.44,False,True,2026-06-29T14:58:35.455475
page_537,537,2,2,page_537_semantic_1.csv,SCORE_CLEAR,76.25,False,score_gap(76.25_vs_75.70),page_537_semantic_1.csv=76.25; page_537_semantic_5.csv=75.70,False,True,2026-06-29T14:58:44.319836
page_538,538,2,1,page_538_semantic_3.csv,SCORE_CLEAR,77.05,False,only_valid_run(score=77.05),page_538_semantic_1.csv=39.29; page_538_semantic_3.csv=77.05,False,True,2026-06-29T14:58:51.841931
page_539,539,2,2,page_539_semantic_1.csv,SCORE_CLEAR,73.71,False,score_gap(73.71_vs_59.39),page_539_semantic_1.csv=73.71; page_539_semantic_5.csv=59.39,False,True,2026-06-29T14:59:00.071414
page_540,540,2,2,page_540_semantic_1.csv,SCORE_TIED_RECENCY,76.11,True,tied(gap=0.07)_recency(2026-05-13),page_540_semantic_1.csv=76.11; page_540_semantic_3.csv=76.04,False,True,2026-06-29T14:59:08.131069
page_541,541,2,1,page_541_semantic_5.csv,SCORE_CLEAR,75.11,False,only_valid_run(score=75.11),page_541_semantic_1.csv=36.41; page_541_semantic_5.csv=75.11,False,True,2026-06-29T14:59:15.909490
page_542,542,2,1,page_542_semantic_5.csv,SCORE_CLEAR,75.67,False,only_valid_run(score=75.67),page_542_semantic_1.csv=38.46; page_542_semantic_5.csv=75.67,False,True,2026-06-29T14:59:23.086894
page_543,543,2,2,page_543_semantic_5.csv,SCORE_CLEAR,77.21,False,score_gap(77.21_vs_51.18),page_543_semantic_1.csv=51.18; page_543_semantic_5.csv=77.21,False,True,2026-06-29T14:59:31.212840
page_544,544,2,2,page_544_semantic_5.csv,SCORE_TIED_RECENCY,77.78,True,tied(gap=0.08)_recency(2026-06-29),page_544_semantic_1.csv=77.70; page_544_semantic_5.csv=77.78,False,True,2026-06-29T14:59:39.295745
page_545,545,2,2,page_545_semantic_1.csv,SCORE_CLEAR,74.45,False,score_gap(74.45_vs_56.28),page_545_semantic_1.csv=74.45; page_545_semantic_5.csv=56.28,False,True,2026-06-29T14:59:47.657180
page_546,546,2,2,page_546_semantic_5.csv,SCORE_CLEAR,76.47,False,score_gap(76.47_vs_50.82),page_546_semantic_1.csv=50.82; page_546_semantic_5.csv=76.47,False,True,2026-06-29T14:59:55.587783
page_547,547,2,2,page_547_semantic_5.csv,SCORE_CLEAR,75.74,False,score_gap(75.74_vs_73.49),page_547_semantic_1.csv=73.49; page_547_semantic_5.csv=75.74,False,True,2026-06-29T15:00:03.596700
page_548,548,2,2,page_548_semantic_5.csv,SCORE_CLEAR,75.6,False,score_gap(75.60_vs_74.34),page_548_semantic_1.csv=74.34; page_548_semantic_5.csv=75.60,False,True,2026-06-29T15:00:11.345155
page_549,549,2,2,page_549_semantic_1.csv,SCORE_TIED_RECENCY,74.5,True,tied(gap=0.09)_recency(2026-05-13),page_549_semantic_1.csv=74.50; page_549_semantic_5.csv=74.41,False,True,2026-06-29T15:00:23.658219
page_550,550,2,2,page_550_semantic_1.csv,SCORE_CLEAR,77.63,False,score_gap(77.63_vs_77.02),page_550_semantic_1.csv=77.63; page_550_semantic_3.csv=77.02,False,True,2026-06-29T15:00:39.535942
page_551,551,2,2,page_551_semantic_5.csv,SCORE_CLEAR,73.72,False,score_gap(73.72_vs_70.09),page_551_semantic_1.csv=70.09; page_551_semantic_5.csv=73.72,False,True,2026-06-29T15:00:48.014995
page_552,552,2,2,page_552_semantic_5.csv,SCORE_CLEAR,73.82,False,score_gap(73.82_vs_70.93),page_552_semantic_1.csv=70.93; page_552_semantic_5.csv=73.82,False,True,2026-06-29T15:01:25.279914
page_553,553,2,2,page_553_semantic_1.csv,SCORE_TIED_RECENCY,76.73,True,tied(gap=0.02)_recency(2026-05-13),page_553_semantic_1.csv=76.73; page_553_semantic_5.csv=76.71,False,True,2026-06-29T15:01:35.424739
page_554,554,2,2,page_554_semantic_5.csv,SCORE_CLEAR,72.25,False,score_gap(72.25_vs_52.22),page_554_semantic_1.csv=52.22; page_554_semantic_5.csv=72.25,False,True,2026-06-29T15:01:44.114780
page_555,555,2,2,page_555_semantic_5.csv,SCORE_TIED_RECENCY,75.95,True,tied(gap=0.00)_recency(2026-06-29),page_555_semantic_1.csv=75.95; page_555_semantic_5.csv=75.95,False,True,2026-06-29T15:01:53.007058
page_556,556,2,2,page_556_semantic_5.csv,SCORE_CLEAR,74.73,False,score_gap(74.73_vs_74.25),page_556_semantic_1.csv=74.25; page_556_semantic_5.csv=74.73,False,True,2026-06-29T15:02:00.889547
page_557,557,2,2,page_557_semantic_5.csv,SCORE_CLEAR,75.08,False,score_gap(75.08_vs_74.67),page_557_semantic_1.csv=74.67; page_557_semantic_5.csv=75.08,False,True,2026-06-29T15:02:09.408908
page_558,558,2,2,page_558_semantic_5.csv,SCORE_CLEAR,74.78,False,score_gap(74.78_vs_69.90),page_558_semantic_1.csv=69.90; page_558_semantic_5.csv=74.78,False,True,2026-06-29T15:02:17.880273
page_559,559,2,2,page_559_semantic_5.csv,SCORE_CLEAR,75.41,False,score_gap(75.41_vs_40.98),page_559_semantic_1.csv=40.98; page_559_semantic_5.csv=75.41,False,True,2026-06-29T15:02:25.593346
page_560,560,2,2,page_560_semantic_5.csv,SCORE_CLEAR,78.38,False,score_gap(78.38_vs_60.46),page_560_semantic_1.csv=60.46; page_560_semantic_5.csv=78.38,False,True,2026-06-29T15:02:33.942573
page_561,561,2,2,page_561_semantic_1.csv,SCORE_CLEAR,75.16,False,score_gap(75.16_vs_74.76),page_561_semantic_1.csv=75.16; page_561_semantic_5.csv=74.76,False,True,2026-06-29T15:02:41.828810
page_562,562,2,2,page_562_semantic_5.csv,SCORE_CLEAR,73.28,False,score_gap(73.28_vs_69.72),page_562_semantic_1.csv=69.72; page_562_semantic_5.csv=73.28,False,True,2026-06-29T15:02:49.365792
page_563,563,2,1,page_563_semantic_5.csv,SCORE_CLEAR,76.65,False,only_valid_run(score=76.65),page_563_semantic_1.csv=38.94; page_563_semantic_5.csv=76.65,False,True,2026-06-29T15:02:56.044709
page_564,564,2,2,page_564_semantic_5.csv,SCORE_CLEAR,76.11,False,score_gap(76.11_vs_74.29),page_564_semantic_1.csv=74.29; page_564_semantic_5.csv=76.11,False,True,2026-06-29T15:03:03.657434
page_565,565,2,2,page_565_semantic_5.csv,SCORE_TIED_RECENCY,76.19,True,tied(gap=0.03)_recency(2026-06-29),page_565_semantic_1.csv=76.16; page_565_semantic_5.csv=76.19,False,True,2026-06-29T15:03:11.369093
page_566,566,2,2,page_566_semantic_1.csv,SCORE_CLEAR,77.81,False,score_gap(77.81_vs_77.47),page_566_semantic_1.csv=77.81; page_566_semantic_5.csv=77.47,False,True,2026-06-29T15:03:20.140306
page_567,567,2,2,page_567_semantic_1.csv,SCORE_CLEAR,74.46,False,score_gap(74.46_vs_73.89),page_567_semantic_1.csv=74.46; page_567_semantic_5.csv=73.89,False,True,2026-06-29T15:03:28.515955
page_568,568,2,2,page_568_semantic_5.csv,SCORE_CLEAR,77.25,False,score_gap(77.25_vs_77.13),page_568_semantic_1.csv=77.13; page_568_semantic_5.csv=77.25,False,True,2026-06-29T15:03:36.648950
page_569,569,2,2,page_569_semantic_5.csv,SCORE_CLEAR,76.97,False,score_gap(76.97_vs_76.53),page_569_semantic_1.csv=76.53; page_569_semantic_5.csv=76.97,False,True,2026-06-29T15:03:44.853819
page_570,570,2,2,page_570_semantic_1.csv,SCORE_CLEAR,76.39,False,score_gap(76.39_vs_75.93),page_570_semantic_1.csv=76.39; page_570_semantic_5.csv=75.93,False,True,2026-06-29T15:03:52.904744
page_572,572,3,3,page_572_semantic_3.csv,SCORE_TIED_RECENCY,76.29,True,tied(gap=0.00)_recency(2026-05-07),page_572_semantic_1.csv=76.29; page_572_semantic_2.csv=76.29; page_572_semantic_3.csv=76.29,False,True,2026-06-28T21:25:08.195732
page_573,573,3,3,page_573_semantic_3.csv,SCORE_TIED_RECENCY,73.35,True,tied(gap=0.00)_recency(2026-05-07),page_573_semantic_1.csv=73.35; page_573_semantic_2.csv=73.35; page_573_semantic_3.csv=73.35,False,True,2026-06-28T21:25:15.290059
page_574,574,3,3,page_574_semantic_2.csv,SCORE_TIED_RECENCY,69.72,True,tied(gap=0.08)_recency(2026-05-07),page_574_semantic_1.csv=69.64; page_574_semantic_2.csv=69.72; page_574_semantic_3.csv=69.64,False,True,2026-06-28T21:25:22.457901
page_575,575,3,3,page_575_semantic_3.csv,SCORE_TIED_RECENCY,73.45,True,tied(gap=0.00)_recency(2026-05-07),page_575_semantic_1.csv=73.45; page_575_semantic_2.csv=73.45; page_575_semantic_3.csv=73.45,False,True,2026-06-28T21:25:30.110071
