occupation,frequency,cluster_id
prodotti chimici,44,0
Elettricisti e Idraulici,37,0
Ingegneri,32,0
Legnami e pali da costruzioni,29,0
Febbri ferrai e meccecini,25,0
Carboni Fossili e Ligniti,24,0
Materiali per costruzioni edilizie,24,0
industria,23,0
Elettricità,22,0
Prodotti chimici,21,0
Elettricità - Idraulica,19,0
carbone e legna (dettaglio),18,0
macchinari,16,0
Apparecchi e materiale radio,15,0
Ferramenta e metalli,15,0
carbone e legna,15,0
Materiale elettrico,14,0
Carpentieri,14,0
Carboni - Legna,13,0
Lavanderie meccaniche,13,0
Olii minerali,13,0
ingegnere,13,0
Ferramenta in Genere,12,0
Tubazioni industriali,12,0
MOBILI USATI,11,0
Combustibili solidi,10,0
Fornaci da calce e laterizi,10,0
Pellett erie (fabbriche),10,0
Meccanica,9,0
Costruzioni edili,9,0
Combustibili liquidi,9,0
elettricista e idraulico,9,0
Articoli di Gomma e affini,8,0
Grammofoni e dischi,8,0
Lubrificanti,8,0
fabbro ferraio e meccanico,8,0
Category: Acqua - Gas - Elettricità,7,0
Articoli Tecnici,7,0
Carbone e Legna,7,0
Ferri e metalli usati,7,0
Olii combustibili,7,0
apparecchi e materiale radio,7,0
Riscaldamento e fumisterie,7,0
Apparecchiature elettriche automatiche,6,0
Costruttori edili,6,0
Fonderie Meccaniche,6,0
"Incisori, cesellatori sbozzatori",6,0
Macchine calcolatrici,6,0
Officine elettromeccaniche,6,0
rappresentante prodotti chimici,6,0
elettricità idraulica e gas,6,0
Società industriale,6,0
Metano,5,0
Minerali,5,0
Ingegnere,5,0
legnami e pali da costruzioni,5,0
radio (riparazioni),5,0
Macchine per ufficio,4,0
Chimica,4,0
Carburanti Olii ed affini,4,0
Macchine contabili,4,0
Meccanuficio,4,0
Manipolazione carboni,4,0
Metalli usati,4,0
Officine meccaniche metallurgiche e costruzioni in ferro,4,0
Ottiche (Industria),4,0
articoli elettrici,4,0
strumenti musicali,4,0
ferramenta e metalli,4,0
liquori (fabbrica e deposito),4,0
Acque gassate,3,0
Acque minerali,3,0
Alluminio,3,0
Argentatura e doratura,3,0
"Armi, munizioni, proiettili",3,0
Metalli greggi e lavorati,3,0
MOBILI DI FERRO,3,0
mobili (fabbriche),3,0
carbone e legna (grossista),3,0
articoli di gomma,3,0
mobili usati,3,0
friggitore e commestibili cotti,3,0
officina meccanica e metallurgica,3,0
materiali da costruzione,3,0
rappresentante apparecchi e materiale radio,3,0
acquisto fabbricati e aziende agricole,3,0
carburanti,3,0
Fabbro Ferrario e Meccanico,3,0
construction enterprise,3,0
Accordatori pianoforti,2,0
Articoli Elettrici,2,0
Carburanti,2,0
Carburo di calcio,2,0
Elettrodi,2,0
Estintori da incendio,2,0
Elettrotecnica,2,0
COPERTURE - RIVESTIMENTI - TUBAZIONI,2,0
Fertilizzanti e anticrittogamici,2,0
Idraulica e sanitaria,2,0
"Imprese Lavori, Commercio Legnami, Forniture, Demolizioni, Costruzioni in Legno, Appalti",2,0
Impianti elettrici,2,0
Isolanti termici ed acustici,2,0
Lavorazione droghe,2,0
Legna per cellulosa,2,0
Legname compensato,2,0
Macchine agricole,2,0
Macchine cinematografiche,2,0
Macchine utensili,2,0
Materiale per agricoltura,2,0
Materiali,2,0
Navi in cemento,2,0
Officine fabbrili,2,0
Oggetti di piombo,2,0
Prodotti e sottoprodotti petroliferi,2,0
"Rappresentanti e commissionari auto, cicli e accessori",2,0
materiali edili,2,0
Serramenti,2,0
Società minerarie,2,0
fertilizzanti e anticrittogamici,2,0
carbone (importatori e produttori),2,0
Carbone e Legna (dettaglio),2,0
carbone legna,2,0
materiale elettrico,2,0
officina meccanica metallurgica e costruzioni in ferro,2,0
macchine cinematografiche,2,0
carta cartoni ed affini (industria),2,0
Carbone e legna,2,0
carbone e legna (dettagli),2,0
carbone e legna (dett.),2,0
impianti di riscaldamento,2,0
Carbone e legna (dettaglio),2,0
liquori (fabrica e deposito),2,0
bandaio e lattoniere,2,0
rappresentante materiali edili,2,0
combustibili liquidi ed affini,2,0
Legnami e pali da costruzione,2,0
officina elettromeccanica,2,0
impianti telefonici,2,0
Cicli e Motocicli,2,0
industria chimica,2,0
Società Cementi Armati Centrifugati,2,0
cicli e motoveicoli,2,0
coal and firewood,2,0
Generatori Acetilene brevettati,2,0
esperto elettrotecnico,2,0
Impresa impianti elettrici industriali,1,0
UFFICIO TECNICO IMPOSTE DI FABBRICAZIONE,1,0
Combustibili e Carburanti,1,0
Abiti riparazioni,1,0
Accessori per auto e lubrificanti,1,0
Fabbrica Acque Gassate - “Chabeso”,1,0
FABBRICA ACQUE GASSATE,1,0
Automobili,1,0
"BAULI moderni, solidi, leggeri ed eleganti",1,0
Avvolgimento Motori,1,0
Benzina,1,0
Carboni Fossili e Legna da ardere,1,0
Commercio Carboni e Legna da ardere,1,0
carboni o legna da ardere,1,0
"Cavi sotto piumo per energia ad alta e bassa tensione, Cavi telefonici di qualunque tipo, Cavetti sottopiombo per impianti interni, Fili « Corde rame » e alluminio isolati, Cordoncini luce-Cavetti sterlinanti, Accessori per cavi, Offerte, Listini",1,0
Cavi elettrotelefonici recupero e posa,1,0
Cementi armati,1,0
"Compressori, Trapani, Smerigliatrici, Martelli pneumatici",1,0
Concimi azotati,1,0
Costruzioni stradali e ferroviarie,1,0
"Officina elettrogalvanica, Argentatura, Ramatura, Biancatura, Ossidatura",1,0
"FABBRICA - Cucine economiche, Stufe - Letti - Reti - Brande Turche",1,0
Negozi: Bottega dell'Elettricità,1,0
(fabbriche),1,0
d’ingresso ferroviari,1,0
Elettrochimica,1,0
Elettrodomestica,1,0
Elettrogalvanica,1,0
"Impianti e Forniture Industriali e Civili, Riscaldamenti Moderni, Idraulici, Sanitari, Elettricità ed affini",1,0
Falegnameria e Meccanica,1,0
STABILIMENTO ELETTRO - MECCANICO PER LA LAVORAZIONE DEL LEGNO,1,0
Ferro battuto,1,0
Ferro e derivati,1,0
Ferro e metalli da fondere,1,0
Forniture meccaniche,1,0
Fotindustria,1,0
Gemme per veicoli,1,0
"IMPIANTI E FORNITURE INDUSTRIALI E CIVILI, IN RISCALDAMENTI MODERNI, IDRAULICI, SANITARI, ELETTRICITÀ ED AFFINI, OFFICINA ELETTROME CANICA, SALDATURA AUTOGENA",1,0
IMBALLAGGI IN LEGNO,1,0
Impianti costruzioni elettriche,1,0
Impianti riscaldamento,1,0
Impianti Telefonici Automatici interni,1,0
Fornitura per lavori ed opera edilizia stradali,1,0
manutenzione strade ferrate,1,0
costruzioni ferroviarie,1,0
Porto Industriale,1,0
"Impresa Costruzioni Edilizie, Lavori edilizi in cemento armato, ferro e legno",1,0
Installazioni elettriche ed idrauliche e vendita materiale elettrico,1,0
Lavorazione materie plastiche,1,0
Lavorazione marmi,1,0
Legna (ingrosso),1,0
"Carboni fossili, Ligniti legna da ardere",1,0
Macchine e accessori,1,0
"Impresa Edile, Costruzioni In Cemento",1,0
Materiali da costruzione,1,0
Manufatti in cemento,1,0
Materiale ferroviario,1,0
Materiali plastici,1,0
Materiali radio elettrici,1,0
Materiali siderurgici,1,0
Materiali tecnici e per la ricostruzione,1,0
Materie resìnose,1,0
Meccanica di precisione,1,0
Metalli lavorati e bronzi,1,0
Premiato Mobilificio,1,0
ARREDAMENTI NEGOZI,1,0
Motori,1,0
Officine per carica accumulatori,1,0
Officine industria alluminio,1,0
Officina Meccanica e Fabbrile con Torneria,1,0
Officine meccaniche e saldature,1,0
selciatura e pavimentazione stradale,1,0
per L'industria Mineraria ed agricola,1,0
Prodotti industriali,1,0
Recordi ferroviari,1,0
"Riparazioni radiorecivitori normali e speciali - altoparlanti - microfoni, pick ups, ecc.",1,0
Radiomeccanica,1,0
rappresentante te colori e prodotti chimici,1,0
rappresentante i prodotti chimici,1,0
Ricerche minerarie,1,0
Riparazioni impianti tecnici e igienici,1,0
Riparazioni riavvolgimenti macchine elettriche,1,0
Riscaldamento e termosifoni,1,0
Rottami metallici,1,0
Scaldabagni elettrici,1,0
Fabbrica Timbri in Gomma,1,0
COMPRESSORI D’ARIA,1,0
TRAPANI ELETTRICI,1,0
Tubi in cemento,1,0
Tubi in ferro e acciaio,1,0
Adriatica Costruzioni Edilizie,1,0
Raffineria e Depositi,1,0
alluminio,1,0
Officina Meccanica Metallurgica e Costruzioni in Ferro,1,0
Carbone e legna (grossista),1,0
Officina meccanica,1,0
eletricista,1,0
lavorazione dzoghe,1,0
materiali refrattari e laterizi. Prodotti chimici,1,0
materiale per construzioni edilizie,1,0
prodotti chimici commercio,1,0
legnami e pali da costruzione,1,0
officina meccanica metallurgica e construzioni in ferro,1,0
costruttore edile,1,0
liquori fabbrica e depositi,1,0
officina meccanica metal. lurgica e costruzioni in ferro,1,0
cicli e motocicli (posto per noleggio riparazioni),1,0
Impianti Elettro-Industriali,1,0
Elettricità Idraulica e Gas,1,0
strumenti musicali e materiele radio,1,0
carbone e legnai dettagli,1,0
"Articoli sanitari, Articoli di gomma, tecnici ed industriali, l'nper. meschi Pirelli, Buetti Berni e delle migliori Marche, Forniture complete per,Ambulatori""",1,0
fonderia meccanica,1,0
"prodotti chimici, petrolio e benzina, marmi e cemento * * * * * * colori e vernici, ferramenta e metalli, carburo di calcio,",1,0
acque minerali,1,0
La Radio-elettrica,1,0
Magazzino Ferro,1,0
impresa di costruzioni e falegnameria,1,0
officina meccanica e saldature,1,0
mobili in ferro (fabbrica),1,0
macchine contabili calcolatrici,1,0
elettricisti idraulica gas,1,0
legnami e pelli da costruzioni,1,0
"di Belle, Ferrer e Zacchiroli M., carbone e legna (grossista)",1,0
rappresento macchine,1,0
riscaldamento e fumisteria,1,0
guarnizioni isolanenti,1,0
isolamenti termici ed acustici,1,0
"Materiale per costruzioni edilizie, Leggere e rapide",1,0
Materiale per costruzioni edilizie,1,0
Acque Gassate,1,0
"Fabbrica Vetri, Ditta",1,0
rappresentanti carboni,1,0
articoli tecnici combustibili solidi e liquidi,1,0
Printe. Uff. Impianti Elettrici e di Segnalamento,1,0
"galvanizzatore, cesellatore",1,0
Impianti elettrici di luce,1,0
gas (industria),1,0
tubazioni industriali,1,0
materiali radio elettrici,1,0
timbri di gomma in metallo e incisioni,1,0
ferri e metalli usati,1,0
tornitore 2362,1,0
elettricità idraulica gas,1,0
macchine elettrica industriali e motori,1,0
impianti frigoriferi,1,0
impianti condizionamento d'aria,1,0
fabbro ferruic meccanico,1,0
pittunzionii industriali,1,0
 carbone e legna (dettaglio),1,0
ferramenta metalli,1,0
Carbone e legna (vendita al dettaglio),1,0
Apparecchi o materiale radio,1,0
ferramenta,1,0
manipolazione carboni FF. SS.,1,0
elettricista idraulica e gas,1,0
Combustibili solidi e liquidi,1,0
Rappresentanze di prodotti chimici,1,0
Industria,1,0
Generatori Accellene Brevettati,1,0
fornaci da calce e laterizi,1,0
carbone e legna (det. taglio),1,0
Ass. fra Proprietari di Fabbricati,1,0
Offlcina Elettromeccanica,1,0
carbone e legna (det- taglio),1,0
fabbro ferrajo e mecrtnico,1,0
officina fabbrile,1,0
fabhro ferraio e meccanico,1,0
Ferri e Metalli Usati,1,0
rappresentante macchine,1,0
magil'na (fabbrica),1,0
levame e pali da costruzioni,1,0
"Appareohgl per saldatura e taglio osalacetilenici, Riduttori di presslone, Impiantì di distrlbufione gas compressl, Rappresentanti per il Veneto: Soc. Rapprentazne Generali, S. Molse.",1,0
lubrificanti,1,0
idraulica-sanitaria,1,0
 idraulica e gas,1,0
impresa edile riscaldamento fumisteria,1,0
fabbrica e deposito,1,0
prodotti e sottoprodotti petroliferi,1,0
Radio e radiogrammofoni,1,0
Elettricista idraulica e gas,1,0
rappresentante-prodotti chimii,1,0
rapprsentate macchinari,1,0
fabbrica,1,0
metalli minuti,1,0
"frigoriferi, officina meccanica e metallurgica",1,0
comm. e lavorazione,1,0
fabbricati e aziende agricole,1,0
rappresentante materiale elettrico,1,0
carbone legna legnam & pali da costruzioni,1,0
prov. servizio impianti sport,1,0
 industria,1,0
rappresentante macchineri,1,0
Imballaggi in legno,1,0
Fonderia meccanica,1,0
macchine a motori,1,0
legnami e palia da costruzioni,1,0
"Costruzioni ed impianti elettrici idraulici sanitari e gas, Officina riparazioni, Venezia materiale",1,0
"armi, munizioni, proiettili",1,0
Studio Radio e Elettrotecnico,1,0
"cicli e motocicli (accessori, riparazioni, vendite)",1,0
Lagenitmi e pali da costruzioni,1,0
fornica di calce e laterizi,1,0
Magazzino Deposito Materiali da Costruzioni,1,0
Materiali per l’Edilizia,1,0
cicli e motocicli (noleggio nolecizio riparazioni),1,0
fabbro e meccanico,1,0
fabre ferraio e meccanico,1,0
minerali,1,0
lubrificanti bitumi,1,0
Fabbro ferraio meccanico,1,0
"Officina Elettromeccanica, Saldatura Autogena",1,0
ricerche minerarie,1,0
elettricista idraulico,1,0
"legnami e pali da costruzioni, (grossista)",1,0
carbone e legname (dettaglio),1,0
Fabbrica Timbri - Studio Incisioni,1,0
Impresa Edile Falegnameria,1,0
Macchine Utensili e Utensileria,1,0
Industrie laterizi e affini,1,0
Importazione Esportazione Commercio Prodotti del suolo e del Findustrie,1,0
officina di Motoeicli,1,0
"inco,re, coestelatore, sbalzatore, timbri di gom- ma e metallo",1,0
cinema (produzione film stabii-,1,0
Disinfestazioni con gas tossici,1,0
impresa di costruzioni,1,0
"Apparecchi di tutte le Marche, Dueomi Duenti, Amplificatori, Impianti Cine, Negozio e Laboratorio",1,0
 benzina,1,0
Fabbrica,1,0
industries boschive,1,0
elettricista,1,0
"Sez, Materiale Trazione",1,0
terramatta e metalía,1,0
radiomeccanica,1,0
mobili (fabbrica),1,0
Prefabbricati,1,0
impianti di riscaldamento elettricità idraulica e gas,1,0
materiale per costruzione,1,0
 acque minerali,1,0
legno carboni (grossisti),1,0
carburanti olii ed affnii,1,0
gas (industrie),1,0
apparecchi elettromeccanici,1,0
prodotti industriali,1,0
fonderia,1,0
elettromeccanica,1,0
legna per cellulose,1,0
Fornace da calce e laterizi,1,0
Fonderia p'eceuenca,1,0
olii minerali,1,0
Fornacci da calce e laterizi,1,0
Molini e Pastificio,1,0
ghiaerio (fabbrica),1,0
industria laterizi,1,0
ingegner costrzeni al Neon,1,0
lavori poruuali materiali per costruzioni,1,0
"Costruzioni edili, civili e industriali, industri inoshiva",1,0
"Ufficio di Venezia, Sezioni: Stabilimento Grandi Motori, Ferriere Piemontesi, Industrie Metallurgiche ed Accialerie, Fonderie Ghisa, Materiale Ferroviario, S. A. Metalli, S. A. Produscia, S. A. Ricuperi Metallifei, Prodotti Vitoc e della Vetrooock.",1,0
"Manufatti in cemento, tubi in cemento",1,0
elettricità (produzione distribuzione),1,0
ossidi metallici,1,0
rappresentante carboni,1,0
carbone e legna ingrosso (dettaglio),1,0
fibre vegetali ed affini legna,1,0
Lavorazione di Sughero in genere,1,0
legnami e pali da costruzi,1,0
Carbone e Legna (Dettaglio),1,0
 officina meccanica e metallurgica,1,0
officina meccanica e saldatura,1,0
 acque gassaste,1,0
"Addizionatori, Agricole, Utensili, Enologiche, da Scrivere",1,0
Industria Acque Gassate,1,0
Ingegnero,1,0
Fornaci,1,0
Laterizi Materiale per costruzioni edilizie,1,0
elettricità e idraulica e gas,1,0
Premiata Fonderia Artistica Maccanica con Laboratorio Bronzi,1,0
friggitore e commestibili,1,0
stoffe,1,0
officina industria alluminio,1,0
officina meccanici metalurgla e costruzioni in ferro,1,0
ferro battuto,1,0
Fabbro Ferrario e Une-celnino,1,0
carbonaio e legna (dettaglio),1,0
elettrotecnica,1,0
materiali radio electri,1,0
macchine sutenili nuove e do canzone,1,0
Divisione tecnologica,1,0
Ingegnere igienista,1,0
Tecnica industriale e commerciale,1,0
di Scienza delle costruzioni,1,0
per Mineralogia e geologia,1,0
Tecnologia dei materiali e tecnica delle costruzioni,1,0
Chimica generale ed applicata,1,0
"impianti tecnici, Estimo ed esercizio professionale",1,0
Meccanica razionale e statistica grafica,1,0
"Fisica, Fisica tecnica",1,0
dommatica,1,0
"Scuole ginnasiali e Liceo classico, Istituto tecnico industriale",1,0
"Istituto Coletti con scuole per meccanici, falegnami-calzolai",1,0
FORNITURE COMPLETE,1,0
Costruzioni Meccaniche,1,0
"VETRI DIFFUSORI PRISMATICI PER ILLUMINAZIONE, PROIETTORI E RIFLETTORI PER ILLUMINAZIONE, PUBBLICA, INDUSTRIALE, STABILIMENTI E UFFICI, RAPPRESENTANTE S. A. SUPER LUX",1,0
"IMPIANTI ELETTRICI DI QUAL SIASI TIPO, LAMPADARI, COMPLESSI ILLUMINANTI, APPARECCHI E MATERIALE ELETTRICO, PROIETTORI, VETRI DIFFUSORI PRISMATICI,",1,0
IMBALLAGGIA DI LEGNO PER QUALSIASI INDUSTRIA PAGLIA DI LEGNO PER IMBALLE DEPOSITO DI VENEZIA,1,0
S. A. Commercio Carboni e affini,1,0
carbone e legna (grossosta),1,0
fabbro ferrario e meccanico,1,0
elettricità industriale e gas,1,0
stoffe per mobili,1,0
"Forniture Statali, Parastatali e Private, Costruzioni Elettriche Centrali, Sottostazioni di Trasformazione e smistamento. Cabine di Trasformazione e di Manovra, Officine carica accumulatori. Linee per trasporto energia per alta e bassa tensione. Per trazioni o telefoniche in genere. Impianti di bordo: Da guerra e mercantili, industriali di luce o forza motricc., Domestici, Di segnalazione. In serie e ad intensità costante, Telefoni, Teatrali, Ospedalieri. Segnalamenti Terrestri e Marittimi. Acustici o luminosi. Macchinari Elettrici, Riparazioni, Riavvolgimenti.",1,0
mobili fabbriche,1,0
fabbro ferraio e mecca-nico,1,0
Impianti di illuminazione a gas vari,1,0
cicli e motocicli vendita,1,0
carbone e legna (grossi sta),1,0
"commmercio e lavorazione, Stabilimento : Murano, Fondamenta Manin numero 78",1,0
stoffe per arredamenti,1,0
industria bostchiva,1,0
impianti elettrici,1,0
commercio e lavorazione,1,0
carbone importatori e produttori,1,0
factories,1,0
Coltellerie IN GENERE - ARROTATURA RASOI,1,0
Elettricista,1,0
rappresentante macchinari,1,0
fabbro ferraro e meccanico,1,0
Fabbrica Acque Gassate,1,0
Empoilo Materiale Elettfi.,1,0
 pelli e materiale per costruzioni edilizie,1,0
Fabbrica S. Baseggio 1124,1,0
pali in cemento armato,1,0
cement con- truction e mandauti di calce,1,0
elettricita idraulica e gas,1,0
Legname Compensato,1,0
prodotti siderurgici e metallurgici,1,0
materiali ferrosi da riutilizzo,1,0
radio e accessorii,1,0
elettricità ed idraulica,1,0
rivieditori zenergi ni Monopolio,1,0
grossisti combustibili e solidi,1,0
Tecniche dell'incisione,1,0
Matematica e fisica,1,0
Camicerie da uomo,239,1
Macellerie,54,1
Profumerie,49,1
"Oreficerie, Gioiellerie",42,1
Manifattura pellami e calzature,41,1
Lingerie e maglierie,41,1
Tessuti,38,1
Calzature,37,1
sarto da uomo,37,1
Scatole,36,1
Orologerie,35,1
Mercerie,34,1
calzature,32,1
bottiglieria,29,1
Parrucchieri per signora,28,1
Giocattoli,27,1
"Fiori, piante e sementi",25,1
tessuti confezioni filati,25,1
latteria,25,1
cartoleria,23,1
Abbigliamento,22,1
Maglierie,19,1
profumeria,18,1
Sartorie e confezioni per signora,17,1
 filati e affini,17,1
Calzaturifici,14,1
calzaturificio,14,1
lavanderia e stireria,14,1
Biancheria e affini,13,1
Cappellerie,12,1
Confezioni varie,12,1
Librerie,12,1
Sartorie e confezioni per uomo,12,1
Stoffe e Tessuti,12,1
parrucchiere per signora,12,1
Polliccerie,11,1
Macelleria,11,1
manifatture,11,1
sarta da uomo,11,1
Abiti confezionati,10,1
giornali (rivendita),9,1
Merletti e ricami,8,1
lingerie e maglierie,8,1
Lavanderie e stirerie,7,1
Cartoleria,7,1
tessuti filati,7,1
tessuti,7,1
sartoria e confezioni per signora,7,1
confezioni varie,7,1
Confezioni per Bambini,6,1
Macchine da cucire e accessori,6,1
Tessili,6,1
pellicceria,6,1
Tesoriere,5,1
Utensili,5,1
filati e affini,5,1
stoffe e tessuti,5,1
"mercerie, filati e affini",5,1
Bottiglieria,5,1
giocattoli,5,1
Cartiere,4,1
profumi,4,1
Saponi comuni medicinali e profumati,4,1
Tintorie e pulliture a secco,4,1
"Valigerie, pelletterie articoli da viaggio",4,1
sartoria e confezioni per uomo,4,1
rappresentante tessuti,4,1
sartoria,4,1
Sarto da uomo,4,1
 gioielleria,4,1
Calzinerci,3,1
Canapa e Lino,3,1
Filati all'ingrosso,3,1
Libreria,3,1
Pelle tterie ed affini (negozi),3,1
Prodotti antisettifughi,3,1
Profumi e affini,3,1
Riparazioni calzature e cappelli,3,1
Sartoria e confezioni per signora,3,1
gioielleria,3,1
filati,3,1
detersivi,3,1
confezioni,3,1
biancheria e affini,3,1
Profumeria,3,1
Calzaturificio,3,1
Confezioni per Uomo,2,1
Lucido de scarpe (fabbriche),2,1
Manifatture e tessuti,2,1
Sacchetti di carta,2,1
Sartoria civile e militare,2,1
Segherie,2,1
Soffierie,2,1
Pellicceria,2,1
Sartoria e confezioni per uomo,2,1
merceria,2,1
cereria e prodotti affini,2,1
pelletterie,2,1
 cartoleria,2,1
rappresentante calzature,2,1
"oreficeria, gioielleria",2,1
rappresentante tessuti confezioni,2,1
rappresentante profumi,2,1
Manifatture,2,1
sartoria da uomo,2,1
sartoria uomo,2,1
confezioni per bambini,2,1
merletti e ricami,2,1
Riparazioni calzature e capelli,2,1
"fiori, piante e sementi",2,1
rappresentante articoli casalinghi,2,1
maglieria (negozio),2,1
giornali rivendita,2,1
abbigliamento,2,1
"Mercerie, Filati e Affini",2,1
"Fiori, Piante e Sementi",2,1
Sarto,2,1
Camicerie,1,1
Abbigliamento per bambini e ragazzi,1,1
Magazzini della Gomma,1,1
Biancheria per Signora,1,1
Calzoleria,1,1
Camicie da uomo,1,1
Carte e Stracci per Cartiere,1,1
CANCELLERIA CARTA E CARTONI,1,1
Confezioni per Signora,1,1
Copisterie,1,1
"Stabilimento Serico Velluti, Soprarizzi, Broccati, Damaschi per Arredamento e chiesa. Passamanterie.",1,1
Commercio Filande per la trattatura della seta,1,1
Lanerìe e seterie,1,1
"Ricami artisti a mano, Laboratorio proprio, Negozio di vendita",1,1
FABBRICA,1,1
Modelli abiti signora,1,1
Confezioni Pelliccerie,1,1
Prodotti coloranti,1,1
Prodotti tessili,1,1
Lavorazione profumerie,1,1
"Biancheria fine per signora finita e su commissioni, Corredi, Ricami a mano, di fronte Hotel Bonvecchiati",1,1
Deposito stoffe,1,1
Utensili e utensileria in genere,1,1
maglieria,1,1
Pellicce e Confezioni per Signora,1,1
carpenterie,1,1
cotoleria,1,1
linge rie e maglierie,1,1
Parrucchiere per signora,1,1
Merceria,1,1
maglierie negozio,1,1
lingerie,1,1
rappresentante cicli e accessori,1,1
Succ. Ditta Perissinotto Giuseppe di Nicola Qualsiasi lavoro in fiori,1,1
parrucchiere per signora e berbiere,1,1
carta e stracci per cartiere,1,1
pelle (lavor.e commercio),1,1
confezioni Varie,1,1
abiti confezioni,1,1
calzificio,1,1
macellaeria,1,1
calzaturaio,1,1
micelleria,1,1
Uff. di Magazzino,1,1
Abbigliamento per Bambini e Ragazzi,1,1
Sarto Da Uomo,1,1
Parrucchiere per Signora,1,1
cartoleria profumeria,1,1
coltelleria e arrotini,1,1
drogherie,1,1
macchine da cucire e accessori,1,1
calzaturifico,1,1
pizzi e ricami,1,1
"« Biasetto », mercerie, fliati e affini",1,1
mercegie pellicceria,1,1
profumeria e parrucchiere per signora,1,1
"orificeria, gioielleria",1,1
carrozzeria,1,1
 Tessuti,1,1
"Mercerie, filati e affini",1,1
Lavanderia e Stireria,1,1
manifattura,1,1
Confezioni per signora,1,1
perle (lavorie i commercio),1,1
"Alla Città di Scbio, Tessuti",1,1
Abbigliamento uomo,1,1
pelletterie (negozio),1,1
Tipografia; Cartoleria,1,1
Confezioni,1,1
Mobili (negozio); Cartoleria,1,1
Lingerie e maglie-ig.,1,1
Mod.; Pellicerie,1,1
lanerie e seterie,1,1
maniffatura e,1,1
faiegrieria,1,1
Pelletterie,1,1
 gioieileria,1,1
pellicceria tessuti,1,1
lavaderia e stierira,1,1
"rappresentante, filati",1,1
"articoli casalinghi, cartoleria",1,1
"merceire, filati e affini",1,1
lingería e maglierie mercerie filati,1,1
"confezioni per uomo, impermanefili lingerie e maglierie",1,1
mercerie filati,1,1
cererie e prodotti affini,1,1
"Confezioni Pellicceria, Deposito Pelli",1,1
"detergenti, saponi, affini",1,1
sartola confezioni per uomo,1,1
"Rappresentante tessuti, confezioni, liniti",1,1
"Specialità venoziane, pelletterie",1,1
"Legnime, mercerie, filat e affini",1,1
calzaturficio,1,1
"Magasin de Paris, Sartoria, Confezioni e Lingerie di Lusso",1,1
stoffine e tessuti,1,1
vendita di saponi,1,1
perle (produtt. e commercio),1,1
mercerie e filati,1,1
"mercerie, afiat e affini",1,1
manifatture tessuti,1,1
"cartoleria, libreria",1,1
"terrazze porcellane, detersivi, saponi, affini (vendita)",1,1
fiori piante e sementi,1,1
modista,1,1
parruccchiere per signora,1,1
tappeti (negozio),1,1
Sarto da Uomo,1,1
Rappresentante tessuti,1,1
"prodotti antisettícu-genici, inchiostri",1,1
sarta; e a confezioni per bambini,1,1
mercerie filati ed affini,1,1
lavanderia e stalleria,1,1
maglieria biancheria (negozio),1,1
forniture,1,1
"cartoleria, tabaccheria",1,1
"merce nelia, filati e affini",1,1
"merce-ria, filati e affini",1,1
"argenteria, oreficeria, gioiellerie",1,1
"orologeria, oreficeria, gioielleri",1,1
"perle (produtt, e commercio)",1,1
tintoria puliture a secco,1,1
ab. bigliamento,1,1
Tessuti stampati e arti etici,1,1
Ditta Cecchetti Pradel & C.,1,1
Sartoria e Confezioni per Signore,1,1
Cartoleria Chinaglierie,1,1
Maglieria (negozio),1,1
Tossenti filati,1,1
Laboratorio Fiale,1,1
"seterie, merletti e ricami",1,1
"Ferramenta, Utensileria, Articoli casalinghi",1,1
rappresentante articoli casalinghici,1,1
pelle (lavor. e commercio),1,1
concerie e pelli,1,1
coltelleria,1,1
modelli abiti signore,1,1
Manifattura Tabacchi,1,1
tintoria e pulitura a secco,1,1
saddlery,1,1
perfumery,1,1
laundry and ironing,1,1
sewing goods,1,1
dressmaker,1,1
barbiere | Pescheria,1,1
sartoria e confezioni,1,1
lavanderia e stirerie,1,1
Giornali (rivendita),1,1
lingerie e maglieric,1,1
profumi e affini (fab. brcia),1,1
sarto a uomo,1,1
Laboratorio di Merceologia e Museo merceologico,1,1
Imballaggi,1,1
Ditta Cecchiotti,1,1
Industria editoriale San Fantin,1,1
scatole carta cartoni ed affini,1,1
"stoffe, tessuti, lingerie e maglierie",1,1
Stoffe per arredamenti,1,1
Colletlico Italialee,1,1
"Guanti, Pizzi, Ricami a mano, Esportazione",1,1
Articoli imballaggi di cellulosa,1,1
 tessuti seterie e affini,1,1
abiti confezionati,1,1
stoffe tessuti,1,1
macchine per cucire,1,1
articoli igienici,1,1
argenteria orologeria,1,1
"stoffe per arredamenti, tendeaggi e tappezzi, Filiali a Roma, Milano, Torino, Firenze",1,1
tendaggi e tappeti,1,1
Stampa,1,1
sartoria e confezioni per signorа,1,1
lavandera e stireira,1,1
Stole e tessuti,1,1
botigli°eria,1,1
Mercerie filati e affini,1,1
Fiori piante e sementi,1,1
 pelletterie,1,1
 confezioni,1,1
gioiellera (rivendita),1,1
parrucchiera per signora,1,1
"mercierie, lingere, maglierie ed affini",1,1
Forniture complete mobili e accessori per ufficio,1,1
Forniture,1,1
Presidente,44,2
Consigliere,39,2
Segretario,35,2
Direttore,34,2
Consigliere Municipale,24,2
Consiglieri,17,2
rappresentante,17,2
Membri effettivi,17,2
Consiglio di Amministrazione,15,2
Arciprete-parroco,13,2
Deputato,10,2
Vicario,10,2
Vice Presidente,9,2
Rettore,9,2
vice direttore,9,2
professore,9,2
Consiglio Direttivo,9,2
Comitato esecutivo,8,2
Uffici Centrali,8,2
Componenti il Consiglio Direttivo,8,2
vicario,7,2
Assistente incaricato,7,2
Commissario,6,2
Sindaci,6,2
Vice Direttore,6,2
Membri supplenti,6,2
Dirigente,5,2
Provveditore agli studi (reggente),5,2
Assistente,5,2
Ispettore Capo,5,2
Membro effettivo,5,2
Sindaco,4,2
Banco di Roma vice direttore,4,2
rappresentante varie,4,2
Archivista,4,2
Comandante,4,2
Ispettori di l.a cl.,4,2
Personale degli Uffici - Segreteria della Sezione di Economia e Commercio,4,2
Comitato di Venezia,3,2
Condirettore,3,2
Insegnante,3,2
Pretore della Pretura Civile e Penale,3,2
Ispettore,3,2
Capo Divisione,3,2
Ispett. Capo,3,2
Rappresentanza del Consiglio di Facoltà,3,2
Personale degli Uffici - Segreteria della Sezione di Lingue e letterature straniere,3,2
Amministratore,3,2
Titolare Procuratore,3,2
Segretario Generale,2,2
Comm. Capo,2,2
Ispettore Compartimentale,2,2
Direttore Amm.,2,2
Sindaco Revisore,2,2
Direttore Tecnico Prov. per il Tiro a Volo,2,2
Collaboratore Tecnico FIGB,2,2
Altri Consolati aventi giurisdizione sulla Regione Veneta,2,2
Sovrintendente,2,2
Direttrice,2,2
signor,2,2
Direttore responsabile,2,2
Vice Segretario,2,2
Vice Pres.,2,2
Assitenza,2,2
rappresentanti,2,2
Medico Provinciale,2,2
Soprintendente,2,2
segretario,2,2
Consigliere (TELVE),2,2
Questore,2,2
Deputato dell'Amministrazione della Provincia,2,2
Vice Comm.,2,2
Capo ufficio,2,2
Ispettori Principali,2,2
Coadiutore,2,2
Membro supplente,2,2
Membro di diritto,2,2
Addetto,2,2
Capitano di P.S. in S.P.E.,2,2
Ispettori Capi,2,2
Sindaci supplenti.,2,2
Vice Segretario Generale,1,2
Primo Segretario,1,2
Ragioniere capo,1,2
Incaricato della supplenza del Presidente del Tribunale di Venezia,1,2
Consigliere Corte Appello,1,2
Ingegnere Capo,1,2
Vice Comnissario Amm.vo,1,2
Gestore,1,2
Capo Ufficio,1,2
Direttore Regionale,1,2
Segretario Regionale,1,2
Direttore della Sede,1,2
Ispettore Compartimentale Amministrativo per le Tre Venezie,1,2
Reggente,1,2
Capo dei Servizi Sanitari,1,2
Membro commissione,1,2
Delegato sportivo prov.,1,2
Direttore Tecnico Provinciale per l'attività Nautica,1,2
Direttore Tecnico Prov. per l'Atletica Leggera e Tiro alla Fune,1,2
Direttore Tecnico Prov. per il Tamburello - Palla a volo e Pallone a bracciale,1,2
Direttore Tecnico Prov. FIGB,1,2
Presidente Gruppo Prov. Arbitri della F. I G. B.,1,2
Vice Console onorario,1,2
Console onorario,1,2
Direttore onor.,1,2
Distribuitore capo,1,2
Vice direttore,1,2
Assistente alla direzione,1,2
Assistente alla direzione biblioteca,1,2
Comitato di Amministrazione,1,2
"Uffici Centrali, Aiutanti tecnici",1,2
Cancellista capo,1,2
Vice tesoriere,1,2
Vice Economo,1,2
Medico dirigente,1,2
"Ispettore Onorario, prof. Amedeo Gottardi",1,2
Medico direttore,1,2
Medico di Sez.,1,2
Primo Procuratore di Chiesa,1,2
Agente principale della Società Autori ed Editori della Agenzia di Venezia,1,2
Segretario Tesoriere,1,2
Addetto Provinciale,1,2
Sede: Regionale e Provinciale,1,2
Segretario Politico,1,2
Vice Segretario Politico,1,2
Segretario Amministrativo,1,2
Segretario Federazione Provinciale,1,2
Vice Segretario Provinciale,1,2
Segretario amministrativo,1,2
Funzionario concetto,1,2
Gerente Baldi Antonio,1,2
di Guido Rusconi,1,2
"Consiglio di Amministrazione: Presidente Giovanni Scaramanga di Altomonte; Vice Presidente: cav. di gr. cr. ing. dr. Luigi Macalina; Consiglieri comm. dr. Rodolfo Bernardi; comm. dott. Pardè Formentini; avv. Bruno Forti conte Mario Moretti; dott. Mario Valenti. nuzzi. - Collegio dei Sindaci: gr. uff. rag. Amedeo Fracassi; gr. uff. dott, Cesare Cichi; dott. Girolamo Manzutto; dott. Mario Renzi; dr. rag. Antonio Tedeschi. Direttore Generale: gr. uff. cap. Guido Cosulich, - Sede di Venezia, Direzione ed ufficio merci: Piazza S. Marco. Direttore della sede di Venezia: Com.te, cav. uff, Filibert Francesco.",1,2
Comandante Legione Terr. della Guardia di Finanza,1,2
Capo rip. personale Polrvice dello Stato,1,2
Ingegner Capo del Corpo del Genio Civile,1,2
Direttore Ass,1,2
Capo Servizio Sez. Deposito Franco,1,2
Ispettore Divisione S. Lucia,1,2
Rappresentante cingalmerie,1,2
Cassiere Banca Nazionale del Lavoro,1,2
Commissariato,1,2
Impresario Edile,1,2
Consigliere Segr.,1,2
Banco di Roma condirettore,1,2
Direttore Banco San Marco,1,2
Capo Divisione prima,1,2
deputato Amminist. della Provincia,1,2
Procuratore Tribunale dei Minorenni,1,2
"Uff. Supelivo - Addetto, Legione Ferr. della Guardia di Finanza",1,2
Procuratore presso la Corte d’Appello,1,2
Direttore Banqueca Veneziana di Cprediti e Conti Corrrenti,1,2
"Ispettore, Materiale e Trazione, Ferrovie dello Stato, Direzione",1,2
Capo Uff. Amministrazione,1,2
capitano,1,2
V. Direttore,1,2
Vice Presidente Deputazione Provinciale dell’Amministrazione della Provincia,1,2
Relatore Comando di Legione Guardia di Finanza,1,2
"Vice Direttore, Banco di Napoli, ",1,2
"Segetarjo Capo Uff. Impianti Elettrici e di Segnalamento, Ferrovie dello Stato, Direzione S. Lucia",1,2
Presidente di Sez.,1,2
Legione Territ. Guardia di Finanza di Marghera,1,2
Vicc. Presid. Club Alpino Italiano,1,2
Dep. Fornaggi,1,2
applicato segreteria Istituto Universitario di Aretich.,1,2
Presidente Tribunale Civile e Penale,1,2
Sostituto Proc.,1,2
"vicario S. Leone, (S. Lio)",1,2
"Amministratore, Medio acg. dr. Ulisse Camalfi, Consulente ordinario dr. Tancredi Cortei",1,2
Direttore Banca d'A. mercica e d'Italia,1,2
Com. Esecutivo della Cam. Conf. del lavoro,1,2
Segretaria della Camera Conf. del Lavoro,1,2
"Vice Cam. dirigente ""Commissariato di Castello""",1,2
"Amministrazione della Provincia, Economo Provinciale",1,2
"Vice Presd. Società Canottieri, Numero 5576-A",1,2
Cassiere Principale Banca di Napoli,1,2
Ing. Capo Ufficio Tecnico dell’Amministrazione del Provincia,1,2
rappresentante assicurazioni,1,2
Direttore Consorzio Agrario Cooperativo,1,2
Vice comm. Agg. dirigente Commissariato di,1,2
Professore,1,2
"Revisore Ufficiale dei Conti, Amministratore Giudiziario",1,2
Capo uff. Trasmissioni,1,2
Questura,1,2
Ispettore Capo Ufficio scritture,1,2
"Addetto ""Consigliere""",1,2
Comandante Comando Gruppo Agenti P. Sicurezza,1,2
sindaco supplente,1,2
Vicario S. Sofia,1,2
Segretario Tribunale dei Minorenni,1,2
Uff. pagat. Legione Territ. Guardia di Finanza,1,2
Consigliere Ospedale Civile,1,2
Aiutante Magg. della Guardia di Finanza,1,2
"C, Reparto Uff. personale Ferrovie dello Stato, Direzione",1,2
Comandante le tenenze Legione Territoriale dei Carabinieri,1,2
Segret. Capo Sez. Amministrativa,1,2
Comm. Aggi. dirigente,1,2
Agente per l Venetti E. A. Super Lux,1,2
"Ispett. Capo, Uff. Impianti Elettrici e di Segnalamento, Ferrovie dello Stato, Direzione S. Lucia",1,2
rappresentante goiieri alametari,1,2
Segretario Regionale del Lavoro per le Venezie,1,2
Vice Direttore Banca di Roma,1,2
Vice Presidente Deputazione Provinciale dell'Amministrazione della Provincia,1,2
Dirig. Uff. Srrvizio,1,2
"Presidente Ass. dei Commercianti, ",1,2
Cassiere Economo,1,2
Direttore Gener.,1,2
Cancelliere dirigente,1,2
dirigente Commissariato di S. Marco,1,2
Addetto Sviarda Naobile,1,2
Capo Servizi Sgx. Mag. Gen.,1,2
Segretario Banca Nazionale del Lavoro,1,2
Rappresentante Carta,1,2
Comm. Agaxit. Ufficio Stranieri dalla Questura,1,2
vicario S. Barnaba,1,2
Commissariato Compartimentale di Polizia Ferroviaria,1,2
Gabinetto Prefettura,1,2
Comm. dirigente,1,2
Σegretario,1,2
Consegnatario Magazino Distretto Militaire dl Veniuzia,1,2
Segretario Ispet. Ispt. Circoscrizione Doganale,1,2
presidi,1,2
Presidente Tstinto Veneto di Scienze Lettere ed Arti,1,2
"Ass. Naz. Mutilati ed Invalidi di Guerra, ex Palazzo Reale",1,2
Procuratore della Scuola Mer-letti di Murano,1,2
rappresentanze generali e limenari,1,2
"Vice Comandante, Capitano",1,2
"Insegnante, Rettore Istituto Crovani e Guglielmo Marconi",1,2
ispett. comp. dell'Ispettorato delle Imposte direttc,1,2
Pres. Società degli Amici dei Monumenti,1,2
Vice Ispet. di Zona,1,2
professore Instituto Universitario di Architett.,1,2
professore Instituto Universitario Architett.,1,2
"C. Reparto, Uff. personale Ferrovie dello Stato",1,2
Direttore Banca d’Italia,1,2
Direzione Ferrovie de lo Stato,1,2
Rappresentante,1,2
Commissario dela Casa Previd. Lavoratori Portuali,1,2
I Assistente del Genio Civile,1,2
"Segretario di prima classe Tribunale Civile e Penale, Rialto numero 186",1,2
"C. Reparto Gl. personale Ferrovie dello Stato, Direzione",1,2
Segretario della (FIDAL),1,2
Segretario Generale Deputazione Provinciale dell'Amministrazione della Provincia,1,2
Capo Uff.,1,2
Direzione Lotto,1,2
Rappresentante e Depositi,1,2
Direzione S. Lucis,1,2
Capo uff. Amministr.,1,2
disegnatore Soprintendenza ai Monumenti Medioevali e Moderni del Veneto Orientale,1,2
Direttore dell’Istituto Nazionale per l’Assicurazione contro gli Infortunii sul Lavoro,1,2
professore Istituto Universitario di Architet,1,2
Capo della Sezione price. Sez. Movimento Ferrovie Dello Stato,1,2
"Uff. personale Ferrovie dello Stato, Direzione S. Lucia",1,2
Direttore Generale Istituto Federale delle Casse di Risparmio delle Venezie,1,2
Segretario Consulate Regionale per l'Agroclultura e Foreste,1,2
rappresentante carta,1,2
Direttore Banca Commerciale Italiana,1,2
Aiutante di Cancelleria della Pretura di Mestre,1,2
Uffici Centrali dell'Amministrazione della Provincia,1,2
Sindaco Assist. Naz. Combattenti,1,2
"Comand. Circolo Iozione Tetrti, Guardia di Finanza",1,2
Primo Pretore dirige entf,1,2
"Sostituto capo Sez. Materiale Trazione, Ferrovie dello Stato, Direzione",1,2
Vice Comm. Agg.,1,2
Vice Presid. Sc.,1,2
Membro Ann.,1,2
Imp. Gen. per Costruzioni,1,2
Archivista dell’ Avvercatura dello Stato,1,2
"Comando iplepii, Legione Territ, Guardia di Finanza",1,2
Preside Iss. Magistrale Parificato,1,2
(Consultivo dei Comune),1,2
Presidente dell'Associaz ione fra i dipendenti di Aziende Commerci alie della Provincia,1,2
Uff. I. Ragioniere Intenden. za di Finanza Direzione Lotto,1,2
Presidente del ACCNl,1,2
Capo Tecnico,1,2
 Guardia di Finanza,1,2
soprintendente dell’Ente autonomo del Teatro la Fenice,1,2
Presidente Deputazione Provinciale dell’Amministrazione della Provincia,1,2
Agente principale di Venezia: Soc. Rappresentanza Generali,1,2
Vice Direttore Manifattura Tabacchi,1,2
Prosindaco del Municipio,1,2
Lo Ragioniere Ghn. neto Prefettura,1,2
Segret. Capo,1,2
Comandante in 2.,1,2
Assistente del Genio Civile,1,2
"Comm, esecutivo",1,2
V. Direttore del A. C.N.I.L.,1,2
Direttore aggiunto Banca di Napoli,1,2
Capo Div. Direzione Ragioneria e tributi,1,2
Vice Direttore Istituto Vittorio Alfierl,1,2
Consigliere del Circlo Fi,1,2
Primo Segretario Uffici Centrali dell'Amministrazione della Provincia,1,2
Ispettore Tecnico del movimento postale,1,2
Consigliere Banca Veneta Mezzana a Gretti e Conti Correnti,1,2
V. Pres. | Ass. Naz . Reduci,1,2
UPSEA | Uff. Regionale di Coordinamento,1,2
Sindaco effettivo Banca Veneziana di Crediti e Conti Correnti,1,2
"Pres. Assoc. Naz. Reduci, Palazzo ex Reale",1,2
Vice Segretario gen.,1,2
Dirigente incaricato,1,2
Gerente,1,2
Medico vic ispettore del servizio sanitario,1,2
Ispettore servizi di annona,1,2
Vice ispettore di annona,1,2
Segretario capo sezione,1,2
Direttore veterinario,1,2
Veterinario assistente,1,2
Comando Vigili,1,2
"Conservatore, ",1,2
DIREZIONE SUPERIORE DI DOGANA,1,2
Direttore locale,1,2
Ispettore Capo di giro,1,2
Ispettore Capo Uff. Visite,1,2
Ispettore Capo Uff. Scritture,1,2
Capo Ufficio Statistica: Proo Capo,1,2
Ricevitore Capo,1,2
Comandante Gruppo,1,2
Comandante la compagnia di Venezia,1,2
Comandante la tenenza Venezia,1,2
Comandante la compagnia di Mestre,1,2
Comandante la tenenza di Chioggia,1,2
Comandante la tenenza di Portogruaro,1,2
Uff. Superiore addetto,1,2
Capitano addetto,1,2
Comandante di legione,1,2
Relatore,1,2
Direttore dei Conti,1,2
Aiutante Maggiore in Prima,1,2
Dirigente uff. Servizio,1,2
Ufficiale di Magazzino,1,2
Ufficiale Pagatore,1,2
Capo reparto automob.,1,2
Ufficiale Addetto P. T. I.,1,2
Capo del Compartimento,1,2
"Capo dell'ufficio, Ufficio impianti elettrici e di segnalamento",1,2
"Ispettore I. Classe, Ramo I.",1,2
"Ispettore 2.a Classe, Ramo II",1,2
"Ispettore I Classe, Riparto Telegrafonico",1,2
"Capo I. Riparto, Ispettore II. classe",1,2
L'Intendente di Finanza,1,2
Rappresentanza della Deputazione Provinciale,1,2
Rappresentanza del Comune,1,2
Direttore amministrativo dell'Istituto Segretario,1,2
Direttore Amministrativo,1,2
Alunno d'ordine,1,2
Assistente comandato,1,2
Assistenti incaricati,1,2
Assistente vol.,1,2
Primo Ragioniere con funzioni di Direttore Amministrativo,1,2
Segretario capo di Prima classe,1,2
Segretario capo di Seconda classe,1,2
Ragionier capo di Prima classe,1,2
Archivista Capo,1,2
Direttore dell’Osservatorio,1,2
Membro effettivo; Commissario straordinario per la Presidenza,1,2
Bibliot Direttore,1,2
Guardiano ai Mattin,1,2
Reggente la Cancellaria,1,2
Presidente Onorario,1,2
Capo archivista,1,2
Medico Direttore,1,2
Gabinetto batteriologo,1,2
Primario direttore,1,2
Segretario-Economo,1,2
Mdico-Direttore,1,2
Vice segretaria,1,2
Coadjutore,1,2
Canonici residenziali (arcidiacono prima dignità),1,2
Canonici residenziali (arciprete seconda dignità),1,2
Capo Gruppo regionale,1,2
Pres. Sez. Prov.,1,2
Segreteria,1,2
Comitato Federale,1,2
Commissario Provinciale,1,2
Mons. Ettore Baressan,1,2
"Revisore Ufficiale dei Conti, Amministratore Giudiziario, Consulenza e Assistenza Tributaria, Economico, Commerciale, Ragioneristica",1,2
capo ufficio matricola,1,2
Capo del Compartimento Ferrovie dello Stato,1,2
assistente Soprintendenza ai Monumenti Medievali e Moderni di Veneto Orientale,1,2
Commissario Straord.,1,2
Ispettor Prov. agricoltura,1,2
Capo Sez. Uff. Dazio,1,2
Ufficio Tecnico dell'Amministrazione della Provincia,1,2
Rettore Istituto Italiano Bava,1,2
Capo di Stato Magg. Comando Militare Marittimo Autonomo Dell'Alto Adriatico,1,2
Pres. dell'Associazione Prov. tra gli Agenti di Assicurazione,1,2
Capo Divisione Soprintendenza ai Monumenti Mediovali e Moderni del Veneto Orientale,1,2
professore Istituto Universitario di Architettura,1,2
Presidente del Casinò di Commercio,1,2
Direttore Istituto Universitario di Archit.,1,2
V. Presidente Ass. Inquilini e Senza Tetto,1,2
Archivista Soprintendenza ai Monumenti Medioevali e Moderni del Veneto Orientale,1,2
Magistrato alle Acque,1,2
"Direttore, ",1,2
1. Procuratore,1,2
Procuratore Capo,1,2
Sovraintendente,1,2
Ispettore Capo l'Uffcio visite,1,2
Capo Gruppo Regionale,1,2
Pres. della Soc,1,2
Comandante del Porto Capitano uffi Porto,1,2
Uflicio Stampa Cabineto di Prefettura,1,2
Capo Divisione 2-na,1,2
Ass. Supattiva Venziana e C. Reper D.,1,2
Prefetto,1,2
Vice Prefetto vicario,1,2
Vice Prefetto ispettore,1,2
Vice Prefetto ispett.,1,2
Consigliere di l. classe,1,2
V. Prefetto Ispett.,1,2
Vice Prefetto Ispett.,1,2
Consigliere di I. cl.,1,2
Consigliere i. cl.,1,2
I.o Segretario,1,2
Capo Ragioniere,1,2
rappresentante esercenti cinema e teatri,1,2
rappresentante dei medici,1,2
rappresentante dei veterinari,1,2
Vice Questore,1,2
Capo Gabinetto,1,2
Addetto Gabinetto,1,2
Commissariato di Cannaregio,1,2
Commissariato di Castello,1,2
Segretari capi: Contenzioso,1,2
Segretari capi: Segreteria,1,2
"Capo della Sezione, Sezione Materiale e Trazione",1,2
Sostituto capo sezione,1,2
Ispettore di La classe,1,2
"Capo della sezione, Sezione Lavori di Venezia",1,2
Officiale,1,2
Promotore di giustizia,1,2
Vicario parrocchiale,1,2
Segretario del Consiglio,1,2
Strti da uomo,101,3
Bottigliere,70,3
Osterie,65,3
Refrettari,64,3
Barbieri,60,3
Chincaglierie ed affini,56,3
AFFITTAVOLI,52,3
barbiere,48,3
Barili,47,3
falegname,41,3
avv.,40,3
Ragioniere,33,3
Membri,26,3
Gabinettl dentistici,21,3
Messaggerie,20,3
Giornali,18,3
Perle,17,3
rappresentanze varie,17,3
Squerì,15,3
Tappezzieri,15,3
Vini,15,3
Giudice,15,3
Agrumi,14,3
Vallicultura,14,3
fiori,14,3
Barbiere,14,3
Coltellinai e Arrotini,13,3
Ghiaccio,13,3
Impermeabili,13,3
pittrice,12,3
Dolciumi,12,3
Petrolio,12,3
Latteria,12,3
Consolati,11,3
Marmi,11,3
Falegname,11,3
Calze,10,3
tappezziere,10,3
pensione,10,3
Morocicli,9,3
tipografia,9,3
Bandai e Lattonieri,8,3
Cornici,8,3
Droghe,8,3
Legatorie di libri,8,3
Ombrelli,8,3
mediatore,8,3
dettaglio,8,3
Tappeti,7,3
Conterie e Perle,6,3
Ghiacciaie,6,3
Pelli,6,3
notaio,6,3
radio e radiogrammofoni,6,3
LA VELOCE..,5,3
Birrerie,5,3
Candele,5,3
Carta da macero,5,3
Crine vegetali,5,3
Facchini pubblici,5,3
IMPERMEABILI,5,3
Materassai,5,3
Uova,5,3
vini,5,3
Frigoriferi,4,3
MOBILI LACCATI,4,3
Pantofolai,4,3
pellami,4,3
Rimorchatori,4,3
Saccherie ed affini,4,3
Semi oleosi,4,3
Stracci,4,3
Strucchi,4,3
Terrrazzi,4,3
Zucchero,4,3
rosticceria,4,3
sarto,4,3
acque gassate,4,3
malattie polmonari,4,3
birreria,4,3
Lingua tedesca,4,3
Lettore,4,3
Ricevitore,3,3
Bandiere,3,3
Birra,3,3
Calderai,3,3
Copertoni,3,3
Cordami e Spaghi,3,3
Corredi sposa,3,3
Espurgo pozzi neri,3,3
Fumisti,3,3
Ghisa,3,3
Granaglie,3,3
Lamiere,3,3
Addizionatrici,3,3
Ortaggi e legumi,3,3
Recuperi marittimi,3,3
Sciroppi,3,3
attuario,3,3
marmi,3,3
uova,3,3
calze,3,3
trebbiatura,3,3
chincaglierie,3,3
arciprete,3,3
Arciprete,3,3
saponi,3,3
"terraglie, porcellane",3,3
essicazione frutta ed erbaggi,3,3
giornali,3,3
Lingua inglese,3,3
Lingua francese,3,3
Avventizi di Terza categoria,3,3
Acciai,2,3
Liquori,2,3
Caviale,2,3
Cementi,2,3
Cinghie di Cuoio,2,3
Essicazione frutta ed erbaggi,2,3
Marmellate,2,3
Prodotti antiparassitari,2,3
Sementi,2,3
setorie e lanerie,2,3
Timbri di gomma,2,3
Vele e bandiere,2,3
Vetri neutri,2,3
Zolfo,2,3
terrazziario,2,3
Ponte delle Guglie,2,3
rettore,2,3
cappelleria,2,3
pianoforti,2,3
esercizi,2,3
valigerie,2,3
avv,2,3
dolciumi,2,3
terraglie,2,3
(dettaglio),2,3
ghiaccio,2,3
coltellinaio e arrotino,2,3
pellami e cuoi,2,3
barbieri,2,3
 giocattoli,2,3
liquori,2,3
rimorchiatori,2,3
petrolio,2,3
bottigliera,2,3
budella salate,2,3
Attuario,2,3
malattie nervose,2,3
scuole,2,3
Lingua spagnola,2,3
Usceri capi,2,3
Aiuto,2,3
Cappellano,2,3
Ortaggi,2,3
Rag. capi,2,3
Curato,2,3
Ponte dei Pugni,1,3
Corte Bigaglia,1,3
Conservatore,1,3
Capo uff. Agrario,1,3
Fed. It. Pugilato (FIP),1,3
Fed. It. Pattinaggio su Ghiaccio,1,3
Fed. It. Hockey su Ghiaccio,1,3
Pittrice,1,3
pittrici,1,3
 Alberoni,1,3
Acqua di colonia,1,3
Agricola,1,3
in Nome coll.,1,3
Ottica,1,3
Aspirapolvere,1,3
Bigiotterie,1,3
Bronzi,1,3
Calce,1,3
Addizionatricei,1,3
Carte da Gioco,1,3
Cavalli da Corsa,1,3
cordami,1,3
Fond. Convertite,1,3
Cotoni e cascami,1,3
Ebanisti,1,3
Eraclit,1,3
Erbe medicinali,1,3
Essenze spiritose,1,3
Essiccatoi,1,3
Fibre autarchiche,1,3
Fiscoli e dischi per la spremitura delle olive,1,3
Foraggi,1,3
Francobolli,1,3
Gas tossici,1,3
Ghiaia,1,3
Terragliole,1,3
Inchiostri,1,3
Insetticidi,1,3
Ne gropente,1,3
Legnami di sfacimento,1,3
Legumi,1,3
Linifici,1,3
Macellazione,1,3
Bestimare ed esercizio macellere,1,3
Panelli,1,3
Pellami e cuoi,1,3
Penna,1,3
Pianoforti,1,3
Pianoforti di tutte le marche,1,3
recuperi,1,3
Quadri di manovra e commando,1,3
Riserie,1,3
Saloni,1,3
Scopai,1,3
Stufe,1,3
Tappezzerie,1,3
Targhe,1,3
Esercizio,1,3
Vetri sanitari,1,3
Zuccherifici,1,3
fiati ed affini,1,3
Pastore,1,3
vetri,1,3
vallicultura,1,3
Ortaggi loc. Gaggio,1,3
Surrogati,1,3
cattoria,1,3
spec. Vernizione,1,3
bronzi,1,3
fattoria,1,3
rappresentante pellami,1,3
capelliera,1,3
stucchi,1,3
croft (esercizi),1,3
agrumi,1,3
corredi,1,3
cinzieria,1,3
tessanti,1,3
macellaio (introdtuto e bestiame),1,3
quadri,1,3
(abbigra),1,3
Conditore,1,3
chinaglieie,1,3
ragioniere,1,3
pelli,1,3
buste salate,1,3
pesce conservato caviale,1,3
nobili,1,3
Via Algieri,1,3
di Indri Giovanni,1,3
utensili,1,3
cortele e e perle,1,3
saponi coloniali modici il *-promata,1,3
ingrosso,1,3
ra-bone e logna (dettaglio),1,3
dettuanaglio,1,3
Forossitti,1,3
chincaglie,1,3
navi in legno,1,3
modificatore,1,3
sottoscrira,1,3
detersivi saponi aflini,1,3
sa to da uomo,1,3
trattorio,1,3
imbarcbi e subarbe,1,3
aimenzanti (dett.),1,3
pasticcera,1,3
orefice'ia,1,3
chiancigliere,1,3
fale indoperiche,1,3
"shalza-tore, cesellatore",1,3
 Dettaglio,1,3
Merletta e cirmi,1,3
corred di sposa ment-le e rangni,1,3
Marittimi,1,3
facchini pubblici,1,3
patrimenti Ientazioni,1,3
facchini | publici,1,3
trattatia,1,3
olii,1,3
macellaia,1,3
orologiaio,1,3
liquori (dettaglio),1,3
macelliere (introduttore bestiame),1,3
catalfurcicico,1,3
bandaro a luttioniere,1,3
incisore,1,3
pellami e cuolo,1,3
Leva e Mobilitazione,1,3
Via Spalti,1,3
Ragiionere,1,3
salami,1,3
lavorazione doghe,1,3
autorimessa,1,3
asserioazioni,1,3
macellaio,1,3
fabbr. Terrario e mecca. nico,1,3
Birreria,1,3
lucido da scarpe,1,3
pellami e cuoi.,1,3
Cappelleria,1,3
Tappezziere,1,3
cabbone e legna,1,3
Campo Bandiera e Moro,1,3
Caor. prendolo,1,3
in melleria,1,3
dolciumi (mag osso),1,3
coltelli e arrotini,1,3
anticichità e libreria,1,3
Cavalcavia,1,3
tabaccherìa,1,3
tappezziere c.,1,3
ricuperi marittimi,1,3
fiscoi dischi per la spremitura delle olive,1,3
lavandiera,1,3
tappeti,1,3
 Fori perle,1,3
porcellane,1,3
Incisioni,1,3
timbri di gomma,1,3
paniiicio,1,3
 erane vegetale,1,3
(edicola),1,3
accordatori pianoforti,1,3
bottiligeria,1,3
seterie e lanerie,1,3
pianificato,1,3
fornura di calcei e butteri,1,3
Abiti (riparazioni),1,3
ostetrice | Mestre,1,3
articoli somm.a,1,3
bandaio lattoniere,1,3
chincaglieria,1,3
manutentore,1,3
glati,1,3
valigeria,1,3
pellami e cuoi a,1,3
coltellaio e arrotino,1,3
calcolatrice,1,3
scuola,1,3
Apparecchi agricoli,1,3
Fiori,1,3
munitettature,1,3
rappresentante attorcchi in vitro,1,3
Tappzatore,1,3
orefici,1,3
chincagliere,1,3
 chincaglierie,1,3
tagliani,1,3
pensione albergo,1,3
Lavandiner e stirrac,1,3
spazzole,1,3
acciai,1,3
fatto da uomo,1,3
Sottuto,1,3
carta da macera,1,3
rappresentante macchiarer,1,3
nettezza urbana,1,3
foraggi,1,3
fed. It. della Vela (FIV),1,3
confezioni iliati,1,3
bottigliecia,1,3
malatte polmonari,1,3
avvz.,1,3
trattorìa,1,3
tabacchiere,1,3
autoscuola,1,3
Radio riparazioni,1,3
Quadri,1,3
lucido da Scarpe,1,3
pasticcio,1,3
l'attrice,1,3
imbarchi e sbarchi,1,3
pali di legno,1,3
rigattatoi,1,3
palii iniettati,1,3
 Incisioni,1,3
Imballaggii,1,3
vele e bandiere,1,3
ortagagi,1,3
materassai,1,3
legumi,1,3
scientifica,1,3
gerogi alì mentari (dett.),1,3
"chiavaleserie, succ. di Gaio Ernengildo",1,3
abbiagliamento,1,3
Cerioniero del Patriarcato,1,3
bandaio e fattirone,1,3
pasticciere,1,3
lapidi marini,1,3
pubblicità,1,3
consigliere,1,3
oreccheria,1,3
"saccheria, azzettaii e santi",1,3
fiamaviera,1,3
curtona legna,1,3
carta (grossiuita),1,3
merletti ciconini,1,3
"cotellajuai, arrottini, minio",1,3
"aricule sanitari, prodotti farmaceutieci",1,3
D'allefitanni,1,3
"elttricità econo, nizatori",1,3
contoi e casearia,1,3
espressi telegrammi,1,3
acquedotti,1,3
Filanda,1,3
Ghiaccio (tabralerio),1,3
Essiccato lozzoli,1,3
Molino,1,3
esplorug pozzi neri,1,3
Ame-ricana nel Petrolio,1,3
tratto-ia,1,3
comm. al'oglio,1,3
ore-fiseria,1,3
fuoro,1,3
filanti,1,3
calce e laterizzi,1,3
sarda da uomo,1,3
munizioni,1,3
perle,1,3
budella,1,3
ombrelli,1,3
tessuti alti,1,3
rappresantanze varie,1,3
pommerinista,1,3
cavalli da corsa,1,3
usciere,1,3
Esercizi,1,3
parru1chiera,1,3
hottigliocristai.,1,3
fabbro,1,3
Fabbro,1,3
vini e olii,1,3
acqui di colonia,1,3
valli cultura,1,3
calfabricinio,1,3
pelami e cuoio,1,3
sciroppi liguori,1,3
graunoche e legna (dettagilo) | S. Polo,1,3
rappresentante macchinarl,1,3
Importazione,1,3
incendiere,1,3
Nuova,1,3
 cinghialerie,1,3
(Ditta),1,3
"incisore, cesellatore, sbalzatore",1,3
 giornali,1,3
nepote,1,3
"cordami, spaghi, filati",1,3
ditta,1,3
polizia rifiori,1,3
Antiche,1,3
A.C.S Empale. vile e handli're;,1,3
chianista,1,3
Cavarzere,1,3
Storia,1,3
Filologia romanza,1,3
Lingua serbo-croata,1,3
Filologia germanica,1,3
Lingua e letteratura latina,1,3
Glottologia romanza,1,3
Lingua russa,1,3
Lingua rumena,1,3
Matere i radiche,1,3
Avventizi di Seconda categoria,1,3
Usciere,1,3
Avventizia di Quarta categoria,1,3
Storia Ec. Ebraico,1,3
"Francese, Matematica",1,3
lettere (ginnasio),1,3
morale e sacra pastorale,1,3
Primo restauratore,1,3
Restauratore,1,3
 aggiunto,1,3
Cappelano,1,3
Rag. capo,1,3
Matrimoni,1,3
Case da Gioco,1,3
Gassogeni,1,3
Orologi,1,3
Turaccioli,1,3
Conterie ar-pe-le,1,3
Traslochi,1,3
edicola,1,3
notai1o,1,3
barberie,1,3
avvocate,1,3
Dursto Militare,1,3
otorinolaringoiatra,1,3
pellicterie,1,3
risandamento e fumisteria,1,3
lo porta orlat. uff. nostra generale sull’entrata,1,3
carbonia,1,3
Tendomna Volante Legione Ferrit,1,3
automoleggio,1,3
pesce crostacei,1,3
notato,1,3
libri antichi,1,3
Orzo,1,3
(già Pardo e Bassani),1,3
agnuni,1,3
lavandoria e steria,1,3
autoriparatori,1,3
aggiusta maturittima rimorchiatore,1,3
INSETTICIDI,1,3
ristor ante,1,3
cas erni animali,1,3
(gab. inetti di posa),1,3
Ruga Giuffa,1,3
osteitrico,1,3
bottiglieriа,1,3
Capo divisione,1,3
esperto scienze guerriere,1,3
colonnello medico,1,3
Supplente,1,3
arte antica,1,3
cuoi ed affini,1,3
detàglian- ti legna e charbonc,1,3
religione,1,3
Cappellano-curato,1,3
Medicina generale,222,4
Vendita e Mobilizzi,186,4
CIMITERI COMUNALI,139,4
MEDICI DELLA PROVINCIA,120,4
medicina generale,96,4
Imprese ed appalti vari,45,4
impresa edile,45,4
avvocato,36,4
Ing. A. Carretta e Geom. M. Monopoli,33,4
Compra - vendita Immobili,32,4
Ufficio postale,31,4
Società immobiliari,31,4
ASSOCIAZIONE REGIONALE VENETA PER LA TUTELA DELLE VITTIME DEL FASCISMO,30,4
Case di Cura,25,4
Commerciale,25,4
Lavoro,23,4
Società di assicurazioni,23,4
COSTRUZIONI EDILI ED AFFINI,22,4
Istituti di credito,22,4
IMPRESA ARTIGIANA,21,4
Annessa alla Comunità Israelitica,20,4
DISINFESTAZIONI UNIVERSALI,20,4
Società immobiliare,20,4
Avvocato,19,4
Assicurazioni,18,4
commercialista,18,4
casa editrice,18,4
Archivio di Stato,18,4
PENSIONI,17,4
STABILIMENTO GRAFICO,17,4
Azienda,16,4
Società in NOME COLLETTIVO,15,4
assicurazioni,15,4
Specialisti veneziane,13,4
Affitti Appartamenti,13,4
Insegne e cartelli reclame,12,4
SCIENTIFICA E MAGISTRALE,12,4
IL GAZZETTINO,11,4
Scuole Elementari,10,4
PARROCCHIE E SUCCURSALI,10,4
Società mobiliari e agricole,9,4
Compra-vendita immobili,9,4
Articoli Sanitari e Affini,8,4
Agenzia Nazionale Stampa Associata,8,4
OPERA NAZIONALE PER LA PROTEZIONE E ASSISTENZA DEGLI INVALIDI DI GUERRA,7,4
Attività varie,7,4
Acquisto e conduzione,7,4
Mediatori,7,4
Commercialista,7,4
Impresa edile,7,4
compravendita immobili,7,4
Soc. An. d'Acquisto di materiali,7,4
Cooperatore,7,4
Commissione del Listino,7,4
Agenzie e d'affari,6,4
Imprese di Costruzioni,6,4
Banco di Sicilia,6,4
ASSOCIAZIONE TRA GLI AGRICOLTORI DELLA PROVINCIA DI VENEZIA,6,4
Agenzia - INTREV,6,4
ASSOCIAZIONE FRA PROPRIETARI DI FABBRICATI DELLA PROVINCIA DI VENEZIA,5,4
SOCIETA' CANOTTIERI BUCIUNTORO,5,4
Disinfezioni,5,4
Pubblicità,5,4
Medicina Generale,5,4
imprese ed appalti vari,5,4
Avv.,5,4
Applicati,5,4
presso Camera del Lavoro,4,4
ASSOCIAZIONE DEI PANIFICATORI DI VENEZA E PROVINCIA,4,4
SPORT OLIMPICI,4,4
Category: Provvianza e Credito,4,4
GUÏDA COMMERCIALE DI VENEZIA E PROVINCIA,4,4
legatoria di libri,4,4
Impresa Edile,4,4
Ospedale Civile,4,4
Applicata,4,4
Economia politica,4,4
"CAMERA DI COMMERCIO,  INDUSTRIA ED AGRICOLTURA",4,4
Attività Immobiliari in genere,3,4
Bilancie,3,4
Carta da impacco,3,4
Case Editrici,3,4
Società mobiliare e agricola,3,4
compra-vendita immobili,3,4
Mediatore,3,4
CONSORZIO DI BONIFICA DESE SUPERIORE,3,4
Applicato,3,4
Ragioneria generale ed applicata,3,4
Geografia economica,3,4
"SCIENTIFICA E MAGISTRALE,",3,4
Educazione fisica,3,4
CASINO DI COMMERCIO,3,4
Giornalista professionista,3,4
Corpo del Genio Civile,2,4
ASSOCIAZIONE ESERCENTI PUBBLICI ESERCIZI DELLA PROV. DI VENEZIA,2,4
ISTITUTO VITTORIO ALFIERI,2,4
IST. PROVINCIALE DEGLI ESPOSTI,2,4
SOCIETA ITALIANA DEGLI AUTORI ED EDITORI,2,4
Applicati di Prima,2,4
Applicati di Seconda,2,4
Osp. Civile,2,4
Category: Comunicazioni interne,2,4
Acquisto,2,4
Agenzie di pubblicità,2,4
Approvvigionamenti,2,4
Forniture enti vari,2,4
Imprese immobiliari,2,4
Istituti d'informazioni e di investigazioni,2,4
MOBILI DI LUSSO E COMUNI,2,4
agenzia d'affari,2,4
Pensione,2,4
rivendita,2,4
"Medicina Generale, Dott. Medicina",2,4
Ass. dei Commercianti,2,4
medico generale,2,4
Giudice Tribunale Civile e Penale,2,4
acquisto costruzioni immobili,2,4
compra.vendita immobili,2,4
Soc. An. Condizione Immobilit,2,4
Società ITMA,2,4
Impresa,2,4
DIREZIONE LAVORI E SERVIZI PUBBLICI,2,4
DIREZIONE SERVIZI DI IGIENE E DI ASSISTENZA PUBBLICA,2,4
Economato,2,4
Politica economica e finanziaria,2,4
Diritto del lavoro,2,4
Diritto amministrativo,2,4
Diritto processuale civile,2,4
Primi Archivisti,2,4
Istruzione,2,4
Protocollo Archivio,2,4
DIREZIONE LOTTO,2,4
I. Ragioniere,2,4
Ufficio Stampa,2,4
Squadra Mobile,2,4
Ispettori PlI,2,4
Officina riparazioni,1,4
GIUNTA PROV. AMMINISTRATIVA,1,4
Assicurazioni Generali,1,4
Ufficio Deposito,1,4
Stabilimento I. N. A.,1,4
"Uffici Finanziari di Mirano,",1,4
Ufficio Idrografico,1,4
Lavoratore,1,4
Corsi vari di istruzione professionale per artigiani e operai in tutto il Veneto,1,4
Ufficio di assistenza economica,1,4
Sezione Autonoma di Credito per le Piccole Industrie e l’Artigianato,1,4
Ufficio Commissionario Industrie e Artigiane con Mostre campionarie permanenti di prodotti tipici dell’artigianato e delle piccole industrie venete,1,4
Biblioteca di consultazione per artigiani e piccoli industriali (aperto tutti i giorni feriali nelle ore d’Ufficio),1,4
ISTIT. MAGISTRALE PARIFICATO,1,4
SCUOLA MAGISTRALE RICONOSCIUTA,1,4
SCUOLA MEDIA PARIFICATA,1,4
ISTITUTO ITALIANO RAVA',1,4
ISTITUTO SUORE DI NEVERS,1,4
"Assistenza infermi a domicilio,  diurna e notturna.",1,4
Infermiere,1,4
Fed. Ginnastica d'Italia (FGDI),1,4
Unione It. Tiro a Segno (UITS),1,4
"Pres. Reg., Fed. It. Sport Invernali (FISI)",1,4
Fed. It Gioco Calcio (FIGC),1,4
presso Lega Reg.,1,4
Dirett. Sport.,1,4
Ispett. di Cantiere,1,4
Federazione delle Federazioni Sportive,1,4
Specialista Malattie Pelle e Veneree,1,4
IspetL Sanità,1,4
"Medicina interna, Specialista Malattie Polmonari",1,4
dirett. Cro-nici,1,4
Osp. Civ.,1,4
Asp. Civile,1,4
Docente malattie del bambini,1,4
compravendita beni agricoli,1,4
Acquisto Alberghi,1,4
Affissioni e pubblicità,1,4
Istituto di Informazioni e Investigazioni,1,4
Agenzie di pagno,1,4
Soc. Elenchi Abbonati al Telelef. An.,1,4
"Qualsiasi Pratica presso Municipi, Prefetture, Tribunali ed Enti vari, Agenzia d'Affari, Cospista",1,4
Commercio terreni,1,4
Carta da parati e affini,1,4
Uffici,1,4
Costruzione e gestione alberghi,1,4
Disinfestazioni,1,4
Giornali Riviste,1,4
AFFITTI APPARTAMENTI COMPRA - VENDITA AMMINISTRAZIONE,1,4
Comune di S. Elena Gestione Ospedale Civile,1,4
Soc. per Az.,1,4
LEGNAME E IMBALLAGGI,1,4
Officina,1,4
Imposte di consumo,1,4
OFFICINA RIPARAZIONI,1,4
Schedari - Mobili per Uffici - Macchine Contabili,1,4
Imprese lavori,1,4
Imprese e pompe funebri,1,4
Banco di Interesse Nazionale,1,4
Lavori pubblici in genere,1,4
La Mercantile Azienda Veneta Rappresentanze Commerciali Industriali,1,4
Magazzini di deposito,1,4
Costruzioni Edili,1,4
affitti appartamenti vuoti e ammobilitati,1,4
s.r.l.,1,4
"RADIORIPARAZIONI A DOMICILIO, NOLEGGIO RADIOGRAMMFONI",1,4
S. A. Fondiaria Italiana,1,4
S. in nome collettivo,1,4
Società per Azioni,1,4
Riparazioni autoveicoli,1,4
Segnalazioni luminose,1,4
Spettacoli educativi e morali,1,4
Mazzagni Fasolato,1,4
"Affitti, Appartamenti, Compravendita Case, Terrei, Dent, Immobili",1,4
gestione S. A.,1,4
Gesitone S. A. «I. C. S. A.»,1,4
gestione S. A. «I. C. S. A.»,1,4
gestione Furlan cav. Giovanni,1,4
"Impianti Telefoni Automatici Interni, Autorizzata dall'Azienda di Stato",1,4
diret. uff. del Registro,1,4
ing. Sez. Corpo del Genio Civile,1,4
segretaria Istituto Universitario di Economia e Comm. Cà Foscari,1,4
Capitale sociale L. 150.000.000,1,4
Accomandita Gestioni,1,4
Azienda Generale (carrozzieri,1,4
Azienda Generale Italiana Petrolii,1,4
Casa Italiana Rappresentanze Depositi affini C.I.R.L.A.,1,4
Azienda Immobiliare Anonima,1,4
Fid. Prova-della (V.U.V.),1,4
informazioni commerciali,1,4
Avogado degli Azzoni,1,4
Medico Chirurgo Riceve dalle ore 15 alle ore 18,1,4
Industria dello spettacolo,1,4
Società di Assicurazioni,1,4
"Istituto di Informazioni e di Investigazioni, Ricerche, agenzia d'informazioni e investigazioni",1,4
Azienda Agricola,1,4
o. pensione,1,4
Sostituto Proc. Tribunale Civile e Penale,1,4
Ispettore Istituto Aut. per le case popolari,1,4
legatoria di Libri,1,4
Associazione,1,4
Imprese ed Appalti Vari,1,4
Imprese ed Appalti,1,4
Pres. Soc. Ven. della (IFSE),1,4
segreteria Istituto Universitarlo Economía e Com. Ca' Foscari,1,4
Banca Nazionale del Lavoro,1,4
"Istituto Universitario di Economia e Commercio, Ca' Foscari",1,4
Istituto Nazionale per il Commercio Estero,1,4
Amm. Imposte di Consumo del Comune,1,4
Gestione P. Y. Socimezarea,1,4
curato autonomo,1,4
Bibliotecc 1. stituto Universitario Economia Commercio Co Foscar.,1,4
Patrocinatore legale,1,4
Istituto Ortopedioco Elioteropico,1,4
medicina generale-Ospedale Civile,1,4
"Gespppe Vec-tore s. N., Società mineraria",1,4
I. Archiviasti del Genio Civile,1,4
Compagnia Immobiliare Edile,1,4
gestione ICSA,1,4
gestione SPES,1,4
"Soc. per Az. a. r. 1., electrica e idraulica",1,4
impresa Edile,1,4
Segretario Società Costruzioni Bincionaro,1,4
comprvendita immobili,1,4
Segret. presso la Corte d'Appello,1,4
"Geometra, prin.e del Genio Civile",1,4
Revisore dei Cont.,1,4
imp::e(.9 ed appalti,1,4
impresa-edile,1,4
"consigliere Istituto Univers. di Economia e Commerico, C'a Foscari",1,4
imprese Edili,1,4
impresario edile,1,4
Ass. Imprese Elettriche Veneto Adriatiche,1,4
impresa edili,1,4
Società Immobiliare,1,4
Rivendita giornalai,1,4
Istituto Zambler,1,4
Forniture e Rappresentanze Articoli tecnici di Actis Caporale Letizia,1,4
Specialista Malattie Veneree e della Pelle,1,4
per azioni,1,4
Reparto Compart. di Mobilitazione,1,4
Istituto Univers,1,4
casa e editrice,1,4
 della Prev. Sociale,1,4
pres Lega R:9,1,4
Banca Popolare di Novara,1,4
Soc. Acc. Sempl. Mobili (Negozio),1,4
ed L. Merline e C.,1,4
 impresa edile,1,4
lavori municipalizzati,1,4
Giudice: Tribunale Civile e Penale,1,4
Cinema (agenzia noleggio film),1,4
Medico generale,1,4
medicina generale | Osp. Infettivi,1,4
Consigliere Isttautiz Aut. per le case poplari,1,4
Ispettrice Gener. Opera Pia; Asili di Carità per l'Infanzia,1,4
vic. intend. dell’Intendenza di Finanza,1,4
agenzia d’affari,1,4
Reggente Uff. Ist. Naz. Ass. Malattia ai Lavoratori,1,4
Ingegn. Primo n° 7,1,4
imprese edili,1,4
Cimiteri Comunali,1,4
"Ispett. 2,  Clas. Off",1,4
Società Anonima,1,4
"Distribuzione e l'ispezione di giornali, Distribuzione giornali, Distribuzione Libri",1,4
"Istituto Universitario di Economia e Commercio, Ca Foscari",1,4
compravendita,1,4
Specialisti in malattie oculari,1,4
Contabili ecc.,1,4
"Società Italiana Cinemato-grafia, Soc. a r. l., cinema (aggenzi noleggio film)",1,4
Soc. a.r. l.,1,4
"cav. not., IV Rep. Poste e Telegrafi, ",1,4
"Istituto Federale delle Casse di Risparmio delle Venezie,",1,4
mediatori generali,1,4
PSC. Soc. Ven. dell (UITIS),1,4
Uff. Prov. Statistica Economica Agricola,1,4
P.esqnd. Automobile Club d’Italia,1,4
Agenzia Bufolo Gina,1,4
informazioni comm.,1,4
Tenenza delle Legioni Territ. Guardia di Finanza 44 tre,1,4
"Ispett. Riparto Telegrafo Uff. Impianti Elettrici e di Segnalamento, Ferrovia dello Stato",1,4
Pres. Reg. della (F.I.S.I.),1,4
Cooperato',1,4
"Rappresentanze Industriali, Commerciali ed affini",1,4
Consigliere Istituto Aut. per le case popolari,1,4
Impresa Lavori,1,4
Istituto Nazionale per l'Addestramento Professionale Lavoratori dell'Industria,1,4
Imprese Edile,1,4
Divisione Ragioneria,1,4
s. r. Compien venditti automobilie,1,4
Societa immobiliare,1,4
Investimenti Fondiari e Commercioli,1,4
Ispet. Capo Amm. Imposte Consumo del Comune,1,4
"Società automezzi Roma, automoleggi Automosport",1,4
Tribunale del Minorenni,1,4
Tribunale Civile e Penale,1,4
Società Carburanti Italiana Anonima,1,4
Comm. Aggi.,1,4
Immobiliare,1,4
Capitale Lire 60.000.000,1,4
"Soc. R. Rappresentanze e Attività affini, case editric",1,4
società di assicurazioni,1,4
Soc. Coop. Muranese di Consumo,1,4
attività immobiliari,1,4
Soc. Industriale es. Marco,1,4
rappresentanze commerciali,1,4
Società mobiliare immobiliare e agricola,1,4
Società mineraria immobile,1,4
Attività immobiliare,1,4
Acquisto fabbricati e aziende agricole,1,4
Agricoltura R.I.A.C.,1,4
compra vendita immobili,1,4
impresa pompe funebri,1,4
reprezntanze varie,1,4
attività immobiliare,1,4
"Soc. per Az. Odorico Odorico, ,",1,4
Soc. per Az. Rossi Tranquillo,1,4
comperavendita immobili,1,4
Società Autorimessa Roma,1,4
Società Italo-Oriental d’idrogenco,1,4
Soc. Veneta Impianti Elettrici e lettricit€: id-arulici,1,4
Prov. Servizio Impianti Sportivi,1,4
 Invest. Legione Territ. Guardia di Finanza,1,4
"Uf. Cont'avvenzioni, ",1,4
Ispett. Comp. delle Tasse e delle II. DD. sugli Affari,1,4
Ispett. Sanità,1,4
Servizio,1,4
segretario Istituto C. T. universitario di Economia e Comm.,1,4
Istituto Aut. per le case popolari,1,4
(Società per la Gestione),1,4
Scuola Infermiere della Croce Rossa Italiana,1,4
Istituto Universitario di Architett.,1,4
servizi,1,4
pensione (dipendenza Excelsior),1,4
Geometra principale del Genio Civile,1,4
Ispett. Contabile Am,1,4
Instituto Universi di Economia e Commerc,1,4
 Camera ricorso Legione Territ. Guardia di Finanza,1,4
Ispett. Reg.,1,4
Capo Uff. Stampa e Propag.,1,4
officium industria,1,4
presso la Corte d’Appello,1,4
 interni,1,4
Insegnanti Circolo Filologico,1,4
Società Coop. dell’Arte e dei Lavoratori dell’edilizia ed affini,1,4
articoli sanitari,1,4
compra-vendita,1,4
SUDDIVISIONE DEGLI UFFICI,1,4
Ufficio Contravvenzioni,1,4
Esattore dell'imposta di soggiorno,1,4
Sezione Città,1,4
Sezione Terraferma,1,4
Sezione Amministrativa,1,4
UFFICIO IMPOSTA GENERALE SULL'ENTRATA,1,4
Camera Ricovero Legion.,1,4
Nucleo polizia Trib. invest.,1,4
"Succ. n. 5, Titolare",1,4
Rappresentanza della Camera di Commercio,1,4
Applicata straordinaria,1,4
Storia economica,1,4
Diritto commerciale,1,4
Statistica,1,4
Scienza delle finanze e diritto finanziario,1,4
Economie e politica agraria,1,4
Tecnica del commercio internazionale,1,4
Diritto internazionale,1,4
Matematica generale e di Matematica finanziaria,1,4
Tecnica bancaria e professionale,1,4
Istituzioni di diritto pubblico,1,4
Istituzioni di diritto privato,1,4
Demografia generale,1,4
Diritto aeronautico,1,4
Statistica economica,1,4
Storia economica (incar.),1,4
Statistica (incar.),1,4
Diritto pubblico,1,4
Diritto privato,1,4
Scienze delle ze e diritto finanziario,1,4
Matematica finanziaria,1,4
Diritto e procedura penale,1,4
Storia delle dottrine economiche,1,4
Contabilita di Stato,1,4
Diritto civile,1,4
Elementi di diritto e procedura penale,1,4
Tecnica amministrativi delle aziende industriali,1,4
Tecnica commerciale e bancaria,1,4
Elementi di diritto processuale civile,1,4
"Ragioneria generale applicata, Economia aziendale",1,4
Laboratorio di Geografia economica,1,4
Laboratorio di Economia politica — Francesco Ferrera,1,4
Laboratorio di Politica economica e finanziari,1,4
Laboratorio di Scienza delle finanze e diritto finanziario,1,4
Scienze e Matematica,1,4
ISTITUTO CONVITTO « G. MARCONI »,1,4
Contabile,1,4
Chirurgia I,1,4
Gabinetto radiologico,1,4
Farmacìa esterna,1,4
Economati,1,4
Canonici residenziali (teolog.),1,4
Canonici residenziali (penitenz),1,4
Canonici residenziali,1,4
Assistenza,1,4
COMITATO OLIMPICO NAZIONALE ITALIANO,1,4
Fed. It. di Atletica Leggera (FIDAL),1,4
Unione Velocipedistica It (UVI),1,4
"Studio di Ragiione ria, Consulenza ed Assistenza Tributaria. Telef. 28.042.",1,4
Specialista Malattie Lattanti e Bambini,1,4
Ditta Fiorin Pietro,1,4
Accademico,1,4
Compravendita immobili,1,4
Compra-vendita,1,4
Commissione Direttiva del Circolo Artistico,1,4
Concessionaria per le reclandiazioni circolari,1,4
Istituto Nazionale per l'Assie. contro gli Infortuni sul Lavoro,1,4
"Ispettore di Zona, Azienda di Stato per i servizi Telefonici",1,4
già Suce Guetta Società An.,1,4
gestione S. A. ICSA,1,4
Ispettrice Reale Infermiere Volont. Croce Rossa Italiana,1,4
UFFICIO DEL REGISTRO ATTI CIVILI,1,4
UFFICIO REGISTRO ATTI GIUDIZIARI E CONCESSIONI GOVERNATIVE,1,4
UFFICIO DEL REGISTRO SUCCESSIONI E DEMANIO,1,4
UFFICIO IMPOSTA IN SURROGAZIONE,1,4
ISPETTORATO COMPARTIMENTALE DELLE DOGANE,1,4
Organizmatore,1,4
Categoria XXII,1,4
Ufficio Rappresentanza Prodotti Italiani URPI,1,4
vendita immobili,1,4
In. dell’intendenza di finanza,1,4
casa di cura fdm.,1,4
gestione tCSAn,1,4
I.Q prof. titol. un. post,1,4
autoligenzio e straflutione sa,1,4
"Ispez., di Ia Cl. Sicz. Larovici di Venezia, Ferrovec dello Stato, Direzione S. Luca",1,4
Lavoro (ANPI),1,4
Specialista,1,4
dirett. uff. distrett. delle Imposte Dirette,1,4
AFFITTI-APPARTAMENTI CASE,1,4
impresa edile e appalti vari,1,4
 Atti giud. e conlesso governativo,1,4
Geludio Civile,1,4
Federaz. Cooperative,1,4
esperto materie amministrative,1,4
Deputazione Borsa valori,1,4
UNIONE REGIONALE CAMERE DI COMMERCIO DELLE VENEZIE,1,4
ISTITUTO NAZIONALE PER IL COMMERCIO ESTERO,1,4
Ufficio Stranieri,1,4
Seconda Divisione,1,4
Divisione III.a,1,4
Maggiore di P.S. in S.P.E.,1,4
Titolare,1,4
Scienze naturali chimica e geografia,1,4
segretario Istituto Univers. di Economia e Commercio,1,4
Sezione specializzata di Zootecnia,1,4
al Porto di Venezia,119,5
trattoria,81,5
Specialità veneziane,74,5
osteria,60,5
Commissariato di S. Elena,52,5
BASILICA PATRIARCALE PRIMARIZIALE METROPOLITANA DI S. MARCO EVANGELISTA,24,5
RISTORANTE,21,5
Trattoria,21,5
specialità veneziane,21,5
Osteria,15,5
Vanoni Ezio,10,5
albergo e ristorante,9,5
Alberghi,8,5
albergo,8,5
locanda,8,5
VISITOSI GUIDO,8,5
CINEMA S. Margherita,7,5
Torcello,6,5
SEZIONE FILATELICA VENEZIANA DEL CIRCOLO ARTISTICO,6,5
Venezia,5,5
S. Marco,5,5
CIRCOLO ARTISTICO DI VENEZIA,5,5
Ristorante,4,5
Calonificio Veneziano,4,5
Vetreria,4,5
Cannaregio,3,5
Castello,3,5
S. Polo,3,5
Specialità Veneziane,3,5
Giovanni e Paolo,3,5
S. Marco 3650,3,5
S. Fantin 1983-A,3,5
Via Torre Belfredo,2,5
Cantine,2,5
S. Elena,2,5
Nettezza urbana,2,5
Banco di Roma,2,5
Strada Nuova,2,5
Biblioteca Marciana,2,5
Palazzo Giustinian,2,5
" S. Giovanni Laterano, , ",2,5
DELLA CA’ PESARO,2,5
Santa Croce (IV),1,5
Mazzorbo di Burano,1,5
Rio del Pontelungo,1,5
Riva del Carbon,1,5
S. Angelo,1,5
presso Albergo Danieli,1,5
presso ditta 'Jessurum',1,5
presso Italian,1,5
Rio Nuovo 3498-A,1,5
Fontamenta S. Felice 3084,1,5
 Silvestro,1,5
Scuola: « G. Gozzi »,1,5
Scuola: « Giacinto Gallina »,1,5
Scuola: S. Maria Formosa,1,5
Scuola: Luigi Cadorna,1,5
Scuola Michele Renier,1,5
Scuola Armando Diaz,1,5
Scuola Alfredo Oriani,1,5
Scuola A. Scarsellini,1,5
Scuola E. De Amicis,1,5
Scuola Diedo,1,5
Scuola Giudecca,1,5
Scuola Marghera,1,5
Scuola Catene,1,5
Scuola Villabona,1,5
Scuola Chirignago,1,5
Scuola Asseggiano,1,5
ISTITUTO DELLE SUORE DEL S. CUORE,1,5
COLLEGIO ARMENO « M. RAPHAEL »,1,5
"Asilo e Morioni n. S. Francesco della Vigna, numero 2951",1,5
 S. Lorenzo 4978,1,5
 Rio Terra Farsetti 1848,1,5
" anche per Giudecca, , ",1,5
" anche per S. Polo, , ",1,5
COLONIA ALPINA « S. MARCO »,1,5
Comm. Circolo,1,5
Osp. Marino,1,5
"Murano, Venezia",1,5
"Carpenedo, Mestre",1,5
 Venezia,1,5
 Città Giardino,1,5
S. Croce 862,1,5
"S. Marco, 378,,,",1,5
S. Marco 2553,1,5
"S. Marco, 553",1,5
"S. Marco, 2670 A",1,5
"S. Marco, 4611",1,5
"Gran Caffè Bar 900, S. Simeone",1,5
San Marco,1,5
Bottega della Luca,1,5
Società An. cuoi artistici Veneziani,1,5
S. Samuele 3357,1,5
v. Principe di Piemonte 10,1,5
"rag. Severino Sutter, S. Polo 2988",1,5
pt. Sant' Antonino,1,5
Campo S. Maria Formosa,1,5
Internazionale Zamplroni propr. Vianello,1,5
"alluminio, Porto Marghera",1,5
San Luca Calle del Magazen,1,5
"Bottega della Luce, S. Marco, Calle Goldoni 4511",1,5
S. Luca 4371,1,5
San Lio,1,5
ZAGO F. LLI,1,5
"S. Marco 3416""",1,5
",,Direzione per la costruzione del Tempio Votivo di Lido,Conte di L'albero 38851,,De Bernardi Domenico,Cannaregio 2446,,De Rossi Antonio,,Mestre,Via Mestrina 62Dei Rossi Engleo,,Burano,S. Mauro 121",1,5
Telefono 23.050,1,5
S. Marco 4651,1,5
Agente per il Veneto: S. A. Supper Lux,1,5
S. Polo 1077,1,5
Vetrai 74,1,5
"S. Croce 772, Dorsod. 2727, S. Marco 4578 e Lido, Via Malamocco 91",1,5
S. Fosca 2223,1,5
S. Marco 914,1,5
Bottegon,1,5
Telefono 42-562,1,5
"Unica Premiara Ditta di Palloncini alla Veneziana, Grandissimo Assortimento con Festoni e Addobbi per Barche, Sale, e Cotillons per Feste Danzanti",1,5
Unica Premiara Ditta di Palloncini alla Veneziana,1,5
S. Marco 3727,1,5
"Pellestrina, S. Pietro in Volta",1,5
Via Piave,1,5
P.za Umber. I,1,5
S. Marco 4346,1,5
"Strumenti per la misura, la regolazione e la registrazione delle temperature, Agente: Luigi Jasgher - Venezia, Castello, S. Lio 5685",1,5
P. Marghera,1,5
Piazz. 27 Ottobre,1,5
Lussero Cl. rag. Cesare,1,5
Telefono 22-534,1,5
Via Acquileia,1,5
S. Moisè,1,5
S. Croce,1,5
Porto secco,1,5
Cà Vio,1,5
"""Lido Gran Viale 27""",1,5
Labor. Via Cà Rossea 4,1,5
Succ. Lorenzo Rubelli e Figlio,1,5
Sede di Venezia,1,5
"Rinomata cucina, VIni scelti, Servizio accurato",1,5
Alla Salute Risorta,1,5
"La più caratteristica Trattoria, di Polo Pietro fu Osvaldo, Telefono 25-463",1,5
Il ritrovo dei buongustai,1,5
Aromi dolci affini di Marcassoli Marino,1,5
Bacino Orseolo 1198,1,5
"Alla Colonna, trattoria,",1,5
S. Marco 1957A,1,5
Barbiere pt. Piccolo 426,1,5
"Sanpoli Lux, S. Molsi 2025",1,5
Stazione di Mestre,1,5
Locanda,1,5
S. M. Elisabetta 31 piante e sementi,1,5
specialità veniziane,1,5
" Telefono 25.889, ",1,5
Piazzale Stazione,1,5
"Di vetterti Aumn, Istibuto Prov. degli Esposanti",1,5
"Velluti, Soprarizzo, Broccati, Damascoti Per Ammobramento, Chiese Passamenterie",1,5
S. Pietro Apostolo,1,5
Canal Palazzo Widmann,1,5
Trattoria Locanda „Alle Anche Figure„,1,5
S. Giuliano.,1,5
Casa del Regalo,1,5
Calle Larga S. Marco,1,5
espresso pozzi neri,1,5
Demanio e Pesca Capparinesi di Porto,1,5
Giudecca,1,5
località Dese,1,5
S. Cassiano,1,5
"Agenzia di Città: Ponte dei Bareteri, Agenzia di Lido: Gran Viale Santa Maria Elisabetta",1,5
"Filiala: Pietrasanta (Carrara), Viale Oberdan 4, teleg. Castaman Pietrasanta",1,5
"Capo Stazione, P.le Stazione",1,5
"Piazza Barche, ",1,5
"Piazza Umberto I, ",1,5
Gran Caffè Bar 900,1,5
S. Marziale,1,5
S. Marco Piazza Riva S. Chiara,1,5
"Sed. Centrale, Mi. lanao, Via Correggio 31",1,5
Albergo,1,5
portabagagli | nella Stazione di Venezia,1,5
Calle Larga San Marco,1,5
S. Bartolomeo,1,5
arpicprete Basilica di San Marco,1,5
Calle del Mistro,1,5
S. Marco 4292,1,5
Capo Stazione di Prima Classe,1,5
macelleria (isola della Chiesa),1,5
Via Galuppi,1,5
Succ: Fratelli Scarpa,1,5
Colonia Alpina S. Marco,1,5
a M arcianca,1,5
Trattoria vini,1,5
alla Basilica d’Oro,1,5
 al Pingrosso,1,5
Purroco San Polo Apostolo,1,5
Ponte Storto,1,5
"Piazza Umberto 69, Via Piave 72",1,5
Murano fdn. Santi 9,1,5
delle Cliniche di Venezia,1,5
Direzione S. Lucia,1,5
Viale Miranese 98,1,5
Riva Schiavoni,1,5
"f,attoria",1,5
Marco 7,1,5
SS. Pietro e Caterina,1,5
santo da uomo,1,5
albergo - ristorante,1,5
Marangon,1,5
"Carte da Gioco ""Modiano""",1,5
di Venezia,1,5
Piazzale S. M. Elisabetta 21,1,5
Banco S. Marco,1,5
Rialto 1364,1,5
Salvi Marco 2887,1,5
Silvio. Giovanni e Mario,1,5
S. Pietro in Volto,1,5
"Pelletseun, Sarn Pietro in Volta",1,5
Adriatico,1,5
Parocco,1,5
trattoria | P. Marghera Vi Rossanrol,1,5
S. Polo 2380,1,5
Frari,1,5
S. Polo 1421-A,1,5
S. Marco 570,1,5
S. Polo 2355,1,5
S. Croce 1051,1,5
S. Angelo 3880,1,5
S. Angelo 3538,1,5
di Giovanni Lucangei,1,5
"Alla Nuova Trattoria, di Mario",1,5
terrazzano,1,5
deposito Marghera,1,5
Stabilimento : Casa di Pena,1,5
Favaro Veneto Dese,1,5
Acc. Senni.,1,5
di Eugenio e Mario Miozzi,1,5
Santa Maria Formosa 4778,1,5
Specialità veneziana,1,5
Specialità venoziane,1,5
Gran Viale 17,1,5
nuclei Scal. Marghera,1,5
Riva Schiavoni 4207,1,5
Societa Canottieri Bucintoro,1,5
parroco S. Maria Elisabetta di Lido,1,5
specialita veneziane,1,5
Punta Sabbioni,1,5
piazza 22 Marzo,1,5
Gazzera Alta 158,1,5
S. Polo 1418,1,5
Biblioteca Marcinina,1,5
Via Rosa,1,5
piasza Giovanni,1,5
trattoria a Il Fureto Risoro,1,5
Mazzucco Cav. Giuseppe,1,5
Albergo e ristorante,1,5
"Cucina Tipica Veneziana, Grande Salone per banchetti e Rinfreschi",1,5
"parroco, S. Giacomo dall’Orio",1,5
Veneta Costruzioni,1,5
S. Croce 772,1,5
Stazioned di Venezia,1,5
"Banca di Roma, ",1,5
Altri Stazione,1,5
nomina per Valli in provincia di Venezia e Campagnaluqa,1,5
 specialità Veneziane,1,5
Macellazione Venezia,1,5
Deposito: Cannaregio Abazzia,1,5
"Riva del Carboni ""Palazzo Benlo",1,5
Lungomare Malamocco,1,5
"caffè (eserzio), Castello 4565",1,5
Soc. in N. Coll. Filippo Campesan & F.llì,1,5
Quartiere Urbano,1,5
Via Pasqualegio,1,5
"S. Marco, numero 367",1,5
"Negozi: Mercerie del Capitello 4151, Sottoportico delle Acque 568",1,5
parroco Treporti,1,5
"Chioggia, Calle Gradasa 4716",1,5
parroco S. Maria del Gi glio,1,5
"VENEZIA - Via XXII Marzo, 2288 - Telefono 25-889",1,5
Naviglio,1,5
arciprete Basilica di S. Marco,1,5
 Club Alpino Italiano,1,5
Commissariato S. Polo e Santi Croce,1,5
Capo Stazione,1,5
Circolo della Spidal,1,5
Alberoni Bagni,1,5
Vi ale di S. Elishabetta 57,1,5
Mestre Piazza Umberto Primo,1,5
Venetian specialties,1,5
tabaccheria | Vie Macello,1,5
trattoria | Burano Treporti,1,5
osteria | Murase fdm. Navagero,1,5
specialitá veneziane,1,5
"Geriatrico del Seminario Patriarcale, Santa Maria della Salute",1,5
Ca' Foscari,1,5
Ispet. di l. Gl. Sez. Lavori di Venezia,1,5
Veneto,1,5
Premiate Cantine,1,5
"Spt, S. Zaccaria",1,5
terrazzi piorellane,1,5
Galleria gG. Franchetti alla Ca D’Oro,1,5
VENEZIA,1,5
"Uff. Stazione di Cura,  Soggiorno,  Turismo",1,5
Castello (II),1,5
Stazione Naviglio,1,5
S. Donà di Piave,1,5
Portogruaro,1,5
" Ponte delle Maravegie,  Sezione di Lido,  Via Malamocco, , ",1,5
" Rio Terra S. Giuseppe di Castello, , ",1,5
SCUOLA MERLETTI DI BURANO REGINA ELENA,1,5
O. nei Licei Ginasio,1,5
Farmacia Sant'Elena (gestfita dall'ospedale),1,5
Domenicani,1,5
 Noale,1,5
Mons. Urbanà,1,5
Hotel-Restaurant,1,5
Banchi Lotto,1,5
MILANO,1,5
San Giovanni e Paolo,1,5
Piazzale Roma 497,1,5
Zattere 1406,1,5
Ospizio Marino,1,5
Libreria Universitaria,1,5
Soprintendenza ai Monumenti Medioevali e moderni del Veneto Orientale,1,5
trattoria e Albergo il  Accademia,1,5
 trattoria,1,5
Officina di Villar Perosa,1,5
A.l S. Biagio,1,5
Soprintendenza ai Monumenti Medioevali e Moderni del Veneto Orientale,1,5
compatabile suprimetendenza al Monumenti Medianei e Moderni del Veneto Orientale,1,5
S. Marco 597-B,1,5
Ponte della Canonica,1,5
Category: Ospitalità,1,5
Acquedotti,1,5
S. Maria delle Penitenti,1,5
S. Lodo. vico (S. Alvise),1,5
"Pres, Arciconfratermita di San Cristoforo e Compagnia della Misericordia",1,5
S. A. Ricomimenti Alveraggo aux Verenti autorimoti,1,5
Palazzo Ducale,1,5
Padova,1,5
Commissariato di S. Marco,1,5
Commissariato di S. Polo e S. Croce,1,5
Commissariato di Dorsoduro,1,5
Agenzie di trasporto,320,6
Cantieri Navali,39,6
Noleggio imbarcazioni,28,6
spedizioni e trasporti,24,6
FERROVIE DELLO STATO,22,6
Agenzie marittime,20,6
Cantiere Navale,20,6
Recuperi navali,19,6
Trasporti marittimi con motanavi e motovelieri,18,6
cantiere navale,15,6
Società MARE,12,6
Autotrasporti,10,6
Società di navigazione,9,6
Trasporti,9,6
noleggio imbarcazioni,9,6
Case di Spedizioni,8,6
ARMAZIONI MARITTIME,8,6
autotrasporti,8,6
Fornitori di bordo,6,6
TRASPORTI FLUVIALI E LAGUNARI,6,6
agenzia marittima,6,6
Ferrovie dello Stato,6,6
trasporti marittimi fluviali e terrestri,6,6
Mediatori e sensali marittimi,5,6
Trasporti fluviali,5,6
Spedizioni e trasporti,5,6
Lavori manovalanza,4,6
Spedizioni e Trasporti,4,6
importazioni ed esportazioni varie,4,6
Società Cooperativa Lavori e Recuperi Marittimi e Fluviali A. r. l.,4,6
Category: Attività Marittime ed Aeree,3,6
Esportazioni,3,6
Motori marini,3,6
Navigazione fluviale,3,6
pesca marittima,3,6
Agenzia Marittima,2,6
Anonima di Navigazione,2,6
Agenzie di viaggio e turismo,2,6
Armatori,2,6
Costruzioni e riparazioni navali,2,6
Forniture navali e industriali,2,6
Lavori portuali,2,6
Navigazione lagunare,2,6
Pesce marittima,2,6
Portabagagli,2,6
Provveditori marittimi,2,6
Riparazioni barche e motori,2,6
Spedizioni e trasporfti,2,6
Agenzia Trasporti,2,6
Trasporti marittimi,2,6
trasporti,2,6
navi (demolizione),2,6
cantieri navale,2,6
autorasporti,2,6
Trasporti marittimi fluviali e terrestri,2,6
shipping and transportation,2,6
presso Adriatica di Navigazione,1,6
Agenzie di traslochi,1,6
Agenzia Marittima e Casa di Spedizioni,1,6
Agenzie di trasporti,1,6
Autonoleggi e Autorimesse,1,6
"""Cantieri Navali""",1,6
Cantiere Navale e Officine Meccaniche,1,6
CANTIERE NAVALE,1,6
Demolizione Navi,1,6
Applicazioni elettroautomatiche impianti terrestri e navali,1,6
Forniture per imbarcazioni,1,6
Forniture marittime,1,6
provveditoria marittimo,1,6
forniture navali,1,6
"__SECTION__,,Imberchi e sbarchi""",1,6
COSTRUZIONI PONTILI E OPERE PORTUALI,1,6
Impresa Lavori Edili e Marittimi,1,6
"Sestri, Agenzia di Padova: Ditta Michele Trappetti. Corso del Popolo, 1, Telefono: 24-587. Motori Diesel ad iniezione meccanica per impianti fissi e marini, Motori a gasogeno.",1,6
Concessionario Marelli,1,6
Agenzia Marittima e spedizioni internazionali,1,6
di spedizione,1,6
Trasporti aerei,1,6
Trasporti marittimi e fluviali,1,6
Società Adriatica Trasporti Turismo Imbarchi,1,6
TRASPORTI POSTALI,1,6
TRASPORTI SERVIZI PORTUALI,1,6
trasporti fluviali,1,6
costruzioni e riparazioni navali,1,6
provveditorii marittima,1,6
navi compravendita,1,6
Importazioni ed esportazioni varie,1,6
"Trasporti marittimi, fluviali e terrestri",1,6
Organizzazione Trasporti di qualsiasi tipo,1,6
"Cantieri navali, trasporti marittimi fluviali e terrestri",1,6
mediatrice e sensale marittima,1,6
Direzione Marittima e Gabinetto,1,6
imprese e opere marittime,1,6
Fornitore Marittime,1,6
Noleggio Imbarcazioni,1,6
Agenzia Traslochi,1,6
Automoleggigo e Autorimessa,1,6
ippotrasporti,1,6
Capo Cantiere da A. C. N. I. L.,1,6
Costruzioni Navali,1,6
Trasporti Postali Carcerari,1,6
cantiere navale S. An,1,6
cantiere navale Monigrea,1,6
imprese opere marittime,1,6
casa di spedizione,1,6
Esclusivisti delle rnigliori Marche Nazionali ed Estere,1,6
Negozio l’imbarchaioni,1,6
 noleggio riparazioni),1,6
Agenzia Marittima e Spedizioni Internazionali,1,6
casi di spedizione,1,6
autotrasport,1,6
Imbarcazioni e sbarchi,1,6
agenzia nolleggio film,1,6
mobiliti usati,1,6
Gestione Agenzie Marittime,1,6
autonoleggio e automorsa,1,6
trasporti e spedizioni,1,6
Trasporti Fluviali,1,6
importazione ed espor tazione varie,1,6
"di Spedizione, spedizioni e trasporti",1,6
Cantiere navale,1,6
Autero trasporti,1,6
"Organizzazione Trasporti, spedizioni e trasporti",1,6
autoviatporti,1,6
Provveditoria Marittima,1,6
armatore-aganzuia marittima,1,6
cantlere navale,1,6
 importazioni ed esportazioni varie,1,6
noloeggio imbarcazioni,1,6
ricuperi navali,1,6
agenzia marittima spdiuzion,1,6
Imbarcbi e sbarchi,1,6
"spedizioni, agenzia marittima",1,6
nolleggno imbarcazioni,1,6
Industrie Navali Officina Meccanicee,1,6
Servizi autotrasporti Industriali di,1,6
Soc. Coop. Autotrasporti cel eri internazionali,1,6
fluviali e terrestri,1,6
"carburanti, forniture navali, combustibili",1,6
Sindacato Imprese Trasporti Recuperi e Ricostruzioni attivita navale,1,6
c .i o noleggi,1,6
"autotrasporti, spedizioni",1,6
 Imbarcazioni,1,6
Casa di Spedizioni,1,6
Navigazione Fluviale,1,6
Rimorchi navali,1,6
Società Autotrasporti Saturnia,1,6
provveditore marittimo,1,6
agenzia aunnitima spedizioni e trasporti,1,6
spedizioni trasporti navigazione,1,6
"Suoc Fratelli Scarpa, Agenzia Marittima e Casa di Spedizioni",1,6
Società di Navigazione Ae-rea,1,6
Agenzia marittima,1,6
Agenzia di viaggi e turismo,1,6
trasporti marittimi diurnali e terrestri,1,6
"Comando Militare Mar., Autorità dell'Alto Adriatico, Arsenale",1,6
impianti terrestri e navali,1,6
Soc. Naz. Trasporti e Fratelli Gondrano,1,6
FERRO-VE DELLE STATO,1,6
Comando Militare Maritt Aut. dell'Alto Adriatico,1,6
Comando Milit. Maritt. Art. dell'Alto Adriatico | Arsenale,1,6
"cicità, noleggio imbarcazioni",1,6
nolleggio imbarcazioni,1,6
Sezione Estuario e Marghera,1,6
Diritto della navigazione,1,6
"Com. Reg., Fed. It. Canottaggio (FIC)",1,6
"SOCIETÀ ADRIATICA TRASPORTI TURISMO IMBARCHI, SBARCHI, (GIÀ SUCO. GUETTA SOC. AN.) UFFICIO VIAGGI E TURISMO,",1,6
cantiere navale ricuperi,1,6
"Costruzione riparazione e motorizzazione Burchi, Bragozzi, Topi, Maone, Peate; Motoscafi di lusso e da trasporto - Arredamento completo del natante",1,6
autotrasporti ricuperi navali,1,6
Agenzia Marittima e casa di spedizioni,1,6
"s. 8. a r. 1., lavori manovalanza",1,6
iucoperi navali,1,6
Costruzioni mercante,1,6
ag. capo Stazione Marittima,1,6
Trattorie,184,7
Alimentari,137,7
Farmacista,125,7
alimentari (dett.),72,7
Generi alimentari,66,7
macelleria,58,7
Caffe,53,7
Farmacisti,46,7
Tabaccherie,45,7
Panifici,42,7
Frutta e verdura GROSSISTI,39,7
Vini (grossisti),38,7
panificio,35,7
Salumi (negozi),32,7
farmacista,32,7
alimentari,30,7
Olii commestibili ed affini,29,7
tabaccheria,25,7
panificio. SS.,23,7
pasticceria,22,7
Drogherie,21,7
Caffè (esercizi),19,7
rappresentante generi alimentari,19,7
caffè (esercizi),18,7
Caffè,17,7
Farmacie,16,7
Caffe (torrefazione),14,7
Frutta secca,14,7
Friggitorie e commestibili cotti,13,7
Pastifici,13,7
farmacia,13,7
salumi (negozio),13,7
oreficeria,12,7
Pesce,11,7
Prodotti farmaceutici,11,7
(vendita),10,7
Ristoranti,10,7
ristorante,10,7
frutta e verdura (grossista),9,7
Tabaccheria,9,7
Alimentari (dett.),9,7
Frutta,8,7
Gelaterie,8,7
caffè,8,7
Pasticcerie ed affini,7,7
vini (grossista),7,7
Pesce conserva,6,7
frutta e verdura,6,7
Alimentari (Dett.),6,7
Rosticcerie,5,7
Panificio,5,7
salumi,5,7
mobili (negozio),5,7
 grossista,5,7
alimentari (dett),5,7
bar pasticceria,5,7
Caffe (importatori),4,7
vini (commercio enologico),4,7
drogheria,4,7
grossista,4,7
alimentari (gross.),4,7
gelateria,4,7
Aromi per dolci,3,7
Bottiglierie,3,7
Pesce e crostacei,3,7
Alimentari (gross.),3,7
 pasticceria,3,7
cereali,3,7
Pasticceria,3,7
Farmacia,3,7
pesce (ingrosso),3,7
caffe (esercizi),3,7
commercio,3,7
Fibre vegetali ed affini,2,7
"Importazione, Esportazione Frutta e verdura",2,7
Frutta e verdura conservate,2,7
Gelateria,2,7
Latte (grossisti),2,7
Liqouri (dettaglio),2,7
Pescicoltura,2,7
Prodotti agricoli,2,7
Salumi (grossisti),2,7
Caffè (torrefazione),2,7
ghiaccio (vendita),2,7
bar-pasticceria,2,7
pastificio,2,7
oli commestibili,2,7
vini grossista,2,7
mobili (negozi),2,7
alimentaristi (dett.),2,7
alimentari (det.),2,7
Pesce (ingrosso),2,7
Alimentari (det.t),2,7
Frutta e verdura (grossista),2,7
olii commestibili,2,7
caffè (torrefazione),2,7
prodotti farmaceutici (commercio),2,7
"alimentari gross, drogheria",2,7
ottica (commercio),2,7
oli commestibili (commercio),2,7
vini (grossisti),2,7
Rappresentante generi alimentari,2,7
friggitoria e commestibili cotti,2,7
(grossista),2,7
caffè (surrogati),2,7
giornali (distribuzione),2,7
Gruppo Ristoranti trattorie,1,7
"Caffé, bar, bottigliere, birrierc",1,7
Alcool denaturato,1,7
scambio generi alimentarii,1,7
gestione caffè,1,7
Carni conservate,1,7
Carni e Frattaglie cotte,1,7
produzione distribuzione,1,7
Esercizio caffè,1,7
"Vini, Liquori, Alimentari, Rappresentanze e Depositi",1,7
"Rappresentanza di case produttrici di medicinali, prodotti dietetici, chimici, sanitari, igienici, ortopedici, galenici",1,7
Medicinali,1,7
"Pasticcerie, Liquori, Vini",1,7
(commercio),1,7
Assistenza generi razionati agli alimentari bar alberghi,1,7
Ristoranti vegetariani,1,7
giornalaio (vendita),1,7
il caffè (esercizio),1,7
Alimentari (dett),1,7
"Bar, Caffè",1,7
Accomodini Verzemin Alimentari D. Caonet di. Ca Ponte e C. Alimentari (arross.),1,7
"Panificio, pastificio",1,7
alimentari (gross e,1,7
importo di Consumo,1,7
prodotti chimici (commercio),1,7
latticini alimentari,1,7
salumeria,1,7
alimentari (grosso),1,7
macelleria (introduced bestiame),1,7
 negozio,1,7
macelleria (introduttore Ac. stime),1,7
Rappresentante Generi Alimentari,1,7
Alimentarì (dett.),1,7
"alimentari, (dett.)",1,7
"drogheria, apprendante prodotti chimici",1,7
negozio,1,7
Caffè {torreflazione),1,7
latte (grossista),1,7
rappresentante generali alimentarali,1,7
rappresentante generi alimentari tevi (grosso),1,7
mobilio (negozio),1,7
mobilit (negozio),1,7
alimentari (dtt.),1,7
caffe' (esercizi),1,7
aromi per dolci,1,7
"Compagnia Erbe, Medicinali, Alimentari",1,7
Vini (Grossista),1,7
droghcr (commercio),1,7
caffè (eserzio),1,7
piante e sementi,1,7
prodotti agricoli,1,7
droghe (commercio),1,7
"Soc. Coop. a r. l, alimentari (det.t.)",1,7
Salumi (negozio),1,7
Zuccherificio,1,7
Latte (produzione),1,7
"Alimentari (gross.), loc. Villabona",1,7
"caffè (esercizi) | ""Circolo Varioni""",1,7
"Soc. Coop. a. r. e. 1., alimentari (dett.)",1,7
"s. a. r. 1., alimentari (dett.)",1,7
vini alimentari (ingrosso) (dett.),1,7
ottici (commerce),1,7
dolciumi (girosso),1,7
 bottiglieria. (esercizi),1,7
salumn (negozio),1,7
frigorifero e commcerstihii; catti,1,7
Soc. Industria Conserv alimentari,1,7
cartu (commercio),1,7
 (commercio),1,7
e spechi (commercio e lavorazione),1,7
Fruttivendolo,1,7
frutti e vermora (grossista),1,7
Formaggio burro e conserva,1,7
Alimentari (dett.); Latteria,1,7
frutta e vedura,1,7
cereali (grossista e deposito),1,7
dolciumi (ingrosso),1,7
commerciatista,1,7
pesce e crostacei,1,7
olii commestibili (commercio),1,7
"S. A., caffè",1,7
farmacie,1,7
Pasticcerias,1,7
rappresentanze generi alimentarii,1,7
 (grossista),1,7
carta (grossista),1,7
marmellate frutta vendura (grossista),1,7
perlo (lavoro e commercio),1,7
Alimentari (gross),1,7
"Commercio riso, farina, legumi, Ortaggi conservati all'orto, Carta da imbacco, Saponi in genere",1,7
farmaciaa,1,7
alimentari gross.,1,7
rappresentante penni alimentari,1,7
frutta secca,1,7
alimentari (dott.),1,7
frutta,1,7
grossista liquori,1,7
grossisti,1,7
Pasticceria e Bar,1,7
"prodotti officinali,S.g.r.l. prodotti farmaceutici (commerciali)",1,7
olii commestibili (commerce),1,7
frutta e verdura (Grossista),1,7
commercio enologico,1,7
"Frutta, Verdura",1,7
Bar caffè (esercii),1,7
caffe (servizii),1,7
"alimentari, gross.",1,7
"alimentari, detti",1,7
"caffe, commercio, droghe e dolciumi, Coloniali",1,7
"caffè, importatori, droghe e dolciumi, coloniali",1,7
carne vegetale,1,7
 liquori (fabbrica e deposito),1,7
 ingrosso,1,7
carta (commercio),1,7
carbone e legna (grossisti),1,7
Rappresentanze Medicinali,1,7
Rappresentanze Produttrici di Medicinali,1,7
Coloniali detersivi saponi affii (commercio),1,7
alimentari (dettaglianti),1,7
"ottico (commercio), dischi, radio",1,7
friggitioria e commestibili cotti,1,7
"pasticceria, bar",1,7
"modisteria, succe. di Baroncelli",1,7
salumi (grossista),1,7
commercisita,1,7
alimentari (dettagli),1,7
vini rappresentante generi alimentari,1,7
alimenti (dett. c. ingrosso),1,7
abitì confezionati,1,7
Pelet (lavor. e commercio),1,7
 drogheria,1,7
Industria sur- roggati cffe,1,7
prodotti farmaceutici,1,7
caffe,1,7
artic. commestibili (commercio),1,7
per prodotti e commercio,1,7
Compra Vendita Caffè e Ristoranti,1,7
Salumi,1,7
"cereali (grossista), olii commestibili (commecio)",1,7
"drogheria, pasticceria",1,7
Droghiere,1,7
e commercio,1,7
Alimentari (GROSS),1,7
Rosticceria,1,7
"alimentari, numero",1,7
alimentari (dettaglio),1,7
macelleria (introduttore bestiame),1,7
caffé,1,7
alimentari (gros.),1,7
Latte (grossista),1,7
commerciants,1,7
 specialità veneziane articoli sportivi,1,7
bakery,1,7
negozio imbacazioni,1,7
alimentari (d.t.),1,7
alimentari (detta.),1,7
 affini (vendita),1,7
"cioccolopo, caffè (esercizi)",1,7
"caffe, (esercizi)",1,7
Cereali,1,7
Vini (grossista),1,7
cereali (grossista e de-posto),1,7
alimentarist (gross),1,7
 alimentari,1,7
"ristorante, caffè",1,7
"Confezioni ""Al Pupo"" Per Bambini",1,7
Negozi,1,7
Commercio,1,7
 piante e sementi,1,7
rappresentante generale alimentari,1,7
Negoziante,1,7
"Vini (grossista), liquori (fabbrica & deposito)",1,7
"t. r. I., per la gestione del caffè: Alpolco, caffè (esercizi)",1,7
eralta (torrefazione),1,7
grossisti spettaclli medicinali,1,7
Bar,93,8
Latterie,85,8
sarta,72,8
Sarte,63,8
Geometra,47,8
Manifesture,36,8
CARTA,32,8
Tipografie,29,8
Veterinario,28,8
ostetrica,28,8
Parroco,22,8
Liqouri,20,8
bar,19,8
Modisterie,18,8
perito,18,8
Carta,14,8
mercerie,14,8
LOCANDE,13,8
Cinema,13,8
Mode,12,8
Sarta,11,8
dentista,10,8
Vetri,9,8
orologeria,9,8
parroco,9,8
Economo,8,8
Medico,8,8
Componente,7,8
Attuari,7,8
Carbone,7,8
Navi,7,8
ing.,7,8
libreria,7,8
Membro,6,8
Hotel,6,8
Bazar,6,8
Seterie,6,8
Solesin,5,8
Argenterie,5,8
Ostetrica,5,8
polleria,5,8
Fid. Prov.,4,8
Municipio,4,8
Catrame,4,8
Filande,4,8
Guami,4,8
Sughero,4,8
fotografo,4,8
navi,4,8
Lettrice,4,8
Comm. Agg.,3,8
Zincografia,3,8
Olii,3,8
S. A.,3,8
radio,3,8
chirurgo,3,8
Modisteria,3,8
medico chirurgo,3,8
Perito,3,8
moderna,3,8
Vetria 17,3,8
MUNICIPIO,3,8
Biblioteca,3,8
coll.,3,8
V. Comm.,2,8
Comm.,2,8
Aceto,2,8
Foto reportage,2,8
Alcool,2,8
Bitumi,2,8
Carni,2,8
fdm. Navagero 34,2,8
(eomerscio),2,8
Filatelico,2,8
Gas,2,8
Lane e crine,2,8
Telerie,2,8
medico,2,8
murari,2,8
carbone,2,8
veterinario,2,8
Carpentiere,2,8
ottica,2,8
stomatologo,2,8
Chimico,2,8
har,2,8
lateria,2,8
carta,2,8
mode,2,8
manifature,2,8
dr.,2,8
prof.,2,8
Orologeria,2,8
Radio,2,8
Geom.,2,8
Fotografo,2,8
oculista,2,8
cinema,2,8
Merceologia,2,8
Matematico,2,8
Mensile,2,8
dottore,2,8
teatro,2,8
V. Pres.,2,8
Vetrocke,1,8
V. Comm. Agg.,1,8
Col.,1,8
Commiss,1,8
Fed. It. Scherma (FIS),1,8
Fed. It. Sport Equestri (FISE),1,8
segr.,1,8
MEDICO CHIRURGO,1,8
Medico Chirurgo,1,8
Medicina Interna,1,8
Categoria VIII,1,8
Abat jours,1,8
Accumulatóri,1,8
Lloyd’s Agen.,1,8
Soc. Coop.,1,8
Armonium,1,8
Telef. 53-819,1,8
Soc. An.,1,8
"119-A""",1,8
telefono 24-562,1,8
Industrial,1,8
2667 B,1,8
Carni equine,1,8
Cave,1,8
Coloniali,1,8
S. Moisé,1,8
AGENCY,1,8
Conserve,1,8
Detective,1,8
Divise,1,8
Doratura,1,8
"1079""",1,8
Fasite,1,8
Soc per Az,1,8
C. P. 46,1,8
Gres,1,8
Banco,1,8
Lievito,1,8
Malto,1,8
INSETTICIDA,1,8
"Telefono, 23-257",1,8
prime per celerie,1,8
Molini,1,8
Nichelatura,1,8
Olive,1,8
Palombari,1,8
Paraffina,1,8
Piloti,1,8
Porcellane,1,8
Radiotecnico,1,8
Phonola radio,1,8
Rodio,1,8
Cast. 3133,1,8
Sego,1,8
Semiotrica,1,8
terrestri,1,8
S.A.F.A.,1,8
v. Macello,1,8
Teatri,1,8
Telefoni,1,8
Termometri,1,8
Cartotecnica,1,8
Torroni,1,8
Vestiario,1,8
S.A.V.I.A.,1,8
Vetroflex,1,8
awvoc,1,8
oste,1,8
vet radeo,1,8
Cingalagerie,1,8
macerie,1,8
S.,1,8
fotografe,1,8
raprresentante,1,8
tipografa,1,8
lattera,1,8
sguero,1,8
Alla Vida,1,8
nacelleria,1,8
calcature,1,8
mosocore,1,8
pelterie,1,8
ertaio,1,8
Enego,1,8
starchics,1,8
Geomera,1,8
produieni,1,8
gros.,1,8
s. r. l.,1,8
carpentire,1,8
matalto neuro-se,1,8
ca-toleria,1,8
ostetrico,1,8
 Dese,1,8
divise,1,8
chirurg,1,8
par. socio,1,8
caffe',1,8
sa ta,1,8
merce'cie,1,8
Tormo,1,8
numero 572,1,8
numero 565,1,8
Geometra principale del,1,8
palombari,1,8
Geometre,1,8
piloti,1,8
dermosifilopatica,1,8
Pres.,1,8
jeuta,1,8
radiogiologo,1,8
junioico,1,8
orefaceri,1,8
ingg.,1,8
Cassiere,1,8
Filatelica,1,8
Brendole,1,8
arw.,1,8
madura georlua. Le,1,8
ortopedico,1,8
liagerie,1,8
ldm. Domnla Onesta,1,8
dott.,1,8
molino,1,8
hotelgieria,1,8
scnure,1,8
merce- rie,1,8
Pediatra,1,8
muele,1,8
"TEPL. VE,",1,8
Calvacavia,1,8
Plexiglas,1,8
(dett),1,8
 chinicalgile,1,8
carni equine,1,8
S. M. Elisahet- te 22,1,8
S. Pantalon,1,8
Organiz. (ANT),1,8
(eredi),1,8
chimico del La..,1,8
autoparosti,1,8
Cann 8971,1,8
Mlumlnio,1,8
Gludeco 595,1,8
cartolexia,1,8
Villuitteur,1,8
DU5E,1,8
minerial,1,8
Santa Apneise 909-A,1,8
Cann. 2102,1,8
bar.,1,8
caroleria,1,8
 juors,1,8
ebanista,1,8
sqiurero,1,8
Laboratorio orologeria,1,8
t'atoria,1,8
calsature,1,8
merce verie,1,8
mercer.,1,8
Clinica,1,8
Generacia,1,8
Director,1,8
 molino,1,8
radio e radio; alumunofni,1,8
cofor,1,8
RIECA,1,8
vetreria,1,8
Zinografia,1,8
eletrogavanica,1,8
murtori,1,8
C.P. 28,1,8
"cav.,",1,8
Clinica Ostetrica,1,8
modisteria,1,8
pm. Patriarcale,1,8
caleteria,1,8
bigiotterie,1,8
squero,1,8
vetria,1,8
economo,1,8
(Cronometriosta),1,8
 (dett.),1,8
Cann. 1671,1,8
scaprer,1,8
pelliche,1,8
har. s,1,8
Telecommunication,1,8
Arcprete,1,8
dermatologo,1,8
geometra,1,8
ostetia,1,8
arcirepe,1,8
osterie,1,8
ne,1,8
Pal Da Mula,1,8
Met'e,1,8
latte,1,8
S.A.,1,8
o'clock,1,8
Vereie,1,8
vetroflex,1,8
minio,1,8
numero 1641,1,8
661-A,1,8
caffe (serezizi),1,8
sughero,1,8
Orologiaio,1,8
Lari,1,8
co 1294,1,8
(dett.),1,8
arxiv,1,8
mererce,1,8
del Genio Civile,1,8
baccaleria,1,8
infe.,1,8
Dioni,1,8
levita,1,8
various,1,8
in translator biz,1,8
logs,1,8
shoes,1,8
bazar,1,8
promumerla,1,8
soc,1,8
Simone,1,8
 latteria,1,8
 Perito,1,8
 rdm,1,8
G. V,1,8
maestro,1,8
M 40,1,8
hur,1,8
leatarie,1,8
Tuberero,1,8
Conchiapje,1,8
well executives,1,8
Patrimonio,1,8
Rag.,1,8
Geografia,1,8
Pedagogia,1,8
Filosofia,1,8
Prof. dr. ing.,1,8
"Gr. uff, dr. arch.",1,8
" Arsenal°, , ",1,8
Custode,1,8
Guardian Grande,1,8
"Solesin,",1,8
Medica,1,8
Medica II,1,8
Chirurgia II,1,8
Chirurgia III,1,8
Dermosioplasticna,1,8
Oculista,1,8
Ostetricia,1,8
Farmacla interna,1,8
Primario,1,8
D.,1,8
 numero 4925,1,8
Bimesile,1,8
Bce salutariameta,1,8
Medico Chirurgo Ostetrico,1,8
Presd. Soc.,1,8
to-ba,1,8
sagunrO,1,8
professor,1,8
dermosifilopata,1,8
bodhiie,1,8
conservere,1,8
cornice,1,8
Dentista,1,8
pollc-in,1,8
ing. cav,1,8
radio (trasmissioni),1,8
 olii,1,8
Suaege,1,8
radiologo,1,8
photoengraving,1,8
pharmacy,1,8
Pres,1,8
DOGANA,1,8
Categoria IX,1,8
Categoria VII,1,8
Ottonai,1,8
tabachcheria,1,8
Rk. PP. Armeni Mechitaristi,1,8
orefacreia,1,8
monista,1,8
osterica,1,8
Veterinarî prov.,1,8
medico pediatra,1,8
orologie,1,8
Anatomia,1,8
cralrature,1,8
pittore,104,9
Falegnami,53,9
Articoli casalinghi e oggetti diversi,43,9
PROFESSIONISTI E ARTISTI,41,9
Oggetti artistici specialità veneziane ed affini,39,9
Decoratori e pittori,27,9
articoli casalinghi,27,9
Antichità belle arti,24,9
Rappresentanze varie,24,9
Oggetti usati,23,9
illuminazione pubblica,22,9
Ferramenta e colori,21,9
Fotografie,21,9
Pittore,20,9
architetto,20,9
decoratore e pittore,18,9
oggetti di Cancelleria,17,9
Colori e Vernici,16,9
oggetti artistici,15,9
ottica ingegneria fotografia,15,9
FOTOGRAFIA,13,9
Quadri - riproduzioni ed oggetti artistici,13,9
pittore decoratore,13,9
Articoli Fotografici e affini,12,9
Architetto,12,9
BICROMIE TRICROMIE FOTOLITO,11,9
scultore,11,9
Mobili,11,9
Vetri artistici,10,9
ferramenta e colori,10,9
ACCADEMIA di Belle Arti e Liceo Artistico,10,9
Insegnante Accademia di Belle Arti,9,9
Vetro,8,9
MOBILI ARTISTICI,7,9
Strumenti musicali,7,9
refrattari e laterizi,6,9
falegnameria,6,9
Category: Vetro e Ceramica,5,9
Articoli Funebri,5,9
Carta Cartoni ed affini,5,9
Falegnamerie,5,9
Perle d'ogni tipo a lume,5,9
"Terraglie, Porcellane e affini",5,9
Oggetti artistici,5,9
oggetti usati,5,9
antichità belle arti,5,9
colori e vernici,5,9
Articoli Igienici,4,9
FOTOMATERIALE,4,9
Materiale fotografico,4,9
articoli in vetro,4,9
Vetrerie in genere,4,9
mosaici,4,9
articoli fotografici,4,9
Falegnameria,4,9
Decoratore e pittore,4,9
Figura disegnata,4,9
Casse e Arredi Mortuari,3,9
Vetrerie,3,9
Fiori artificiali,3,9
Fiori in vetro,3,9
Navi in legno,3,9
Picchettaggio o verniciature piroseffi,3,9
Pietra artificiale,3,9
Pittore decoratore,3,9
Smalti,3,9
Tessiture seriche per l'arredamento,3,9
Vetrate artistiche,3,9
fotografie,3,9
mobili,3,9
Articoli Casalinghi,3,9
Rappresentanze Varie,3,9
Articoli casalinghi,3,9
materiali refrattari e laterizi,3,9
Tipografia,3,9
ACCademia di Belle Arti e Liceo Artistico,2,9
Scultore,2,9
GABINETTI DENTISTICI,2,9
Acquarelli e fotografie,2,9
Articoli Sportivi,2,9
Cartoline illustrate,2,9
Arti Grafiche,2,9
COLORI - VERNICI - SMALTI,2,9
sviluppo e stampa,2,9
FOTO,2,9
Istituti di Bellezza,2,9
Oggetti artistici per regali,2,9
Pennelli e spazzole,2,9
Rivestimenti,2,9
Scuole di dattilografia,2,9
Specchi veneziani,2,9
Tessuti stampati e artistici,2,9
Vernici sottomarine,2,9
Vetri di Murano,2,9
decoratori e pittori,2,9
antichita belle arti,2,9
stuccchi edile,2,9
Articoli di Lusso per Regali,2,9
calzolaio,2,9
 riproduzioni ed oggetti artistici,2,9
cartoline illustrate,2,9
insegnante Accademia di Belle Arti,2,9
fotografo (gabinetti di posa),2,9
Lingua e letteratura francese,2,9
Lingua e letteratura spagnola,2,9
Lingua e letteratura tedesca,2,9
Disegnatore,2,9
Pittura,2,9
Ornato disegnato,2,9
Figura e ornato modellato,2,9
Articoli per regalo,1,9
Laboratorio Scuola per Falegnami,1,9
Fid. Prov. | BICROMIE TRICROMIE FOTOLITO,1,9
"Arte veneziana, Fiori e Perle",1,9
Articoli da Bagno,1,9
"Articoli casalinghi e oggetti diversi, Fondamenta Ormesini",1,9
Lavori Fotografici,1,9
Articoli per Fumatori,1,9
Articoli di Lusso,1,9
Articoli di Pittura e Disegno,1,9
Articoli da Viaggio,1,9
Fdm. Vetrari,1,9
Ritratti artistici - Lavori industriali - Reparto eliocinografico - vendita materiale fotocinematografico,1,9
Laboratorio Cornici ed Affini,1,9
decoratore in stuepici e costruzioni,1,9
« Decorazione della Casa »,1,9
Denti artificiali,1,9
Pavimentazione rivestimenti murale vetrosi,1,9
Arti Grafiche Esperia,1,9
"Ritratti artistici, Lavori industriali, Reparto elinocianografico, vendita materiale ft. ocinematografico",1,9
Maioliche artistiche,1,9
Arte Monumentaria,1,9
Materiale cinematografico,1,9
Mosaici,1,9
Oggetti preziosi ed affini,1,9
Commerciale cuci artistici Veneziani,1,9
Pittori decoratori,1,9
Prodotti vetrari,1,9
Ritratti artistici - Lavori industriali - Reparto elite cinografico - vendita materiale ftocinematografico,1,9
Refrattari - laterizi e calce,1,9
Reti e articoli da pesca,1,9
Ritratti aistici - Lavori industriali - Reparto elio- cianografico,1,9
"Articoli di lusso per ""regali""",1,9
"Vetri Artistici, perle specialità, veneziane",1,9
"Collane di perle e fiori di vetro, produzione prornia",1,9
"Perle, Brillanti imitazione Argenterie, Specialità Veneziane, Casa Fondata nel 1872",1,9
Artisti Ritratti,1,9
Tessuti d'arte,1,9
Ritratti artistici - Lavori industriali,1,9
Tessuti d'Arte creati su telai primiavi,1,9
Vernici e smalti,1,9
Vetrerie scientifiche e farmaceutiche,1,9
"Vetreria Artistica e Stampata, Soffleria Sanitaria, Fiale ed Afftni, Lampadari e Vetri Artistici di Murano",1,9
Maioliche Artistiche,1,9
quadri-riproduzionl ed oggettl artistici,1,9
Arredamenti,1,9
chincaglierie vernici,1,9
antiquità belle arti,1,9
articoli Casalinghi,1,9
"Ottica, ingegneria, fotografia",1,9
articoli da bagno,1,9
Picchettaggio e Verniciatura Prosceni,1,9
Ferramenta e Colori,1,9
Ritratti Artistici - Lavori Industriali,1,9
mobili artistici e laccati,1,9
Museo Archeologico,1,9
"colori e vernici, (dettaglio)",1,9
riparazioni carrozzerie per auto,1,9
Istituto Artigianelli,1,9
anticihità belle arti,1,9
Arredamenti completi,1,9
Lavorazione artistica mosaici in smalto di vetro Veneziano,1,9
Aiutante di CancelI. della Pietura,1,9
fotografe (ottico,1,9
Ritratti artistici,1,9
color e vernici,1,9
Accademia di Belle Arti,1,9
"Colorificio Veneziano, gioielleria",1,9
pirechettaggio e verniciatura piroscafi,1,9
"Costruzioni pavimenti, Terrazzi, Terrazzo alla veneziana stile Settecentesco, Mosaico",1,9
Serramenti ed Affissi,1,9
pittori decoratori,1,9
materiale fotografico etc.,1,9
Antichità e belle arti,1,9
vetri artistici,1,9
Ritratti artistici e Lavori industriali - Reparto eliotro cinematografici - vendita materiale fotoincotenografico,1,9
vernici sottomarine,1,9
rappresentanti articoli in vetro,1,9
Fotografa,1,9
fiori artificiali,1,9
"oggetti artistici, fotografia",1,9
vetriere in genere e lampadari,1,9
vetro,1,9
Pittore Decoratore,1,9
Oggetti Artistici,1,9
Articoli Casalin,1,9
Vetro (lavorazione),1,9
Deposito mobili,1,9
Ufficio di Espett. Oggetti di Antichita e d’Arte,1,9
fotografie (gabinetti di pos.,1,9
rappresentante articoli in vetro,1,9
mobili sati,1,9
pittore decorato.°,1,9
 vetrerie e oggetti artistici,1,9
gabinetti di posa,1,9
materiale fotografia,1,9
Decoratore e Pittore,1,9
"Specialità veneziana, quadri riproduzioni ed oggetti artistici",1,9
Articoli sanitari,1,9
 oggetti artistici,1,9
materiale fotografico,1,9
 smalti ecc.,1,9
 cristalli e spechi (commercio e lavorazione),1,9
articoli funebri,1,9
Ritratti artistici - Lavori industriali - Reparto elmo-cinografico - Veduta materiale fotocinomatografico,1,9
Produzione e Lavorazione vetro,1,9
fotografo (agbinetti di pose),1,9
Fotografie (gabinetto di posa),1,9
"vetri, cristalli e specchi",1,9
"vetri artistici, quadri, stampe",1,9
articoli fotografici ottica,1,9
mobili di lusso e comuni,1,9
naturale cinematografico,1,9
argenteria e doratura,1,9
articoli ceramici,1,9
oggetti preziosi ed affini,1,9
fotografi,1,9
"Lavori Fotografici, Fotomateriale",1,9
"Laboratorio Cornici ed Affini, Vetri, Specchi, Cristalli, Quadri",1,9
fotografia,1,9
Molini artistici e tappaziere,1,9
perle d’ogni tipo a lume,1,9
cartoleria oggetti artistici,1,9
Soc. Lavorazione Vetri e Cristalli,1,9
vetrate artistiche,1,9
pic eletteggio e verniciatura piroscafi,1,9
Perle e Centre,1,9
Antichita della arti,1,9
Antichita belle arti,1,9
vetre. rie in genere e lampadari,1,9
perle vetrerie e lampadari bigiotterie,1,9
fotografie (gabinetti di posa),1,9
Colori e Vernici (Dettaglio),1,9
reti e articoli da pesca,1,9
antiichabile belle arti,1,9
Conservatore Archivio Storico d’Arte Contemp.,1,9
maioliche artistiche,1,9
cristalli e specchi (commercio e lavorazione),1,9
notelli gressi e lavorati,1,9
oggetti artistici per regali,1,9
Mosaicista,1,9
falegnamerie,1,9
detta artigianale,1,9
vetreria in genere e lampadari,1,9
vetro lavorazioni,1,9
Metall d'Arte,1,9
Aredamento Completo,1,9
"Clichés in zinco, rame ed ottone",1,9
"fiori, piante e cementisti",1,9
 riproduzioni quadri,1,9
Fotografia,1,9
"Ritratti artistici, Lavori industriali",1,9
colori e vernici (dett.),1,9
(gabinetti di posa),1,9
artistic,1,9
"""Pavimenti e rivestimenti""",1,9
Lingua e letteratura italiana,1,9
Lingua e letteratura russa,1,9
Lingua e letteratura inglese,1,9
Storia della filosofia,1,9
di Elementi di architettura e rilievo dei monumenti,1,9
Caratteri stilistici e costruttivi dei monumenti,1,9
Letteratura italiana,1,9
Storia dell'arte e storia e stili dell'arch.,1,9
"Architettura degli interni, arredamento e decorazione",1,9
Decoratore,1,9
Scultura,1,9
Arredamento,1,9
Scuola di dattilografia,1,9
"INSEGNE DECORAZIONI AL NEON, IMPIANTI DI ILLUMINAZIONE A GAS RARI, AGENTE PER IL VENETO S. A. SUPER LUX",1,9
galleria d’arte,1,9
"Cartotecnica, Tipografa",1,9
tappetti decorazioni,1,9
Pavimentazioni e Rivestimenti Musici e Vetrosi,1,9
vetri in genere e lampadari,1,9
vetrerie in genere lampadari,1,9
 articoli casalinghi,1,9
riproduzioni di oggetti artistici,1,9
ceramica,1,9
carta da parati ed affini,1,9
Mosaici Articoli Gres Industriali Ceramiche Aprile Lavorate,1,9
Ritocchi artistici - Lavori industriali - Reparto eliocinografico - vendita materiale fotocenematicografico,1,9
Economo Accademia di Belle Arti e Liceo Arti,1,9
decoratore o pittore,1,9
vetro e ceramica,1,9
Decorazione,1,9
Plastica Ornamentale,1,9
Storia dell’arte,1,9
Architettura,1,9
Architettura disegno geometrico e prospettiva,1,9
Ornato modellato,1,9
Storia dell'arte,1,9
Letteratura italiana e storia,1,9
Letteratura Italiana e storia,1,9
PAVIMENTAZIONE RIVESTIMENTI MUSIVI VETROSI,1,9
