category,frequency,cluster_id,category_name
Camicerie da uomo,238,0,"Textiles, clothing"
Bottigliere,70,0,"Textiles, clothing"
Chincaglierie ed affini,56,0,"Textiles, clothing"
Macellerie,54,0,"Textiles, clothing"
Profumerie,49,0,"Textiles, clothing"
Tabaccherie,45,0,"Textiles, clothing"
"Oreficerie, Gioiellerie",42,0,"Textiles, clothing"
Manifattura pellami e calzature,40,0,"Textiles, clothing"
Lingerie e maglierie,40,0,"Textiles, clothing"
Tessuti,37,0,"Textiles, clothing"
sarto da uomo,37,0,"Textiles, clothing"
Scatole,36,0,"Textiles, clothing"
Mercerie,36,0,"Textiles, clothing"
Calzature,35,0,"Textiles, clothing"
Orologerie,32,0,"Textiles, clothing"
calzature,30,0,"Textiles, clothing"
Parrucchieri per signora,28,0,"Textiles, clothing"
bottiglieria,28,0,"Textiles, clothing"
Giocattoli,28,0,"Textiles, clothing"
"Fiori, piante e sementi",25,0,"Textiles, clothing"
tessuti confezioni filati,25,0,"Textiles, clothing"
latteria,24,0,"Textiles, clothing"
cartoleria,22,0,"Textiles, clothing"
Maglierie,19,0,"Textiles, clothing"
Abbigliamento,18,0,"Textiles, clothing"
Sartorie e confezioni per signora,17,0,"Textiles, clothing"
profumeria,17,0,"Textiles, clothing"
Calzaturifici,14,0,"Textiles, clothing"
calzaturificio,14,0,"Textiles, clothing"
lavanderia e stireria,13,0,"Textiles, clothing"
Biancheria e affini,12,0,"Textiles, clothing"
Cappellerie,12,0,"Textiles, clothing"
Confezioni varie,12,0,"Textiles, clothing"
Librerie,12,0,"Textiles, clothing"
Sartorie e confezioni per uomo,12,0,"Textiles, clothing"
Stoffe e Tessuti,12,0,"Textiles, clothing"
Polliccerie,11,0,"Textiles, clothing"
parrucchiere per signora,11,0,"Textiles, clothing"
manifatture,11,0,"Textiles, clothing"
Macelleria,10,0,"Textiles, clothing"
Abiti confezionati,10,0,"Textiles, clothing"
Pellett erie (fabbriche),10,0,"Textiles, clothing"
tappezziere,10,0,"Textiles, clothing"
Calze,9,0,"Textiles, clothing"
sarta da uomo,9,0,"Textiles, clothing"
giornali (rivendita),9,0,"Textiles, clothing"
Merletti e ricami,8,0,"Textiles, clothing"
tessuti,8,0,"Textiles, clothing"
Articoli Sanitari e Affini,7,0,"Textiles, clothing"
lingerie e maglierie,7,0,"Textiles, clothing"
Lavanderie e stirerie,7,0,"Textiles, clothing"
Cartoleria,7,0,"Textiles, clothing"
sartoria e confezioni per signora,7,0,"Textiles, clothing"
confezioni varie,7,0,"Textiles, clothing"
Conterie e Perle,6,0,"Textiles, clothing"
Macchine da cucire e accessori,6,0,"Textiles, clothing"
Tappeti,6,0,"Textiles, clothing"
Tessili,6,0,"Textiles, clothing"
falegnameria,6,0,"Textiles, clothing"
pellicceria,6,0,"Textiles, clothing"
tessuti filati,6,0,"Textiles, clothing"
rappresentante tessuti,6,0,"Textiles, clothing"
Confezioni per Bambini,5,0,"Textiles, clothing"
Utensili,5,0,"Textiles, clothing"
Bottiglieria,5,0,"Textiles, clothing"
giocattoli,5,0,"Textiles, clothing"
Falegnamerie,4,0,"Textiles, clothing"
Cartiere,4,0,"Textiles, clothing"
profumi,4,0,"Textiles, clothing"
Saccherie ed affini,4,0,"Textiles, clothing"
Saponi comuni medicinali e profumati,4,0,"Textiles, clothing"
Tintorie e pulliture a secco,4,0,"Textiles, clothing"
"Valigerie, pelletterie articoli da viaggio",4,0,"Textiles, clothing"
Falegnameria,4,0,"Textiles, clothing"
sartoria,4,0,"Textiles, clothing"
"mercerie, filati e affini",4,0,"Textiles, clothing"
Sarto da uomo,4,0,"Textiles, clothing"
sartoria e confezioni per uomo,3,0,"Textiles, clothing"
Calzinerci,3,0,"Textiles, clothing"
Canapa e Lino,3,0,"Textiles, clothing"
Copertoni,3,0,"Textiles, clothing"
Filati all'ingrosso,3,0,"Textiles, clothing"
Pelle tterie ed affini (negozi),3,0,"Textiles, clothing"
Prodotti antisettifughi,3,0,"Textiles, clothing"
Profumi e affini,3,0,"Textiles, clothing"
Riparazioni calzature e cappelli,3,0,"Textiles, clothing"
Tessiture seriche per l'arredamento,3,0,"Textiles, clothing"
Sartoria e confezioni per signora,3,0,"Textiles, clothing"
chincaglierie,3,0,"Textiles, clothing"
biancheria e affini,3,0,"Textiles, clothing"
Profumeria,3,0,"Textiles, clothing"
Calzaturificio,3,0,"Textiles, clothing"
Cinghie di Cuoio,2,0,"Textiles, clothing"
Confezioni per Uomo,2,0,"Textiles, clothing"
Lucido de scarpe (fabbriche),2,0,"Textiles, clothing"
Manifatture e tessuti,2,0,"Textiles, clothing"
Pennelli e spazzole,2,0,"Textiles, clothing"
Sacchetti di carta,2,0,"Textiles, clothing"
Sartoria civile e militare,2,0,"Textiles, clothing"
Segherie,2,0,"Textiles, clothing"
Soffierie,2,0,"Textiles, clothing"
Pellicceria,2,0,"Textiles, clothing"
Sartoria e confezioni per uomo,2,0,"Textiles, clothing"
merceria,2,0,"Textiles, clothing"
cereria e prodotti affini,2,0,"Textiles, clothing"
gioielleria,2,0,"Textiles, clothing"
rappresentante calzature,2,0,"Textiles, clothing"
"oreficeria, gioielleria",2,0,"Textiles, clothing"
rappresentante tessuti confezioni,2,0,"Textiles, clothing"
pelletterie,2,0,"Textiles, clothing"
rappresentante profumi,2,0,"Textiles, clothing"
Manifatture,2,0,"Textiles, clothing"
sartoria da uomo,2,0,"Textiles, clothing"
sartoria uomo,2,0,"Textiles, clothing"
confezioni per bambini,2,0,"Textiles, clothing"
merletti e ricami,2,0,"Textiles, clothing"
Riparazioni calzature e capelli,2,0,"Textiles, clothing"
maglieria (negozio),2,0,"Textiles, clothing"
giornali rivendita,2,0,"Textiles, clothing"
abbigliamento,2,0,"Textiles, clothing"
"Mercerie, Filati e Affini",2,0,"Textiles, clothing"
"Fiori, Piante e Sementi",2,0,"Textiles, clothing"
bottigliera,2,0,"Textiles, clothing"
Confezioni per Signora,2,0,"Textiles, clothing"
Abbigliamento per bambini e ragazzi,1,0,"Textiles, clothing"
Magazzini della Gomma,1,0,"Textiles, clothing"
Biancheria per Signora,1,0,"Textiles, clothing"
Calzoleria,1,0,"Textiles, clothing"
Camicie da uomo,1,0,"Textiles, clothing"
Carte e Stracci per Cartiere,1,0,"Textiles, clothing"
CANCELLERIA CARTA E CARTONI,1,0,"Textiles, clothing"
Copisterie,1,0,"Textiles, clothing"
Cotoni e cascami,1,0,"Textiles, clothing"
"Stabilimento Serico Velluti, Soprarizzi, Broccati, Damaschi per Arredamento e chiesa. Passamanterie.",1,0,"Textiles, clothing"
Essiccatoi,1,0,"Textiles, clothing"
Commercio Filande per la trattatura della seta,1,0,"Textiles, clothing"
Lanerìe e seterie,1,0,"Textiles, clothing"
"Ricami artisti a mano, Laboratorio proprio, Negozio di vendita",1,0,"Textiles, clothing"
FABBRICA,1,0,"Textiles, clothing"
Modelli abiti signora,1,0,"Textiles, clothing"
Confezioni Pelliccerie,1,0,"Textiles, clothing"
Lavorazione profumerie,1,0,"Textiles, clothing"
Reti e articoli da pesca,1,0,"Textiles, clothing"
"Biancheria fine per signora finita e su commissioni, Corredi, Ricami a mano, di fronte Hotel Bonvecchiati",1,0,"Textiles, clothing"
Deposito stoffe,1,0,"Textiles, clothing"
Targhe,1,0,"Textiles, clothing"
Utensili e utensileria in genere,1,0,"Textiles, clothing"
maglieria,1,0,"Textiles, clothing"
Pellicce e Confezioni per Signora,1,0,"Textiles, clothing"
carpenterie,1,0,"Textiles, clothing"
cotoleria,1,0,"Textiles, clothing"
linge rie e maglierie,1,0,"Textiles, clothing"
Merceria,1,0,"Textiles, clothing"
maglierie negozio,1,0,"Textiles, clothing"
lingerie,1,0,"Textiles, clothing"
parrucchiere per signora e berbiere,1,0,"Textiles, clothing"
carta e stracci per cartiere,1,0,"Textiles, clothing"
pelle (lavor.e commercio),1,0,"Textiles, clothing"
capelliera,1,0,"Textiles, clothing"
confezioni Varie,1,0,"Textiles, clothing"
abiti confezioni,1,0,"Textiles, clothing"
calzificio,1,0,"Textiles, clothing"
macellaeria,1,0,"Textiles, clothing"
calzaturaio,1,0,"Textiles, clothing"
articoli da bagno,1,0,"Textiles, clothing"
Uff. di Magazzino,1,0,"Textiles, clothing"
Abbigliamento per Bambini e Ragazzi,1,0,"Textiles, clothing"
Sarto Da Uomo,1,0,"Textiles, clothing"
Parrucchiere per Signora,1,0,"Textiles, clothing"
coltelleria e arrotini,1,0,"Textiles, clothing"
drogherie,1,0,"Textiles, clothing"
utensili,1,0,"Textiles, clothing"
macchine da cucire e accessori,1,0,"Textiles, clothing"
saponi coloniali modici il *-promata,1,0,"Textiles, clothing"
calzaturifico,1,0,"Textiles, clothing"
pizzi e ricami,1,0,"Textiles, clothing"
"« Biasetto », mercerie, fliati e affini",1,0,"Textiles, clothing"
mercegie pellicceria,1,0,"Textiles, clothing"
profumeria e parrucchiere per signora,1,0,"Textiles, clothing"
"orificeria, gioielleria",1,0,"Textiles, clothing"
carrozzeria,1,0,"Textiles, clothing"
"Mercerie, filati e affini",1,0,"Textiles, clothing"
Lavanderia e Stireria,1,0,"Textiles, clothing"
manifattura,1,0,"Textiles, clothing"
Confezioni per signora,1,0,"Textiles, clothing"
Lavori in Falegnameria,1,0,"Textiles, clothing"
perle (lavorie i commercio),1,0,"Textiles, clothing"
"Alla Città di Scbio, Tessuti",1,0,"Textiles, clothing"
Abbigliamento uomo,1,0,"Textiles, clothing"
rappresentanze tessuti,1,0,"Textiles, clothing"
pelletterie (negozio),1,0,"Textiles, clothing"
lucido da scarpe,1,0,"Textiles, clothing"
Tipografia; Cartoleria,1,0,"Textiles, clothing"
Confezioni,1,0,"Textiles, clothing"
Mobili (negozio); Cartoleria,1,0,"Textiles, clothing"
Cappelleria,1,0,"Textiles, clothing"
Lingerie e maglie-ig.,1,0,"Textiles, clothing"
Mod.; Pellicerie,1,0,"Textiles, clothing"
coltelli e arrotini,1,0,"Textiles, clothing"
tappezziere c.,1,0,"Textiles, clothing"
lanerie e seterie,1,0,"Textiles, clothing"
maniffatura e,1,0,"Textiles, clothing"
tappeti,1,0,"Textiles, clothing"
faiegrieria,1,0,"Textiles, clothing"
Pelletterie,1,0,"Textiles, clothing"
pellicceria tessuti,1,0,"Textiles, clothing"
lavaderia e stierira,1,0,"Textiles, clothing"
chincaglieria,1,0,"Textiles, clothing"
"articoli casalinghi, cartoleria",1,0,"Textiles, clothing"
manifature,1,0,"Textiles, clothing"
"merceire, filati e affini",1,0,"Textiles, clothing"
lingería e maglierie mercerie filati,1,0,"Textiles, clothing"
"confezioni per uomo, impermanefili lingerie e maglierie",1,0,"Textiles, clothing"
mercerie filati,1,0,"Textiles, clothing"
cererie e prodotti affini,1,0,"Textiles, clothing"
"Confezioni Pellicceria, Deposito Pelli",1,0,"Textiles, clothing"
sartola confezioni per uomo,1,0,"Textiles, clothing"
"Rappresentante tessuti, confezioni, liniti",1,0,"Textiles, clothing"
"Specialità venoziane, pelletterie",1,0,"Textiles, clothing"
"Legnime, mercerie, filat e affini",1,0,"Textiles, clothing"
fatto da uomo,1,0,"Textiles, clothing"
calzaturficio,1,0,"Textiles, clothing"
"Magasin de Paris, Sartoria, Confezioni e Lingerie di Lusso",1,0,"Textiles, clothing"
"fiori, piante e sementi",1,0,"Textiles, clothing"
perle (produtt. e commercio),1,0,"Textiles, clothing"
mercerie e filati,1,0,"Textiles, clothing"
"mercerie, afiat e affini",1,0,"Textiles, clothing"
Produzione e Lavorazione vetro per Soffierie,1,0,"Textiles, clothing"
manifatture tessuti,1,0,"Textiles, clothing"
"cartoleria, libreria",1,0,"Textiles, clothing"
"terrazze porcellane, detersivi, saponi, affini (vendita)",1,0,"Textiles, clothing"
bottigliecia,1,0,"Textiles, clothing"
fiori piante e sementi,1,0,"Textiles, clothing"
modista,1,0,"Textiles, clothing"
tappeti (negozio),1,0,"Textiles, clothing"
Sarto da Uomo,1,0,"Textiles, clothing"
Rappresentante tessuti,1,0,"Textiles, clothing"
"prodotti antisettícu-genici, inchiostri",1,0,"Textiles, clothing"
lucido da Scarpe,1,0,"Textiles, clothing"
sarta; e a confezioni per bambini,1,0,"Textiles, clothing"
mercerie filati ed affini,1,0,"Textiles, clothing"
lavanderia e stalleria,1,0,"Textiles, clothing"
maglieria biancheria (negozio),1,0,"Textiles, clothing"
forniture,1,0,"Textiles, clothing"
"merce nelia, filati e affini",1,0,"Textiles, clothing"
"merce-ria, filati e affini",1,0,"Textiles, clothing"
"argenteria, oreficeria, gioiellerie",1,0,"Textiles, clothing"
"saccheria, azzettaii e santi",1,0,"Textiles, clothing"
"orologeria, oreficeria, gioielleri",1,0,"Textiles, clothing"
"perle (produtt, e commercio)",1,0,"Textiles, clothing"
tintoria puliture a secco,1,0,"Textiles, clothing"
merletti ciconini,1,0,"Textiles, clothing"
Tessuti stampati e arti etici,1,0,"Textiles, clothing"
industria laterizi,1,0,"Textiles, clothing"
Sartoria e Confezioni per Signore,1,0,"Textiles, clothing"
Cartoleria Chinaglierie,1,0,"Textiles, clothing"
Maglieria (negozio),1,0,"Textiles, clothing"
Tossenti filati,1,0,"Textiles, clothing"
Laboratorio Fiale,1,0,"Textiles, clothing"
"seterie, merletti e ricami",1,0,"Textiles, clothing"
reti e articoli da pesca,1,0,"Textiles, clothing"
"Ferramenta, Utensileria, Articoli casalinghi",1,0,"Textiles, clothing"
sarda da uomo,1,0,"Textiles, clothing"
pelle (lavor. e commercio),1,0,"Textiles, clothing"
concerie e pelli,1,0,"Textiles, clothing"
tessuti alti,1,0,"Textiles, clothing"
coltelleria,1,0,"Textiles, clothing"
modelli abiti signore,1,0,"Textiles, clothing"
tintoria e pulitura a secco,1,0,"Textiles, clothing"
Sarto,1,0,"Textiles, clothing"
falegnamerie,1,0,"Textiles, clothing"
acqui di colonia,1,0,"Textiles, clothing"
confezioni,1,0,"Textiles, clothing"
saddlery,1,0,"Textiles, clothing"
perfumery,1,0,"Textiles, clothing"
laundry and ironing,1,0,"Textiles, clothing"
sewing goods,1,0,"Textiles, clothing"
dressmaker,1,0,"Textiles, clothing"
pelami e cuoio,1,0,"Textiles, clothing"
barbiere | Pescheria,1,0,"Textiles, clothing"
sartoria e confezioni,1,0,"Textiles, clothing"
lavanderia e stirerie,1,0,"Textiles, clothing"
"cordami, spaghi, filati",1,0,"Textiles, clothing"
Giornali (rivendita),1,0,"Textiles, clothing"
lingerie e maglieric,1,0,"Textiles, clothing"
profumi e affini (fab. brcia),1,0,"Textiles, clothing"
sarto a uomo,1,0,"Textiles, clothing"
articoli sanitari,1,0,"Textiles, clothing"
Imballaggi,1,0,"Textiles, clothing"
Ditta Cecchiotti,1,0,"Textiles, clothing"
Industria editoriale San Fantin,1,0,"Textiles, clothing"
scatole carta cartoni ed affini,1,0,"Textiles, clothing"
"stoffe, tessuti, lingerie e maglierie",1,0,"Textiles, clothing"
Stoffe per arredamenti,1,0,"Textiles, clothing"
Colletlico Italialee,1,0,"Textiles, clothing"
"Guanti, Pizzi, Ricami a mano, Esportazione",1,0,"Textiles, clothing"
macchine per cucire,1,0,"Textiles, clothing"
articoli igienici,1,0,"Textiles, clothing"
"stoffe per arredamenti, tendeaggi e tappezzi, Filiali a Roma, Milano, Torino, Firenze",1,0,"Textiles, clothing"
Ingrosso Maglierie,1,0,"Textiles, clothing"
tendaggi e tappeti,1,0,"Textiles, clothing"
sartoria e confezioni per signorа,1,0,"Textiles, clothing"
lavandera e stireira,1,0,"Textiles, clothing"
Stole e tessuti,1,0,"Textiles, clothing"
botigli°eria,1,0,"Textiles, clothing"
Fiori piante e sementi,1,0,"Textiles, clothing"
gioiellera (rivendita),1,0,"Textiles, clothing"
parrucchiera per signora,1,0,"Textiles, clothing"
orefeceria gioielleria,1,0,"Textiles, clothing"
Agenzie di trasporto,323,1,"Transport, shipping & maritime trades"
Cantieri Navali,38,1,"Transport, shipping & maritime trades"
Noleggio imbarcazioni,28,1,"Transport, shipping & maritime trades"
spedizioni e trasporti,23,1,"Transport, shipping & maritime trades"
Agenzie marittime,20,1,"Transport, shipping & maritime trades"
Recuperi navali,19,1,"Transport, shipping & maritime trades"
Cantiere Navale,18,1,"Transport, shipping & maritime trades"
Trasporti marittimi con motanavi e motovelieri,18,1,"Transport, shipping & maritime trades"
cantiere navale,13,1,"Transport, shipping & maritime trades"
Autotrasporti,9,1,"Transport, shipping & maritime trades"
Società di navigazione,9,1,"Transport, shipping & maritime trades"
noleggio imbarcazioni,9,1,"Transport, shipping & maritime trades"
ARMAZIONI MARITTIME,9,1,"Transport, shipping & maritime trades"
Trasporti,8,1,"Transport, shipping & maritime trades"
autotrasporti,8,1,"Transport, shipping & maritime trades"
Case di Spedizioni,8,1,"Transport, shipping & maritime trades"
TRASPORTI FLUVIALI E LAGUNARI,6,1,"Transport, shipping & maritime trades"
agenzia marittima,6,1,"Transport, shipping & maritime trades"
Ferrovie dello Stato,6,1,"Transport, shipping & maritime trades"
Fornitori di bordo,5,1,"Transport, shipping & maritime trades"
trasporti marittimi fluviali e terrestri,5,1,"Transport, shipping & maritime trades"
Mediatori e sensali marittimi,5,1,"Transport, shipping & maritime trades"
Spedizioni e trasporti,5,1,"Transport, shipping & maritime trades"
Lavori manovalanza,4,1,"Transport, shipping & maritime trades"
Spedizioni e Trasporti,4,1,"Transport, shipping & maritime trades"
Trasporti fluviali,3,1,"Transport, shipping & maritime trades"
Motori marini,3,1,"Transport, shipping & maritime trades"
Navigazione fluviale,3,1,"Transport, shipping & maritime trades"
importazioni ed esportazioni varie,3,1,"Transport, shipping & maritime trades"
pesca marittima,3,1,"Transport, shipping & maritime trades"
Agenzia Marittima,2,1,"Transport, shipping & maritime trades"
Anonima di Navigazione,2,1,"Transport, shipping & maritime trades"
Agenzie di viaggio e turismo,2,1,"Transport, shipping & maritime trades"
Armatori,2,1,"Transport, shipping & maritime trades"
Costruzioni e riparazioni navali,2,1,"Transport, shipping & maritime trades"
Esportazioni,2,1,"Transport, shipping & maritime trades"
Forniture navali e industriali,2,1,"Transport, shipping & maritime trades"
Lavori portuali,2,1,"Transport, shipping & maritime trades"
Navigazione lagunare,2,1,"Transport, shipping & maritime trades"
Portabagagli,2,1,"Transport, shipping & maritime trades"
Provveditori marittimi,2,1,"Transport, shipping & maritime trades"
Riparazioni barche e motori,2,1,"Transport, shipping & maritime trades"
Spedizioni e trasporfti,2,1,"Transport, shipping & maritime trades"
Agenzia Trasporti,2,1,"Transport, shipping & maritime trades"
Trasporti marittimi,2,1,"Transport, shipping & maritime trades"
navi (demolizione),2,1,"Transport, shipping & maritime trades"
Agenzia marittima,2,1,"Transport, shipping & maritime trades"
cantieri navale,2,1,"Transport, shipping & maritime trades"
Casa di Spedizioni,2,1,"Transport, shipping & maritime trades"
autorasporti,2,1,"Transport, shipping & maritime trades"
Trasporti marittimi fluviali e terrestri,2,1,"Transport, shipping & maritime trades"
shipping and transportation,2,1,"Transport, shipping & maritime trades"
Agenzie di traslochi,1,1,"Transport, shipping & maritime trades"
Agenzia Marittima e Casa di Spedizioni,1,1,"Transport, shipping & maritime trades"
Agenzie di trasporti,1,1,"Transport, shipping & maritime trades"
"""Cantieri Navali""",1,1,"Transport, shipping & maritime trades"
Cantiere Navale e Officine Meccaniche,1,1,"Transport, shipping & maritime trades"
CANTIERE NAVALE,1,1,"Transport, shipping & maritime trades"
Demolizione Navi,1,1,"Transport, shipping & maritime trades"
Forniture per imbarcazioni,1,1,"Transport, shipping & maritime trades"
Forniture marittime,1,1,"Transport, shipping & maritime trades"
provveditoria marittimo,1,1,"Transport, shipping & maritime trades"
forniture navali,1,1,"Transport, shipping & maritime trades"
"__SECTION__,,Imberchi e sbarchi""",1,1,"Transport, shipping & maritime trades"
COSTRUZIONI PONTILI E OPERE PORTUALI,1,1,"Transport, shipping & maritime trades"
"Sestri, Agenzia di Padova: Ditta Michele Trappetti. Corso del Popolo, 1, Telefono: 24-587. Motori Diesel ad iniezione meccanica per impianti fissi e marini, Motori a gasogeno.",1,1,"Transport, shipping & maritime trades"
Agenzia Marittima e spedizioni internazionali,1,1,"Transport, shipping & maritime trades"
di spedizione,1,1,"Transport, shipping & maritime trades"
Trasporti aerei,1,1,"Transport, shipping & maritime trades"
Trasporti marittimi e fluviali,1,1,"Transport, shipping & maritime trades"
Società Adriatica Trasporti Turismo Imbarchi,1,1,"Transport, shipping & maritime trades"
TRASPORTI POSTALI,1,1,"Transport, shipping & maritime trades"
TRASPORTI SERVIZI PORTUALI,1,1,"Transport, shipping & maritime trades"
trasporti fluviali,1,1,"Transport, shipping & maritime trades"
costruzioni e riparazioni navali,1,1,"Transport, shipping & maritime trades"
provveditorii marittima,1,1,"Transport, shipping & maritime trades"
Importazioni ed esportazioni varie,1,1,"Transport, shipping & maritime trades"
"Trasporti marittimi, fluviali e terrestri",1,1,"Transport, shipping & maritime trades"
Organizzazione Trasporti di qualsiasi tipo,1,1,"Transport, shipping & maritime trades"
"Cantieri navali, trasporti marittimi fluviali e terrestri",1,1,"Transport, shipping & maritime trades"
mediatrice e sensale marittima,1,1,"Transport, shipping & maritime trades"
imprese e opere marittime,1,1,"Transport, shipping & maritime trades"
Fornitore Marittime,1,1,"Transport, shipping & maritime trades"
Noleggio Imbarcazioni,1,1,"Transport, shipping & maritime trades"
Agenzia Traslochi,1,1,"Transport, shipping & maritime trades"
ippotrasporti,1,1,"Transport, shipping & maritime trades"
Costruzioni Navali,1,1,"Transport, shipping & maritime trades"
Trasporti Postali Carcerari,1,1,"Transport, shipping & maritime trades"
cantiere navale S. An,1,1,"Transport, shipping & maritime trades"
cantiere navale Monigrea,1,1,"Transport, shipping & maritime trades"
imprese opere marittime,1,1,"Transport, shipping & maritime trades"
casa di spedizione,1,1,"Transport, shipping & maritime trades"
Esclusivisti delle rnigliori Marche Nazionali ed Estere,1,1,"Transport, shipping & maritime trades"
Negozio l’imbarchaioni,1,1,"Transport, shipping & maritime trades"
Agenzia Marittima e Spedizioni Internazionali,1,1,"Transport, shipping & maritime trades"
casi di spedizione,1,1,"Transport, shipping & maritime trades"
"Soc. Coop. a. r. 1., trasporti",1,1,"Transport, shipping & maritime trades"
autotrasport,1,1,"Transport, shipping & maritime trades"
Gestione Agenzie Marittime,1,1,"Transport, shipping & maritime trades"
trasporti e spedizioni,1,1,"Transport, shipping & maritime trades"
importazione ed espor tazione varie,1,1,"Transport, shipping & maritime trades"
"di Spedizione, spedizioni e trasporti",1,1,"Transport, shipping & maritime trades"
Cantiere navale,1,1,"Transport, shipping & maritime trades"
Trasporto,1,1,"Transport, shipping & maritime trades"
"Organizzazione Trasporti, spedizioni e trasporti",1,1,"Transport, shipping & maritime trades"
autoviatporti,1,1,"Transport, shipping & maritime trades"
"Spedizioni Terrestre Marittime e Fluviali per l'Interno e per l'Estero, Filiali o Corrispondenti nelle principali località Italiane ed Estere. Servizi speciali di spedizione a mezzo autocarro e per Lombardia, Piemonte, Liguria, Emilia, Toscana, Lazio, Italia Centrale, Meridionale e Insulare.",1,1,"Transport, shipping & maritime trades"
armatore-aganzuia marittima,1,1,"Transport, shipping & maritime trades"
cantlere navale,1,1,"Transport, shipping & maritime trades"
noloeggio imbarcazioni,1,1,"Transport, shipping & maritime trades"
agenzia marittima spdiuzion,1,1,"Transport, shipping & maritime trades"
Imbarcbi e sbarchi,1,1,"Transport, shipping & maritime trades"
spedizioni,1,1,"Transport, shipping & maritime trades"
nolleggno imbarcazioni,1,1,"Transport, shipping & maritime trades"
Industrie Navali Officina Meccanicee,1,1,"Transport, shipping & maritime trades"
Servizi autotrasporti Industriali di,1,1,"Transport, shipping & maritime trades"
Soc. Coop. Autotrasporti cel eri internazionali,1,1,"Transport, shipping & maritime trades"
Sindacato Imprese Trasporti Recuperi e Ricostruzioni attivita navale,1,1,"Transport, shipping & maritime trades"
"autotrasporti, spedizioni",1,1,"Transport, shipping & maritime trades"
Navigazione Fluviale,1,1,"Transport, shipping & maritime trades"
Rimorchi navali,1,1,"Transport, shipping & maritime trades"
provveditore marittimo,1,1,"Transport, shipping & maritime trades"
agenzia aunnitima spedizioni e trasporti,1,1,"Transport, shipping & maritime trades"
spedizioni trasporti navigazione,1,1,"Transport, shipping & maritime trades"
"Suoc Fratelli Scarpa, Agenzia Marittima e Casa di Spedizioni",1,1,"Transport, shipping & maritime trades"
Società di Navigazione Ae-rea,1,1,"Transport, shipping & maritime trades"
Agenzia di viaggi e turismo,1,1,"Transport, shipping & maritime trades"
trasporti marittimi diurnali e terrestri,1,1,"Transport, shipping & maritime trades"
FERRO-VE DELLE STATO,1,1,"Transport, shipping & maritime trades"
Comando Milit. Maritt. Art. dell'Alto Adriatico | Arsenale,1,1,"Transport, shipping & maritime trades"
"cicità, noleggio imbarcazioni",1,1,"Transport, shipping & maritime trades"
nolleggio imbarcazioni,1,1,"Transport, shipping & maritime trades"
"SOCIETÀ ADRIATICA TRASPORTI TURISMO IMBARCHI, SBARCHI, (GIÀ SUCO. GUETTA SOC. AN.) UFFICIO VIAGGI E TURISMO,",1,1,"Transport, shipping & maritime trades"
cantiere navale ricuperi,1,1,"Transport, shipping & maritime trades"
"Costruzione riparazione e motorizzazione Burchi, Bragozzi, Topi, Maone, Peate; Motoscafi di lusso e da trasporto - Arredamento completo del natante",1,1,"Transport, shipping & maritime trades"
autotrasporti ricuperi navali,1,1,"Transport, shipping & maritime trades"
Agenzia Marittima e casa di spedizioni,1,1,"Transport, shipping & maritime trades"
iucoperi navali,1,1,"Transport, shipping & maritime trades"
trasporti,1,1,"Transport, shipping & maritime trades"
Strti da uomo,101,2,"Textiles, clothing"
Bar,93,2,"Food, grocery & hospitality trade"
Latterie,84,2,"Food, grocery & hospitality trade"
sarta,65,2,"Textiles, clothing"
Refrettari,64,2,"Chemicals, fuel, construction materials & raw materials"
Osterie,63,2,"Food, grocery & hospitality trade"
Sarte,63,2,"Textiles, clothing"
Barbieri,60,2,"Textiles, clothing"
osteria,60,2,"Food, grocery & hospitality trade"
Mestre,54,2,
Barili,47,2,"Food, grocery & hospitality trade"
barbiere,47,2,"Textiles, clothing"
falegname,37,2,"Decorative arts, photography, antiques & artisan crafts"
Manifesture,36,2,"Textiles, clothing"
CARTA,32,2,"Textiles, clothing"
Tipografie,29,2,"Office equipment, electrical, mechanical & industrial trades"
Case di Cura,25,2,"Legal, financial & administrative professions "
Geometra,24,2,"Legal, financial & administrative professions "
ostetrica,21,2,"Legal, financial & administrative professions "
Messaggerie,20,2,"Transport, shipping & maritime trades"
Liqouri,19,2,"Food, grocery & hospitality trade"
bar,19,2,"Food, grocery & hospitality trade"
Giornali,18,2,"Office equipment, electrical, mechanical & industrial trades"
Modisterie,18,2,"Textiles, clothing"
STABILIMENTO GRAFICO,17,2,"Office equipment, electrical, mechanical & industrial trades"
Perle,17,2,"Textiles, clothing"
perito,15,2,"Legal, financial & administrative professions "
Squerì,15,2,"Transport, shipping & maritime trades"
Vini,15,2,"Food, grocery & hospitality trade"
Osteria,15,2,"Food, grocery & hospitality trade"
Agrumi,14,2,"Food, grocery & hospitality trade"
Carta,14,2,"Textiles, clothing"
Vallicultura,14,2,"Food, grocery & hospitality trade"
mercerie,14,2,"Textiles, clothing"
fiori,14,2,"Textiles, clothing"
Barbiere,14,2,"Textiles, clothing"
LOCANDE,13,2,"Food, grocery & hospitality trade"
Cinema,13,2,"Culture, entertainment & leisure"
Coltellinai e Arrotini,13,2,"Office equipment, electrical, mechanical & industrial trades"
Ghiaccio,13,2,"Food, grocery & hospitality trade"
Dolciumi,12,2,"Food, grocery & hospitality trade"
Mode,12,2,"Textiles, clothing"
Petrolio,12,2,"Chemicals, fuel, construction materials & raw materials"
oreficeria,12,2,"Textiles, clothing"
Latteria,12,2,"Food, grocery & hospitality trade"
Sarta,10,2,"Textiles, clothing"
pensione,10,2,"Food, grocery & hospitality trade"
tipografia,10,2,"Office equipment, electrical, mechanical & industrial trades"
Morocicli,9,2,"Transport, shipping & maritime trades"
Vetri,9,2,"Decorative arts, photography, antiques & artisan crafts"
Cornici,8,2,"Decorative arts, photography, antiques & artisan crafts"
Droghe,8,2,"Food, grocery & hospitality trade"
Ombrelli,8,2,"Textiles, clothing"
albergo,8,2,"Food, grocery & hospitality trade"
orologeria,8,2,"Textiles, clothing"
dentista,8,2,"Legal, financial & administrative professions "
Navi,7,2,"Transport, shipping & maritime trades"
libreria,7,2,"Textiles, clothing"
Ostetrica,7,2,"Legal, financial & administrative professions "
parroco,6,2,Religious institutions & clergy
Hotel,6,2,"Food, grocery & hospitality trade"
Ghiacciaie,6,2,"Food, grocery & hospitality trade"
Pelli,6,2,"Textiles, clothing"
Seterie,6,2,"Textiles, clothing"
Bazar,5,2,"Textiles, clothing"
notaio,5,2,"Legal, financial & administrative professions "
Argenterie,5,2,"Textiles, clothing"
LA VELOCE..,5,2,"Transport, shipping & maritime trades"
Birrerie,5,2,"Food, grocery & hospitality trade"
Materassai,5,2,"Real estate, construction & business services"
Uova,5,2,"Food, grocery & hospitality trade"
pittrice,5,2,"Decorative arts, photography, antiques & artisan crafts"
vini,5,2,"Food, grocery & hospitality trade"
giornali,5,2,"Office equipment, electrical, mechanical & industrial trades"
ing.,5,2,"Office equipment, electrical, mechanical & industrial trades"
IMPERMEABILI,4,2,"Textiles, clothing"
Catrame,4,2,"Chemicals, fuel, construction materials & raw materials"
Filande,4,2,"Textiles, clothing"
Frigoriferi,4,2,"Office equipment, electrical, mechanical & industrial trades"
Guami,4,2,general retail
Pantofolai,4,2,"Textiles, clothing"
pellami,4,2,"Textiles, clothing"
Rimorchatori,4,2,"Transport, shipping & maritime trades"
Semi oleosi,4,2,"Chemicals, fuel, construction materials & raw materials"
Stracci,4,2,"Textiles, clothing"
Strucchi,4,2,"Food, grocery & hospitality trade"
Sughero,4,2,"Chemicals, fuel, construction materials & raw materials"
Terrrazzi,4,2,"Real estate, construction & business services"
Zucchero,4,2,"Food, grocery & hospitality trade"
sarto,4,2,"Textiles, clothing"
polleria,4,2,"Food, grocery & hospitality trade"
navi,4,2,"Transport, shipping & maritime trades"
birreria,4,2,"Food, grocery & hospitality trade"
Vetria 17,4,2,"Decorative arts, photography, antiques & artisan crafts"
Vetreria,4,2,"Decorative arts, photography, antiques & artisan crafts"
Ortaggi,4,2,"Food, grocery & hospitality trade"
Bandiere,3,2,"Chemicals, fuel, construction materials & raw materials"
Bilancie,3,2,"Office equipment, electrical, mechanical & industrial trades"
Calderai,3,2,"Office equipment, electrical, mechanical & industrial trades"
Espurgo pozzi neri,3,2,"Real estate, construction & business services"
Ghisa,3,2,"Chemicals, fuel, construction materials & raw materials"
Lamiere,3,2,"Office equipment, electrical, mechanical & industrial trades"
Libreria,3,2,"Textiles, clothing"
Olii,3,2,"Chemicals, fuel, construction materials & raw materials"
Recuperi marittimi,3,2,"Transport, shipping & maritime trades"
vetri,3,2,"Decorative arts, photography, antiques & artisan crafts"
Medico,3,2,"Legal, financial & administrative professions "
attuario,3,2,"Legal, financial & administrative professions "
radio,3,2,"Office equipment, electrical, mechanical & industrial trades"
calze,3,2,"Textiles, clothing"
trebbiatura,3,2,"Chemicals, fuel, construction materials & raw materials"
chirurgo,3,2,"Legal, financial & administrative professions "
Modisteria,3,2,"Textiles, clothing"
moderna,3,2,general retail
Medicina,3,2,"Legal, financial & administrative professions "
Tipografia,3,2,"Office equipment, electrical, mechanical & industrial trades"
Acciai,2,2,"Chemicals, fuel, construction materials & raw materials"
Aceto,2,2,"Food, grocery & hospitality trade"
Alcool,2,2,"Food, grocery & hospitality trade"
Soc. Coop.,2,2,
Bitumi,2,2,"Chemicals, fuel, construction materials & raw materials"
Carni,2,2,"Food, grocery & hospitality trade"
Caviale,2,2,"Food, grocery & hospitality trade"
fdm. Navagero 34,2,2,
(eomerscio),2,2,general retail
Filatelico,2,2,"Culture, entertainment & leisure"
Gas,2,2,"Chemicals, fuel, construction materials & raw materials"
Lane e crine,2,2,"Textiles, clothing"
Sementi,2,2,"Textiles, clothing"
setorie e lanerie,2,2,"Textiles, clothing"
S. A.,2,2,
Telerie,2,2,"Textiles, clothing"
Vetri neutri,2,2,"Decorative arts, photography, antiques & artisan crafts"
Zincografia,2,2,"Office equipment, electrical, mechanical & industrial trades"
Zolfo,2,2,"Chemicals, fuel, construction materials & raw materials"
medico,2,2,"Legal, financial & administrative professions "
vallicultura,2,2,"Food, grocery & hospitality trade"
Pensione,2,2,"Food, grocery & hospitality trade"
S.,2,2,
murari,2,2,"Real estate, construction & business services"
veterinario,2,2,"Legal, financial & administrative professions "
rettore,2,2,Institutions/companies
Carpentiere,2,2,"Decorative arts, photography, antiques & artisan crafts"
pianoforti,2,2,"Office equipment, electrical, mechanical & industrial trades"
ottica,2,2,"Decorative arts, photography, antiques & artisan crafts"
valigerie,2,2,"Textiles, clothing"
stomatologo,2,2,"Legal, financial & administrative professions "
dolciumi,2,2,"Food, grocery & hospitality trade"
terraglie,2,2,"Decorative arts, photography, antiques & artisan crafts"
carta,2,2,"Textiles, clothing"
mode,2,2,"Textiles, clothing"
ghiaccio,2,2,"Food, grocery & hospitality trade"
coltellinaio e arrotino,2,2,"Office equipment, electrical, mechanical & industrial trades"
pellami e cuoi,2,2,"Textiles, clothing"
barbieri,2,2,"Textiles, clothing"
uova,2,2,"Food, grocery & hospitality trade"
Economo,2,2,"Legal, financial & administrative professions "
oculista,2,2,"Legal, financial & administrative professions "
cinema,2,2,"Culture, entertainment & leisure"
malattie nervose,2,2,"Legal, financial & administrative professions "
Presd. Soc.,2,2,general retail
tabachcheria,2,2,"Food, grocery & hospitality trade"
har,1,2,general retail
liquori,1,2,"Food, grocery & hospitality trade"
Abat jours,1,2,"Decorative arts, photography, antiques & artisan crafts"
Accumulatóri,1,2,"Office equipment, electrical, mechanical & industrial trades"
Acqua di colonia,1,2,"Textiles, clothing"
Lloyd’s Agen.,1,2,"Transport, shipping & maritime trades"
Agricola,1,2,general retail
Armonium,1,2,"Textiles, clothing"
Ottica,1,2,general retail
Aspirapolvere,1,2,"Office equipment, electrical, mechanical & industrial trades"
Telef. 53-819,1,2,
Bigiotterie,1,2,"Decorative arts, photography, antiques & artisan crafts"
Bronzi,1,2,"Decorative arts, photography, antiques & artisan crafts"
Soc. An.,1,2,
Calce,1,2,"Chemicals, fuel, construction materials & raw materials"
"119-A""",1,2,
telefono 24-562,1,2,
2667 B,1,2,
Carni equine,1,2,"Food, grocery & hospitality trade"
Cave,1,2,"Chemicals, fuel, construction materials & raw materials"
Coloniali,1,2,"Food, grocery & hospitality trade"
S. Moisé,1,2,
AGENCY,1,2,
Conserve,1,2,"Food, grocery & hospitality trade"
cordami,1,2,"Transport, shipping & maritime trades"
Fond. Convertite,1,2,
Detective,1,2,"Legal, financial & administrative professions "
Divise,1,2,"Textiles, clothing"
Doratura,1,2,"Decorative arts, photography, antiques & artisan crafts"
Ebanisti,1,2,"Decorative arts, photography, antiques & artisan crafts"
"1079""",1,2,
Eraclit,1,2,"Chemicals, fuel, construction materials & raw materials"
Fasite,1,2,general retail
Soc per Az,1,2,
Fibre autarchiche,1,2,"Textiles, clothing"
C. P. 46,1,2,
Foraggi,1,2,"Food, grocery & hospitality trade"
Francobolli,1,2,"Decorative arts, photography, antiques & artisan crafts"
Ghiaia,1,2,"Chemicals, fuel, construction materials & raw materials"
Terragliole,1,2,"Decorative arts, photography, antiques & artisan crafts"
Insetticidi,1,2,"Chemicals, fuel, construction materials & raw materials"
Banco,1,2,general retail
Ne gropente,1,2,general retail
Lievito,1,2,general retail
Macellazione,1,2,"Food, grocery & hospitality trade"
Bestimare ed esercizio macellere,1,2,"Food, grocery & hospitality trade"
Malto,1,2,"Food, grocery & hospitality trade"
INSETTICIDA,1,2,"Chemicals, fuel, construction materials & raw materials"
prime per celerie,1,2,general retail
Molini,1,2,"Food, grocery & hospitality trade"
Nichelatura,1,2,"Chemicals, fuel, construction materials & raw materials"
Olive,1,2,general retail
Palombari,1,2,"Transport, shipping & maritime trades"
Panelli,1,2,"Chemicals, fuel, construction materials & raw materials"
Pellami e cuoi,1,2,"Textiles, clothing"
Penna,1,2,"Textiles, clothing"
Pianoforti,1,2,"Office equipment, electrical, mechanical & industrial trades"
Piloti,1,2,"Transport, shipping & maritime trades"
Porcellane,1,2,"Decorative arts, photography, antiques & artisan crafts"
recuperi,1,2,"Transport, shipping & maritime trades"
Recordi ferroviari,1,2,Institutions/companies
Phonola radio,1,2,general retail
Rodio,1,2,"Chemicals, fuel, construction materials & raw materials"
Cast. 3133,1,2,
Riserie,1,2,general retail
Scopai,1,2,general retail
Sego,1,2,"Chemicals, fuel, construction materials & raw materials"
Semiotrica,1,2,general retail
terrestri,1,2,general retail
S.A.F.A.,1,2,
Stufe,1,2,"Office equipment, electrical, mechanical & industrial trades"
Cà Vio,1,2,
v. Macello,1,2,
Tappezzerie,1,2,general retail
Teatri,1,2,"Culture, entertainment & leisure"
Termometri,1,2,"Office equipment, electrical, mechanical & industrial trades"
Cartotecnica,1,2,"Textiles, clothing"
Torroni,1,2,general retail
Esercizio,1,2,
Vestiario,1,2,"Textiles, clothing"
S.A.V.I.A.,1,2,
Vetroflex,1,2,"Decorative arts, photography, antiques & artisan crafts"
Zuccherifici,1,2,"Food, grocery & hospitality trade"
fiati ed affini,1,2,"Textiles, clothing"
awvoc,1,2,general retail
Pastore,1,2,Religious institutions & clergy
oste,1,2,"Food, grocery & hospitality trade"
vet radeo,1,2,general retail
Cingalagerie,1,2,general retail
cattoria,1,2,general retail
macerie,1,2,"Real estate, construction & business services"
raprresentante,1,2,"Legal, financial & administrative professions "
tipografa,1,2,"Office equipment, electrical, mechanical & industrial trades"
lattera,1,2,general retail
bronzi,1,2,"Decorative arts, photography, antiques & artisan crafts"
fattoria,1,2,general retail
stucchi,1,2,"Decorative arts, photography, antiques & artisan crafts"
sguero,1,2,"Transport, shipping & maritime trades"
croft (esercizi),1,2,general retail
Alla Vida,1,2,general retail
o. pensione,1,2,"Food, grocery & hospitality trade"
nacelleria,1,2,"Food, grocery & hospitality trade"
agrumi,1,2,"Food, grocery & hospitality trade"
calcature,1,2,"Textiles, clothing"
cinzieria,1,2,"Textiles, clothing"
mosocore,1,2,general retail
tessanti,1,2,"Textiles, clothing"
pelterie,1,2,"Textiles, clothing"
micelleria,1,2,"Textiles, clothing"
quadri,1,2,"Decorative arts, photography, antiques & artisan crafts"
ertaio,1,2,general retail
pelli,1,2,"Textiles, clothing"
buste salate,1,2,general retail
cappelleria,1,2,"Textiles, clothing"
nobili,1,2,general retail
Via Algieri,1,2,
starchics,1,2,general retail
Geomera,1,2,"Legal, financial & administrative professions "
cortele e e perle,1,2,"Decorative arts, photography, antiques & artisan crafts"
produieni,1,2,general retail
carpentire,1,2,"Decorative arts, photography, antiques & artisan crafts"
chincaglie,1,2,"Textiles, clothing"
modificatore,1,2,general retail
sottoscrira,1,2,general retail
matalto neuro-se,1,2,general retail
ca-toleria,1,2,"Textiles, clothing"
sa to da uomo,1,2,"Textiles, clothing"
trattorio,1,2,"Food, grocery & hospitality trade"
ostetrico,1,2,"Legal, financial & administrative professions "
divise,1,2,"Textiles, clothing"
imbarcbi e subarbe,1,2,"Transport, shipping & maritime trades"
chirurg,1,2,"Legal, financial & administrative professions "
par. socio,1,2,general retail
caffe',1,2,"Food, grocery & hospitality trade"
aimenzanti (dett.),1,2,"Food, grocery & hospitality trade"
sa ta,1,2,general retail
pasticcera,1,2,"Food, grocery & hospitality trade"
orefice'ia,1,2,"Textiles, clothing"
merce'cie,1,2,"Textiles, clothing"
chiancigliere,1,2,general retail
fale indoperiche,1,2,general retail
Tormo,1,2,general retail
Merletta e cirmi,1,2,"Textiles, clothing"
Comm.,1,2,
numero 572,1,2,
numero 565,1,2,
corred di sposa ment-le e rangni,1,2,general retail
Albergo,1,2,"Food, grocery & hospitality trade"
Marittimi,1,2,"Transport, shipping & maritime trades"
Màghera,1,2,
patrimenti Ientazioni,1,2,general retail
facchini | publici,1,2,"Transport, shipping & maritime trades"
palombari,1,2,"Transport, shipping & maritime trades"
Geometre,1,2,"Legal, financial & administrative professions "
piloti,1,2,"Transport, shipping & maritime trades"
trattatia,1,2,"Food, grocery & hospitality trade"
olii,1,2,general retail
macellaia,1,2,"Food, grocery & hospitality trade"
Navagero 54,1,2,
orologiaio,1,2,"Textiles, clothing"
dermosifilopatica,1,2,"Legal, financial & administrative professions "
Pres.,1,2,
jeuta,1,2,general retail
radiogiologo,1,2,"Legal, financial & administrative professions "
junioico,1,2,general retail
catalfurcicico,1,2,general retail
incisore,1,2,"Decorative arts, photography, antiques & artisan crafts"
pellami e cuolo,1,2,"Textiles, clothing"
orefaceri,1,2,"Textiles, clothing"
ingg.,1,2,"Legal, financial & administrative professions "
Cassiere,1,2,"Legal, financial & administrative professions "
Filatelica,1,2,"Culture, entertainment & leisure"
arw.,1,2,"Legal, financial & administrative professions "
Ragiionere,1,2,"Legal, financial & administrative professions "
arciprete,1,2,Religious institutions & clergy
madura georlua. Le,1,2,general retail
ortopedico,1,2,"Legal, financial & administrative professions "
liagerie,1,2,"Textiles, clothing"
asserioazioni,1,2,general retail
ldm. Domnla Onesta,1,2,
Municipio,1,2,Institutions/companies
macellaio,1,2,"Food, grocery & hospitality trade"
fabbr. Terrario e mecca. nico,1,2,general retail
molino,1,2,"Food, grocery & hospitality trade"
Birreria,1,2,"Food, grocery & hospitality trade"
pellami e cuoi.,1,2,general retail
hotelgieria,1,2,"Food, grocery & hospitality trade"
scnure,1,2,general retail
merce- rie,1,2,"Textiles, clothing"
Pediatra,1,2,"Legal, financial & administrative professions "
Tappezziere,1,2,general retail
medico chirurgo,1,2,"Legal, financial & administrative professions "
dettaglio,1,2,
in melleria,1,2,general retail
per azioni,1,2,
dolciumi (mag osso),1,2,"Food, grocery & hospitality trade"
Calvacavia,1,2,
Cavalcavia,1,2,
ricuperi marittimi,1,2,"Transport, shipping & maritime trades"
lavandiera,1,2,"Textiles, clothing"
Plexiglas,1,2,"Decorative arts, photography, antiques & artisan crafts"
(dett),1,2,general retail
(dettaglio),1,2,
carni equine,1,2,"Food, grocery & hospitality trade"
paniiicio,1,2,general retail
"f,attoria",1,2,general retail
Organiz. (ANT),1,2,
autoparosti,1,2,general retail
bottiligeria,1,2,general retail
Cann 8971,1,2,
Mlumlnio,1,2,general retail
Gludeco 595,1,2,
seterie e lanerie,1,2,general retail
pianificato,1,2,general retail
cartolexia,1,2,"Textiles, clothing"
Villuitteur,1,2,general retail
DU5E,1,2,general retail
ostetrice | Mestre,1,2,general retail
articoli somm.a,1,2,general retail
minerial,1,2,general retail
F.I.T.T.V.,1,2,
bandaio lattoniere,1,2,"Office equipment, electrical, mechanical & industrial trades"
Santa Apneise 909-A,1,2,
Cann. 2102,1,2,
manutentore,1,2,general retail
fond. Cavor 13,1,2,
bar.,1,2,general retail
valigeria,1,2,"Textiles, clothing"
P. S. in S.P.K.,1,2,
caroleria,1,2,general retail
pellami e cuoi a,1,2,"Textiles, clothing"
coltellaio e arrotino,1,2,general retail
ebanista,1,2,"Decorative arts, photography, antiques & artisan crafts"
scuola,1,2,Institutions/companies
Fiori,1,2,"Textiles, clothing"
munitettature,1,2,general retail
calsature,1,2,general retail
merce verie,1,2,"Textiles, clothing"
mercer.,1,2,"Textiles, clothing"
Tappzatore,1,2,general retail
orefici,1,2,"Textiles, clothing"
Parroco,1,2,Religious institutions & clergy
Generacia,1,2,general retail
acciai,1,2,general retail
radio e radio; alumunofni,1,2,"Office equipment, electrical, mechanical & industrial trades"
cofor,1,2,general retail
RIECA,1,2,general retail
Sottuto,1,2,general retail
carta da macera,1,2,"Textiles, clothing"
vetreria,1,2,"Decorative arts, photography, antiques & artisan crafts"
Zinografia,1,2,"Office equipment, electrical, mechanical & industrial trades"
murtori,1,2,"Real estate, construction & business services"
C.P. 28,1,2,
numero 45,1,2,
nettezza urbana,1,2,Institutions/companies
foraggi,1,2,"Food, grocery & hospitality trade"
via Dese,1,2,
Clinica Ostetrica,1,2,"Legal, financial & administrative professions "
modisteria,1,2,"Textiles, clothing"
pm. Patriarcale,1,2,Religious institutions & clergy
malatte polmonari,1,2,"Legal, financial & administrative professions "
trattorìa,1,2,"Food, grocery & hospitality trade"
caleteria,1,2,general retail
bigiotterie,1,2,"Decorative arts, photography, antiques & artisan crafts"
autoscuola,1,2,Institutions/companies
Quadri,1,2,"Decorative arts, photography, antiques & artisan crafts"
Orologeria,1,2,"Textiles, clothing"
l'attrice,1,2,"Legal, financial & administrative professions "
imbarchi e sbarchi,1,2,"Transport, shipping & maritime trades"
squero,1,2,"Transport, shipping & maritime trades"
rigattatoi,1,2,"Decorative arts, photography, antiques & artisan crafts"
petrolio,1,2,"Chemicals, fuel, construction materials & raw materials"
palii iniettati,1,2,general retail
lateria,1,2,"Food, grocery & hospitality trade"
vetria,1,2,"Decorative arts, photography, antiques & artisan crafts"
Cann. 1671,1,2,
chiavaleserie,1,2,general retail
scaprer,1,2,general retail
abbiagliamento,1,2,"Textiles, clothing"
pelliche,1,2,"Textiles, clothing"
har. s,1,2,general retail
bandaio e fattirone,1,2,"Office equipment, electrical, mechanical & industrial trades"
Telecommunication,1,2,"Office equipment, electrical, mechanical & industrial trades"
pasticciere,1,2,"Food, grocery & hospitality trade"
dermatologo,1,2,"Legal, financial & administrative professions "
geometra,1,2,"Legal, financial & administrative professions "
lapidi marini,1,2,"Decorative arts, photography, antiques & artisan crafts"
ostetia,1,2,"Legal, financial & administrative professions "
pubblicità,1,2,general retail
consigliere,1,2,Institutions/companies
oreccheria,1,2,"Textiles, clothing"
fiamaviera,1,2,general retail
osterie,1,2,"Food, grocery & hospitality trade"
ne,1,2,general retail
carta (grossiuita),1,2,"Textiles, clothing"
Pal Da Mula,1,2,
"cotellajuai, arrottini, minio",1,2,"Office equipment, electrical, mechanical & industrial trades"
"aricule sanitari, prodotti farmaceutieci",1,2,general retail
Met'e,1,2,general retail
"elttricità econo, nizatori",1,2,"Office equipment, electrical, mechanical & industrial trades"
latte,1,2,"Food, grocery & hospitality trade"
contoi e casearia,1,2,"Food, grocery & hospitality trade"
caffe,1,2,"Food, grocery & hospitality trade"
O.S.M.,1,2,
comm.,1,2,
rag,1,2,general retail
acquedotti,1,2,general retail
o'clock,1,2,general retail
Filanda,1,2,"Textiles, clothing"
Ghiaccio (tabralerio),1,2,"Food, grocery & hospitality trade"
Molino,1,2,"Food, grocery & hospitality trade"
Vereie,1,2,general retail
vetroflex,1,2,"Decorative arts, photography, antiques & artisan crafts"
minio,1,2,"Chemicals, fuel, construction materials & raw materials"
macellazione,1,2,"Food, grocery & hospitality trade"
accumulatori,1,2,"Office equipment, electrical, mechanical & industrial trades"
numero 1641,1,2,
661-A,1,2,
tratto-ia,1,2,"Food, grocery & hospitality trade"
caffe (serezizi),1,2,"Food, grocery & hospitality trade"
ore-fiseria,1,2,"Textiles, clothing"
sughero,1,2,"Chemicals, fuel, construction materials & raw materials"
co 1294,1,2,
(dett.),1,2,
Arciprete,1,2,Religious institutions & clergy
calce e laterizzi,1,2,"Chemicals, fuel, construction materials & raw materials"
caccia,1,2,general retail
perle,1,2,"Textiles, clothing"
budella,1,2,"Food, grocery & hospitality trade"
ombrelli,1,2,"Textiles, clothing"
arxiv,1,2,general retail
rappresantanze varie,1,2,"Legal, financial & administrative professions "
pommerinista,1,2,general retail
automatismi,1,2,"Office equipment, electrical, mechanical & industrial trades"
al bar,1,2,general retail
cavalli da corsa,1,2,general retail
usciere,1,2,Institutions/companies
mererce,1,2,"Textiles, clothing"
Latte,1,2,"Food, grocery & hospitality trade"
Esercizi,1,2,
baccaleria,1,2,"Food, grocery & hospitality trade"
parru1chiera,1,2,"Textiles, clothing"
hottigliocristai.,1,2,"Decorative arts, photography, antiques & artisan crafts"
valli cultura,1,2,"Food, grocery & hospitality trade"
levita,1,2,"Food, grocery & hospitality trade"
various,1,2,general retail
logs,1,2,general retail
shoes,1,2,general retail
calfabricinio,1,2,general retail
sciroppi liguori,1,2,"Food, grocery & hospitality trade"
Attuario,1,2,"Legal, financial & administrative professions "
bazar,1,2,general retail
promumerla,1,2,general retail
soc,1,2,
incendiere,1,2,Institutions/companies
Simone,1,2,general retail
Nuova,1,2,general retail
(Ditta),1,2,
"incisore, cesellatore, sbalzatore",1,2,"Decorative arts, photography, antiques & artisan crafts"
nepote,1,2,general retail
hur,1,2,general retail
polizia rifiori,1,2,Institutions/companies
2196 A,1,2,
leatarie,1,2,"Food, grocery & hospitality trade"
Tuberero,1,2,general retail
A.C.S Empale. vile e handli're;,1,2,
chianista,1,2,general retail
well executives,1,2,
Case da Gioco,1,2,"Food, grocery & hospitality trade"
Orologi,1,2,general retail
Turaccioli,1,2,"Chemicals, fuel, construction materials & raw materials"
Conterie ar-pe-le,1,2,"Decorative arts, photography, antiques & artisan crafts"
to-ba,1,2,general retail
notai1o,1,2,"Legal, financial & administrative professions "
barberie,1,2,"Textiles, clothing"
sagunrO,1,2,general retail
professor,1,2,general retail
insegnanter,1,2,"Legal, financial & administrative professions "
dermosifilopata,1,2,"Legal, financial & administrative professions "
bodhiie,1,2,general retail
conservere,1,2,"Food, grocery & hospitality trade"
otorinolaringoiatra,1,2,"Legal, financial & administrative professions "
cornice,1,2,"Decorative arts, photography, antiques & artisan crafts"
Dentista,1,2,"Legal, financial & administrative professions "
pollc-in,1,2,general retail
pellicterie,1,2,"Textiles, clothing"
carbonia,1,2,"Chemicals, fuel, construction materials & raw materials"
argenteria orologeria,1,2,"Textiles, clothing"
automoleggio,1,2,"Transport, shipping & maritime trades"
notato,1,2,"Legal, financial & administrative professions "
radiologo,1,2,"Legal, financial & administrative professions "
pharmacy,1,2,"Legal, financial & administrative professions "
Pres,1,2,general retail
Orzo,1,2,"Food, grocery & hospitality trade"
Ottonai,1,2,"Decorative arts, photography, antiques & artisan crafts"
agnuni,1,2,general retail
lavandoria e steria,1,2,"Textiles, clothing"
orefacreia,1,2,"Textiles, clothing"
(ANPI),1,2,
INSETTICIDI,1,2,"Chemicals, fuel, construction materials & raw materials"
ristor ante,1,2,"Food, grocery & hospitality trade"
cas erni animali,1,2,general retail
osterica,1,2,"Food, grocery & hospitality trade"
Ruga Giuffa,1,2,
osteitrico,1,2,"Legal, financial & administrative professions "
Veterinario,1,2,"Legal, financial & administrative professions "
Radio,1,2,"Office equipment, electrical, mechanical & industrial trades"
cralrature,1,2,"Textiles, clothing"
cappelano S. Bingio (Chiesa della Marina).,105,3,Institutions/companies
Trattoria,22,3,Institutions/companies
Banco di Roma,16,3,Institutions/companies
"Venezia - Via XXII Marzo, 2288, Telephone: 25-889",15,3,
VISITOSI GUIDO,14,3,Institutions/companies
CINEMA S. Margherita,12,3,Institutions/companies
locanda,8,3,Institutions/companies
S. Marco,4,3,
Cannaregio,4,3,
S. Fantin 1983-A,4,3,
Castello,3,3,
S. Polo,3,3,
Specialità Veneziane,3,3,Institutions/companies
S. Marco 3650,3,3,
Venezia,2,3,
Ponte delle Guglie,2,3,
Banco S. Marco,2,3,Institutions/companies
S. Cassiano,2,3,
S. Croce 1051,2,3,
Palazzo Giustinian,2,3,Institutions/companies
Calle Goldoni,2,3,
Ca' Foscari,2,3,Institutions/companies
S. Croce,2,3,
VENEZIA,2,3,
Direzione S. Lucia,1,3,Institutions/companies
Strada Nuova,1,3,
S. Croce 862,1,3,
"S. Marco, 378,,,",1,3,
S. Marco 2553,1,3,
"S. Marco, 553",1,3,
"S. Marco, 2670 A",1,3,
"S. Marco, 4611",1,3,
"Gran Caffè Bar 900, S. Simeone",1,3,Institutions/companies
San Marco,1,3,
Bottega della Luca,1,3,Institutions/companies
S. Samuele 3357,1,3,
"rag. Severino Sutter, S. Polo 2988",1,3,Institutions/companies
pt. Sant' Antonino,1,3,Institutions/companies
Campo S. Maria Formosa,1,3,
Internazionale Zamplroni propr. Vianello,1,3,Institutions/companies
"alluminio, Porto Marghera",1,3,Institutions/companies
San Luca Calle del Magazen,1,3,
"Bottega della Luce, S. Marco, Calle Goldoni 4511",1,3,Institutions/companies
S. Luca 4371,1,3,
San Lio,1,3,
"S. Marco 3416""",1,3,
Via Torre Belfredo,1,3,
Telefono 23.050,1,3,
S. Marco 4651,1,3,
S. Elena,1,3,
S. Polo 1077,1,3,
Vetrai 74,1,3,Institutions/companies
"S. Croce 772, Dorsod. 2727, S. Marco 4578 e Lido, Via Malamocco 91",1,3,
"Telefono, 23-257",1,3,
S. Fosca 2223,1,3,
S. Marco 914,1,3,
2288 - Telefono 25-889,1,3,Institutions/companies
Telefono 42-562,1,3,
Unica Premiara Ditta di Palloncini alla Veneziana,1,3,Institutions/companies
S. Marco 3727,1,3,
"Pellestrina, S. Pietro in Volta",1,3,
Via Piave,1,3,
P.za Umber. I,1,3,
S. Marco 4346,1,3,
P. Marghera,1,3,Institutions/companies
Piazz. 27 Ottobre,1,3,
Telefono 22-534,1,3,
Via Acquileia,1,3,
S. Moisè,1,3,
Porto secco,1,3,Institutions/companies
"""Lido Gran Viale 27""",1,3,Institutions/companies
Labor. Via Cà Rossea 4,1,3,Institutions/companies
Sede di Venezia,1,3,
"La più caratteristica Trattoria, di Polo Pietro fu Osvaldo, Telefono 25-463",1,3,Institutions/companies
Il ritrovo dei buongustai,1,3,Institutions/companies
Bacino Orseolo 1198,1,3,
"Alla Colonna, trattoria,",1,3,Institutions/companies
S. Marco 1957A,1,3,
"Sanpoli Lux, S. Molsi 2025",1,3,Institutions/companies
Stazione di Mestre,1,3,Institutions/companies
S. Marco 1393 e Marghera,1,3,
Locanda,1,3,Institutions/companies
S. M. Elisabetta 31,1,3,
Piazzale Stazione,1,3,
Canal Palazzo Widmann,1,3,Institutions/companies
Via L. Manvrello,1,3,
Trattoria Locanda „Alle Anche Figure„,1,3,Institutions/companies
S. Lucia,1,3,
Favaro Veneto Campalto,1,3,
S. Giuliano.,1,3,
Casa del Regalo,1,3,Institutions/companies
Calle Larga S. Marco,1,3,
Demanio e Pesca Capparinesi di Porto,1,3,Institutions/companies
Giudecca,1,3,
"Filiala: Pietrasanta (Carrara), Viale Oberdan 4, teleg. Castaman Pietrasanta",1,3,Institutions/companies
Capo Stazione,1,3,Institutions/companies
S. Maria della Presentazione (Zitelle),1,3,
S. Maria Gloriosa dei Frari,1,3,
S. Marco Piazza Riva S. Chiara,1,3,
Piazzale Roma,1,3,
portabagagli | nella Stazione di Venezia,1,3,Institutions/companies
Calle Larga San Marco,1,3,
S. Bartolomeo,1,3,
arpicprete Basilica di San Marco,1,3,Religious institutions & clergy
Calle del Mistro,1,3,
S. Marco 4292,1,3,
bandaro a luttioniere,1,3,Institutions/companies
"Via Galuppi, Burano",1,3,
S. Giovanni Decollato,1,3,
a M arcianca,1,3,Institutions/companies
Trattoria vini,1,3,Institutions/companies
alla Basilica d’Oro,1,3,Institutions/companies
Purroco San Polo Apostolo,1,3,Religious institutions & clergy
delle Cliniche di Venezia,1,3,Institutions/companies
Viale Miranese 98,1,3,Institutions/companies
S. Marco 1119-20,1,3,
Riva Schiavoni,1,3,
dirigente Commissariato di S. Marco,1,3,Institutions/companies
Marco 7,1,3,
santo da uomo,1,3,Institutions/companies
Marangon,1,3,Institutions/companies
"Carte da Gioco ""Modiano""",1,3,Institutions/companies
Piazzale S. M. Elisabetta 21,1,3,
Salvi Marco 2887,1,3,Institutions/companies
S. Pietro in Volto,1,3,
"Pelletseun, Sarn Pietro in Volta",1,3,Institutions/companies
Adriatico,1,3,Institutions/companies
Parocco,1,3,Religious institutions & clergy
trattoria | P. Marghera Vi Rossanrol,1,3,Institutions/companies
S. Polo 2380,1,3,
Frari,1,3,Institutions/companies
S. Polo 1421-A,1,3,
S. Marco 570,1,3,
S. Polo 2355,1,3,
S. Angelo 3880,1,3,
S. Angelo 3538,1,3,
di Giovanni Lucangei,1,3,Institutions/companies
terrazzano,1,3,Institutions/companies
deposito Marghera,1,3,Institutions/companies
"San Trovasso, Palazzo Giustinian",1,3,
"S. Trovasso, Palazzo Giustinian",1,3,
Favaro Veneto Dese,1,3,
Basilica di S. Marco,1,3,Religious institutions & clergy
Gran Viale 17,1,3,Institutions/companies
nuclei Scal. Marghera,1,3,Institutions/companies
Riva Schiavoni 4207,1,3,
parroco S. Maria Elisabetta di Lido,1,3,Religious institutions & clergy
S. Polo 1418,1,3,
Biblioteca Marcinina,1,3,Institutions/companies
piasza Giovanni,1,3,Institutions/companies
Gran Viale,1,3,Institutions/companies
trattoria a Il Fureto Risoro,1,3,Institutions/companies
"parroco, S. Giacomo dall’Orio",1,3,Religious institutions & clergy
S. Croce 772,1,3,
Stazioned di Venezia,1,3,Institutions/companies
Ca' Rossa,1,3,Institutions/companies
Corso del Popolo 28,1,3,
Basiljca S. Marco,1,3,Institutions/companies
Basilica di San Marco,1,3,Religious institutions & clergy
Macellazione Venezia,1,3,Institutions/companies
"Riva del Carboni ""Palazzo Benlo",1,3,
Lungomare Malamocco,1,3,Institutions/companies
"caffè (eserzio), Castello 4565",1,3,Institutions/companies
Via Pasqualegio,1,3,
"S. Marco, numero 367",1,3,
parroco Treporti,1,3,Religious institutions & clergy
"Chioggia, Calle Gradasa 4716",1,3,
parroco S. Maria del Gi glio,1,3,Religious institutions & clergy
Naviglio,1,3,Institutions/companies
arciprete Basilica di S. Marco,1,3,Religious institutions & clergy
San Angelo 2984,1,3,
Circolo della Spidal,1,3,Institutions/companies
Alberoni Bagni,1,3,Institutions/companies
Vi ale di S. Elishabetta 57,1,3,Institutions/companies
Mestre Piazza Umberto Primo,1,3,
tabaccheria | Vie Macello,1,3,Institutions/companies
trattoria | Burano Treporti,1,3,Institutions/companies
osteria | Murase fdm. Navagero,1,3,Institutions/companies
"Geriatrico del Seminario Patriarcale, Santa Maria della Salute",1,3,Religious institutions & clergy
Veneto,1,3,Institutions/companies
"Spt, S. Zaccaria",1,3,Institutions/companies
terrazzi piorellane,1,3,Institutions/companies
S. Maria degli Angeli (Murano),1,3,
Palazzo ex Reale,1,3,Institutions/companies
Banchi Lotto,1,3,Institutions/companies
MILANO,1,3,
San Giovanni e Paolo,1,3,
Piazzale Roma 497,1,3,
Zattere 1406,1,3,
Ospizio Marino,1,3,Institutions/companies
trattoria e Albergo il  Accademia,1,3,Institutions/companies
A.l S. Biagio,1,3,Institutions/companies
S. Marco 597-B,1,3,
Acquedotti,1,3,Institutions/companies
S. Luca 1578-C,1,3,
S. Maria delle Penitenti,1,3,
S. Lodo. vico (S. Alvise),1,3,
Stazione A.,1,3,Institutions/companies
S. Marco numero 1321,1,3,
Ponte dell’ Olivo,1,3,
numero 4514,1,3,
"locale ideale per il buongustaio, Salone per banchetti e feste danzanti",1,3,Institutions/companies
medicina generale,78,4,"Legal, financial & administrative professions "
ZAGO F.LLI,58,4,"Legal, financial & administrative professions "
AGENZIA P. BORTOLUZZI,49,4,"Legal, financial & administrative professions "
avvocato,36,4,"Legal, financial & administrative professions "
avv.,32,4,"Legal, financial & administrative professions "
"agenzia di viaggi e turismo,Cappellont Aldo",28,4,"Legal, financial & administrative professions "
Lavoro,22,4,"Legal, financial & administrative professions "
Società di assicurazioni,22,4,"Legal, financial & administrative professions "
Istituti di credito,20,4,"Legal, financial & administrative professions "
rappresentante,17,4,"Legal, financial & administrative professions "
Avvocato,17,4,"Legal, financial & administrative professions "
Consigliere Municipale,17,4,"Legal, financial & administrative professions "
Consiglio di Amministrazione,15,4,"Legal, financial & administrative professions "
Specialisti veneziane,13,4,"Legal, financial & administrative professions "
Falegname,11,4,"Legal, financial & administrative professions "
Banco di Sicilia,9,4,"Legal, financial & administrative professions "
Ragioniere,8,4,"Legal, financial & administrative professions "
Istituzioni,8,4,"Legal, financial & administrative professions "
mediatore,7,4,"Legal, financial & administrative professions "
Mediatori,6,4,"Legal, financial & administrative professions "
Medicina Generale,6,4,"Legal, financial & administrative professions "
Medicina generale,6,4,"Legal, financial & administrative professions "
Carta da macero,5,4,"Legal, financial & administrative professions "
Facchini pubblici,5,4,"Legal, financial & administrative professions "
Avv.,5,4,"Legal, financial & administrative professions "
Insegnante,4,4,"Legal, financial & administrative professions "
rappresentante varie,4,4,"Legal, financial & administrative professions "
legatoria di libri,4,4,"Legal, financial & administrative professions "
professore,4,4,"Legal, financial & administrative professions "
Direttore,3,4,"Legal, financial & administrative professions "
Carta da impacco,3,4,"Legal, financial & administrative professions "
Cordami e Spaghi,3,4,"Legal, financial & administrative professions "
Ispettore,3,4,"Legal, financial & administrative professions "
Presidente,3,4,"Legal, financial & administrative professions "
Giudice,3,4,"Legal, financial & administrative professions "
vicario,3,4,Religious institutions & clergy
Pretore della Pretura Civile e Penale,3,4,"Legal, financial & administrative professions "
Perito,3,4,"Legal, financial & administrative professions "
Prefettura,3,4,"Legal, financial & administrative professions "
Segretario,2,4,"Legal, financial & administrative professions "
Istituti d'informazioni e di investigazioni,2,4,"Legal, financial & administrative professions "
Sindaco,2,4,"Legal, financial & administrative professions "
Consigliere,2,4,"Legal, financial & administrative professions "
Vicario,2,4,Religious institutions & clergy
Assitenza,2,4,"Legal, financial & administrative professions "
rappresentanti,2,4,"Legal, financial & administrative professions "
Genio Civile,2,4,"Legal, financial & administrative professions "
Vice Direttore,2,4,"Legal, financial & administrative professions "
avv,2,4,"Legal, financial & administrative professions "
Commissario,2,4,"Legal, financial & administrative professions "
medico generale,2,4,"Legal, financial & administrative professions "
Giudice Tribunale Civile e Penale,2,4,"Legal, financial & administrative professions "
Soc. An. Condizione Immobilit,2,4,"Legal, financial & administrative professions "
Vice Comm.,2,4,"Legal, financial & administrative professions "
Amministrazione della Provincia,1,4,"Legal, financial & administrative professions "
Soc. Elenchi Abbonati al Telelef. An.,1,4,"Legal, financial & administrative professions "
in Nome coll.,1,4,"Legal, financial & administrative professions "
Gerente Baldi Antonio,1,4,"Legal, financial & administrative professions "
Uffici,1,4,"Legal, financial & administrative professions "
di Guido Rusconi,1,4,"Legal, financial & administrative professions "
v. Principe di Piemonte 10,1,4,"Legal, financial & administrative professions "
Comune di S. Elena Gestione Ospedale Civile,1,4,"Legal, financial & administrative professions "
Soc. per Az.,1,4,"Legal, financial & administrative professions "
LEGNAME E IMBALLAGGI,1,4,"Legal, financial & administrative professions "
Officina,1,4,"Legal, financial & administrative professions "
ZAGO F. LLI,1,4,"Legal, financial & administrative professions "
Agente per il Veneto: S. A. Supper Lux,1,4,"Legal, financial & administrative professions "
Banco di Interesse Nazionale,1,4,"Legal, financial & administrative professions "
Lavori pubblici in genere,1,4,"Legal, financial & administrative professions "
La Mercantile Azienda Veneta Rappresentanze Commerciali Industriali,1,4,"Legal, financial & administrative professions "
s.r.l.,1,4,"Legal, financial & administrative professions "
Quadri di manovra e commando,1,4,"Legal, financial & administrative professions "
Concessionario Marelli,1,4,"Legal, financial & administrative professions "
S. A. Fondiaria Italiana,1,4,"Legal, financial & administrative professions "
S. in nome collettivo,1,4,"Legal, financial & administrative professions "
Società per Azioni,1,4,"Legal, financial & administrative professions "
"Consiglio di Amministrazione: Presidente Giovanni Scaramanga di Altomonte; Vice Presidente: cav. di gr. cr. ing. dr. Luigi Macalina; Consiglieri comm. dr. Rodolfo Bernardi; comm. dott. Pardè Formentini; avv. Bruno Forti conte Mario Moretti; dott. Mario Valenti. nuzzi. - Collegio dei Sindaci: gr. uff. rag. Amedeo Fracassi; gr. uff. dott, Cesare Cichi; dott. Girolamo Manzutto; dott. Mario Renzi; dr. rag. Antonio Tedeschi. Direttore Generale: gr. uff. cap. Guido Cosulich, - Sede di Venezia, Direzione ed ufficio merci: Piazza S. Marco. Direttore della sede di Venezia: Com.te, cav. uff, Filibert Francesco.",1,4,"Legal, financial & administrative professions "
Lussero Cl. rag. Cesare,1,4,"Legal, financial & administrative professions "
Spettacoli educativi e morali,1,4,"Legal, financial & administrative professions "
Mazzagni Fasolato,1,4,"Legal, financial & administrative professions "
gestione S. A.,1,4,"Legal, financial & administrative professions "
Gesitone S. A. «I. C. S. A.»,1,4,"Legal, financial & administrative professions "
gestione S. A. «I. C. S. A.»,1,4,"Legal, financial & administrative professions "
gestione Furlan cav. Giovanni,1,4,"Legal, financial & administrative professions "
Succ. Lorenzo Rubelli e Figlio,1,4,"Legal, financial & administrative professions "
Alla Salute Risorta,1,4,"Legal, financial & administrative professions "
Vetri sanitari,1,4,"Legal, financial & administrative professions "
diret. uff. del Registro,1,4,"Legal, financial & administrative professions "
Comandante Legione Terr. della Guardia di Finanza,1,4,"Legal, financial & administrative professions "
ing. Sez. Corpo del Genio Civile,1,4,"Legal, financial & administrative professions "
segretaria Istituto Universitario di Economia e Comm. Cà Foscari,1,4,"Legal, financial & administrative professions "
Capitale sociale L. 150.000.000,1,4,"Legal, financial & administrative professions "
Accomandita Gestioni,1,4,"Legal, financial & administrative professions "
Azienda Generale Italiana Petrolii,1,4,"Legal, financial & administrative professions "
Capo rip. personale Polrvice dello Stato,1,4,"Legal, financial & administrative professions "
Casa Italiana Rappresentanze Depositi affini C.I.R.L.A.,1,4,"Legal, financial & administrative professions "
Fid. Prova-della (V.U.V.),1,4,"Legal, financial & administrative professions "
Ingegner Capo del Corpo del Genio Civile,1,4,"Legal, financial & administrative professions "
Direttore Ass,1,4,"Legal, financial & administrative professions "
Capo Servizio Sez. Deposito Franco,1,4,"Legal, financial & administrative professions "
Avogado degli Azzoni,1,4,"Legal, financial & administrative professions "
Medico Chirurgo,1,4,"Legal, financial & administrative professions "
Cassiere Banca Nazionale del Lavoro,1,4,"Legal, financial & administrative professions "
Rettore,1,4,"Legal, financial & administrative professions "
Società di Assicurazioni,1,4,"Legal, financial & administrative professions "
"Istituto di Informazioni e di Investigazioni, Ricerche, agenzia d'informazioni e investigazioni",1,4,"Legal, financial & administrative professions "
Succ. Ditta Perissinotto Giuseppe di Nicola,1,4,"Legal, financial & administrative professions "
rappresentante pellami,1,4,"Legal, financial & administrative professions "
Direttore Banco San Marco,1,4,"Legal, financial & administrative professions "
Ass. Naz. Combattenti,1,4,"Legal, financial & administrative professions "
Dogana Principale,1,4,"Legal, financial & administrative professions "
Procuratore presso la Corte d’Appello,1,4,"Legal, financial & administrative professions "
legatoria di Libri,1,4,"Legal, financial & administrative professions "
Direttore Banqueca Veneziana di Cprediti e Conti Corrrenti,1,4,"Legal, financial & administrative professions "
Associazione,1,4,"Legal, financial & administrative professions "
Capo Uff. Amministrazione,1,4,"Legal, financial & administrative professions "
Capitano Addetto,1,4,"Legal, financial & administrative professions "
V. Direttore,1,4,"Legal, financial & administrative professions "
Vice Presidente Deputazione Provinciale dell’Amministrazione della Provincia,1,4,"Legal, financial & administrative professions "
Relatore Comando di Legione Guardia di Finanza,1,4,"Legal, financial & administrative professions "
Pres. Soc. Ven. della (IFSE),1,4,"Legal, financial & administrative professions "
segreteria Istituto Universitarlo Economía e Com. Ca' Foscari,1,4,"Legal, financial & administrative professions "
"Segetarjo Capo Uff. Impianti Elettrici e di Segnalamento, Ferrovie dello Stato, Direzione S. Lucia",1,4,"Legal, financial & administrative professions "
Presidente di Sez.,1,4,"Legal, financial & administrative professions "
Medico Provinciale,1,4,"Legal, financial & administrative professions "
"Istituto Universitario di Economia e Commercio, Ca' Foscari",1,4,"Legal, financial & administrative professions "
Legione Territ. Guardia di Finanza di Marghera,1,4,"Legal, financial & administrative professions "
Istituto Nazionale per il Commercio Estero,1,4,"Legal, financial & administrative professions "
Vicc. Presid. Club Alpino Italiano,1,4,"Legal, financial & administrative professions "
Capo Cantiere da A. C. N. I. L.,1,4,"Legal, financial & administrative professions "
Dep. Fornaggi,1,4,"Legal, financial & administrative professions "
applicato segreteria Istituto Universitario di Aretich.,1,4,"Legal, financial & administrative professions "
Presidente Tribunale Civile e Penale,1,4,"Legal, financial & administrative professions "
Gestione P. Y. Socimezarea,1,4,"Legal, financial & administrative professions "
curato autonomo,1,4,Religious institutions & clergy
Bibliotecc 1. stituto Universitario Economia Commercio Co Foscar.,1,4,"Legal, financial & administrative professions "
Archivista,1,4,"Legal, financial & administrative professions "
Patrocinatore legale,1,4,"Legal, financial & administrative professions "
Sostituto Proc.,1,4,"Legal, financial & administrative professions "
"vicario S. Leone, (S. Lio)",1,4,Religious institutions & clergy
Istituto Ortopedioco Elioteropico,1,4,"Legal, financial & administrative professions "
Direttore Banca d'A. mercica e d'Italia,1,4,"Legal, financial & administrative professions "
Com. Esecutivo della Cam. Conf. del lavoro,1,4,"Legal, financial & administrative professions "
Segretaria della Camera Conf. del Lavoro,1,4,"Legal, financial & administrative professions "
"Vice Cam. dirigente ""Commissariato di Castello""",1,4,"Legal, financial & administrative professions "
medicina generale-Ospedale Civile,1,4,"Legal, financial & administrative professions "
"Gespppe Vec-tore s. N., Società mineraria",1,4,"Legal, financial & administrative professions "
Vice Presd. Società Canottieri,1,4,"Legal, financial & administrative professions "
Aiutante di CancelI. della Pietura,1,4,"Legal, financial & administrative professions "
I. Archiviasti del Genio Civile,1,4,"Legal, financial & administrative professions "
Cassiere Principale Banca di Napoli,1,4,"Legal, financial & administrative professions "
Ing. Capo Ufficio Tecnico dell’Amministrazione del Provincia,1,4,"Legal, financial & administrative professions "
rappresentante assicurazioni,1,4,"Legal, financial & administrative professions "
facchini pubblici,1,4,"Legal, financial & administrative professions "
Comunità Israelitica,1,4,Religious institutions & clergy
Segretario Società Costruzioni Bincionaro,1,4,"Legal, financial & administrative professions "
"Revisore Ufficiale dei Conti, Amministratore Giudiziario",1,4,"Legal, financial & administrative professions "
Capo Stazione di Prima Classe,1,4,"Legal, financial & administrative professions "
Segret. presso la Corte d'Appello,1,4,"Legal, financial & administrative professions "
"Geometra, prin.e del Genio Civile",1,4,"Legal, financial & administrative professions "
Revisore dei Cont.,1,4,"Legal, financial & administrative professions "
Capo uff. Trasmissioni,1,4,"Legal, financial & administrative professions "
Condirettore,1,4,"Legal, financial & administrative professions "
Ispettore Capo Ufficio scritture,1,4,"Legal, financial & administrative professions "
"Addetto ""Consigliere""",1,4,"Legal, financial & administrative professions "
sindaco supplente,1,4,"Legal, financial & administrative professions "
Vicario S. Sofia,1,4,Religious institutions & clergy
"consigliere Istituto Univers. di Economia e Commerico, C'a Foscari",1,4,"Legal, financial & administrative professions "
Comandante le tenenze Legione Territoriale dei Carabinieri,1,4,"Legal, financial & administrative professions "
Ispettorato del Lavoro,1,4,"Legal, financial & administrative professions "
"Ispett. Capo, Uff. Impianti Elettrici e di Segnalamento, Ferrovie dello Stato, Direzione S. Lucia",1,4,"Legal, financial & administrative professions "
rappresentante goiieri alametari,1,4,"Legal, financial & administrative professions "
Segretario Regionale del Lavoro per le Venezie,1,4,"Legal, financial & administrative professions "
Tribunale dei Minorenni,1,4,"Legal, financial & administrative professions "
Vice Presidente Deputazione Provinciale dell'Amministrazione della Provincia,1,4,"Legal, financial & administrative professions "
Forniture e Rappresentanze Articoli tecnici di Actis Caporale Letizia,1,4,"Legal, financial & administrative professions "
Dirig. Uff. Srrvizio,1,4,"Legal, financial & administrative professions "
Direttore Amm.,1,4,"Legal, financial & administrative professions "
Campo Bandiera e Moro,1,4,"Legal, financial & administrative professions "
Reparto Compart. di Mobilitazione,1,4,"Legal, financial & administrative professions "
Cassiere Economo,1,4,"Legal, financial & administrative professions "
Istituto di Cultura Fisica,1,4,"Legal, financial & administrative professions "
Istituto Aut. per le case popolari,1,4,"Legal, financial & administrative professions "
Consigliere (TELVE),1,4,"Legal, financial & administrative professions "
Pretura di Mestre,1,4,"Legal, financial & administrative professions "
Pres della (FLG),1,4,"Legal, financial & administrative professions "
Vice Comm. Acqs.,1,4,"Legal, financial & administrative professions "
Capo Servizi Sgx. Mag. Gen.,1,4,"Legal, financial & administrative professions "
Segretario Banca Nazionale del Lavoro,1,4,"Legal, financial & administrative professions "
Rappresentante Carta,1,4,"Legal, financial & administrative professions "
Comm. Agaxit. Ufficio Stranieri dalla Questura,1,4,"Legal, financial & administrative professions "
vicario S. Barnaba,1,4,Religious institutions & clergy
Comando Mil. lit. Maritt. Aut,1,4,"Legal, financial & administrative professions "
Commissariato Compartimentale di Polizia Ferroviaria,1,4,"Legal, financial & administrative professions "
Gabinetto Prefettura,1,4,"Legal, financial & administrative professions "
Comm. dirigente,1,4,"Legal, financial & administrative professions "
Σegretario,1,4,"Legal, financial & administrative professions "
Silvio. Giovanni e Mario,1,4,"Legal, financial & administrative professions "
"Appareohgl per saldatura e taglio osalacetilenici, Riduttori di presslone, Impiantì di distrlbufione gas compressl, Rappresentanti per il Veneto: Soc. Rapprentazne Generali, S. Molse.",1,4,"Legal, financial & administrative professions "
Consegnatario Magazino Distretto Militaire dl Veniuzia,1,4,"Legal, financial & administrative professions "
Vescovo Ausiliare,1,4,Religious institutions & clergy
Giudice: Tribunale Civile e Penale,1,4,"Legal, financial & administrative professions "
Presidente Tstinto Veneto di Scienze Lettere ed Arti,1,4,"Legal, financial & administrative professions "
Medico generale,1,4,"Legal, financial & administrative professions "
"Ass. Naz. Mutilati ed Invalidi di Guerra, ex Palazzo Reale",1,4,"Legal, financial & administrative professions "
medicina generale | Osp. Infettivi,1,4,"Legal, financial & administrative professions "
Ass. dei Commercianti,1,4,"Legal, financial & administrative professions "
rappresentanze generali e limenari,1,4,"Legal, financial & administrative professions "
ispett. comp. dell'Ispettorato delle Imposte direttc,1,4,"Legal, financial & administrative professions "
Ispettrice Gener. Opera Pia; Asili di Carità per l'Infanzia,1,4,"Legal, financial & administrative professions "
Pres. Società degli Amici dei Monumenti,1,4,"Legal, financial & administrative professions "
vic. intend. dell’Intendenza di Finanza,1,4,"Legal, financial & administrative professions "
Ospedale Civile,1,4,"Legal, financial & administrative professions "
Reggente Uff. Ist. Naz. Ass. Malattia ai Lavoratori,1,4,"Legal, financial & administrative professions "
"C. Reparto, Uff. personale Ferrovie dello Stato",1,4,"Legal, financial & administrative professions "
Direttore Banca d’Italia,1,4,"Legal, financial & administrative professions "
Acc. Senni.,1,4,"Legal, financial & administrative professions "
Rappresentante,1,4,"Legal, financial & administrative professions "
"Distribuzione e l'ispezione di giornali, Distribuzione giornali, Distribuzione Libri",1,4,"Legal, financial & administrative professions "
rappresentante attorcchi in vitro,1,4,"Legal, financial & administrative professions "
di Eugenio e Mario Miozzi,1,4,"Legal, financial & administrative professions "
Commissario dela Casa Previd. Lavoratori Portuali,1,4,"Legal, financial & administrative professions "
"Istituto Universitario di Economia e Commercio, Ca Foscari",1,4,"Legal, financial & administrative professions "
Provveditoria Marittima,1,4,"Legal, financial & administrative professions "
I Assistente del Genio Civile,1,4,"Legal, financial & administrative professions "
Dirigente,1,4,"Legal, financial & administrative professions "
Specialisti in malattie oculari,1,4,"Legal, financial & administrative professions "
"Segretario di prima classe Tribunale Civile e Penale, Rialto numero 186",1,4,"Legal, financial & administrative professions "
Contabili ecc.,1,4,"Legal, financial & administrative professions "
"C. Reparto Gl. personale Ferrovie dello Stato, Direzione",1,4,"Legal, financial & administrative professions "
specialita veneziane,1,4,"Legal, financial & administrative professions "
rappresentante macchiarer,1,4,"Legal, financial & administrative professions "
Proc. Tribunale Civile e Penale,1,4,"Legal, financial & administrative professions "
PSC. Soc. Ven. dell (UITIS),1,4,"Legal, financial & administrative professions "
Segretario Generale Deputazione Provinciale dell'Amministrazione della Provincia,1,4,"Legal, financial & administrative professions "
fed. It. della Vela (FIV),1,4,"Legal, financial & administrative professions "
Statistica Sez. Dogana,1,4,"Legal, financial & administrative professions "
Intend. di Finanza,1,4,"Legal, financial & administrative professions "
P.esqnd. Automobile Club d’Italia,1,4,"Legal, financial & administrative professions "
"Ispetore Capo, Sez, Lavori di Venezia",1,4,"Legal, financial & administrative professions "
Agenzia Bufolo Gina,1,4,"Legal, financial & administrative professions "
avvz.,1,4,"Legal, financial & administrative professions "
disegnatore Soprintendenza ai Monumenti Medioevali e Moderni del Veneto Orientale,1,4,"Legal, financial & administrative professions "
Tenenza delle Legioni Territ. Guardia di Finanza 44 tre,1,4,"Legal, financial & administrative professions "
Direttore dell’Istituto Nazionale per l’Assicurazione contro gli Infortunii sul Lavoro,1,4,"Legal, financial & administrative professions "
segretario,1,4,"Legal, financial & administrative professions "
professore Istituto Universitario di Architet,1,4,"Legal, financial & administrative professions "
"Pres. Reg., Sci Club Veneto",1,4,"Legal, financial & administrative professions "
Cooperato',1,4,"Legal, financial & administrative professions "
Capo della Sezione price. Sez. Movimento Ferrovie Dello Stato,1,4,"Legal, financial & administrative professions "
"Uff. personale Ferrovie dello Stato, Direzione S. Lucia",1,4,"Legal, financial & administrative professions "
Direttore Generale Istituto Federale delle Casse di Risparmio delle Venezie,1,4,"Legal, financial & administrative professions "
Segretario Consulate Regionale per l'Agroclultura e Foreste,1,4,"Legal, financial & administrative professions "
rappresentante carta,1,4,"Legal, financial & administrative professions "
Consigliere Istituto Aut. per le case popolari,1,4,"Legal, financial & administrative professions "
Direttore Banca Commerciale Italiana,1,4,"Legal, financial & administrative professions "
Aiutante di Cancelleria della Pretura di Mestre,1,4,"Legal, financial & administrative professions "
s. r. Compien venditti automobilie,1,4,"Legal, financial & administrative professions "
"Comand. Circolo Iozione Tetrti, Guardia di Finanza",1,4,"Legal, financial & administrative professions "
Serveto di consulenze tecnice,1,4,"Legal, financial & administrative professions "
Primo Pretore dirige entf,1,4,"Legal, financial & administrative professions "
"Sostituto capo Sez. Materiale Trazione, Ferrovie dello Stato, Direzione",1,4,"Legal, financial & administrative professions "
Cerioniero del Patriarcato,1,4,Religious institutions & clergy
Società Carburanti Italiana Anonima,1,4,"Legal, financial & administrative professions "
Vice Comm. Agg.,1,4,"Legal, financial & administrative professions "
Comm. Aggi.,1,4,"Legal, financial & administrative professions "
Vice Presid. Sc.,1,4,"Legal, financial & administrative professions "
Membro Ann.,1,4,"Legal, financial & administrative professions "
Capitale Lire 60.000.000,1,4,"Legal, financial & administrative professions "
Imp. Gen. per Costruzioni,1,4,"Legal, financial & administrative professions "
Ass. Sportiva Veneziana C. Renyen,1,4,"Legal, financial & administrative professions "
Archivista dell’ Avvercatura dello Stato,1,4,"Legal, financial & administrative professions "
"Soc. R. Rappresentanze e Attività affini, case editric",1,4,"Legal, financial & administrative professions "
"Comando iplepii, Legione Territ, Guardia di Finanza",1,4,"Legal, financial & administrative professions "
società di assicurazioni,1,4,"Legal, financial & administrative professions "
Essiccato lozzoli,1,4,"Legal, financial & administrative professions "
Agricoltura R.I.A.C.,1,4,"Legal, financial & administrative professions "
reprezntanze varie,1,4,"Legal, financial & administrative professions "
comm. al'oglio,1,4,"Legal, financial & administrative professions "
(Consultivo dei Comune),1,4,"Legal, financial & administrative professions "
Presidente dell'Associaz ione fra i dipendenti di Aziende Commerci alie della Provincia,1,4,"Legal, financial & administrative professions "
Uff. I. Ragioniere Intenden. za di Finanza Direzione Lotto,1,4,"Legal, financial & administrative professions "
Presidente del ACCNl,1,4,"Legal, financial & administrative professions "
Ispett. Comp. delle Tasse e delle II. DD. sugli Affari,1,4,"Legal, financial & administrative professions "
Servizio,1,4,"Legal, financial & administrative professions "
soprintendente dell’Ente autonomo del Teatro la Fenice,1,4,"Legal, financial & administrative professions "
segretario Istituto C. T. universitario di Economia e Comm.,1,4,"Legal, financial & administrative professions "
Presidente Deputazione Provinciale dell’Amministrazione della Provincia,1,4,"Legal, financial & administrative professions "
Agente principale di Venezia: Soc. Rappresentanza Generali,1,4,"Legal, financial & administrative professions "
Lo Ragioniere Ghn. neto Prefettura,1,4,"Legal, financial & administrative professions "
Segret. Capo,1,4,"Legal, financial & administrative professions "
Comandante in 2.,1,4,"Legal, financial & administrative professions "
"Comm, esecutivo",1,4,"Legal, financial & administrative professions "
pensione (dipendenza Excelsior),1,4,"Legal, financial & administrative professions "
Vice Direttore Istituto Vittorio Alfierl,1,4,"Legal, financial & administrative professions "
Ispett. Contabile Am,1,4,"Legal, financial & administrative professions "
rappresentante macchinarl,1,4,"Legal, financial & administrative professions "
Consigliere del Circlo Fi,1,4,"Legal, financial & administrative professions "
Instituto Universi di Economia e Commerc,1,4,"Legal, financial & administrative professions "
Insegnanti Circolo Filologico,1,4,"Legal, financial & administrative professions "
"Pres. Assoc. Naz. Reduci, Palazzo ex Reale",1,4,"Legal, financial & administrative professions "
Ditta Fiorin Pietro,1,4,"Legal, financial & administrative professions "
capo ufficio matricola,1,4,"Legal, financial & administrative professions "
Accademico,1,4,"Legal, financial & administrative professions "
Comandante,1,4,"Legal, financial & administrative professions "
Capo del Compartimento Ferrovie dello Stato,1,4,"Legal, financial & administrative professions "
assistente Soprintendenza ai Monumenti Medievali e Moderni di Veneto Orientale,1,4,"Legal, financial & administrative professions "
Commissario Straord.,1,4,"Legal, financial & administrative professions "
Ispettor Prov. agricoltura,1,4,"Legal, financial & administrative professions "
Capo Sez. Uff. Dazio,1,4,"Legal, financial & administrative professions "
Istituto Universitario di Architettura,1,4,"Legal, financial & administrative professions "
avvocate,1,4,"Legal, financial & administrative professions "
Rettore Istituto Italiano Bava,1,4,"Legal, financial & administrative professions "
Compagnia Legione Territoriale dei Carabinieri,1,4,"Legal, financial & administrative professions "
Istituto Universitario di Economia e Commercio,1,4,"Legal, financial & administrative professions "
Libreria Universitaria,1,4,"Legal, financial & administrative professions "
Genio Magistrato alle Acque,1,4,"Legal, financial & administrative professions "
Capo di Stato Magg. Comando Militare Marittimo Autonomo Dell'Alto Adriatico,1,4,"Legal, financial & administrative professions "
Pres. dell'Associazione Prov. tra gli Agenti di Assicurazione,1,4,"Legal, financial & administrative professions "
Concessionaria per le reclandiazioni circolari,1,4,"Legal, financial & administrative professions "
Istituto Nazionale per l'Assie. contro gli Infortuni sul Lavoro,1,4,"Legal, financial & administrative professions "
Distretto Militare di Venezia,1,4,"Legal, financial & administrative professions "
lo porta orlat. uff. nostra generale sull’entrata,1,4,"Legal, financial & administrative professions "
professore Istituto Universitario di Architettura,1,4,"Legal, financial & administrative professions "
"Ispettore di Zona, Azienda di Stato per i servizi Telefonici",1,4,"Legal, financial & administrative professions "
Tendomna Volante Legione Ferrit,1,4,"Legal, financial & administrative professions "
Soprintendenza ai Monumenti Medioevali e Moderni del Veneto Orientale,1,4,"Legal, financial & administrative professions "
Archivista Soprintendenza ai Monumenti Medioevali e Moderni del Veneto Orientale,1,4,"Legal, financial & administrative professions "
Istituto Universitario di Architett.,1,4,"Legal, financial & administrative professions "
Magistrato alle Acque,1,4,"Legal, financial & administrative professions "
Ispettrice Reale Infermiere Volont. Croce Rossa Italiana,1,4,"Legal, financial & administrative professions "
(già Pardo e Bassani),1,4,"Legal, financial & administrative professions "
Ufficio Rappresentanza Prodotti Italiani URPI,1,4,"Legal, financial & administrative professions "
In. dell’intendenza di finanza,1,4,"Legal, financial & administrative professions "
casa di cura fdm.,1,4,"Legal, financial & administrative professions "
I.Q prof. titol. un. post,1,4,"Legal, financial & administrative professions "
autoligenzio e straflutione sa,1,4,"Legal, financial & administrative professions "
Lavoro (ANPI),1,4,"Legal, financial & administrative professions "
Ispettore Capo l'Uffcio visite,1,4,"Legal, financial & administrative professions "
Specialista,1,4,"Legal, financial & administrative professions "
Capo Gruppo Regionale,1,4,"Legal, financial & administrative professions "
Pres. della Soc,1,4,"Legal, financial & administrative professions "
dirett. uff. distrett. delle Imposte Dirette,1,4,"Legal, financial & administrative professions "
Geludio Civile,1,4,"Legal, financial & administrative professions "
Uflicio Stampa Cabineto di Prefettura,1,4,"Legal, financial & administrative professions "
Capo Divisione 2-na,1,4,"Legal, financial & administrative professions "
Ass. Supattiva Venziana e C. Reper D.,1,4,"Legal, financial & administrative professions "
Rappresentante Procuratore Riunione Adriatica di Sicurtà e dell'Assicuratrice Italiana,1,4,"Legal, financial & administrative professions "
MOBILI e ACCESSORI per UFFICIО,79,5,"Real estate, construction & business services"
Forniture complete MOBILI e ACCESSORI per UFFICIO,75,5,"Real estate, construction & business services"
OCCASIONI - CAMBI - RICOSTRUZIONI - NOLEGGI,75,5,"Real estate, construction & business services"
AFFITTANO APPARTAMENTI,49,5,"Real estate, construction & business services"
Imprese ed appalti vari,45,5,"Real estate, construction & business services"
impresa edile,39,5,"Real estate, construction & business services"
Commerciale,38,5,"Real estate, construction & business services"
Compra - vendita Immobili,32,5,"Real estate, construction & business services"
Società immobiliari,32,5,"Real estate, construction & business services"
articoli casalinghi,27,5,"Real estate, construction & business services"
COSTRUZIONI EDILI ED AFFINI,22,5,"Real estate, construction & business services"
IMPRESA ARTIGIANA,21,5,"Real estate, construction & business services"
Società immobiliare,20,5,"Real estate, construction & business services"
Assicurazioni,18,5,"Real estate, construction & business services"
PENSIONI,17,5,"Real estate, construction & business services"
commercialista,17,5,"Real estate, construction & business services"
casa editrice,16,5,"Real estate, construction & business services"
assicurazioni,15,5,"Real estate, construction & business services"
Azienda,15,5,"Real estate, construction & business services"
Affitti Appartamenti,15,5,"Real estate, construction & business services"
Carpentieri,14,5,"Real estate, construction & business services"
Insegne e cartelli reclame,12,5,"Real estate, construction & business services"
Mobili,11,5,"Real estate, construction & business services"
MOBILI USATI,11,5,"Real estate, construction & business services"
Soc. An. d'Acquisto di materiali,11,5,"Real estate, construction & business services"
(vendita),9,5,"Real estate, construction & business services"
Società mobiliari e agricole,9,5,"Real estate, construction & business services"
Compra-vendita immobili,9,5,"Real estate, construction & business services"
Alberghi,9,5,"Real estate, construction & business services"
Legatorie di libri,8,5,"Real estate, construction & business services"
Acquisto e conduzione,7,5,"Real estate, construction & business services"
MOBILI ARTISTICI,7,5,"Real estate, construction & business services"
Commercialista,7,5,"Real estate, construction & business services"
Impresa edile,7,5,"Real estate, construction & business services"
compravendita immobili,7,5,"Real estate, construction & business services"
Agenzie e d'affari,6,5,"Real estate, construction & business services"
Costruttori edili,6,5,"Real estate, construction & business services"
Imprese di Costruzioni,6,5,"Real estate, construction & business services"
Disinfezioni,5,5,"Real estate, construction & business services"
Pubblicità,5,5,"Real estate, construction & business services"
mobili (negozio),5,5,"Real estate, construction & business services"
imprese ed appalti vari,4,5,"Real estate, construction & business services"
Impresa Edile,4,5,"Real estate, construction & business services"
liquori (fabbrica e deposito),4,5,"Real estate, construction & business services"
MOBILI LACCATI,3,5,"Real estate, construction & business services"
Casse e Arredi Mortuari,3,5,"Real estate, construction & business services"
Case Editrici,3,5,"Real estate, construction & business services"
Corredi sposa,3,5,"Real estate, construction & business services"
Società mobiliare e agricola,3,5,"Real estate, construction & business services"
mobili (fabbriche),3,5,"Real estate, construction & business services"
mobili usati,3,5,"Real estate, construction & business services"
Articoli casalinghi,3,5,"Real estate, construction & business services"
compra-vendita immobili,3,5,"Real estate, construction & business services"
construction enterprise,3,5,"Real estate, construction & business services"
Attività Immobiliari in genere,2,5,"Real estate, construction & business services"
Acquisto,2,5,"Real estate, construction & business services"
Agenzie di pubblicità,2,5,"Real estate, construction & business services"
Approvvigionamenti,2,5,"Real estate, construction & business services"
Forniture enti vari,2,5,"Real estate, construction & business services"
"Imprese Lavori, Commercio Legnami, Forniture, Demolizioni, Costruzioni in Legno, Appalti",2,5,"Real estate, construction & business services"
Imprese immobiliari,2,5,"Real estate, construction & business services"
MOBILI DI LUSSO E COMUNI,2,5,"Real estate, construction & business services"
Serramenti,2,5,"Real estate, construction & business services"
agenzia d'affari,2,5,"Real estate, construction & business services"
terrazziario,2,5,"Real estate, construction & business services"
mobili,2,5,"Real estate, construction & business services"
Forniture complete MOBILI e ACCESSORI per UFFICI,2,5,"Real estate, construction & business services"
mobili (negozi),2,5,"Real estate, construction & business services"
liquori (fabrica e deposito),2,5,"Real estate, construction & business services"
Articoli Casalinghi,2,5,"Real estate, construction & business services"
rappresentante materiali edili,2,5,"Real estate, construction & business services"
imprese edili,2,5,"Real estate, construction & business services"
rimorchiatori,2,5,"Real estate, construction & business services"
acquisto fabbricati e aziende agricole,2,5,"Real estate, construction & business services"
acquisto costruzioni immobili,2,5,"Real estate, construction & business services"
compra.vendita immobili,2,5,"Real estate, construction & business services"
Impresa,2,5,"Real estate, construction & business services"
compravendita beni agricoli,1,5,"Real estate, construction & business services"
Acquisto Alberghi,1,5,"Real estate, construction & business services"
Affissioni e pubblicità,1,5,"Real estate, construction & business services"
Agenzie di pagno,1,5,"Real estate, construction & business services"
Commercio terreni,1,5,"Real estate, construction & business services"
Automobili,1,5,"Real estate, construction & business services"
Autonoleggi e Autorimesse,1,5,"Real estate, construction & business services"
Costruzione e gestione alberghi,1,5,"Real estate, construction & business services"
"FABBRICA - Cucine economiche, Stufe - Letti - Reti - Brande Turche",1,5,"Real estate, construction & business services"
decoratore in stuepici e costruzioni,1,5,"Real estate, construction & business services"
Disinfestazioni,1,5,"Real estate, construction & business services"
AFFITTI APPARTAMENTI COMPRA - VENDITA AMMINISTRAZIONE,1,5,"Real estate, construction & business services"
Imposte di consumo,1,5,"Real estate, construction & business services"
Fornitura per lavori ed opera edilizia stradali,1,5,"Real estate, construction & business services"
Impresa Lavori Edili e Marittimi,1,5,"Real estate, construction & business services"
OFFICINA RIPARAZIONI,1,5,"Real estate, construction & business services"
"Impresa Costruzioni Edilizie, Lavori edilizi in cemento armato, ferro e legno",1,5,"Real estate, construction & business services"
Schedari - Mobili per Uffici - Macchine Contabili,1,5,"Real estate, construction & business services"
Imprese lavori,1,5,"Real estate, construction & business services"
Imprese e pompe funebri,1,5,"Real estate, construction & business services"
Magazzini di deposito,1,5,"Real estate, construction & business services"
"Impresa Edile, Costruzioni In Cemento",1,5,"Real estate, construction & business services"
Premiato Mobilificio,1,5,"Real estate, construction & business services"
ARREDAMENTI NEGOZI,1,5,"Real estate, construction & business services"
Costruzioni Edili,1,5,"Real estate, construction & business services"
affitti appartamenti vuoti e ammobilitati,1,5,"Real estate, construction & business services"
"RADIORIPARAZIONI A DOMICILIO, NOLEGGIO RADIOGRAMMFONI",1,5,"Real estate, construction & business services"
"Affitti, Appartamenti, Compravendita Case, Terrei, Dent, Immobili",1,5,"Real estate, construction & business services"
Adriatica Costruzioni Edilizie,1,5,"Real estate, construction & business services"
navi compravendita,1,5,"Real estate, construction & business services"
Azienda Generale (carrozzieri,1,5,"Real estate, construction & business services"
Raffineria e Depositi,1,5,"Real estate, construction & business services"
Azienda Immobiliare Anonima,1,5,"Real estate, construction & business services"
informazioni commerciali,1,5,"Real estate, construction & business services"
Arredamenti,1,5,"Real estate, construction & business services"
Azienda Agricola,1,5,"Real estate, construction & business services"
Impresario Edile,1,5,"Real estate, construction & business services"
articoli Casalinghi,1,5,"Real estate, construction & business services"
costruttore edile,1,5,"Real estate, construction & business services"
liquori fabbrica e depositi,1,5,"Real estate, construction & business services"
Imprese ed Appalti Vari,1,5,"Real estate, construction & business services"
Automoleggigo e Autorimessa,1,5,"Real estate, construction & business services"
Imprese ed Appalti,1,5,"Real estate, construction & business services"
Magazzino Ferro,1,5,"Real estate, construction & business services"
impresa di costruzioni e falegnameria,1,5,"Real estate, construction & business services"
riparazioni carrozzerie per auto,1,5,"Real estate, construction & business services"
mobilio (negozio),1,5,"Real estate, construction & business services"
Arredamenti completi,1,5,"Real estate, construction & business services"
mobilit (negozio),1,5,"Real estate, construction & business services"
Compagnia Immobiliare Edile,1,5,"Real estate, construction & business services"
impresa Edile,1,5,"Real estate, construction & business services"
comprvendita immobili,1,5,"Real estate, construction & business services"
imp::e(.9 ed appalti,1,5,"Real estate, construction & business services"
impresa-edile,1,5,"Real estate, construction & business services"
Leva e Mobilitazione,1,5,"Real estate, construction & business services"
imprese Edili,1,5,"Real estate, construction & business services"
impresa edili,1,5,"Real estate, construction & business services"
Società Immobiliare,1,5,"Real estate, construction & business services"
Rivendita giornalai,1,5,"Real estate, construction & business services"
mobiliti usati,1,5,"Real estate, construction & business services"
Ass. fra Proprietari di Fabbricati,1,5,"Real estate, construction & business services"
autonoleggio e automorsa,1,5,"Real estate, construction & business services"
casa e editrice,1,5,"Real estate, construction & business services"
Soc. Acc. Sempl. Mobili (Negozio),1,5,"Real estate, construction & business services"
Articoli Casalin,1,5,"Real estate, construction & business services"
lavori municipalizzati,1,5,"Real estate, construction & business services"
Cucine economiche,1,5,"Real estate, construction & business services"
impresa edile riscaldamento fumisteria,1,5,"Real estate, construction & business services"
Abiti (riparazioni),1,5,"Real estate, construction & business services"
Cinema (agenzia noleggio film),1,5,"Real estate, construction & business services"
Deposito mobili,1,5,"Real estate, construction & business services"
Consigliere Isttautiz Aut. per le case poplari,1,5,"Real estate, construction & business services"
mobili sati,1,5,"Real estate, construction & business services"
pensione albergo,1,5,"Real estate, construction & business services"
compravendita,1,5,"Real estate, construction & business services"
"Società Italiana Cinemato-grafia, Soc. a r. l., cinema (aggenzi noleggio film)",1,5,"Real estate, construction & business services"
Magazzino Deposito Materiali da Costruzioni,1,5,"Real estate, construction & business services"
Albergo e ristorante,1,5,"Real estate, construction & business services"
"Rappresentanze Industriali, Commerciali ed affini",1,5,"Real estate, construction & business services"
mobili di lusso e comuni,1,5,"Real estate, construction & business services"
"legnami e pali da costruzioni, (grossista)",1,5,"Real estate, construction & business services"
Impresa Lavori,1,5,"Real estate, construction & business services"
Imprese Edile,1,5,"Real estate, construction & business services"
Impresa Edile Falegnameria,1,5,"Real estate, construction & business services"
Veneta Costruzioni,1,5,"Real estate, construction & business services"
Societa immobiliare,1,5,"Real estate, construction & business services"
"Società automezzi Roma, automoleggi Automosport",1,5,"Real estate, construction & business services"
impresa di costruzioni,1,5,"Real estate, construction & business services"
Immobiliare,1,5,"Real estate, construction & business services"
mobili (fabbrica),1,5,"Real estate, construction & business services"
c .i o noleggi,1,5,"Real estate, construction & business services"
attività immobiliari,1,5,"Real estate, construction & business services"
Società mobiliare immobiliare e agricola,1,5,"Real estate, construction & business services"
Attività immobiliare,1,5,"Real estate, construction & business services"
Acquisto fabbricati e aziende agricole,1,5,"Real estate, construction & business services"
compra vendita immobili,1,5,"Real estate, construction & business services"
impresa pompe funebri,1,5,"Real estate, construction & business services"
attività immobiliare,1,5,"Real estate, construction & business services"
"Costruzioni edili, civili e industriali, industri inoshiva",1,5,"Real estate, construction & business services"
comperavendita immobili,1,5,"Real estate, construction & business services"
rappresentante articoli casalinghi,1,5,"Real estate, construction & business services"
impresa ed appalti vari,1,5,"Real estate, construction & business services"
costruzione e gestione alberghi,1,5,"Real estate, construction & business services"
"Lavori Edili i cementi armati, Opere pubbliche",1,5,"Real estate, construction & business services"
cinema e agenzia noleggio film,1,5,"Real estate, construction & business services"
Quartiere Urbano,1,5,"Real estate, construction & business services"
rappresentante articoli casalinghici,1,5,"Real estate, construction & business services"
servizi,1,5,"Real estate, construction & business services"
Importazione,1,5,"Real estate, construction & business services"
Società Coop. dell’Arte e dei Lavoratori dell’edilizia ed affini,1,5,"Real estate, construction & business services"
compra-vendita,1,5,"Real estate, construction & business services"
Arredamento,1,5,"Real estate, construction & business services"
Hotel-Restaurant,1,5,"Real estate, construction & business services"
FORNITURE COMPLETE,1,5,"Real estate, construction & business services"
Compravendita immobili,1,5,"Real estate, construction & business services"
Affitti,1,5,"Real estate, construction & business services"
mobili fabbriche,1,5,"Real estate, construction & business services"
"commmercio e lavorazione, Stabilimento : Murano, Fondamenta Manin numero 78",1,5,"Real estate, construction & business services"
Negozi,1,5,"Real estate, construction & business services"
per Imprese di Costruzioni,1,5,"Real estate, construction & business services"
"s. 8. a r. 1., lavori manovalanza",1,5,"Real estate, construction & business services"
Negoziante,1,5,"Real estate, construction & business services"
Costruzioni mercante,1,5,"Real estate, construction & business services"
AFFITTI-APPARTAMENTI CASE,1,5,"Real estate, construction & business services"
impresa edile e appalti vari,1,5,"Real estate, construction & business services"
S. A. Ricomimenti Alveraggo aux Verenti autorimoti,1,5,"Real estate, construction & business services"
Forniture complete mobili e accessori per ufficio,1,5,"Real estate, construction & business services"
Forniture,1,5,"Real estate, construction & business services"
prodotti chimici,43,6,"Chemicals, fuel, construction materials & raw materials"
Legnami e pali da costruzioni,29,6,"Chemicals, fuel, construction materials & raw materials"
Materiali per costruzioni edilizie,25,6,"Chemicals, fuel, construction materials & raw materials"
Carboni Fossili e Ligniti,23,6,"Chemicals, fuel, construction materials & raw materials"
Prodotti chimici,20,6,"Chemicals, fuel, construction materials & raw materials"
carbone e legna (dettaglio),17,6,"Chemicals, fuel, construction materials & raw materials"
carbone e legna,17,6,"Chemicals, fuel, construction materials & raw materials"
Carboni - Legna,13,6,"Chemicals, fuel, construction materials & raw materials"
Olii minerali,13,6,"Chemicals, fuel, construction materials & raw materials"
Impermeabili,12,6,"Chemicals, fuel, construction materials & raw materials"
Marmi,11,6,"Chemicals, fuel, construction materials & raw materials"
Combustibili solidi,10,6,"Chemicals, fuel, construction materials & raw materials"
Fornaci da calce e laterizi,10,6,"Chemicals, fuel, construction materials & raw materials"
Combustibili liquidi,9,6,"Chemicals, fuel, construction materials & raw materials"
Articoli di Gomma e affini,8,6,"Chemicals, fuel, construction materials & raw materials"
Lubrificanti,8,6,"Chemicals, fuel, construction materials & raw materials"
Carbone,7,6,"Chemicals, fuel, construction materials & raw materials"
Ferri e metalli usati,7,6,"Chemicals, fuel, construction materials & raw materials"
Riscaldamento e fumisterie,7,6,"Chemicals, fuel, construction materials & raw materials"
Carbone e Legna,6,6,"Chemicals, fuel, construction materials & raw materials"
Olii combustibili,6,6,"Chemicals, fuel, construction materials & raw materials"
refrattari e laterizi,6,6,"Chemicals, fuel, construction materials & raw materials"
rappresentante prodotti chimici,6,6,"Chemicals, fuel, construction materials & raw materials"
Candele,5,6,"Chemicals, fuel, construction materials & raw materials"
Metano,5,6,"Chemicals, fuel, construction materials & raw materials"
Minerali,5,6,"Chemicals, fuel, construction materials & raw materials"
stoffe e tessuti,5,6,"Chemicals, fuel, construction materials & raw materials"
legnami e pali da costruzioni,5,6,"Chemicals, fuel, construction materials & raw materials"
Articoli Igienici,4,6,"Chemicals, fuel, construction materials & raw materials"
Carburanti Olii ed affini,4,6,"Chemicals, fuel, construction materials & raw materials"
Manipolazione carboni,4,6,"Chemicals, fuel, construction materials & raw materials"
Metalli usati,4,6,"Chemicals, fuel, construction materials & raw materials"
acque gassate,4,6,"Chemicals, fuel, construction materials & raw materials"
malattie polmonari,4,6,"Chemicals, fuel, construction materials & raw materials"
Acque gassate,3,6,"Chemicals, fuel, construction materials & raw materials"
Acque minerali,3,6,"Chemicals, fuel, construction materials & raw materials"
Alluminio,3,6,"Chemicals, fuel, construction materials & raw materials"
"Armi, munizioni, proiettili",3,6,"Chemicals, fuel, construction materials & raw materials"
Fumisti,3,6,"Chemicals, fuel, construction materials & raw materials"
Granaglie,3,6,"Chemicals, fuel, construction materials & raw materials"
Metalli greggi e lavorati,3,6,"Chemicals, fuel, construction materials & raw materials"
Navi in legno,3,6,"Chemicals, fuel, construction materials & raw materials"
Pietra artificiale,3,6,"Chemicals, fuel, construction materials & raw materials"
carbone e legna (grossista),3,6,"Chemicals, fuel, construction materials & raw materials"
articoli di gomma,3,6,"Chemicals, fuel, construction materials & raw materials"
marmi,3,6,"Chemicals, fuel, construction materials & raw materials"
friggitore e commestibili cotti,3,6,"Chemicals, fuel, construction materials & raw materials"
detersivi,3,6,"Chemicals, fuel, construction materials & raw materials"
materiali refrattari e laterizi,3,6,"Chemicals, fuel, construction materials & raw materials"
Materiali,3,6,"Chemicals, fuel, construction materials & raw materials"
fertilizzanti e anticrittogamici,3,6,"Chemicals, fuel, construction materials & raw materials"
MOBILI DI FERRO,2,6,"Chemicals, fuel, construction materials & raw materials"
Carburanti,2,6,"Chemicals, fuel, construction materials & raw materials"
Carburo di calcio,2,6,"Chemicals, fuel, construction materials & raw materials"
Cementi,2,6,"Chemicals, fuel, construction materials & raw materials"
Estintori da incendio,2,6,"Chemicals, fuel, construction materials & raw materials"
Fertilizzanti e anticrittogamici,2,6,"Chemicals, fuel, construction materials & raw materials"
Fibre vegetali ed affini,2,6,"Chemicals, fuel, construction materials & raw materials"
Isolanti termici ed acustici,2,6,"Chemicals, fuel, construction materials & raw materials"
Lavorazione droghe,2,6,"Chemicals, fuel, construction materials & raw materials"
Legna per cellulosa,2,6,"Chemicals, fuel, construction materials & raw materials"
Legname compensato,2,6,"Chemicals, fuel, construction materials & raw materials"
Materiale per agricoltura,2,6,"Chemicals, fuel, construction materials & raw materials"
Navi in cemento,2,6,"Chemicals, fuel, construction materials & raw materials"
Oggetti di piombo,2,6,"Chemicals, fuel, construction materials & raw materials"
Prodotti antiparassitari,2,6,"Chemicals, fuel, construction materials & raw materials"
Prodotti e sottoprodotti petroliferi,2,6,"Chemicals, fuel, construction materials & raw materials"
materiali edili,2,6,"Chemicals, fuel, construction materials & raw materials"
Rivestimenti,2,6,"Chemicals, fuel, construction materials & raw materials"
Timbri di gomma,2,6,"Chemicals, fuel, construction materials & raw materials"
Vernici sottomarine,2,6,"Chemicals, fuel, construction materials & raw materials"
carbone,2,6,"Chemicals, fuel, construction materials & raw materials"
carbone (importatori e produttori),2,6,"Chemicals, fuel, construction materials & raw materials"
Carbone e Legna (dettaglio),2,6,"Chemicals, fuel, construction materials & raw materials"
carbone legna,2,6,"Chemicals, fuel, construction materials & raw materials"
Carbone e legna,2,6,"Chemicals, fuel, construction materials & raw materials"
Materiale per costruzioni edilizie,2,6,"Chemicals, fuel, construction materials & raw materials"
Chimico,2,6,"Chemicals, fuel, construction materials & raw materials"
carbone e legna (dettagli),2,6,"Chemicals, fuel, construction materials & raw materials"
carbone e legna (dett.),2,6,"Chemicals, fuel, construction materials & raw materials"
Carbone e legna (dettaglio),2,6,"Chemicals, fuel, construction materials & raw materials"
bandaio e lattoniere,2,6,"Chemicals, fuel, construction materials & raw materials"
combustibili liquidi ed affini,2,6,"Chemicals, fuel, construction materials & raw materials"
Legnami e pali da costruzione,2,6,"Chemicals, fuel, construction materials & raw materials"
carburanti,2,6,"Chemicals, fuel, construction materials & raw materials"
coal and firewood,2,6,"Chemicals, fuel, construction materials & raw materials"
materiali da costruzione,1,6,"Chemicals, fuel, construction materials & raw materials"
Alcool denaturato,1,6,"Chemicals, fuel, construction materials & raw materials"
Articoli per Fumatori,1,6,"Chemicals, fuel, construction materials & raw materials"
"BAULI moderni, solidi, leggeri ed eleganti",1,6,"Chemicals, fuel, construction materials & raw materials"
Benzina,1,6,"Chemicals, fuel, construction materials & raw materials"
Carboni Fossili e Legna da ardere,1,6,"Chemicals, fuel, construction materials & raw materials"
Commercio Carboni e Legna da ardere,1,6,"Chemicals, fuel, construction materials & raw materials"
carboni o legna da ardere,1,6,"Chemicals, fuel, construction materials & raw materials"
Cementi armati,1,6,"Chemicals, fuel, construction materials & raw materials"
Concimi azotati,1,6,"Chemicals, fuel, construction materials & raw materials"
Denti artificiali,1,6,"Chemicals, fuel, construction materials & raw materials"
(fabbriche),1,6,"Chemicals, fuel, construction materials & raw materials"
Ferro battuto,1,6,"Chemicals, fuel, construction materials & raw materials"
Ferro e metalli da fondere,1,6,"Chemicals, fuel, construction materials & raw materials"
Fiscoli e dischi per la spremitura delle olive,1,6,"Chemicals, fuel, construction materials & raw materials"
Gas tossici,1,6,"Chemicals, fuel, construction materials & raw materials"
IMBALLAGGI IN LEGNO,1,6,"Chemicals, fuel, construction materials & raw materials"
Lavorazione marmi,1,6,"Chemicals, fuel, construction materials & raw materials"
Legna (ingrosso),1,6,"Chemicals, fuel, construction materials & raw materials"
Legnami di sfacimento,1,6,"Chemicals, fuel, construction materials & raw materials"
"Carboni fossili, Ligniti legna da ardere",1,6,"Chemicals, fuel, construction materials & raw materials"
Linifici,1,6,"Chemicals, fuel, construction materials & raw materials"
Materiale cinematografico,1,6,"Chemicals, fuel, construction materials & raw materials"
Materiali da costruzione,1,6,"Chemicals, fuel, construction materials & raw materials"
Manufatti in cemento,1,6,"Chemicals, fuel, construction materials & raw materials"
Materiale ferroviario,1,6,"Chemicals, fuel, construction materials & raw materials"
Materiali plastici,1,6,"Chemicals, fuel, construction materials & raw materials"
Materiali siderurgici,1,6,"Chemicals, fuel, construction materials & raw materials"
Materiali tecnici e per la ricostruzione,1,6,"Chemicals, fuel, construction materials & raw materials"
Materie resìnose,1,6,"Chemicals, fuel, construction materials & raw materials"
Metalli lavorati e bronzi,1,6,"Chemicals, fuel, construction materials & raw materials"
Paraffina,1,6,"Chemicals, fuel, construction materials & raw materials"
selciatura e pavimentazione stradale,1,6,"Chemicals, fuel, construction materials & raw materials"
Prodotti coloranti,1,6,"Chemicals, fuel, construction materials & raw materials"
rappresentante te colori e prodotti chimici,1,6,"Chemicals, fuel, construction materials & raw materials"
rappresentante i prodotti chimici,1,6,"Chemicals, fuel, construction materials & raw materials"
Refrattari - laterizi e calce,1,6,"Chemicals, fuel, construction materials & raw materials"
Ricerche minerarie,1,6,"Chemicals, fuel, construction materials & raw materials"
Riscaldamento e termosifoni,1,6,"Chemicals, fuel, construction materials & raw materials"
Rottami metallici,1,6,"Chemicals, fuel, construction materials & raw materials"
Fabbrica Timbri in Gomma,1,6,"Chemicals, fuel, construction materials & raw materials"
Tubi in cemento,1,6,"Chemicals, fuel, construction materials & raw materials"
Tubi in ferro e acciaio,1,6,"Chemicals, fuel, construction materials & raw materials"
alluminio,1,6,"Chemicals, fuel, construction materials & raw materials"
Carbone e legna (grossista),1,6,"Chemicals, fuel, construction materials & raw materials"
lavorazione dzoghe,1,6,"Chemicals, fuel, construction materials & raw materials"
materiali refrattari e laterizi. Prodotti chimici,1,6,"Chemicals, fuel, construction materials & raw materials"
materiale per construzioni edilizie,1,6,"Chemicals, fuel, construction materials & raw materials"
prodotti chimici (commercio),1,6,"Chemicals, fuel, construction materials & raw materials"
prodotti chimici commercio,1,6,"Chemicals, fuel, construction materials & raw materials"
legnami e pali da costruzione,1,6,"Chemicals, fuel, construction materials & raw materials"
carbone e legnai dettagli,1,6,"Chemicals, fuel, construction materials & raw materials"
"prodotti chimici, petrolio e benzina, marmi e cemento * * * * * * colori e vernici, ferramenta e metalli, carburo di calcio,",1,6,"Chemicals, fuel, construction materials & raw materials"
acque minerali,1,6,"Chemicals, fuel, construction materials & raw materials"
ra-bone e logna (dettaglio),1,6,"Chemicals, fuel, construction materials & raw materials"
navi in legno,1,6,"Chemicals, fuel, construction materials & raw materials"
detersivi saponi aflini,1,6,"Chemicals, fuel, construction materials & raw materials"
legnami e pelli da costruzioni,1,6,"Chemicals, fuel, construction materials & raw materials"
"di Belle, Ferrer e Zacchiroli M., carbone e legna (grossista)",1,6,"Chemicals, fuel, construction materials & raw materials"
riscaldamento e fumisteria,1,6,"Chemicals, fuel, construction materials & raw materials"
guarnizioni isolanenti,1,6,"Chemicals, fuel, construction materials & raw materials"
Acque Gassate,1,6,"Chemicals, fuel, construction materials & raw materials"
rappresentanti carboni,1,6,"Chemicals, fuel, construction materials & raw materials"
articoli tecnici combustibili solidi e liquidi,1,6,"Chemicals, fuel, construction materials & raw materials"
combustibili solidi,1,6,"Chemicals, fuel, construction materials & raw materials"
timbri di gomma in metallo e incisioni,1,6,"Chemicals, fuel, construction materials & raw materials"
ferri e metalli usati,1,6,"Chemicals, fuel, construction materials & raw materials"
lavorazione doghe,1,6,"Chemicals, fuel, construction materials & raw materials"
Carbone e legna (vendita al dettaglio),1,6,"Chemicals, fuel, construction materials & raw materials"
manipolazione carboni FF. SS.,1,6,"Chemicals, fuel, construction materials & raw materials"
Combustibili solidi e liquidi,1,6,"Chemicals, fuel, construction materials & raw materials"
Rappresentanze di prodotti chimici,1,6,"Chemicals, fuel, construction materials & raw materials"
cabbone e legna,1,6,"Chemicals, fuel, construction materials & raw materials"
fornaci da calce e laterizi,1,6,"Chemicals, fuel, construction materials & raw materials"
carbone e legna (det. taglio),1,6,"Chemicals, fuel, construction materials & raw materials"
fiscoi dischi per la spremitura delle olive,1,6,"Chemicals, fuel, construction materials & raw materials"
timbri di gomma,1,6,"Chemicals, fuel, construction materials & raw materials"
carbone e legna (det- taglio),1,6,"Chemicals, fuel, construction materials & raw materials"
fabbro ferrajo e mecrtnico,1,6,"Chemicals, fuel, construction materials & raw materials"
Labor. chimie delle dogane e imposte di fabbriczione,1,6,"Chemicals, fuel, construction materials & raw materials"
levame e pali da costruzioni,1,6,"Chemicals, fuel, construction materials & raw materials"
lubrificanti,1,6,"Chemicals, fuel, construction materials & raw materials"
fornura di calcei e butteri,1,6,"Chemicals, fuel, construction materials & raw materials"
prodotti e sottoprodotti petroliferi,1,6,"Chemicals, fuel, construction materials & raw materials"
Vetro (lavorazione),1,6,"Chemicals, fuel, construction materials & raw materials"
rappresentante-prodotti chimii,1,6,"Chemicals, fuel, construction materials & raw materials"
metalli minuti,1,6,"Chemicals, fuel, construction materials & raw materials"
carbone legna legnam & pali da costruzioni,1,6,"Chemicals, fuel, construction materials & raw materials"
Lavandiner e stirrac,1,6,"Chemicals, fuel, construction materials & raw materials"
Imballaggi in legno,1,6,"Chemicals, fuel, construction materials & raw materials"
legnami e palia da costruzioni,1,6,"Chemicals, fuel, construction materials & raw materials"
"armi, munizioni, proiettili",1,6,"Chemicals, fuel, construction materials & raw materials"
stoffine e tessuti,1,6,"Chemicals, fuel, construction materials & raw materials"
saponi,1,6,"Chemicals, fuel, construction materials & raw materials"
Lagenitmi e pali da costruzioni,1,6,"Chemicals, fuel, construction materials & raw materials"
fornica di calce e laterizi,1,6,"Chemicals, fuel, construction materials & raw materials"
Materiali per l’Edilizia,1,6,"Chemicals, fuel, construction materials & raw materials"
carbone e legna (grossisti),1,6,"Chemicals, fuel, construction materials & raw materials"
minerali,1,6,"Chemicals, fuel, construction materials & raw materials"
lubrificanti bitumi,1,6,"Chemicals, fuel, construction materials & raw materials"
ricerche minerarie,1,6,"Chemicals, fuel, construction materials & raw materials"
pali di legno,1,6,"Chemicals, fuel, construction materials & raw materials"
carbone e legname (dettaglio),1,6,"Chemicals, fuel, construction materials & raw materials"
"inco,re, coestelatore, sbalzatore, timbri di gom- ma e metallo",1,6,"Chemicals, fuel, construction materials & raw materials"
terramatta e metalía,1,6,"Chemicals, fuel, construction materials & raw materials"
Prefabbricati,1,6,"Chemicals, fuel, construction materials & raw materials"
materiale per costruzione,1,6,"Chemicals, fuel, construction materials & raw materials"
legno carboni (grossisti),1,6,"Chemicals, fuel, construction materials & raw materials"
curtona legna,1,6,"Chemicals, fuel, construction materials & raw materials"
materiale per saldature autogeno ossigeno,1,6,"Chemicals, fuel, construction materials & raw materials"
legna per cellulose,1,6,"Chemicals, fuel, construction materials & raw materials"
Fornace da calce e laterizi,1,6,"Chemicals, fuel, construction materials & raw materials"
Fornacci da calce e laterizi,1,6,"Chemicals, fuel, construction materials & raw materials"
Carboni e Legna da ardere,1,6,"Chemicals, fuel, construction materials & raw materials"
Molini e Pastificio,1,6,"Chemicals, fuel, construction materials & raw materials"
lavori poruuali materiali per costruzioni,1,6,"Chemicals, fuel, construction materials & raw materials"
"Manufatti in cemento, tubi in cemento",1,6,"Chemicals, fuel, construction materials & raw materials"
rappresentante carboni,1,6,"Chemicals, fuel, construction materials & raw materials"
carbone e legna ingrosso (dettaglio),1,6,"Chemicals, fuel, construction materials & raw materials"
fibre vegetali ed affini legna,1,6,"Chemicals, fuel, construction materials & raw materials"
Lavorazione di Sughero in genere,1,6,"Chemicals, fuel, construction materials & raw materials"
legnami e pali da costruzi,1,6,"Chemicals, fuel, construction materials & raw materials"
Carbone e Legna (Dettaglio),1,6,"Chemicals, fuel, construction materials & raw materials"
Fornaci,1,6,"Chemicals, fuel, construction materials & raw materials"
Laterizi Materiale per costruzioni edilizie,1,6,"Chemicals, fuel, construction materials & raw materials"
friggitore e commestibili,1,6,"Chemicals, fuel, construction materials & raw materials"
fabbro,1,6,"Chemicals, fuel, construction materials & raw materials"
Fabbro,1,6,"Chemicals, fuel, construction materials & raw materials"
graunoche e legna (dettagilo) | S. Polo,1,6,"Chemicals, fuel, construction materials & raw materials"
stoffe,1,6,"Chemicals, fuel, construction materials & raw materials"
"Clichés in zinco, rame ed ottone",1,6,"Chemicals, fuel, construction materials & raw materials"
ferro battuto,1,6,"Chemicals, fuel, construction materials & raw materials"
Fabbro Ferrario e Une-celnino,1,6,"Chemicals, fuel, construction materials & raw materials"
carbonaio e legna (dettaglio),1,6,"Chemicals, fuel, construction materials & raw materials"
Gassogeni,1,6,"Chemicals, fuel, construction materials & raw materials"
IMBALLAGGIA DI LEGNO PER QUALSIASI INDUSTRIA PAGLIA DI LEGNO PER IMBALLE DEPOSITO DI VENEZIA,1,6,"Chemicals, fuel, construction materials & raw materials"
S. A. Commercio Carboni e affini,1,6,"Chemicals, fuel, construction materials & raw materials"
carbone e legna (grossosta),1,6,"Chemicals, fuel, construction materials & raw materials"
stoffe per mobili,1,6,"Chemicals, fuel, construction materials & raw materials"
Articoli imballaggi di cellulosa,1,6,"Chemicals, fuel, construction materials & raw materials"
"Comoini chimici, Prodotti chimici, Prodotti azotati, Alcool, Cereali, vini, ecc.",1,6,"Chemicals, fuel, construction materials & raw materials"
stoffe tessuti,1,6,"Chemicals, fuel, construction materials & raw materials"
risandamento e fumisteria,1,6,"Chemicals, fuel, construction materials & raw materials"
carbone e legna (grossi sta),1,6,"Chemicals, fuel, construction materials & raw materials"
stoffe per arredamenti,1,6,"Chemicals, fuel, construction materials & raw materials"
carbone importatori e produttori,1,6,"Chemicals, fuel, construction materials & raw materials"
ceramica,1,6,"Chemicals, fuel, construction materials & raw materials"
pali in cemento armato,1,6,"Chemicals, fuel, construction materials & raw materials"
"autotrasporti, carbone e legnami",1,6,"Chemicals, fuel, construction materials & raw materials"
cement con- truction e mandauti di calce,1,6,"Chemicals, fuel, construction materials & raw materials"
Falegnami,51,7,"Decorative arts, photography, antiques & artisan crafts"
Colorificio Veneziano,44,7,"Decorative arts, photography, antiques & artisan crafts"
Articoli casalinghi e oggetti diversi,42,7,"Decorative arts, photography, antiques & artisan crafts"
Oggetti artistici specialità veneziane ed affini,39,7,"Decorative arts, photography, antiques & artisan crafts"
pittore,36,7,"Decorative arts, photography, antiques & artisan crafts"
Decoratori e pittori,26,7,"Decorative arts, photography, antiques & artisan crafts"
Oggetti usati,24,7,"Decorative arts, photography, antiques & artisan crafts"
Antichità belle arti,23,7,"Decorative arts, photography, antiques & artisan crafts"
Rappresentanze varie,23,7,"Decorative arts, photography, antiques & artisan crafts"
Ferramenta e colori,21,7,"Decorative arts, photography, antiques & artisan crafts"
Fotografie,21,7,"Decorative arts, photography, antiques & artisan crafts"
architetto,21,7,"Decorative arts, photography, antiques & artisan crafts"
decoratore e pittore,18,7,"Decorative arts, photography, antiques & artisan crafts"
rappresentanze varie,17,7,"Decorative arts, photography, antiques & artisan crafts"
oggetti di Cancelleria,17,7,"Decorative arts, photography, antiques & artisan crafts"
Colori e Vernici,16,7,"Decorative arts, photography, antiques & artisan crafts"
ottica ingegneria fotografia,15,7,"Decorative arts, photography, antiques & artisan crafts"
Tappezzieri,15,7,"Decorative arts, photography, antiques & artisan crafts"
oggetti artistici,15,7,"Decorative arts, photography, antiques & artisan crafts"
FOTOGRAFIA,13,7,"Decorative arts, photography, antiques & artisan crafts"
Quadri - riproduzioni ed oggetti artistici,13,7,"Decorative arts, photography, antiques & artisan crafts"
Articoli Fotografici e affini,12,7,"Decorative arts, photography, antiques & artisan crafts"
pittore decoratore,11,7,"Decorative arts, photography, antiques & artisan crafts"
Vetri artistici,10,7,"Decorative arts, photography, antiques & artisan crafts"
ferramenta e colori,10,7,"Decorative arts, photography, antiques & artisan crafts"
Bandai e Lattonieri,8,7,"Decorative arts, photography, antiques & artisan crafts"
Vetro,8,7,"Decorative arts, photography, antiques & artisan crafts"
Insegnante Accademia di Belle Arti,8,7,"Decorative arts, photography, antiques & artisan crafts"
"Terraglie, Porcellane e affini",7,7,"Decorative arts, photography, antiques & artisan crafts"
Pittore,6,7,"Decorative arts, photography, antiques & artisan crafts"
Articoli Funebri,5,7,"Decorative arts, photography, antiques & artisan crafts"
Carta Cartoni ed affini,5,7,"Decorative arts, photography, antiques & artisan crafts"
Perle d'ogni tipo a lume,5,7,"Decorative arts, photography, antiques & artisan crafts"
Oggetti artistici,5,7,"Decorative arts, photography, antiques & artisan crafts"
oggetti usati,5,7,"Decorative arts, photography, antiques & artisan crafts"
ARTI GRAFICHE ESPERIA,5,7,"Decorative arts, photography, antiques & artisan crafts"
antichità belle arti,5,7,"Decorative arts, photography, antiques & artisan crafts"
FOTOMATERIALE,4,7,"Decorative arts, photography, antiques & artisan crafts"
Materiale fotografico,4,7,"Decorative arts, photography, antiques & artisan crafts"
articoli in vetro,4,7,"Decorative arts, photography, antiques & artisan crafts"
Vetrerie in genere,4,7,"Decorative arts, photography, antiques & artisan crafts"
fotografo,4,7,"Decorative arts, photography, antiques & artisan crafts"
Architetto,4,7,"Decorative arts, photography, antiques & artisan crafts"
mosaici,4,7,"Decorative arts, photography, antiques & artisan crafts"
Decoratore e pittore,4,7,"Decorative arts, photography, antiques & artisan crafts"
colori e vernici,3,7,"Decorative arts, photography, antiques & artisan crafts"
Vetrerie,3,7,"Decorative arts, photography, antiques & artisan crafts"
Fiori artificiali,3,7,"Decorative arts, photography, antiques & artisan crafts"
Fiori in vetro,3,7,"Decorative arts, photography, antiques & artisan crafts"
Picchettaggio o verniciature piroseffi,3,7,"Decorative arts, photography, antiques & artisan crafts"
Pittore decoratore,3,7,"Decorative arts, photography, antiques & artisan crafts"
Smalti,3,7,"Decorative arts, photography, antiques & artisan crafts"
Vetrate artistiche,3,7,"Decorative arts, photography, antiques & artisan crafts"
fotografie,3,7,"Decorative arts, photography, antiques & artisan crafts"
scultore,3,7,"Decorative arts, photography, antiques & artisan crafts"
articoli fotografici,3,7,"Decorative arts, photography, antiques & artisan crafts"
Rappresentanze Varie,3,7,"Decorative arts, photography, antiques & artisan crafts"
Pittori decoratori,3,7,"Decorative arts, photography, antiques & artisan crafts"
Acquarelli e fotografie,2,7,"Decorative arts, photography, antiques & artisan crafts"
Foto reportage,2,7,"Decorative arts, photography, antiques & artisan crafts"
Articoli Sportivi,2,7,"Decorative arts, photography, antiques & artisan crafts"
Cartoline illustrate,2,7,"Decorative arts, photography, antiques & artisan crafts"
Arti Grafiche,2,7,"Decorative arts, photography, antiques & artisan crafts"
COLORI - VERNICI - SMALTI,2,7,"Decorative arts, photography, antiques & artisan crafts"
sviluppo e stampa,2,7,"Decorative arts, photography, antiques & artisan crafts"
FOTO,2,7,"Decorative arts, photography, antiques & artisan crafts"
Istituti di Bellezza,2,7,"Decorative arts, photography, antiques & artisan crafts"
Nettezza urbana,2,7,"Decorative arts, photography, antiques & artisan crafts"
Oggetti artistici per regali,2,7,"Decorative arts, photography, antiques & artisan crafts"
Scuole di dattilografia,2,7,"Decorative arts, photography, antiques & artisan crafts"
Specchi veneziani,2,7,"Decorative arts, photography, antiques & artisan crafts"
Tessuti stampati e artistici,2,7,"Decorative arts, photography, antiques & artisan crafts"
Vele e bandiere,2,7,"Decorative arts, photography, antiques & artisan crafts"
decoratori e pittori,2,7,"Decorative arts, photography, antiques & artisan crafts"
antichita belle arti,2,7,"Decorative arts, photography, antiques & artisan crafts"
Articoli di Lusso per Regali,2,7,"Decorative arts, photography, antiques & artisan crafts"
calzolaio,2,7,"Decorative arts, photography, antiques & artisan crafts"
cartoline illustrate,2,7,"Decorative arts, photography, antiques & artisan crafts"
vetri artistici,2,7,"Decorative arts, photography, antiques & artisan crafts"
insegnante Accademia di Belle Arti,2,7,"Decorative arts, photography, antiques & artisan crafts"
"terraglie, porcellane",2,7,"Decorative arts, photography, antiques & artisan crafts"
fotografo (gabinetti di posa),2,7,"Decorative arts, photography, antiques & artisan crafts"
Vetri di Murano,1,7,"Decorative arts, photography, antiques & artisan crafts"
Articoli per regalo,1,7,"Decorative arts, photography, antiques & artisan crafts"
"Arte veneziana, Fiori e Perle",1,7,"Decorative arts, photography, antiques & artisan crafts"
Articoli da Bagno,1,7,"Decorative arts, photography, antiques & artisan crafts"
"Articoli casalinghi e oggetti diversi, Fondamenta Ormesini",1,7,"Decorative arts, photography, antiques & artisan crafts"
Lavori Fotografici,1,7,"Decorative arts, photography, antiques & artisan crafts"
Articoli di Lusso,1,7,"Decorative arts, photography, antiques & artisan crafts"
Articoli di Pittura e Disegno,1,7,"Decorative arts, photography, antiques & artisan crafts"
Articoli da Viaggio,1,7,"Decorative arts, photography, antiques & artisan crafts"
Fdm. Vetrari,1,7,"Decorative arts, photography, antiques & artisan crafts"
Ritratti artistici - Lavori industriali - Reparto eliocinografico - vendita materiale fotocinematografico,1,7,"Decorative arts, photography, antiques & artisan crafts"
Carta da parati e affini,1,7,"Decorative arts, photography, antiques & artisan crafts"
Carte da Gioco,1,7,"Decorative arts, photography, antiques & artisan crafts"
Laboratorio Cornici ed Affini,1,7,"Decorative arts, photography, antiques & artisan crafts"
Società An. cuoi artistici Veneziani,1,7,"Decorative arts, photography, antiques & artisan crafts"
« Decorazione della Casa »,1,7,"Decorative arts, photography, antiques & artisan crafts"
Giornali Riviste,1,7,"Decorative arts, photography, antiques & artisan crafts"
Essenze spiritose,1,7,"Decorative arts, photography, antiques & artisan crafts"
Pavimentazione rivestimenti murale vetrosi,1,7,"Decorative arts, photography, antiques & artisan crafts"
Inchiostri,1,7,"Decorative arts, photography, antiques & artisan crafts"
Arti Grafiche Esperia,1,7,"Decorative arts, photography, antiques & artisan crafts"
"Ritratti artistici, Lavori industriali, Reparto elinocianografico, vendita materiale ft. ocinematografico",1,7,"Decorative arts, photography, antiques & artisan crafts"
Maioliche artistiche,1,7,"Decorative arts, photography, antiques & artisan crafts"
Arte Monumentaria,1,7,"Decorative arts, photography, antiques & artisan crafts"
Mosaici,1,7,"Decorative arts, photography, antiques & artisan crafts"
Oggetti preziosi ed affini,1,7,"Decorative arts, photography, antiques & artisan crafts"
Commerciale cuci artistici Veneziani,1,7,"Decorative arts, photography, antiques & artisan crafts"
Prodotti vetrari,1,7,"Decorative arts, photography, antiques & artisan crafts"
Ritratti artistici - Lavori industriali - Reparto elite cinografico - vendita materiale ftocinematografico,1,7,"Decorative arts, photography, antiques & artisan crafts"
Ritratti aistici - Lavori industriali - Reparto elio- cianografico,1,7,"Decorative arts, photography, antiques & artisan crafts"
"Articoli di lusso per ""regali""",1,7,"Decorative arts, photography, antiques & artisan crafts"
"Vetri Artistici, perle specialità, veneziane",1,7,"Decorative arts, photography, antiques & artisan crafts"
"Collane di perle e fiori di vetro, produzione prornia",1,7,"Decorative arts, photography, antiques & artisan crafts"
"Perle, Brillanti imitazione Argenterie, Specialità Veneziane, Casa Fondata nel 1872",1,7,"Decorative arts, photography, antiques & artisan crafts"
Artisti Ritratti,1,7,"Decorative arts, photography, antiques & artisan crafts"
Tessuti d'arte,1,7,"Decorative arts, photography, antiques & artisan crafts"
Ritratti artistici - Lavori industriali,1,7,"Decorative arts, photography, antiques & artisan crafts"
Tessuti d'Arte creati su telai primiavi,1,7,"Decorative arts, photography, antiques & artisan crafts"
Vernici e smalti,1,7,"Decorative arts, photography, antiques & artisan crafts"
Vetrerie scientifiche e farmaceutiche,1,7,"Decorative arts, photography, antiques & artisan crafts"
"Vetreria Artistica e Stampata, Soffleria Sanitaria, Fiale ed Afftni, Lampadari e Vetri Artistici di Murano",1,7,"Decorative arts, photography, antiques & artisan crafts"
quadri-riproduzionl ed oggettl artistici,1,7,"Decorative arts, photography, antiques & artisan crafts"
fotografe,1,7,"Decorative arts, photography, antiques & artisan crafts"
antiquità belle arti,1,7,"Decorative arts, photography, antiques & artisan crafts"
"Ottica, ingegneria, fotografia",1,7,"Decorative arts, photography, antiques & artisan crafts"
Picchettaggio e Verniciatura Prosceni,1,7,"Decorative arts, photography, antiques & artisan crafts"
Ferramenta e Colori,1,7,"Decorative arts, photography, antiques & artisan crafts"
Ritratti Artistici - Lavori Industriali,1,7,"Decorative arts, photography, antiques & artisan crafts"
mobili artistici e laccati,1,7,"Decorative arts, photography, antiques & artisan crafts"
Museo Archeologico,1,7,"Decorative arts, photography, antiques & artisan crafts"
"colori e vernici, (dettaglio)",1,7,"Decorative arts, photography, antiques & artisan crafts"
anticihità belle arti,1,7,"Decorative arts, photography, antiques & artisan crafts"
Lavorazione artistica mosaici in smalto di vetro Veneziano,1,7,"Decorative arts, photography, antiques & artisan crafts"
Fabbrica Vetri,1,7,"Decorative arts, photography, antiques & artisan crafts"
fotografe (ottico,1,7,"Decorative arts, photography, antiques & artisan crafts"
Ritratti artistici,1,7,"Decorative arts, photography, antiques & artisan crafts"
pirechettaggio e verniciatura piroscafi,1,7,"Decorative arts, photography, antiques & artisan crafts"
pittori decoratori,1,7,"Decorative arts, photography, antiques & artisan crafts"
materiale fotografico etc.,1,7,"Decorative arts, photography, antiques & artisan crafts"
Antichità e belle arti,1,7,"Decorative arts, photography, antiques & artisan crafts"
Ritratti artistici e Lavori industriali - Reparto eliotro cinematografici - vendita materiale fotoincotenografico,1,7,"Decorative arts, photography, antiques & artisan crafts"
vernici sottomarine,1,7,"Decorative arts, photography, antiques & artisan crafts"
Insegne decorazioni al Neon,1,7,"Decorative arts, photography, antiques & artisan crafts"
rappresentanti articoli in vetro,1,7,"Decorative arts, photography, antiques & artisan crafts"
Fotografa,1,7,"Decorative arts, photography, antiques & artisan crafts"
fiori artificiali,1,7,"Decorative arts, photography, antiques & artisan crafts"
"oggetti artistici, fotografia",1,7,"Decorative arts, photography, antiques & artisan crafts"
vetriere in genere e lampadari,1,7,"Decorative arts, photography, antiques & artisan crafts"
anticichità e libreria,1,7,"Decorative arts, photography, antiques & artisan crafts"
vetro,1,7,"Decorative arts, photography, antiques & artisan crafts"
Accademia di Belle Arti,1,7,"Decorative arts, photography, antiques & artisan crafts"
Pittore Decoratore,1,7,"Decorative arts, photography, antiques & artisan crafts"
Oggetti Artistici,1,7,"Decorative arts, photography, antiques & artisan crafts"
Ufficio di Espett. Oggetti di Antichita e d’Arte,1,7,"Decorative arts, photography, antiques & artisan crafts"
fotografie (gabinetti di pos.,1,7,"Decorative arts, photography, antiques & artisan crafts"
rappresentante articoli in vetro,1,7,"Decorative arts, photography, antiques & artisan crafts"
pittore decorato.°,1,7,"Decorative arts, photography, antiques & artisan crafts"
materiale fotografia,1,7,"Decorative arts, photography, antiques & artisan crafts"
Decoratore e Pittore,1,7,"Decorative arts, photography, antiques & artisan crafts"
"Specialità veneziana, quadri riproduzioni ed oggetti artistici",1,7,"Decorative arts, photography, antiques & artisan crafts"
Articoli sanitari,1,7,"Decorative arts, photography, antiques & artisan crafts"
materiale fotografico,1,7,"Decorative arts, photography, antiques & artisan crafts"
articoli funebri,1,7,"Decorative arts, photography, antiques & artisan crafts"
Ritratti artistici - Lavori industriali - Reparto elmo-cinografico - Veduta materiale fotocinomatografico,1,7,"Decorative arts, photography, antiques & artisan crafts"
fotografo (agbinetti di pose),1,7,"Decorative arts, photography, antiques & artisan crafts"
Fotografie (gabinetto di posa),1,7,"Decorative arts, photography, antiques & artisan crafts"
"vetri, cristalli e specchi",1,7,"Decorative arts, photography, antiques & artisan crafts"
articoli fotografici ottica,1,7,"Decorative arts, photography, antiques & artisan crafts"
pasticcio,1,7,"Decorative arts, photography, antiques & artisan crafts"
naturale cinematografico,1,7,"Decorative arts, photography, antiques & artisan crafts"
argenteria e doratura,1,7,"Decorative arts, photography, antiques & artisan crafts"
articoli ceramici,1,7,"Decorative arts, photography, antiques & artisan crafts"
oggetti preziosi ed affini,1,7,"Decorative arts, photography, antiques & artisan crafts"
fotografia,1,7,"Decorative arts, photography, antiques & artisan crafts"
Molini artistici e tappaziere,1,7,"Decorative arts, photography, antiques & artisan crafts"
perle d’ogni tipo a lume,1,7,"Decorative arts, photography, antiques & artisan crafts"
cartoleria oggetti artistici,1,7,"Decorative arts, photography, antiques & artisan crafts"
Soc. Lavorazione Vetri e Cristalli,1,7,"Decorative arts, photography, antiques & artisan crafts"
vetrate artistiche,1,7,"Decorative arts, photography, antiques & artisan crafts"
pic eletteggio e verniciatura piroscafi,1,7,"Decorative arts, photography, antiques & artisan crafts"
Perle e Centre,1,7,"Decorative arts, photography, antiques & artisan crafts"
Antichita della arti,1,7,"Decorative arts, photography, antiques & artisan crafts"
Antichita belle arti,1,7,"Decorative arts, photography, antiques & artisan crafts"
vetre. rie in genere e lampadari,1,7,"Decorative arts, photography, antiques & artisan crafts"
perle vetrerie e lampadari bigiotterie,1,7,"Decorative arts, photography, antiques & artisan crafts"
fotografie (gabinetti di posa),1,7,"Decorative arts, photography, antiques & artisan crafts"
Colori e Vernici (Dettaglio),1,7,"Decorative arts, photography, antiques & artisan crafts"
antiichabile belle arti,1,7,"Decorative arts, photography, antiques & artisan crafts"
Conservatore Archivio Storico d’Arte Contemp.,1,7,"Decorative arts, photography, antiques & artisan crafts"
cristalli e specchi (commercio e lavorazione),1,7,"Decorative arts, photography, antiques & artisan crafts"
notelli gressi e lavorati,1,7,"Decorative arts, photography, antiques & artisan crafts"
oggetti artistici per regali,1,7,"Decorative arts, photography, antiques & artisan crafts"
Mosaicista,1,7,"Decorative arts, photography, antiques & artisan crafts"
detta artigianale,1,7,"Decorative arts, photography, antiques & artisan crafts"
vetreria in genere e lampadari,1,7,"Decorative arts, photography, antiques & artisan crafts"
Metall d'Arte,1,7,"Decorative arts, photography, antiques & artisan crafts"
specialitá veneziane,1,7,"Decorative arts, photography, antiques & artisan crafts"
"fiori, piante e cementisti",1,7,"Decorative arts, photography, antiques & artisan crafts"
Fotografia,1,7,"Decorative arts, photography, antiques & artisan crafts"
Antiche,1,7,"Decorative arts, photography, antiques & artisan crafts"
"Ritratti artistici, Lavori industriali",1,7,"Decorative arts, photography, antiques & artisan crafts"
colori e vernici (dett.),1,7,"Decorative arts, photography, antiques & artisan crafts"
(gabinetti di posa),1,7,"Decorative arts, photography, antiques & artisan crafts"
artistic,1,7,"Decorative arts, photography, antiques & artisan crafts"
"""Pavimenti e rivestimenti""",1,7,"Decorative arts, photography, antiques & artisan crafts"
Scuola di dattilografia,1,7,"Decorative arts, photography, antiques & artisan crafts"
"INSEGNE DECORAZIONI AL NEON, IMPIANTI DI ILLUMINAZIONE A GAS RARI, AGENTE PER IL VENETO S. A. SUPER LUX",1,7,"Decorative arts, photography, antiques & artisan crafts"
galleria d’arte,1,7,"Decorative arts, photography, antiques & artisan crafts"
tappetti decorazioni,1,7,"Decorative arts, photography, antiques & artisan crafts"
Officina di Villar Perosa,1,7,"Decorative arts, photography, antiques & artisan crafts"
Pavimentazioni e Rivestimenti Musici e Vetrosi,1,7,"Decorative arts, photography, antiques & artisan crafts"
compatabile suprimetendenza al Monumenti Medianei e Moderni del Veneto Orientale,1,7,"Decorative arts, photography, antiques & artisan crafts"
vetri in genere e lampadari,1,7,"Decorative arts, photography, antiques & artisan crafts"
libri antichi,1,7,"Decorative arts, photography, antiques & artisan crafts"
carta da parati ed affini,1,7,"Decorative arts, photography, antiques & artisan crafts"
Mosaici Articoli Gres Industriali Ceramiche Aprile Lavorate,1,7,"Decorative arts, photography, antiques & artisan crafts"
Economo Accademia di Belle Arti e Liceo Arti,1,7,"Decorative arts, photography, antiques & artisan crafts"
disegnatore,1,7,"Decorative arts, photography, antiques & artisan crafts"
decoratore o pittore,1,7,"Decorative arts, photography, antiques & artisan crafts"
PAVIMENTAZIONE RIVESTIMENTI MUSIVI VETROSI,1,7,"Decorative arts, photography, antiques & artisan crafts"
"Reparto di cinografico, vendita materie fotocinematografiche",1,7,"Decorative arts, photography, antiques & artisan crafts"
Ceramica,1,7,"Decorative arts, photography, antiques & artisan crafts"
Macchine per scrivere,144,8,
Macchine per scrivere - Calcolatrici - Duplicatori,66,8,
Elettricisti e Idraulici,36,8,"Office equipment, electrical, mechanical & industrial trades"
Febbri ferrai e meccecini,25,8,"Office equipment, electrical, mechanical & industrial trades"
Elettricità,22,8,"Office equipment, electrical, mechanical & industrial trades"
DISINFESTAZIONI UNIVERSALI,20,8,"Office equipment, electrical, mechanical & industrial trades"
Elettricità - Idraulica,19,8,"Office equipment, electrical, mechanical & industrial trades"
SCHEDARI - MOBILI PER UFFICIO - MACCHINE CONTABILI - MACCHINE PER SCRIVERE - DUPLICATORI - ACCESSORI,17,8,
macchinari,16,8,"Office equipment, electrical, mechanical & industrial trades"
Ferramenta e metalli,15,8,"Office equipment, electrical, mechanical & industrial trades"
Apparecchi e materiale radio,14,8,"Office equipment, electrical, mechanical & industrial trades"
Materiale elettrico,14,8,"Office equipment, electrical, mechanical & industrial trades"
Lavanderie meccaniche,13,8,"Office equipment, electrical, mechanical & industrial trades"
Ferramenta in Genere,12,8,"Office equipment, electrical, mechanical & industrial trades"
Tubazioni industriali,12,8,"Office equipment, electrical, mechanical & industrial trades"
ingegnere,11,8,"Office equipment, electrical, mechanical & industrial trades"
Grammofoni e dischi,8,8,"Office equipment, electrical, mechanical & industrial trades"
elettricista e idraulico,8,8,"Office equipment, electrical, mechanical & industrial trades"
fabbro ferraio e meccanico,8,8,"Office equipment, electrical, mechanical & industrial trades"
Articoli Tecnici,7,8,"Office equipment, electrical, mechanical & industrial trades"
apparecchi e materiale radio,7,8,"Office equipment, electrical, mechanical & industrial trades"
Strumenti musicali,7,8,"Office equipment, electrical, mechanical & industrial trades"
Apparecchiature elettriche automatiche,6,8,"Office equipment, electrical, mechanical & industrial trades"
Fonderie Meccaniche,6,8,"Office equipment, electrical, mechanical & industrial trades"
"Incisori, cesellatori sbozzatori",6,8,"Office equipment, electrical, mechanical & industrial trades"
Macchine calcolatrici,6,8,"Office equipment, electrical, mechanical & industrial trades"
Officine elettromeccaniche,6,8,"Office equipment, electrical, mechanical & industrial trades"
elettricità idraulica e gas,6,8,"Office equipment, electrical, mechanical & industrial trades"
Società industriale,6,8,"Office equipment, electrical, mechanical & industrial trades"
radio e radiogrammofoni,5,8,"Office equipment, electrical, mechanical & industrial trades"
radio (riparazioni),5,8,"Office equipment, electrical, mechanical & industrial trades"
Macchine per ufficio,4,8,"Office equipment, electrical, mechanical & industrial trades"
Macchine contabili,4,8,"Office equipment, electrical, mechanical & industrial trades"
Meccanuficio,4,8,"Office equipment, electrical, mechanical & industrial trades"
Officine meccaniche metallurgiche e costruzioni in ferro,4,8,"Office equipment, electrical, mechanical & industrial trades"
Ottiche (Industria),4,8,"Office equipment, electrical, mechanical & industrial trades"
strumenti musicali,4,8,"Office equipment, electrical, mechanical & industrial trades"
ferramenta e metalli,4,8,"Office equipment, electrical, mechanical & industrial trades"
articoli elettrici,3,8,"Office equipment, electrical, mechanical & industrial trades"
Argentatura e doratura,3,8,"Office equipment, electrical, mechanical & industrial trades"
officina meccanica e metallurgica,3,8,"Office equipment, electrical, mechanical & industrial trades"
rappresentante apparecchi e materiale radio,3,8,"Office equipment, electrical, mechanical & industrial trades"
Addizionatrici,2,8,"Office equipment, electrical, mechanical & industrial trades"
Accordatori pianoforti,2,8,"Office equipment, electrical, mechanical & industrial trades"
Articoli Elettrici,2,8,"Office equipment, electrical, mechanical & industrial trades"
Elettrodi,2,8,"Office equipment, electrical, mechanical & industrial trades"
Elettrotecnica,2,8,"Office equipment, electrical, mechanical & industrial trades"
COPERTURE - RIVESTIMENTI - TUBAZIONI,2,8,"Office equipment, electrical, mechanical & industrial trades"
Idraulica e sanitaria,2,8,"Office equipment, electrical, mechanical & industrial trades"
Impianti elettrici,2,8,"Office equipment, electrical, mechanical & industrial trades"
Macchine agricole,2,8,"Office equipment, electrical, mechanical & industrial trades"
Macchine cinematografiche,2,8,"Office equipment, electrical, mechanical & industrial trades"
Macchine utensili,2,8,"Office equipment, electrical, mechanical & industrial trades"
Officine fabbrili,2,8,"Office equipment, electrical, mechanical & industrial trades"
"Rappresentanti e commissionari auto, cicli e accessori",2,8,"Office equipment, electrical, mechanical & industrial trades"
Società minerarie,2,8,"Office equipment, electrical, mechanical & industrial trades"
Ingegnere,2,8,"Office equipment, electrical, mechanical & industrial trades"
materiale elettrico,2,8,"Office equipment, electrical, mechanical & industrial trades"
officina meccanica metallurgica e costruzioni in ferro,2,8,"Office equipment, electrical, mechanical & industrial trades"
macchine cinematografiche,2,8,"Office equipment, electrical, mechanical & industrial trades"
carta cartoni ed affini (industria),2,8,"Office equipment, electrical, mechanical & industrial trades"
impianti di riscaldamento,2,8,"Office equipment, electrical, mechanical & industrial trades"
officina elettromeccanica,2,8,"Office equipment, electrical, mechanical & industrial trades"
impianti telefonici,2,8,"Office equipment, electrical, mechanical & industrial trades"
Generatori Acetilene brevettati,2,8,"Office equipment, electrical, mechanical & industrial trades"
Cicli e Motocicli,1,8,"Office equipment, electrical, mechanical & industrial trades"
Impresa impianti elettrici industriali,1,8,"Office equipment, electrical, mechanical & industrial trades"
Officina riparazioni,1,8,"Office equipment, electrical, mechanical & industrial trades"
Abiti riparazioni,1,8,"Office equipment, electrical, mechanical & industrial trades"
Accessori per auto e lubrificanti,1,8,"Office equipment, electrical, mechanical & industrial trades"
Fabbrica Acque Gassate - “Chabeso”,1,8,"Office equipment, electrical, mechanical & industrial trades"
FABBRICA ACQUE GASSATE,1,8,"Office equipment, electrical, mechanical & industrial trades"
Macchine per scrivere - Calcolatrici - Duplicatori - OCCASIONI - CAMBI - RICOSTRUZIONI - NOLEGGI,1,8,
Avvolgimento Motori,1,8,"Office equipment, electrical, mechanical & industrial trades"
Addizionatricei,1,8,"Office equipment, electrical, mechanical & industrial trades"
Industrial,1,8,"Office equipment, electrical, mechanical & industrial trades"
"Compressori, Trapani, Smerigliatrici, Martelli pneumatici",1,8,"Office equipment, electrical, mechanical & industrial trades"
Costruzioni stradali e ferroviarie,1,8,"Office equipment, electrical, mechanical & industrial trades"
"Officina elettrogalvanica, Argentatura, Ramatura, Biancatura, Ossidatura",1,8,"Office equipment, electrical, mechanical & industrial trades"
Negozi: Bottega dell'Elettricità,1,8,"Office equipment, electrical, mechanical & industrial trades"
produzione distribuzione,1,8,"Office equipment, electrical, mechanical & industrial trades"
Elettrochimica,1,8,"Office equipment, electrical, mechanical & industrial trades"
Elettrodomestica,1,8,"Office equipment, electrical, mechanical & industrial trades"
Elettrogalvanica,1,8,"Office equipment, electrical, mechanical & industrial trades"
"Impianti e Forniture Industriali e Civili, Riscaldamenti Moderni, Idraulici, Sanitari, Elettricità ed affini",1,8,"Office equipment, electrical, mechanical & industrial trades"
Applicazioni elettroautomatiche impianti terrestri e navali,1,8,"Office equipment, electrical, mechanical & industrial trades"
STABILIMENTO ELETTRO - MECCANICO PER LA LAVORAZIONE DEL LEGNO,1,8,"Office equipment, electrical, mechanical & industrial trades"
Forniture meccaniche,1,8,"Office equipment, electrical, mechanical & industrial trades"
Fotindustria,1,8,"Office equipment, electrical, mechanical & industrial trades"
Gemme per veicoli,1,8,"Office equipment, electrical, mechanical & industrial trades"
"IMPIANTI E FORNITURE INDUSTRIALI E CIVILI, IN RISCALDAMENTI MODERNI, IDRAULICI, SANITARI, ELETTRICITÀ ED AFFINI, OFFICINA ELETTROME CANICA, SALDATURA AUTOGENA",1,8,"Office equipment, electrical, mechanical & industrial trades"
Impianti costruzioni elettriche,1,8,"Office equipment, electrical, mechanical & industrial trades"
Impianti riscaldamento,1,8,"Office equipment, electrical, mechanical & industrial trades"
Impianti Telefonici Automatici interni,1,8,"Office equipment, electrical, mechanical & industrial trades"
manutenzione strade ferrate,1,8,"Office equipment, electrical, mechanical & industrial trades"
costruzioni ferroviarie,1,8,"Office equipment, electrical, mechanical & industrial trades"
Porto Industriale,1,8,"Office equipment, electrical, mechanical & industrial trades"
Installazioni elettriche ed idrauliche e vendita materiale elettrico,1,8,"Office equipment, electrical, mechanical & industrial trades"
Macchine e accessori,1,8,"Office equipment, electrical, mechanical & industrial trades"
Macchine per scrivere e accessori,1,8,
Materiali radio elettrici,1,8,"Office equipment, electrical, mechanical & industrial trades"
Meccanica di precisione,1,8,"Office equipment, electrical, mechanical & industrial trades"
Motori,1,8,"Office equipment, electrical, mechanical & industrial trades"
Officine per carica accumulatori,1,8,"Office equipment, electrical, mechanical & industrial trades"
Officine industria alluminio,1,8,"Office equipment, electrical, mechanical & industrial trades"
Officina Meccanica e Fabbrile con Torneria,1,8,"Office equipment, electrical, mechanical & industrial trades"
Officine meccaniche e saldature,1,8,"Office equipment, electrical, mechanical & industrial trades"
Pianoforti di tutte le marche,1,8,"Office equipment, electrical, mechanical & industrial trades"
per L'industria Mineraria ed agricola,1,8,"Office equipment, electrical, mechanical & industrial trades"
Prodotti industriali,1,8,"Office equipment, electrical, mechanical & industrial trades"
Radiotecnico,1,8,"Office equipment, electrical, mechanical & industrial trades"
"Riparazioni radiorecivitori normali e speciali - altoparlanti - microfoni, pick ups, ecc.",1,8,"Office equipment, electrical, mechanical & industrial trades"
Radiomeccanica,1,8,"Office equipment, electrical, mechanical & industrial trades"
Riparazioni autoveicoli,1,8,"Office equipment, electrical, mechanical & industrial trades"
Riparazioni impianti tecnici e igienici,1,8,"Office equipment, electrical, mechanical & industrial trades"
Riparazioni riavvolgimenti macchine elettriche,1,8,"Office equipment, electrical, mechanical & industrial trades"
Scaldabagni elettrici,1,8,"Office equipment, electrical, mechanical & industrial trades"
Segnalazioni luminose,1,8,"Office equipment, electrical, mechanical & industrial trades"
"Impianti Telefoni Automatici Interni, Autorizzata dall'Azienda di Stato",1,8,"Office equipment, electrical, mechanical & industrial trades"
Telefoni,1,8,"Office equipment, electrical, mechanical & industrial trades"
COMPRESSORI D’ARIA,1,8,"Office equipment, electrical, mechanical & industrial trades"
TRAPANI ELETTRICI,1,8,"Office equipment, electrical, mechanical & industrial trades"
Officina Meccanica Metallurgica e Costruzioni in Ferro,1,8,"Office equipment, electrical, mechanical & industrial trades"
Officina meccanica,1,8,"Office equipment, electrical, mechanical & industrial trades"
Industria dello spettacolo,1,8,"Office equipment, electrical, mechanical & industrial trades"
eletricista,1,8,"Office equipment, electrical, mechanical & industrial trades"
no. industria,1,8,"Office equipment, electrical, mechanical & industrial trades"
officina meccanica metallurgica e construzioni in ferro,1,8,"Office equipment, electrical, mechanical & industrial trades"
Impianti Elettro-Industriali,1,8,"Office equipment, electrical, mechanical & industrial trades"
Elettricità Idraulica e Gas,1,8,"Office equipment, electrical, mechanical & industrial trades"
strumenti musicali e materiele radio,1,8,"Office equipment, electrical, mechanical & industrial trades"
"Articoli sanitari, Articoli di gomma, tecnici ed industriali, l'nper. meschi Pirelli, Buetti Berni e delle migliori Marche, Forniture complete per,Ambulatori""",1,8,"Office equipment, electrical, mechanical & industrial trades"
fonderia meccanica,1,8,"Office equipment, electrical, mechanical & industrial trades"
La Radio-elettrica,1,8,"Office equipment, electrical, mechanical & industrial trades"
officina meccanica e saldature,1,8,"Office equipment, electrical, mechanical & industrial trades"
macchine contabili calcolatrici,1,8,
elettricisti idraulica gas,1,8,"Office equipment, electrical, mechanical & industrial trades"
rappresento macchine,1,8,"Office equipment, electrical, mechanical & industrial trades"
Printe. Uff. Impianti Elettrici e di Segnalamento,1,8,"Office equipment, electrical, mechanical & industrial trades"
gas (industria),1,8,"Office equipment, electrical, mechanical & industrial trades"
"Soc. per Az. a. r. 1., electrica e idraulica",1,8,"Office equipment, electrical, mechanical & industrial trades"
tubazioni industriali,1,8,"Office equipment, electrical, mechanical & industrial trades"
materiali radio elettrici,1,8,"Office equipment, electrical, mechanical & industrial trades"
tornitore 2362,1,8,"Office equipment, electrical, mechanical & industrial trades"
elettricità idraulica gas,1,8,"Office equipment, electrical, mechanical & industrial trades"
macchine elettrica industriali e motori,1,8,"Office equipment, electrical, mechanical & industrial trades"
impianti frigoriferi,1,8,"Office equipment, electrical, mechanical & industrial trades"
impianti condizionamento d'aria,1,8,"Office equipment, electrical, mechanical & industrial trades"
fabbro ferruic meccanico,1,8,"Office equipment, electrical, mechanical & industrial trades"
pittunzionii industriali,1,8,"Office equipment, electrical, mechanical & industrial trades"
Apparecchi o materiale radio,1,8,"Office equipment, electrical, mechanical & industrial trades"
ferramenta,1,8,"Office equipment, electrical, mechanical & industrial trades"
elettricista idraulica e gas,1,8,"Office equipment, electrical, mechanical & industrial trades"
Industria,1,8,"Office equipment, electrical, mechanical & industrial trades"
Generatori Accellene Brevettati,1,8,"Office equipment, electrical, mechanical & industrial trades"
Offlcina Elettromeccanica,1,8,"Office equipment, electrical, mechanical & industrial trades"
officina fabbrile,1,8,"Office equipment, electrical, mechanical & industrial trades"
fabhro ferraio e meccanico,1,8,"Office equipment, electrical, mechanical & industrial trades"
Ferri e Metalli Usati,1,8,"Office equipment, electrical, mechanical & industrial trades"
accordatori pianoforti,1,8,"Office equipment, electrical, mechanical & industrial trades"
rappresentante macchine,1,8,"Office equipment, electrical, mechanical & industrial trades"
magil'na (fabbrica),1,8,"Office equipment, electrical, mechanical & industrial trades"
fabbrica e deposito,1,8,"Office equipment, electrical, mechanical & industrial trades"
Radio e radiogrammofoni,1,8,"Office equipment, electrical, mechanical & industrial trades"
Elettricista idraulica e gas,1,8,"Office equipment, electrical, mechanical & industrial trades"
rapprsentate macchinari,1,8,"Office equipment, electrical, mechanical & industrial trades"
fabbrica,1,8,"Office equipment, electrical, mechanical & industrial trades"
frigoriferi,1,8,"Office equipment, electrical, mechanical & industrial trades"
Apparecchi agricoli,1,8,"Office equipment, electrical, mechanical & industrial trades"
rappresentante materiale elettrico,1,8,"Office equipment, electrical, mechanical & industrial trades"
prov. servizio impianti sport,1,8,"Office equipment, electrical, mechanical & industrial trades"
rappresentante macchineri,1,8,"Office equipment, electrical, mechanical & industrial trades"
Fonderia meccanica,1,8,"Office equipment, electrical, mechanical & industrial trades"
macchine a motori,1,8,"Office equipment, electrical, mechanical & industrial trades"
eletrogavanica,1,8,"Office equipment, electrical, mechanical & industrial trades"
"Costruzioni ed impianti elettrici idraulici sanitari e gas, Officina riparazioni, Venezia materiale",1,8,"Office equipment, electrical, mechanical & industrial trades"
"cicli e motocicli (accessori, riparazioni, vendite)",1,8,"Office equipment, electrical, mechanical & industrial trades"
cicli e motocicli (noleggio nolecizio riparazioni),1,8,"Office equipment, electrical, mechanical & industrial trades"
fabbro e meccanico,1,8,"Office equipment, electrical, mechanical & industrial trades"
fabre ferraio e meccanico,1,8,"Office equipment, electrical, mechanical & industrial trades"
"Ispett. Riparto Telegrafo Uff. Impianti Elettrici e di Segnalamento, Ferrovia dello Stato",1,8,"Office equipment, electrical, mechanical & industrial trades"
Radio riparazioni,1,8,"Office equipment, electrical, mechanical & industrial trades"
Fabbro ferraio meccanico,1,8,"Office equipment, electrical, mechanical & industrial trades"
"impianti e Forniture industriali e Civili, Risc. Moderni, Idraulici, Sanitari, Elettricità ed affini",1,8,"Office equipment, electrical, mechanical & industrial trades"
elettricista idraulico,1,8,"Office equipment, electrical, mechanical & industrial trades"
Macchine per scrivene - Calcilatrici - Duplicatori,1,8,
Importazione Esportazione Commercio Prodotti del suolo e del Findustrie,1,8,"Office equipment, electrical, mechanical & industrial trades"
officina di Motoeicli,1,8,"Office equipment, electrical, mechanical & industrial trades"
"Servizi accessori ferroviari, libereria",1,8,"Office equipment, electrical, mechanical & industrial trades"
Fabbrica,1,8,"Office equipment, electrical, mechanical & industrial trades"
industries,1,8,"Office equipment, electrical, mechanical & industrial trades"
elettricista,1,8,"Office equipment, electrical, mechanical & industrial trades"
"Sez, Materiale Trazione",1,8,"Office equipment, electrical, mechanical & industrial trades"
radiomeccanica,1,8,"Office equipment, electrical, mechanical & industrial trades"
impianti di riscaldamento elettricità idraulica e gas,1,8,"Office equipment, electrical, mechanical & industrial trades"
gas (industrie),1,8,"Office equipment, electrical, mechanical & industrial trades"
prodotti industriali,1,8,"Office equipment, electrical, mechanical & industrial trades"
fonderia,1,8,"Office equipment, electrical, mechanical & industrial trades"
elettromeccanica,1,8,"Office equipment, electrical, mechanical & industrial trades"
Fonderia p'eceuenca,1,8,"Office equipment, electrical, mechanical & industrial trades"
ghiaerio (fabbrica),1,8,"Office equipment, electrical, mechanical & industrial trades"
"impianti elettrici di qualsiasi tipo, Lampadari, Compresi illuminanti, Apparecchi o materiale elettrico, Proiettori, Vetrof diffusori primidali Holophane Fidenza. Rappresentante della Società e Compagnia Elettrotecnica Italian., ""Fidenza"". Soc. An. Vetraria, a Dueic (Termoconvettori e Termareatori eletrtic) ol A.E.R.); Apparecchiature Elettroe Razionali, Materiale per installazione m°, Agente della Soc. Fabbriche Rumci >Neon >, Venezia",1,8,"Office equipment, electrical, mechanical & industrial trades"
"Ufficio di Venezia, Sezioni: Stabilimento Grandi Motori, Ferriere Piemontesi, Industrie Metallurgiche ed Accialerie, Fonderie Ghisa, Materiale Ferroviario, S. A. Metalli, S. A. Produscia, S. A. Ricuperi Metallifei, Prodotti Vitoc e della Vetrooock.",1,8,"Office equipment, electrical, mechanical & industrial trades"
elettricità e idraulica,1,8,"Office equipment, electrical, mechanical & industrial trades"
"mezzi S.M.L.T., elettricità idraulica e gas",1,8,"Office equipment, electrical, mechanical & industrial trades"
Soc. Veneta Impianti Elettrici e lettricit€: id-arulici,1,8,"Office equipment, electrical, mechanical & industrial trades"
Addizionatori,1,8,"Office equipment, electrical, mechanical & industrial trades"
Industria Acque Gassate,1,8,"Office equipment, electrical, mechanical & industrial trades"
elettricità e idraulica e gas,1,8,"Office equipment, electrical, mechanical & industrial trades"
Premiata Fonderia Artistica Maccanica con Laboratorio Bronzi,1,8,"Office equipment, electrical, mechanical & industrial trades"
officina industria alluminio,1,8,"Office equipment, electrical, mechanical & industrial trades"
officium industria,1,8,"Office equipment, electrical, mechanical & industrial trades"
officina meccanici metalurgla e costruzioni in ferro,1,8,"Office equipment, electrical, mechanical & industrial trades"
poste e telegrafi,1,8,"Office equipment, electrical, mechanical & industrial trades"
elettrotecnica,1,8,"Office equipment, electrical, mechanical & industrial trades"
materiali radio electri,1,8,"Office equipment, electrical, mechanical & industrial trades"
macchine sutenili nuove e do canzone,1,8,"Office equipment, electrical, mechanical & industrial trades"
Costruzioni Meccaniche,1,8,"Office equipment, electrical, mechanical & industrial trades"
"VETRI DIFFUSORI PRISMATICI PER ILLUMINAZIONE, PROIETTORI E RIFLETTORI PER ILLUMINAZIONE, PUBBLICA, INDUSTRIALE, STABILIMENTI E UFFICI, RAPPRESENTANTE S. A. SUPER LUX",1,8,"Office equipment, electrical, mechanical & industrial trades"
"IMPIANTI ELETTRICI DI QUAL SIASI TIPO, LAMPADARI, COMPLESSI ILLUMINANTI, APPARECCHI E MATERIALE ELETTRICO, PROIETTORI, VETRI DIFFUSORI PRISMATICI,",1,8,"Office equipment, electrical, mechanical & industrial trades"
fabbro ferrario e meccanico,1,8,"Office equipment, electrical, mechanical & industrial trades"
elettricità industriale e gas,1,8,"Office equipment, electrical, mechanical & industrial trades"
"Forniture Statali, Parastatali e Private, Costruzioni Elettriche Centrali, Sottostazioni di Trasformazione e smistamento. Cabine di Trasformazione e di Manovra, Officine carica accumulatori. Linee per trasporto energia per alta e bassa tensione. Per trazioni o telefoniche in genere. Impianti di bordo: Da guerra e mercantili, industriali di luce o forza motricc., Domestici, Di segnalazione. In serie e ad intensità costante, Telefoni, Teatrali, Ospedalieri. Segnalamenti Terrestri e Marittimi. Acustici o luminosi. Macchinari Elettrici, Riparazioni, Riavvolgimenti.",1,8,"Office equipment, electrical, mechanical & industrial trades"
Associazione Regionale tra gli Industriali,1,8,"Office equipment, electrical, mechanical & industrial trades"
fabbro ferraio e mecca-nico,1,8,"Office equipment, electrical, mechanical & industrial trades"
Società Fabbriche Riunite,1,8,"Office equipment, electrical, mechanical & industrial trades"
cicli e motocicli (accessori,1,8,"Office equipment, electrical, mechanical & industrial trades"
radio (trasmissioni),1,8,"Office equipment, electrical, mechanical & industrial trades"
industria bostchiva,1,8,"Office equipment, electrical, mechanical & industrial trades"
commercio e lavorazione,1,8,"Office equipment, electrical, mechanical & industrial trades"
factories,1,8,"Office equipment, electrical, mechanical & industrial trades"
Coltellerie IN GENERE - ARROTATURA RASOI,1,8,"Office equipment, electrical, mechanical & industrial trades"
Elettricista,1,8,"Office equipment, electrical, mechanical & industrial trades"
rappresentante macchinari,1,8,"Office equipment, electrical, mechanical & industrial trades"
fabbro ferraro e meccanico,1,8,"Office equipment, electrical, mechanical & industrial trades"
Fabbrica Acque Gassate,1,8,"Office equipment, electrical, mechanical & industrial trades"
autoriparatori,1,8,"Office equipment, electrical, mechanical & industrial trades"
Ritocchi artistici - Lavori industriali - Reparto eliocinografico - vendita materiale fotocenematicografico,1,8,"Office equipment, electrical, mechanical & industrial trades"
Empoilo Materiale Elettfi.,1,8,"Office equipment, electrical, mechanical & industrial trades"
Fabbrica S. Baseggio 1124,1,8,"Office equipment, electrical, mechanical & industrial trades"
elettricita idraulica e gas,1,8,"Office equipment, electrical, mechanical & industrial trades"
SCHEDARI - MOBILI PER UFFICI - MACCHINE CONTABILI MACCHINE PER SCRIVERE DUPLICATORI - ACCESSORI,1,8,
regolatori di temperatura,1,8,"Office equipment, electrical, mechanical & industrial trades"
Impianti condizionamento d’aria,1,8,"Office equipment, electrical, mechanical & industrial trades"
Trattorie,181,9,"Food, grocery & hospitality trade"
Alimentari,136,9,"Food, grocery & hospitality trade"
trattoria,76,9,"Food, grocery & hospitality trade"
Specialità veneziane,74,9,"Food, grocery & hospitality trade"
alimentari (dett.),71,9,"Food, grocery & hospitality trade"
Generi alimentari,66,9,"Food, grocery & hospitality trade"
macelleria,58,9,"Food, grocery & hospitality trade"
Caffe,53,9,"Food, grocery & hospitality trade"
Panifici,41,9,"Food, grocery & hospitality trade"
Frutta e verdura GROSSISTI,39,9,"Food, grocery & hospitality trade"
Vini (grossisti),35,9,"Food, grocery & hospitality trade"
alimentari,33,9,"Food, grocery & hospitality trade"
Salumi (negozi),32,9,"Food, grocery & hospitality trade"
panificio,31,9,"Food, grocery & hospitality trade"
Olii commestibili ed affini,29,9,"Food, grocery & hospitality trade"
farmacista,27,9,"Food, grocery & hospitality trade"
tabaccheria,24,9,"Food, grocery & hospitality trade"
RISTORANTE,21,9,"Food, grocery & hospitality trade"
Drogherie,20,9,"Food, grocery & hospitality trade"
pasticceria,20,9,"Food, grocery & hospitality trade"
specialità veneziane,20,9,"Food, grocery & hospitality trade"
Caffè (esercizi),19,9,"Food, grocery & hospitality trade"
rappresentante generi alimentari,18,9,"Food, grocery & hospitality trade"
caffè (esercizi),17,9,"Food, grocery & hospitality trade"
Caffè,16,9,"Food, grocery & hospitality trade"
Farmacie,16,9,"Food, grocery & hospitality trade"
Caffe (torrefazione),14,9,"Food, grocery & hospitality trade"
Frutta secca,14,9,"Food, grocery & hospitality trade"
Friggitorie e commestibili cotti,13,9,"Food, grocery & hospitality trade"
Pastifici,13,9,"Food, grocery & hospitality trade"
salumi (negozio),12,9,"Food, grocery & hospitality trade"
farmacia,11,9,"Food, grocery & hospitality trade"
Pesce,11,9,"Food, grocery & hospitality trade"
Prodotti farmaceutici,11,9,"Food, grocery & hospitality trade"
Ristoranti,10,9,"Food, grocery & hospitality trade"
caffè,10,9,"Food, grocery & hospitality trade"
frutta e verdura (grossista),9,9,"Food, grocery & hospitality trade"
ristorante,9,9,"Food, grocery & hospitality trade"
Alimentari (dett.),9,9,"Food, grocery & hospitality trade"
Tabaccheria,8,9,"Food, grocery & hospitality trade"
Frutta,8,9,"Food, grocery & hospitality trade"
Gelaterie,8,9,"Food, grocery & hospitality trade"
albergo e ristorante,8,9,"Food, grocery & hospitality trade"
Pasticcerie ed affini,7,9,"Food, grocery & hospitality trade"
vini (grossista),7,9,"Food, grocery & hospitality trade"
Pesce conserva,7,9,"Food, grocery & hospitality trade"
Crine vegetali,5,9,"Food, grocery & hospitality trade"
Rosticcerie,5,9,"Food, grocery & hospitality trade"
Panificio,5,9,"Food, grocery & hospitality trade"
salumi,5,9,"Food, grocery & hospitality trade"
alimentari (dett),5,9,"Food, grocery & hospitality trade"
frutta e verdura,5,9,"Food, grocery & hospitality trade"
alimentari (gross.),5,9,"Food, grocery & hospitality trade"
bar pasticceria,5,9,"Food, grocery & hospitality trade"
Calonificio Veneziano,5,9,"Food, grocery & hospitality trade"
Caffe (importatori),4,9,"Food, grocery & hospitality trade"
vini (commercio enologico),4,9,"Food, grocery & hospitality trade"
drogheria,4,9,"Food, grocery & hospitality trade"
gelateria,4,9,"Food, grocery & hospitality trade"
Aromi per dolci,3,9,"Food, grocery & hospitality trade"
Bottiglierie,3,9,"Food, grocery & hospitality trade"
Ortaggi e legumi,3,9,"Food, grocery & hospitality trade"
Pesce e crostacei,3,9,"Food, grocery & hospitality trade"
Sciroppi,3,9,"Food, grocery & hospitality trade"
Ristorante,3,9,"Food, grocery & hospitality trade"
rosticceria,3,9,"Food, grocery & hospitality trade"
Alimentari (gross.),3,9,"Food, grocery & hospitality trade"
cereali,3,9,"Food, grocery & hospitality trade"
Pasticceria,3,9,"Food, grocery & hospitality trade"
Farmacia,3,9,"Food, grocery & hospitality trade"
pesce (ingrosso),3,9,"Food, grocery & hospitality trade"
caffe (esercizi),3,9,"Food, grocery & hospitality trade"
Birra,2,9,"Food, grocery & hospitality trade"
Liquori,2,9,"Food, grocery & hospitality trade"
Cantine,2,9,"Food, grocery & hospitality trade"
Essicazione frutta ed erbaggi,2,9,"Food, grocery & hospitality trade"
Frutta e verdura conservate,2,9,"Food, grocery & hospitality trade"
Gelateria,2,9,"Food, grocery & hospitality trade"
Latte (grossisti),2,9,"Food, grocery & hospitality trade"
Liqouri (dettaglio),2,9,"Food, grocery & hospitality trade"
Marmellate,2,9,"Food, grocery & hospitality trade"
Pesce marittima,2,9,"Food, grocery & hospitality trade"
Pescicoltura,2,9,"Food, grocery & hospitality trade"
Prodotti agricoli,2,9,"Food, grocery & hospitality trade"
Salumi (grossisti),2,9,"Food, grocery & hospitality trade"
Alimentari (dett),2,9,"Food, grocery & hospitality trade"
Caffè (torrefazione),2,9,"Food, grocery & hospitality trade"
ghiaccio (vendita),2,9,"Food, grocery & hospitality trade"
bar-pasticceria,2,9,"Food, grocery & hospitality trade"
pastificio,2,9,"Food, grocery & hospitality trade"
frutta secca,2,9,"Food, grocery & hospitality trade"
oli commestibili,2,9,"Food, grocery & hospitality trade"
vini grossista,2,9,"Food, grocery & hospitality trade"
alimentaristi (dett.),2,9,"Food, grocery & hospitality trade"
alimentari (det.),2,9,"Food, grocery & hospitality trade"
Pesce (ingrosso),2,9,"Food, grocery & hospitality trade"
Alimentari (det.t),2,9,"Food, grocery & hospitality trade"
Frutta e verdura (grossista),2,9,"Food, grocery & hospitality trade"
olii commestibili,2,9,"Food, grocery & hospitality trade"
prodotti farmaceutici (commercio),2,9,"Food, grocery & hospitality trade"
"alimentari gross, drogheria",2,9,"Food, grocery & hospitality trade"
ottica (commercio),2,9,"Food, grocery & hospitality trade"
oli commestibili (commercio),2,9,"Food, grocery & hospitality trade"
vini (grossisti),2,9,"Food, grocery & hospitality trade"
Rappresentante generi alimentari,2,9,"Food, grocery & hospitality trade"
commercio,2,9,"Food, grocery & hospitality trade"
Farmacista,2,9,"Food, grocery & hospitality trade"
friggitoria e commestibili cotti,2,9,"Food, grocery & hospitality trade"
(grossista),2,9,"Food, grocery & hospitality trade"
caffè (surrogati),2,9,"Food, grocery & hospitality trade"
budella salate,2,9,"Food, grocery & hospitality trade"
giornali (distribuzione),2,9,"Food, grocery & hospitality trade"
"Importazione, Esportazione Frutta e verdura",1,9,"Food, grocery & hospitality trade"
scambio generi alimentarii,1,9,"Food, grocery & hospitality trade"
gestione caffè,1,9,"Food, grocery & hospitality trade"
Carni conservate,1,9,"Food, grocery & hospitality trade"
Carni e Frattaglie cotte,1,9,"Food, grocery & hospitality trade"
Erbe medicinali,1,9,"Food, grocery & hospitality trade"
Esercizio caffè,1,9,"Food, grocery & hospitality trade"
Legumi,1,9,"Food, grocery & hospitality trade"
"Vini, Liquori, Alimentari, Rappresentanze e Depositi",1,9,"Food, grocery & hospitality trade"
"Rappresentanza di case produttrici di medicinali, prodotti dietetici, chimici, sanitari, igienici, ortopedici, galenici",1,9,"Food, grocery & hospitality trade"
Medicinali,1,9,"Food, grocery & hospitality trade"
"Pasticcerie, Liquori, Vini",1,9,"Food, grocery & hospitality trade"
(commercio),1,9,"Food, grocery & hospitality trade"
Assistenza generi razionati agli alimentari bar alberghi,1,9,"Food, grocery & hospitality trade"
Ristoranti vegetariani,1,9,"Food, grocery & hospitality trade"
"Rinomata cucina, VIni scelti, Servizio accurato",1,9,"Food, grocery & hospitality trade"
giornalaio (vendita),1,9,"Food, grocery & hospitality trade"
il caffè (esercizio),1,9,"Food, grocery & hospitality trade"
Aromi dolci affini di Marcassoli Marino,1,9,"Food, grocery & hospitality trade"
Caffè (Esercizi),1,9,"Food, grocery & hospitality trade"
"Bar, Caffè",1,9,"Food, grocery & hospitality trade"
Accomodini Verzemin Alimentari D. Caonet di. Ca Ponte e C. Alimentari (arross.),1,9,"Food, grocery & hospitality trade"
"Panificio, pastificio",1,9,"Food, grocery & hospitality trade"
alimentari (gross e,1,9,"Food, grocery & hospitality trade"
specialità veniziane,1,9,"Food, grocery & hospitality trade"
importo di Consumo,1,9,"Food, grocery & hospitality trade"
latticini alimentari,1,9,"Food, grocery & hospitality trade"
alimentari (grosso),1,9,"Food, grocery & hospitality trade"
macelleria (introduced bestiame),1,9,"Food, grocery & hospitality trade"
macellaio (introdtuto e bestiame),1,9,"Food, grocery & hospitality trade"
pesce conservato caviale,1,9,"Food, grocery & hospitality trade"
Rappresentante Generi Alimentari,1,9,"Food, grocery & hospitality trade"
Alimentarì (dett.),1,9,"Food, grocery & hospitality trade"
"drogheria, apprendante prodotti chimici",1,9,"Food, grocery & hospitality trade"
pesce,1,9,"Food, grocery & hospitality trade"
espresso pozzi neri,1,9,"Food, grocery & hospitality trade"
Caffè {torreflazione),1,9,"Food, grocery & hospitality trade"
latte (grossista),1,9,"Food, grocery & hospitality trade"
rappresentante generali alimentarali,1,9,"Food, grocery & hospitality trade"
rappresentante generi alimentari tevi (grosso),1,9,"Food, grocery & hospitality trade"
alimentari (dtt.),1,9,"Food, grocery & hospitality trade"
caffe' (esercizi),1,9,"Food, grocery & hospitality trade"
aromi per dolci,1,9,"Food, grocery & hospitality trade"
"Compagnia Erbe, Medicinali, Alimentari",1,9,"Food, grocery & hospitality trade"
Vini (Grossista),1,9,"Food, grocery & hospitality trade"
droghcr (commercio),1,9,"Food, grocery & hospitality trade"
caffè (eserzio),1,9,"Food, grocery & hospitality trade"
droghe (commercio),1,9,"Food, grocery & hospitality trade"
"Soc. Coop. a r. l, alimentari (det.t.)",1,9,"Food, grocery & hospitality trade"
Salumi (negozio),1,9,"Food, grocery & hospitality trade"
Zuccherificio,1,9,"Food, grocery & hospitality trade"
Latte (produzione),1,9,"Food, grocery & hospitality trade"
"Alimentari (gross.), loc. Villabona",1,9,"Food, grocery & hospitality trade"
"caffè (esercizi) | ""Circolo Varioni""",1,9,"Food, grocery & hospitality trade"
"Soc. Coop. a. r. e. 1., alimentari (dett.)",1,9,"Food, grocery & hospitality trade"
"s. a. r. 1., alimentari (dett.)",1,9,"Food, grocery & hospitality trade"
vini alimentari (ingrosso) (dett.),1,9,"Food, grocery & hospitality trade"
ottici (commerce),1,9,"Food, grocery & hospitality trade"
dolciumi (girosso),1,9,"Food, grocery & hospitality trade"
macelliere (introduttore bestiame),1,9,"Food, grocery & hospitality trade"
macelleria (isola della Chiesa),1,9,"Food, grocery & hospitality trade"
salumn (negozio),1,9,"Food, grocery & hospitality trade"
frigorifero e commcerstihii; catti,1,9,"Food, grocery & hospitality trade"
Soc. Industria Conserv alimentari,1,9,"Food, grocery & hospitality trade"
cartu (commercio),1,9,"Food, grocery & hospitality trade"
salami,1,9,"Food, grocery & hospitality trade"
Fruttivendolo,1,9,"Food, grocery & hospitality trade"
pesce e carni conservate,1,9,"Food, grocery & hospitality trade"
frutti e vermora (grossista),1,9,"Food, grocery & hospitality trade"
caffè (torrefazione),1,9,"Food, grocery & hospitality trade"
Formaggio burro e conserva,1,9,"Food, grocery & hospitality trade"
Alimentari (dett.); Latteria,1,9,"Food, grocery & hospitality trade"
frutta e vedura,1,9,"Food, grocery & hospitality trade"
cereali (grossista e deposito),1,9,"Food, grocery & hospitality trade"
dolciumi (ingrosso),1,9,"Food, grocery & hospitality trade"
tabaccherìa,1,9,"Food, grocery & hospitality trade"
commerciatista,1,9,"Food, grocery & hospitality trade"
pesce e crostacei,1,9,"Food, grocery & hospitality trade"
olii commestibili (commercio),1,9,"Food, grocery & hospitality trade"
"S. A., caffè",1,9,"Food, grocery & hospitality trade"
farmacie,1,9,"Food, grocery & hospitality trade"
albergo - ristorante,1,9,"Food, grocery & hospitality trade"
Pasticcerias,1,9,"Food, grocery & hospitality trade"
rappresentanze generi alimentarii,1,9,"Food, grocery & hospitality trade"
carta (grossista),1,9,"Food, grocery & hospitality trade"
marmellate frutta vendura (grossista),1,9,"Food, grocery & hospitality trade"
perlo (lavoro e commercio),1,9,"Food, grocery & hospitality trade"
Alimentari (gross),1,9,"Food, grocery & hospitality trade"
"Commercio riso, farina, legumi, Ortaggi conservati all'orto, Carta da imbacco, Saponi in genere",1,9,"Food, grocery & hospitality trade"
farmaciaa,1,9,"Food, grocery & hospitality trade"
alimentari gross.,1,9,"Food, grocery & hospitality trade"
rappresentante penni alimentari,1,9,"Food, grocery & hospitality trade"
alimentari (dott.),1,9,"Food, grocery & hospitality trade"
frutta,1,9,"Food, grocery & hospitality trade"
Pasticceria e Bar,1,9,"Food, grocery & hospitality trade"
Specialità veneziana,1,9,"Food, grocery & hospitality trade"
Specialità venoziane,1,9,"Food, grocery & hospitality trade"
"prodotti officinali,S.g.r.l. prodotti farmaceutici (commerciali)",1,9,"Food, grocery & hospitality trade"
olii commestibili (commerce),1,9,"Food, grocery & hospitality trade"
frutta e verdura (Grossista),1,9,"Food, grocery & hospitality trade"
commercio enologico,1,9,"Food, grocery & hospitality trade"
Bar caffè (esercii),1,9,"Food, grocery & hospitality trade"
caffe (servizii),1,9,"Food, grocery & hospitality trade"
"alimentari, gross.",1,9,"Food, grocery & hospitality trade"
"alimentari, detti",1,9,"Food, grocery & hospitality trade"
"caffe, commercio, droghe e dolciumi, Coloniali",1,9,"Food, grocery & hospitality trade"
"caffè, importatori, droghe e dolciumi, coloniali",1,9,"Food, grocery & hospitality trade"
carne vegetale,1,9,"Food, grocery & hospitality trade"
carta (commercio),1,9,"Food, grocery & hospitality trade"
tabacchiere,1,9,"Food, grocery & hospitality trade"
Rappresentanze Medicinali,1,9,"Food, grocery & hospitality trade"
Rappresentanze Produttrici di Medicinali,1,9,"Food, grocery & hospitality trade"
Coloniali detersivi saponi affii (commercio),1,9,"Food, grocery & hospitality trade"
Cucina Tipica Veneziana,1,9,"Food, grocery & hospitality trade"
alimentari (dettaglianti),1,9,"Food, grocery & hospitality trade"
ottico (commercio),1,9,"Food, grocery & hospitality trade"
friggitioria e commestibili cotti,1,9,"Food, grocery & hospitality trade"
"pasticceria, bar",1,9,"Food, grocery & hospitality trade"
"modisteria, succe. di Baroncelli",1,9,"Food, grocery & hospitality trade"
salumi (grossista),1,9,"Food, grocery & hospitality trade"
commercisita,1,9,"Food, grocery & hospitality trade"
alimentari (dettagli),1,9,"Food, grocery & hospitality trade"
alimenti (dett. c. ingrosso),1,9,"Food, grocery & hospitality trade"
abitì confezionati,1,9,"Food, grocery & hospitality trade"
Pelet (lavor. e commercio),1,9,"Food, grocery & hospitality trade"
essicazione frutta ed erbaggi,1,9,"Food, grocery & hospitality trade"
Industria sur- roggati cffe,1,9,"Food, grocery & hospitality trade"
prodotti farmaceutici,1,9,"Food, grocery & hospitality trade"
Soc. Coop. Muranese di Consumo,1,9,"Food, grocery & hospitality trade"
per prodotti e commercio,1,9,"Food, grocery & hospitality trade"
Salumi,1,9,"Food, grocery & hospitality trade"
"cereali (grossista), olii commestibili (commecio)",1,9,"Food, grocery & hospitality trade"
"drogheria, pasticceria",1,9,"Food, grocery & hospitality trade"
Alimentari (GROSS),1,9,"Food, grocery & hospitality trade"
Rosticceria,1,9,"Food, grocery & hospitality trade"
alimentari (dettaglio),1,9,"Food, grocery & hospitality trade"
macelleria (introduttore bestiame),1,9,"Food, grocery & hospitality trade"
caffé,1,9,"Food, grocery & hospitality trade"
alimentari (gros.),1,9,"Food, grocery & hospitality trade"
commerciants,1,9,"Food, grocery & hospitality trade"
vini e olii,1,9,"Food, grocery & hospitality trade"
bakery,1,9,"Food, grocery & hospitality trade"
Venetian specialties,1,9,"Food, grocery & hospitality trade"
negozio imbacazioni,1,9,"Food, grocery & hospitality trade"
alimentari (d.t.),1,9,"Food, grocery & hospitality trade"
alimentari (detta.),1,9,"Food, grocery & hospitality trade"
"cioccolopo, caffè (esercizi)",1,9,"Food, grocery & hospitality trade"
"caffe, (esercizi)",1,9,"Food, grocery & hospitality trade"
Cereali,1,9,"Food, grocery & hospitality trade"
Vini (grossista),1,9,"Food, grocery & hospitality trade"
cereali (grossista e de-posto),1,9,"Food, grocery & hospitality trade"
alimentarist (gross),1,9,"Food, grocery & hospitality trade"
"ristorante, caffè",1,9,"Food, grocery & hospitality trade"
"Confezioni ""Al Pupo"" Per Bambini",1,9,"Food, grocery & hospitality trade"
Commercio,1,9,"Food, grocery & hospitality trade"
pesce crostacei,1,9,"Food, grocery & hospitality trade"
rappresentante generale alimentari,1,9,"Food, grocery & hospitality trade"
"Vini (grossista), liquori (fabbrica & deposito)",1,9,"Food, grocery & hospitality trade"
"t. r. I., per la gestione del caffè: Alpolco, caffè (esercizi)",1,9,"Food, grocery & hospitality trade"
eralta (torrefazione),1,9,"Food, grocery & hospitality trade"
