{
"type": "FeatureCollection",
"name": "tmpreghtp_6",
"crs": { "type": "name", "properties": { "name": "urn:ogc:def:crs:OGC:1.3:CRS84" } },
"features": [
{ "type": "Feature", "properties": { "Name": "", "Address": "Via Nazario Sauro", "Location": "Cavarzere", "section": "OSPEDALE", "Role": "Ospedale Civile", "page_num": "501", "nom_classification": "outside_venice", "is_provincia": true, "provincia_town": "cavarzere", "geocoding_tier": "5f", "match_confidence": "nominatim_provincia_flagged", "match_note": "Nominatim provincia: Via Nazario Sauro, Cavarzere, Italy | type=tertiary class=highway | FLAGGED", "nominatim_query": "Via Nazario Sauro, Cavarzere, Italy", "nominatim_flagged": true, "matched_lat": 45.1371934, "matched_lon": 12.088661 }, "geometry": { "type": "Point", "coordinates": [ 12.088661, 45.1371934 ] } },
{ "type": "Feature", "properties": { "Name": "Gambato Attilio", "Address": "Via Piave", "Location": "Cavarzere", "section": "COMMERCIO E INDUSTRIA", "Role": "Arelle e stueie", "page_num": "502", "nom_classification": "outside_venice", "is_provincia": true, "provincia_town": "cavarzere", "geocoding_tier": "5f", "match_confidence": "nominatim_provincia_flagged", "match_note": "Nominatim provincia: Via Piave, Cavarzere, Italy | type=unclassified class=highway | FLAGGED", "nominatim_query": "Via Piave, Cavarzere, Italy", "nominatim_flagged": true, "matched_lat": 45.1407592, "matched_lon": 12.0774517 }, "geometry": { "type": "Point", "coordinates": [ 12.0774517, 45.1407592 ] } },
{ "type": "Feature", "properties": { "Name": "Gambato Felice", "Address": "Via Piave", "Location": "Cavarzere", "section": "COMMERCIO E INDUSTRIA", "Role": "Arelle e stueie", "page_num": "502", "nom_classification": "outside_venice", "is_provincia": true, "provincia_town": "cavarzere", "geocoding_tier": "5f", "match_confidence": "nominatim_provincia_flagged", "match_note": "Nominatim provincia: Via Piave, Cavarzere, Italy | type=unclassified class=highway | FLAGGED", "nominatim_query": "Via Piave, Cavarzere, Italy", "nominatim_flagged": true, "matched_lat": 45.1407592, "matched_lon": 12.0774517 }, "geometry": { "type": "Point", "coordinates": [ 12.0774517, 45.1407592 ] } },
{ "type": "Feature", "properties": { "Name": "Sartorato Adolfo", "Address": "Via Piave", "Location": "Cavarzere", "section": "COMMERCIO E INDUSTRIA", "Role": "Arelle e stueie", "page_num": "502", "nom_classification": "outside_venice", "is_provincia": true, "provincia_town": "cavarzere", "geocoding_tier": "5f", "match_confidence": "nominatim_provincia_flagged", "match_note": "Nominatim provincia: Via Piave, Cavarzere, Italy | type=unclassified class=highway | FLAGGED", "nominatim_query": "Via Piave, Cavarzere, Italy", "nominatim_flagged": true, "matched_lat": 45.1407592, "matched_lon": 12.0774517 }, "geometry": { "type": "Point", "coordinates": [ 12.0774517, 45.1407592 ] } },
{ "type": "Feature", "properties": { "Name": "Via Umberto I", "Address": " 12", "Location": "Cavarzere", "section": "COMMERCIO E INDUSTRIA", "Role": "Banche, Banca Agric. Coop.", "page_num": "502", "nom_classification": "outside_venice", "is_provincia": true, "provincia_town": "cavarzere", "geocoding_tier": "5f", "match_confidence": "nominatim_provincia_flagged", "match_note": "Nominatim provincia: Via Umberto I 12, Cavarzere, Italy | type=residential class=highway | FLAGGED", "nominatim_query": "Via Umberto I 12, Cavarzere, Italy", "nominatim_flagged": true, "matched_lat": 45.1377647, "matched_lon": 12.0811632 }, "geometry": { "type": "Point", "coordinates": [ 12.0811632, 45.1377647 ] } },
{ "type": "Feature", "properties": { "Name": "Cassa di Risparmio di Venezia", "Address": "Via Roma", "Location": "Cavarzere", "section": "COMMERCIO E INDUSTRIA", "Role": "Banche", "page_num": "502", "nom_classification": "outside_venice", "is_provincia": true, "provincia_town": "cavarzere", "geocoding_tier": "5f", "match_confidence": "nominatim_provincia_flagged", "match_note": "Nominatim provincia: Via Roma, Cavarzere, Italy | type=tertiary class=highway | FLAGGED", "nominatim_query": "Via Roma, Cavarzere, Italy", "nominatim_flagged": true, "matched_lat": 45.1343895, "matched_lon": 12.0838622 }, "geometry": { "type": "Point", "coordinates": [ 12.0838622, 45.1343895 ] } },
{ "type": "Feature", "properties": { "Name": "E.lli Antonio", "Address": "Via Roma", "Location": "Cavarzere", "section": "COMMERCIO E INDUSTRIA", "Role": "Biciclette (Noleggio, riparaz. accessoi)", "page_num": "502", "nom_classification": "outside_venice", "is_provincia": true, "provincia_town": "cavarzere", "geocoding_tier": "5f", "match_confidence": "nominatim_provincia_flagged", "match_note": "Nominatim provincia: Via Roma, Cavarzere, Italy | type=tertiary class=highway | FLAGGED", "nominatim_query": "Via Roma, Cavarzere, Italy", "nominatim_flagged": true, "matched_lat": 45.1343895, "matched_lon": 12.0838622 }, "geometry": { "type": "Point", "coordinates": [ 12.0838622, 45.1343895 ] } },
{ "type": "Feature", "properties": { "Name": "Ponzato Vincenzo Luigi", "Address": "Via Vittorio Veneto", "Location": "Cavarzere", "section": "COMMERCIO E INDUSTRIA", "Role": "Calzature (Negozi)", "page_num": "502", "nom_classification": "outside_venice", "is_provincia": true, "provincia_town": "cavarzere", "geocoding_tier": "5f", "match_confidence": "nominatim_provincia_flagged", "match_note": "Nominatim provincia: Via Vittorio Veneto, Cavarzere, Italy | type=residential class=highway | FLAGGED", "nominatim_query": "Via Vittorio Veneto, Cavarzere, Italy", "nominatim_flagged": true, "matched_lat": 45.140218, "matched_lon": 12.0923743 }, "geometry": { "type": "Point", "coordinates": [ 12.0923743, 45.140218 ] } },
{ "type": "Feature", "properties": { "Name": "Ghellero", "Address": "Via Umberto I.", "Location": "Cavarzere", "section": "COMMERCIO E INDUSTRIA", "Role": "Capelli e berretti", "page_num": "502", "nom_classification": "outside_venice", "is_provincia": true, "provincia_town": "cavarzere", "geocoding_tier": "5f", "match_confidence": "nominatim_provincia_flagged", "match_note": "Nominatim provincia: Via Umberto I, Cavarzere, Italy | type=residential class=highway | FLAGGED", "nominatim_query": "Via Umberto I, Cavarzere, Italy", "nominatim_flagged": true, "matched_lat": 45.1377647, "matched_lon": 12.0811632 }, "geometry": { "type": "Point", "coordinates": [ 12.0811632, 45.1377647 ] } },
{ "type": "Feature", "properties": { "Name": "Pavan Luigi", "Address": "Via Umberto I.", "Location": "Cavarzere", "section": "COMMERCIO E INDUSTRIA", "Role": "Cartolerie e oggetti di cancelleria", "page_num": "502", "nom_classification": "outside_venice", "is_provincia": true, "provincia_town": "cavarzere", "geocoding_tier": "5f", "match_confidence": "nominatim_provincia_flagged", "match_note": "Nominatim provincia: Via Umberto I, Cavarzere, Italy | type=residential class=highway | FLAGGED", "nominatim_query": "Via Umberto I, Cavarzere, Italy", "nominatim_flagged": true, "matched_lat": 45.1377647, "matched_lon": 12.0811632 }, "geometry": { "type": "Point", "coordinates": [ 12.0811632, 45.1377647 ] } },
{ "type": "Feature", "properties": { "Name": "Associazioni commercianti", "Address": "Riva Vena", "Location": "Chioggia", "section": "ISTITUZIONI", "Role": "Associazioni commercianti", "page_num": "506", "nom_classification": "outside_venice", "is_provincia": true, "provincia_town": "chioggia", "geocoding_tier": "5f", "match_confidence": "nominatim_provincia_flagged", "match_note": "Nominatim provincia: Riva Vena, Chioggia, Italy | type=pedestrian class=highway | FLAGGED", "nominatim_query": "Riva Vena, Chioggia, Italy", "nominatim_flagged": true, "matched_lat": 45.220533, "matched_lon": 12.2801969 }, "geometry": { "type": "Point", "coordinates": [ 12.2801969, 45.220533 ] } },
{ "type": "Feature", "properties": { "Name": "Varagnolo avv. Cleto", "Address": "Riva Vena 240", "Location": "Chioggia", "section": "ISTITUZIONI DI BENEFICENZA", "Role": "Casa di Ricovero Maschile", "page_num": "506", "nom_classification": "outside_venice", "is_provincia": true, "provincia_town": "chioggia", "geocoding_tier": "5f", "match_confidence": "nominatim_provincia_flagged", "match_note": "Nominatim provincia: Riva Vena 240, Chioggia, Italy | type=pedestrian class=highway | FLAGGED", "nominatim_query": "Riva Vena 240, Chioggia, Italy", "nominatim_flagged": true, "matched_lat": 45.2158803, "matched_lon": 12.2778224 }, "geometry": { "type": "Point", "coordinates": [ 12.2778224, 45.2158803 ] } },
{ "type": "Feature", "properties": { "Name": "Varagnolo avv. Cleto", "Address": "Calle Manzoni", "Location": "Chioggia", "section": "ISTITUZIONI DI BENEFICENZA", "Role": "Orfanotrofio Zittelle Bonaldo", "page_num": "506", "nom_classification": "outside_venice", "is_provincia": true, "provincia_town": "chioggia", "geocoding_tier": "5f", "match_confidence": "nominatim_provincia_flagged", "match_note": "Nominatim provincia: Calle Manzoni, Chioggia, Italy | type=residential class=highway | FLAGGED", "nominatim_query": "Calle Manzoni, Chioggia, Italy", "nominatim_flagged": true, "matched_lat": 45.2181916, "matched_lon": 12.2801789 }, "geometry": { "type": "Point", "coordinates": [ 12.2801789, 45.2181916 ] } },
{ "type": "Feature", "properties": { "Name": "Varagnolo avv. Cleto", "Address": "Calle Duomo", "Location": "Chioggia", "section": "ISTITUZIONI DI BENEFICENZA", "Role": "Orfanotrofio Maristella", "page_num": "506", "nom_classification": "outside_venice", "is_provincia": true, "provincia_town": "chioggia", "geocoding_tier": "5f", "match_confidence": "nominatim_provincia_flagged", "match_note": "Nominatim provincia: Calle Duomo, Chioggia, Italy | type=residential class=highway | FLAGGED", "nominatim_query": "Calle Duomo, Chioggia, Italy", "nominatim_flagged": true, "matched_lat": 45.2174233, "matched_lon": 12.2762518 }, "geometry": { "type": "Point", "coordinates": [ 12.2762518, 45.2174233 ] } },
{ "type": "Feature", "properties": { "Name": "Varagnolo avv. Cleto", "Address": "Calle S. Nicolò", "Location": "Chioggia", "section": "ISTITUZIONI DI BENEFICENZA", "Role": "Asilo Infantile Padoan", "page_num": "506", "nom_classification": "outside_venice", "is_provincia": true, "provincia_town": "chioggia", "geocoding_tier": "5f", "match_confidence": "nominatim_provincia_flagged", "match_note": "Nominatim provincia: Calle S. Nicolò, Chioggia, Italy | type=residential class=highway | FLAGGED", "nominatim_query": "Calle S. Nicolò, Chioggia, Italy", "nominatim_flagged": true, "matched_lat": 45.220743, "matched_lon": 12.2780747 }, "geometry": { "type": "Point", "coordinates": [ 12.2780747, 45.220743 ] } },
{ "type": "Feature", "properties": { "Name": "Cav. si Maria maestro", "Address": "Calle S. Nicolò", "Location": "Chioggia", "section": "ISTITUZIONI DI BENEFICENZA", "Role": "Asilo Infantile Padoan", "page_num": "506", "nom_classification": "outside_venice", "is_provincia": true, "provincia_town": "chioggia", "geocoding_tier": "5f", "match_confidence": "nominatim_provincia_flagged", "match_note": "Nominatim provincia: Calle S. Nicolò, Chioggia, Italy | type=residential class=highway | FLAGGED", "nominatim_query": "Calle S. Nicolò, Chioggia, Italy", "nominatim_flagged": true, "matched_lat": 45.220743, "matched_lon": 12.2780747 }, "geometry": { "type": "Point", "coordinates": [ 12.2780747, 45.220743 ] } },
{ "type": "Feature", "properties": { "Name": "Ospedale Civico", "Address": "Riva Vena 741", "Location": "Chioggia", "section": "OSPEDALI", "Role": "Ospedale Civico", "page_num": "506", "nom_classification": "outside_venice", "is_provincia": true, "provincia_town": "chioggia", "geocoding_tier": "5f", "match_confidence": "nominatim_provincia_flagged", "match_note": "Nominatim provincia: Riva Vena 741, Chioggia, Italy | type=pedestrian class=highway | FLAGGED", "nominatim_query": "Riva Vena 741, Chioggia, Italy", "nominatim_flagged": true, "matched_lat": 45.2214359, "matched_lon": 12.2805985 }, "geometry": { "type": "Point", "coordinates": [ 12.2805985, 45.2214359 ] } },
{ "type": "Feature", "properties": { "Name": "Aprile dott. Ettore", "Address": "Calle Nordio Marangoni 78", "Location": "Chioggia", "section": "PROFESSIONISTI", "Role": "Avvocati", "page_num": "506", "nom_classification": "outside_venice", "is_provincia": true, "provincia_town": "chioggia", "geocoding_tier": "5f", "match_confidence": "nominatim_provincia_flagged", "match_note": "Nominatim provincia: Calle Nordio Marangoni 78, Chioggia, Italy | type=living_street class=highway | FLAGGED", "nominatim_query": "Calle Nordio Marangoni 78, Chioggia, Italy", "nominatim_flagged": true, "matched_lat": 45.2192439, "matched_lon": 12.2767936 }, "geometry": { "type": "Point", "coordinates": [ 12.2767936, 45.2192439 ] } },
{ "type": "Feature", "properties": { "Name": "Scarpa dott. Pietro", "Address": "Calle Caneva", "Location": "Chioggia", "section": "PROFESSIONISTI", "Role": "Avvocati", "page_num": "506", "nom_classification": "outside_venice", "is_provincia": true, "provincia_town": "chioggia", "geocoding_tier": "5f", "match_confidence": "nominatim_provincia_flagged", "match_note": "Nominatim provincia: Calle Caneva, Chioggia, Italy | type=residential class=highway | FLAGGED", "nominatim_query": "Calle Caneva, Chioggia, Italy", "nominatim_flagged": true, "matched_lat": 45.2216063, "matched_lon": 12.2817057 }, "geometry": { "type": "Point", "coordinates": [ 12.2817057, 45.2216063 ] } },
{ "type": "Feature", "properties": { "Name": "Canella dott. Filippo", "Address": "Riva Vena", "Location": "Chioggia", "section": "PROFESSIONISTI", "Role": "Farmacisti", "page_num": "506", "nom_classification": "outside_venice", "is_provincia": true, "provincia_town": "chioggia", "geocoding_tier": "5f", "match_confidence": "nominatim_provincia_flagged", "match_note": "Nominatim provincia: Riva Vena, Chioggia, Italy | type=pedestrian class=highway | FLAGGED", "nominatim_query": "Riva Vena, Chioggia, Italy", "nominatim_flagged": true, "matched_lat": 45.220533, "matched_lon": 12.2801969 }, "geometry": { "type": "Point", "coordinates": [ 12.2801969, 45.220533 ] } },
{ "type": "Feature", "properties": { "Name": "Macchine per scrivere - Calcolatrici - Duplicatori", "Address": "Via XXII Marzo 2288", "Location": "Venezia", "section": "COMMERCIO E INDUSTRIA", "Role": "Duse", "page_num": "506", "nom_classification": "outside_venice", "is_provincia": true, "provincia_town": "venezia", "geocoding_tier": "5f", "match_confidence": "nominatim_provincia_flagged", "match_note": "Nominatim provincia: Via XXII Marzo 2288, Venezia, Italy | type=residential class=highway | FLAGGED", "nominatim_query": "Via XXII Marzo 2288, Venezia, Italy", "nominatim_flagged": true, "matched_lat": 45.4678892, "matched_lon": 9.2086785 }, "geometry": { "type": "Point", "coordinates": [ 9.2086785, 45.4678892 ] } },
{ "type": "Feature", "properties": { "Name": "Bellemo comm. Eugenio", "Address": "Calle S. Caterina", "Location": "Chioggia", "section": "COMMERCIO E INDUSTRIA", "Role": "Periti", "page_num": "507", "nom_classification": "outside_venice", "is_provincia": true, "provincia_town": "chioggia", "geocoding_tier": "5f", "match_confidence": "nominatim_provincia_flagged", "match_note": "Nominatim provincia: Calle S. Caterina, Chioggia, Italy | type=residential class=highway | FLAGGED", "nominatim_query": "Calle S. Caterina, Chioggia, Italy", "nominatim_flagged": true, "matched_lat": 45.2198606, "matched_lon": 12.2813425 }, "geometry": { "type": "Point", "coordinates": [ 12.2813425, 45.2198606 ] } },
{ "type": "Feature", "properties": { "Name": "Ballarin Giovanni", "Address": "S. Giacomo 70", "Location": "Chioggia", "section": "COMMERCIO E INDUSTRIA", "Role": "Armarori", "page_num": "507", "nom_classification": "outside_venice", "is_provincia": true, "provincia_town": "chioggia", "geocoding_tier": "5f", "match_confidence": "nominatim_provincia_flagged", "match_note": "Nominatim provincia: S. Giacomo 70, Chioggia, Italy | type=tertiary class=highway | FLAGGED", "nominatim_query": "S. Giacomo 70, Chioggia, Italy", "nominatim_flagged": true, "matched_lat": 45.2180961, "matched_lon": 12.2825306 }, "geometry": { "type": "Point", "coordinates": [ 12.2825306, 45.2180961 ] } },
{ "type": "Feature", "properties": { "Name": "Scarpa Giuseppe", "Address": "S. Andrea 78", "Location": "Chioggia", "section": "COMMERCIO E INDUSTRIA", "Role": "Armarori", "page_num": "507", "nom_classification": "outside_venice", "is_provincia": true, "provincia_town": "chioggia", "geocoding_tier": "5f", "match_confidence": "nominatim_provincia_flagged", "match_note": "Nominatim provincia: S. Andrea 78, Chioggia, Italy | type=pedestrian class=highway | FLAGGED", "nominatim_query": "S. Andrea 78, Chioggia, Italy", "nominatim_flagged": true, "matched_lat": 45.2213194, "matched_lon": 12.2799813 }, "geometry": { "type": "Point", "coordinates": [ 12.2799813, 45.2213194 ] } },
{ "type": "Feature", "properties": { "Name": "Tionzo Albino", "Address": "Sottomarina 649", "Location": "Chioggia", "section": "COMMERCIO E INDUSTRIA", "Role": "Armarori", "page_num": "507", "nom_classification": "outside_venice", "is_provincia": true, "provincia_town": "chioggia", "geocoding_tier": "5f", "match_confidence": "nominatim_provincia_flagged", "match_note": "Nominatim provincia: Sottomarina 649, Chioggia, Italy | type=suburb class=place | FLAGGED", "nominatim_query": "Sottomarina 649, Chioggia, Italy", "nominatim_flagged": true, "matched_lat": 45.2148983, "matched_lon": 12.2938879 }, "geometry": { "type": "Point", "coordinates": [ 12.2938879, 45.2148983 ] } },
{ "type": "Feature", "properties": { "Name": "Gamu Emiloo", "Address": "S. Andrea 168", "Location": "Chioggia", "section": "COMMERCIO E INDUSTRIA", "Role": "Armarori", "page_num": "507", "nom_classification": "outside_venice", "is_provincia": true, "provincia_town": "chioggia", "geocoding_tier": "5f", "match_confidence": "nominatim_provincia_flagged", "match_note": "Nominatim provincia: S. Andrea 168, Chioggia, Italy | type=pedestrian class=highway | FLAGGED", "nominatim_query": "S. Andrea 168, Chioggia, Italy", "nominatim_flagged": true, "matched_lat": 45.2213194, "matched_lon": 12.2799813 }, "geometry": { "type": "Point", "coordinates": [ 12.2799813, 45.2213194 ] } },
{ "type": "Feature", "properties": { "Name": "De Grandis Antonio", "Address": "Duomo 593", "Location": "Chioggia", "section": "COMMERCIO E INDUSTRIA", "Role": "Armarori", "page_num": "507", "nom_classification": "outside_venice", "is_provincia": true, "provincia_town": "chioggia", "geocoding_tier": "5f", "match_confidence": "nominatim_provincia_flagged", "match_note": "Nominatim provincia: Duomo 593, Chioggia, Italy | type=pedestrian class=highway | FLAGGED", "nominatim_query": "Duomo 593, Chioggia, Italy", "nominatim_flagged": true, "matched_lat": 45.2171542, "matched_lon": 12.2774706 }, "geometry": { "type": "Point", "coordinates": [ 12.2774706, 45.2171542 ] } },
{ "type": "Feature", "properties": { "Name": "Boscolo Basilio", "Address": "Sottomarina 790", "Location": "Chioggia", "section": "COMMERCIO E INDUSTRIA", "Role": "Armarori", "page_num": "507", "nom_classification": "outside_venice", "is_provincia": true, "provincia_town": "chioggia", "geocoding_tier": "5f", "match_confidence": "nominatim_provincia_flagged", "match_note": "Nominatim provincia: Sottomarina 790, Chioggia, Italy | type=suburb class=place | FLAGGED", "nominatim_query": "Sottomarina 790, Chioggia, Italy", "nominatim_flagged": true, "matched_lat": 45.2148983, "matched_lon": 12.2938879 }, "geometry": { "type": "Point", "coordinates": [ 12.2938879, 45.2148983 ] } },
{ "type": "Feature", "properties": { "Name": "Boscolo Aldemino", "Address": "Sottomarina 372", "Location": "Chioggia", "section": "COMMERCIO E INDUSTRIA", "Role": "Armarori", "page_num": "507", "nom_classification": "outside_venice", "is_provincia": true, "provincia_town": "chioggia", "geocoding_tier": "5f", "match_confidence": "nominatim_provincia_flagged", "match_note": "Nominatim provincia: Sottomarina 372, Chioggia, Italy | type=suburb class=place | FLAGGED", "nominatim_query": "Sottomarina 372, Chioggia, Italy", "nominatim_flagged": true, "matched_lat": 45.2148983, "matched_lon": 12.2938879 }, "geometry": { "type": "Point", "coordinates": [ 12.2938879, 45.2148983 ] } },
{ "type": "Feature", "properties": { "Name": "Sambo Salvino", "Address": "S. Andrea 844", "Location": "Chioggia", "section": "COMMERCIO E INDUSTRIA", "Role": "Armarori", "page_num": "507", "nom_classification": "outside_venice", "is_provincia": true, "provincia_town": "chioggia", "geocoding_tier": "5f", "match_confidence": "nominatim_provincia_flagged", "match_note": "Nominatim provincia: S. Andrea 844, Chioggia, Italy | type=pedestrian class=highway | FLAGGED", "nominatim_query": "S. Andrea 844, Chioggia, Italy", "nominatim_flagged": true, "matched_lat": 45.2213194, "matched_lon": 12.2799813 }, "geometry": { "type": "Point", "coordinates": [ 12.2799813, 45.2213194 ] } },
{ "type": "Feature", "properties": { "Name": "Boscolo Pilinio", "Address": "Sottomarina 377", "Location": "Chioggia", "section": "COMMERCIO E INDUSTRIA", "Role": "Armarori", "page_num": "507", "nom_classification": "outside_venice", "is_provincia": true, "provincia_town": "chioggia", "geocoding_tier": "5f", "match_confidence": "nominatim_provincia_flagged", "match_note": "Nominatim provincia: Sottomarina 377, Chioggia, Italy | type=suburb class=place | FLAGGED", "nominatim_query": "Sottomarina 377, Chioggia, Italy", "nominatim_flagged": true, "matched_lat": 45.2148983, "matched_lon": 12.2938879 }, "geometry": { "type": "Point", "coordinates": [ 12.2938879, 45.2148983 ] } },
{ "type": "Feature", "properties": { "Name": "Boscolo Erminia «March»", "Address": "Sottomarina 825", "Location": "Chioggia", "section": "COMMERCIO E INDUSTRIA", "Role": "Artioli Casalinghi", "page_num": "507", "nom_classification": "outside_venice", "is_provincia": true, "provincia_town": "chioggia", "geocoding_tier": "5f", "match_confidence": "nominatim_provincia_flagged", "match_note": "Nominatim provincia: Sottomarina 825, Chioggia, Italy | type=suburb class=place | FLAGGED", "nominatim_query": "Sottomarina 825, Chioggia, Italy", "nominatim_flagged": true, "matched_lat": 45.2148983, "matched_lon": 12.2938879 }, "geometry": { "type": "Point", "coordinates": [ 12.2938879, 45.2148983 ] } },
{ "type": "Feature", "properties": { "Name": "Pagan Vittore", "Address": "S. Andrea 1278", "Location": "Chioggia", "section": "COMMERCIO E INDUSTRIA", "Role": "Artioli Casalinghi", "page_num": "507", "nom_classification": "outside_venice", "is_provincia": true, "provincia_town": "chioggia", "geocoding_tier": "5f", "match_confidence": "nominatim_provincia_flagged", "match_note": "Nominatim provincia: S. Andrea 1278, Chioggia, Italy | type=pedestrian class=highway | FLAGGED", "nominatim_query": "S. Andrea 1278, Chioggia, Italy", "nominatim_flagged": true, "matched_lat": 45.2213194, "matched_lon": 12.2799813 }, "geometry": { "type": "Point", "coordinates": [ 12.2799813, 45.2213194 ] } },
{ "type": "Feature", "properties": { "Name": "Ponicina Giulia", "Address": "Sottomarina 70", "Location": "Chioggia", "section": "COMMERCIO E INDUSTRIA", "Role": "Artioli Casalinghi", "page_num": "507", "nom_classification": "outside_venice", "is_provincia": true, "provincia_town": "chioggia", "geocoding_tier": "5f", "match_confidence": "nominatim_provincia_flagged", "match_note": "Nominatim provincia: Sottomarina 70, Chioggia, Italy | type=suburb class=place | FLAGGED", "nominatim_query": "Sottomarina 70, Chioggia, Italy", "nominatim_flagged": true, "matched_lat": 45.2148983, "matched_lon": 12.2938879 }, "geometry": { "type": "Point", "coordinates": [ 12.2938879, 45.2148983 ] } },
{ "type": "Feature", "properties": { "Name": "Regini Eugenio", "Address": "S. Giacomo 685", "Location": "Chioggia", "section": "COMMERCIO E INDUSTRIA", "Role": "Artioli Casalinghi", "page_num": "507", "nom_classification": "outside_venice", "is_provincia": true, "provincia_town": "chioggia", "geocoding_tier": "5f", "match_confidence": "nominatim_provincia_flagged", "match_note": "Nominatim provincia: S. Giacomo 685, Chioggia, Italy | type=tertiary class=highway | FLAGGED", "nominatim_query": "S. Giacomo 685, Chioggia, Italy", "nominatim_flagged": true, "matched_lat": 45.2180961, "matched_lon": 12.2825306 }, "geometry": { "type": "Point", "coordinates": [ 12.2825306, 45.2180961 ] } },
{ "type": "Feature", "properties": { "Name": "Vianello Luigiag", "Address": "S. Giacomo 523", "Location": "Chioggia", "section": "COMMERCIO E INDUSTRIA", "Role": "Artioli Casalinghi", "page_num": "507", "nom_classification": "outside_venice", "is_provincia": true, "provincia_town": "chioggia", "geocoding_tier": "5f", "match_confidence": "nominatim_provincia_flagged", "match_note": "Nominatim provincia: S. Giacomo 523, Chioggia, Italy | type=tertiary class=highway | FLAGGED", "nominatim_query": "S. Giacomo 523, Chioggia, Italy", "nominatim_flagged": true, "matched_lat": 45.2175957, "matched_lon": 12.2840996 }, "geometry": { "type": "Point", "coordinates": [ 12.2840996, 45.2175957 ] } },
{ "type": "Feature", "properties": { "Name": "Zerrelli Fortunata", "Address": "Duomo 978", "Location": "Chioggia", "section": "COMMERCIO E INDUSTRIA", "Role": "Artioli Casalinghi", "page_num": "507", "nom_classification": "outside_venice", "is_provincia": true, "provincia_town": "chioggia", "geocoding_tier": "5f", "match_confidence": "nominatim_provincia_flagged", "match_note": "Nominatim provincia: Duomo 978, Chioggia, Italy | type=living_street class=highway | FLAGGED", "nominatim_query": "Duomo 978, Chioggia, Italy", "nominatim_flagged": true, "matched_lat": 45.2175174, "matched_lon": 12.2766967 }, "geometry": { "type": "Point", "coordinates": [ 12.2766967, 45.2175174 ] } },
{ "type": "Feature", "properties": { "Name": "Donaggio Cesare & Figli", "Address": "Riva Vena 919", "Location": "Chioggia", "section": "COMMERCIO E INDUSTRIA", "Role": "Forniture pescherecce", "page_num": "507", "nom_classification": "outside_venice", "is_provincia": true, "provincia_town": "chioggia", "geocoding_tier": "5f", "match_confidence": "nominatim_provincia_flagged", "match_note": "Nominatim provincia: Riva Vena 919, Chioggia, Italy | type=pedestrian class=highway | FLAGGED", "nominatim_query": "Riva Vena 919, Chioggia, Italy", "nominatim_flagged": true, "matched_lat": 45.2158803, "matched_lon": 12.2778224 }, "geometry": { "type": "Point", "coordinates": [ 12.2778224, 45.2158803 ] } },
{ "type": "Feature", "properties": { "Name": "Via XXII Marzo", "Address": " 2288", "Location": "Venezia", "section": "COMMERCIO E INDUSTRIA", "Role": "Forniture completo MOBILI e AGCESSORI per UFFICIO, ", "page_num": "507", "nom_classification": "outside_venice", "is_provincia": true, "provincia_town": "venezia", "geocoding_tier": "5f", "match_confidence": "nominatim_provincia_flagged", "match_note": "Nominatim provincia: Via XXII Marzo 2288, Venezia, Italy | type=residential class=highway | FLAGGED", "nominatim_query": "Via XXII Marzo 2288, Venezia, Italy", "nominatim_flagged": true, "matched_lat": 45.4678892, "matched_lon": 9.2086785 }, "geometry": { "type": "Point", "coordinates": [ 9.2086785, 45.4678892 ] } },
{ "type": "Feature", "properties": { "Name": "Bruno Scarpa", "Address": "Stradale Ponte Caneva 635", "Location": "Chioggia", "section": "COMMERCIO E INDUSTRIA", "Role": "Carburanti - Lubrificanti", "page_num": "508", "nom_classification": "outside_venice", "is_provincia": true, "provincia_town": "chioggia", "geocoding_tier": "5f", "match_confidence": "nominatim_provincia_flagged", "match_note": "Nominatim provincia: Stradale Ponte Caneva 635, Chioggia, Italy | type=residential class=highway | FLAGGED", "nominatim_query": "Stradale Ponte Caneva 635, Chioggia, Italy", "nominatim_flagged": true, "matched_lat": 45.2219527, "matched_lon": 12.2802204 }, "geometry": { "type": "Point", "coordinates": [ 12.2802204, 45.2219527 ] } },
{ "type": "Feature", "properties": { "Name": "Donaggio Cesare", "Address": "Duomo 741", "Location": "Chioggia", "section": "COMMERCIO E INDUSTRIA", "Role": "Attrezzi da pesca", "page_num": "508", "nom_classification": "outside_venice", "is_provincia": true, "provincia_town": "chioggia", "geocoding_tier": "5f", "match_confidence": "nominatim_provincia_flagged", "match_note": "Nominatim provincia: Duomo 741, Chioggia, Italy | type=living_street class=highway | FLAGGED", "nominatim_query": "Duomo 741, Chioggia, Italy", "nominatim_flagged": true, "matched_lat": 45.2175174, "matched_lon": 12.2766967 }, "geometry": { "type": "Point", "coordinates": [ 12.2766967, 45.2175174 ] } },
{ "type": "Feature", "properties": { "Name": "Oselladore Giovanni", "Address": "S. Giacomo 593", "Location": "Chioggia", "section": "COMMERCIO E INDUSTRIA", "Role": "Attrezzi da pesca", "page_num": "508", "nom_classification": "outside_venice", "is_provincia": true, "provincia_town": "chioggia", "geocoding_tier": "5f", "match_confidence": "nominatim_provincia_flagged", "match_note": "Nominatim provincia: S. Giacomo 593, Chioggia, Italy | type=tertiary class=highway | FLAGGED", "nominatim_query": "S. Giacomo 593, Chioggia, Italy", "nominatim_flagged": true, "matched_lat": 45.2175957, "matched_lon": 12.2840996 }, "geometry": { "type": "Point", "coordinates": [ 12.2840996, 45.2175957 ] } },
{ "type": "Feature", "properties": { "Name": "Rossetti Ferdinando", "Address": "S. Giacomo 659", "Location": "Chioggia", "section": "COMMERCIO E INDUSTRIA", "Role": "Attrezzi da pesca", "page_num": "508", "nom_classification": "outside_venice", "is_provincia": true, "provincia_town": "chioggia", "geocoding_tier": "5f", "match_confidence": "nominatim_provincia_flagged", "match_note": "Nominatim provincia: S. Giacomo 659, Chioggia, Italy | type=tertiary class=highway | FLAGGED", "nominatim_query": "S. Giacomo 659, Chioggia, Italy", "nominatim_flagged": true, "matched_lat": 45.2180961, "matched_lon": 12.2825306 }, "geometry": { "type": "Point", "coordinates": [ 12.2825306, 45.2180961 ] } },
{ "type": "Feature", "properties": { "Name": "Civiero Marcello", "Address": "Corso del Popolo 111", "Location": "Chioggia", "section": "COMMERCIO E INDUSTRIA", "Role": "Autorimesse e noleggio automobili", "page_num": "508", "nom_classification": "outside_venice", "is_provincia": true, "provincia_town": "chioggia", "geocoding_tier": "5f", "match_confidence": "nominatim_provincia_flagged", "match_note": "Nominatim provincia: Corso del Popolo 111, Chioggia, Italy | type=tertiary class=highway | FLAGGED", "nominatim_query": "Corso del Popolo 111, Chioggia, Italy", "nominatim_flagged": true, "matched_lat": 45.2164785, "matched_lon": 12.2776534 }, "geometry": { "type": "Point", "coordinates": [ 12.2776534, 45.2164785 ] } },
{ "type": "Feature", "properties": { "Name": "Scarpa Giuseppe", "Address": "Riva Vena", "Location": "Chioggia", "section": "COMMERCIO E INDUSTRIA", "Role": "Bandai e ottonai", "page_num": "508", "nom_classification": "outside_venice", "is_provincia": true, "provincia_town": "chioggia", "geocoding_tier": "5f", "match_confidence": "nominatim_provincia_flagged", "match_note": "Nominatim provincia: Riva Vena, Chioggia, Italy | type=pedestrian class=highway | FLAGGED", "nominatim_query": "Riva Vena, Chioggia, Italy", "nominatim_flagged": true, "matched_lat": 45.220533, "matched_lon": 12.2801969 }, "geometry": { "type": "Point", "coordinates": [ 12.2801969, 45.220533 ] } },
{ "type": "Feature", "properties": { "Name": "Scapinelli Giuseppe", "Address": "S. Andrea 50", "Location": "Chioggia", "section": "COMMERCIO E INDUSTRIA", "Role": "Bar e bottiglierie", "page_num": "508", "nom_classification": "outside_venice", "is_provincia": true, "provincia_town": "chioggia", "geocoding_tier": "5f", "match_confidence": "nominatim_provincia_flagged", "match_note": "Nominatim provincia: S. Andrea 50, Chioggia, Italy | type=pedestrian class=highway | FLAGGED", "nominatim_query": "S. Andrea 50, Chioggia, Italy", "nominatim_flagged": true, "matched_lat": 45.2213194, "matched_lon": 12.2799813 }, "geometry": { "type": "Point", "coordinates": [ 12.2799813, 45.2213194 ] } },
{ "type": "Feature", "properties": { "Name": "Boscolo Enrico \"Cappon\"", "Address": "Sottomarina 1067", "Location": "Chioggia", "section": "COMMERCIO E INDUSTRIA", "Role": "Bar e bottiglierie", "page_num": "508", "nom_classification": "outside_venice", "is_provincia": true, "provincia_town": "chioggia", "geocoding_tier": "5f", "match_confidence": "nominatim_provincia_flagged", "match_note": "Nominatim provincia: Sottomarina 1067, Chioggia, Italy | type=suburb class=place | FLAGGED", "nominatim_query": "Sottomarina 1067, Chioggia, Italy", "nominatim_flagged": true, "matched_lat": 45.2148983, "matched_lon": 12.2938879 }, "geometry": { "type": "Point", "coordinates": [ 12.2938879, 45.2148983 ] } },
{ "type": "Feature", "properties": { "Name": "Gandolfo Fulvio", "Address": "Via Felice Cavallotti", "Location": "Chioggia", "section": "COMMERCIO E INDUSTRIA", "Role": "Bar e bottiglierie", "page_num": "508", "nom_classification": "outside_venice", "is_provincia": true, "provincia_town": "chioggia", "geocoding_tier": "5f", "match_confidence": "nominatim_provincia_flagged", "match_note": "Nominatim provincia: Via Felice Cavallotti, Chioggia, Italy | type=residential class=highway | FLAGGED", "nominatim_query": "Via Felice Cavallotti, Chioggia, Italy", "nominatim_flagged": true, "matched_lat": 45.2203601, "matched_lon": 12.2780776 }, "geometry": { "type": "Point", "coordinates": [ 12.2780776, 45.2203601 ] } },
{ "type": "Feature", "properties": { "Name": "Parisi Sergio", "Address": "S. Andrea 428", "Location": "Chioggia", "section": "COMMERCIO E INDUSTRIA", "Role": "Bar e bottiglierie", "page_num": "508", "nom_classification": "outside_venice", "is_provincia": true, "provincia_town": "chioggia", "geocoding_tier": "5f", "match_confidence": "nominatim_provincia_flagged", "match_note": "Nominatim provincia: S. Andrea 428, Chioggia, Italy | type=pedestrian class=highway | FLAGGED", "nominatim_query": "S. Andrea 428, Chioggia, Italy", "nominatim_flagged": true, "matched_lat": 45.2213194, "matched_lon": 12.2799813 }, "geometry": { "type": "Point", "coordinates": [ 12.2799813, 45.2213194 ] } },
{ "type": "Feature", "properties": { "Name": "Salvagno Gino", "Address": "Via Felice Cavallotti", "Location": "Chioggia", "section": "COMMERCIO E INDUSTRIA", "Role": "Bar e bottiglierie", "page_num": "508", "nom_classification": "outside_venice", "is_provincia": true, "provincia_town": "chioggia", "geocoding_tier": "5f", "match_confidence": "nominatim_provincia_flagged", "match_note": "Nominatim provincia: Via Felice Cavallotti, Chioggia, Italy | type=residential class=highway | FLAGGED", "nominatim_query": "Via Felice Cavallotti, Chioggia, Italy", "nominatim_flagged": true, "matched_lat": 45.2203601, "matched_lon": 12.2780776 }, "geometry": { "type": "Point", "coordinates": [ 12.2780776, 45.2203601 ] } },
{ "type": "Feature", "properties": { "Name": "Lina Amedeo", "Address": "Fondamenta Vena", "Location": "Chioggia", "section": "COMMERCIO E INDUSTRIA", "Role": "Guida Commerciale", "page_num": "509", "nom_classification": "outside_venice", "is_provincia": true, "provincia_town": "chioggia", "geocoding_tier": "5f", "match_confidence": "nominatim_provincia_flagged", "match_note": "Nominatim provincia: Fondamenta Vena, Chioggia, Italy | type=pedestrian class=highway | FLAGGED", "nominatim_query": "Fondamenta Vena, Chioggia, Italy", "nominatim_flagged": true, "matched_lat": 45.220533, "matched_lon": 12.2801969 }, "geometry": { "type": "Point", "coordinates": [ 12.2801969, 45.220533 ] } },
{ "type": "Feature", "properties": { "Name": "Boscolo Angelo", "Address": "Fondamenta S. Domenico", "Location": "Chioggia", "section": "COMMERCIO E INDUSTRIA", "Role": "Guida Commerciale", "page_num": "509", "nom_classification": "outside_venice", "is_provincia": true, "provincia_town": "chioggia", "geocoding_tier": "5f", "match_confidence": "nominatim_provincia_flagged", "match_note": "Nominatim provincia: Fondamenta S. Domenico, Chioggia, Italy | type=residential class=highway | FLAGGED", "nominatim_query": "Fondamenta S. Domenico, Chioggia, Italy", "nominatim_flagged": true, "matched_lat": 45.2205368, "matched_lon": 12.2822835 }, "geometry": { "type": "Point", "coordinates": [ 12.2822835, 45.2205368 ] } },
{ "type": "Feature", "properties": { "Name": "Riccioli Fausto", "Address": "Riva Vena", "Location": "Chioggia", "section": "COMMERCIO E INDUSTRIA", "Role": "Guida Commerciale", "page_num": "509", "nom_classification": "outside_venice", "is_provincia": true, "provincia_town": "chioggia", "geocoding_tier": "5f", "match_confidence": "nominatim_provincia_flagged", "match_note": "Nominatim provincia: Riva Vena, Chioggia, Italy | type=pedestrian class=highway | FLAGGED", "nominatim_query": "Riva Vena, Chioggia, Italy", "nominatim_flagged": true, "matched_lat": 45.220533, "matched_lon": 12.2801969 }, "geometry": { "type": "Point", "coordinates": [ 12.2801969, 45.220533 ] } },
{ "type": "Feature", "properties": { "Name": "Agatea Eugenia", "Address": "Duomo 598", "Location": "Chioggia", "section": "COMMERCIO E INDUSTRIA", "Role": "Biade e alimentari", "page_num": "509", "nom_classification": "outside_venice", "is_provincia": true, "provincia_town": "chioggia", "geocoding_tier": "5f", "match_confidence": "nominatim_provincia_flagged", "match_note": "Nominatim provincia: Duomo 598, Chioggia, Italy | type=pedestrian class=highway | FLAGGED", "nominatim_query": "Duomo 598, Chioggia, Italy", "nominatim_flagged": true, "matched_lat": 45.2171542, "matched_lon": 12.2774706 }, "geometry": { "type": "Point", "coordinates": [ 12.2774706, 45.2171542 ] } },
{ "type": "Feature", "properties": { "Name": "Ballarln Aldo", "Address": "S. Giacomo 788", "Location": "Chioggia", "section": "COMMERCIO E INDUSTRIA", "Role": "Biade e alimentari", "page_num": "509", "nom_classification": "outside_venice", "is_provincia": true, "provincia_town": "chioggia", "geocoding_tier": "5f", "match_confidence": "nominatim_provincia_flagged", "match_note": "Nominatim provincia: S. Giacomo 788, Chioggia, Italy | type=tertiary class=highway | FLAGGED", "nominatim_query": "S. Giacomo 788, Chioggia, Italy", "nominatim_flagged": true, "matched_lat": 45.2175957, "matched_lon": 12.2840996 }, "geometry": { "type": "Point", "coordinates": [ 12.2840996, 45.2175957 ] } },
{ "type": "Feature", "properties": { "Name": "Bertotto Filippo", "Address": "S. Giacomo 387", "Location": "Chioggia", "section": "COMMERCIO E INDUSTRIA", "Role": "Biade e alimentari", "page_num": "509", "nom_classification": "outside_venice", "is_provincia": true, "provincia_town": "chioggia", "geocoding_tier": "5f", "match_confidence": "nominatim_provincia_flagged", "match_note": "Nominatim provincia: S. Giacomo 387, Chioggia, Italy | type=tertiary class=highway | FLAGGED", "nominatim_query": "S. Giacomo 387, Chioggia, Italy", "nominatim_flagged": true, "matched_lat": 45.2175573, "matched_lon": 12.2840344 }, "geometry": { "type": "Point", "coordinates": [ 12.2840344, 45.2175573 ] } },
{ "type": "Feature", "properties": { "Name": "Bonivento Nicolo", "Address": "S. Giacomo 471", "Location": "Chioggia", "section": "COMMERCIO E INDUSTRIA", "Role": "Biade e alimentari", "page_num": "509", "nom_classification": "outside_venice", "is_provincia": true, "provincia_town": "chioggia", "geocoding_tier": "5f", "match_confidence": "nominatim_provincia_flagged", "match_note": "Nominatim provincia: S. Giacomo 471, Chioggia, Italy | type=tertiary class=highway | FLAGGED", "nominatim_query": "S. Giacomo 471, Chioggia, Italy", "nominatim_flagged": true, "matched_lat": 45.2175957, "matched_lon": 12.2840996 }, "geometry": { "type": "Point", "coordinates": [ 12.2840996, 45.2175957 ] } },
{ "type": "Feature", "properties": { "Name": "Bonivento Faustino", "Address": "Riva Vena", "Location": "Chioggia", "section": "COMMERCIO E INDUSTRIA", "Role": "Biade e alimentari", "page_num": "509", "nom_classification": "outside_venice", "is_provincia": true, "provincia_town": "chioggia", "geocoding_tier": "5f", "match_confidence": "nominatim_provincia_flagged", "match_note": "Nominatim provincia: Riva Vena, Chioggia, Italy | type=pedestrian class=highway | FLAGGED", "nominatim_query": "Riva Vena, Chioggia, Italy", "nominatim_flagged": true, "matched_lat": 45.220533, "matched_lon": 12.2801969 }, "geometry": { "type": "Point", "coordinates": [ 12.2801969, 45.220533 ] } },
{ "type": "Feature", "properties": { "Name": "Boscolo Alessandro a Meleguolo", "Address": "Sottomarina 1554", "Location": "Chioggia", "section": "COMMERCIO E INDUSTRIA", "Role": "Biade e alimentari", "page_num": "509", "nom_classification": "outside_venice", "is_provincia": true, "provincia_town": "chioggia", "geocoding_tier": "5f", "match_confidence": "nominatim_provincia_flagged", "match_note": "Nominatim provincia: Sottomarina 1554, Chioggia, Italy | type=suburb class=place | FLAGGED", "nominatim_query": "Sottomarina 1554, Chioggia, Italy", "nominatim_flagged": true, "matched_lat": 45.2148983, "matched_lon": 12.2938879 }, "geometry": { "type": "Point", "coordinates": [ 12.2938879, 45.2148983 ] } },
{ "type": "Feature", "properties": { "Name": "Boscolo Anna e Mezzompoân", "Address": "Sottomarina 975", "Location": "Chioggia", "section": "COMMERCIO E INDUSTRIA", "Role": "Biade e alimentari", "page_num": "509", "nom_classification": "outside_venice", "is_provincia": true, "provincia_town": "chioggia", "geocoding_tier": "5f", "match_confidence": "nominatim_provincia_flagged", "match_note": "Nominatim provincia: Sottomarina 975, Chioggia, Italy | type=suburb class=place | FLAGGED", "nominatim_query": "Sottomarina 975, Chioggia, Italy", "nominatim_flagged": true, "matched_lat": 45.2148983, "matched_lon": 12.2938879 }, "geometry": { "type": "Point", "coordinates": [ 12.2938879, 45.2148983 ] } },
{ "type": "Feature", "properties": { "Name": "Boscolo Domenico e ^ron", "Address": "Sottomarina 253", "Location": "Chioggia", "section": "COMMERCIO E INDUSTRIA", "Role": "Biade e alimentari", "page_num": "509", "nom_classification": "outside_venice", "is_provincia": true, "provincia_town": "chioggia", "geocoding_tier": "5f", "match_confidence": "nominatim_provincia_flagged", "match_note": "Nominatim provincia: Sottomarina 253, Chioggia, Italy | type=suburb class=place | FLAGGED", "nominatim_query": "Sottomarina 253, Chioggia, Italy", "nominatim_flagged": true, "matched_lat": 45.2148983, "matched_lon": 12.2938879 }, "geometry": { "type": "Point", "coordinates": [ 12.2938879, 45.2148983 ] } },
{ "type": "Feature", "properties": { "Name": "Boscolo Eugenio «Todaro»", "Address": "Sottomarina 335", "Location": "Chioggia", "section": "COMMERCIO E INDUSTRIA", "Role": "Biade e alimentari", "page_num": "509", "nom_classification": "outside_venice", "is_provincia": true, "provincia_town": "chioggia", "geocoding_tier": "5f", "match_confidence": "nominatim_provincia_flagged", "match_note": "Nominatim provincia: Sottomarina 335, Chioggia, Italy | type=suburb class=place | FLAGGED", "nominatim_query": "Sottomarina 335, Chioggia, Italy", "nominatim_flagged": true, "matched_lat": 45.2148983, "matched_lon": 12.2938879 }, "geometry": { "type": "Point", "coordinates": [ 12.2938879, 45.2148983 ] } },
{ "type": "Feature", "properties": { "Name": "Boscolo Fioravante «Nata»", "Address": "Sottomarina 1169", "Location": "Chioggia", "section": "COMMERCIO E INDUSTRIA", "Role": "Biade e alimentari", "page_num": "509", "nom_classification": "outside_venice", "is_provincia": true, "provincia_town": "chioggia", "geocoding_tier": "5f", "match_confidence": "nominatim_provincia_flagged", "match_note": "Nominatim provincia: Sottomarina 1169, Chioggia, Italy | type=suburb class=place | FLAGGED", "nominatim_query": "Sottomarina 1169, Chioggia, Italy", "nominatim_flagged": true, "matched_lat": 45.2148983, "matched_lon": 12.2938879 }, "geometry": { "type": "Point", "coordinates": [ 12.2938879, 45.2148983 ] } },
{ "type": "Feature", "properties": { "Name": "Boscolo Giovanni «Bisto»", "Address": "Sottomarina 946", "Location": "Chioggia", "section": "COMMERCIO E INDUSTRIA", "Role": "Biade e alimentari", "page_num": "509", "nom_classification": "outside_venice", "is_provincia": true, "provincia_town": "chioggia", "geocoding_tier": "5f", "match_confidence": "nominatim_provincia_flagged", "match_note": "Nominatim provincia: Sottomarina 946, Chioggia, Italy | type=suburb class=place | FLAGGED", "nominatim_query": "Sottomarina 946, Chioggia, Italy", "nominatim_flagged": true, "matched_lat": 45.2148983, "matched_lon": 12.2938879 }, "geometry": { "type": "Point", "coordinates": [ 12.2938879, 45.2148983 ] } },
{ "type": "Feature", "properties": { "Name": "Boscolo Giuseppe «Caporale»", "Address": "Sottomarina 647", "Location": "Chioggia", "section": "COMMERCIO E INDUSTRIA", "Role": "Biade e alimentari", "page_num": "509", "nom_classification": "outside_venice", "is_provincia": true, "provincia_town": "chioggia", "geocoding_tier": "5f", "match_confidence": "nominatim_provincia_flagged", "match_note": "Nominatim provincia: Sottomarina 647, Chioggia, Italy | type=suburb class=place | FLAGGED", "nominatim_query": "Sottomarina 647, Chioggia, Italy", "nominatim_flagged": true, "matched_lat": 45.2148983, "matched_lon": 12.2938879 }, "geometry": { "type": "Point", "coordinates": [ 12.2938879, 45.2148983 ] } },
{ "type": "Feature", "properties": { "Name": "Boscolo Luigi Giachelinna", "Address": "Sottomarina 600", "Location": "Chioggia", "section": "COMMERCIO E INDUSTRIA", "Role": "Biade e alimentari", "page_num": "509", "nom_classification": "outside_venice", "is_provincia": true, "provincia_town": "chioggia", "geocoding_tier": "5f", "match_confidence": "nominatim_provincia_flagged", "match_note": "Nominatim provincia: Sottomarina 600, Chioggia, Italy | type=suburb class=place | FLAGGED", "nominatim_query": "Sottomarina 600, Chioggia, Italy", "nominatim_flagged": true, "matched_lat": 45.2148983, "matched_lon": 12.2938879 }, "geometry": { "type": "Point", "coordinates": [ 12.2938879, 45.2148983 ] } },
{ "type": "Feature", "properties": { "Name": "Boscolo Maria «Pantalin»", "Address": "Sottomarina 440", "Location": "Chioggia", "section": "COMMERCIO E INDUSTRIA", "Role": "Biade e alimentari", "page_num": "509", "nom_classification": "outside_venice", "is_provincia": true, "provincia_town": "chioggia", "geocoding_tier": "5f", "match_confidence": "nominatim_provincia_flagged", "match_note": "Nominatim provincia: Sottomarina 440, Chioggia, Italy | type=suburb class=place | FLAGGED", "nominatim_query": "Sottomarina 440, Chioggia, Italy", "nominatim_flagged": true, "matched_lat": 45.2148983, "matched_lon": 12.2938879 }, "geometry": { "type": "Point", "coordinates": [ 12.2938879, 45.2148983 ] } },
{ "type": "Feature", "properties": { "Name": "Boscolo Regina «Meleguolo»", "Address": "Sottomarina 1600", "Location": "Chioggia", "section": "COMMERCIO E INDUSTRIA", "Role": "Biade e alimentari", "page_num": "509", "nom_classification": "outside_venice", "is_provincia": true, "provincia_town": "chioggia", "geocoding_tier": "5f", "match_confidence": "nominatim_provincia_flagged", "match_note": "Nominatim provincia: Sottomarina 1600, Chioggia, Italy | type=suburb class=place | FLAGGED", "nominatim_query": "Sottomarina 1600, Chioggia, Italy", "nominatim_flagged": true, "matched_lat": 45.2148983, "matched_lon": 12.2938879 }, "geometry": { "type": "Point", "coordinates": [ 12.2938879, 45.2148983 ] } },
{ "type": "Feature", "properties": { "Name": "Bullo Andrea", "Address": "Duomo 398", "Location": "Chioggia", "section": "COMMERCIO E INDUSTRIA", "Role": "Biade e alimentari", "page_num": "509", "nom_classification": "outside_venice", "is_provincia": true, "provincia_town": "chioggia", "geocoding_tier": "5f", "match_confidence": "nominatim_provincia_flagged", "match_note": "Nominatim provincia: Duomo 398, Chioggia, Italy | type=living_street class=highway | FLAGGED", "nominatim_query": "Duomo 398, Chioggia, Italy", "nominatim_flagged": true, "matched_lat": 45.2175174, "matched_lon": 12.2766967 }, "geometry": { "type": "Point", "coordinates": [ 12.2766967, 45.2175174 ] } },
{ "type": "Feature", "properties": { "Name": "Bullo Mario", "Address": "S. Giacomo 22", "Location": "Chioggia", "section": "COMMERCIO E INDUSTRIA", "Role": "Biade e alimentari", "page_num": "509", "nom_classification": "outside_venice", "is_provincia": true, "provincia_town": "chioggia", "geocoding_tier": "5f", "match_confidence": "nominatim_provincia_flagged", "match_note": "Nominatim provincia: S. Giacomo 22, Chioggia, Italy | type=tertiary class=highway | FLAGGED", "nominatim_query": "S. Giacomo 22, Chioggia, Italy", "nominatim_flagged": true, "matched_lat": 45.2175957, "matched_lon": 12.2840996 }, "geometry": { "type": "Point", "coordinates": [ 12.2840996, 45.2175957 ] } },
{ "type": "Feature", "properties": { "Name": "Costa Pietro", "Address": "Orti 41", "Location": "Chioggia", "section": "COMMERCIO E INDUSTRIA", "Role": "Biade e alimentari", "page_num": "509", "nom_classification": "outside_venice", "is_provincia": true, "provincia_town": "chioggia", "geocoding_tier": "5f", "match_confidence": "nominatim_provincia_flagged", "match_note": "Nominatim provincia: Orti 41, Chioggia, Italy | type=secondary class=highway | FLAGGED", "nominatim_query": "Orti 41, Chioggia, Italy", "nominatim_flagged": true, "matched_lat": 45.1852889, "matched_lon": 12.2741363 }, "geometry": { "type": "Point", "coordinates": [ 12.2741363, 45.1852889 ] } },
{ "type": "Feature", "properties": { "Name": "Domin Antonio", "Address": "S. Anna 294", "Location": "Chioggia", "section": "COMMERCIO E INDUSTRIA", "Role": "Biade e alimentari", "page_num": "509", "nom_classification": "outside_venice", "is_provincia": true, "provincia_town": "chioggia", "geocoding_tier": "5", "match_confidence": "nominatim_provincia", "match_note": "Nominatim provincia: S. Anna 294, Chioggia, Italy | type=place_of_worship class=amenity", "nominatim_query": "S. Anna 294, Chioggia, Italy", "nominatim_flagged": false, "matched_lat": 45.1460907, "matched_lon": 12.266363 }, "geometry": { "type": "Point", "coordinates": [ 12.266363, 45.1460907 ] } },
{ "type": "Feature", "properties": { "Name": "Gradara Vittore", "Address": "Duomo 81", "Location": "Chioggia", "section": "COMMERCIO E INDUSTRIA", "Role": "Biade e alimentari", "page_num": "509", "nom_classification": "outside_venice", "is_provincia": true, "provincia_town": "chioggia", "geocoding_tier": "5f", "match_confidence": "nominatim_provincia_flagged", "match_note": "Nominatim provincia: Duomo 81, Chioggia, Italy | type=pedestrian class=highway | FLAGGED", "nominatim_query": "Duomo 81, Chioggia, Italy", "nominatim_flagged": true, "matched_lat": 45.2171542, "matched_lon": 12.2774706 }, "geometry": { "type": "Point", "coordinates": [ 12.2774706, 45.2171542 ] } },
{ "type": "Feature", "properties": { "Name": "Palladon Gastone", "Address": "S. Andrea 203", "Location": "Chioggia", "section": "COMMERCIO E INDUSTRIA", "Role": "Biade e alimentari", "page_num": "509", "nom_classification": "outside_venice", "is_provincia": true, "provincia_town": "chioggia", "geocoding_tier": "5f", "match_confidence": "nominatim_provincia_flagged", "match_note": "Nominatim provincia: S. Andrea 203, Chioggia, Italy | type=pedestrian class=highway | FLAGGED", "nominatim_query": "S. Andrea 203, Chioggia, Italy", "nominatim_flagged": true, "matched_lat": 45.2213194, "matched_lon": 12.2799813 }, "geometry": { "type": "Point", "coordinates": [ 12.2799813, 45.2213194 ] } },
{ "type": "Feature", "properties": { "Name": "Padovan Lorenzo", "Address": "Duomo 65", "Location": "Chioggia", "section": "COMMERCIO E INDUSTRIA", "Role": "Biade e alimentari", "page_num": "509", "nom_classification": "outside_venice", "is_provincia": true, "provincia_town": "chioggia", "geocoding_tier": "5f", "match_confidence": "nominatim_provincia_flagged", "match_note": "Nominatim provincia: Duomo 65, Chioggia, Italy | type=living_street class=highway | FLAGGED", "nominatim_query": "Duomo 65, Chioggia, Italy", "nominatim_flagged": true, "matched_lat": 45.2175174, "matched_lon": 12.2766967 }, "geometry": { "type": "Point", "coordinates": [ 12.2766967, 45.2175174 ] } },
{ "type": "Feature", "properties": { "Name": "») (esia", "Address": " Sottomarina 268", "Location": "Chioggia", "section": "COMMERCIO E INDUSTRIA", "Role": "Biade e alimentari, Peuzo Narsica", "page_num": "509", "nom_classification": "outside_venice", "is_provincia": true, "provincia_town": "chioggia", "geocoding_tier": "5f", "match_confidence": "nominatim_provincia_flagged", "match_note": "Nominatim provincia: Sottomarina 268, Chioggia, Italy | type=suburb class=place | FLAGGED", "nominatim_query": "Sottomarina 268, Chioggia, Italy", "nominatim_flagged": true, "matched_lat": 45.2148983, "matched_lon": 12.2938879 }, "geometry": { "type": "Point", "coordinates": [ 12.2938879, 45.2148983 ] } },
{ "type": "Feature", "properties": { "Name": "Perini Aurora", "Address": "S. Giacomo 725", "Location": "Chioggia", "section": "COMMERCIO E INDUSTRIA", "Role": "Biade e alimentari", "page_num": "509", "nom_classification": "outside_venice", "is_provincia": true, "provincia_town": "chioggia", "geocoding_tier": "5f", "match_confidence": "nominatim_provincia_flagged", "match_note": "Nominatim provincia: S. Giacomo 725, Chioggia, Italy | type=tertiary class=highway | FLAGGED", "nominatim_query": "S. Giacomo 725, Chioggia, Italy", "nominatim_flagged": true, "matched_lat": 45.2180961, "matched_lon": 12.2825306 }, "geometry": { "type": "Point", "coordinates": [ 12.2825306, 45.2180961 ] } },
{ "type": "Feature", "properties": { "Name": "Plex Maria", "Address": "Duomo 269", "Location": "Chioggia", "section": "COMMERCIO E INDUSTRIA", "Role": "Biade e alimentari", "page_num": "509", "nom_classification": "outside_venice", "is_provincia": true, "provincia_town": "chioggia", "geocoding_tier": "5f", "match_confidence": "nominatim_provincia_flagged", "match_note": "Nominatim provincia: Duomo 269, Chioggia, Italy | type=pedestrian class=highway | FLAGGED", "nominatim_query": "Duomo 269, Chioggia, Italy", "nominatim_flagged": true, "matched_lat": 45.2171542, "matched_lon": 12.2774706 }, "geometry": { "type": "Point", "coordinates": [ 12.2774706, 45.2171542 ] } },
{ "type": "Feature", "properties": { "Name": "Raimato Angelo", "Address": "S. Giacomo 215", "Location": "Chioggia", "section": "COMMERCIO E INDUSTRIA", "Role": "Biade e alimentari", "page_num": "509", "nom_classification": "outside_venice", "is_provincia": true, "provincia_town": "chioggia", "geocoding_tier": "5f", "match_confidence": "nominatim_provincia_flagged", "match_note": "Nominatim provincia: S. Giacomo 215, Chioggia, Italy | type=tertiary class=highway | FLAGGED", "nominatim_query": "S. Giacomo 215, Chioggia, Italy", "nominatim_flagged": true, "matched_lat": 45.2175957, "matched_lon": 12.2840996 }, "geometry": { "type": "Point", "coordinates": [ 12.2840996, 45.2175957 ] } },
{ "type": "Feature", "properties": { "Name": "Salvagno Edoardo", "Address": "S. Andrea 281", "Location": "Chioggia", "section": "COMMERCIO E INDUSTRIA", "Role": "Biade e alimentari", "page_num": "509", "nom_classification": "outside_venice", "is_provincia": true, "provincia_town": "chioggia", "geocoding_tier": "5f", "match_confidence": "nominatim_provincia_flagged", "match_note": "Nominatim provincia: S. Andrea 281, Chioggia, Italy | type=pedestrian class=highway | FLAGGED", "nominatim_query": "S. Andrea 281, Chioggia, Italy", "nominatim_flagged": true, "matched_lat": 45.2213194, "matched_lon": 12.2799813 }, "geometry": { "type": "Point", "coordinates": [ 12.2799813, 45.2213194 ] } },
{ "type": "Feature", "properties": { "Name": "Scarpa Carlo", "Address": "S. Giacomo 634", "Location": "Chioggia", "section": "COMMERCIO E INDUSTRIA", "Role": "Biade e alimentari", "page_num": "509", "nom_classification": "outside_venice", "is_provincia": true, "provincia_town": "chioggia", "geocoding_tier": "5f", "match_confidence": "nominatim_provincia_flagged", "match_note": "Nominatim provincia: S. Giacomo 634, Chioggia, Italy | type=tertiary class=highway | FLAGGED", "nominatim_query": "S. Giacomo 634, Chioggia, Italy", "nominatim_flagged": true, "matched_lat": 45.2176562, "matched_lon": 12.2839418 }, "geometry": { "type": "Point", "coordinates": [ 12.2839418, 45.2176562 ] } },
{ "type": "Feature", "properties": { "Name": "Torezo Angelo «Sponton»", "Address": "Sottomarina 386", "Location": "Chioggia", "section": "COMMERCIO E INDUSTRIA", "Role": "Biade e alimentari", "page_num": "509", "nom_classification": "outside_venice", "is_provincia": true, "provincia_town": "chioggia", "geocoding_tier": "5f", "match_confidence": "nominatim_provincia_flagged", "match_note": "Nominatim provincia: Sottomarina 386, Chioggia, Italy | type=suburb class=place | FLAGGED", "nominatim_query": "Sottomarina 386, Chioggia, Italy", "nominatim_flagged": true, "matched_lat": 45.2148983, "matched_lon": 12.2938879 }, "geometry": { "type": "Point", "coordinates": [ 12.2938879, 45.2148983 ] } },
{ "type": "Feature", "properties": { "Name": "Tiozzo Cesira «Bizzarol»", "Address": "Sottomarina 218", "Location": "Chioggia", "section": "COMMERCIO E INDUSTRIA", "Role": "Biade e alimentari", "page_num": "509", "nom_classification": "outside_venice", "is_provincia": true, "provincia_town": "chioggia", "geocoding_tier": "5f", "match_confidence": "nominatim_provincia_flagged", "match_note": "Nominatim provincia: Sottomarina 218, Chioggia, Italy | type=suburb class=place | FLAGGED", "nominatim_query": "Sottomarina 218, Chioggia, Italy", "nominatim_flagged": true, "matched_lat": 45.2148983, "matched_lon": 12.2938879 }, "geometry": { "type": "Point", "coordinates": [ 12.2938879, 45.2148983 ] } },
{ "type": "Feature", "properties": { "Name": "Tiozzo Rosa Sponton", "Address": "Sottomarina 211", "Location": "Chioggia", "section": "COMMERCIO E INDUSTRIA", "Role": "Biade e alimentari", "page_num": "509", "nom_classification": "outside_venice", "is_provincia": true, "provincia_town": "chioggia", "geocoding_tier": "5f", "match_confidence": "nominatim_provincia_flagged", "match_note": "Nominatim provincia: Sottomarina 211, Chioggia, Italy | type=suburb class=place | FLAGGED", "nominatim_query": "Sottomarina 211, Chioggia, Italy", "nominatim_flagged": true, "matched_lat": 45.2148983, "matched_lon": 12.2938879 }, "geometry": { "type": "Point", "coordinates": [ 12.2938879, 45.2148983 ] } },
{ "type": "Feature", "properties": { "Name": "Toffolo Elena", "Address": "Sottomarina 812", "Location": "Chioggia", "section": "COMMERCIO E INDUSTRIA", "Role": "Biade e alimentari", "page_num": "509", "nom_classification": "outside_venice", "is_provincia": true, "provincia_town": "chioggia", "geocoding_tier": "5f", "match_confidence": "nominatim_provincia_flagged", "match_note": "Nominatim provincia: Sottomarina 812, Chioggia, Italy | type=suburb class=place | FLAGGED", "nominatim_query": "Sottomarina 812, Chioggia, Italy", "nominatim_flagged": true, "matched_lat": 45.2148983, "matched_lon": 12.2938879 }, "geometry": { "type": "Point", "coordinates": [ 12.2938879, 45.2148983 ] } },
{ "type": "Feature", "properties": { "Name": "Vianelli Angelo", "Address": "Riva Vena", "Location": "Chioggia", "section": "COMMERCIO E INDUSTRIA", "Role": "Biade e alimentari", "page_num": "509", "nom_classification": "outside_venice", "is_provincia": true, "provincia_town": "chioggia", "geocoding_tier": "5f", "match_confidence": "nominatim_provincia_flagged", "match_note": "Nominatim provincia: Riva Vena, Chioggia, Italy | type=pedestrian class=highway | FLAGGED", "nominatim_query": "Riva Vena, Chioggia, Italy", "nominatim_flagged": true, "matched_lat": 45.220533, "matched_lon": 12.2801969 }, "geometry": { "type": "Point", "coordinates": [ 12.2801969, 45.220533 ] } },
{ "type": "Feature", "properties": { "Name": "Vianelli Luigi", "Address": "Sottomarina 6837", "Location": "Chioggia", "section": "COMMERCIO E INDUSTRIA", "Role": "Biade e alimentari", "page_num": "509", "nom_classification": "outside_venice", "is_provincia": true, "provincia_town": "chioggia", "geocoding_tier": "5f", "match_confidence": "nominatim_provincia_flagged", "match_note": "Nominatim provincia: Sottomarina 6837, Chioggia, Italy | type=suburb class=place | FLAGGED", "nominatim_query": "Sottomarina 6837, Chioggia, Italy", "nominatim_flagged": true, "matched_lat": 45.2148983, "matched_lon": 12.2938879 }, "geometry": { "type": "Point", "coordinates": [ 12.2938879, 45.2148983 ] } },
{ "type": "Feature", "properties": { "Name": "Gardolo Antonio", "Address": "Andrea 165", "Location": "Chioggia", "section": "COMMERCIO E INDUSTRIA", "Role": "Biade, olimentari (grossisti)", "page_num": "509", "nom_classification": "outside_venice", "is_provincia": true, "provincia_town": "chioggia", "geocoding_tier": "5f", "match_confidence": "nominatim_provincia_flagged", "match_note": "Nominatim provincia: Andrea 165, Chioggia, Italy | type=residential class=highway | FLAGGED", "nominatim_query": "Andrea 165, Chioggia, Italy", "nominatim_flagged": true, "matched_lat": 45.2209892, "matched_lon": 12.2819098 }, "geometry": { "type": "Point", "coordinates": [ 12.2819098, 45.2209892 ] } },
{ "type": "Feature", "properties": { "Name": "Pettini Luca", "Address": "Sottamarina VIA 5. Mar 13", "Location": "Chioggia", "section": "COMMERCIO E INDUSTRIA", "Role": "Iscluttclv dresses, LCD riparation accessories", "page_num": "509", "nom_classification": "outside_venice", "is_provincia": true, "provincia_town": "chioggia", "geocoding_tier": "5f", "match_confidence": "nominatim_provincia_flagged", "match_note": "Nominatim provincia: Via Sottomarina 5, Chioggia, Italy | type=living_street class=highway | FLAGGED", "nominatim_query": "Via Sottomarina 5, Chioggia, Italy", "nominatim_flagged": true, "matched_lat": 45.213864, "matched_lon": 12.2891327 }, "geometry": { "type": "Point", "coordinates": [ 12.2891327, 45.213864 ] } },
{ "type": "Feature", "properties": { "Name": "Tiozzo Dante", "Address": "Via Cesare Battisti", "Location": "Chioggia", "section": "COMMERCIO E INDUSTRIA", "Role": "Biande, pesa e migure (ripporazionl)", "page_num": "509", "nom_classification": "outside_venice", "is_provincia": true, "provincia_town": "chioggia", "geocoding_tier": "5f", "match_confidence": "nominatim_provincia_flagged", "match_note": "Nominatim provincia: Via Cesare Battisti, Chioggia, Italy | type=residential class=highway | FLAGGED", "nominatim_query": "Via Cesare Battisti, Chioggia, Italy", "nominatim_flagged": true, "matched_lat": 45.2198512, "matched_lon": 12.2777839 }, "geometry": { "type": "Point", "coordinates": [ 12.2777839, 45.2198512 ] } },
{ "type": "Feature", "properties": { "Name": "Monaro Flaminio", "Address": "Calle Filippini", "Location": "Chioggia", "section": "COMMERCIO E INDUSTRIA", "Role": "Bottai e Mastellal", "page_num": "509", "nom_classification": "outside_venice", "is_provincia": true, "provincia_town": "chioggia", "geocoding_tier": "5f", "match_confidence": "nominatim_provincia_flagged", "match_note": "Nominatim provincia: Calle Filippini, Chioggia, Italy | type=residential class=highway | FLAGGED", "nominatim_query": "Calle Filippini, Chioggia, Italy", "nominatim_flagged": true, "matched_lat": 45.2193417, "matched_lon": 12.2807039 }, "geometry": { "type": "Point", "coordinates": [ 12.2807039, 45.2193417 ] } },
{ "type": "Feature", "properties": { "Name": "Bullo Rosò", "Address": "S. Giacomo 212", "Location": "Chioggia", "section": "COMMERCIO E INDUSTRIA", "Role": "Caffè", "page_num": "509", "nom_classification": "outside_venice", "is_provincia": true, "provincia_town": "chioggia", "geocoding_tier": "5f", "match_confidence": "nominatim_provincia_flagged", "match_note": "Nominatim provincia: S. Giacomo 212, Chioggia, Italy | type=tertiary class=highway | FLAGGED", "nominatim_query": "S. Giacomo 212, Chioggia, Italy", "nominatim_flagged": true, "matched_lat": 45.2175573, "matched_lon": 12.2840344 }, "geometry": { "type": "Point", "coordinates": [ 12.2840344, 45.2175573 ] } },
{ "type": "Feature", "properties": { "Name": "Mrasauculo Mara", "Address": "S. Andrea 450", "Location": "Chioggia", "section": "COMMERCIO E INDUSTRIA", "Role": "Caffè", "page_num": "509", "nom_classification": "outside_venice", "is_provincia": true, "provincia_town": "chioggia", "geocoding_tier": "5f", "match_confidence": "nominatim_provincia_flagged", "match_note": "Nominatim provincia: S. Andrea 450, Chioggia, Italy | type=pedestrian class=highway | FLAGGED", "nominatim_query": "S. Andrea 450, Chioggia, Italy", "nominatim_flagged": true, "matched_lat": 45.2213194, "matched_lon": 12.2799813 }, "geometry": { "type": "Point", "coordinates": [ 12.2799813, 45.2213194 ] } },
{ "type": "Feature", "properties": { "Name": "Penzo Mario", "Address": "S. Giacomo 294", "Location": "Chioggia", "section": "COMMERCIO E INDUSTRIA", "Role": "Caffè", "page_num": "509", "nom_classification": "outside_venice", "is_provincia": true, "provincia_town": "chioggia", "geocoding_tier": "5f", "match_confidence": "nominatim_provincia_flagged", "match_note": "Nominatim provincia: S. Giacomo 294, Chioggia, Italy | type=tertiary class=highway | FLAGGED", "nominatim_query": "S. Giacomo 294, Chioggia, Italy", "nominatim_flagged": true, "matched_lat": 45.2175957, "matched_lon": 12.2840996 }, "geometry": { "type": "Point", "coordinates": [ 12.2840996, 45.2175957 ] } },
{ "type": "Feature", "properties": { "Name": "Sambo Maria", "Address": "S. Andrea 24", "Location": "Chioggia", "section": "COMMERCIO E INDUSTRIA", "Role": "Caffè", "page_num": "509", "nom_classification": "outside_venice", "is_provincia": true, "provincia_town": "chioggia", "geocoding_tier": "5f", "match_confidence": "nominatim_provincia_flagged", "match_note": "Nominatim provincia: S. Andrea 24, Chioggia, Italy | type=pedestrian class=highway | FLAGGED", "nominatim_query": "S. Andrea 24, Chioggia, Italy", "nominatim_flagged": true, "matched_lat": 45.2213194, "matched_lon": 12.2799813 }, "geometry": { "type": "Point", "coordinates": [ 12.2799813, 45.2213194 ] } },
{ "type": "Feature", "properties": { "Name": "Pennaro Emilio", "Address": "Riva Vena", "Location": "Chioggia", "section": "COMMERCIO E INDUSTRIA", "Role": "Calzature", "page_num": "509", "nom_classification": "outside_venice", "is_provincia": true, "provincia_town": "chioggia", "geocoding_tier": "5f", "match_confidence": "nominatim_provincia_flagged", "match_note": "Nominatim provincia: Riva Vena, Chioggia, Italy | type=pedestrian class=highway | FLAGGED", "nominatim_query": "Riva Vena, Chioggia, Italy", "nominatim_flagged": true, "matched_lat": 45.220533, "matched_lon": 12.2801969 }, "geometry": { "type": "Point", "coordinates": [ 12.2801969, 45.220533 ] } },
{ "type": "Feature", "properties": { "Name": "Zennarno Salute", "Address": "Sottomarina 827", "Location": "Chioggia", "section": "COMMERCIO E INDUSTRIA", "Role": "Calzature", "page_num": "509", "nom_classification": "outside_venice", "is_provincia": true, "provincia_town": "chioggia", "geocoding_tier": "5f", "match_confidence": "nominatim_provincia_flagged", "match_note": "Nominatim provincia: Sottomarina 827, Chioggia, Italy | type=suburb class=place | FLAGGED", "nominatim_query": "Sottomarina 827, Chioggia, Italy", "nominatim_flagged": true, "matched_lat": 45.2148983, "matched_lon": 12.2938879 }, "geometry": { "type": "Point", "coordinates": [ 12.2938879, 45.2148983 ] } },
{ "type": "Feature", "properties": { "Name": "Voldonia Felice", "Address": "Calle S. Giacomo", "Location": "Chioggia", "section": "COMMERCIO E INDUSTRIA", "Role": "Cantieri Navali (piccolo tonneggiaggio)", "page_num": "509", "nom_classification": "outside_venice", "is_provincia": true, "provincia_town": "chioggia", "geocoding_tier": "5f", "match_confidence": "nominatim_provincia_flagged", "match_note": "Nominatim provincia: Calle S. Giacomo, Chioggia, Italy | type=tertiary class=highway | FLAGGED", "nominatim_query": "Calle S. Giacomo, Chioggia, Italy", "nominatim_flagged": true, "matched_lat": 45.2188658, "matched_lon": 12.2793924 }, "geometry": { "type": "Point", "coordinates": [ 12.2793924, 45.2188658 ] } },
{ "type": "Feature", "properties": { "Name": "Notrio Antonio Ca: lice", "Address": " Duomo 82", "Location": "Chioggia", "section": "COMMERCIO E INDUSTRIA", "Role": "Cantieri Navali (piccolo tonneggiaggio)", "page_num": "509", "nom_classification": "outside_venice", "is_provincia": true, "provincia_town": "chioggia", "geocoding_tier": "5f", "match_confidence": "nominatim_provincia_flagged", "match_note": "Nominatim provincia: Duomo 82, Chioggia, Italy | type=pedestrian class=highway | FLAGGED", "nominatim_query": "Duomo 82, Chioggia, Italy", "nominatim_flagged": true, "matched_lat": 45.2171542, "matched_lon": 12.2774706 }, "geometry": { "type": "Point", "coordinates": [ 12.2774706, 45.2171542 ] } },
{ "type": "Feature", "properties": { "Name": "Volticina cino", "Address": "Calle S. Giacomo", "Location": "Chioggia", "section": "COMMERCIO E INDUSTRIA", "Role": "Cantieri Navali (piccolo tonneggiaggio)", "page_num": "509", "nom_classification": "outside_venice", "is_provincia": true, "provincia_town": "chioggia", "geocoding_tier": "5f", "match_confidence": "nominatim_provincia_flagged", "match_note": "Nominatim provincia: Calle S. Giacomo, Chioggia, Italy | type=tertiary class=highway | FLAGGED", "nominatim_query": "Calle S. Giacomo, Chioggia, Italy", "nominatim_flagged": true, "matched_lat": 45.2188658, "matched_lon": 12.2793924 }, "geometry": { "type": "Point", "coordinates": [ 12.2793924, 45.2188658 ] } },
{ "type": "Feature", "properties": { "Name": "Menetto Felle e Fratelli", "Address": "S. Giacomo 669", "Location": "Chioggia", "section": "COMMERCIO E INDUSTRIA", "Role": "Menetto", "page_num": "510", "nom_classification": "outside_venice", "is_provincia": true, "provincia_town": "chioggia", "geocoding_tier": "5f", "match_confidence": "nominatim_provincia_flagged", "match_note": "Nominatim provincia: S. Giacomo 669, Chioggia, Italy | type=tertiary class=highway | FLAGGED", "nominatim_query": "S. Giacomo 669, Chioggia, Italy", "nominatim_flagged": true, "matched_lat": 45.2175957, "matched_lon": 12.2840996 }, "geometry": { "type": "Point", "coordinates": [ 12.2840996, 45.2175957 ] } },
{ "type": "Feature", "properties": { "Name": "Ravagnan Fausto", "Address": "Corso del Popolo 212", "Location": "Chioggia", "section": "COMMERCIO E INDUSTRIA", "Role": "Ravagnan", "page_num": "510", "nom_classification": "outside_venice", "is_provincia": true, "provincia_town": "chioggia", "geocoding_tier": "5f", "match_confidence": "nominatim_provincia_flagged", "match_note": "Nominatim provincia: Corso del Popolo 212, Chioggia, Italy | type=living_street class=highway | FLAGGED", "nominatim_query": "Corso del Popolo 212, Chioggia, Italy", "nominatim_flagged": true, "matched_lat": 45.2213296, "matched_lon": 12.2795819 }, "geometry": { "type": "Point", "coordinates": [ 12.2795819, 45.2213296 ] } },
{ "type": "Feature", "properties": { "Name": "Beloimo Guido", "Address": "Calle Fattorini", "Location": "Chioggia", "section": "COMMERCIO E INDUSTRIA", "Role": "Campanini", "page_num": "510", "nom_classification": "outside_venice", "is_provincia": true, "provincia_town": "chioggia", "geocoding_tier": "5f", "match_confidence": "nominatim_provincia_flagged", "match_note": "Nominatim provincia: Calle Fattorini, Chioggia, Italy | type=residential class=highway | FLAGGED", "nominatim_query": "Calle Fattorini, Chioggia, Italy", "nominatim_flagged": true, "matched_lat": 45.222143, "matched_lon": 12.2788449 }, "geometry": { "type": "Point", "coordinates": [ 12.2788449, 45.222143 ] } },
{ "type": "Feature", "properties": { "Name": "Bazzarello Emilio", "Address": "Duomo 249", "Location": "Chioggia", "section": "COMMERCIO E INDUSTRIA", "Role": "Carbone", "page_num": "510", "nom_classification": "outside_venice", "is_provincia": true, "provincia_town": "chioggia", "geocoding_tier": "5f", "match_confidence": "nominatim_provincia_flagged", "match_note": "Nominatim provincia: Duomo 249, Chioggia, Italy | type=living_street class=highway | FLAGGED", "nominatim_query": "Duomo 249, Chioggia, Italy", "nominatim_flagged": true, "matched_lat": 45.2175174, "matched_lon": 12.2766967 }, "geometry": { "type": "Point", "coordinates": [ 12.2766967, 45.2175174 ] } },
{ "type": "Feature", "properties": { "Name": "Costantini Francesco", "Address": "S. Andrea 733", "Location": "Chioggia", "section": "COMMERCIO E INDUSTRIA", "Role": "Carbone", "page_num": "510", "nom_classification": "outside_venice", "is_provincia": true, "provincia_town": "chioggia", "geocoding_tier": "5f", "match_confidence": "nominatim_provincia_flagged", "match_note": "Nominatim provincia: S. Andrea 733, Chioggia, Italy | type=pedestrian class=highway | FLAGGED", "nominatim_query": "S. Andrea 733, Chioggia, Italy", "nominatim_flagged": true, "matched_lat": 45.2213194, "matched_lon": 12.2799813 }, "geometry": { "type": "Point", "coordinates": [ 12.2799813, 45.2213194 ] } },
{ "type": "Feature", "properties": { "Name": "Contadin", "Address": " Sottomarina 1305", "Location": "Chioggia", "section": "COMMERCIO E INDUSTRIA", "Role": "Carbone, Boscolo Giovanni", "page_num": "510", "nom_classification": "outside_venice", "is_provincia": true, "provincia_town": "chioggia", "geocoding_tier": "5f", "match_confidence": "nominatim_provincia_flagged", "match_note": "Nominatim provincia: Sottomarina 1305, Chioggia, Italy | type=suburb class=place | FLAGGED", "nominatim_query": "Sottomarina 1305, Chioggia, Italy", "nominatim_flagged": true, "matched_lat": 45.2148983, "matched_lon": 12.2938879 }, "geometry": { "type": "Point", "coordinates": [ 12.2938879, 45.2148983 ] } },
{ "type": "Feature", "properties": { "Name": "Boscolo Salute di Oreste", "Address": "Sottomarina 1075", "Location": "Chioggia", "section": "COMMERCIO E INDUSTRIA", "Role": "Carbone", "page_num": "510", "nom_classification": "outside_venice", "is_provincia": true, "provincia_town": "chioggia", "geocoding_tier": "5f", "match_confidence": "nominatim_provincia_flagged", "match_note": "Nominatim provincia: Sottomarina 1075, Chioggia, Italy | type=suburb class=place | FLAGGED", "nominatim_query": "Sottomarina 1075, Chioggia, Italy", "nominatim_flagged": true, "matched_lat": 45.2148983, "matched_lon": 12.2938879 }, "geometry": { "type": "Point", "coordinates": [ 12.2938879, 45.2148983 ] } },
{ "type": "Feature", "properties": { "Name": "Costantini Aristide", "Address": "S. Andrea 432", "Location": "Chioggia", "section": "COMMERCIO E INDUSTRIA", "Role": "Carbone", "page_num": "510", "nom_classification": "outside_venice", "is_provincia": true, "provincia_town": "chioggia", "geocoding_tier": "5f", "match_confidence": "nominatim_provincia_flagged", "match_note": "Nominatim provincia: S. Andrea 432, Chioggia, Italy | type=pedestrian class=highway | FLAGGED", "nominatim_query": "S. Andrea 432, Chioggia, Italy", "nominatim_flagged": true, "matched_lat": 45.2213194, "matched_lon": 12.2799813 }, "geometry": { "type": "Point", "coordinates": [ 12.2799813, 45.2213194 ] } },
{ "type": "Feature", "properties": { "Name": "De Bei Narciso", "Address": "S. Andrea 212", "Location": "Chioggia", "section": "COMMERCIO E INDUSTRIA", "Role": "Carbone", "page_num": "510", "nom_classification": "outside_venice", "is_provincia": true, "provincia_town": "chioggia", "geocoding_tier": "5f", "match_confidence": "nominatim_provincia_flagged", "match_note": "Nominatim provincia: S. Andrea 212, Chioggia, Italy | type=pedestrian class=highway | FLAGGED", "nominatim_query": "S. Andrea 212, Chioggia, Italy", "nominatim_flagged": true, "matched_lat": 45.2213194, "matched_lon": 12.2799813 }, "geometry": { "type": "Point", "coordinates": [ 12.2799813, 45.2213194 ] } },
{ "type": "Feature", "properties": { "Name": "Feredigo Luigi", "Address": "Duomo 733", "Location": "Chioggia", "section": "COMMERCIO E INDUSTRIA", "Role": "Carbone", "page_num": "510", "nom_classification": "outside_venice", "is_provincia": true, "provincia_town": "chioggia", "geocoding_tier": "5f", "match_confidence": "nominatim_provincia_flagged", "match_note": "Nominatim provincia: Duomo 733, Chioggia, Italy | type=pedestrian class=highway | FLAGGED", "nominatim_query": "Duomo 733, Chioggia, Italy", "nominatim_flagged": true, "matched_lat": 45.2171542, "matched_lon": 12.2774706 }, "geometry": { "type": "Point", "coordinates": [ 12.2774706, 45.2171542 ] } },
{ "type": "Feature", "properties": { "Name": "Cliviero Marcello", "Address": "Corso del Popolo 111", "Location": "Chioggia", "section": "COMMERCIO E INDUSTRIA", "Role": "Carburanti", "page_num": "510", "nom_classification": "outside_venice", "is_provincia": true, "provincia_town": "chioggia", "geocoding_tier": "5f", "match_confidence": "nominatim_provincia_flagged", "match_note": "Nominatim provincia: Corso del Popolo 111, Chioggia, Italy | type=tertiary class=highway | FLAGGED", "nominatim_query": "Corso del Popolo 111, Chioggia, Italy", "nominatim_flagged": true, "matched_lat": 45.2164785, "matched_lon": 12.2776534 }, "geometry": { "type": "Point", "coordinates": [ 12.2776534, 45.2164785 ] } },
{ "type": "Feature", "properties": { "Name": "Scarpa Bruno", "Address": "Stradale Ponte Caneva 635", "Location": "Chioggia", "section": "COMMERCIO E INDUSTRIA", "Role": "Carburanti", "page_num": "510", "nom_classification": "outside_venice", "is_provincia": true, "provincia_town": "chioggia", "geocoding_tier": "5f", "match_confidence": "nominatim_provincia_flagged", "match_note": "Nominatim provincia: Stradale Ponte Caneva 635, Chioggia, Italy | type=residential class=highway | FLAGGED", "nominatim_query": "Stradale Ponte Caneva 635, Chioggia, Italy", "nominatim_flagged": true, "matched_lat": 45.2219527, "matched_lon": 12.2802204 }, "geometry": { "type": "Point", "coordinates": [ 12.2802204, 45.2219527 ] } },
{ "type": "Feature", "properties": { "Name": "Fratelli Cester", "Address": "Calle Olivi", "Location": "Venezia", "section": "COMMERCIO E INDUSTRIA", "Role": "Falegnami", "page_num": "511", "nom_classification": "outside_venice", "is_provincia": true, "provincia_town": "venezia", "geocoding_tier": "5f", "match_confidence": "nominatim_provincia_flagged", "match_note": "Nominatim provincia: Calle Olivi, Venezia, Italy | type=residential class=highway | FLAGGED", "nominatim_query": "Calle Olivi, Venezia, Italy", "nominatim_flagged": true, "matched_lat": 45.2206582, "matched_lon": 12.2779636 }, "geometry": { "type": "Point", "coordinates": [ 12.2779636, 45.2206582 ] } },
{ "type": "Feature", "properties": { "Name": "Fratelli Furritano", "Address": "Calle Piva", "Location": "Venezia", "section": "COMMERCIO E INDUSTRIA", "Role": "Falegnami", "page_num": "511", "nom_classification": "outside_venice", "is_provincia": true, "provincia_town": "venezia", "geocoding_tier": "5f", "match_confidence": "nominatim_provincia_flagged", "match_note": "Nominatim provincia: Calle Piva, Venezia, Italy | type=residential class=highway | FLAGGED", "nominatim_query": "Calle Piva, Venezia, Italy", "nominatim_flagged": true, "matched_lat": 45.2189632, "matched_lon": 12.2805404 }, "geometry": { "type": "Point", "coordinates": [ 12.2805404, 45.2189632 ] } },
{ "type": "Feature", "properties": { "Name": "Dal Gesso Gaillo", "Address": "Calle S. Domenico", "Location": "Venezia", "section": "COMMERCIO E INDUSTRIA", "Role": "Falegnami", "page_num": "511", "nom_classification": "outside_venice", "is_provincia": true, "provincia_town": "venezia", "geocoding_tier": "5f", "match_confidence": "nominatim_provincia_flagged", "match_note": "Nominatim provincia: Calle S. Domenico, Venezia, Italy | type=pedestrian class=highway | FLAGGED", "nominatim_query": "Calle S. Domenico, Venezia, Italy", "nominatim_flagged": true, "matched_lat": 45.4313241, "matched_lon": 12.3545826 }, "geometry": { "type": "Point", "coordinates": [ 12.3545826, 45.4313241 ] } },
{ "type": "Feature", "properties": { "Name": "Friziero e Giuseppina", "Address": "Duomo 266", "Location": "Venezia", "section": "COMMERCIO E INDUSTRIA", "Role": "Ferramenta", "page_num": "511", "nom_classification": "outside_venice", "is_provincia": true, "provincia_town": "venezia", "geocoding_tier": "5f", "match_confidence": "nominatim_provincia_flagged", "match_note": "Nominatim provincia: Duomo 266, Venezia, Italy | type=residential class=highway | FLAGGED", "nominatim_query": "Duomo 266, Venezia, Italy", "nominatim_flagged": true, "matched_lat": 45.2174233, "matched_lon": 12.2762518 }, "geometry": { "type": "Point", "coordinates": [ 12.2762518, 45.2174233 ] } },
{ "type": "Feature", "properties": { "Name": "Panaiotti Pollio", "Address": "S. Giacomo 363", "Location": "Venezia", "section": "COMMERCIO E INDUSTRIA", "Role": "Ferramenta", "page_num": "511", "nom_classification": "outside_venice", "is_provincia": true, "provincia_town": "venezia", "geocoding_tier": "5f", "match_confidence": "nominatim_provincia_flagged", "match_note": "Nominatim provincia: S. Giacomo 363, Venezia, Italy | type=isolated_dwelling class=place | FLAGGED", "nominatim_query": "S. Giacomo 363, Venezia, Italy", "nominatim_flagged": true, "matched_lat": 45.771052, "matched_lon": 12.8585022 }, "geometry": { "type": "Point", "coordinates": [ 12.8585022, 45.771052 ] } },
{ "type": "Feature", "properties": { "Name": "Sambo Vittorino", "Address": "S. Giacomo 207", "Location": "Venezia", "section": "COMMERCIO E INDUSTRIA", "Role": "Ferramenta", "page_num": "511", "nom_classification": "outside_venice", "is_provincia": true, "provincia_town": "venezia", "geocoding_tier": "5f", "match_confidence": "nominatim_provincia_flagged", "match_note": "Nominatim provincia: S. Giacomo 207, Venezia, Italy | type=isolated_dwelling class=place | FLAGGED", "nominatim_query": "S. Giacomo 207, Venezia, Italy", "nominatim_flagged": true, "matched_lat": 45.7583503, "matched_lon": 12.8558294 }, "geometry": { "type": "Point", "coordinates": [ 12.8558294, 45.7583503 ] } },
{ "type": "Feature", "properties": { "Name": "Zennaro Dionina", "Address": "S. Andrea 90", "Location": "Venezia", "section": "COMMERCIO E INDUSTRIA", "Role": "Ferramenta", "page_num": "511", "nom_classification": "outside_venice", "is_provincia": true, "provincia_town": "venezia", "geocoding_tier": "5f", "match_confidence": "nominatim_provincia_flagged", "match_note": "Nominatim provincia: S. Andrea 90, Venezia, Italy | type=pedestrian class=highway | FLAGGED", "nominatim_query": "S. Andrea 90, Venezia, Italy", "nominatim_flagged": true, "matched_lat": 45.2213194, "matched_lon": 12.2799813 }, "geometry": { "type": "Point", "coordinates": [ 12.2799813, 45.2213194 ] } },
{ "type": "Feature", "properties": { "Name": "Civera Marcello", "Address": "Corso del Popolo 111", "Location": "Venezia", "section": "COMMERCIO E INDUSTRIA", "Role": "Forniture marittime", "page_num": "511", "nom_classification": "outside_venice", "is_provincia": true, "provincia_town": "venezia", "geocoding_tier": "5", "match_confidence": "nominatim_provincia", "match_note": "Nominatim provincia: Corso del Popolo 111, Mestre, Italy | type=house class=place", "nominatim_query": "Corso del Popolo 111, Mestre, Italy", "nominatim_flagged": false, "matched_lat": 45.4872207, "matched_lon": 12.2427607 }, "geometry": { "type": "Point", "coordinates": [ 12.2427607, 45.4872207 ] } },
{ "type": "Feature", "properties": { "Name": "Bafo Luigi", "Address": "S. Giacomo 510", "Location": "Venezia", "section": "COMMERCIO E INDUSTRIA", "Role": "Formaggi e Burro", "page_num": "511", "nom_classification": "outside_venice", "is_provincia": true, "provincia_town": "venezia", "geocoding_tier": "5f", "match_confidence": "nominatim_provincia_flagged", "match_note": "Nominatim provincia: S. Giacomo 510, Venezia, Italy | type=isolated_dwelling class=place | FLAGGED", "nominatim_query": "S. Giacomo 510, Venezia, Italy", "nominatim_flagged": true, "matched_lat": 45.7583503, "matched_lon": 12.8558294 }, "geometry": { "type": "Point", "coordinates": [ 12.8558294, 45.7583503 ] } },
{ "type": "Feature", "properties": { "Name": "Pietrini Edoardo", "Address": "S. Giacomo 381", "Location": "Venezia", "section": "COMMERCIO E INDUSTRIA", "Role": "Formaggi e Burro", "page_num": "511", "nom_classification": "outside_venice", "is_provincia": true, "provincia_town": "venezia", "geocoding_tier": "5f", "match_confidence": "nominatim_provincia_flagged", "match_note": "Nominatim provincia: S. Giacomo 381, Venezia, Italy | type=isolated_dwelling class=place | FLAGGED", "nominatim_query": "S. Giacomo 381, Venezia, Italy", "nominatim_flagged": true, "matched_lat": 45.7583503, "matched_lon": 12.8558294 }, "geometry": { "type": "Point", "coordinates": [ 12.8558294, 45.7583503 ] } },
{ "type": "Feature", "properties": { "Name": "Crovara Edoardo", "Address": "Riva Vena", "Location": "Venezia", "section": "COMMERCIO E INDUSTRIA", "Role": "Formaggi e Burro", "page_num": "511", "nom_classification": "outside_venice", "is_provincia": true, "provincia_town": "venezia", "geocoding_tier": "5f", "match_confidence": "nominatim_provincia_flagged", "match_note": "Nominatim provincia: Riva Vena, Chioggia, Italy | type=pedestrian class=highway | FLAGGED", "nominatim_query": "Riva Vena, Chioggia, Italy", "nominatim_flagged": true, "matched_lat": 45.220533, "matched_lon": 12.2801969 }, "geometry": { "type": "Point", "coordinates": [ 12.2801969, 45.220533 ] } },
{ "type": "Feature", "properties": { "Name": "Bettcto Elnstacchio", "Address": "Riva Vena", "Location": "Venezia", "section": "COMMERCIO E INDUSTRIA", "Role": "Formaggi e Burro", "page_num": "511", "nom_classification": "outside_venice", "is_provincia": true, "provincia_town": "venezia", "geocoding_tier": "5f", "match_confidence": "nominatim_provincia_flagged", "match_note": "Nominatim provincia: Riva Vena, Venezia, Italy | type=pedestrian class=highway | FLAGGED", "nominatim_query": "Riva Vena, Venezia, Italy", "nominatim_flagged": true, "matched_lat": 45.220533, "matched_lon": 12.2801969 }, "geometry": { "type": "Point", "coordinates": [ 12.2801969, 45.220533 ] } },
{ "type": "Feature", "properties": { "Name": "Bullo Fernanda", "Address": "S. Andrea 229", "Location": "Venezia", "section": "COMMERCIO E INDUSTRIA", "Role": "Fotografie (materiale e gabinetti di posa)", "page_num": "511", "nom_classification": "outside_venice", "is_provincia": true, "provincia_town": "venezia", "geocoding_tier": "5f", "match_confidence": "nominatim_provincia_flagged", "match_note": "Nominatim provincia: S. Andrea 229, Venezia, Italy | type=pedestrian class=highway | FLAGGED", "nominatim_query": "S. Andrea 229, Venezia, Italy", "nominatim_flagged": true, "matched_lat": 45.2213194, "matched_lon": 12.2799813 }, "geometry": { "type": "Point", "coordinates": [ 12.2799813, 45.2213194 ] } },
{ "type": "Feature", "properties": { "Name": "Zennaro Andrea", "Address": "S. Giacomo 628", "Location": "Venezia", "section": "COMMERCIO E INDUSTRIA", "Role": "Fotografie (materiale e gabinetti di posa)", "page_num": "511", "nom_classification": "outside_venice", "is_provincia": true, "provincia_town": "venezia", "geocoding_tier": "5f", "match_confidence": "nominatim_provincia_flagged", "match_note": "Nominatim provincia: S. Giacomo 628, Venezia, Italy | type=isolated_dwelling class=place | FLAGGED", "nominatim_query": "S. Giacomo 628, Venezia, Italy", "nominatim_flagged": true, "matched_lat": 45.771052, "matched_lon": 12.8585022 }, "geometry": { "type": "Point", "coordinates": [ 12.8585022, 45.771052 ] } },
{ "type": "Feature", "properties": { "Name": "Mezzo Giuseppina", "Address": "S. Andrea 512", "Location": "Venezia", "section": "COMMERCIO E INDUSTRIA", "Role": "Fotografie (materiale e gabinetti di posa)", "page_num": "511", "nom_classification": "outside_venice", "is_provincia": true, "provincia_town": "venezia", "geocoding_tier": "5f", "match_confidence": "nominatim_provincia_flagged", "match_note": "Nominatim provincia: S. Andrea 512, Venezia, Italy | type=pedestrian class=highway | FLAGGED", "nominatim_query": "S. Andrea 512, Venezia, Italy", "nominatim_flagged": true, "matched_lat": 45.2213194, "matched_lon": 12.2799813 }, "geometry": { "type": "Point", "coordinates": [ 12.2799813, 45.2213194 ] } },
{ "type": "Feature", "properties": { "Name": "Pu Gaetano", "Address": " Orti 473", "Location": "Venezia", "section": "COMMERCIO E INDUSTRIA", "Role": "Frutta e verdura (dettaglio), Baldi Aristide", "page_num": "511", "nom_classification": "outside_venice", "is_provincia": true, "provincia_town": "venezia", "geocoding_tier": "5f", "match_confidence": "nominatim_provincia_flagged", "match_note": "Nominatim provincia: Orti 473, Venezia, Italy | type=pedestrian class=highway | FLAGGED", "nominatim_query": "Orti 473, Venezia, Italy", "nominatim_flagged": true, "matched_lat": 45.4267214, "matched_lon": 12.3162719 }, "geometry": { "type": "Point", "coordinates": [ 12.3162719, 45.4267214 ] } },
{ "type": "Feature", "properties": { "Name": "Ballarin Maria", "Address": "S. Andrea 504", "Location": "Venezia", "section": "COMMERCIO E INDUSTRIA", "Role": "Frutta e verdura (dettaglio)", "page_num": "511", "nom_classification": "outside_venice", "is_provincia": true, "provincia_town": "venezia", "geocoding_tier": "5f", "match_confidence": "nominatim_provincia_flagged", "match_note": "Nominatim provincia: S. Andrea 504, Venezia, Italy | type=pedestrian class=highway | FLAGGED", "nominatim_query": "S. Andrea 504, Venezia, Italy", "nominatim_flagged": true, "matched_lat": 45.2213194, "matched_lon": 12.2799813 }, "geometry": { "type": "Point", "coordinates": [ 12.2799813, 45.2213194 ] } },
{ "type": "Feature", "properties": { "Name": "Boccolo Adele e Ccgzon", "Address": "S. Giacomo 812", "Location": "Venezia", "section": "COMMERCIO E INDUSTRIA", "Role": "Frutta e verdura (dettaglio)", "page_num": "511", "nom_classification": "outside_venice", "is_provincia": true, "provincia_town": "venezia", "geocoding_tier": "5f", "match_confidence": "nominatim_provincia_flagged", "match_note": "Nominatim provincia: S. Giacomo 812, Venezia, Italy | type=isolated_dwelling class=place | FLAGGED", "nominatim_query": "S. Giacomo 812, Venezia, Italy", "nominatim_flagged": true, "matched_lat": 45.7583503, "matched_lon": 12.8558294 }, "geometry": { "type": "Point", "coordinates": [ 12.8558294, 45.7583503 ] } },
{ "type": "Feature", "properties": { "Name": "Boscolo Angelo Caruo", "Address": "Sottomarina 162", "Location": "Venezia", "section": "COMMERCIO E INDUSTRIA", "Role": "Frutta e verdura (dettaglio)", "page_num": "511", "nom_classification": "outside_venice", "is_provincia": true, "provincia_town": "venezia", "geocoding_tier": "5f", "match_confidence": "nominatim_provincia_flagged", "match_note": "Nominatim provincia: Sottomarina 162, Chioggia, Italy | type=suburb class=place | FLAGGED", "nominatim_query": "Sottomarina 162, Chioggia, Italy", "nominatim_flagged": true, "matched_lat": 45.2148983, "matched_lon": 12.2938879 }, "geometry": { "type": "Point", "coordinates": [ 12.2938879, 45.2148983 ] } },
{ "type": "Feature", "properties": { "Name": "Boscolo Angelo eCbiolom", "Address": "Sottomarina 565", "Location": "Venezia", "section": "COMMERCIO E INDUSTRIA", "Role": "Frutta e verdura (dettaglio)", "page_num": "511", "nom_classification": "outside_venice", "is_provincia": true, "provincia_town": "venezia", "geocoding_tier": "5f", "match_confidence": "nominatim_provincia_flagged", "match_note": "Nominatim provincia: Sottomarina 565, Italy | type=suburb class=place | FLAGGED", "nominatim_query": "Sottomarina 565, Italy", "nominatim_flagged": true, "matched_lat": 45.2148983, "matched_lon": 12.2938879 }, "geometry": { "type": "Point", "coordinates": [ 12.2938879, 45.2148983 ] } },
{ "type": "Feature", "properties": { "Name": "Boscolo Cesira Gaiazzon", "Address": "Sottomarina 824", "Location": "Venezia", "section": "COMMERCIO E INDUSTRIA", "Role": "Frutta e verdura (dettaglio)", "page_num": "511", "nom_classification": "outside_venice", "is_provincia": true, "provincia_town": "venezia", "geocoding_tier": "5f", "match_confidence": "nominatim_provincia_flagged", "match_note": "Nominatim provincia: Sottomarina 824, Italy | type=suburb class=place | FLAGGED", "nominatim_query": "Sottomarina 824, Italy", "nominatim_flagged": true, "matched_lat": 45.2148983, "matched_lon": 12.2938879 }, "geometry": { "type": "Point", "coordinates": [ 12.2938879, 45.2148983 ] } },
{ "type": "Feature", "properties": { "Name": "Boscolo Elisa Natan", "Address": "Sottomarina 1278", "Location": "Venezia", "section": "COMMERCIO E INDUSTRIA", "Role": "Frutta e verdura (dettaglio)", "page_num": "511", "nom_classification": "outside_venice", "is_provincia": true, "provincia_town": "venezia", "geocoding_tier": "5f", "match_confidence": "nominatim_provincia_flagged", "match_note": "Nominatim provincia: Sottomarina 1278, Italy | type=suburb class=place | FLAGGED", "nominatim_query": "Sottomarina 1278, Italy", "nominatim_flagged": true, "matched_lat": 45.2148983, "matched_lon": 12.2938879 }, "geometry": { "type": "Point", "coordinates": [ 12.2938879, 45.2148983 ] } },
{ "type": "Feature", "properties": { "Name": "Boscolo Erminia Chieronon", "Address": "Sottomarina 711", "Location": "Venezia", "section": "COMMERCIO E INDUSTRIA", "Role": "Frutta e verdura (dettaglio)", "page_num": "511", "nom_classification": "outside_venice", "is_provincia": true, "provincia_town": "venezia", "geocoding_tier": "5f", "match_confidence": "nominatim_provincia_flagged", "match_note": "Nominatim provincia: Sottomarina 711, Italy | type=suburb class=place | FLAGGED", "nominatim_query": "Sottomarina 711, Italy", "nominatim_flagged": true, "matched_lat": 45.2148983, "matched_lon": 12.2938879 }, "geometry": { "type": "Point", "coordinates": [ 12.2938879, 45.2148983 ] } },
{ "type": "Feature", "properties": { "Name": "Boscolo Ernimina Biragadin", "Address": "Sottomarina 1020", "Location": "Venezia", "section": "COMMERCIO E INDUSTRIA", "Role": "Frutta e verdura (dettaglio)", "page_num": "511", "nom_classification": "outside_venice", "is_provincia": true, "provincia_town": "venezia", "geocoding_tier": "5f", "match_confidence": "nominatim_provincia_flagged", "match_note": "Nominatim provincia: Sottomarina 1020, Italy | type=suburb class=place | FLAGGED", "nominatim_query": "Sottomarina 1020, Italy", "nominatim_flagged": true, "matched_lat": 45.2148983, "matched_lon": 12.2938879 }, "geometry": { "type": "Point", "coordinates": [ 12.2938879, 45.2148983 ] } },
{ "type": "Feature", "properties": { "Name": "Boscolo Fortina a Begaon", "Address": "Sottomarina 89", "Location": "Venezia", "section": "COMMERCIO E INDUSTRIA", "Role": "Frutta e verdura (dettaglio)", "page_num": "511", "nom_classification": "outside_venice", "is_provincia": true, "provincia_town": "venezia", "geocoding_tier": "5f", "match_confidence": "nominatim_provincia_flagged", "match_note": "Nominatim provincia: Sottomarina 89, Italy | type=suburb class=place | FLAGGED", "nominatim_query": "Sottomarina 89, Italy", "nominatim_flagged": true, "matched_lat": 45.2148983, "matched_lon": 12.2938879 }, "geometry": { "type": "Point", "coordinates": [ 12.2938879, 45.2148983 ] } },
{ "type": "Feature", "properties": { "Name": "Boscolo J. de Marchini", "Address": "Sottomarina 972", "Location": "Venezia", "section": "COMMERCIO E INDUSTRIA", "Role": "Frutta e verdura (dettaglio)", "page_num": "511", "nom_classification": "outside_venice", "is_provincia": true, "provincia_town": "venezia", "geocoding_tier": "5f", "match_confidence": "nominatim_provincia_flagged", "match_note": "Nominatim provincia: Sottomarina 972, Italy | type=suburb class=place | FLAGGED", "nominatim_query": "Sottomarina 972, Italy", "nominatim_flagged": true, "matched_lat": 45.2148983, "matched_lon": 12.2938879 }, "geometry": { "type": "Point", "coordinates": [ 12.2938879, 45.2148983 ] } },
{ "type": "Feature", "properties": { "Name": "Boscolo Maria Anzolettin", "Address": "Sottomarina 475", "Location": "Venezia", "section": "COMMERCIO E INDUSTRIA", "Role": "Frutta e verdura (dettaglio)", "page_num": "511", "nom_classification": "outside_venice", "is_provincia": true, "provincia_town": "venezia", "geocoding_tier": "5f", "match_confidence": "nominatim_provincia_flagged", "match_note": "Nominatim provincia: Sottomarina 475, Chioggia, Italy | type=suburb class=place | FLAGGED", "nominatim_query": "Sottomarina 475, Chioggia, Italy", "nominatim_flagged": true, "matched_lat": 45.2148983, "matched_lon": 12.2938879 }, "geometry": { "type": "Point", "coordinates": [ 12.2938879, 45.2148983 ] } },
{ "type": "Feature", "properties": { "Name": "Boc solo Salute eBrsino", "Address": "Sottomarina 701", "Location": "Venezia", "section": "COMMERCIO E INDUSTRIA", "Role": "Frutta e verdura (dettaglio)", "page_num": "511", "nom_classification": "outside_venice", "is_provincia": true, "provincia_town": "venezia", "geocoding_tier": "5f", "match_confidence": "nominatim_provincia_flagged", "match_note": "Nominatim provincia: Sottomarina 701, Italy | type=suburb class=place | FLAGGED", "nominatim_query": "Sottomarina 701, Italy", "nominatim_flagged": true, "matched_lat": 45.2148983, "matched_lon": 12.2938879 }, "geometry": { "type": "Point", "coordinates": [ 12.2938879, 45.2148983 ] } },
{ "type": "Feature", "properties": { "Name": "Boscolo Salute", "Address": "S. Andrea 417", "Location": "Venezia", "section": "COMMERCIO E INDUSTRIA", "Role": "Frutta e verdura (dettaglio)", "page_num": "511", "nom_classification": "outside_venice", "is_provincia": true, "provincia_town": "venezia", "geocoding_tier": "5f", "match_confidence": "nominatim_provincia_flagged", "match_note": "Nominatim provincia: S. Andrea 417, Venezia, Italy | type=pedestrian class=highway | FLAGGED", "nominatim_query": "S. Andrea 417, Venezia, Italy", "nominatim_flagged": true, "matched_lat": 45.2213194, "matched_lon": 12.2799813 }, "geometry": { "type": "Point", "coordinates": [ 12.2799813, 45.2213194 ] } },
{ "type": "Feature", "properties": { "Name": "Boscolo Teresa eBiston", "Address": "S. Andrea 670", "Location": "Venezia", "section": "COMMERCIO E INDUSTRIA", "Role": "Frutta e verdura (dettaglio)", "page_num": "511", "nom_classification": "outside_venice", "is_provincia": true, "provincia_town": "venezia", "geocoding_tier": "5f", "match_confidence": "nominatim_provincia_flagged", "match_note": "Nominatim provincia: S. Andrea 670, Venezia, Italy | type=pedestrian class=highway | FLAGGED", "nominatim_query": "S. Andrea 670, Venezia, Italy", "nominatim_flagged": true, "matched_lat": 45.2213194, "matched_lon": 12.2799813 }, "geometry": { "type": "Point", "coordinates": [ 12.2799813, 45.2213194 ] } },
{ "type": "Feature", "properties": { "Name": "Boscolo Teresa Marchi", "Address": "Sottomarina 1070", "Location": "Venezia", "section": "COMMERCIO E INDUSTRIA", "Role": "Frutta e verdura (dettaglio)", "page_num": "511", "nom_classification": "outside_venice", "is_provincia": true, "provincia_town": "venezia", "geocoding_tier": "5f", "match_confidence": "nominatim_provincia_flagged", "match_note": "Nominatim provincia: Sottomarina 1070, Italy | type=suburb class=place | FLAGGED", "nominatim_query": "Sottomarina 1070, Italy", "nominatim_flagged": true, "matched_lat": 45.2148983, "matched_lon": 12.2938879 }, "geometry": { "type": "Point", "coordinates": [ 12.2938879, 45.2148983 ] } },
{ "type": "Feature", "properties": { "Name": "Bulli Ernesta", "Address": "Duomo 286", "Location": "Venezia", "section": "COMMERCIO E INDUSTRIA", "Role": "Frutta e verdura (dettaglio)", "page_num": "511", "nom_classification": "outside_venice", "is_provincia": true, "provincia_town": "venezia", "geocoding_tier": "5f", "match_confidence": "nominatim_provincia_flagged", "match_note": "Nominatim provincia: Duomo 286, Venezia, Italy | type=living_street class=highway | FLAGGED", "nominatim_query": "Duomo 286, Venezia, Italy", "nominatim_flagged": true, "matched_lat": 45.2175174, "matched_lon": 12.2766967 }, "geometry": { "type": "Point", "coordinates": [ 12.2766967, 45.2175174 ] } },
{ "type": "Feature", "properties": { "Name": "Callegher Maria", "Address": "S. Giacomo 484", "Location": "Venezia", "section": "COMMERCIO E INDUSTRIA", "Role": "Frutta e verdura (dettaglio)", "page_num": "511", "nom_classification": "outside_venice", "is_provincia": true, "provincia_town": "venezia", "geocoding_tier": "5f", "match_confidence": "nominatim_provincia_flagged", "match_note": "Nominatim provincia: S. Giacomo 484, Venezia, Italy | type=isolated_dwelling class=place | FLAGGED", "nominatim_query": "S. Giacomo 484, Venezia, Italy", "nominatim_flagged": true, "matched_lat": 45.771052, "matched_lon": 12.8585022 }, "geometry": { "type": "Point", "coordinates": [ 12.8585022, 45.771052 ] } },
{ "type": "Feature", "properties": { "Name": "Camifu Jolanda", "Address": "S. Giacomo 152", "Location": "Venezia", "section": "COMMERCIO E INDUSTRIA", "Role": "Frutta e verdura (dettaglio)", "page_num": "511", "nom_classification": "outside_venice", "is_provincia": true, "provincia_town": "venezia", "geocoding_tier": "5f", "match_confidence": "nominatim_provincia_flagged", "match_note": "Nominatim provincia: S. Giacomo 152, Venezia, Italy | type=isolated_dwelling class=place | FLAGGED", "nominatim_query": "S. Giacomo 152, Venezia, Italy", "nominatim_flagged": true, "matched_lat": 45.7583503, "matched_lon": 12.8558294 }, "geometry": { "type": "Point", "coordinates": [ 12.8558294, 45.7583503 ] } },
{ "type": "Feature", "properties": { "Name": "Cavallini Giovanna", "Address": "Sottomarina 143", "Location": "Venezia", "section": "COMMERCIO E INDUSTRIA", "Role": "Frutta e verdura (dettaglio)", "page_num": "511", "nom_classification": "outside_venice", "is_provincia": true, "provincia_town": "venezia", "geocoding_tier": "5f", "match_confidence": "nominatim_provincia_flagged", "match_note": "Nominatim provincia: Sottomarina 143, Chioggia, Italy | type=suburb class=place | FLAGGED", "nominatim_query": "Sottomarina 143, Chioggia, Italy", "nominatim_flagged": true, "matched_lat": 45.2148983, "matched_lon": 12.2938879 }, "geometry": { "type": "Point", "coordinates": [ 12.2938879, 45.2148983 ] } },
{ "type": "Feature", "properties": { "Name": "Cavazzana Vincenzo", "Address": "S. Andrea 1541", "Location": "Venezia", "section": "COMMERCIO E INDUSTRIA", "Role": "Frutta e verdura (dettaglio)", "page_num": "511", "nom_classification": "outside_venice", "is_provincia": true, "provincia_town": "venezia", "geocoding_tier": "5f", "match_confidence": "nominatim_provincia_flagged", "match_note": "Nominatim provincia: S. Andrea 1541, Venezia, Italy | type=pedestrian class=highway | FLAGGED", "nominatim_query": "S. Andrea 1541, Venezia, Italy", "nominatim_flagged": true, "matched_lat": 45.2213194, "matched_lon": 12.2799813 }, "geometry": { "type": "Point", "coordinates": [ 12.2799813, 45.2213194 ] } },
{ "type": "Feature", "properties": { "Name": "Celter Angelina", "Address": "S. Andrea 1363", "Location": "Venezia", "section": "COMMERCIO E INDUSTRIA", "Role": "Frutta e verdura (dettaglio)", "page_num": "511", "nom_classification": "outside_venice", "is_provincia": true, "provincia_town": "venezia", "geocoding_tier": "5f", "match_confidence": "nominatim_provincia_flagged", "match_note": "Nominatim provincia: S. Andrea 1363, Venezia, Italy | type=pedestrian class=highway | FLAGGED", "nominatim_query": "S. Andrea 1363, Venezia, Italy", "nominatim_flagged": true, "matched_lat": 45.2213194, "matched_lon": 12.2799813 }, "geometry": { "type": "Point", "coordinates": [ 12.2799813, 45.2213194 ] } },
{ "type": "Feature", "properties": { "Name": "Dorin Clorinda", "Address": "S. Giacomo 72", "Location": "Venezia", "section": "COMMERCIO E INDUSTRIA", "Role": "Frutta e verdura (dettaglio)", "page_num": "511", "nom_classification": "outside_venice", "is_provincia": true, "provincia_town": "venezia", "geocoding_tier": "5f", "match_confidence": "nominatim_provincia_flagged", "match_note": "Nominatim provincia: S. Giacomo 72, Venezia, Italy | type=isolated_dwelling class=place | FLAGGED", "nominatim_query": "S. Giacomo 72, Venezia, Italy", "nominatim_flagged": true, "matched_lat": 45.7583503, "matched_lon": 12.8558294 }, "geometry": { "type": "Point", "coordinates": [ 12.8558294, 45.7583503 ] } },
{ "type": "Feature", "properties": { "Name": "Gamba Mafalda", "Address": "S. Andrea 836", "Location": "Venezia", "section": "COMMERCIO E INDUSTRIA", "Role": "Frutta e verdura (dettaglio)", "page_num": "511", "nom_classification": "outside_venice", "is_provincia": true, "provincia_town": "venezia", "geocoding_tier": "5f", "match_confidence": "nominatim_provincia_flagged", "match_note": "Nominatim provincia: S. Andrea 836, Venezia, Italy | type=pedestrian class=highway | FLAGGED", "nominatim_query": "S. Andrea 836, Venezia, Italy", "nominatim_flagged": true, "matched_lat": 45.2213194, "matched_lon": 12.2799813 }, "geometry": { "type": "Point", "coordinates": [ 12.2799813, 45.2213194 ] } },
{ "type": "Feature", "properties": { "Name": "Genuari DosaImo", "Address": "Duomo 873", "Location": "Venezia", "section": "COMMERCIO E INDUSTRIA", "Role": "Frutta e verdura (dettaglio)", "page_num": "511", "nom_classification": "outside_venice", "is_provincia": true, "provincia_town": "venezia", "geocoding_tier": "5f", "match_confidence": "nominatim_provincia_flagged", "match_note": "Nominatim provincia: Duomo 873, Venezia, Italy | type=residential class=highway | FLAGGED", "nominatim_query": "Duomo 873, Venezia, Italy", "nominatim_flagged": true, "matched_lat": 45.2174233, "matched_lon": 12.2762518 }, "geometry": { "type": "Point", "coordinates": [ 12.2762518, 45.2174233 ] } },
{ "type": "Feature", "properties": { "Name": "Mastrelle Annibale", "Address": "S. Andrea 972", "Location": "Venezia", "section": "COMMERCIO E INDUSTRIA", "Role": "Frutta e verdura (dettaglio)", "page_num": "511", "nom_classification": "outside_venice", "is_provincia": true, "provincia_town": "venezia", "geocoding_tier": "5f", "match_confidence": "nominatim_provincia_flagged", "match_note": "Nominatim provincia: S. Andrea 972, Venezia, Italy | type=pedestrian class=highway | FLAGGED", "nominatim_query": "S. Andrea 972, Venezia, Italy", "nominatim_flagged": true, "matched_lat": 45.2213194, "matched_lon": 12.2799813 }, "geometry": { "type": "Point", "coordinates": [ 12.2799813, 45.2213194 ] } },
{ "type": "Feature", "properties": { "Name": "De Antoni Pierina", "Address": "S. Giacomo 736", "Location": "Venezia", "section": "COMMERCIO E INDUSTRIA", "Role": "Frutta e verdura (dettaglio)", "page_num": "511", "nom_classification": "outside_venice", "is_provincia": true, "provincia_town": "venezia", "geocoding_tier": "5f", "match_confidence": "nominatim_provincia_flagged", "match_note": "Nominatim provincia: S. Giacomo 736, Venezia, Italy | type=isolated_dwelling class=place | FLAGGED", "nominatim_query": "S. Giacomo 736, Venezia, Italy", "nominatim_flagged": true, "matched_lat": 45.771052, "matched_lon": 12.8585022 }, "geometry": { "type": "Point", "coordinates": [ 12.8585022, 45.771052 ] } },
{ "type": "Feature", "properties": { "Name": "De Grandis Antonia", "Address": "S. Andrea 1181", "Location": "Venezia", "section": "COMMERCIO E INDUSTRIA", "Role": "Frutta e verdura (dettaglio)", "page_num": "511", "nom_classification": "outside_venice", "is_provincia": true, "provincia_town": "venezia", "geocoding_tier": "5f", "match_confidence": "nominatim_provincia_flagged", "match_note": "Nominatim provincia: S. Andrea 1181, Venezia, Italy | type=pedestrian class=highway | FLAGGED", "nominatim_query": "S. Andrea 1181, Venezia, Italy", "nominatim_flagged": true, "matched_lat": 45.2213194, "matched_lon": 12.2799813 }, "geometry": { "type": "Point", "coordinates": [ 12.2799813, 45.2213194 ] } },
{ "type": "Feature", "properties": { "Name": "Pajodan Giovanni", "Address": "S. Giacomo 101", "Location": "Venezia", "section": "COMMERCIO E INDUSTRIA", "Role": "Frutta e verdura (dettaglio)", "page_num": "511", "nom_classification": "outside_venice", "is_provincia": true, "provincia_town": "venezia", "geocoding_tier": "5", "match_confidence": "nominatim_provincia", "match_note": "Nominatim provincia: S. Giacomo 101, Venezia, Italy | type=house class=place", "nominatim_query": "S. Giacomo 101, Venezia, Italy", "nominatim_flagged": false, "matched_lat": 45.7659509, "matched_lon": 12.8666017 }, "geometry": { "type": "Point", "coordinates": [ 12.8666017, 45.7659509 ] } },
{ "type": "Feature", "properties": { "Name": "Marzala Severino", "Address": "Orti 164", "Location": "Venezia", "section": "COMMERCIO E INDUSTRIA", "Role": "Frutta e verdura (dettaglio)", "page_num": "511", "nom_classification": "outside_venice", "is_provincia": true, "provincia_town": "venezia", "geocoding_tier": "5f", "match_confidence": "nominatim_provincia_flagged", "match_note": "Nominatim provincia: Orti 164, Venezia, Italy | type=pedestrian class=highway | FLAGGED", "nominatim_query": "Orti 164, Venezia, Italy", "nominatim_flagged": true, "matched_lat": 45.4267214, "matched_lon": 12.3162719 }, "geometry": { "type": "Point", "coordinates": [ 12.3162719, 45.4267214 ] } },
{ "type": "Feature", "properties": { "Name": "Manar Normo", "Address": "Duomo 841", "Location": "Venezia", "section": "COMMERCIO E INDUSTRIA", "Role": "Frutta e verdura (dettaglio)", "page_num": "511", "nom_classification": "outside_venice", "is_provincia": true, "provincia_town": "venezia", "geocoding_tier": "5f", "match_confidence": "nominatim_provincia_flagged", "match_note": "Nominatim provincia: Duomo 841, Venezia, Italy | type=residential class=highway | FLAGGED", "nominatim_query": "Duomo 841, Venezia, Italy", "nominatim_flagged": true, "matched_lat": 45.2174233, "matched_lon": 12.2762518 }, "geometry": { "type": "Point", "coordinates": [ 12.2762518, 45.2174233 ] } },
{ "type": "Feature", "properties": { "Name": "Morello Maria", "Address": "Orti 967", "Location": "Venezia", "section": "COMMERCIO E INDUSTRIA", "Role": "Frutta e verdura (dettaglio)", "page_num": "511", "nom_classification": "outside_venice", "is_provincia": true, "provincia_town": "venezia", "geocoding_tier": "5f", "match_confidence": "nominatim_provincia_flagged", "match_note": "Nominatim provincia: Orti 967, Venezia, Italy | type=residential class=highway | FLAGGED", "nominatim_query": "Orti 967, Venezia, Italy", "nominatim_flagged": true, "matched_lat": 45.3481826, "matched_lon": 12.319148 }, "geometry": { "type": "Point", "coordinates": [ 12.319148, 45.3481826 ] } },
{ "type": "Feature", "properties": { "Name": "Pagan Feliciano", "Address": "S. Andrea 1064", "Location": "Venezia", "section": "COMMERCIO E INDUSTRIA", "Role": "Frutta e verdura (dettaglio)", "page_num": "511", "nom_classification": "outside_venice", "is_provincia": true, "provincia_town": "venezia", "geocoding_tier": "5f", "match_confidence": "nominatim_provincia_flagged", "match_note": "Nominatim provincia: S. Andrea 1064, Venezia, Italy | type=pedestrian class=highway | FLAGGED", "nominatim_query": "S. Andrea 1064, Venezia, Italy", "nominatim_flagged": true, "matched_lat": 45.2213194, "matched_lon": 12.2799813 }, "geometry": { "type": "Point", "coordinates": [ 12.2799813, 45.2213194 ] } },
{ "type": "Feature", "properties": { "Name": "Pezzo Angela", "Address": "S. Andrea 407", "Location": "Venezia", "section": "COMMERCIO E INDUSTRIA", "Role": "Frutta e verdura (dettaglio)", "page_num": "511", "nom_classification": "outside_venice", "is_provincia": true, "provincia_town": "venezia", "geocoding_tier": "5f", "match_confidence": "nominatim_provincia_flagged", "match_note": "Nominatim provincia: S. Andrea 407, Venezia, Italy | type=pedestrian class=highway | FLAGGED", "nominatim_query": "S. Andrea 407, Venezia, Italy", "nominatim_flagged": true, "matched_lat": 45.2213194, "matched_lon": 12.2799813 }, "geometry": { "type": "Point", "coordinates": [ 12.2799813, 45.2213194 ] } },
{ "type": "Feature", "properties": { "Name": "Penzo Carlotta", "Address": "S. Andrea 541", "Location": "Venezia", "section": "COMMERCIO E INDUSTRIA", "Role": "Frutta e verdura (dettaglio)", "page_num": "511", "nom_classification": "outside_venice", "is_provincia": true, "provincia_town": "venezia", "geocoding_tier": "5f", "match_confidence": "nominatim_provincia_flagged", "match_note": "Nominatim provincia: S. Andrea 541, Venezia, Italy | type=pedestrian class=highway | FLAGGED", "nominatim_query": "S. Andrea 541, Venezia, Italy", "nominatim_flagged": true, "matched_lat": 45.2213194, "matched_lon": 12.2799813 }, "geometry": { "type": "Point", "coordinates": [ 12.2799813, 45.2213194 ] } },
{ "type": "Feature", "properties": { "Name": "Penzo Colombo", "Address": "Sottomarina 445", "Location": "Venezia", "section": "COMMERCIO E INDUSTRIA", "Role": "Frutta e verdura (dettaglio)", "page_num": "511", "nom_classification": "outside_venice", "is_provincia": true, "provincia_town": "venezia", "geocoding_tier": "5f", "match_confidence": "nominatim_provincia_flagged", "match_note": "Nominatim provincia: Sottomarina 445, Italy | type=suburb class=place | FLAGGED", "nominatim_query": "Sottomarina 445, Italy", "nominatim_flagged": true, "matched_lat": 45.2148983, "matched_lon": 12.2938879 }, "geometry": { "type": "Point", "coordinates": [ 12.2938879, 45.2148983 ] } },
{ "type": "Feature", "properties": { "Name": "Penzo Irama", "Address": "Duomo 879", "Location": "Venezia", "section": "COMMERCIO E INDUSTRIA", "Role": "Frutta e verdura (dettaglio)", "page_num": "511", "nom_classification": "outside_venice", "is_provincia": true, "provincia_town": "venezia", "geocoding_tier": "5f", "match_confidence": "nominatim_provincia_flagged", "match_note": "Nominatim provincia: Duomo 879, Venezia, Italy | type=residential class=highway | FLAGGED", "nominatim_query": "Duomo 879, Venezia, Italy", "nominatim_flagged": true, "matched_lat": 45.2174233, "matched_lon": 12.2762518 }, "geometry": { "type": "Point", "coordinates": [ 12.2762518, 45.2174233 ] } },
{ "type": "Feature", "properties": { "Name": "Peron Norma", "Address": "S. Andrea 713", "Location": "Venezia", "section": "COMMERCIO E INDUSTRIA", "Role": "Frutta e verdura (dettaglio)", "page_num": "511", "nom_classification": "outside_venice", "is_provincia": true, "provincia_town": "venezia", "geocoding_tier": "5f", "match_confidence": "nominatim_provincia_flagged", "match_note": "Nominatim provincia: S. Andrea 713, Venezia, Italy | type=pedestrian class=highway | FLAGGED", "nominatim_query": "S. Andrea 713, Venezia, Italy", "nominatim_flagged": true, "matched_lat": 45.2213194, "matched_lon": 12.2799813 }, "geometry": { "type": "Point", "coordinates": [ 12.2799813, 45.2213194 ] } },
{ "type": "Feature", "properties": { "Name": "Sambo Amalia", "Address": "S. Giacomo 381", "Location": "Venezia", "section": "COMMERCIO E INDUSTRIA", "Role": "Frutta e verdura (dettaglio)", "page_num": "511", "nom_classification": "outside_venice", "is_provincia": true, "provincia_town": "venezia", "geocoding_tier": "5f", "match_confidence": "nominatim_provincia_flagged", "match_note": "Nominatim provincia: S. Giacomo 381, Venezia, Italy | type=isolated_dwelling class=place | FLAGGED", "nominatim_query": "S. Giacomo 381, Venezia, Italy", "nominatim_flagged": true, "matched_lat": 45.7583503, "matched_lon": 12.8558294 }, "geometry": { "type": "Point", "coordinates": [ 12.8558294, 45.7583503 ] } },
{ "type": "Feature", "properties": { "Name": "Sambo Vincenzo", "Address": "S. Andrea 534", "Location": "Venezia", "section": "COMMERCIO E INDUSTRIA", "Role": "Frutta e verdura (dettaglio)", "page_num": "511", "nom_classification": "outside_venice", "is_provincia": true, "provincia_town": "venezia", "geocoding_tier": "5f", "match_confidence": "nominatim_provincia_flagged", "match_note": "Nominatim provincia: S. Andrea 534, Venezia, Italy | type=pedestrian class=highway | FLAGGED", "nominatim_query": "S. Andrea 534, Venezia, Italy", "nominatim_flagged": true, "matched_lat": 45.2213194, "matched_lon": 12.2799813 }, "geometry": { "type": "Point", "coordinates": [ 12.2799813, 45.2213194 ] } },
{ "type": "Feature", "properties": { "Name": "Sanavia Luigi", "Address": "S. Andrea 1057", "Location": "Venezia", "section": "COMMERCIO E INDUSTRIA", "Role": "Frutta e verdura (dettaglio)", "page_num": "511", "nom_classification": "outside_venice", "is_provincia": true, "provincia_town": "venezia", "geocoding_tier": "5f", "match_confidence": "nominatim_provincia_flagged", "match_note": "Nominatim provincia: S. Andrea 1057, Venezia, Italy | type=pedestrian class=highway | FLAGGED", "nominatim_query": "S. Andrea 1057, Venezia, Italy", "nominatim_flagged": true, "matched_lat": 45.2213194, "matched_lon": 12.2799813 }, "geometry": { "type": "Point", "coordinates": [ 12.2799813, 45.2213194 ] } },
{ "type": "Feature", "properties": { "Name": "Scarpa Amedeo", "Address": "Duomo 394", "Location": "Venezia", "section": "COMMERCIO E INDUSTRIA", "Role": "Frutta e verdura (dettaglio)", "page_num": "511", "nom_classification": "outside_venice", "is_provincia": true, "provincia_town": "venezia", "geocoding_tier": "5f", "match_confidence": "nominatim_provincia_flagged", "match_note": "Nominatim provincia: Duomo 394, Venezia, Italy | type=residential class=highway | FLAGGED", "nominatim_query": "Duomo 394, Venezia, Italy", "nominatim_flagged": true, "matched_lat": 45.2174233, "matched_lon": 12.2762518 }, "geometry": { "type": "Point", "coordinates": [ 12.2762518, 45.2174233 ] } },
{ "type": "Feature", "properties": { "Name": "Scarpa Clorinda", "Address": "Duomo 9", "Location": "Venezia", "section": "COMMERCIO E INDUSTRIA", "Role": "Frutta e verdura (dettaglio)", "page_num": "511", "nom_classification": "outside_venice", "is_provincia": true, "provincia_town": "venezia", "geocoding_tier": "5", "match_confidence": "nominatim_provincia", "match_note": "Nominatim provincia: Duomo 9, Venezia, Italy | type=bank class=amenity", "nominatim_query": "Duomo 9, Venezia, Italy", "nominatim_flagged": false, "matched_lat": 46.0623042, "matched_lon": 13.2363869 }, "geometry": { "type": "Point", "coordinates": [ 13.2363869, 46.0623042 ] } },
{ "type": "Feature", "properties": { "Name": "Signorettto Francesca", "Address": "Sottomarinia 40", "Location": "Venezia", "section": "COMMERCIO E INDUSTRIA", "Role": "Frutta e verdura (dettaglio)", "page_num": "511", "nom_classification": "outside_venice", "is_provincia": true, "provincia_town": "venezia", "geocoding_tier": "5f", "match_confidence": "nominatim_provincia_flagged", "match_note": "Nominatim provincia: Sottomarina 40, Chioggia, Italy | type=suburb class=place | FLAGGED", "nominatim_query": "Sottomarina 40, Chioggia, Italy", "nominatim_flagged": true, "matched_lat": 45.2148983, "matched_lon": 12.2938879 }, "geometry": { "type": "Point", "coordinates": [ 12.2938879, 45.2148983 ] } },
{ "type": "Feature", "properties": { "Name": "Vartolo Jolanda", "Address": "S. Giacomo 89", "Location": "Venezia", "section": "COMMERCIO E INDUSTRIA", "Role": "Frutta e verdura (dettaglio)", "page_num": "511", "nom_classification": "outside_venice", "is_provincia": true, "provincia_town": "venezia", "geocoding_tier": "5f", "match_confidence": "nominatim_provincia_flagged", "match_note": "Nominatim provincia: S. Giacomo 89, Venezia, Italy | type=isolated_dwelling class=place | FLAGGED", "nominatim_query": "S. Giacomo 89, Venezia, Italy", "nominatim_flagged": true, "matched_lat": 45.7583503, "matched_lon": 12.8558294 }, "geometry": { "type": "Point", "coordinates": [ 12.8558294, 45.7583503 ] } },
{ "type": "Feature", "properties": { "Name": "Vianello Rosalia", "Address": "S. Andrea 768", "Location": "Venezia", "section": "COMMERCIO E INDUSTRIA", "Role": "Frutta e verdura (dettaglio)", "page_num": "511", "nom_classification": "outside_venice", "is_provincia": true, "provincia_town": "venezia", "geocoding_tier": "5f", "match_confidence": "nominatim_provincia_flagged", "match_note": "Nominatim provincia: S. Andrea 768, Venezia, Italy | type=pedestrian class=highway | FLAGGED", "nominatim_query": "S. Andrea 768, Venezia, Italy", "nominatim_flagged": true, "matched_lat": 45.2213194, "matched_lon": 12.2799813 }, "geometry": { "type": "Point", "coordinates": [ 12.2799813, 45.2213194 ] } },
{ "type": "Feature", "properties": { "Name": "Vianesi Erriber", "Address": "S. Sottomarina 358", "Location": "Venezia", "section": "COMMERCIO E INDUSTRIA", "Role": "Frutta e verdura (dettaglio)", "page_num": "511", "nom_classification": "outside_venice", "is_provincia": true, "provincia_town": "venezia", "geocoding_tier": "5f", "match_confidence": "nominatim_provincia_flagged", "match_note": "Nominatim provincia: Sottomarina 358, Chioggia, Italy | type=suburb class=place | FLAGGED", "nominatim_query": "Sottomarina 358, Chioggia, Italy", "nominatim_flagged": true, "matched_lat": 45.2148983, "matched_lon": 12.2938879 }, "geometry": { "type": "Point", "coordinates": [ 12.2938879, 45.2148983 ] } },
{ "type": "Feature", "properties": { "Name": "Voltolina Angela", "Address": "S. Andrea 689", "Location": "Venezia", "section": "COMMERCIO E INDUSTRIA", "Role": "Frutta e verdura (dettaglio)", "page_num": "511", "nom_classification": "outside_venice", "is_provincia": true, "provincia_town": "venezia", "geocoding_tier": "5f", "match_confidence": "nominatim_provincia_flagged", "match_note": "Nominatim provincia: S. Andrea 689, Venezia, Italy | type=pedestrian class=highway | FLAGGED", "nominatim_query": "S. Andrea 689, Venezia, Italy", "nominatim_flagged": true, "matched_lat": 45.2213194, "matched_lon": 12.2799813 }, "geometry": { "type": "Point", "coordinates": [ 12.2799813, 45.2213194 ] } },
{ "type": "Feature", "properties": { "Name": "Zen Solidea", "Address": "S. Giacomo 21", "Location": "Venezia", "section": "COMMERCIO E INDUSTRIA", "Role": "Frutta e verdura (dettaglio)", "page_num": "511", "nom_classification": "outside_venice", "is_provincia": true, "provincia_town": "venezia", "geocoding_tier": "5", "match_confidence": "nominatim_provincia", "match_note": "Nominatim provincia: S. Giacomo 21, Venezia, Italy | type=house class=place", "nominatim_query": "S. Giacomo 21, Venezia, Italy", "nominatim_flagged": false, "matched_lat": 45.7732257, "matched_lon": 12.8569593 }, "geometry": { "type": "Point", "coordinates": [ 12.8569593, 45.7732257 ] } },
{ "type": "Feature", "properties": { "Name": "Boscolo Giobitta ildvolr", "Address": "Sottomarina 825", "Location": "Venezia", "section": "COMMERCIO E INDUSTRIA", "Role": "Frutta e verdura (grossisti, importatori ed esportatori di frutta e verdura)", "page_num": "511", "nom_classification": "outside_venice", "is_provincia": true, "provincia_town": "venezia", "geocoding_tier": "5f", "match_confidence": "nominatim_provincia_flagged", "match_note": "Nominatim provincia: Sottomarina 825, Italy | type=suburb class=place | FLAGGED", "nominatim_query": "Sottomarina 825, Italy", "nominatim_flagged": true, "matched_lat": 45.2148983, "matched_lon": 12.2938879 }, "geometry": { "type": "Point", "coordinates": [ 12.2938879, 45.2148983 ] } },
{ "type": "Feature", "properties": { "Name": "Crosara Francesco", "Address": "Duomo 221", "Location": "Venezia", "section": "COMMERCIO E INDUSTRIA", "Role": "Frutta e verdura (grossisti, importatori ed esportatori di frutta e verdura)", "page_num": "511", "nom_classification": "outside_venice", "is_provincia": true, "provincia_town": "venezia", "geocoding_tier": "5f", "match_confidence": "nominatim_provincia_flagged", "match_note": "Nominatim provincia: Duomo 221, Venezia, Italy | type=living_street class=highway | FLAGGED", "nominatim_query": "Duomo 221, Venezia, Italy", "nominatim_flagged": true, "matched_lat": 45.2175174, "matched_lon": 12.2766967 }, "geometry": { "type": "Point", "coordinates": [ 12.2766967, 45.2175174 ] } },
{ "type": "Feature", "properties": { "Name": "Penzo Luigi", "Address": "Duomo 380", "Location": "Venezia", "section": "COMMERCIO E INDUSTRIA", "Role": "Frutta e verdura (grossisti, importatori ed esportatori di frutta e verdura)", "page_num": "511", "nom_classification": "outside_venice", "is_provincia": true, "provincia_town": "venezia", "geocoding_tier": "5f", "match_confidence": "nominatim_provincia_flagged", "match_note": "Nominatim provincia: Duomo 380, Venezia, Italy | type=living_street class=highway | FLAGGED", "nominatim_query": "Duomo 380, Venezia, Italy", "nominatim_flagged": true, "matched_lat": 45.2175174, "matched_lon": 12.2766967 }, "geometry": { "type": "Point", "coordinates": [ 12.2766967, 45.2175174 ] } },
{ "type": "Feature", "properties": { "Name": "Via XXII Marzo", "Address": " 2288", "Location": "Venezia", "section": "UFFICI PUBBLICI", "Role": "OFFICINA RIPARAZIONI MACCHINE PER SCRIVERE, OFFICINA RIPARAZIONI MACCHINE PER SCRIVERE", "page_num": "511", "nom_classification": "outside_venice", "is_provincia": true, "provincia_town": "venezia", "geocoding_tier": "5f", "match_confidence": "nominatim_provincia_flagged", "match_note": "Nominatim provincia: Via XXII Marzo 2288, Venezia, Italy | type=residential class=highway | FLAGGED", "nominatim_query": "Via XXII Marzo 2288, Venezia, Italy", "nominatim_flagged": true, "matched_lat": 45.4678892, "matched_lon": 9.2086785 }, "geometry": { "type": "Point", "coordinates": [ 9.2086785, 45.4678892 ] } },
{ "type": "Feature", "properties": { "Name": "Gianatteri Agostino", "Address": "Calle Manfredi", "Location": "Chioggia", "section": "PROFESSIONISTI", "Role": "Gabinetti dentistici (Odontotecnici)", "page_num": "512", "nom_classification": "outside_venice", "is_provincia": true, "provincia_town": "chioggia", "geocoding_tier": "5f", "match_confidence": "nominatim_provincia_flagged", "match_note": "Nominatim provincia: Calle Manfredi, Chioggia, Italy | type=pedestrian class=highway | FLAGGED", "nominatim_query": "Calle Manfredi, Chioggia, Italy", "nominatim_flagged": true, "matched_lat": 45.2192418, "matched_lon": 12.2786351 }, "geometry": { "type": "Point", "coordinates": [ 12.2786351, 45.2192418 ] } },
{ "type": "Feature", "properties": { "Name": "Baldo Angela", "Address": "S. Andrea 24", "Location": "Chioggia", "section": "COMMERCIO E INDUSTRIA", "Role": "Gelaterie", "page_num": "512", "nom_classification": "outside_venice", "is_provincia": true, "provincia_town": "chioggia", "geocoding_tier": "5f", "match_confidence": "nominatim_provincia_flagged", "match_note": "Nominatim provincia: S. Andrea 24, Chioggia, Italy | type=pedestrian class=highway | FLAGGED", "nominatim_query": "S. Andrea 24, Chioggia, Italy", "nominatim_flagged": true, "matched_lat": 45.2213194, "matched_lon": 12.2799813 }, "geometry": { "type": "Point", "coordinates": [ 12.2799813, 45.2213194 ] } },
{ "type": "Feature", "properties": { "Name": "Signoretto Duilio", "Address": "Duomo 363", "Location": "Chioggia", "section": "COMMERCIO E INDUSTRIA", "Role": "Gelaterie", "page_num": "512", "nom_classification": "outside_venice", "is_provincia": true, "provincia_town": "chioggia", "geocoding_tier": "5f", "match_confidence": "nominatim_provincia_flagged", "match_note": "Nominatim provincia: Duomo 363, Chioggia, Italy | type=pedestrian class=highway | FLAGGED", "nominatim_query": "Duomo 363, Chioggia, Italy", "nominatim_flagged": true, "matched_lat": 45.2171542, "matched_lon": 12.2774706 }, "geometry": { "type": "Point", "coordinates": [ 12.2774706, 45.2171542 ] } },
{ "type": "Feature", "properties": { "Name": "Addizon Gino", "Address": "Calle S. Giacomo", "Location": "Chioggia", "section": "COMMERCIO E INDUSTRIA", "Role": "Gelaterie", "page_num": "512", "nom_classification": "outside_venice", "is_provincia": true, "provincia_town": "chioggia", "geocoding_tier": "5f", "match_confidence": "nominatim_provincia_flagged", "match_note": "Nominatim provincia: Calle S. Giacomo, Chioggia, Italy | type=tertiary class=highway | FLAGGED", "nominatim_query": "Calle S. Giacomo, Chioggia, Italy", "nominatim_flagged": true, "matched_lat": 45.2188658, "matched_lon": 12.2793924 }, "geometry": { "type": "Point", "coordinates": [ 12.2793924, 45.2188658 ] } },
{ "type": "Feature", "properties": { "Name": "Bellomo Primo", "Address": "S. Andrea 803", "Location": "Chioggia", "section": "COMMERCIO E INDUSTRIA", "Role": "Laterizi (fabbriche e magazzini)", "page_num": "512", "nom_classification": "outside_venice", "is_provincia": true, "provincia_town": "chioggia", "geocoding_tier": "5f", "match_confidence": "nominatim_provincia_flagged", "match_note": "Nominatim provincia: S. Andrea 803, Chioggia, Italy | type=pedestrian class=highway | FLAGGED", "nominatim_query": "S. Andrea 803, Chioggia, Italy", "nominatim_flagged": true, "matched_lat": 45.2213194, "matched_lon": 12.2799813 }, "geometry": { "type": "Point", "coordinates": [ 12.2799813, 45.2213194 ] } },
{ "type": "Feature", "properties": { "Name": "Baldin Maria", "Address": "S. Giacomo 641", "Location": "Chioggia", "section": "COMMERCIO E INDUSTRIA", "Role": "Latterie", "page_num": "512", "nom_classification": "outside_venice", "is_provincia": true, "provincia_town": "chioggia", "geocoding_tier": "5f", "match_confidence": "nominatim_provincia_flagged", "match_note": "Nominatim provincia: S. Giacomo 641, Chioggia, Italy | type=tertiary class=highway | FLAGGED", "nominatim_query": "S. Giacomo 641, Chioggia, Italy", "nominatim_flagged": true, "matched_lat": 45.2180961, "matched_lon": 12.2825306 }, "geometry": { "type": "Point", "coordinates": [ 12.2825306, 45.2180961 ] } },
{ "type": "Feature", "properties": { "Name": "Bonaldo Valentino", "Address": "S. Giacomo 381", "Location": "Chioggia", "section": "COMMERCIO E INDUSTRIA", "Role": "Latterie", "page_num": "512", "nom_classification": "outside_venice", "is_provincia": true, "provincia_town": "chioggia", "geocoding_tier": "5f", "match_confidence": "nominatim_provincia_flagged", "match_note": "Nominatim provincia: S. Giacomo 381, Chioggia, Italy | type=tertiary class=highway | FLAGGED", "nominatim_query": "S. Giacomo 381, Chioggia, Italy", "nominatim_flagged": true, "matched_lat": 45.2180961, "matched_lon": 12.2825306 }, "geometry": { "type": "Point", "coordinates": [ 12.2825306, 45.2180961 ] } },
{ "type": "Feature", "properties": { "Name": "Borsoi Gino Mezzopont", "Address": "Sottomarina 1072", "Location": "Chioggia", "section": "COMMERCIO E INDUSTRIA", "Role": "Latterie", "page_num": "512", "nom_classification": "outside_venice", "is_provincia": true, "provincia_town": "chioggia", "geocoding_tier": "5f", "match_confidence": "nominatim_provincia_flagged", "match_note": "Nominatim provincia: Sottomarina 1072, Chioggia, Italy | type=suburb class=place | FLAGGED", "nominatim_query": "Sottomarina 1072, Chioggia, Italy", "nominatim_flagged": true, "matched_lat": 45.2148983, "matched_lon": 12.2938879 }, "geometry": { "type": "Point", "coordinates": [ 12.2938879, 45.2148983 ] } },
{ "type": "Feature", "properties": { "Name": "Boscolo Maria Augustin", "Address": "Sottomarina 788", "Location": "Chioggia", "section": "COMMERCIO E INDUSTRIA", "Role": "Latterie", "page_num": "512", "nom_classification": "outside_venice", "is_provincia": true, "provincia_town": "chioggia", "geocoding_tier": "5f", "match_confidence": "nominatim_provincia_flagged", "match_note": "Nominatim provincia: Sottomarina 788, Chioggia, Italy | type=suburb class=place | FLAGGED", "nominatim_query": "Sottomarina 788, Chioggia, Italy", "nominatim_flagged": true, "matched_lat": 45.2148983, "matched_lon": 12.2938879 }, "geometry": { "type": "Point", "coordinates": [ 12.2938879, 45.2148983 ] } },
{ "type": "Feature", "properties": { "Name": "Danielìa Luisa", "Address": "Sottomarina 1151", "Location": "Chioggia", "section": "COMMERCIO E INDUSTRIA", "Role": "Latterie", "page_num": "512", "nom_classification": "outside_venice", "is_provincia": true, "provincia_town": "chioggia", "geocoding_tier": "5f", "match_confidence": "nominatim_provincia_flagged", "match_note": "Nominatim provincia: Sottomarina 1151, Chioggia, Italy | type=suburb class=place | FLAGGED", "nominatim_query": "Sottomarina 1151, Chioggia, Italy", "nominatim_flagged": true, "matched_lat": 45.2148983, "matched_lon": 12.2938879 }, "geometry": { "type": "Point", "coordinates": [ 12.2938879, 45.2148983 ] } },
{ "type": "Feature", "properties": { "Name": "Mainardi Luigia", "Address": "Duomo 117", "Location": "Chioggia", "section": "COMMERCIO E INDUSTRIA", "Role": "Latterie", "page_num": "512", "nom_classification": "outside_venice", "is_provincia": true, "provincia_town": "chioggia", "geocoding_tier": "5f", "match_confidence": "nominatim_provincia_flagged", "match_note": "Nominatim provincia: Duomo 117, Chioggia, Italy | type=living_street class=highway | FLAGGED", "nominatim_query": "Duomo 117, Chioggia, Italy", "nominatim_flagged": true, "matched_lat": 45.2175174, "matched_lon": 12.2766967 }, "geometry": { "type": "Point", "coordinates": [ 12.2766967, 45.2175174 ] } },
{ "type": "Feature", "properties": { "Name": "Pagan Umberta", "Address": "S. Giacomo 823", "Location": "Chioggia", "section": "COMMERCIO E INDUSTRIA", "Role": "Latterie", "page_num": "512", "nom_classification": "outside_venice", "is_provincia": true, "provincia_town": "chioggia", "geocoding_tier": "5f", "match_confidence": "nominatim_provincia_flagged", "match_note": "Nominatim provincia: S. Giacomo 823, Chioggia, Italy | type=tertiary class=highway | FLAGGED", "nominatim_query": "S. Giacomo 823, Chioggia, Italy", "nominatim_flagged": true, "matched_lat": 45.2175957, "matched_lon": 12.2840996 }, "geometry": { "type": "Point", "coordinates": [ 12.2840996, 45.2175957 ] } },
{ "type": "Feature", "properties": { "Name": "Raimondi Michele", "Address": "S. Giacomo 884", "Location": "Chioggia", "section": "COMMERCIO E INDUSTRIA", "Role": "Latterie", "page_num": "512", "nom_classification": "outside_venice", "is_provincia": true, "provincia_town": "chioggia", "geocoding_tier": "5f", "match_confidence": "nominatim_provincia_flagged", "match_note": "Nominatim provincia: S. Giacomo 884, Chioggia, Italy | type=tertiary class=highway | FLAGGED", "nominatim_query": "S. Giacomo 884, Chioggia, Italy", "nominatim_flagged": true, "matched_lat": 45.2175957, "matched_lon": 12.2840996 }, "geometry": { "type": "Point", "coordinates": [ 12.2840996, 45.2175957 ] } },
{ "type": "Feature", "properties": { "Name": "Sanavio Augusto", "Address": "S. Andrea 1500", "Location": "Chioggia", "section": "COMMERCIO E INDUSTRIA", "Role": "Latterie", "page_num": "512", "nom_classification": "outside_venice", "is_provincia": true, "provincia_town": "chioggia", "geocoding_tier": "5f", "match_confidence": "nominatim_provincia_flagged", "match_note": "Nominatim provincia: S. Andrea 1500, Chioggia, Italy | type=pedestrian class=highway | FLAGGED", "nominatim_query": "S. Andrea 1500, Chioggia, Italy", "nominatim_flagged": true, "matched_lat": 45.2213194, "matched_lon": 12.2799813 }, "geometry": { "type": "Point", "coordinates": [ 12.2799813, 45.2213194 ] } },
{ "type": "Feature", "properties": { "Name": "Zenaron Giovanni", "Address": "S. Andrea 74", "Location": "Chioggia", "section": "COMMERCIO E INDUSTRIA", "Role": "Legname", "page_num": "512", "nom_classification": "outside_venice", "is_provincia": true, "provincia_town": "chioggia", "geocoding_tier": "5f", "match_confidence": "nominatim_provincia_flagged", "match_note": "Nominatim provincia: S. Andrea 74, Chioggia, Italy | type=pedestrian class=highway | FLAGGED", "nominatim_query": "S. Andrea 74, Chioggia, Italy", "nominatim_flagged": true, "matched_lat": 45.2213194, "matched_lon": 12.2799813 }, "geometry": { "type": "Point", "coordinates": [ 12.2799813, 45.2213194 ] } },
{ "type": "Feature", "properties": { "Name": "Rossetti Buldin Giuseppe", "Address": "S. Andrea 782", "Location": "Chioggia", "section": "COMMERCIO E INDUSTRIA", "Role": "Legname", "page_num": "512", "nom_classification": "outside_venice", "is_provincia": true, "provincia_town": "chioggia", "geocoding_tier": "5f", "match_confidence": "nominatim_provincia_flagged", "match_note": "Nominatim provincia: S. Andrea 782, Chioggia, Italy | type=pedestrian class=highway | FLAGGED", "nominatim_query": "S. Andrea 782, Chioggia, Italy", "nominatim_flagged": true, "matched_lat": 45.2213194, "matched_lon": 12.2799813 }, "geometry": { "type": "Point", "coordinates": [ 12.2799813, 45.2213194 ] } },
{ "type": "Feature", "properties": { "Name": "Ciaviro Marcello", "Address": "Corso del Popolo 111", "Location": "Chioggia", "section": "COMMERCIO E INDUSTRIA", "Role": "Lubrificanti", "page_num": "512", "nom_classification": "outside_venice", "is_provincia": true, "provincia_town": "chioggia", "geocoding_tier": "5f", "match_confidence": "nominatim_provincia_flagged", "match_note": "Nominatim provincia: Corso del Popolo 111, Chioggia, Italy | type=tertiary class=highway | FLAGGED", "nominatim_query": "Corso del Popolo 111, Chioggia, Italy", "nominatim_flagged": true, "matched_lat": 45.2164785, "matched_lon": 12.2776534 }, "geometry": { "type": "Point", "coordinates": [ 12.2776534, 45.2164785 ] } },
{ "type": "Feature", "properties": { "Name": "Scarpa Bruno", "Address": "Stradale Ponte Caneva 685", "Location": "Chioggia", "section": "COMMERCIO E INDUSTRIA", "Role": "Lubrificanti", "page_num": "512", "nom_classification": "outside_venice", "is_provincia": true, "provincia_town": "chioggia", "geocoding_tier": "5f", "match_confidence": "nominatim_provincia_flagged", "match_note": "Nominatim provincia: Stradale Ponte Caneva 685, Chioggia, Italy | type=residential class=highway | FLAGGED", "nominatim_query": "Stradale Ponte Caneva 685, Chioggia, Italy", "nominatim_flagged": true, "matched_lat": 45.2219527, "matched_lon": 12.2802204 }, "geometry": { "type": "Point", "coordinates": [ 12.2802204, 45.2219527 ] } },
{ "type": "Feature", "properties": { "Name": "Bachin Aldo", "Address": "S. Giacomo 1208", "Location": "Chioggia", "section": "COMMERCIO E INDUSTRIA", "Role": "Macchine per Cucire", "page_num": "512", "nom_classification": "outside_venice", "is_provincia": true, "provincia_town": "chioggia", "geocoding_tier": "5f", "match_confidence": "nominatim_provincia_flagged", "match_note": "Nominatim provincia: S. Giacomo 1208, Chioggia, Italy | type=tertiary class=highway | FLAGGED", "nominatim_query": "S. Giacomo 1208, Chioggia, Italy", "nominatim_flagged": true, "matched_lat": 45.2175573, "matched_lon": 12.2840344 }, "geometry": { "type": "Point", "coordinates": [ 12.2840344, 45.2175573 ] } },
{ "type": "Feature", "properties": { "Name": "Casson Comelia", "Address": "Sottomarina 680", "Location": "Chioggia", "section": "COMMERCIO E INDUSTRIA", "Role": "Macellerie", "page_num": "512", "nom_classification": "outside_venice", "is_provincia": true, "provincia_town": "chioggia", "geocoding_tier": "5f", "match_confidence": "nominatim_provincia_flagged", "match_note": "Nominatim provincia: Sottomarina 680, Chioggia, Italy | type=suburb class=place | FLAGGED", "nominatim_query": "Sottomarina 680, Chioggia, Italy", "nominatim_flagged": true, "matched_lat": 45.2148983, "matched_lon": 12.2938879 }, "geometry": { "type": "Point", "coordinates": [ 12.2938879, 45.2148983 ] } },
{ "type": "Feature", "properties": { "Name": "Donin Pietro", "Address": "S. Giacomo (88)", "Location": "Chioggia", "section": "COMMERCIO E INDUSTRIA", "Role": "Macellerie", "page_num": "512", "nom_classification": "outside_venice", "is_provincia": true, "provincia_town": "chioggia", "geocoding_tier": "5f", "match_confidence": "nominatim_provincia_flagged", "match_note": "Nominatim provincia: S. Giacomo 88, Chioggia, Italy | type=tertiary class=highway | FLAGGED", "nominatim_query": "S. Giacomo 88, Chioggia, Italy", "nominatim_flagged": true, "matched_lat": 45.2175573, "matched_lon": 12.2840344 }, "geometry": { "type": "Point", "coordinates": [ 12.2840344, 45.2175573 ] } },
{ "type": "Feature", "properties": { "Name": "Nardò Cleto", "Address": "S. Andrea 1178", "Location": "Chioggia", "section": "COMMERCIO E INDUSTRIA", "Role": "Macellerie", "page_num": "512", "nom_classification": "outside_venice", "is_provincia": true, "provincia_town": "chioggia", "geocoding_tier": "5f", "match_confidence": "nominatim_provincia_flagged", "match_note": "Nominatim provincia: S. Andrea 1178, Chioggia, Italy | type=pedestrian class=highway | FLAGGED", "nominatim_query": "S. Andrea 1178, Chioggia, Italy", "nominatim_flagged": true, "matched_lat": 45.2213194, "matched_lon": 12.2799813 }, "geometry": { "type": "Point", "coordinates": [ 12.2799813, 45.2213194 ] } },
{ "type": "Feature", "properties": { "Name": "Pagan Duilda", "Address": "S. Andrea 649", "Location": "Chioggia", "section": "COMMERCIO E INDUSTRIA", "Role": "Macellerie", "page_num": "512", "nom_classification": "outside_venice", "is_provincia": true, "provincia_town": "chioggia", "geocoding_tier": "5f", "match_confidence": "nominatim_provincia_flagged", "match_note": "Nominatim provincia: S. Andrea 649, Chioggia, Italy | type=pedestrian class=highway | FLAGGED", "nominatim_query": "S. Andrea 649, Chioggia, Italy", "nominatim_flagged": true, "matched_lat": 45.2213194, "matched_lon": 12.2799813 }, "geometry": { "type": "Point", "coordinates": [ 12.2799813, 45.2213194 ] } },
{ "type": "Feature", "properties": { "Name": "Vianello Erriu", "Address": "Duomo 741", "Location": "Chioggia", "section": "COMMERCIO E INDUSTRIA", "Role": "Macellerie", "page_num": "512", "nom_classification": "outside_venice", "is_provincia": true, "provincia_town": "chioggia", "geocoding_tier": "5f", "match_confidence": "nominatim_provincia_flagged", "match_note": "Nominatim provincia: Duomo 741, Chioggia, Italy | type=living_street class=highway | FLAGGED", "nominatim_query": "Duomo 741, Chioggia, Italy", "nominatim_flagged": true, "matched_lat": 45.2175174, "matched_lon": 12.2766967 }, "geometry": { "type": "Point", "coordinates": [ 12.2766967, 45.2175174 ] } },
{ "type": "Feature", "properties": { "Name": "Vianello Gino", "Address": "S. Giacomo 1414", "Location": "Chioggia", "section": "COMMERCIO E INDUSTRIA", "Role": "Macellerie", "page_num": "512", "nom_classification": "outside_venice", "is_provincia": true, "provincia_town": "chioggia", "geocoding_tier": "5f", "match_confidence": "nominatim_provincia_flagged", "match_note": "Nominatim provincia: S. Giacomo 1414, Chioggia, Italy | type=tertiary class=highway | FLAGGED", "nominatim_query": "S. Giacomo 1414, Chioggia, Italy", "nominatim_flagged": true, "matched_lat": 45.2175573, "matched_lon": 12.2840344 }, "geometry": { "type": "Point", "coordinates": [ 12.2840344, 45.2175573 ] } },
{ "type": "Feature", "properties": { "Name": "Bacci Elvira", "Address": "S. Giacomo 706", "Location": "Chioggia", "section": "COMMERCIO E INDUSTRIA", "Role": "Macellerie", "page_num": "512", "nom_classification": "outside_venice", "is_provincia": true, "provincia_town": "chioggia", "geocoding_tier": "5f", "match_confidence": "nominatim_provincia_flagged", "match_note": "Nominatim provincia: S. Giacomo 706, Chioggia, Italy | type=tertiary class=highway | FLAGGED", "nominatim_query": "S. Giacomo 706, Chioggia, Italy", "nominatim_flagged": true, "matched_lat": 45.2175957, "matched_lon": 12.2840996 }, "geometry": { "type": "Point", "coordinates": [ 12.2840996, 45.2175957 ] } },
{ "type": "Feature", "properties": { "Name": "Casson Cornelio", "Address": "Via Felice Cavallotti", "Location": "Chioggia", "section": "COMMERCIO E INDUSTRIA", "Role": "Macellerie", "page_num": "512", "nom_classification": "outside_venice", "is_provincia": true, "provincia_town": "chioggia", "geocoding_tier": "5f", "match_confidence": "nominatim_provincia_flagged", "match_note": "Nominatim provincia: Via Felice Cavallotti, Chioggia, Italy | type=residential class=highway | FLAGGED", "nominatim_query": "Via Felice Cavallotti, Chioggia, Italy", "nominatim_flagged": true, "matched_lat": 45.2203601, "matched_lon": 12.2780776 }, "geometry": { "type": "Point", "coordinates": [ 12.2780776, 45.2203601 ] } },
{ "type": "Feature", "properties": { "Name": "Ferdinandi Turridiu", "Address": "Riva Vena", "Location": "Chioggia", "section": "COMMERCIO E INDUSTRIA", "Role": "Macellerie", "page_num": "512", "nom_classification": "outside_venice", "is_provincia": true, "provincia_town": "chioggia", "geocoding_tier": "5f", "match_confidence": "nominatim_provincia_flagged", "match_note": "Nominatim provincia: Riva Vena, Chioggia, Italy | type=pedestrian class=highway | FLAGGED", "nominatim_query": "Riva Vena, Chioggia, Italy", "nominatim_flagged": true, "matched_lat": 45.220533, "matched_lon": 12.2801969 }, "geometry": { "type": "Point", "coordinates": [ 12.2801969, 45.220533 ] } },
{ "type": "Feature", "properties": { "Name": "Baldù Ernesto", "Address": "Calle Sàm Cristoforo", "Location": "Chioggia", "section": "COMMERCIO E INDUSTRIA", "Role": "Materiale sasso", "page_num": "512", "nom_classification": "outside_venice", "is_provincia": true, "provincia_town": "chioggia", "geocoding_tier": "5f", "match_confidence": "nominatim_provincia_flagged", "match_note": "Nominatim provincia: Calle San Cristoforo, Chioggia, Italy | type=living_street class=highway | FLAGGED", "nominatim_query": "Calle San Cristoforo, Chioggia, Italy", "nominatim_flagged": true, "matched_lat": 45.2184995, "matched_lon": 12.2768634 }, "geometry": { "type": "Point", "coordinates": [ 12.2768634, 45.2184995 ] } },
{ "type": "Feature", "properties": { "Name": "Ballarìn Mario", "Address": "Riva Vena", "Location": "Chioggia", "section": "COMMERCIO E INDUSTRIA", "Role": "Merceńe e profumi e fatti", "page_num": "512", "nom_classification": "outside_venice", "is_provincia": true, "provincia_town": "chioggia", "geocoding_tier": "5f", "match_confidence": "nominatim_provincia_flagged", "match_note": "Nominatim provincia: Riva Vena, Chioggia, Italy | type=pedestrian class=highway | FLAGGED", "nominatim_query": "Riva Vena, Chioggia, Italy", "nominatim_flagged": true, "matched_lat": 45.220533, "matched_lon": 12.2801969 }, "geometry": { "type": "Point", "coordinates": [ 12.2801969, 45.220533 ] } },
{ "type": "Feature", "properties": { "Name": "Bellem Amelia", "Address": "S. Giacomo 603", "Location": "Chioggia", "section": "COMMERCIO E INDUSTRIA", "Role": "Merceńe e profumi e fatti", "page_num": "512", "nom_classification": "outside_venice", "is_provincia": true, "provincia_town": "chioggia", "geocoding_tier": "5f", "match_confidence": "nominatim_provincia_flagged", "match_note": "Nominatim provincia: S. Giacomo 603, Chioggia, Italy | type=tertiary class=highway | FLAGGED", "nominatim_query": "S. Giacomo 603, Chioggia, Italy", "nominatim_flagged": true, "matched_lat": 45.2175957, "matched_lon": 12.2840996 }, "geometry": { "type": "Point", "coordinates": [ 12.2840996, 45.2175957 ] } },
{ "type": "Feature", "properties": { "Name": "Benassì Angela", "Address": "Sottomarina 1485", "Location": "Chioggia", "section": "COMMERCIO E INDUSTRIA", "Role": "Merceńe e profumi e fatti", "page_num": "512", "nom_classification": "outside_venice", "is_provincia": true, "provincia_town": "chioggia", "geocoding_tier": "5f", "match_confidence": "nominatim_provincia_flagged", "match_note": "Nominatim provincia: Sottomarina 1485, Chioggia, Italy | type=suburb class=place | FLAGGED", "nominatim_query": "Sottomarina 1485, Chioggia, Italy", "nominatim_flagged": true, "matched_lat": 45.2148983, "matched_lon": 12.2938879 }, "geometry": { "type": "Point", "coordinates": [ 12.2938879, 45.2148983 ] } },
{ "type": "Feature", "properties": { "Name": "Boscolo Ida Marchio", "Address": "Sottomarina 370", "Location": "Chioggia", "section": "COMMERCIO E INDUSTRIA", "Role": "Merceńe e profumi e fatti", "page_num": "512", "nom_classification": "outside_venice", "is_provincia": true, "provincia_town": "chioggia", "geocoding_tier": "5f", "match_confidence": "nominatim_provincia_flagged", "match_note": "Nominatim provincia: Sottomarina 370, Chioggia, Italy | type=suburb class=place | FLAGGED", "nominatim_query": "Sottomarina 370, Chioggia, Italy", "nominatim_flagged": true, "matched_lat": 45.2148983, "matched_lon": 12.2938879 }, "geometry": { "type": "Point", "coordinates": [ 12.2938879, 45.2148983 ] } },
{ "type": "Feature", "properties": { "Name": "Boscolo Ricorcìdina", "Address": "Sottomarina 531", "Location": "Chioggia", "section": "COMMERCIO E INDUSTRIA", "Role": "Merceńe e profumi e fatti", "page_num": "512", "nom_classification": "outside_venice", "is_provincia": true, "provincia_town": "chioggia", "geocoding_tier": "5f", "match_confidence": "nominatim_provincia_flagged", "match_note": "Nominatim provincia: Sottomarina 531, Chioggia, Italy | type=suburb class=place | FLAGGED", "nominatim_query": "Sottomarina 531, Chioggia, Italy", "nominatim_flagged": true, "matched_lat": 45.2148983, "matched_lon": 12.2938879 }, "geometry": { "type": "Point", "coordinates": [ 12.2938879, 45.2148983 ] } },
{ "type": "Feature", "properties": { "Name": "Buliò Francescj", "Address": "S. Giacomo 78", "Location": "Chioggia", "section": "COMMERCIO E INDUSTRIA", "Role": "Merceńe e profumi e fatti", "page_num": "512", "nom_classification": "outside_venice", "is_provincia": true, "provincia_town": "chioggia", "geocoding_tier": "5f", "match_confidence": "nominatim_provincia_flagged", "match_note": "Nominatim provincia: S. Giacomo 78, Chioggia, Italy | type=tertiary class=highway | FLAGGED", "nominatim_query": "S. Giacomo 78, Chioggia, Italy", "nominatim_flagged": true, "matched_lat": 45.2175573, "matched_lon": 12.2840344 }, "geometry": { "type": "Point", "coordinates": [ 12.2840344, 45.2175573 ] } },
{ "type": "Feature", "properties": { "Name": "Chiereghin Gastone", "Address": "S. Giacomo 349", "Location": "Chioggia", "section": "COMMERCIO E INDUSTRIA", "Role": "Merceńe e profumi e fatti", "page_num": "512", "nom_classification": "outside_venice", "is_provincia": true, "provincia_town": "chioggia", "geocoding_tier": "5f", "match_confidence": "nominatim_provincia_flagged", "match_note": "Nominatim provincia: S. Giacomo 349, Chioggia, Italy | type=tertiary class=highway | FLAGGED", "nominatim_query": "S. Giacomo 349, Chioggia, Italy", "nominatim_flagged": true, "matched_lat": 45.2180961, "matched_lon": 12.2825306 }, "geometry": { "type": "Point", "coordinates": [ 12.2825306, 45.2180961 ] } },
{ "type": "Feature", "properties": { "Name": "Chiereghin Gemma", "Address": "Duomo 650", "Location": "Chioggia", "section": "COMMERCIO E INDUSTRIA", "Role": "Merceńe e profumi e fatti", "page_num": "512", "nom_classification": "outside_venice", "is_provincia": true, "provincia_town": "chioggia", "geocoding_tier": "5f", "match_confidence": "nominatim_provincia_flagged", "match_note": "Nominatim provincia: Duomo 650, Chioggia, Italy | type=pedestrian class=highway | FLAGGED", "nominatim_query": "Duomo 650, Chioggia, Italy", "nominatim_flagged": true, "matched_lat": 45.2171542, "matched_lon": 12.2774706 }, "geometry": { "type": "Point", "coordinates": [ 12.2774706, 45.2171542 ] } },
{ "type": "Feature", "properties": { "Name": "Padovan Emilia", "Address": "S. Giacomo 1076", "Location": "Chioggia", "section": "COMMERCIO E INDUSTRIA", "Role": "Merceńe e profumi e fatti", "page_num": "512", "nom_classification": "outside_venice", "is_provincia": true, "provincia_town": "chioggia", "geocoding_tier": "5f", "match_confidence": "nominatim_provincia_flagged", "match_note": "Nominatim provincia: S. Giacomo 1076, Chioggia, Italy | type=tertiary class=highway | FLAGGED", "nominatim_query": "S. Giacomo 1076, Chioggia, Italy", "nominatim_flagged": true, "matched_lat": 45.2175957, "matched_lon": 12.2840996 }, "geometry": { "type": "Point", "coordinates": [ 12.2840996, 45.2175957 ] } },
{ "type": "Feature", "properties": { "Name": "Sifiso Guido", "Address": "S. Andrea 48", "Location": "Chioggia", "section": "COMMERCIO E INDUSTRIA", "Role": "Merceńe e profumi e fatti", "page_num": "512", "nom_classification": "outside_venice", "is_provincia": true, "provincia_town": "chioggia", "geocoding_tier": "5f", "match_confidence": "nominatim_provincia_flagged", "match_note": "Nominatim provincia: S. Andrea 48, Chioggia, Italy | type=pedestrian class=highway | FLAGGED", "nominatim_query": "S. Andrea 48, Chioggia, Italy", "nominatim_flagged": true, "matched_lat": 45.2213194, "matched_lon": 12.2799813 }, "geometry": { "type": "Point", "coordinates": [ 12.2799813, 45.2213194 ] } },
{ "type": "Feature", "properties": { "Name": "Sùino Francesco", "Address": "S. Andrea 613", "Location": "Chioggia", "section": "COMMERCIO E INDUSTRIA", "Role": "Merceńe e profumi e fatti", "page_num": "512", "nom_classification": "outside_venice", "is_provincia": true, "provincia_town": "chioggia", "geocoding_tier": "5f", "match_confidence": "nominatim_provincia_flagged", "match_note": "Nominatim provincia: S. Andrea 613, Chioggia, Italy | type=pedestrian class=highway | FLAGGED", "nominatim_query": "S. Andrea 613, Chioggia, Italy", "nominatim_flagged": true, "matched_lat": 45.2213194, "matched_lon": 12.2799813 }, "geometry": { "type": "Point", "coordinates": [ 12.2799813, 45.2213194 ] } },
{ "type": "Feature", "properties": { "Name": "Tesserìn Flaminia", "Address": "S. Giacomo 780", "Location": "Chioggia", "section": "COMMERCIO E INDUSTRIA", "Role": "Merceńe e profumi e fatti", "page_num": "512", "nom_classification": "outside_venice", "is_provincia": true, "provincia_town": "chioggia", "geocoding_tier": "5f", "match_confidence": "nominatim_provincia_flagged", "match_note": "Nominatim provincia: S. Giacomo 780, Chioggia, Italy | type=tertiary class=highway | FLAGGED", "nominatim_query": "S. Giacomo 780, Chioggia, Italy", "nominatim_flagged": true, "matched_lat": 45.2175573, "matched_lon": 12.2840344 }, "geometry": { "type": "Point", "coordinates": [ 12.2840344, 45.2175573 ] } },
{ "type": "Feature", "properties": { "Name": "Zenmaro Antonio", "Address": "Duomo 684", "Location": "Chioggia", "section": "COMMERCIO E INDUSTRIA", "Role": "Merceńe e profumi e fatti", "page_num": "512", "nom_classification": "outside_venice", "is_provincia": true, "provincia_town": "chioggia", "geocoding_tier": "5f", "match_confidence": "nominatim_provincia_flagged", "match_note": "Nominatim provincia: Duomo 684, Chioggia, Italy | type=pedestrian class=highway | FLAGGED", "nominatim_query": "Duomo 684, Chioggia, Italy", "nominatim_flagged": true, "matched_lat": 45.2171542, "matched_lon": 12.2774706 }, "geometry": { "type": "Point", "coordinates": [ 12.2774706, 45.2171542 ] } },
{ "type": "Feature", "properties": { "Name": "Zenmaro Diomo", "Address": "S. Andrea 111", "Location": "Chioggia", "section": "COMMERCIO E INDUSTRIA", "Role": "Merceńe e profumi e fatti", "page_num": "512", "nom_classification": "outside_venice", "is_provincia": true, "provincia_town": "chioggia", "geocoding_tier": "5f", "match_confidence": "nominatim_provincia_flagged", "match_note": "Nominatim provincia: S. Andrea 111, Chioggia, Italy | type=pedestrian class=highway | FLAGGED", "nominatim_query": "S. Andrea 111, Chioggia, Italy", "nominatim_flagged": true, "matched_lat": 45.2213194, "matched_lon": 12.2799813 }, "geometry": { "type": "Point", "coordinates": [ 12.2799813, 45.2213194 ] } },
{ "type": "Feature", "properties": { "Name": "Zenmaro Ernestò", "Address": "S. Andrea 649", "Location": "Chioggia", "section": "COMMERCIO E INDUSTRIA", "Role": "Merceńe e profumi e fatti", "page_num": "512", "nom_classification": "outside_venice", "is_provincia": true, "provincia_town": "chioggia", "geocoding_tier": "5f", "match_confidence": "nominatim_provincia_flagged", "match_note": "Nominatim provincia: S. Andrea 649, Chioggia, Italy | type=pedestrian class=highway | FLAGGED", "nominatim_query": "S. Andrea 649, Chioggia, Italy", "nominatim_flagged": true, "matched_lat": 45.2213194, "matched_lon": 12.2799813 }, "geometry": { "type": "Point", "coordinates": [ 12.2799813, 45.2213194 ] } },
{ "type": "Feature", "properties": { "Name": "Zenmaro Sahüe", "Address": "Sottomarina 827", "Location": "Chioggia", "section": "COMMERCIO E INDUSTRIA", "Role": "Merceńe e profumi e fatti", "page_num": "512", "nom_classification": "outside_venice", "is_provincia": true, "provincia_town": "chioggia", "geocoding_tier": "5f", "match_confidence": "nominatim_provincia_flagged", "match_note": "Nominatim provincia: Sottomarina 827, Chioggia, Italy | type=suburb class=place | FLAGGED", "nominatim_query": "Sottomarina 827, Chioggia, Italy", "nominatim_flagged": true, "matched_lat": 45.2148983, "matched_lon": 12.2938879 }, "geometry": { "type": "Point", "coordinates": [ 12.2938879, 45.2148983 ] } },
{ "type": "Feature", "properties": { "Name": "Boscolo Ernia Bigio", "Address": "Sottomarina 875", "Location": "Chioggia", "section": "COMMERCIO E INDUSTRIA", "Role": "Merceńe e profumi e fatti", "page_num": "512", "nom_classification": "outside_venice", "is_provincia": true, "provincia_town": "chioggia", "geocoding_tier": "5f", "match_confidence": "nominatim_provincia_flagged", "match_note": "Nominatim provincia: Sottomarina 875, Chioggia, Italy | type=suburb class=place | FLAGGED", "nominatim_query": "Sottomarina 875, Chioggia, Italy", "nominatim_flagged": true, "matched_lat": 45.2148983, "matched_lon": 12.2938879 }, "geometry": { "type": "Point", "coordinates": [ 12.2938879, 45.2148983 ] } },
{ "type": "Feature", "properties": { "Name": "Gorìn Bonifacio", "Address": "S. Andrea 1372", "Location": "Chioggia", "section": "COMMERCIO E INDUSTRIA", "Role": "Merceńe e profumi e fatti", "page_num": "512", "nom_classification": "outside_venice", "is_provincia": true, "provincia_town": "chioggia", "geocoding_tier": "5f", "match_confidence": "nominatim_provincia_flagged", "match_note": "Nominatim provincia: S. Andrea 1372, Chioggia, Italy | type=pedestrian class=highway | FLAGGED", "nominatim_query": "S. Andrea 1372, Chioggia, Italy", "nominatim_flagged": true, "matched_lat": 45.2213194, "matched_lon": 12.2799813 }, "geometry": { "type": "Point", "coordinates": [ 12.2799813, 45.2213194 ] } },
{ "type": "Feature", "properties": { "Name": "Venèiacci Antonio", "Address": "Fondamenta Canal Lombardo", "Location": "Chioggia", "section": "COMMERCIO E INDUSTRIA", "Role": "Mediatori Marittimi", "page_num": "512", "nom_classification": "outside_venice", "is_provincia": true, "provincia_town": "chioggia", "geocoding_tier": "5f", "match_confidence": "nominatim_provincia_flagged", "match_note": "Nominatim provincia: Fondamenta Canal Lombardo, Chioggia, Italy | type=living_street class=highway | FLAGGED", "nominatim_query": "Fondamenta Canal Lombardo, Chioggia, Italy", "nominatim_flagged": true, "matched_lat": 45.2216537, "matched_lon": 12.2776836 }, "geometry": { "type": "Point", "coordinates": [ 12.2776836, 45.2216537 ] } },
{ "type": "Feature", "properties": { "Name": "Pagan Manlio", "Address": "Fondamenta Canal Lombardo", "Location": "Chioggia", "section": "COMMERCIO E INDUSTRIA", "Role": "Mediatori Marittimi", "page_num": "512", "nom_classification": "outside_venice", "is_provincia": true, "provincia_town": "chioggia", "geocoding_tier": "5f", "match_confidence": "nominatim_provincia_flagged", "match_note": "Nominatim provincia: Fondamenta Canal Lombardo, Chioggia, Italy | type=living_street class=highway | FLAGGED", "nominatim_query": "Fondamenta Canal Lombardo, Chioggia, Italy", "nominatim_flagged": true, "matched_lat": 45.2216537, "matched_lon": 12.2776836 }, "geometry": { "type": "Point", "coordinates": [ 12.2776836, 45.2216537 ] } },
{ "type": "Feature", "properties": { "Name": "Ossélladore Idè", "Address": "Calle Carrara", "Location": "Chioggia", "section": "COMMERCIO E INDUSTRIA", "Role": "Merlettaì", "page_num": "512", "nom_classification": "outside_venice", "is_provincia": true, "provincia_town": "chioggia", "geocoding_tier": "5f", "match_confidence": "nominatim_provincia_flagged", "match_note": "Nominatim provincia: Calle Carrara, Chioggia, Italy | type=pedestrian class=highway | FLAGGED", "nominatim_query": "Calle Carrara, Chioggia, Italy", "nominatim_flagged": true, "matched_lat": 45.221618, "matched_lon": 12.2790435 }, "geometry": { "type": "Point", "coordinates": [ 12.2790435, 45.221618 ] } },
{ "type": "Feature", "properties": { "Name": "Crosara Gino", "Address": "S. Giacomo 591", "Location": "Chioggia", "section": "COMMERCIO E INDUSTRIA", "Role": "Mobili", "page_num": "512", "nom_classification": "outside_venice", "is_provincia": true, "provincia_town": "chioggia", "geocoding_tier": "5f", "match_confidence": "nominatim_provincia_flagged", "match_note": "Nominatim provincia: S. Giacomo 591, Chioggia, Italy | type=tertiary class=highway | FLAGGED", "nominatim_query": "S. Giacomo 591, Chioggia, Italy", "nominatim_flagged": true, "matched_lat": 45.2175957, "matched_lon": 12.2840996 }, "geometry": { "type": "Point", "coordinates": [ 12.2840996, 45.2175957 ] } },
{ "type": "Feature", "properties": { "Name": "Vianello Federico", "Address": "Duomo 971", "Location": "Chioggia", "section": "COMMERCIO E INDUSTRIA", "Role": "Mobili", "page_num": "512", "nom_classification": "outside_venice", "is_provincia": true, "provincia_town": "chioggia", "geocoding_tier": "5f", "match_confidence": "nominatim_provincia_flagged", "match_note": "Nominatim provincia: Duomo 971, Chioggia, Italy | type=pedestrian class=highway | FLAGGED", "nominatim_query": "Duomo 971, Chioggia, Italy", "nominatim_flagged": true, "matched_lat": 45.2171542, "matched_lon": 12.2774706 }, "geometry": { "type": "Point", "coordinates": [ 12.2774706, 45.2171542 ] } },
{ "type": "Feature", "properties": { "Name": "Cliviro Marcello", "Address": "Corso del Popolo 111", "Location": "Chioggia", "section": "COMMERCIO E INDUSTRIA", "Role": "Motori", "page_num": "512", "nom_classification": "outside_venice", "is_provincia": true, "provincia_town": "chioggia", "geocoding_tier": "5f", "match_confidence": "nominatim_provincia_flagged", "match_note": "Nominatim provincia: Corso del Popolo 111, Chioggia, Italy | type=tertiary class=highway | FLAGGED", "nominatim_query": "Corso del Popolo 111, Chioggia, Italy", "nominatim_flagged": true, "matched_lat": 45.2164785, "matched_lon": 12.2776534 }, "geometry": { "type": "Point", "coordinates": [ 12.2776534, 45.2164785 ] } },
{ "type": "Feature", "properties": { "Name": "Scarpa Bruno", "Address": "Stradale Ponte Caneva 635", "Location": "Chioggia", "section": "COMMERCIO E INDUSTRIA", "Role": "Motori", "page_num": "512", "nom_classification": "outside_venice", "is_provincia": true, "provincia_town": "chioggia", "geocoding_tier": "5f", "match_confidence": "nominatim_provincia_flagged", "match_note": "Nominatim provincia: Stradale Ponte Caneva 635, Chioggia, Italy | type=residential class=highway | FLAGGED", "nominatim_query": "Stradale Ponte Caneva 635, Chioggia, Italy", "nominatim_flagged": true, "matched_lat": 45.2219527, "matched_lon": 12.2802204 }, "geometry": { "type": "Point", "coordinates": [ 12.2802204, 45.2219527 ] } },
{ "type": "Feature", "properties": { "Name": "Nundalini Germano", "Address": "Duomo 192", "Location": "Chioggia", "section": "COMMERCIO E INDUSTRIA", "Role": "Officine meccaniche", "page_num": "513", "nom_classification": "outside_venice", "is_provincia": true, "provincia_town": "chioggia", "geocoding_tier": "5f", "match_confidence": "nominatim_provincia_flagged", "match_note": "Nominatim provincia: Duomo 192, Chioggia, Italy | type=pedestrian class=highway | FLAGGED", "nominatim_query": "Duomo 192, Chioggia, Italy", "nominatim_flagged": true, "matched_lat": 45.2171542, "matched_lon": 12.2774706 }, "geometry": { "type": "Point", "coordinates": [ 12.2774706, 45.2171542 ] } },
{ "type": "Feature", "properties": { "Name": "Callegaro Roberto", "Address": "Via Orti 122", "Location": "Chioggia", "section": "COMMERCIO E INDUSTRIA", "Role": "Officine meccaniche", "page_num": "513", "nom_classification": "outside_venice", "is_provincia": true, "provincia_town": "chioggia", "geocoding_tier": "5f", "match_confidence": "nominatim_provincia_flagged", "match_note": "Nominatim provincia: Via Orti 122, Chioggia, Italy | type=secondary class=highway | FLAGGED", "nominatim_query": "Via Orti 122, Chioggia, Italy", "nominatim_flagged": true, "matched_lat": 45.1855179, "matched_lon": 12.2432561 }, "geometry": { "type": "Point", "coordinates": [ 12.2432561, 45.1855179 ] } },
{ "type": "Feature", "properties": { "Name": "Vianelli Vincenzo", "Address": "Duomo 31", "Location": "Chioggia", "section": "COMMERCIO E INDUSTRIA", "Role": "Officine meccaniche", "page_num": "513", "nom_classification": "outside_venice", "is_provincia": true, "provincia_town": "chioggia", "geocoding_tier": "5f", "match_confidence": "nominatim_provincia_flagged", "match_note": "Nominatim provincia: Duomo 31, Chioggia, Italy | type=living_street class=highway | FLAGGED", "nominatim_query": "Duomo 31, Chioggia, Italy", "nominatim_flagged": true, "matched_lat": 45.2175174, "matched_lon": 12.2766967 }, "geometry": { "type": "Point", "coordinates": [ 12.2766967, 45.2175174 ] } },
{ "type": "Feature", "properties": { "Name": "Callegaro Ettore", "Address": "Ridotto Madonna 124", "Location": "Chioggia", "section": "COMMERCIO E INDUSTRIA", "Role": "Officine meccaniche", "page_num": "513", "nom_classification": "outside_venice", "is_provincia": true, "provincia_town": "chioggia", "geocoding_tier": "5f", "match_confidence": "nominatim_provincia_flagged", "match_note": "Nominatim provincia: Ridotto Madonna 124, Chioggia, Italy | type=residential class=highway | FLAGGED", "nominatim_query": "Ridotto Madonna 124, Chioggia, Italy", "nominatim_flagged": true, "matched_lat": 45.1973468, "matched_lon": 12.2771434 }, "geometry": { "type": "Point", "coordinates": [ 12.2771434, 45.1973468 ] } },
{ "type": "Feature", "properties": { "Name": "Bernardinello Erminio", "Address": "Calle Filippini", "Location": "Chioggia", "section": "COMMERCIO E INDUSTRIA", "Role": "Canal S. Domenico", "page_num": "513", "nom_classification": "outside_venice", "is_provincia": true, "provincia_town": "chioggia", "geocoding_tier": "5f", "match_confidence": "nominatim_provincia_flagged", "match_note": "Nominatim provincia: Calle Filippini, Chioggia, Italy | type=residential class=highway | FLAGGED", "nominatim_query": "Calle Filippini, Chioggia, Italy", "nominatim_flagged": true, "matched_lat": 45.2193417, "matched_lon": 12.2807039 }, "geometry": { "type": "Point", "coordinates": [ 12.2807039, 45.2193417 ] } },
{ "type": "Feature", "properties": { "Name": "De Gobbi Gildo", "Address": "Calle S. Giacomo", "Location": "Chioggia", "section": "COMMERCIO E INDUSTRIA", "Role": "Canal S. Domenico", "page_num": "513", "nom_classification": "outside_venice", "is_provincia": true, "provincia_town": "chioggia", "geocoding_tier": "5f", "match_confidence": "nominatim_provincia_flagged", "match_note": "Nominatim provincia: Calle S. Giacomo, Chioggia, Italy | type=tertiary class=highway | FLAGGED", "nominatim_query": "Calle S. Giacomo, Chioggia, Italy", "nominatim_flagged": true, "matched_lat": 45.2188658, "matched_lon": 12.2793924 }, "geometry": { "type": "Point", "coordinates": [ 12.2793924, 45.2188658 ] } },
{ "type": "Feature", "properties": { "Name": "Barbieri Edoardo", "Address": "Sottomarina 96", "Location": "Chioggia", "section": "COMMERCIO E INDUSTRIA", "Role": "Ossa di seppia", "page_num": "513", "nom_classification": "outside_venice", "is_provincia": true, "provincia_town": "chioggia", "geocoding_tier": "5f", "match_confidence": "nominatim_provincia_flagged", "match_note": "Nominatim provincia: Sottomarina 96, Chioggia, Italy | type=suburb class=place | FLAGGED", "nominatim_query": "Sottomarina 96, Chioggia, Italy", "nominatim_flagged": true, "matched_lat": 45.2148983, "matched_lon": 12.2938879 }, "geometry": { "type": "Point", "coordinates": [ 12.2938879, 45.2148983 ] } },
{ "type": "Feature", "properties": { "Name": "Zennaro Dino e Pagan soci", "Address": "Fondamenta Canal Lombardo", "Location": "Chioggia", "section": "COMMERCIO E INDUSTRIA", "Role": "Ossa di seppia", "page_num": "513", "nom_classification": "outside_venice", "is_provincia": true, "provincia_town": "chioggia", "geocoding_tier": "5f", "match_confidence": "nominatim_provincia_flagged", "match_note": "Nominatim provincia: Fondamenta Canal Lombardo, Chioggia, Italy | type=living_street class=highway | FLAGGED", "nominatim_query": "Fondamenta Canal Lombardo, Chioggia, Italy", "nominatim_flagged": true, "matched_lat": 45.2216537, "matched_lon": 12.2776836 }, "geometry": { "type": "Point", "coordinates": [ 12.2776836, 45.2216537 ] } },
{ "type": "Feature", "properties": { "Name": "Zennaro Dino", "Address": "S. Andrea 298", "Location": "Chioggia", "section": "COMMERCIO E INDUSTRIA", "Role": "Ossa di seppia", "page_num": "513", "nom_classification": "outside_venice", "is_provincia": true, "provincia_town": "chioggia", "geocoding_tier": "5f", "match_confidence": "nominatim_provincia_flagged", "match_note": "Nominatim provincia: S. Andrea 298, Chioggia, Italy | type=pedestrian class=highway | FLAGGED", "nominatim_query": "S. Andrea 298, Chioggia, Italy", "nominatim_flagged": true, "matched_lat": 45.2213194, "matched_lon": 12.2799813 }, "geometry": { "type": "Point", "coordinates": [ 12.2799813, 45.2213194 ] } },
{ "type": "Feature", "properties": { "Name": "Pagan Giurmino", "Address": "Duomo 69", "Location": "Chioggia", "section": "COMMERCIO E INDUSTRIA", "Role": "Ossa di seppia", "page_num": "513", "nom_classification": "outside_venice", "is_provincia": true, "provincia_town": "chioggia", "geocoding_tier": "5f", "match_confidence": "nominatim_provincia_flagged", "match_note": "Nominatim provincia: Duomo 69, Chioggia, Italy | type=pedestrian class=highway | FLAGGED", "nominatim_query": "Duomo 69, Chioggia, Italy", "nominatim_flagged": true, "matched_lat": 45.2171542, "matched_lon": 12.2774706 }, "geometry": { "type": "Point", "coordinates": [ 12.2774706, 45.2171542 ] } },
{ "type": "Feature", "properties": { "Name": "Luigi", "Address": " Duomo 69", "Location": "Chioggia", "section": "COMMERCIO E INDUSTRIA", "Role": "Ossa di seppia, De Grandi", "page_num": "513", "nom_classification": "outside_venice", "is_provincia": true, "provincia_town": "chioggia", "geocoding_tier": "5f", "match_confidence": "nominatim_provincia_flagged", "match_note": "Nominatim provincia: Duomo 69, Chioggia, Italy | type=pedestrian class=highway | FLAGGED", "nominatim_query": "Duomo 69, Chioggia, Italy", "nominatim_flagged": true, "matched_lat": 45.2171542, "matched_lon": 12.2774706 }, "geometry": { "type": "Point", "coordinates": [ 12.2774706, 45.2171542 ] } },
{ "type": "Feature", "properties": { "Name": "Tiozzo Fausto", "Address": "S. Giacomo 141", "Location": "Chioggia", "section": "COMMERCIO E INDUSTRIA", "Role": "Ossa di seppia", "page_num": "513", "nom_classification": "outside_venice", "is_provincia": true, "provincia_town": "chioggia", "geocoding_tier": "5f", "match_confidence": "nominatim_provincia_flagged", "match_note": "Nominatim provincia: S. Giacomo 141, Chioggia, Italy | type=tertiary class=highway | FLAGGED", "nominatim_query": "S. Giacomo 141, Chioggia, Italy", "nominatim_flagged": true, "matched_lat": 45.2175573, "matched_lon": 12.2840344 }, "geometry": { "type": "Point", "coordinates": [ 12.2840344, 45.2175573 ] } },
{ "type": "Feature", "properties": { "Name": "Tiozzo Simeon", "Address": "S. Giacomo 352", "Location": "Chioggia", "section": "COMMERCIO E INDUSTRIA", "Role": "Ossa di seppia", "page_num": "513", "nom_classification": "outside_venice", "is_provincia": true, "provincia_town": "chioggia", "geocoding_tier": "5f", "match_confidence": "nominatim_provincia_flagged", "match_note": "Nominatim provincia: S. Giacomo 352, Chioggia, Italy | type=tertiary class=highway | FLAGGED", "nominatim_query": "S. Giacomo 352, Chioggia, Italy", "nominatim_flagged": true, "matched_lat": 45.2175573, "matched_lon": 12.2840344 }, "geometry": { "type": "Point", "coordinates": [ 12.2840344, 45.2175573 ] } },
{ "type": "Feature", "properties": { "Name": "Bullo Carlo", "Address": "S. Andrea 690", "Location": "Chioggia", "section": "COMMERCIO E INDUSTRIA", "Role": "Ossa di seppia", "page_num": "513", "nom_classification": "outside_venice", "is_provincia": true, "provincia_town": "chioggia", "geocoding_tier": "5f", "match_confidence": "nominatim_provincia_flagged", "match_note": "Nominatim provincia: S. Andrea 690, Chioggia, Italy | type=pedestrian class=highway | FLAGGED", "nominatim_query": "S. Andrea 690, Chioggia, Italy", "nominatim_flagged": true, "matched_lat": 45.2213194, "matched_lon": 12.2799813 }, "geometry": { "type": "Point", "coordinates": [ 12.2799813, 45.2213194 ] } },
{ "type": "Feature", "properties": { "Name": "Belluco Erminio", "Address": "Duomo 557", "Location": "Chioggia", "section": "COMMERCIO E INDUSTRIA", "Role": "Ossa di seppia", "page_num": "513", "nom_classification": "outside_venice", "is_provincia": true, "provincia_town": "chioggia", "geocoding_tier": "5f", "match_confidence": "nominatim_provincia_flagged", "match_note": "Nominatim provincia: Duomo 557, Chioggia, Italy | type=pedestrian class=highway | FLAGGED", "nominatim_query": "Duomo 557, Chioggia, Italy", "nominatim_flagged": true, "matched_lat": 45.2171542, "matched_lon": 12.2774706 }, "geometry": { "type": "Point", "coordinates": [ 12.2774706, 45.2171542 ] } },
{ "type": "Feature", "properties": { "Name": "Cavagnin Norma", "Address": "Duomo 156", "Location": "Chioggia", "section": "COMMERCIO E INDUSTRIA", "Role": "Oreficerie e Orologerie", "page_num": "513", "nom_classification": "outside_venice", "is_provincia": true, "provincia_town": "chioggia", "geocoding_tier": "5f", "match_confidence": "nominatim_provincia_flagged", "match_note": "Nominatim provincia: Duomo 156, Chioggia, Italy | type=living_street class=highway | FLAGGED", "nominatim_query": "Duomo 156, Chioggia, Italy", "nominatim_flagged": true, "matched_lat": 45.2175174, "matched_lon": 12.2766967 }, "geometry": { "type": "Point", "coordinates": [ 12.2766967, 45.2175174 ] } },
{ "type": "Feature", "properties": { "Name": "Pagan Fernanda", "Address": "S. Giacomo 167", "Location": "Chioggia", "section": "COMMERCIO E INDUSTRIA", "Role": "Oreficerie e Orologerie", "page_num": "513", "nom_classification": "outside_venice", "is_provincia": true, "provincia_town": "chioggia", "geocoding_tier": "5f", "match_confidence": "nominatim_provincia_flagged", "match_note": "Nominatim provincia: S. Giacomo 167, Chioggia, Italy | type=tertiary class=highway | FLAGGED", "nominatim_query": "S. Giacomo 167, Chioggia, Italy", "nominatim_flagged": true, "matched_lat": 45.2176562, "matched_lon": 12.2839418 }, "geometry": { "type": "Point", "coordinates": [ 12.2839418, 45.2176562 ] } },
{ "type": "Feature", "properties": { "Name": "Zennaro Adelina", "Address": "S. Giacomo 76", "Location": "Chioggia", "section": "COMMERCIO E INDUSTRIA", "Role": "Oreficerie e Orologerie", "page_num": "513", "nom_classification": "outside_venice", "is_provincia": true, "provincia_town": "chioggia", "geocoding_tier": "5f", "match_confidence": "nominatim_provincia_flagged", "match_note": "Nominatim provincia: S. Giacomo 76, Chioggia, Italy | type=tertiary class=highway | FLAGGED", "nominatim_query": "S. Giacomo 76, Chioggia, Italy", "nominatim_flagged": true, "matched_lat": 45.2180961, "matched_lon": 12.2825306 }, "geometry": { "type": "Point", "coordinates": [ 12.2825306, 45.2180961 ] } },
{ "type": "Feature", "properties": { "Name": "Penzo Menotti", "Address": "S. Giacomo 366", "Location": "Chioggia", "section": "COMMERCIO E INDUSTRIA", "Role": "Oreficerie e Orologerie", "page_num": "513", "nom_classification": "outside_venice", "is_provincia": true, "provincia_town": "chioggia", "geocoding_tier": "5f", "match_confidence": "nominatim_provincia_flagged", "match_note": "Nominatim provincia: S. Giacomo 366, Chioggia, Italy | type=tertiary class=highway | FLAGGED", "nominatim_query": "S. Giacomo 366, Chioggia, Italy", "nominatim_flagged": true, "matched_lat": 45.2175957, "matched_lon": 12.2840996 }, "geometry": { "type": "Point", "coordinates": [ 12.2840996, 45.2175957 ] } },
{ "type": "Feature", "properties": { "Name": "Mauro Donvhilla", "Address": "S. Giacomo 767", "Location": "Chioggia", "section": "COMMERCIO E INDUSTRIA", "Role": "Oreficerie e Orologerie", "page_num": "513", "nom_classification": "outside_venice", "is_provincia": true, "provincia_town": "chioggia", "geocoding_tier": "5f", "match_confidence": "nominatim_provincia_flagged", "match_note": "Nominatim provincia: S. Giacomo 767, Chioggia, Italy | type=tertiary class=highway | FLAGGED", "nominatim_query": "S. Giacomo 767, Chioggia, Italy", "nominatim_flagged": true, "matched_lat": 45.2175957, "matched_lon": 12.2840996 }, "geometry": { "type": "Point", "coordinates": [ 12.2840996, 45.2175957 ] } },
{ "type": "Feature", "properties": { "Name": "Perini Armando", "Address": "Duomo 360", "Location": "Chioggia", "section": "COMMERCIO E INDUSTRIA", "Role": "Orologiai", "page_num": "513", "nom_classification": "outside_venice", "is_provincia": true, "provincia_town": "chioggia", "geocoding_tier": "5f", "match_confidence": "nominatim_provincia_flagged", "match_note": "Nominatim provincia: Duomo 360, Chioggia, Italy | type=pedestrian class=highway | FLAGGED", "nominatim_query": "Duomo 360, Chioggia, Italy", "nominatim_flagged": true, "matched_lat": 45.2171542, "matched_lon": 12.2774706 }, "geometry": { "type": "Point", "coordinates": [ 12.2774706, 45.2171542 ] } },
{ "type": "Feature", "properties": { "Name": "Boscolo Luigia Bozzan", "Address": "S. Anna 155", "Location": "Chioggia", "section": "COMMERCIO E INDUSTRIA", "Role": "Osterie", "page_num": "513", "nom_classification": "outside_venice", "is_provincia": true, "provincia_town": "chioggia", "geocoding_tier": "5", "match_confidence": "nominatim_provincia", "match_note": "Nominatim provincia: S. Anna 155, Chioggia, Italy | type=place_of_worship class=amenity", "nominatim_query": "S. Anna 155, Chioggia, Italy", "nominatim_flagged": false, "matched_lat": 45.1460907, "matched_lon": 12.266363 }, "geometry": { "type": "Point", "coordinates": [ 12.266363, 45.1460907 ] } },
{ "type": "Feature", "properties": { "Name": "Bressan Alberto", "Address": "S. Andrea 677", "Location": "Chioggia", "section": "COMMERCIO E INDUSTRIA", "Role": "Osterie", "page_num": "513", "nom_classification": "outside_venice", "is_provincia": true, "provincia_town": "chioggia", "geocoding_tier": "5f", "match_confidence": "nominatim_provincia_flagged", "match_note": "Nominatim provincia: S. Andrea 677, Chioggia, Italy | type=pedestrian class=highway | FLAGGED", "nominatim_query": "S. Andrea 677, Chioggia, Italy", "nominatim_flagged": true, "matched_lat": 45.2213194, "matched_lon": 12.2799813 }, "geometry": { "type": "Point", "coordinates": [ 12.2799813, 45.2213194 ] } },
{ "type": "Feature", "properties": { "Name": "Bressan Luigi", "Address": "S. Andrea 309", "Location": "Chioggia", "section": "COMMERCIO E INDUSTRIA", "Role": "Osterie", "page_num": "513", "nom_classification": "outside_venice", "is_provincia": true, "provincia_town": "chioggia", "geocoding_tier": "5f", "match_confidence": "nominatim_provincia_flagged", "match_note": "Nominatim provincia: S. Andrea 309, Chioggia, Italy | type=pedestrian class=highway | FLAGGED", "nominatim_query": "S. Andrea 309, Chioggia, Italy", "nominatim_flagged": true, "matched_lat": 45.2213194, "matched_lon": 12.2799813 }, "geometry": { "type": "Point", "coordinates": [ 12.2799813, 45.2213194 ] } },
{ "type": "Feature", "properties": { "Name": "Grinzato Santina", "Address": "S. Giacomo 75", "Location": "Chioggia", "section": "COMMERCIO E INDUSTRIA", "Role": "Osterie", "page_num": "513", "nom_classification": "outside_venice", "is_provincia": true, "provincia_town": "chioggia", "geocoding_tier": "5f", "match_confidence": "nominatim_provincia_flagged", "match_note": "Nominatim provincia: S. Giacomo 75, Chioggia, Italy | type=tertiary class=highway | FLAGGED", "nominatim_query": "S. Giacomo 75, Chioggia, Italy", "nominatim_flagged": true, "matched_lat": 45.2180961, "matched_lon": 12.2825306 }, "geometry": { "type": "Point", "coordinates": [ 12.2825306, 45.2180961 ] } },
{ "type": "Feature", "properties": { "Name": "Rizzo Luigi", "Address": "Orti 268", "Location": "Chioggia", "section": "COMMERCIO E INDUSTRIA", "Role": "Osterie", "page_num": "513", "nom_classification": "outside_venice", "is_provincia": true, "provincia_town": "chioggia", "geocoding_tier": "5f", "match_confidence": "nominatim_provincia_flagged", "match_note": "Nominatim provincia: Orti 268, Chioggia, Italy | type=secondary class=highway | FLAGGED", "nominatim_query": "Orti 268, Chioggia, Italy", "nominatim_flagged": true, "matched_lat": 45.1838676, "matched_lon": 12.2684933 }, "geometry": { "type": "Point", "coordinates": [ 12.2684933, 45.1838676 ] } },
{ "type": "Feature", "properties": { "Name": "Varezze ???", "Address": "Duomo 304", "Location": "Chioggia", "section": "COMMERCIO E INDUSTRIA", "Role": "Osterie", "page_num": "513", "nom_classification": "outside_venice", "is_provincia": true, "provincia_town": "chioggia", "geocoding_tier": "5f", "match_confidence": "nominatim_provincia_flagged", "match_note": "Nominatim provincia: Duomo 304, Chioggia, Italy | type=pedestrian class=highway | FLAGGED", "nominatim_query": "Duomo 304, Chioggia, Italy", "nominatim_flagged": true, "matched_lat": 45.2171542, "matched_lon": 12.2774706 }, "geometry": { "type": "Point", "coordinates": [ 12.2774706, 45.2171542 ] } },
{ "type": "Feature", "properties": { "Name": "Boscolo Antonio", "Address": "Sottomarina 973", "Location": "Chioggia", "section": "COMMERCIO E INDUSTRIA", "Role": "Osterie", "page_num": "513", "nom_classification": "outside_venice", "is_provincia": true, "provincia_town": "chioggia", "geocoding_tier": "5f", "match_confidence": "nominatim_provincia_flagged", "match_note": "Nominatim provincia: Sottomarina 973, Chioggia, Italy | type=suburb class=place | FLAGGED", "nominatim_query": "Sottomarina 973, Chioggia, Italy", "nominatim_flagged": true, "matched_lat": 45.2148983, "matched_lon": 12.2938879 }, "geometry": { "type": "Point", "coordinates": [ 12.2938879, 45.2148983 ] } },
{ "type": "Feature", "properties": { "Name": "Zennato Teresa", "Address": "S. Giacomo 379", "Location": "Chioggia", "section": "COMMERCIO E INDUSTRIA", "Role": "Osterie", "page_num": "513", "nom_classification": "outside_venice", "is_provincia": true, "provincia_town": "chioggia", "geocoding_tier": "5f", "match_confidence": "nominatim_provincia_flagged", "match_note": "Nominatim provincia: S. Giacomo 379, Chioggia, Italy | type=tertiary class=highway | FLAGGED", "nominatim_query": "S. Giacomo 379, Chioggia, Italy", "nominatim_flagged": true, "matched_lat": 45.2175573, "matched_lon": 12.2840344 }, "geometry": { "type": "Point", "coordinates": [ 12.2840344, 45.2175573 ] } },
{ "type": "Feature", "properties": { "Name": "Mantovan Giuseppe", "Address": "Sottomarina 906", "Location": "Chioggia", "section": "COMMERCIO E INDUSTRIA", "Role": "Pane (Riven(d)it(e))", "page_num": "513", "nom_classification": "outside_venice", "is_provincia": true, "provincia_town": "chioggia", "geocoding_tier": "5f", "match_confidence": "nominatim_provincia_flagged", "match_note": "Nominatim provincia: Sottomarina 906, Chioggia, Italy | type=suburb class=place | FLAGGED", "nominatim_query": "Sottomarina 906, Chioggia, Italy", "nominatim_flagged": true, "matched_lat": 45.2148983, "matched_lon": 12.2938879 }, "geometry": { "type": "Point", "coordinates": [ 12.2938879, 45.2148983 ] } },
{ "type": "Feature", "properties": { "Name": "Voltolina Elva", "Address": "S. Andrea 534", "Location": "Chioggia", "section": "COMMERCIO E INDUSTRIA", "Role": "Pane (Riven(d)it(e))", "page_num": "513", "nom_classification": "outside_venice", "is_provincia": true, "provincia_town": "chioggia", "geocoding_tier": "5f", "match_confidence": "nominatim_provincia_flagged", "match_note": "Nominatim provincia: S. Andrea 534, Chioggia, Italy | type=pedestrian class=highway | FLAGGED", "nominatim_query": "S. Andrea 534, Chioggia, Italy", "nominatim_flagged": true, "matched_lat": 45.2213194, "matched_lon": 12.2799813 }, "geometry": { "type": "Point", "coordinates": [ 12.2799813, 45.2213194 ] } },
{ "type": "Feature", "properties": { "Name": "Zennaro Santa", "Address": "Duomo 105", "Location": "Chioggia", "section": "COMMERCIO E INDUSTRIA", "Role": "Pane (Riven(d)it(e))", "page_num": "513", "nom_classification": "outside_venice", "is_provincia": true, "provincia_town": "chioggia", "geocoding_tier": "5f", "match_confidence": "nominatim_provincia_flagged", "match_note": "Nominatim provincia: Duomo 105, Chioggia, Italy | type=living_street class=highway | FLAGGED", "nominatim_query": "Duomo 105, Chioggia, Italy", "nominatim_flagged": true, "matched_lat": 45.2175174, "matched_lon": 12.2766967 }, "geometry": { "type": "Point", "coordinates": [ 12.2766967, 45.2175174 ] } },
{ "type": "Feature", "properties": { "Name": "Tonello Donato", "Address": "Sottomarina 972", "Location": "Chioggia", "section": "COMMERCIO E INDUSTRIA", "Role": "Pane (Riven(d)it(e))", "page_num": "513", "nom_classification": "outside_venice", "is_provincia": true, "provincia_town": "chioggia", "geocoding_tier": "5f", "match_confidence": "nominatim_provincia_flagged", "match_note": "Nominatim provincia: Sottomarina 972, Chioggia, Italy | type=suburb class=place | FLAGGED", "nominatim_query": "Sottomarina 972, Chioggia, Italy", "nominatim_flagged": true, "matched_lat": 45.2148983, "matched_lon": 12.2938879 }, "geometry": { "type": "Point", "coordinates": [ 12.2938879, 45.2148983 ] } },
{ "type": "Feature", "properties": { "Name": "Stefanini Isobolina", "Address": "S. Andrea 557", "Location": "Chioggia", "section": "COMMERCIO E INDUSTRIA", "Role": "Pane (Riven(d)it(e))", "page_num": "513", "nom_classification": "outside_venice", "is_provincia": true, "provincia_town": "chioggia", "geocoding_tier": "5f", "match_confidence": "nominatim_provincia_flagged", "match_note": "Nominatim provincia: S. Andrea 557, Chioggia, Italy | type=pedestrian class=highway | FLAGGED", "nominatim_query": "S. Andrea 557, Chioggia, Italy", "nominatim_flagged": true, "matched_lat": 45.2213194, "matched_lon": 12.2799813 }, "geometry": { "type": "Point", "coordinates": [ 12.2799813, 45.2213194 ] } },
{ "type": "Feature", "properties": { "Name": "Caerezz Gumbo Giuseppe", "Address": "Sottomarina 677", "Location": "Chioggia", "section": "COMMERCIO E INDUSTRIA", "Role": "Pane (Riven(d)it(e))", "page_num": "513", "nom_classification": "outside_venice", "is_provincia": true, "provincia_town": "chioggia", "geocoding_tier": "5f", "match_confidence": "nominatim_provincia_flagged", "match_note": "Nominatim provincia: Sottomarina 677, Chioggia, Italy | type=suburb class=place | FLAGGED", "nominatim_query": "Sottomarina 677, Chioggia, Italy", "nominatim_flagged": true, "matched_lat": 45.2148983, "matched_lon": 12.2938879 }, "geometry": { "type": "Point", "coordinates": [ 12.2938879, 45.2148983 ] } },
{ "type": "Feature", "properties": { "Name": "Scul. Antonio", "Address": "Duomo 670", "Location": "Chioggia", "section": "COMMERCIO E INDUSTRIA", "Role": "Pane (Riven(d)it(e))", "page_num": "513", "nom_classification": "outside_venice", "is_provincia": true, "provincia_town": "chioggia", "geocoding_tier": "5f", "match_confidence": "nominatim_provincia_flagged", "match_note": "Nominatim provincia: Duomo 670, Chioggia, Italy | type=living_street class=highway | FLAGGED", "nominatim_query": "Duomo 670, Chioggia, Italy", "nominatim_flagged": true, "matched_lat": 45.2175174, "matched_lon": 12.2766967 }, "geometry": { "type": "Point", "coordinates": [ 12.2766967, 45.2175174 ] } },
{ "type": "Feature", "properties": { "Name": "Salvagno Domenico", "Address": "S. Andrea 268", "Location": "Chioggia", "section": "COMMERCIO E INDUSTRIA", "Role": "Pane (Riven(d)it(e))", "page_num": "513", "nom_classification": "outside_venice", "is_provincia": true, "provincia_town": "chioggia", "geocoding_tier": "5f", "match_confidence": "nominatim_provincia_flagged", "match_note": "Nominatim provincia: S. Andrea 268, Chioggia, Italy | type=pedestrian class=highway | FLAGGED", "nominatim_query": "S. Andrea 268, Chioggia, Italy", "nominatim_flagged": true, "matched_lat": 45.2213194, "matched_lon": 12.2799813 }, "geometry": { "type": "Point", "coordinates": [ 12.2799813, 45.2213194 ] } },
{ "type": "Feature", "properties": { "Name": ".nt Boscolo Tudorma", "Address": "Sottomarina 591", "Location": "Chioggia", "section": "COMMERCIO E INDUSTRIA", "Role": "Pane (Riven(d)it(e)), Gr(jsan.", "page_num": "513", "nom_classification": "outside_venice", "is_provincia": true, "provincia_town": "chioggia", "geocoding_tier": "5f", "match_confidence": "nominatim_provincia_flagged", "match_note": "Nominatim provincia: Sottomarina 591, Chioggia, Italy | type=suburb class=place | FLAGGED", "nominatim_query": "Sottomarina 591, Chioggia, Italy", "nominatim_flagged": true, "matched_lat": 45.2148983, "matched_lon": 12.2938879 }, "geometry": { "type": "Point", "coordinates": [ 12.2938879, 45.2148983 ] } },
{ "type": "Feature", "properties": { "Name": "Fresolo Giuseppina Sacchi", "Address": "Sottomarina 399", "Location": "Chioggia", "section": "COMMERCIO E INDUSTRIA", "Role": "Pane (Riven(d)it(e))", "page_num": "513", "nom_classification": "outside_venice", "is_provincia": true, "provincia_town": "chioggia", "geocoding_tier": "5f", "match_confidence": "nominatim_provincia_flagged", "match_note": "Nominatim provincia: Sottomarina 399, Chioggia, Italy | type=suburb class=place | FLAGGED", "nominatim_query": "Sottomarina 399, Chioggia, Italy", "nominatim_flagged": true, "matched_lat": 45.2148983, "matched_lon": 12.2938879 }, "geometry": { "type": "Point", "coordinates": [ 12.2938879, 45.2148983 ] } },
{ "type": "Feature", "properties": { "Name": "Boscolo Maria Anzolette", "Address": "Sottomarina 1203", "Location": "Chioggia", "section": "COMMERCIO E INDUSTRIA", "Role": "Pane (Riven(d)it(e))", "page_num": "513", "nom_classification": "outside_venice", "is_provincia": true, "provincia_town": "chioggia", "geocoding_tier": "5f", "match_confidence": "nominatim_provincia_flagged", "match_note": "Nominatim provincia: Sottomarina 1203, Chioggia, Italy | type=suburb class=place | FLAGGED", "nominatim_query": "Sottomarina 1203, Chioggia, Italy", "nominatim_flagged": true, "matched_lat": 45.2148983, "matched_lon": 12.2938879 }, "geometry": { "type": "Point", "coordinates": [ 12.2938879, 45.2148983 ] } },
{ "type": "Feature", "properties": { "Name": "Busato Giuseppeabnano", "Address": "S. Giacomo 744", "Location": "Chioggia", "section": "COMMERCIO E INDUSTRIA", "Role": "Pane (Riven(d)it(e))", "page_num": "513", "nom_classification": "outside_venice", "is_provincia": true, "provincia_town": "chioggia", "geocoding_tier": "5f", "match_confidence": "nominatim_provincia_flagged", "match_note": "Nominatim provincia: S. Giacomo 744, Chioggia, Italy | type=tertiary class=highway | FLAGGED", "nominatim_query": "S. Giacomo 744, Chioggia, Italy", "nominatim_flagged": true, "matched_lat": 45.2175957, "matched_lon": 12.2840996 }, "geometry": { "type": "Point", "coordinates": [ 12.2840996, 45.2175957 ] } },
{ "type": "Feature", "properties": { "Name": "Casso Dorlillo", "Address": "Duomo 920", "Location": "Chioggia", "section": "COMMERCIO E INDUSTRIA", "Role": "Pane (Riven(d)it(e))", "page_num": "513", "nom_classification": "outside_venice", "is_provincia": true, "provincia_town": "chioggia", "geocoding_tier": "5f", "match_confidence": "nominatim_provincia_flagged", "match_note": "Nominatim provincia: Duomo 920, Chioggia, Italy | type=pedestrian class=highway | FLAGGED", "nominatim_query": "Duomo 920, Chioggia, Italy", "nominatim_flagged": true, "matched_lat": 45.2171542, "matched_lon": 12.2774706 }, "geometry": { "type": "Point", "coordinates": [ 12.2774706, 45.2171542 ] } },
{ "type": "Feature", "properties": { "Name": "Cittanti Augusto", "Address": "S. Andrea 627", "Location": "Chioggia", "section": "COMMERCIO E INDUSTRIA", "Role": "Pane (Riven(d)it(e))", "page_num": "513", "nom_classification": "outside_venice", "is_provincia": true, "provincia_town": "chioggia", "geocoding_tier": "5f", "match_confidence": "nominatim_provincia_flagged", "match_note": "Nominatim provincia: S. Andrea 627, Chioggia, Italy | type=pedestrian class=highway | FLAGGED", "nominatim_query": "S. Andrea 627, Chioggia, Italy", "nominatim_flagged": true, "matched_lat": 45.2213194, "matched_lon": 12.2799813 }, "geometry": { "type": "Point", "coordinates": [ 12.2799813, 45.2213194 ] } },
{ "type": "Feature", "properties": { "Name": "Zia de Albino", "Address": "S. Giacomo 477", "Location": "Chioggia", "section": "COMMERCIO E INDUSTRIA", "Role": "Pane (Riven(d)it(e))", "page_num": "513", "nom_classification": "outside_venice", "is_provincia": true, "provincia_town": "chioggia", "geocoding_tier": "5f", "match_confidence": "nominatim_provincia_flagged", "match_note": "Nominatim provincia: S. Giacomo 477, Chioggia, Italy | type=tertiary class=highway | FLAGGED", "nominatim_query": "S. Giacomo 477, Chioggia, Italy", "nominatim_flagged": true, "matched_lat": 45.2175573, "matched_lon": 12.2840344 }, "geometry": { "type": "Point", "coordinates": [ 12.2840344, 45.2175573 ] } },
{ "type": "Feature", "properties": { "Name": "Pinciamelelin", "Address": "Sottomarina 498", "Location": "Chioggia", "section": "COMMERCIO E INDUSTRIA", "Role": "Pane (Riven(d)it(e))", "page_num": "513", "nom_classification": "outside_venice", "is_provincia": true, "provincia_town": "chioggia", "geocoding_tier": "5f", "match_confidence": "nominatim_provincia_flagged", "match_note": "Nominatim provincia: Sottomarina 498, Chioggia, Italy | type=suburb class=place | FLAGGED", "nominatim_query": "Sottomarina 498, Chioggia, Italy", "nominatim_flagged": true, "matched_lat": 45.2148983, "matched_lon": 12.2938879 }, "geometry": { "type": "Point", "coordinates": [ 12.2938879, 45.2148983 ] } },
{ "type": "Feature", "properties": { "Name": "Poncina Maria", "Address": "Sottomarina 1127", "Location": "Chioggia", "section": "COMMERCIO E INDUSTRIA", "Role": "Pane (Riven(d)it(e))", "page_num": "513", "nom_classification": "outside_venice", "is_provincia": true, "provincia_town": "chioggia", "geocoding_tier": "5f", "match_confidence": "nominatim_provincia_flagged", "match_note": "Nominatim provincia: Sottomarina 1127, Chioggia, Italy | type=suburb class=place | FLAGGED", "nominatim_query": "Sottomarina 1127, Chioggia, Italy", "nominatim_flagged": true, "matched_lat": 45.2148983, "matched_lon": 12.2938879 }, "geometry": { "type": "Point", "coordinates": [ 12.2938879, 45.2148983 ] } },
{ "type": "Feature", "properties": { "Name": "Rossetti Telin", "Address": "S. Andrea 844", "Location": "Chioggia", "section": "COMMERCIO E INDUSTRIA", "Role": "Pane (Riven(d)it(e))", "page_num": "513", "nom_classification": "outside_venice", "is_provincia": true, "provincia_town": "chioggia", "geocoding_tier": "5f", "match_confidence": "nominatim_provincia_flagged", "match_note": "Nominatim provincia: S. Andrea 844, Chioggia, Italy | type=pedestrian class=highway | FLAGGED", "nominatim_query": "S. Andrea 844, Chioggia, Italy", "nominatim_flagged": true, "matched_lat": 45.2213194, "matched_lon": 12.2799813 }, "geometry": { "type": "Point", "coordinates": [ 12.2799813, 45.2213194 ] } },
{ "type": "Feature", "properties": { "Name": "Bertotto Giuseppe", "Address": "S. Andrea 150", "Location": "Chioggia", "section": "COMMERCIO E INDUSTRIA", "Role": "Panifici", "page_num": "513", "nom_classification": "outside_venice", "is_provincia": true, "provincia_town": "chioggia", "geocoding_tier": "5f", "match_confidence": "nominatim_provincia_flagged", "match_note": "Nominatim provincia: S. Andrea 150, Chioggia, Italy | type=pedestrian class=highway | FLAGGED", "nominatim_query": "S. Andrea 150, Chioggia, Italy", "nominatim_flagged": true, "matched_lat": 45.2213194, "matched_lon": 12.2799813 }, "geometry": { "type": "Point", "coordinates": [ 12.2799813, 45.2213194 ] } },
{ "type": "Feature", "properties": { "Name": "Ciriellino Gino", "Address": "Duomo 383", "Location": "Chioggia", "section": "COMMERCIO E INDUSTRIA", "Role": "Panifici", "page_num": "513", "nom_classification": "outside_venice", "is_provincia": true, "provincia_town": "chioggia", "geocoding_tier": "5f", "match_confidence": "nominatim_provincia_flagged", "match_note": "Nominatim provincia: Duomo 383, Chioggia, Italy | type=pedestrian class=highway | FLAGGED", "nominatim_query": "Duomo 383, Chioggia, Italy", "nominatim_flagged": true, "matched_lat": 45.2171542, "matched_lon": 12.2774706 }, "geometry": { "type": "Point", "coordinates": [ 12.2774706, 45.2171542 ] } },
{ "type": "Feature", "properties": { "Name": "S. Giacomo 308", "Address": " S. Andrea 624", "Location": "Chioggia", "section": "COMMERCIO E INDUSTRIA", "Role": "Panifici, Costa Emma", "page_num": "513", "nom_classification": "outside_venice", "is_provincia": true, "provincia_town": "chioggia", "geocoding_tier": "5f", "match_confidence": "nominatim_provincia_flagged", "match_note": "Nominatim provincia: S. Andrea 624, Chioggia, Italy | type=pedestrian class=highway | FLAGGED", "nominatim_query": "S. Andrea 624, Chioggia, Italy", "nominatim_flagged": true, "matched_lat": 45.2213194, "matched_lon": 12.2799813 }, "geometry": { "type": "Point", "coordinates": [ 12.2799813, 45.2213194 ] } },
{ "type": "Feature", "properties": { "Name": "De Ambrosi Caterina", "Address": "S. Andrea 786", "Location": "Chioggia", "section": "COMMERCIO E INDUSTRIA", "Role": "Panifici", "page_num": "513", "nom_classification": "outside_venice", "is_provincia": true, "provincia_town": "chioggia", "geocoding_tier": "5f", "match_confidence": "nominatim_provincia_flagged", "match_note": "Nominatim provincia: S. Andrea 786, Chioggia, Italy | type=pedestrian class=highway | FLAGGED", "nominatim_query": "S. Andrea 786, Chioggia, Italy", "nominatim_flagged": true, "matched_lat": 45.2213194, "matched_lon": 12.2799813 }, "geometry": { "type": "Point", "coordinates": [ 12.2799813, 45.2213194 ] } },
{ "type": "Feature", "properties": { "Name": "Ferrarato Egisto", "Address": "S. Andrea 495", "Location": "Chioggia", "section": "COMMERCIO E INDUSTRIA", "Role": "Panifici", "page_num": "513", "nom_classification": "outside_venice", "is_provincia": true, "provincia_town": "chioggia", "geocoding_tier": "5f", "match_confidence": "nominatim_provincia_flagged", "match_note": "Nominatim provincia: S. Andrea 495, Chioggia, Italy | type=pedestrian class=highway | FLAGGED", "nominatim_query": "S. Andrea 495, Chioggia, Italy", "nominatim_flagged": true, "matched_lat": 45.2213194, "matched_lon": 12.2799813 }, "geometry": { "type": "Point", "coordinates": [ 12.2799813, 45.2213194 ] } },
{ "type": "Feature", "properties": { "Name": "Garbi Angelo", "Address": "S. Andrea 472", "Location": "Chioggia", "section": "COMMERCIO E INDUSTRIA", "Role": "Panifici", "page_num": "513", "nom_classification": "outside_venice", "is_provincia": true, "provincia_town": "chioggia", "geocoding_tier": "5f", "match_confidence": "nominatim_provincia_flagged", "match_note": "Nominatim provincia: S. Andrea 472, Chioggia, Italy | type=pedestrian class=highway | FLAGGED", "nominatim_query": "S. Andrea 472, Chioggia, Italy", "nominatim_flagged": true, "matched_lat": 45.2213194, "matched_lon": 12.2799813 }, "geometry": { "type": "Point", "coordinates": [ 12.2799813, 45.2213194 ] } },
{ "type": "Feature", "properties": { "Name": "Penzo Crealtott", "Address": "S. Giacomo 381", "Location": "Chioggia", "section": "COMMERCIO E INDUSTRIA", "Role": "Panifici", "page_num": "513", "nom_classification": "outside_venice", "is_provincia": true, "provincia_town": "chioggia", "geocoding_tier": "5f", "match_confidence": "nominatim_provincia_flagged", "match_note": "Nominatim provincia: S. Giacomo 381, Chioggia, Italy | type=tertiary class=highway | FLAGGED", "nominatim_query": "S. Giacomo 381, Chioggia, Italy", "nominatim_flagged": true, "matched_lat": 45.2180961, "matched_lon": 12.2825306 }, "geometry": { "type": "Point", "coordinates": [ 12.2825306, 45.2180961 ] } },
{ "type": "Feature", "properties": { "Name": "S. Giacomo 268", "Address": " Duomo 993", "Location": "Chioggia", "section": "COMMERCIO E INDUSTRIA", "Role": "Panifici, Rossetti Vittorio", "page_num": "513", "nom_classification": "outside_venice", "is_provincia": true, "provincia_town": "chioggia", "geocoding_tier": "5f", "match_confidence": "nominatim_provincia_flagged", "match_note": "Nominatim provincia: Duomo 993, Chioggia, Italy | type=pedestrian class=highway | FLAGGED", "nominatim_query": "Duomo 993, Chioggia, Italy", "nominatim_flagged": true, "matched_lat": 45.2171542, "matched_lon": 12.2774706 }, "geometry": { "type": "Point", "coordinates": [ 12.2774706, 45.2171542 ] } },
{ "type": "Feature", "properties": { "Name": "Toffoli Dioni(n)o", "Address": "S. Andrea 467", "Location": "Chioggia", "section": "COMMERCIO E INDUSTRIA", "Role": "Panifici", "page_num": "513", "nom_classification": "outside_venice", "is_provincia": true, "provincia_town": "chioggia", "geocoding_tier": "5f", "match_confidence": "nominatim_provincia_flagged", "match_note": "Nominatim provincia: S. Andrea 467, Chioggia, Italy | type=pedestrian class=highway | FLAGGED", "nominatim_query": "S. Andrea 467, Chioggia, Italy", "nominatim_flagged": true, "matched_lat": 45.2213194, "matched_lon": 12.2799813 }, "geometry": { "type": "Point", "coordinates": [ 12.2799813, 45.2213194 ] } },
{ "type": "Feature", "properties": { "Name": "Ferdinandi Guerrino", "Address": "S. Giacomo 1466", "Location": "Chioggia", "section": "COMMERCIO E INDUSTRIA", "Role": "Panifici", "page_num": "513", "nom_classification": "outside_venice", "is_provincia": true, "provincia_town": "chioggia", "geocoding_tier": "5f", "match_confidence": "nominatim_provincia_flagged", "match_note": "Nominatim provincia: S. Giacomo 1466, Chioggia, Italy | type=tertiary class=highway | FLAGGED", "nominatim_query": "S. Giacomo 1466, Chioggia, Italy", "nominatim_flagged": true, "matched_lat": 45.2175573, "matched_lon": 12.2840344 }, "geometry": { "type": "Point", "coordinates": [ 12.2840344, 45.2175573 ] } },
{ "type": "Feature", "properties": { "Name": "Marchesin Duilio", "Address": "S. Andrea 398", "Location": "Chioggia", "section": "COMMERCIO E INDUSTRIA", "Role": "Panifici", "page_num": "513", "nom_classification": "outside_venice", "is_provincia": true, "provincia_town": "chioggia", "geocoding_tier": "5f", "match_confidence": "nominatim_provincia_flagged", "match_note": "Nominatim provincia: S. Andrea 398, Chioggia, Italy | type=pedestrian class=highway | FLAGGED", "nominatim_query": "S. Andrea 398, Chioggia, Italy", "nominatim_flagged": true, "matched_lat": 45.2213194, "matched_lon": 12.2799813 }, "geometry": { "type": "Point", "coordinates": [ 12.2799813, 45.2213194 ] } },
{ "type": "Feature", "properties": { "Name": "Zarralo Angela", "Address": "S. Andrea 109", "Location": "Chioggia", "section": "COMMERCIO E INDUSTRIA", "Role": "Panifici", "page_num": "513", "nom_classification": "outside_venice", "is_provincia": true, "provincia_town": "chioggia", "geocoding_tier": "5f", "match_confidence": "nominatim_provincia_flagged", "match_note": "Nominatim provincia: S. Andrea 109, Chioggia, Italy | type=pedestrian class=highway | FLAGGED", "nominatim_query": "S. Andrea 109, Chioggia, Italy", "nominatim_flagged": true, "matched_lat": 45.2213194, "matched_lon": 12.2799813 }, "geometry": { "type": "Point", "coordinates": [ 12.2799813, 45.2213194 ] } },
{ "type": "Feature", "properties": { "Name": "Salgavo Domenico", "Address": "S. Andrea 267", "Location": "Chioggia", "section": "COMMERCIO E INDUSTRIA", "Role": "Panifici", "page_num": "513", "nom_classification": "outside_venice", "is_provincia": true, "provincia_town": "chioggia", "geocoding_tier": "5f", "match_confidence": "nominatim_provincia_flagged", "match_note": "Nominatim provincia: S. Andrea 267, Chioggia, Italy | type=pedestrian class=highway | FLAGGED", "nominatim_query": "S. Andrea 267, Chioggia, Italy", "nominatim_flagged": true, "matched_lat": 45.2213194, "matched_lon": 12.2799813 }, "geometry": { "type": "Point", "coordinates": [ 12.2799813, 45.2213194 ] } },
{ "type": "Feature", "properties": { "Name": "Duveri Arruro", "Address": "Corso del Popolo 1315", "Location": "Chioggia", "section": "COMMERCIO E INDUSTRIA", "Role": "Parrucchieri per signora", "page_num": "513", "nom_classification": "outside_venice", "is_provincia": true, "provincia_town": "chioggia", "geocoding_tier": "5f", "match_confidence": "nominatim_provincia_flagged", "match_note": "Nominatim provincia: Corso del Popolo 1315, Chioggia, Italy | type=living_street class=highway | FLAGGED", "nominatim_query": "Corso del Popolo 1315, Chioggia, Italy", "nominatim_flagged": true, "matched_lat": 45.2213296, "matched_lon": 12.2795819 }, "geometry": { "type": "Point", "coordinates": [ 12.2795819, 45.2213296 ] } },
{ "type": "Feature", "properties": { "Name": "Via XXII Marzo", "Address": " 2288", "Location": "Venezia", "section": "COMMERCIO E INDUSTRIA", "Role": "Forniture completo MODILI o ACCESSORI per UFFICIO, duse.", "page_num": "513", "nom_classification": "outside_venice", "is_provincia": true, "provincia_town": "venezia", "geocoding_tier": "5f", "match_confidence": "nominatim_provincia_flagged", "match_note": "Nominatim provincia: Via XXII Marzo 2288, Venezia, Italy | type=residential class=highway | FLAGGED", "nominatim_query": "Via XXII Marzo 2288, Venezia, Italy", "nominatim_flagged": true, "matched_lat": 45.4678892, "matched_lon": 9.2086785 }, "geometry": { "type": "Point", "coordinates": [ 9.2086785, 45.4678892 ] } },
{ "type": "Feature", "properties": { "Name": "Fratelli Belligene", "Address": "Riva Vena", "Location": "Venezia", "section": "COMMERCIO E INDUSTRIA", "Role": "Petrolio, benzina (rappresentanti)", "page_num": "514", "nom_classification": "outside_venice", "is_provincia": true, "provincia_town": "venezia", "geocoding_tier": "5f", "match_confidence": "nominatim_provincia_flagged", "match_note": "Nominatim provincia: Riva Vena, Chioggia, Italy | type=pedestrian class=highway | FLAGGED", "nominatim_query": "Riva Vena, Chioggia, Italy", "nominatim_flagged": true, "matched_lat": 45.220533, "matched_lon": 12.2801969 }, "geometry": { "type": "Point", "coordinates": [ 12.2801969, 45.220533 ] } },
{ "type": "Feature", "properties": { "Name": "Brombo Pollione", "Address": "Calle Madonna", "Location": "Venezia", "section": "COMMERCIO E INDUSTRIA", "Role": "Pittori e decoratori", "page_num": "514", "nom_classification": "outside_venice", "is_provincia": true, "provincia_town": "venezia", "geocoding_tier": "5f", "match_confidence": "nominatim_provincia_flagged", "match_note": "Nominatim provincia: Calle Madonna, Venezia, Italy | type=footway class=highway | FLAGGED", "nominatim_query": "Calle Madonna, Venezia, Italy", "nominatim_flagged": true, "matched_lat": 45.4850056, "matched_lon": 12.415966 }, "geometry": { "type": "Point", "coordinates": [ 12.415966, 45.4850056 ] } },
{ "type": "Feature", "properties": { "Name": "Buseglin Ceci", "Address": "S. Giacomo 711", "Location": "Venezia", "section": "COMMERCIO E INDUSTRIA", "Role": "Pittori e decoratori", "page_num": "514", "nom_classification": "outside_venice", "is_provincia": true, "provincia_town": "venezia", "geocoding_tier": "5f", "match_confidence": "nominatim_provincia_flagged", "match_note": "Nominatim provincia: S. Giacomo 711, Venezia, Italy | type=isolated_dwelling class=place | FLAGGED", "nominatim_query": "S. Giacomo 711, Venezia, Italy", "nominatim_flagged": true, "matched_lat": 45.7583503, "matched_lon": 12.8558294 }, "geometry": { "type": "Point", "coordinates": [ 12.8558294, 45.7583503 ] } },
{ "type": "Feature", "properties": { "Name": "Pilu Giovanni", "Address": "S. Andrea 1201", "Location": "Venezia", "section": "COMMERCIO E INDUSTRIA", "Role": "Pittori e decoratori", "page_num": "514", "nom_classification": "outside_venice", "is_provincia": true, "provincia_town": "venezia", "geocoding_tier": "5f", "match_confidence": "nominatim_provincia_flagged", "match_note": "Nominatim provincia: S. Andrea 1201, Venezia, Italy | type=pedestrian class=highway | FLAGGED", "nominatim_query": "S. Andrea 1201, Venezia, Italy", "nominatim_flagged": true, "matched_lat": 45.2213194, "matched_lon": 12.2799813 }, "geometry": { "type": "Point", "coordinates": [ 12.2799813, 45.2213194 ] } },
{ "type": "Feature", "properties": { "Name": "Fratelli Mochessi", "Address": "Fond. Canal Lombardo 987", "Location": "Venezia", "section": "COMMERCIO E INDUSTRIA", "Role": "Pittori e decoratori", "page_num": "514", "nom_classification": "outside_venice", "is_provincia": true, "provincia_town": "venezia", "geocoding_tier": "5f", "match_confidence": "nominatim_provincia_flagged", "match_note": "Nominatim provincia: Fondamenta Canal Lombardo 987, Venezia, Italy | type=living_street class=highway | FLAGGED", "nominatim_query": "Fondamenta Canal Lombardo 987, Venezia, Italy", "nominatim_flagged": true, "matched_lat": 45.2216537, "matched_lon": 12.2776836 }, "geometry": { "type": "Point", "coordinates": [ 12.2776836, 45.2216537 ] } },
{ "type": "Feature", "properties": { "Name": "Nordio Pietro", "Address": "S. Giacomo 386", "Location": "Venezia", "section": "COMMERCIO E INDUSTRIA", "Role": "Pittori e decoratori", "page_num": "514", "nom_classification": "outside_venice", "is_provincia": true, "provincia_town": "venezia", "geocoding_tier": "5f", "match_confidence": "nominatim_provincia_flagged", "match_note": "Nominatim provincia: S. Giacomo 386, Venezia, Italy | type=isolated_dwelling class=place | FLAGGED", "nominatim_query": "S. Giacomo 386, Venezia, Italy", "nominatim_flagged": true, "matched_lat": 45.771052, "matched_lon": 12.8585022 }, "geometry": { "type": "Point", "coordinates": [ 12.8585022, 45.771052 ] } },
{ "type": "Feature", "properties": { "Name": "Gianni Ermenegildo", "Address": "S. Giacomo 428", "Location": "Venezia", "section": "COMMERCIO E INDUSTRIA", "Role": "Pittori e decoratori", "page_num": "514", "nom_classification": "outside_venice", "is_provincia": true, "provincia_town": "venezia", "geocoding_tier": "5f", "match_confidence": "nominatim_provincia_flagged", "match_note": "Nominatim provincia: S. Giacomo 428, Venezia, Italy | type=isolated_dwelling class=place | FLAGGED", "nominatim_query": "S. Giacomo 428, Venezia, Italy", "nominatim_flagged": true, "matched_lat": 45.7583503, "matched_lon": 12.8558294 }, "geometry": { "type": "Point", "coordinates": [ 12.8558294, 45.7583503 ] } },
{ "type": "Feature", "properties": { "Name": "Belliem Antonio", "Address": "Duomo 529", "Location": "Venezia", "section": "COMMERCIO E INDUSTRIA", "Role": "Pittori e decoratori", "page_num": "514", "nom_classification": "outside_venice", "is_provincia": true, "provincia_town": "venezia", "geocoding_tier": "5f", "match_confidence": "nominatim_provincia_flagged", "match_note": "Nominatim provincia: Duomo 529, Venezia, Italy | type=living_street class=highway | FLAGGED", "nominatim_query": "Duomo 529, Venezia, Italy", "nominatim_flagged": true, "matched_lat": 45.2175174, "matched_lon": 12.2766967 }, "geometry": { "type": "Point", "coordinates": [ 12.2766967, 45.2175174 ] } },
{ "type": "Feature", "properties": { "Name": "Bucolo Eufemia Todaro", "Address": "Sottomarina 826", "Location": "Venezia", "section": "COMMERCIO E INDUSTRIA", "Role": "Prodotti e comedil alimici", "page_num": "514", "nom_classification": "outside_venice", "is_provincia": true, "provincia_town": "venezia", "geocoding_tier": "5f", "match_confidence": "nominatim_provincia_flagged", "match_note": "Nominatim provincia: Sottomarina 826, Italy | type=suburb class=place | FLAGGED", "nominatim_query": "Sottomarina 826, Italy", "nominatim_flagged": true, "matched_lat": 45.2148983, "matched_lon": 12.2938879 }, "geometry": { "type": "Point", "coordinates": [ 12.2938879, 45.2148983 ] } },
{ "type": "Feature", "properties": { "Name": "Gelbin Angela", "Address": "Sottomarina 990", "Location": "Venezia", "section": "COMMERCIO E INDUSTRIA", "Role": "Prodotti e comedil alimici", "page_num": "514", "nom_classification": "outside_venice", "is_provincia": true, "provincia_town": "venezia", "geocoding_tier": "5f", "match_confidence": "nominatim_provincia_flagged", "match_note": "Nominatim provincia: Sottomarina 990, Italy | type=suburb class=place | FLAGGED", "nominatim_query": "Sottomarina 990, Italy", "nominatim_flagged": true, "matched_lat": 45.2148983, "matched_lon": 12.2938879 }, "geometry": { "type": "Point", "coordinates": [ 12.2938879, 45.2148983 ] } },
{ "type": "Feature", "properties": { "Name": "Belellmo Absalone", "Address": "Fond. Riva Vena", "Location": "Venezia", "section": "COMMERCIO E INDUSTRIA", "Role": "Provedtdori marittimi", "page_num": "514", "nom_classification": "outside_venice", "is_provincia": true, "provincia_town": "venezia", "geocoding_tier": "5f", "match_confidence": "nominatim_provincia_flagged", "match_note": "Nominatim provincia: Fondamenta Riva Vena, Venezia, Italy | type=pedestrian class=highway | FLAGGED", "nominatim_query": "Fondamenta Riva Vena, Venezia, Italy", "nominatim_flagged": true, "matched_lat": 45.220533, "matched_lon": 12.2801969 }, "geometry": { "type": "Point", "coordinates": [ 12.2801969, 45.220533 ] } },
{ "type": "Feature", "properties": { "Name": "Gradara Mario", "Address": "Corso del Popolo 1310", "Location": "Venezia", "section": "COMMERCIO E INDUSTRIA", "Role": "Radio", "page_num": "514", "nom_classification": "outside_venice", "is_provincia": true, "provincia_town": "venezia", "geocoding_tier": "5f", "match_confidence": "nominatim_provincia_flagged", "match_note": "Nominatim provincia: Corso del Popolo 1310, Mestre, Italy | type=tertiary class=highway | FLAGGED", "nominatim_query": "Corso del Popolo 1310, Mestre, Italy", "nominatim_flagged": true, "matched_lat": 45.4849808, "matched_lon": 12.2413593 }, "geometry": { "type": "Point", "coordinates": [ 12.2413593, 45.4849808 ] } },
{ "type": "Feature", "properties": { "Name": "Civiero Marcello", "Address": "Corso do Popolo 111", "Location": "Venezia", "section": "COMMERCIO E INDUSTRIA", "Role": "Rappresentanze", "page_num": "514", "nom_classification": "outside_venice", "is_provincia": true, "provincia_town": "venezia", "geocoding_tier": "5", "match_confidence": "nominatim_provincia", "match_note": "Nominatim provincia: Corso del Popolo 111, Mestre, Italy | type=house class=place", "nominatim_query": "Corso del Popolo 111, Mestre, Italy", "nominatim_flagged": false, "matched_lat": 45.4872207, "matched_lon": 12.2427607 }, "geometry": { "type": "Point", "coordinates": [ 12.2427607, 45.4872207 ] } },
{ "type": "Feature", "properties": { "Name": "Camuffo Giovanni", "Address": "S. Giacomo 357", "Location": "Venezia", "section": "COMMERCIO E INDUSTRIA", "Role": "Remi e corlee", "page_num": "514", "nom_classification": "outside_venice", "is_provincia": true, "provincia_town": "venezia", "geocoding_tier": "5f", "match_confidence": "nominatim_provincia_flagged", "match_note": "Nominatim provincia: S. Giacomo 357, Venezia, Italy | type=isolated_dwelling class=place | FLAGGED", "nominatim_query": "S. Giacomo 357, Venezia, Italy", "nominatim_flagged": true, "matched_lat": 45.7583503, "matched_lon": 12.8558294 }, "geometry": { "type": "Point", "coordinates": [ 12.8558294, 45.7583503 ] } },
{ "type": "Feature", "properties": { "Name": "Moroio Flavio", "Address": "Calle Filippini", "Location": "Venezia", "section": "COMMERCIO E INDUSTRIA", "Role": "Remi e corlee", "page_num": "514", "nom_classification": "outside_venice", "is_provincia": true, "provincia_town": "venezia", "geocoding_tier": "5f", "match_confidence": "nominatim_provincia_flagged", "match_note": "Nominatim provincia: Calle Filippini, Venezia, Italy | type=residential class=highway | FLAGGED", "nominatim_query": "Calle Filippini, Venezia, Italy", "nominatim_flagged": true, "matched_lat": 45.2193417, "matched_lon": 12.2807039 }, "geometry": { "type": "Point", "coordinates": [ 12.2807039, 45.2193417 ] } },
{ "type": "Feature", "properties": { "Name": "Moro Livino", "Address": "Calle Forno Filippini", "Location": "Venezia", "section": "COMMERCIO E INDUSTRIA", "Role": "Remi e corlee", "page_num": "514", "nom_classification": "outside_venice", "is_provincia": true, "provincia_town": "venezia", "geocoding_tier": "5f", "match_confidence": "nominatim_provincia_flagged", "match_note": "Nominatim provincia: Calle Forno Filippini, Venezia, Italy | type=residential class=highway | FLAGGED", "nominatim_query": "Calle Forno Filippini, Venezia, Italy", "nominatim_flagged": true, "matched_lat": 45.219566, "matched_lon": 12.2808071 }, "geometry": { "type": "Point", "coordinates": [ 12.2808071, 45.219566 ] } },
{ "type": "Feature", "properties": { "Name": "Bellemo Maria", "Address": "S. Giacomo 971", "Location": "Venezia", "section": "COMMERCIO E INDUSTRIA", "Role": "Bigattieri", "page_num": "514", "nom_classification": "outside_venice", "is_provincia": true, "provincia_town": "venezia", "geocoding_tier": "5f", "match_confidence": "nominatim_provincia_flagged", "match_note": "Nominatim provincia: S. Giacomo 971, Venezia, Italy | type=isolated_dwelling class=place | FLAGGED", "nominatim_query": "S. Giacomo 971, Venezia, Italy", "nominatim_flagged": true, "matched_lat": 45.7583503, "matched_lon": 12.8558294 }, "geometry": { "type": "Point", "coordinates": [ 12.8558294, 45.7583503 ] } },
{ "type": "Feature", "properties": { "Name": "Camuffo Agostino", "Address": "S. Giacomo 661", "Location": "Venezia", "section": "COMMERCIO E INDUSTRIA", "Role": "Bigattieri", "page_num": "514", "nom_classification": "outside_venice", "is_provincia": true, "provincia_town": "venezia", "geocoding_tier": "5f", "match_confidence": "nominatim_provincia_flagged", "match_note": "Nominatim provincia: S. Giacomo 661, Venezia, Italy | type=isolated_dwelling class=place | FLAGGED", "nominatim_query": "S. Giacomo 661, Venezia, Italy", "nominatim_flagged": true, "matched_lat": 45.7583503, "matched_lon": 12.8558294 }, "geometry": { "type": "Point", "coordinates": [ 12.8558294, 45.7583503 ] } },
{ "type": "Feature", "properties": { "Name": "Camuffo Benirrusta.", "Address": "S. Giacomo 181", "Location": "Venezia", "section": "COMMERCIO E INDUSTRIA", "Role": "Bigattieri", "page_num": "514", "nom_classification": "outside_venice", "is_provincia": true, "provincia_town": "venezia", "geocoding_tier": "5f", "match_confidence": "nominatim_provincia_flagged", "match_note": "Nominatim provincia: S. Giacomo 181, Venezia, Italy | type=isolated_dwelling class=place | FLAGGED", "nominatim_query": "S. Giacomo 181, Venezia, Italy", "nominatim_flagged": true, "matched_lat": 45.771052, "matched_lon": 12.8585022 }, "geometry": { "type": "Point", "coordinates": [ 12.8585022, 45.771052 ] } },
{ "type": "Feature", "properties": { "Name": "Cavallarin Virgilio", "Address": "S. Giacomo 438", "Location": "Venezia", "section": "COMMERCIO E INDUSTRIA", "Role": "Bigattieri", "page_num": "514", "nom_classification": "outside_venice", "is_provincia": true, "provincia_town": "venezia", "geocoding_tier": "5f", "match_confidence": "nominatim_provincia_flagged", "match_note": "Nominatim provincia: S. Giacomo 438, Venezia, Italy | type=isolated_dwelling class=place | FLAGGED", "nominatim_query": "S. Giacomo 438, Venezia, Italy", "nominatim_flagged": true, "matched_lat": 45.7583503, "matched_lon": 12.8558294 }, "geometry": { "type": "Point", "coordinates": [ 12.8558294, 45.7583503 ] } },
{ "type": "Feature", "properties": { "Name": "De Grandis Domenica", "Address": "Duomo 303", "Location": "Venezia", "section": "COMMERCIO E INDUSTRIA", "Role": "Bigattieri", "page_num": "514", "nom_classification": "outside_venice", "is_provincia": true, "provincia_town": "venezia", "geocoding_tier": "5f", "match_confidence": "nominatim_provincia_flagged", "match_note": "Nominatim provincia: Duomo 303, Venezia, Italy | type=living_street class=highway | FLAGGED", "nominatim_query": "Duomo 303, Venezia, Italy", "nominatim_flagged": true, "matched_lat": 45.2175174, "matched_lon": 12.2766967 }, "geometry": { "type": "Point", "coordinates": [ 12.2766967, 45.2175174 ] } },
{ "type": "Feature", "properties": { "Name": "Manderi Giuseppina", "Address": "San Giacomo 715", "Location": "Venezia", "section": "COMMERCIO E INDUSTRIA", "Role": "Bigattieri", "page_num": "514", "nom_classification": "outside_venice", "is_provincia": true, "provincia_town": "venezia", "geocoding_tier": "5f", "match_confidence": "nominatim_provincia_flagged", "match_note": "Nominatim provincia: San Giacomo 715, Venezia, Italy | type=isolated_dwelling class=place | FLAGGED", "nominatim_query": "San Giacomo 715, Venezia, Italy", "nominatim_flagged": true, "matched_lat": 45.7583503, "matched_lon": 12.8558294 }, "geometry": { "type": "Point", "coordinates": [ 12.8558294, 45.7583503 ] } },
{ "type": "Feature", "properties": { "Name": "Marsaro Annabella", "Address": "Duomo 775", "Location": "Venezia", "section": "COMMERCIO E INDUSTRIA", "Role": "Bigattieri", "page_num": "514", "nom_classification": "outside_venice", "is_provincia": true, "provincia_town": "venezia", "geocoding_tier": "5f", "match_confidence": "nominatim_provincia_flagged", "match_note": "Nominatim provincia: Duomo 775, Venezia, Italy | type=residential class=highway | FLAGGED", "nominatim_query": "Duomo 775, Venezia, Italy", "nominatim_flagged": true, "matched_lat": 45.2174233, "matched_lon": 12.2762518 }, "geometry": { "type": "Point", "coordinates": [ 12.2762518, 45.2174233 ] } },
{ "type": "Feature", "properties": { "Name": "Sambo Wanda", "Address": "S. Andrea 734", "Location": "Venezia", "section": "COMMERCIO E INDUSTRIA", "Role": "Bigattieri", "page_num": "514", "nom_classification": "outside_venice", "is_provincia": true, "provincia_town": "venezia", "geocoding_tier": "5f", "match_confidence": "nominatim_provincia_flagged", "match_note": "Nominatim provincia: S. Andrea 734, Venezia, Italy | type=pedestrian class=highway | FLAGGED", "nominatim_query": "S. Andrea 734, Venezia, Italy", "nominatim_flagged": true, "matched_lat": 45.2213194, "matched_lon": 12.2799813 }, "geometry": { "type": "Point", "coordinates": [ 12.2799813, 45.2213194 ] } },
{ "type": "Feature", "properties": { "Name": "Varamoglio Ermenegilda", "Address": "S. Giacomo 460", "Location": "Venezia", "section": "COMMERCIO E INDUSTRIA", "Role": "Bigattieri", "page_num": "514", "nom_classification": "outside_venice", "is_provincia": true, "provincia_town": "venezia", "geocoding_tier": "5f", "match_confidence": "nominatim_provincia_flagged", "match_note": "Nominatim provincia: S. Giacomo 460, Venezia, Italy | type=isolated_dwelling class=place | FLAGGED", "nominatim_query": "S. Giacomo 460, Venezia, Italy", "nominatim_flagged": true, "matched_lat": 45.771052, "matched_lon": 12.8585022 }, "geometry": { "type": "Point", "coordinates": [ 12.8585022, 45.771052 ] } },
{ "type": "Feature", "properties": { "Name": "Varagnolo Giovanna", "Address": "S. Andrea 952", "Location": "Venezia", "section": "COMMERCIO E INDUSTRIA", "Role": "Bigattieri", "page_num": "514", "nom_classification": "outside_venice", "is_provincia": true, "provincia_town": "venezia", "geocoding_tier": "5f", "match_confidence": "nominatim_provincia_flagged", "match_note": "Nominatim provincia: S. Andrea 952, Venezia, Italy | type=pedestrian class=highway | FLAGGED", "nominatim_query": "S. Andrea 952, Venezia, Italy", "nominatim_flagged": true, "matched_lat": 45.2213194, "matched_lon": 12.2799813 }, "geometry": { "type": "Point", "coordinates": [ 12.2799813, 45.2213194 ] } },
{ "type": "Feature", "properties": { "Name": "Scarapi Ettore", "Address": "Fondamenta Canal Lombardo", "Location": "Venezia", "section": "COMMERCIO E INDUSTRIA", "Role": "Rottami ferro", "page_num": "514", "nom_classification": "outside_venice", "is_provincia": true, "provincia_town": "venezia", "geocoding_tier": "5f", "match_confidence": "nominatim_provincia_flagged", "match_note": "Nominatim provincia: Fondamenta Canal Lombardo, Venezia, Italy | type=living_street class=highway | FLAGGED", "nominatim_query": "Fondamenta Canal Lombardo, Venezia, Italy", "nominatim_flagged": true, "matched_lat": 45.2216537, "matched_lon": 12.2776836 }, "geometry": { "type": "Point", "coordinates": [ 12.2776836, 45.2216537 ] } },
{ "type": "Feature", "properties": { "Name": "Gino Pian", "Address": "Strada S. Andrea", "Location": "Venezia", "section": "COMMERCIO E INDUSTRIA", "Role": "Spedizioni e Trasporti", "page_num": "514", "nom_classification": "outside_venice", "is_provincia": true, "provincia_town": "venezia", "geocoding_tier": "5f", "match_confidence": "nominatim_provincia_flagged", "match_note": "Nominatim provincia: Strada S. Andrea, Venezia, Italy | type=unclassified class=highway | FLAGGED", "nominatim_query": "Strada S. Andrea, Venezia, Italy", "nominatim_flagged": true, "matched_lat": 45.6406484, "matched_lon": 13.7571068 }, "geometry": { "type": "Point", "coordinates": [ 13.7571068, 45.6406484 ] } },
{ "type": "Feature", "properties": { "Name": "Dubgheri Filiketron", "Address": "Riva Vena", "Location": "Venezia", "section": "COMMERCIO E INDUSTRIA", "Role": "Tabacchi", "page_num": "514", "nom_classification": "outside_venice", "is_provincia": true, "provincia_town": "venezia", "geocoding_tier": "5f", "match_confidence": "nominatim_provincia_flagged", "match_note": "Nominatim provincia: Riva Vena, Venezia, Italy | type=pedestrian class=highway | FLAGGED", "nominatim_query": "Riva Vena, Venezia, Italy", "nominatim_flagged": true, "matched_lat": 45.220533, "matched_lon": 12.2801969 }, "geometry": { "type": "Point", "coordinates": [ 12.2801969, 45.220533 ] } },
{ "type": "Feature", "properties": { "Name": "Bellemo Guido", "Address": "Fondamenta Vena", "Location": "Venezia", "section": "COMMERCIO E INDUSTRIA", "Role": "Tabacchi", "page_num": "514", "nom_classification": "outside_venice", "is_provincia": true, "provincia_town": "venezia", "geocoding_tier": "5f", "match_confidence": "nominatim_provincia_flagged", "match_note": "Nominatim provincia: Fondamenta Vena, Venezia, Italy | type=pedestrian class=highway | FLAGGED", "nominatim_query": "Fondamenta Vena, Venezia, Italy", "nominatim_flagged": true, "matched_lat": 45.2214359, "matched_lon": 12.2805985 }, "geometry": { "type": "Point", "coordinates": [ 12.2805985, 45.2214359 ] } },
{ "type": "Feature", "properties": { "Name": "Pezze Dante", "Address": "Fondamenta Vena", "Location": "Venezia", "section": "COMMERCIO E INDUSTRIA", "Role": "Tabacchi", "page_num": "514", "nom_classification": "outside_venice", "is_provincia": true, "provincia_town": "venezia", "geocoding_tier": "5f", "match_confidence": "nominatim_provincia_flagged", "match_note": "Nominatim provincia: Fondamenta Vena, Venezia, Italy | type=pedestrian class=highway | FLAGGED", "nominatim_query": "Fondamenta Vena, Venezia, Italy", "nominatim_flagged": true, "matched_lat": 45.2214359, "matched_lon": 12.2805985 }, "geometry": { "type": "Point", "coordinates": [ 12.2805985, 45.2214359 ] } },
{ "type": "Feature", "properties": { "Name": "Bosolo Maria Cequiom", "Address": "Spiaggia 25", "Location": "Venezia", "section": "COMMERCIO E INDUSTRIA", "Role": "Tessuti (manifatture - confezioni)", "page_num": "514", "nom_classification": "outside_venice", "is_provincia": true, "provincia_town": "venezia", "geocoding_tier": "5f", "match_confidence": "nominatim_provincia_flagged", "match_note": "Nominatim provincia: Spiaggia 25, Venezia, Italy | type=hamlet class=place | FLAGGED", "nominatim_query": "Spiaggia 25, Venezia, Italy", "nominatim_flagged": true, "matched_lat": 45.6356788, "matched_lon": 13.050885 }, "geometry": { "type": "Point", "coordinates": [ 13.050885, 45.6356788 ] } },
{ "type": "Feature", "properties": { "Name": "Cantonini Angelo", "Address": "S. Giacomo 1", "Location": "Venezia", "section": "COMMERCIO E INDUSTRIA", "Role": "Tessuti (manifatture - confezioni)", "page_num": "514", "nom_classification": "outside_venice", "is_provincia": true, "provincia_town": "venezia", "geocoding_tier": "5", "match_confidence": "nominatim_provincia", "match_note": "Nominatim provincia: S. Giacomo 1, Venezia, Italy | type=house class=place", "nominatim_query": "S. Giacomo 1, Venezia, Italy", "nominatim_flagged": false, "matched_lat": 45.7749308, "matched_lon": 12.8545826 }, "geometry": { "type": "Point", "coordinates": [ 12.8545826, 45.7749308 ] } },
{ "type": "Feature", "properties": { "Name": "Cavallarin Dublo", "Address": "Duomo 287", "Location": "Venezia", "section": "COMMERCIO E INDUSTRIA", "Role": "Tessuti (manifatture - confezioni)", "page_num": "514", "nom_classification": "outside_venice", "is_provincia": true, "provincia_town": "venezia", "geocoding_tier": "5f", "match_confidence": "nominatim_provincia_flagged", "match_note": "Nominatim provincia: Duomo 287, Venezia, Italy | type=living_street class=highway | FLAGGED", "nominatim_query": "Duomo 287, Venezia, Italy", "nominatim_flagged": true, "matched_lat": 45.2175174, "matched_lon": 12.2766967 }, "geometry": { "type": "Point", "coordinates": [ 12.2766967, 45.2175174 ] } },
{ "type": "Feature", "properties": { "Name": "Via XXII Marzo", "Address": " 2288", "Location": "Venezia", "section": "COMMERCIO E INDUSTRIA", "Role": "Macchine per scrivere - Calcolatrici - Duplicatori, VENEZIA", "page_num": "514", "nom_classification": "outside_venice", "is_provincia": true, "provincia_town": "venezia", "geocoding_tier": "5f", "match_confidence": "nominatim_provincia_flagged", "match_note": "Nominatim provincia: Via XXII Marzo 2288, Venezia, Italy | type=residential class=highway | FLAGGED", "nominatim_query": "Via XXII Marzo 2288, Venezia, Italy", "nominatim_flagged": true, "matched_lat": 45.4678892, "matched_lon": 9.2086785 }, "geometry": { "type": "Point", "coordinates": [ 9.2086785, 45.4678892 ] } },
{ "type": "Feature", "properties": { "Name": "", "Address": "Via Dauli", "Location": "Dolo", "section": "OSPEDALI", "Role": "Ospedale Civile", "page_num": "519", "nom_classification": "outside_venice", "is_provincia": true, "provincia_town": "dolo", "geocoding_tier": "5f", "match_confidence": "nominatim_provincia_flagged", "match_note": "Nominatim provincia: Via Dauli, Dolo, Italy | type=residential class=highway | FLAGGED", "nominatim_query": "Via Dauli, Dolo, Italy", "nominatim_flagged": true, "matched_lat": 45.4226006, "matched_lon": 12.0722815 }, "geometry": { "type": "Point", "coordinates": [ 12.0722815, 45.4226006 ] } },
{ "type": "Feature", "properties": { "Name": "", "Address": "Via Garibaldi", "Location": "Dolo", "section": "ISTITUZIONE DI BENEFICENZA", "Role": "Casa di Ricovero", "page_num": "519", "nom_classification": "outside_venice", "is_provincia": true, "provincia_town": "dolo", "geocoding_tier": "5f", "match_confidence": "nominatim_provincia_flagged", "match_note": "Nominatim provincia: Via Garibaldi, Dolo, Italy | type=residential class=highway | FLAGGED", "nominatim_query": "Via Garibaldi, Dolo, Italy", "nominatim_flagged": true, "matched_lat": 45.4226702, "matched_lon": 12.0755413 }, "geometry": { "type": "Point", "coordinates": [ 12.0755413, 45.4226702 ] } },
{ "type": "Feature", "properties": { "Name": "", "Address": "Via Cairoli", "Location": "Dolo", "section": "ISTITUZIONE DI BENEFICENZA", "Role": "Piccola Opera di Redenzione", "page_num": "519", "nom_classification": "outside_venice", "is_provincia": true, "provincia_town": "dolo", "geocoding_tier": "5f", "match_confidence": "nominatim_provincia_flagged", "match_note": "Nominatim provincia: Via Cairoli, Dolo, Italy | type=secondary class=highway | FLAGGED", "nominatim_query": "Via Cairoli, Dolo, Italy", "nominatim_flagged": true, "matched_lat": 45.4254562, "matched_lon": 12.074611 }, "geometry": { "type": "Point", "coordinates": [ 12.074611, 45.4254562 ] } },
{ "type": "Feature", "properties": { "Name": "", "Address": "Via Garibaldi", "Location": "Dolo", "section": "ISTITUZIONE DI BENEFICENZA", "Role": "Asilo Infantile Regim Margherita", "page_num": "519", "nom_classification": "outside_venice", "is_provincia": true, "provincia_town": "dolo", "geocoding_tier": "5f", "match_confidence": "nominatim_provincia_flagged", "match_note": "Nominatim provincia: Via Garibaldi, Dolo, Italy | type=residential class=highway | FLAGGED", "nominatim_query": "Via Garibaldi, Dolo, Italy", "nominatim_flagged": true, "matched_lat": 45.4226702, "matched_lon": 12.0755413 }, "geometry": { "type": "Point", "coordinates": [ 12.0755413, 45.4226702 ] } },
{ "type": "Feature", "properties": { "Name": "", "Address": "Via Cairoli", "Location": "Dolo", "section": "ISTITUZIONI DIVERSE", "Role": "Sale di divertimento, Cine Modernissimo", "page_num": "519", "nom_classification": "outside_venice", "is_provincia": true, "provincia_town": "dolo", "geocoding_tier": "5f", "match_confidence": "nominatim_provincia_flagged", "match_note": "Nominatim provincia: Via Cairoli, Dolo, Italy | type=secondary class=highway | FLAGGED", "nominatim_query": "Via Cairoli, Dolo, Italy", "nominatim_flagged": true, "matched_lat": 45.4254562, "matched_lon": 12.074611 }, "geometry": { "type": "Point", "coordinates": [ 12.074611, 45.4254562 ] } },
{ "type": "Feature", "properties": { "Name": "", "Address": "Via Roma", "Location": "Dolo", "section": "ISTITUZIONI DIVERSE", "Role": "Sale di divertimento, Teatro Sociale", "page_num": "519", "nom_classification": "outside_venice", "is_provincia": true, "provincia_town": "dolo", "geocoding_tier": "5f", "match_confidence": "nominatim_provincia_flagged", "match_note": "Nominatim provincia: Via Roma, Dolo, Italy | type=residential class=highway | FLAGGED", "nominatim_query": "Via Roma, Dolo, Italy", "nominatim_flagged": true, "matched_lat": 46.1726439, "matched_lon": 9.3796147 }, "geometry": { "type": "Point", "coordinates": [ 9.3796147, 46.1726439 ] } },
{ "type": "Feature", "properties": { "Name": "", "Address": "Via Garibaldi", "Location": "Dolo", "section": "ISTITUZIONI DIVERSE", "Role": "Sale di divertimento, Sala Teatrale Moron", "page_num": "519", "nom_classification": "outside_venice", "is_provincia": true, "provincia_town": "dolo", "geocoding_tier": "5f", "match_confidence": "nominatim_provincia_flagged", "match_note": "Nominatim provincia: Via Garibaldi, Dolo, Italy | type=residential class=highway | FLAGGED", "nominatim_query": "Via Garibaldi, Dolo, Italy", "nominatim_flagged": true, "matched_lat": 45.4226702, "matched_lon": 12.0755413 }, "geometry": { "type": "Point", "coordinates": [ 12.0755413, 45.4226702 ] } },
{ "type": "Feature", "properties": { "Name": "Vulcano Giuglielmo e figli", "Address": "Via Dauli", "Location": "Dolo", "section": "COMMERCIO E INDUSTRIA", "Role": "Armi", "page_num": "519", "nom_classification": "outside_venice", "is_provincia": true, "provincia_town": "dolo", "geocoding_tier": "5f", "match_confidence": "nominatim_provincia_flagged", "match_note": "Nominatim provincia: Via Dauli, Dolo, Italy | type=residential class=highway | FLAGGED", "nominatim_query": "Via Dauli, Dolo, Italy", "nominatim_flagged": true, "matched_lat": 45.4226006, "matched_lon": 12.0722815 }, "geometry": { "type": "Point", "coordinates": [ 12.0722815, 45.4226006 ] } },
{ "type": "Feature", "properties": { "Name": "Boato Elso", "Address": "Via Cairoli", "Location": "Dolo", "section": "COMMERCIO E INDUSTRIA", "Role": "Armi", "page_num": "519", "nom_classification": "outside_venice", "is_provincia": true, "provincia_town": "dolo", "geocoding_tier": "5f", "match_confidence": "nominatim_provincia_flagged", "match_note": "Nominatim provincia: Via Cairoli, Dolo, Italy | type=secondary class=highway | FLAGGED", "nominatim_query": "Via Cairoli, Dolo, Italy", "nominatim_flagged": true, "matched_lat": 45.4254562, "matched_lon": 12.074611 }, "geometry": { "type": "Point", "coordinates": [ 12.074611, 45.4254562 ] } },
{ "type": "Feature", "properties": { "Name": "Tornielli Antonio", "Address": "Via Mazzini", "Location": "Dolo", "section": "COMMERCIO E INDUSTRIA", "Role": "Biciclette (Noleggio, riparazioni e accessori)", "page_num": "520", "nom_classification": "outside_venice", "is_provincia": true, "provincia_town": "dolo", "geocoding_tier": "5f", "match_confidence": "nominatim_provincia_flagged", "match_note": "Nominatim provincia: Via Mazzini, Dolo, Italy | type=primary class=highway | FLAGGED", "nominatim_query": "Via Mazzini, Dolo, Italy", "nominatim_flagged": true, "matched_lat": 45.4220669, "matched_lon": 12.0730532 }, "geometry": { "type": "Point", "coordinates": [ 12.0730532, 45.4220669 ] } },
{ "type": "Feature", "properties": { "Name": "Baldan Gino", "Address": " Via Mazzini", "Location": "Dolo", "section": "COMMERCIO E INDUSTRIA", "Role": "Cartolerie ed oggetti di cancelleria", "page_num": "520", "nom_classification": "outside_venice", "is_provincia": true, "provincia_town": "dolo", "geocoding_tier": "5f", "match_confidence": "nominatim_provincia_flagged", "match_note": "Nominatim provincia: Via Mazzini, Dolo, Italy | type=primary class=highway | FLAGGED", "nominatim_query": "Via Mazzini, Dolo, Italy", "nominatim_flagged": true, "matched_lat": 45.4220669, "matched_lon": 12.0730532 }, "geometry": { "type": "Point", "coordinates": [ 12.0730532, 45.4220669 ] } },
{ "type": "Feature", "properties": { "Name": "Piva Albano", "Address": " Via Garibaldi", "Location": "Dolo", "section": "COMMERCIO E INDUSTRIA", "Role": "Colori e vernici", "page_num": "520", "nom_classification": "outside_venice", "is_provincia": true, "provincia_town": "dolo", "geocoding_tier": "5f", "match_confidence": "nominatim_provincia_flagged", "match_note": "Nominatim provincia: Via Garibaldi, Dolo, Italy | type=residential class=highway | FLAGGED", "nominatim_query": "Via Garibaldi, Dolo, Italy", "nominatim_flagged": true, "matched_lat": 45.4226702, "matched_lon": 12.0755413 }, "geometry": { "type": "Point", "coordinates": [ 12.0755413, 45.4226702 ] } },
{ "type": "Feature", "properties": { "Name": "Distribuzione Cellina Dolo", "Address": " Via Vittorio Veneto", "Location": "Dolo", "section": "COMMERCIO E INDUSTRIA", "Role": "Elettricità (Produzione)", "page_num": "520", "nom_classification": "outside_venice", "is_provincia": true, "provincia_town": "dolo", "geocoding_tier": "5f", "match_confidence": "nominatim_provincia_flagged", "match_note": "Nominatim provincia: Via Vittorio Veneto, Dolo, Italy | type=residential class=highway | FLAGGED", "nominatim_query": "Via Vittorio Veneto, Dolo, Italy", "nominatim_flagged": true, "matched_lat": 45.4267161, "matched_lon": 12.0785332 }, "geometry": { "type": "Point", "coordinates": [ 12.0785332, 45.4267161 ] } },
{ "type": "Feature", "properties": { "Name": "Mobilificio Veneto", "Address": "Via Rizzo 27", "Location": "Dolo", "section": "COMMERCIO E INDUSTRIA", "Role": "Mobilificio", "page_num": "521", "nom_classification": "outside_venice", "is_provincia": true, "provincia_town": "dolo", "geocoding_tier": "5f", "match_confidence": "nominatim_provincia_flagged", "match_note": "Nominatim provincia: Via Rizzo 27, Dolo, Italy | type=residential class=highway | FLAGGED", "nominatim_query": "Via Rizzo 27, Dolo, Italy", "nominatim_flagged": true, "matched_lat": 45.4240052, "matched_lon": 12.0759047 }, "geometry": { "type": "Point", "coordinates": [ 12.0759047, 45.4240052 ] } },
{ "type": "Feature", "properties": { "Name": "Bortolín Giuseppe", "Address": "Via Dauli 73", "Location": "Dolo", "section": "COMMERCIO E INDUSTRIA", "Role": "Officine meccaniche", "page_num": "521", "nom_classification": "outside_venice", "is_provincia": true, "provincia_town": "dolo", "geocoding_tier": "5f", "match_confidence": "nominatim_provincia_flagged", "match_note": "Nominatim provincia: Via Dauli 73, Dolo, Italy | type=residential class=highway | FLAGGED", "nominatim_query": "Via Dauli 73, Dolo, Italy", "nominatim_flagged": true, "matched_lat": 45.4238179, "matched_lon": 12.0733335 }, "geometry": { "type": "Point", "coordinates": [ 12.0733335, 45.4238179 ] } },
{ "type": "Feature", "properties": { "Name": "Ferrazzi Ida", "Address": "Via Mazzini 155", "Location": "Dolo", "section": "COMMERCIO E INDUSTRIA", "Role": "Pasticcerie orefellerie", "page_num": "521", "nom_classification": "outside_venice", "is_provincia": true, "provincia_town": "dolo", "geocoding_tier": "5f", "match_confidence": "nominatim_provincia_flagged", "match_note": "Nominatim provincia: Via Mazzini 155, Dolo, Italy | type=primary class=highway | FLAGGED", "nominatim_query": "Via Mazzini 155, Dolo, Italy", "nominatim_flagged": true, "matched_lat": 45.4220669, "matched_lon": 12.0730532 }, "geometry": { "type": "Point", "coordinates": [ 12.0730532, 45.4220669 ] } },
{ "type": "Feature", "properties": { "Name": "Fabris Egidio", "Address": "Via Mazzini", "Location": "Dolo", "section": "COMMERCIO E INDUSTRIA", "Role": "Sartorie", "page_num": "521", "nom_classification": "outside_venice", "is_provincia": true, "provincia_town": "dolo", "geocoding_tier": "5f", "match_confidence": "nominatim_provincia_flagged", "match_note": "Nominatim provincia: Via Mazzini, Dolo, Italy | type=primary class=highway | FLAGGED", "nominatim_query": "Via Mazzini, Dolo, Italy", "nominatim_flagged": true, "matched_lat": 45.4220669, "matched_lon": 12.0730532 }, "geometry": { "type": "Point", "coordinates": [ 12.0730532, 45.4220669 ] } },
{ "type": "Feature", "properties": { "Name": "Gottardò Pietro", "Address": "Via Mazzini", "Location": "Dolo", "section": "COMMERCIO E INDUSTRIA", "Role": "Vini (Negozianti, Produttori)", "page_num": "522", "nom_classification": "outside_venice", "is_provincia": true, "provincia_town": "dolo", "geocoding_tier": "5f", "match_confidence": "nominatim_provincia_flagged", "match_note": "Nominatim provincia: Via Mazzini, Dolo, Italy | type=primary class=highway | FLAGGED", "nominatim_query": "Via Mazzini, Dolo, Italy", "nominatim_flagged": true, "matched_lat": 45.4220669, "matched_lon": 12.0730532 }, "geometry": { "type": "Point", "coordinates": [ 12.0730532, 45.4220669 ] } },
{ "type": "Feature", "properties": { "Name": "Via Brentana", "Address": " 249", "Location": "Mira", "section": "COMMERCIO E INDUSTRIA", "Role": "Cassa di Risparmio di Venezia, Cassa di Risparmio di Venezia", "page_num": "534", "nom_classification": "outside_venice", "is_provincia": true, "provincia_town": "mira", "geocoding_tier": "5f", "match_confidence": "nominatim_provincia_flagged", "match_note": "Nominatim provincia: Via Brentana 249, Mira, Italy | type=primary class=highway | FLAGGED", "nominatim_query": "Via Brentana 249, Mira, Italy", "nominatim_flagged": true, "matched_lat": 45.4336928, "matched_lon": 12.1250188 }, "geometry": { "type": "Point", "coordinates": [ 12.1250188, 45.4336928 ] } },
{ "type": "Feature", "properties": { "Name": "Cassa di Risparmio di Venezia", "Address": " Via Castello Antoo.", "Location": "Mirano", "section": "COMMERCIO E INDUSTRIA", "Role": "Banche", "page_num": "537", "nom_classification": "outside_venice", "is_provincia": true, "provincia_town": "mirano", "geocoding_tier": "5f", "match_confidence": "nominatim_provincia_flagged", "match_note": "Nominatim provincia: Via Castello, Mirano, Italy | type=pedestrian class=highway | FLAGGED", "nominatim_query": "Via Castello, Mirano, Italy", "nominatim_flagged": true, "matched_lat": 45.496263, "matched_lon": 9.1582592 }, "geometry": { "type": "Point", "coordinates": [ 9.1582592, 45.496263 ] } },
{ "type": "Feature", "properties": { "Name": "Via XXII Marzo", "Address": " 2288", "Location": "Venezia", "section": "COMMERCIO E INDUSTRIA", "Role": "Forniture complete MOBILI e ACCESSORI per UFFICIO, d u s e", "page_num": "537", "nom_classification": "outside_venice", "is_provincia": true, "provincia_town": "venezia", "geocoding_tier": "5f", "match_confidence": "nominatim_provincia_flagged", "match_note": "Nominatim provincia: Via XXII Marzo 2288, Venezia, Italy | type=residential class=highway | FLAGGED", "nominatim_query": "Via XXII Marzo 2288, Venezia, Italy", "nominatim_flagged": true, "matched_lat": 45.4678892, "matched_lon": 9.2086785 }, "geometry": { "type": "Point", "coordinates": [ 9.2086785, 45.4678892 ] } },
{ "type": "Feature", "properties": { "Name": "Pavan Umberto", "Address": " Via Roma", "Location": "Mirano", "section": "COMMERCIO E INDUSTRIA", "Role": "Calzature (Negozi)", "page_num": "538", "nom_classification": "outside_venice", "is_provincia": true, "provincia_town": "mirano", "geocoding_tier": "5f", "match_confidence": "nominatim_provincia_flagged", "match_note": "Nominatim provincia: Via Roma, Mirano, Italy | type=residential class=highway | FLAGGED", "nominatim_query": "Via Roma, Mirano, Italy", "nominatim_flagged": true, "matched_lat": 45.4838784, "matched_lon": 12.1049768 }, "geometry": { "type": "Point", "coordinates": [ 12.1049768, 45.4838784 ] } },
{ "type": "Feature", "properties": { "Name": "Andron Piero", "Address": " Via Barche", "Location": "Mirano", "section": "COMMERCIO E INDUSTRIA", "Role": "Macellerie", "page_num": "538", "nom_classification": "outside_venice", "is_provincia": true, "provincia_town": "mirano", "geocoding_tier": "5f", "match_confidence": "nominatim_provincia_flagged", "match_note": "Nominatim provincia: Via Barche, Mirano, Italy | type=residential class=highway | FLAGGED", "nominatim_query": "Via Barche, Mirano, Italy", "nominatim_flagged": true, "matched_lat": 45.4920734, "matched_lon": 12.1124723 }, "geometry": { "type": "Point", "coordinates": [ 12.1124723, 45.4920734 ] } },
{ "type": "Feature", "properties": { "Name": "Borrotetti Antique", "Address": " Via Barche", "Location": "Mirano", "section": "COMMERCIO E INDUSTRIA", "Role": "Macellerie", "page_num": "538", "nom_classification": "outside_venice", "is_provincia": true, "provincia_town": "mirano", "geocoding_tier": "5f", "match_confidence": "nominatim_provincia_flagged", "match_note": "Nominatim provincia: Via Barche, Mirano, Italy | type=residential class=highway | FLAGGED", "nominatim_query": "Via Barche, Mirano, Italy", "nominatim_flagged": true, "matched_lat": 45.4920734, "matched_lon": 12.1124723 }, "geometry": { "type": "Point", "coordinates": [ 12.1124723, 45.4920734 ] } },
{ "type": "Feature", "properties": { "Name": "Bovo Leandro", "Address": " Via Barche", "Location": "Mirano", "section": "COMMERCIO E INDUSTRIA", "Role": "Macellerie", "page_num": "538", "nom_classification": "outside_venice", "is_provincia": true, "provincia_town": "mirano", "geocoding_tier": "5f", "match_confidence": "nominatim_provincia_flagged", "match_note": "Nominatim provincia: Via Barche, Mirano, Italy | type=residential class=highway | FLAGGED", "nominatim_query": "Via Barche, Mirano, Italy", "nominatim_flagged": true, "matched_lat": 45.4920734, "matched_lon": 12.1124723 }, "geometry": { "type": "Point", "coordinates": [ 12.1124723, 45.4920734 ] } },
{ "type": "Feature", "properties": { "Name": "Furlan Luigi", "Address": "Via Roma 24", "Location": "Noale", "section": "COMMERCIO E INDUSTRIA", "Role": "Stalla", "page_num": "543", "nom_classification": "outside_venice", "is_provincia": true, "provincia_town": "noale", "geocoding_tier": "5f", "match_confidence": "nominatim_provincia_flagged", "match_note": "Nominatim provincia: Via Roma 24, Noale, Italy | type=secondary class=highway | FLAGGED", "nominatim_query": "Via Roma 24, Noale, Italy", "nominatim_flagged": true, "matched_lat": 45.5543474, "matched_lon": 12.0297401 }, "geometry": { "type": "Point", "coordinates": [ 12.0297401, 45.5543474 ] } },
{ "type": "Feature", "properties": { "Name": "Milanese Antonio", "Address": "Via Roma", "Location": "Noale", "section": "COMMERCIO E INDUSTRIA", "Role": "Stalla", "page_num": "543", "nom_classification": "outside_venice", "is_provincia": true, "provincia_town": "noale", "geocoding_tier": "5f", "match_confidence": "nominatim_provincia_flagged", "match_note": "Nominatim provincia: Via Roma, Noale, Italy | type=secondary class=highway | FLAGGED", "nominatim_query": "Via Roma, Noale, Italy", "nominatim_flagged": true, "matched_lat": 45.5543474, "matched_lon": 12.0297401 }, "geometry": { "type": "Point", "coordinates": [ 12.0297401, 45.5543474 ] } },
{ "type": "Feature", "properties": { "Name": "De Paola", "Address": "via Mazzini 2", "Location": "Portogruaro", "section": "PROFESSIONISTI", "Role": "Avvocati", "page_num": "547", "nom_classification": "outside_venice", "is_provincia": true, "provincia_town": "portogruaro", "geocoding_tier": "5f", "match_confidence": "nominatim_provincia_flagged", "match_note": "Nominatim provincia: Via Mazzini 2, Portogruaro, Italy | type=pedestrian class=highway | FLAGGED", "nominatim_query": "Via Mazzini 2, Portogruaro, Italy", "nominatim_flagged": true, "matched_lat": 45.7745055, "matched_lon": 12.8359767 }, "geometry": { "type": "Point", "coordinates": [ 12.8359767, 45.7745055 ] } },
{ "type": "Feature", "properties": { "Name": "Tognazzi avv. Roberto", "Address": "vian Cavour 7", "Location": "Portogruaro", "section": "PROFESSIONISTI", "Role": "Avvocati", "page_num": "547", "nom_classification": "outside_venice", "is_provincia": true, "provincia_town": "portogruaro", "geocoding_tier": "5f", "match_confidence": "nominatim_provincia_flagged", "match_note": "Nominatim provincia: Via Cavour 7, Portogruaro, Italy | type=residential class=highway | FLAGGED", "nominatim_query": "Via Cavour 7, Portogruaro, Italy", "nominatim_flagged": true, "matched_lat": 45.7735847, "matched_lon": 12.8364933 }, "geometry": { "type": "Point", "coordinates": [ 12.8364933, 45.7735847 ] } },
{ "type": "Feature", "properties": { "Name": "Scarado dott. Gian Franco", "Address": " Via Garibaldi 38", "Location": "Portogruaro", "section": "PROFESSIONISTI", "Role": "Notaì", "page_num": "548", "nom_classification": "outside_venice", "is_provincia": true, "provincia_town": "portogruaro", "geocoding_tier": "5f", "match_confidence": "nominatim_provincia_flagged", "match_note": "Nominatim provincia: Via Garibaldi 38, Portogruaro, Italy | type=residential class=highway | FLAGGED", "nominatim_query": "Via Garibaldi 38, Portogruaro, Italy", "nominatim_flagged": true, "matched_lat": 45.7773541, "matched_lon": 12.8368315 }, "geometry": { "type": "Point", "coordinates": [ 12.8368315, 45.7773541 ] } },
{ "type": "Feature", "properties": { "Name": "Magr. si comm. Settimio", "Address": " Via Garibaldi 38", "Location": "Portogruaro", "section": "PROFESSIONISTI", "Role": "Notaì", "page_num": "548", "nom_classification": "outside_venice", "is_provincia": true, "provincia_town": "portogruaro", "geocoding_tier": "5f", "match_confidence": "nominatim_provincia_flagged", "match_note": "Nominatim provincia: Via Garibaldi 38, Portogruaro, Italy | type=residential class=highway | FLAGGED", "nominatim_query": "Via Garibaldi 38, Portogruaro, Italy", "nominatim_flagged": true, "matched_lat": 45.7773541, "matched_lon": 12.8368315 }, "geometry": { "type": "Point", "coordinates": [ 12.8368315, 45.7773541 ] } },
{ "type": "Feature", "properties": { "Name": "via Garibaldi", "Address": " 53", "Location": "Portogruaro", "section": "COMMERCIO E INDUSTRIA", "Role": "Armi e munizioni, Fedrizzì Rodolfo", "page_num": "548", "nom_classification": "outside_venice", "is_provincia": true, "provincia_town": "portogruaro", "geocoding_tier": "5f", "match_confidence": "nominatim_provincia_flagged", "match_note": "Nominatim provincia: Via Garibaldi 53, Portogruaro, Italy | type=residential class=highway | FLAGGED", "nominatim_query": "Via Garibaldi 53, Portogruaro, Italy", "nominatim_flagged": true, "matched_lat": 45.7773541, "matched_lon": 12.8368315 }, "geometry": { "type": "Point", "coordinates": [ 12.8368315, 45.7773541 ] } },
{ "type": "Feature", "properties": { "Name": "Iberatì Arnaldo", "Address": "via Vittorio Emanuele", "Location": "Portogruaro", "section": "COMMERCIO E INDUSTRIA", "Role": "Armi e munizioni", "page_num": "548", "nom_classification": "outside_venice", "is_provincia": true, "provincia_town": "portogruaro", "geocoding_tier": "5f", "match_confidence": "nominatim_provincia_flagged", "match_note": "Nominatim provincia: Via Vittorio Emanuele, Portogruaro, Italy | type=residential class=highway | FLAGGED", "nominatim_query": "Via Vittorio Emanuele, Portogruaro, Italy", "nominatim_flagged": true, "matched_lat": 45.7842429, "matched_lon": 12.9098096 }, "geometry": { "type": "Point", "coordinates": [ 12.9098096, 45.7842429 ] } },
{ "type": "Feature", "properties": { "Name": "Paggiaro Achille", "Address": "via Garibaldi", "Location": "Portogruaro", "section": "COMMERCIO E INDUSTRIA", "Role": "Articoli fotografici e ottici", "page_num": "548", "nom_classification": "outside_venice", "is_provincia": true, "provincia_town": "portogruaro", "geocoding_tier": "5f", "match_confidence": "nominatim_provincia_flagged", "match_note": "Nominatim provincia: Via Garibaldi, Portogruaro, Italy | type=residential class=highway | FLAGGED", "nominatim_query": "Via Garibaldi, Portogruaro, Italy", "nominatim_flagged": true, "matched_lat": 45.7773541, "matched_lon": 12.8368315 }, "geometry": { "type": "Point", "coordinates": [ 12.8368315, 45.7773541 ] } },
{ "type": "Feature", "properties": { "Name": "Fogliani Sisto", "Address": "via Garibaldi 31", "Location": "Portogruaro", "section": "COMMERCIO E INDUSTRIA", "Role": "Assicurazioni", "page_num": "548", "nom_classification": "outside_venice", "is_provincia": true, "provincia_town": "portogruaro", "geocoding_tier": "5f", "match_confidence": "nominatim_provincia_flagged", "match_note": "Nominatim provincia: Via Garibaldi 31, Portogruaro, Italy | type=residential class=highway | FLAGGED", "nominatim_query": "Via Garibaldi 31, Portogruaro, Italy", "nominatim_flagged": true, "matched_lat": 45.7773541, "matched_lon": 12.8368315 }, "geometry": { "type": "Point", "coordinates": [ 12.8368315, 45.7773541 ] } },
{ "type": "Feature", "properties": { "Name": "La Rocca Ermano", "Address": "via Cavour 7", "Location": "Portogruaro", "section": "COMMERCIO E INDUSTRIA", "Role": "Assicurazioni", "page_num": "548", "nom_classification": "outside_venice", "is_provincia": true, "provincia_town": "portogruaro", "geocoding_tier": "5f", "match_confidence": "nominatim_provincia_flagged", "match_note": "Nominatim provincia: Via Cavour 7, Portogruaro, Italy | type=residential class=highway | FLAGGED", "nominatim_query": "Via Cavour 7, Portogruaro, Italy", "nominatim_flagged": true, "matched_lat": 45.7735847, "matched_lon": 12.8364933 }, "geometry": { "type": "Point", "coordinates": [ 12.8364933, 45.7735847 ] } },
{ "type": "Feature", "properties": { "Name": "Banca Cattolica ss. Stefano", "Address": "via Vitt: E.m.", "Location": "Portogruaro", "section": "COMMERCIO E INDUSTRIA", "Role": "Banche", "page_num": "548", "nom_classification": "outside_venice", "is_provincia": true, "provincia_town": "portogruaro", "geocoding_tier": "5f", "match_confidence": "nominatim_provincia_flagged", "match_note": "Nominatim provincia: Via Vittorio Emanuele, Portogruaro, Italy | type=residential class=highway | FLAGGED", "nominatim_query": "Via Vittorio Emanuele, Portogruaro, Italy", "nominatim_flagged": true, "matched_lat": 45.7842429, "matched_lon": 12.9098096 }, "geometry": { "type": "Point", "coordinates": [ 12.9098096, 45.7842429 ] } },
{ "type": "Feature", "properties": { "Name": "Banca del Friuli", "Address": "via Vitt. Em. 333", "Location": "Portogruaro", "section": "COMMERCIO E INDUSTRIA", "Role": "Banche", "page_num": "548", "nom_classification": "outside_venice", "is_provincia": true, "provincia_town": "portogruaro", "geocoding_tier": "5f", "match_confidence": "nominatim_provincia_flagged", "match_note": "Nominatim provincia: Via Vittorio Emanuele 333, Portogruaro, Italy | type=tertiary class=highway | FLAGGED", "nominatim_query": "Via Vittorio Emanuele 333, Portogruaro, Italy", "nominatim_flagged": true, "matched_lat": 45.7903693, "matched_lon": 12.9089895 }, "geometry": { "type": "Point", "coordinates": [ 12.9089895, 45.7903693 ] } },
{ "type": "Feature", "properties": { "Name": "Banca Popolare Coop", "Address": " di Novara via Vitt. Emanuele", "Location": "Portogruaro", "section": "COMMERCIO E INDUSTRIA", "Role": "Banche", "page_num": "548", "nom_classification": "outside_venice", "is_provincia": true, "provincia_town": "portogruaro", "geocoding_tier": "5f", "match_confidence": "nominatim_provincia_flagged", "match_note": "Nominatim provincia: Via Vittorio Emanuele, Portogruaro, Italy | type=residential class=highway | FLAGGED", "nominatim_query": "Via Vittorio Emanuele, Portogruaro, Italy", "nominatim_flagged": true, "matched_lat": 45.7842429, "matched_lon": 12.9098096 }, "geometry": { "type": "Point", "coordinates": [ 12.9098096, 45.7842429 ] } },
{ "type": "Feature", "properties": { "Name": "Cassa di Risparmio di Venezia", "Address": "Via Roma", "Location": "Portogruaro", "section": "COMMERCIO E INDUSTRIA", "Role": "Banche", "page_num": "548", "nom_classification": "outside_venice", "is_provincia": true, "provincia_town": "portogruaro", "geocoding_tier": "5f", "match_confidence": "nominatim_provincia_flagged", "match_note": "Nominatim provincia: Via Roma, Portogruaro, Italy | type=pedestrian class=highway | FLAGGED", "nominatim_query": "Via Roma, Portogruaro, Italy", "nominatim_flagged": true, "matched_lat": 45.7765872, "matched_lon": 12.8367358 }, "geometry": { "type": "Point", "coordinates": [ 12.8367358, 45.7765872 ] } },
{ "type": "Feature", "properties": { "Name": "Sguario Umberto", "Address": "Via S. A. ese 10", "Location": "Annone Veneto", "section": "COMMERCIO E INDUSTRIA", "Role": "Carrozzerie", "page_num": "549", "nom_classification": "outside_venice", "is_provincia": true, "provincia_town": "annone veneto", "geocoding_tier": "5f", "match_confidence": "nominatim_provincia_flagged", "match_note": "Nominatim provincia: Via Sant'Antonio 10, Annone Veneto, Italy | type=tertiary class=highway | FLAGGED", "nominatim_query": "Via Sant'Antonio 10, Annone Veneto, Italy", "nominatim_flagged": true, "matched_lat": 45.8002522, "matched_lon": 12.6839122 }, "geometry": { "type": "Point", "coordinates": [ 12.6839122, 45.8002522 ] } },
{ "type": "Feature", "properties": { "Name": "Bastoni Beatrice", "Address": "Via Molin", "Location": "Annone Veneto", "section": "COMMERCIO E INDUSTRIA", "Role": "Cereali, farine e granaglie", "page_num": "549", "nom_classification": "outside_venice", "is_provincia": true, "provincia_town": "annone veneto", "geocoding_tier": "5f", "match_confidence": "nominatim_provincia_flagged", "match_note": "Nominatim provincia: Via Molin, Annone Veneto, Italy | type=tertiary class=highway | FLAGGED", "nominatim_query": "Via Molin, Annone Veneto, Italy", "nominatim_flagged": true, "matched_lat": 45.7922876, "matched_lon": 12.7051658 }, "geometry": { "type": "Point", "coordinates": [ 12.7051658, 45.7922876 ] } },
{ "type": "Feature", "properties": { "Name": "Trevisan Pietro", "Address": "Via Garibaldi 23", "Location": "Venezia", "section": "COMMERCIO E INDUSTRIA", "Role": "Lisci", "page_num": "550", "nom_classification": "outside_venice", "is_provincia": true, "provincia_town": "venezia", "geocoding_tier": "5", "match_confidence": "nominatim_provincia", "match_note": "Nominatim provincia: Via Garibaldi 23, Venezia, Italy | type=house class=place", "nominatim_query": "Via Garibaldi 23, Venezia, Italy", "nominatim_flagged": false, "matched_lat": 46.0770138, "matched_lon": 12.7781932 }, "geometry": { "type": "Point", "coordinates": [ 12.7781932, 46.0770138 ] } },
{ "type": "Feature", "properties": { "Name": "filiale di Portogruaro", "Address": " Via San Nicolò", "Location": "Venezia", "section": "COMMERCIO E INDUSTRIA", "Role": "Macchine Agricole, Consorzio Agrario di Venezia e Provincia", "page_num": "550", "nom_classification": "outside_venice", "is_provincia": true, "provincia_town": "venezia", "geocoding_tier": "5f", "match_confidence": "nominatim_provincia_flagged", "match_note": "Nominatim provincia: Via San Nicolò, Portogruaro, Italy | type=residential class=highway | FLAGGED", "nominatim_query": "Via San Nicolò, Portogruaro, Italy", "nominatim_flagged": true, "matched_lat": 45.7793686, "matched_lon": 12.8366159 }, "geometry": { "type": "Point", "coordinates": [ 12.8366159, 45.7793686 ] } },
{ "type": "Feature", "properties": { "Name": " Bert Ernesto", "Address": "Via Vittorio Emanuele", "Location": "Venezia", "section": "COMMERCIO E INDUSTRIA", "Role": "Manifatture", "page_num": "550", "nom_classification": "outside_venice", "is_provincia": true, "provincia_town": "venezia", "geocoding_tier": "5f", "match_confidence": "nominatim_provincia_flagged", "match_note": "Nominatim provincia: Via Vittorio Emanuele, Venezia, Italy | type=pedestrian class=highway | FLAGGED", "nominatim_query": "Via Vittorio Emanuele, Venezia, Italy", "nominatim_flagged": true, "matched_lat": 45.440263, "matched_lon": 12.3364147 }, "geometry": { "type": "Point", "coordinates": [ 12.3364147, 45.440263 ] } },
{ "type": "Feature", "properties": { "Name": " Cozzarin Alberto", "Address": "Via Vittorio Emanuele", "Location": "Venezia", "section": "COMMERCIO E INDUSTRIA", "Role": "Manifatture", "page_num": "550", "nom_classification": "outside_venice", "is_provincia": true, "provincia_town": "venezia", "geocoding_tier": "5f", "match_confidence": "nominatim_provincia_flagged", "match_note": "Nominatim provincia: Via Vittorio Emanuele, Venezia, Italy | type=pedestrian class=highway | FLAGGED", "nominatim_query": "Via Vittorio Emanuele, Venezia, Italy", "nominatim_flagged": true, "matched_lat": 45.440263, "matched_lon": 12.3364147 }, "geometry": { "type": "Point", "coordinates": [ 12.3364147, 45.440263 ] } },
{ "type": "Feature", "properties": { "Name": " Degami Giobatta", "Address": "Via Vittorio Emanuele", "Location": "Venezia", "section": "COMMERCIO E INDUSTRIA", "Role": "Manifatture", "page_num": "550", "nom_classification": "outside_venice", "is_provincia": true, "provincia_town": "venezia", "geocoding_tier": "5f", "match_confidence": "nominatim_provincia_flagged", "match_note": "Nominatim provincia: Via Vittorio Emanuele, Venezia, Italy | type=pedestrian class=highway | FLAGGED", "nominatim_query": "Via Vittorio Emanuele, Venezia, Italy", "nominatim_flagged": true, "matched_lat": 45.440263, "matched_lon": 12.3364147 }, "geometry": { "type": "Point", "coordinates": [ 12.3364147, 45.440263 ] } },
{ "type": "Feature", "properties": { "Name": " Moro Umberto", "Address": "Via Vittorio Emanuele", "Location": "Venezia", "section": "COMMERCIO E INDUSTRIA", "Role": "Manifatture", "page_num": "550", "nom_classification": "outside_venice", "is_provincia": true, "provincia_town": "venezia", "geocoding_tier": "5f", "match_confidence": "nominatim_provincia_flagged", "match_note": "Nominatim provincia: Via Vittorio Emanuele, Venezia, Italy | type=pedestrian class=highway | FLAGGED", "nominatim_query": "Via Vittorio Emanuele, Venezia, Italy", "nominatim_flagged": true, "matched_lat": 45.440263, "matched_lon": 12.3364147 }, "geometry": { "type": "Point", "coordinates": [ 12.3364147, 45.440263 ] } },
{ "type": "Feature", "properties": { "Name": " Perissin Arturo", "Address": "Via Vittorio Emanuele", "Location": "Venezia", "section": "COMMERCIO E INDUSTRIA", "Role": "Manifatture", "page_num": "550", "nom_classification": "outside_venice", "is_provincia": true, "provincia_town": "venezia", "geocoding_tier": "5f", "match_confidence": "nominatim_provincia_flagged", "match_note": "Nominatim provincia: Via Vittorio Emanuele, Venezia, Italy | type=pedestrian class=highway | FLAGGED", "nominatim_query": "Via Vittorio Emanuele, Venezia, Italy", "nominatim_flagged": true, "matched_lat": 45.440263, "matched_lon": 12.3364147 }, "geometry": { "type": "Point", "coordinates": [ 12.3364147, 45.440263 ] } },
{ "type": "Feature", "properties": { "Name": " Lavisetto Paolo Vittorio", "Address": " Via Vittorio Emanuele 148", "Location": "Venezia", "section": "COMMERCIO E INDUSTRIA", "Role": "Manifatture", "page_num": "550", "nom_classification": "outside_venice", "is_provincia": true, "provincia_town": "venezia", "geocoding_tier": "5f", "match_confidence": "nominatim_provincia_flagged", "match_note": "Nominatim provincia: Via Vittorio Emanuele 148, Venezia, Italy | type=pedestrian class=highway | FLAGGED", "nominatim_query": "Via Vittorio Emanuele 148, Venezia, Italy", "nominatim_flagged": true, "matched_lat": 45.4408297, "matched_lon": 12.3350059 }, "geometry": { "type": "Point", "coordinates": [ 12.3350059, 45.4408297 ] } },
{ "type": "Feature", "properties": { "Name": " Cornier Francesco", "Address": " Via Spalti 3", "Location": "Venezia", "section": "COMMERCIO E INDUSTRIA", "Role": "Mangiaecchi", "page_num": "550", "nom_classification": "outside_venice", "is_provincia": true, "provincia_town": "venezia", "geocoding_tier": "5f", "match_confidence": "nominatim_provincia_flagged", "match_note": "Nominatim provincia: Via Spalti 3, Venezia, Italy | type=residential class=highway | FLAGGED", "nominatim_query": "Via Spalti 3, Venezia, Italy", "nominatim_flagged": true, "matched_lat": 45.4976958, "matched_lon": 12.2438553 }, "geometry": { "type": "Point", "coordinates": [ 12.2438553, 45.4976958 ] } },
{ "type": "Feature", "properties": { "Name": " Vaginetti Dante", "Address": " Via Vittorio Emanuele", "Location": "Venezia", "section": "COMMERCIO E INDUSTRIA", "Role": "Materiale elettrico", "page_num": "550", "nom_classification": "outside_venice", "is_provincia": true, "provincia_town": "venezia", "geocoding_tier": "5f", "match_confidence": "nominatim_provincia_flagged", "match_note": "Nominatim provincia: Via Vittorio Emanuele, Venezia, Italy | type=pedestrian class=highway | FLAGGED", "nominatim_query": "Via Vittorio Emanuele, Venezia, Italy", "nominatim_flagged": true, "matched_lat": 45.440263, "matched_lon": 12.3364147 }, "geometry": { "type": "Point", "coordinates": [ 12.3364147, 45.440263 ] } },
{ "type": "Feature", "properties": { "Name": " Barbino Mario", "Address": " Via Mazzini", "Location": "Venezia", "section": "COMMERCIO E INDUSTRIA", "Role": "Materiale elettrico", "page_num": "550", "nom_classification": "outside_venice", "is_provincia": true, "provincia_town": "venezia", "geocoding_tier": "5f", "match_confidence": "nominatim_provincia_flagged", "match_note": "Nominatim provincia: Via Mazzini, Venezia, Italy | type=residential class=highway | FLAGGED", "nominatim_query": "Via Mazzini, Venezia, Italy", "nominatim_flagged": true, "matched_lat": 45.520524, "matched_lon": 12.1799537 }, "geometry": { "type": "Point", "coordinates": [ 12.1799537, 45.520524 ] } },
{ "type": "Feature", "properties": { "Name": " Forno Moderno", "Address": " Via Garibaldi", "Location": "Venezia", "section": "COMMERCIO E INDUSTRIA", "Role": "Panifici, Falconer Fratelli", "page_num": "550", "nom_classification": "outside_venice", "is_provincia": true, "provincia_town": "venezia", "geocoding_tier": "5f", "match_confidence": "nominatim_provincia_flagged", "match_note": "Nominatim provincia: Via Garibaldi, Venezia, Italy | type=residential class=highway | FLAGGED", "nominatim_query": "Via Garibaldi, Venezia, Italy", "nominatim_flagged": true, "matched_lat": 45.1322395, "matched_lon": 12.0837314 }, "geometry": { "type": "Point", "coordinates": [ 12.0837314, 45.1322395 ] } },
{ "type": "Feature", "properties": { "Name": " Gianatto Pietro", "Address": " Via Garibaldi", "Location": "Venezia", "section": "COMMERCIO E INDUSTRIA", "Role": "Panifici", "page_num": "550", "nom_classification": "outside_venice", "is_provincia": true, "provincia_town": "venezia", "geocoding_tier": "5f", "match_confidence": "nominatim_provincia_flagged", "match_note": "Nominatim provincia: Via Garibaldi, Venezia, Italy | type=residential class=highway | FLAGGED", "nominatim_query": "Via Garibaldi, Venezia, Italy", "nominatim_flagged": true, "matched_lat": 45.1322395, "matched_lon": 12.0837314 }, "geometry": { "type": "Point", "coordinates": [ 12.0837314, 45.1322395 ] } },
{ "type": "Feature", "properties": { "Name": " Giraldo Maria", "Address": " Via Vittorio Emanuele", "Location": "Venezia", "section": "COMMERCIO E INDUSTRIA", "Role": "Panifici", "page_num": "550", "nom_classification": "outside_venice", "is_provincia": true, "provincia_town": "venezia", "geocoding_tier": "5f", "match_confidence": "nominatim_provincia_flagged", "match_note": "Nominatim provincia: Via Vittorio Emanuele, Venezia, Italy | type=pedestrian class=highway | FLAGGED", "nominatim_query": "Via Vittorio Emanuele, Venezia, Italy", "nominatim_flagged": true, "matched_lat": 45.440263, "matched_lon": 12.3364147 }, "geometry": { "type": "Point", "coordinates": [ 12.3364147, 45.440263 ] } },
{ "type": "Feature", "properties": { "Name": " Milaneà Sredi", "Address": " Via Canova", "Location": "Venezia", "section": "COMMERCIO E INDUSTRIA", "Role": "Panifici", "page_num": "550", "nom_classification": "outside_venice", "is_provincia": true, "provincia_town": "venezia", "geocoding_tier": "5f", "match_confidence": "nominatim_provincia_flagged", "match_note": "Nominatim provincia: Via Canova, Venezia, Italy | type=residential class=highway | FLAGGED", "nominatim_query": "Via Canova, Venezia, Italy", "nominatim_flagged": true, "matched_lat": 45.4866097, "matched_lon": 12.1756938 }, "geometry": { "type": "Point", "coordinates": [ 12.1756938, 45.4866097 ] } },
{ "type": "Feature", "properties": { "Name": " U.N.I.C.A", "Address": " Via Vittorio Emanuele", "Location": "Venezia", "section": "COMMERCIO E INDUSTRIA", "Role": "Pasticcerie, Sguizzeri G. Batta", "page_num": "550", "nom_classification": "outside_venice", "is_provincia": true, "provincia_town": "venezia", "geocoding_tier": "5f", "match_confidence": "nominatim_provincia_flagged", "match_note": "Nominatim provincia: Via Vittorio Emanuele, Venezia, Italy | type=pedestrian class=highway | FLAGGED", "nominatim_query": "Via Vittorio Emanuele, Venezia, Italy", "nominatim_flagged": true, "matched_lat": 45.440263, "matched_lon": 12.3364147 }, "geometry": { "type": "Point", "coordinates": [ 12.3364147, 45.440263 ] } },
{ "type": "Feature", "properties": { "Name": " Polo Vito", "Address": " Via Vittorio Emanuele", "Location": "Venezia", "section": "COMMERCIO E INDUSTRIA", "Role": "Pellami", "page_num": "550", "nom_classification": "outside_venice", "is_provincia": true, "provincia_town": "venezia", "geocoding_tier": "5f", "match_confidence": "nominatim_provincia_flagged", "match_note": "Nominatim provincia: Via Vittorio Emanuele, Venezia, Italy | type=pedestrian class=highway | FLAGGED", "nominatim_query": "Via Vittorio Emanuele, Venezia, Italy", "nominatim_flagged": true, "matched_lat": 45.440263, "matched_lon": 12.3364147 }, "geometry": { "type": "Point", "coordinates": [ 12.3364147, 45.440263 ] } },
{ "type": "Feature", "properties": { "Name": " Tauri Fratelli", "Address": " Via Seminario 12", "Location": "Venezia", "section": "COMMERCIO E INDUSTRIA", "Role": "Pallerie", "page_num": "550", "nom_classification": "outside_venice", "is_provincia": true, "provincia_town": "venezia", "geocoding_tier": "5f", "match_confidence": "nominatim_provincia_flagged", "match_note": "Nominatim provincia: Via Seminario 12, Venezia, Italy | type=residential class=highway | FLAGGED", "nominatim_query": "Via Seminario 12, Venezia, Italy", "nominatim_flagged": true, "matched_lat": 45.7756877, "matched_lon": 12.8355134 }, "geometry": { "type": "Point", "coordinates": [ 12.8355134, 45.7756877 ] } },
{ "type": "Feature", "properties": { "Name": " Fabbrica di Perfosfati Società An. Coop.", "Address": " Via Stazione", "Location": "Venezia", "section": "COMMERCIO E INDUSTRIA", "Role": "Prodotti chimici", "page_num": "550", "nom_classification": "outside_venice", "is_provincia": true, "provincia_town": "venezia", "geocoding_tier": "5f", "match_confidence": "nominatim_provincia_flagged", "match_note": "Nominatim provincia: Via Stazione, Venezia, Italy | type=unclassified class=highway | FLAGGED", "nominatim_query": "Via Stazione, Venezia, Italy", "nominatim_flagged": true, "matched_lat": 45.7803699, "matched_lon": 12.8353875 }, "geometry": { "type": "Point", "coordinates": [ 12.8353875, 45.7803699 ] } },
{ "type": "Feature", "properties": { "Name": "Vaginetti Dante", "Address": "Via Vittorio Emanuele 582", "Location": "Venezia", "section": "COMMERCIO E INDUSTRIA", "Role": "Radio", "page_num": "550", "nom_classification": "outside_venice", "is_provincia": true, "provincia_town": "venezia", "geocoding_tier": "5f", "match_confidence": "nominatim_provincia_flagged", "match_note": "Nominatim provincia: Via Vittorio Emanuele 582, Venezia, Italy | type=pedestrian class=highway | FLAGGED", "nominatim_query": "Via Vittorio Emanuele 582, Venezia, Italy", "nominatim_flagged": true, "matched_lat": 45.440263, "matched_lon": 12.3364147 }, "geometry": { "type": "Point", "coordinates": [ 12.3364147, 45.440263 ] } },
{ "type": "Feature", "properties": { "Name": "Liberati Arnaldo", "Address": " Via Vittorio Emanuele", "Location": "Venezia", "section": "COMMERCIO E INDUSTRIA", "Role": "Terrazle", "page_num": "550", "nom_classification": "outside_venice", "is_provincia": true, "provincia_town": "venezia", "geocoding_tier": "5f", "match_confidence": "nominatim_provincia_flagged", "match_note": "Nominatim provincia: Via Vittorio Emanuele, Venezia, Italy | type=pedestrian class=highway | FLAGGED", "nominatim_query": "Via Vittorio Emanuele, Venezia, Italy", "nominatim_flagged": true, "matched_lat": 45.440263, "matched_lon": 12.3364147 }, "geometry": { "type": "Point", "coordinates": [ 12.3364147, 45.440263 ] } },
{ "type": "Feature", "properties": { "Name": "Persani Olinto fu Domenico", "Address": " Via Vittorio Emanuele", "Location": "Venezia", "section": "COMMERCIO E INDUSTRIA", "Role": "Terrazle", "page_num": "550", "nom_classification": "outside_venice", "is_provincia": true, "provincia_town": "venezia", "geocoding_tier": "5f", "match_confidence": "nominatim_provincia_flagged", "match_note": "Nominatim provincia: Via Vittorio Emanuele, Venezia, Italy | type=pedestrian class=highway | FLAGGED", "nominatim_query": "Via Vittorio Emanuele, Venezia, Italy", "nominatim_flagged": true, "matched_lat": 45.440263, "matched_lon": 12.3364147 }, "geometry": { "type": "Point", "coordinates": [ 12.3364147, 45.440263 ] } },
{ "type": "Feature", "properties": { "Name": "Padojazzo D'Andrea Giuseppe", "Address": "Via Pescheria", "Location": "Portogruaro", "section": "COMMERCIO E INDUSTRIA", "Role": "Trattorie e osterie", "page_num": "551", "nom_classification": "outside_venice", "is_provincia": true, "provincia_town": "portogruaro", "geocoding_tier": "5f", "match_confidence": "nominatim_provincia_flagged", "match_note": "Nominatim provincia: Via Pescheria, Portogruaro, Italy | type=footway class=highway | FLAGGED", "nominatim_query": "Via Pescheria, Portogruaro, Italy", "nominatim_flagged": true, "matched_lat": 45.7757883, "matched_lon": 12.837255 }, "geometry": { "type": "Point", "coordinates": [ 12.837255, 45.7757883 ] } },
{ "type": "Feature", "properties": { "Name": "Dosenged: Pia", "Address": "Via Vittorio Emanuele", "Location": "Portogruaro", "section": "COMMERCIO E INDUSTRIA", "Role": "Trattorie e osterie", "page_num": "551", "nom_classification": "outside_venice", "is_provincia": true, "provincia_town": "portogruaro", "geocoding_tier": "5f", "match_confidence": "nominatim_provincia_flagged", "match_note": "Nominatim provincia: Via Vittorio Emanuele, Portogruaro, Italy | type=residential class=highway | FLAGGED", "nominatim_query": "Via Vittorio Emanuele, Portogruaro, Italy", "nominatim_flagged": true, "matched_lat": 45.7842429, "matched_lon": 12.9098096 }, "geometry": { "type": "Point", "coordinates": [ 12.9098096, 45.7842429 ] } },
{ "type": "Feature", "properties": { "Name": "Burian Attilio", "Address": "Via Armando Diaz 244", "Location": "Portogruaro", "section": "COMMERCIO E INDUSTRIA", "Role": "Trattorie e osterie", "page_num": "551", "nom_classification": "outside_venice", "is_provincia": true, "provincia_town": "portogruaro", "geocoding_tier": "5f", "match_confidence": "nominatim_provincia_flagged", "match_note": "Nominatim provincia: Via Armando Diaz 244, Portogruaro, Italy | type=unclassified class=highway | FLAGGED", "nominatim_query": "Via Armando Diaz 244, Portogruaro, Italy", "nominatim_flagged": true, "matched_lat": 45.7805506, "matched_lon": 12.8323237 }, "geometry": { "type": "Point", "coordinates": [ 12.8323237, 45.7805506 ] } },
{ "type": "Feature", "properties": { "Name": "Lurisetto Otrino", "Address": "Via Mazzini", "Location": "Portogruaro", "section": "COMMERCIO E INDUSTRIA", "Role": "Trattorie e osterie", "page_num": "551", "nom_classification": "outside_venice", "is_provincia": true, "provincia_town": "portogruaro", "geocoding_tier": "5f", "match_confidence": "nominatim_provincia_flagged", "match_note": "Nominatim provincia: Via Mazzini, Portogruaro, Italy | type=pedestrian class=highway | FLAGGED", "nominatim_query": "Via Mazzini, Portogruaro, Italy", "nominatim_flagged": true, "matched_lat": 45.7745055, "matched_lon": 12.8359767 }, "geometry": { "type": "Point", "coordinates": [ 12.8359767, 45.7745055 ] } },
{ "type": "Feature", "properties": { "Name": "Gariboldi Italo", "Address": "Via Vittorio Emanuele 47", "Location": "Portogruaro", "section": "COMMERCIO E INDUSTRIA", "Role": "Trattorie e osterie", "page_num": "551", "nom_classification": "outside_venice", "is_provincia": true, "provincia_town": "portogruaro", "geocoding_tier": "5f", "match_confidence": "nominatim_provincia_flagged", "match_note": "Nominatim provincia: Via Vittorio Emanuele 47, Portogruaro, Italy | type=residential class=highway | FLAGGED", "nominatim_query": "Via Vittorio Emanuele 47, Portogruaro, Italy", "nominatim_flagged": true, "matched_lat": 45.786789, "matched_lon": 12.910241 }, "geometry": { "type": "Point", "coordinates": [ 12.910241, 45.786789 ] } },
{ "type": "Feature", "properties": { "Name": "Moro Angelina", "Address": "Via Vittorio Emanuele", "Location": "Portogruaro", "section": "COMMERCIO E INDUSTRIA", "Role": "Trattorie e osterie", "page_num": "551", "nom_classification": "outside_venice", "is_provincia": true, "provincia_town": "portogruaro", "geocoding_tier": "5f", "match_confidence": "nominatim_provincia_flagged", "match_note": "Nominatim provincia: Via Vittorio Emanuele, Portogruaro, Italy | type=residential class=highway | FLAGGED", "nominatim_query": "Via Vittorio Emanuele, Portogruaro, Italy", "nominatim_flagged": true, "matched_lat": 45.7842429, "matched_lon": 12.9098096 }, "geometry": { "type": "Point", "coordinates": [ 12.9098096, 45.7842429 ] } },
{ "type": "Feature", "properties": { "Name": "Valentino", "Address": "Via Cavour", "Location": "Portogruaro", "section": "COMMERCIO E INDUSTRIA", "Role": "Trattorie e osterie", "page_num": "551", "nom_classification": "outside_venice", "is_provincia": true, "provincia_town": "portogruaro", "geocoding_tier": "5f", "match_confidence": "nominatim_provincia_flagged", "match_note": "Nominatim provincia: Via Cavour, Portogruaro, Italy | type=residential class=highway | FLAGGED", "nominatim_query": "Via Cavour, Portogruaro, Italy", "nominatim_flagged": true, "matched_lat": 45.7735847, "matched_lon": 12.8364933 }, "geometry": { "type": "Point", "coordinates": [ 12.8364933, 45.7735847 ] } },
{ "type": "Feature", "properties": { "Name": "Persici Giovanni", "Address": "Via Roma", "Location": "Portogruaro", "section": "COMMERCIO E INDUSTRIA", "Role": "Trattorie e osterie", "page_num": "551", "nom_classification": "outside_venice", "is_provincia": true, "provincia_town": "portogruaro", "geocoding_tier": "5f", "match_confidence": "nominatim_provincia_flagged", "match_note": "Nominatim provincia: Via Roma, Portogruaro, Italy | type=pedestrian class=highway | FLAGGED", "nominatim_query": "Via Roma, Portogruaro, Italy", "nominatim_flagged": true, "matched_lat": 45.7765872, "matched_lon": 12.8367358 }, "geometry": { "type": "Point", "coordinates": [ 12.8367358, 45.7765872 ] } },
{ "type": "Feature", "properties": { "Name": "Tonicco Vincenzo", "Address": "Via Vittorio Emanuele", "Location": "Portogruaro", "section": "COMMERCIO E INDUSTRIA", "Role": "Trattorie e osterie", "page_num": "551", "nom_classification": "outside_venice", "is_provincia": true, "provincia_town": "portogruaro", "geocoding_tier": "5f", "match_confidence": "nominatim_provincia_flagged", "match_note": "Nominatim provincia: Via Vittorio Emanuele, Portogruaro, Italy | type=residential class=highway | FLAGGED", "nominatim_query": "Via Vittorio Emanuele, Portogruaro, Italy", "nominatim_flagged": true, "matched_lat": 45.7842429, "matched_lon": 12.9098096 }, "geometry": { "type": "Point", "coordinates": [ 12.9098096, 45.7842429 ] } },
{ "type": "Feature", "properties": { "Name": "Battistin Beatrice ved. Molin", "Address": "Via Vittorio Em. 94", "Location": "Portogruaro", "section": "COMMERCIO E INDUSTRIA", "Role": "Uova", "page_num": "551", "nom_classification": "outside_venice", "is_provincia": true, "provincia_town": "portogruaro", "geocoding_tier": "5f", "match_confidence": "nominatim_provincia_flagged", "match_note": "Nominatim provincia: Via Vittorio Em. 94, Portogruaro, Italy | type=tertiary class=highway | FLAGGED", "nominatim_query": "Via Vittorio Em. 94, Portogruaro, Italy", "nominatim_flagged": true, "matched_lat": 45.7903693, "matched_lon": 12.9089895 }, "geometry": { "type": "Point", "coordinates": [ 12.9089895, 45.7903693 ] } },
{ "type": "Feature", "properties": { "Name": "Bon Mario", "Address": "Via Mazzini 3", "Location": "Portogruaro", "section": "COMMERCIO E INDUSTRIA", "Role": "Vini (Negozianti e Produttori)", "page_num": "551", "nom_classification": "outside_venice", "is_provincia": true, "provincia_town": "portogruaro", "geocoding_tier": "5f", "match_confidence": "nominatim_provincia_flagged", "match_note": "Nominatim provincia: Via Mazzini 3, Portogruaro, Italy | type=pedestrian class=highway | FLAGGED", "nominatim_query": "Via Mazzini 3, Portogruaro, Italy", "nominatim_flagged": true, "matched_lat": 45.7745055, "matched_lon": 12.8359767 }, "geometry": { "type": "Point", "coordinates": [ 12.8359767, 45.7745055 ] } },
{ "type": "Feature", "properties": { "Name": "Grillo Ercole", "Address": "Via Vittorio Emanuele", "Location": "Portogruaro", "section": "COMMERCIO E INDUSTRIA", "Role": "Vini (Negozianti e Produttori)", "page_num": "551", "nom_classification": "outside_venice", "is_provincia": true, "provincia_town": "portogruaro", "geocoding_tier": "5f", "match_confidence": "nominatim_provincia_flagged", "match_note": "Nominatim provincia: Via Vittorio Emanuele, Portogruaro, Italy | type=residential class=highway | FLAGGED", "nominatim_query": "Via Vittorio Emanuele, Portogruaro, Italy", "nominatim_flagged": true, "matched_lat": 45.7842429, "matched_lon": 12.9098096 }, "geometry": { "type": "Point", "coordinates": [ 12.9098096, 45.7842429 ] } },
{ "type": "Feature", "properties": { "Name": "Ferrari Fl ilc (F.A.G.) di Antonio Autoservizi pubblici", "Address": " via Garibaldi 4", "Location": "S. Dona' Di Piave", "section": "COMMERCIO E INDUSTRIA", "Role": "Autoservizi", "page_num": "554", "nom_classification": "outside_venice", "is_provincia": true, "provincia_town": "s. dona' di piave", "geocoding_tier": "5f", "match_confidence": "nominatim_provincia_flagged", "match_note": "Nominatim provincia: Via Garibaldi 4, S. Dona' Di Piave, Italy | type=tertiary class=highway | FLAGGED", "nominatim_query": "Via Garibaldi 4, S. Dona' Di Piave, Italy", "nominatim_flagged": true, "matched_lat": 45.6341833, "matched_lon": 12.5633813 }, "geometry": { "type": "Point", "coordinates": [ 12.5633813, 45.6341833 ] } },
{ "type": "Feature", "properties": { "Name": "Cassa di Risparmio di Venezia", "Address": "Via Nazionale", "Location": "S. Michele Al Tagliamento", "section": "COMMERCIO E INDUSTRIA", "Role": "Banone", "page_num": "557", "nom_classification": "outside_venice", "is_provincia": true, "provincia_town": "s. michele al tagliamento", "geocoding_tier": "5f", "match_confidence": "nominatim_provincia_flagged", "match_note": "Nominatim provincia: Via Nazionale, S. Michele Al Tagliamento, Italy | type=secondary class=highway | FLAGGED", "nominatim_query": "Via Nazionale, S. Michele Al Tagliamento, Italy", "nominatim_flagged": true, "matched_lat": 45.7810067, "matched_lon": 12.9786774 }, "geometry": { "type": "Point", "coordinates": [ 12.9786774, 45.7810067 ] } },
{ "type": "Feature", "properties": { "Name": "Stra", "Address": "Via Nazionale", "Location": "Stra", "section": "UFFICI AMMINISTRATIVI", "Role": "Carabinieri", "page_num": "565", "nom_classification": "outside_venice", "is_provincia": true, "provincia_town": "stra", "geocoding_tier": "5f", "match_confidence": "nominatim_provincia_flagged", "match_note": "Nominatim provincia: Via Nazionale, Stra, Italy | type=residential class=highway | FLAGGED", "nominatim_query": "Via Nazionale, Stra, Italy", "nominatim_flagged": true, "matched_lat": 45.4101111, "matched_lon": 12.0083599 }, "geometry": { "type": "Point", "coordinates": [ 12.0083599, 45.4101111 ] } },
{ "type": "Feature", "properties": { "Name": "duse.", "Address": "Via XXII Marzo, 2288 - Telefono 25-889", "Location": "Venezia", "section": "COMMERCIO E INDUSTRIA", "Role": "OFFICINA RIPARAZIONI MACCHINE PER SCRIVERE", "page_num": "565", "nom_classification": "outside_venice", "is_provincia": true, "provincia_town": "venezia", "geocoding_tier": "5f", "match_confidence": "nominatim_provincia_flagged", "match_note": "Nominatim provincia: Via XXII Marzo 2288, Venezia, Italy | type=residential class=highway | FLAGGED", "nominatim_query": "Via XXII Marzo 2288, Venezia, Italy", "nominatim_flagged": true, "matched_lat": 45.4678892, "matched_lon": 9.2086785 }, "geometry": { "type": "Point", "coordinates": [ 9.2086785, 45.4678892 ] } },
{ "type": "Feature", "properties": { "Name": "Via Garibaldi", "Address": " 1762", "Location": "Venezia", "section": "COMMERCIO E INDUSTRIA", "Role": "Calzoleria, Calzoleria di Stra", "page_num": "566", "nom_classification": "outside_venice", "is_provincia": true, "provincia_town": "venezia", "geocoding_tier": "5f", "match_confidence": "nominatim_provincia_flagged", "match_note": "Nominatim provincia: Via Garibaldi 1762, Venezia, Italy | type=residential class=highway | FLAGGED", "nominatim_query": "Via Garibaldi 1762, Venezia, Italy", "nominatim_flagged": true, "matched_lat": 45.1322395, "matched_lon": 12.0837314 }, "geometry": { "type": "Point", "coordinates": [ 12.0837314, 45.1322395 ] } },
{ "type": "Feature", "properties": { "Name": "Calle dei Boteri", "Address": " 1578", "Location": "Venezia", "section": "COMMERCIO E INDUSTRIA", "Role": "Calzoleria", "page_num": "566", "nom_classification": "outside_venice", "is_provincia": true, "provincia_town": "venezia", "geocoding_tier": "5f", "match_confidence": "nominatim_provincia_flagged", "match_note": "Nominatim provincia: Calle dei Boteri 1578, Venezia, Italy | type=pedestrian class=highway | FLAGGED", "nominatim_query": "Calle dei Boteri 1578, Venezia, Italy", "nominatim_flagged": true, "matched_lat": 45.4425356, "matched_lon": 12.34053 }, "geometry": { "type": "Point", "coordinates": [ 12.34053, 45.4425356 ] } },
{ "type": "Feature", "properties": { "Name": "Magistrato alle Acque", "Address": "Via Nazionale Stra", "Location": "Stra", "section": "COMMERCIO E INDUSTRIA", "Role": "Officine meccaniche", "page_num": "566", "nom_classification": "outside_venice", "is_provincia": true, "provincia_town": "stra", "geocoding_tier": "5f", "match_confidence": "nominatim_provincia_flagged", "match_note": "Nominatim provincia: Via Nazionale, Stra, Italy | type=residential class=highway | FLAGGED", "nominatim_query": "Via Nazionale, Stra, Italy", "nominatim_flagged": true, "matched_lat": 45.4101111, "matched_lon": 12.0083599 }, "geometry": { "type": "Point", "coordinates": [ 12.0083599, 45.4101111 ] } },
{ "type": "Feature", "properties": { "Name": "Via XXII Marzo", "Address": " n. 2288", "Location": "Venezia", "section": "COMMERCIO E INDUSTRIA", "Role": "Via XXII Marzo, VENEZIA", "page_num": "566", "nom_classification": "outside_venice", "is_provincia": true, "provincia_town": "venezia", "geocoding_tier": "5f", "match_confidence": "nominatim_provincia_flagged", "match_note": "Nominatim provincia: Via XXII Marzo 2288, Venezia, Italy | type=residential class=highway | FLAGGED", "nominatim_query": "Via XXII Marzo 2288, Venezia, Italy", "nominatim_flagged": true, "matched_lat": 45.4678892, "matched_lon": 9.2086785 }, "geometry": { "type": "Point", "coordinates": [ 9.2086785, 45.4678892 ] } },
{ "type": "Feature", "properties": { "Name": "Via XXII Marzo", "Address": " 2288", "Location": "Venezia", "section": "COMMERCIO E INDUSTRIA", "Role": "Forniture complete MOBILI e ACCESSORI per UFFICIO, duse.", "page_num": "569", "nom_classification": "outside_venice", "is_provincia": true, "provincia_town": "venezia", "geocoding_tier": "5f", "match_confidence": "nominatim_provincia_flagged", "match_note": "Nominatim provincia: Via XXII Marzo 2288, Venezia, Italy | type=residential class=highway | FLAGGED", "nominatim_query": "Via XXII Marzo 2288, Venezia, Italy", "nominatim_flagged": true, "matched_lat": 45.4678892, "matched_lon": 9.2086785 }, "geometry": { "type": "Point", "coordinates": [ 9.2086785, 45.4678892 ] } }
]
}
