category,frequency,canonical_label
Agenzie di trasporto,320,shipping company
Camicerie da uomo,239,men's shirts
Trattorie,184,trattorias
Macchine per scrivere,155,typewriters
Alimentari,136,grocery
cappelano S. Bingio (Chiesa della Marina).,109,religious institution/clergy
Strti da uomo,101,men's clothing
Bar,93,bar
Latterie,85,dairies
medicina generale,81,medical profession
MOBILI e ACCESSORI per UFFICIО,79,office furniture
trattoria,76,trattoria
Forniture complete MOBILI e ACCESSORI per UFFICIO,75,office supplies
OCCASIONI - CAMBI - RICOSTRUZIONI - NOLEGGI,75,ADVERTISEMENT
Specialità veneziane,74,Venetian specialties
alimentari (dett.),71,grocery (retail)
Bottigliere,70,wine merchant
Macchine per scrivere - Calcolatrici - Duplicatori,67,typewriters and calculators
Generi alimentari,66,food products
sarta,65,tailor
Osterie,64,taverns
Refrettari,64,GARBAGE
Sarte,63,seamstresses
Barbieri,60,barbers
osteria,60,tavern
macelleria,58,butcher
ZAGO F.LLI,58,ADVERTISEMENT
Chincaglierie ed affini,56,hardware store
Macellerie,54,butcher
Mestre,54,GARBAGE
Caffe,53,café
Falegnami,53,carpentry
Profumerie,49,perfumery
AGENZIA P. BORTOLUZZI,49,ADVERTISEMENT
AFFITTANO APPARTAMENTI,49,ADVERTISEMENT
Barili,47,GARBAGE
barbiere,47,barber
Imprese ed appalti vari,45,construction trade
Tabaccherie,45,tobacco shop
Colorificio Veneziano,44,paint store
Articoli casalinghi e oggetti diversi,43,household goods
prodotti chimici,43,chemical products
"Oreficerie, Gioiellerie",42,jewelry store
Panifici,42,bakery
Manifattura pellami e calzature,41,leather and footwear manufacturing
Lingerie e maglierie,41,lingerie and knitwear
Cantieri Navali,39,shipyard
Frutta e verdura GROSSISTI,39,wholesale fruits and vegetables
Oggetti artistici specialità veneziane ed affini,39,artistic objects
impresa edile,39,construction trade
Tessuti,38,Fabrics
Vini (grossisti),38,Wine wholesalers
Commerciale,38,Commercial
Elettricisti e Idraulici,37,Electricians and plumbers
pittore,37,Painter
sarto da uomo,37,Men's tailor
falegname,37,Carpenter
Calzature,36,Footwear
Manifesture,36,ADVERTISEMENT
Scatole,36,Boxes
avvocato,36,Lawyer
Mercerie,35,Notions
Orologerie,35,Watchmaking
CARTA,32,Paper
Compra - vendita Immobili,32,Real estate
Salumi (negozi),32,Delicatessen
Società immobiliari,32,Real estate companies
alimentari,32,Groceries
panificio,32,Bakery
avv.,32,Lawyer
calzature,30,Footwear
Legnami e pali da costruzioni,29,Construction materials
Olii commestibili ed affini,29,Edible oils
Tipografie,29,Printing
"agenzia di viaggi e turismo,Cappellont Aldo",29,Travel agency
Noleggio imbarcazioni,28,Boat rental
Parrucchieri per signora,28,Hairdressers
bottiglieria,28,Liquor store
Decoratori e pittori,27,Decorators and painters
Giocattoli,27,Toys
farmacista,27,Pharmacist
articoli casalinghi,26,Household goods
Case di Cura,25,Nursing homes
Febbri ferrai e meccecini,25,Iron and metal works
"Fiori, piante e sementi",25,Flowers and plants
tessuti confezioni filati,25,Fabrics and yarns
Antichità belle arti,24,Antiques and fine arts
Carboni Fossili e Ligniti,24,Coal and lignite
Materiali per costruzioni edilizie,24,Construction materials
Oggetti usati,24,Used goods
Geometra,24,Surveyor
tabaccheria,24,Tobacco shop
Rappresentanze varie,23,Various representations
spedizioni e trasporti,23,Shipping and transport
latteria,23,Dairy
Elettricità,22,Electricity
COSTRUZIONI EDILI ED AFFINI,22,Construction trade
Istituti di credito,22,Credit institutions
Lavoro,22,Labor
Società di assicurazioni,22,Insurance company
cartoleria,22,stationery
Drogherie,21,grocery
Ferramenta e colori,21,hardware and paint
Fotografie,21,photography
IMPRESA ARTIGIANA,21,artisan business
Prodotti chimici,21,chemical products
RISTORANTE,21,restaurant
Trattoria,21,trattoria
ostetrica,21,midwifery
architetto,21,architect
pasticceria,21,pastry shop
Agenzie marittime,20,shipping agency
DISINFESTAZIONI UNIVERSALI,20,ADVERTISEMENT
Liqouri,20,liquors
Messaggerie,20,messengers
specialità veneziane,20,Venetian specialties
Società immobiliare,20,real estate
Abbigliamento,19,clothing
Caffè (esercizi),19,café
Cantiere Navale,19,shipyard
Elettricità - Idraulica,19,electrical and plumbing
Maglierie,19,knitwear
Recuperi navali,19,naval recovery
bar,19,bar
Assicurazioni,18,insurance
Giornali,18,Newspapers
Modisterie,18,Millinery
Trasporti marittimi con motanavi e motovelieri,18,Maritime transport
rappresentante,18,Sales representative
carbone e legna (dettaglio),18,Coal and wood
decoratore e pittore,18,Decorator and painter
rappresentante generi alimentari,18,Food representative
casa editrice,18,Publishing house
rappresentanze varie,18,Various representations
PENSIONI,17,Boarding houses
oggetti di Cancelleria,17,Stationery
STABILIMENTO GRAFICO,17,Printing establishment
Perle,17,Pearls
Sartorie e confezioni per signora,17,Women's tailoring
SCHEDARI - MOBILI PER UFFICIO - MACCHINE CONTABILI - MACCHINE PER SCRIVERE - DUPLICATORI - ACCESSORI,17,Office supplies
Avvocato,17,Lawyer
Consigliere Municipale,17,Municipal councilor
commercialista,17,Accountant
profumeria,17,Perfumery
carbone e legna,17,Coal and wood
caffè (esercizi),17,Coffee shops
Caffè,16,Coffee
Colori e Vernici,16,Paints and colors
Farmacie,16,Pharmacies
macchinari,16,Machinery
perito,16,expert
Banco di Roma,16,bank
ottica ingegneria fotografia,16,optics engineering photography
Apparecchi e materiale radio,15,radio equipment
Ferramenta e metalli,15,hardware and metals
Consiglio di Amministrazione,15,government/civic institution
assicurazioni,15,insurance
Squerì,15,ADVERTISEMENT
Tappezzieri,15,upholsterers
Vini,15,wines
Osteria,15,tavern
Azienda,15,company
oggetti artistici,15,art objects
Affitti Appartamenti,15,real estate
"Venezia - Via XXII Marzo, 2288, Telephone: 25-889",15,ADVERTISEMENT
Materiale elettrico,14,electrical materials
Agrumi,14,citrus fruits
Caffe (torrefazione),14,coffee roasting
Calzaturifici,14,shoe manufacturing
Carpentieri,14,carpentry
Carta,14,paper
Frutta secca,14,dried fruit
Vallicultura,14,agriculture
calzaturificio,14,shoe manufacturing
mercerie,14,haberdashery
fiori,14,flowers
Barbiere,14,barber
cantiere navale,14,shipyard
LOCANDE,13,inns
Biancheria e affini,13,linens
FOTOGRAFIA,13,photography
Carboni - Legna,13,coal and wood
Cinema,13,cinema
Coltellinai e Arrotini,13,cutlery and sharpening
Friggitorie e commestibili cotti,13,fried foods
Ghiaccio,13,ice
Impermeabili,13,raincoats
Lavanderie meccaniche,13,laundries
Olii minerali,13,mineral oils
Pastifici,13,pasta makers
Quadri - riproduzioni ed oggetti artistici,13,art reproductions
Specialisti veneziane,13,Venetian specialists
lavanderia e stireria,13,laundry and ironing
Articoli Fotografici e affini,12,photographic articles
Cappellerie,12,hat shops
Confezioni varie,12,various packaging
Dolciumi,12,sweets
Insegne e cartelli reclame,12,signs and advertising
Librerie,12,bookstores
Mode,12,fashion
Ferramenta in Genere,12,Hardware store
Petrolio,12,Oil
Sartorie e confezioni per uomo,12,Tailoring
Stoffe e Tessuti,12,Fabrics
Tubazioni industriali,12,Industrial piping
pittore decoratore,12,Painter
farmacia,12,Pharmacy
ingegnere,12,Engineering
oreficeria,12,Jewelry
salumi (negozio),12,Delicatessen
Latteria,12,Dairy
CINEMA S. Margherita,12,Cinema
Marmi,11,Marble
Mobili,11,Furniture
MOBILI USATI,11,Used furniture
Polliccerie,11,Umbrella shop
Pesce,11,Fishmonger
Prodotti farmaceutici,11,Pharmaceuticals
Falegname,11,Carpenter
Macelleria,11,Butcher
parrucchiere per signora,11,Women's hairdresser
manifatture,11,Manufacturing
VISITOSI GUIDO,11,ADVERTISEMENT
Soc. An. d'Acquisto di materiali,11,Purchasing society
Abiti confezionati,10,Ready-made clothing
Combustibili solidi,10,Solid fuels
(vendita),10,ADVERTISEMENT
Fornaci da calce e laterizi,10,Lime and brickworks
Pellett erie (fabbriche),10,ADVERTISEMENT
Ristoranti,10,Restaurants
Vetri artistici,10,Artistic glass
ferramenta e colori,10,Hardware and paints
Banco di Sicilia,10,Bank
tappezziere,10,Upholsterer
Sarta,10,Tailor
pensione,10,Boarding house
tipografia,10,Printing
Autotrasporti,9,Transport services
Calze,9,Hosiery
Combustibili liquidi,9,Liquid fuels
Morocicli,9,Motorcycles
Società di navigazione,9,Shipping company
Società mobiliari e agricole,9,Real estate and agriculture
Trasporti,9,Transport
Vetri,9,Glass
frutta e verdura (grossista),9,Wholesale fruits and vegetables
ristorante,9,Restaurant
Tabaccheria,9,Tobacco shop
Alimentari (dett.),9,Grocery
autotrasporti,9,Transport services
noleggio imbarcazioni,9,boat rental
caffè,9,café
sarta da uomo,9,men's tailor
Compra-vendita immobili,9,real estate
giornali (rivendita),9,newspaper sales
Alberghi,8,hotels
Articoli di Gomma e affini,8,rubber goods
Articoli Sanitari e Affini,8,sanitary articles
Bandai e Lattonieri,8,tinsmiths
Case di Spedizioni,8,shipping company
Cornici,8,picture frames
Droghe,8,drugs
Frutta,8,fruit
Gelaterie,8,ice cream shop
Grammofoni e dischi,8,gramophones and records
Legatorie di libri,8,bookbinding
Lubrificanti,8,lubricants
Merletti e ricami,8,lace and embroidery
Ombrelli,8,umbrellas
ARMAZIONI MARITTIME,8,maritime structures
Vetro,8,glass
albergo,8,hotel
elettricista e idraulico,8,electrician and plumber
lingerie e maglierie,8,lingerie and knitwear
Insegnante Accademia di Belle Arti,8,art teacher
tessuti,8,fabrics
orologeria,8,watchmaking
Ragioniere,8,accountant
locanda,8,inn
fabbro ferraio e meccanico,8,blacksmith and mechanic
albergo e ristorante,8,hotel and restaurant
dentista,8,dentist
Istituzioni,8,institutions
Acquisto e conduzione,7,purchasing and management
Articoli Tecnici,7,technical articles
Carbone,7,coal
Carbone e Legna,7,coal and wood
Ferri e metalli usati,7,used iron and metals
Lavanderie e stirerie,7,laundries
Mediatori,7,mediators
MOBILI ARTISTICI,7,artistic furniture
Navi,7,shipping company
Olii combustibili,7,fuel oils
Pasticcerie ed affini,7,pastry shops
apparecchi e materiale radio,7,radio equipment
Riscaldamento e fumisterie,7,heating and plumbing
Strumenti musicali,7,musical instruments
Commercialista,7,accountant
Cartoleria,7,stationery
Impresa edile,7,construction trade
compravendita immobili,7,real estate
sartoria e confezioni per signora,7,women's tailoring
mediatore,7,broker
confezioni varie,7,various packaging
vini (grossista),7,wine wholesaler
parroco,7,clergy
libreria,7,bookstore
Agenzie e d'affari,6,agencies and businesses
Hotel,6,hotel
Apparecchiature elettriche automatiche,6,automatic electrical equipment
Bazar,6,bazaar
Confezioni per Bambini,6,children's clothing
Conterie e Perle,6,beads and pearls
Costruttori edili,6,construction trade
Fonderie Meccaniche,6,mechanical foundries
Fornitori di bordo,6,ship suppliers
Ghiacciaie,6,ice houses
Imprese di Costruzioni,6,construction companies
"Incisori, cesellatori sbozzatori",6,engravers and chiselers
Macchine calcolatrici,6,calculating machines
Macchine da cucire e accessori,6,sewing machines
refrattari e laterizi,6,refractory materials
Officine elettromeccaniche,6,electromechanical workshops
Pelli,6,leather
Pesce conserva,6,canned fish
Seterie,6,Silk trade
Tappeti,6,Carpets
Tessili,6,Textiles
TRASPORTI FLUVIALI E LAGUNARI,6,Shipping company
falegnameria,6,Carpentry
agenzia marittima,6,Shipping agency
Medicina Generale,6,General medicine
Ostetrica,6,Midwifery
rappresentante prodotti chimici,6,Chemical representative
pellicceria,6,Fur trade
tessuti filati,6,Yarn textiles
elettricità idraulica e gas,6,Utilities
rappresentante tessuti,6,Textile representative
Pittore,6,Painter
Ferrovie dello Stato,6,State railways
notaio,6,Notary
trasporti marittimi fluviali e terrestri,6,Transportation services
radio e radiogrammofoni,6,Radio equipment
Società industriale,6,Industrial company
Argenterie,5,Silverware
Articoli Funebri,5,Funeral services
LA VELOCE..,5,ADVERTISEMENT
Birrerie,5,Breweries
Candele,5,Candles
Carta Cartoni ed affini,5,Paper products
Carta da macero,5,Recycling
Crine vegetali,5,Plant fibers
Disinfezioni,5,Disinfection
Facchini pubblici,5,Porters
Falegnamerie,5,Carpentry
IMPERMEABILI,5,Waterproofing
S. Marco,5,Religious institution
Materassai,5,Mattresses
Mediatori e sensali marittimi,5,Maritime brokers
Metano,5,Natural gas
Minerali,5,Minerals
Perle d'ogni tipo a lume,5,Pearls
Pubblicità,5,ADVERTISEMENT
Rosticcerie,5,Rotisserie
"Terraglie, Porcellane e affini",5,Ceramics
Trasporti fluviali,5,River transport
Uova,5,Eggs
Utensili,5,Tools
Spedizioni e trasporti,5,Shipping
Panificio,5,Bakery
Oggetti artistici,5,Art objects
pittrice,5,Painter
salumi,5,Cold cuts
vini,5,Wine
oggetti usati,5,Secondhand goods
mobili (negozio),5,furniture store
stoffe e tessuti,5,fabrics and textiles
legnami e pali da costruzioni,5,construction materials
alimentari (dett),5,grocery store
ARTI GRAFICHE ESPERIA,5,ADVERTISEMENT
frutta e verdura,5,fruits and vegetables
giornali,5,newspapers
radio (riparazioni),5,radio repair
ing.,5,engineering
Medicina generale,5,general medicine
alimentari (gross.),5,wholesale grocery
bar pasticceria,5,café and pastry
antichità belle arti,5,antiques and fine arts
imprese ed appalti vari,5,construction contracts
Bottiglieria,5,liquor store
Avv.,5,legal profession
giocattoli,5,toys
Macchine per ufficio,4,office machines
Articoli Igienici,4,hygiene products
Caffe (importatori),4,coffee importers
Carburanti Olii ed affini,4,fuels and oils
Cartiere,4,paper mills
Catrame,4,tar
Filande,4,silk mills
FOTOMATERIALE,4,photographic materials
Frigoriferi,4,Refrigeration
Guami,4,GARBAGE
Lavori manovalanza,4,Labor
Macchine contabili,4,Accounting machines
Meccanuficio,4,GARBAGE
Manipolazione carboni,4,Coal handling
Materiale fotografico,4,Photography supplies
Metalli usati,4,Scrap metals
MOBILI LACCATI,4,Furniture
Officine meccaniche metallurgiche e costruzioni in ferro,4,Mechanical workshops
Ottiche (Industria),4,Optics
Pantofolai,4,Slippers
articoli elettrici,4,Electrical articles
articoli in vetro,4,Glassware
pellami,4,Leather goods
profumi,4,Perfumes
Rimorchatori,4,Towing services
Saccherie ed affini,4,Sacks and bags
Saponi comuni medicinali e profumati,4,Soaps
Semi oleosi,4,Oilseeds
Spedizioni e Trasporti,4,Shipping and transport
Stracci,4,Rags
Strucchi,4,Cosmetics
Sughero,4,Cork
Terrrazzi,4,Terraces
Tintorie e pulliture a secco,4,Dry cleaning
"Valigerie, pelletterie articoli da viaggio",4,Luggage and leather goods
Vetrerie in genere,4,Glassware
Zucchero,4,Sugar
vini (commercio enologico),4,Wine trade
Direttore,4,Director
strumenti musicali,4,Musical instruments
ferramenta e metalli,4,Hardware and metals
sartoria e confezioni per uomo,4,Men's tailoring
drogheria,4,Grocery
Insegnante,4,Teacher
sarto,4,Tailor
fotografo,4,Photographer
acque gassate,4,Carbonated water
rappresentante varie,4,Representative
legatoria di libri,4,Bookbinding
polleria,4,Poultry
Impresa Edile,4,Construction trade
liquori (fabbrica e deposito),4,Liquors
Calonificio Veneziano,4,Venetian hat factory
Architetto,4,Architect
mosaici,4,Mosaics
Falegnameria,4,Carpentry
sartoria,4,Tailoring
"mercerie, filati e affini",4,Notions and yarns
malattie polmonari,4,medical profession
Sarto da uomo,4,tailor
gelateria,4,ice cream shop
navi,4,shipping company
Decoratore e pittore,4,construction trade
professore,4,education
birreria,4,brewery
colori e vernici,4,paint and varnish
Vetria 17,4,GARBAGE
Vetreria,4,glassworks
Acque gassate,3,soft drinks
Acque minerali,3,mineral water
Alluminio,3,metal industry
Argentatura e doratura,3,silver plating
"Armi, munizioni, proiettili",3,arms and ammunition
Aromi per dolci,3,baking flavors
Attività Immobiliari in genere,3,real estate
Bandiere,3,flags
Bilancie,3,scales
Birra,3,beer
Bottiglierie,3,liquor store
Calderai,3,metalworkers
Calzinerci,3,hosiery
Canapa e Lino,3,hemp and linen
Carta da impacco,3,packaging paper
Casse e Arredi Mortuari,3,Funeral supplies
Case Editrici,3,Publishing
Copertoni,3,Tires
Cordami e Spaghi,3,Ropes and twines
Corredi sposa,3,Bridal accessories
Vetrerie,3,Glassware
Cannaregio,3,Neighborhood
Espurgo pozzi neri,3,Waste management
Filati all'ingrosso,3,Wholesale yarns
Fiori artificiali,3,Artificial flowers
Fiori in vetro,3,Glass flowers
Fumisti,3,Chimney sweeps
Ghisa,3,Cast iron
Granaglie,3,Grains
Lamiere,3,Sheets (metal)
Libreria,3,Bookstore
Addizionatrici,3,ADVERTISEMENT
Castello,3,Castle
S. Polo,3,Neighborhood
Metalli greggi e lavorati,3,Raw and processed metals
MOBILI DI FERRO,3,Iron furniture
Motori marini,3,Marine engines
Navi in legno,3,Wooden ships
Navigazione fluviale,3,River navigation
Olii,3,Oils
Ortaggi e legumi,3,Vegetables
Pelle tterie ed affini (negozi),3,Leather goods
Pesce e crostacei,3,Fish and seafood
Picchettaggio o verniciature piroseffi,3,Painting services
Pietra artificiale,3,Artificial stone
Pittore decoratore,3,Painter decorator
Prodotti antisettifughi,3,Medical products
Profumi e affini,3,Perfumes
Recuperi marittimi,3,Maritime recovery
Riparazioni calzature e cappelli,3,Shoe and hat repairs
Sciroppi,3,Syrups
Smalti,3,Enamels
Tessiture seriche per l'arredamento,3,Silk textiles
Vetrate artistiche,3,Stained glass
Società mobiliare e agricola,3,Agricultural company
mobili (fabbriche),3,Furniture manufacturing
carbone e legna (grossista),3,Coal and wood
vetri,3,Glass
Ispettore,3,Inspector
Ortaggi,3,Vegetables
Ristorante,3,Restaurant
Presidente,3,President
Medico,3,Medical profession
Sartoria e confezioni per signora,3,Women's tailoring
attuario,3,ADVERTISEMENT
articoli di gomma,3,rubber goods
chincaglierie,3,novelties
marmi,3,marble
radio,3,radio
rosticceria,3,rotisserie
importazioni ed esportazioni varie,3,import/export
fotografie,3,photography
scultore,3,sculptor
Specialità Veneziane,3,Venetian specialties
calze,3,stockings
mobili usati,3,used furniture
friggitore e commestibili cotti,3,fried foods
trebbiatura,3,threshing
pesca marittima,3,fishing
detersivi,3,detergents
officina meccanica e metallurgica,3,mechanical workshop
chirurgo,3,surgeon
Giudice,3,judge
Modisteria,3,millinery
Alimentari (gross.),3,groceries
articoli fotografici,3,photographic items
Segretario,3,secretary
biancheria e affini,3,linen and related
vicario,3,vicar
cereali,3,cereals
Pasticceria,3,Pastry shop
Farmacia,3,Pharmacy
Profumeria,3,Perfume shop
pesce (ingrosso),3,Wholesale fish
rappresentante apparecchi e materiale radio,3,Radio equipment sales
caffe (esercizi),3,Coffee shop
Rappresentanze Varie,3,Various representations
Pretore della Pretura Civile e Penale,3,Civil and criminal court
Calzaturificio,3,Shoe factory
Perito,3,Expert
S. Marco 3650,3,GARBAGE
moderna,3,ADVERTISEMENT
Articoli casalinghi,3,Household items
Medicina,3,Medicine
materiali refrattari e laterizi,3,Refractory materials
compra-vendita immobili,3,Real estate
S. Fantin 1983-A,3,GARBAGE
construction enterprise,3,Construction trade
Tipografia,3,Printing
Acciai,2,Steel
Accordatori pianoforti,2,Piano tuners
Aceto,2,Vinegar
Acquarelli e fotografie,2,Watercolors and photography
Acquisto,2,Purchase
Foto reportage,2,Photo reportage
Agenzia Marittima,2,shipping company
Anonima di Navigazione,2,shipping company
Agenzie di pubblicità,2,advertising agency
Agenzie di viaggio e turismo,2,travel agency
Alcool,2,liquor
Soc. Coop.,2,cooperative
Approvvigionamenti,2,supplies
Armatori,2,shipowners
Articoli Elettrici,2,electrical goods
Articoli Sportivi,2,sporting goods
Bitumi,2,bitumen
Liquori,2,liquor
Cantine,2,wineries
Carburanti,2,fuels
Carburo di calcio,2,calcium carbide
Carni,2,meats
Cartoline illustrate,2,postcards
Arti Grafiche,2,graphic arts
Caviale,2,caviar
Cementi,2,cement
Cinghie di Cuoio,2,leather belts
COLORI - VERNICI - SMALTI,2,paints and varnishes
Confezioni per Uomo,2,men's clothing
fdm. Navagero 34,2,GARBAGE
Costruzioni e riparazioni navali,2,shipbuilding and repair
(eomerscio),2,GARBAGE
Elettrodi,2,Electrodes
Estintori da incendio,2,Fire extinguishers
Elettrotecnica,2,Electrical engineering
Esportazioni,2,Exports
Essicazione frutta ed erbaggi,2,Fruit and vegetable drying
COPERTURE - RIVESTIMENTI - TUBAZIONI,2,Coverings and coatings
Fertilizzanti e anticrittogamici,2,Fertilizers and fungicides
Fibre vegetali ed affini,2,Plant fibers
Filatelico,2,Philately
"Importazione, Esportazione Frutta e verdura",2,Import/export fruits and vegetables
Forniture enti vari,2,Supplies for various entities
Idraulica e sanitaria,2,Plumbing and sanitation
Forniture navali e industriali,2,Naval and industrial supplies
"Imprese Lavori, Commercio Legnami, Forniture, Demolizioni, Costruzioni in Legno, Appalti",2,Construction and timber trade
sviluppo e stampa,2,ADVERTISEMENT
Venezia,2,GARBAGE
FOTO,2,ADVERTISEMENT
Frutta e verdura conservate,2,Canned fruits and vegetables
Gas,2,Gas
Gelateria,2,Ice cream shop
Impianti elettrici,2,Electrical systems
Imprese immobiliari,2,Real estate
Isolanti termici ed acustici,2,Thermal and acoustic insulation
Istituti di Bellezza,2,Beauty institutes
Istituti d'informazioni e di investigazioni,2,Investigation services
Lane e crine,2,Wool and hair
Latte (grossisti),2,Dairy wholesaler
Lavorazione droghe,2,Drug processing
Lavori portuali,2,Port works
Legna per cellulosa,2,Wood for cellulose
Legname compensato,2,Plywood
Liqouri (dettaglio),2,Liquors (retail)
Lucido de scarpe (fabbriche),2,Shoe polish (manufacturers)
Macchine agricole,2,Agricultural machinery
Macchine cinematografiche,2,Cinematographic machines
Macchine utensili,2,Machine tools
Manifatture e tessuti,2,Textiles and fabrics
Marmellate,2,Jams
Materiale per agricoltura,2,Agricultural materials
Materiali,2,Materials
MOBILI DI LUSSO E COMUNI,2,Luxury and common furniture
Navigazione lagunare,2,Lagoon navigation
Navi in cemento,2,Concrete ships
Nettezza urbana,2,Urban sanitation
Officine fabbrili,2,Metal workshops
Oggetti artistici per regali,2,Artistic gift items
Oggetti di piombo,2,Lead objects
Pennelli e spazzole,2,Brushes and combs
Pesce marittima,2,Seafood
Pescicoltura,2,Aquaculture
Portabagagli,2,Luggage services
Prodotti agricoli,2,Agricultural products
Prodotti antiparassitari,2,Pesticides
Prodotti e sottoprodotti petroliferi,2,Petroleum products
Provveditori marittimi,2,Maritime suppliers
"Rappresentanti e commissionari auto, cicli e accessori",2,Auto and cycle representatives
materiali edili,2,Construction materials
Riparazioni barche e motori,2,Boat and engine repairs
Rivestimenti,2,Coatings
Sacchetti di carta,2,Paper bags
Salumi (grossisti),2,Wholesale cured meats
Sartoria civile e militare,2,Tailoring
Scuole di dattilografia,2,Typing schools
Segherie,2,Sawmills
Sementi,2,Seeds
Serramenti,2,Window frames
setorie e lanerie,2,Textiles and wool
Società minerarie,2,Mining companies
Soffierie,2,Glassblowing
Specchi veneziani,2,Venetian mirrors
Spedizioni e trasporfti,2,Shipping and transport
Agenzia Trasporti,2,Transport agency
S. A.,2,ADVERTISEMENT
Telerie,2,Linen products
Tessuti stampati e artistici,2,Printed fabrics
Timbri di gomma,2,Rubber stamps
Trasporti marittimi,2,Shipping company
Vele e bandiere,2,Sails and flags
Vernici sottomarine,2,Underwater paints
Vetri di Murano,2,Murano glass
Vetri neutri,2,Neutral glass
Zincografia,2,Zincography
Zolfo,2,Sulfur
agenzia d'affari,2,Business agency
medico,2,Medical profession
vallicultura,2,Agriculture
Alimentari (dett),2,Grocer
Pellicceria,2,Furrier
Sindaco,2,Government/civic institution
Consigliere,2,Government/civic institution
Caffè (torrefazione),2,Coffee roasting
Pensione,2,Boarding house
Ingegnere,2,Engineering
Sartoria e confezioni per uomo,2,Tailor
S.,2,GARBAGE
merceria,2,Notions store
fertilizzanti e anticrittogamici,2,Fertilizers
decoratori e pittori,2,Decorators and painters
Vicario,2,Religious institution/clergy
antichita belle arti,2,antiques
murari,2,masonry
terrazziario,2,flooring
Assitenza,2,assistance
carbone,2,coal
cereria e prodotti affini,2,candle making
rappresentanti,2,representatives
Ponte delle Guglie,2,bridge
carbone (importatori e produttori),2,coal (importers and producers)
gioielleria,2,jewelry
ghiaccio (vendita),2,ice sales
veterinario,2,veterinary
Banco S. Marco,2,bank
Genio Civile,2,civil engineering
bar-pasticceria,2,café-pastry shop
rettore,2,rector
Carpentiere,2,carpenter
Carbone e Legna (dettaglio),2,coal and wood (retail)
Articoli di Lusso per Regali,2,luxury gift items
rappresentante calzature,2,shoe representative
pianoforti,2,pianos
"oreficeria, gioielleria",2,"goldsmithing, jewelry"
pastificio,2,pasta production
carbone legna,2,coal wood
rappresentante tessuti confezioni,2,textile representative
mobili,2,furniture
materiale elettrico,2,electrical materials
Vice Direttore,2,government/civic institution
calzolaio,2,shoemaker
frutta secca,2,dried fruit
ottica,2,optics
pelletterie,2,leather goods
officina meccanica metallurgica e costruzioni in ferro,2,mechanical workshop
valigerie,2,luggage
Forniture complete MOBILI e ACCESSORI per UFFICI,2,ADVERTISEMENT
oli commestibili,2,edible oils
vini grossista,2,wine wholesaler
macchine cinematografiche,2,cinematographic equipment
cartoline illustrate,2,postcards
rappresentante profumi,2,perfume representative
carta cartoni ed affini (industria),2,paper industry
S. Cassiano,2,GARBAGE
mobili (negozi),2,furniture (stores)
avv,2,legal profession
alimentaristi (dett.),2,food retailers
stomatologo,2,dental profession
Carbone e legna,2,coal and wood
Materiale per costruzioni edilizie,2,construction materials
Amministrazione della Provincia,2,government/civic institution
Chimico,2,chemical profession
Commissario,2,government/civic institution
alimentari (det.),2,grocery
Manifatture,2,manufacturing
Pesce (ingrosso),2,fish wholesaler
Alimentari (det.t),2,grocery
Frutta e verdura (grossista),2,fruit and vegetable wholesaler
navi (demolizione),2,shipping company
olii commestibili,2,edible oils
sartoria da uomo,2,tailor
carbone e legna (dettagli),2,coal and wood retailer
carbone e legna (dett.),2,coal and wood retailer
har,2,GARBAGE
Agenzia marittima,2,shipping agency
vetri artistici,2,artistic glass
dolciumi,2,confectionery
Direzione S. Lucia,2,GARBAGE
Strada Nuova,2,GARBAGE
impianti di riscaldamento,2,heating systems
sartoria uomo,2,tailor
Carbone e legna (dettaglio),2,coal and wood retailer
materiali da costruzione,2,construction materials
confezioni per bambini,2,children's clothing
terraglie,2,pottery
carta,2,paper
mode,2,fashion
liquori (fabrica e deposito),2,liquor store
bandaio e lattoniere,2,plumber and tinsmith
Articoli Casalinghi,2,household goods
insegnante Accademia di Belle Arti,2,art teacher
rappresentante materiali edili,2,building materials
merletti e ricami,2,lace and embroidery
ghiaccio,2,ice
prodotti farmaceutici (commercio),2,pharmaceutical trade
Riparazioni calzature e capelli,2,shoe and hair repairs
combustibili liquidi ed affini,2,liquid fuels
coltellinaio e arrotino,2,cutler and sharpener
"alimentari gross, drogheria",2,grocery store
S. Croce 1051,2,GARBAGE
cantieri navale,2,shipyard
medico generale,2,general practitioner
ottica (commercio),2,optical trade
oli commestibili (commercio),2,edible oils
imprese edili,2,construction trade
vini (grossisti),2,wine wholesaler
pellami e cuoi,2,leather and hides
Giudice Tribunale Civile e Penale,2,legal profession
Rappresentante generi alimentari,2,food representative
Legnami e pali da costruzione,2,timber and construction poles
"terraglie, porcellane",2,ceramics and porcelain
officina elettromeccanica,2,electromechanical workshop
impianti telefonici,2,telephone installations
commercio,2,commerce
barbieri,2,barbers
uova,2,eggs
Economo,2,accountant
Farmacista,2,pharmacist
fotografo (gabinetti di posa),2,photographer
liquori,2,liquors
friggitoria e commestibili cotti,2,fried food
(grossista),2,wholesaler
rimorchiatori,2,tugboats
maglieria (negozio),2,knitwear
giornali rivendita,2,newspaper sales
Cicli e Motocicli,2,bicycles and motorcycles
Palazzo Giustinian,2,government/civic institution
caffè (surrogati),2,coffee substitutes
Calle Goldoni,2,ADVERTISEMENT
Casa di Spedizioni,2,shipping company
acquisto fabbricati e aziende agricole,2,real estate
acquisto costruzioni immobili,2,construction trade
compra.vendita immobili,2,real estate
Soc. An. Condizione Immobilit,2,real estate
autorasporti,2,automotive transport
carburanti,2,fuels
abbigliamento,2,clothing
"Mercerie, Filati e Affini",2,Mercerie
"Fiori, Piante e Sementi",2,Fiori e Piante
oculista,2,Oculista
Trasporti marittimi fluviali e terrestri,2,Trasporti
bottigliera,2,Bottiglie
Vice Comm.,2,Government
budella salate,2,Salumi
cinema,2,Cinema
Impresa,2,Business
cicli e motoveicoli,2,Cicli e Motoveicoli
coal and firewood,2,Fuel Supply
shipping and transportation,2,Shipping
giornali (distribuzione),2,Newspapers
Ca' Foscari,2,Educational Institution
malattie nervose,2,Medical Profession
Generatori Acetilene brevettati,2,ADVERTISEMENT
Impresa impianti elettrici industriali,1,Electrical Services
Articoli per regalo,1,Gift Items
Camicerie,1,Camicerie
Officina riparazioni,1,Repair Shop
Abat jours,1,ADVERTISEMENT
Abbigliamento per bambini e ragazzi,1,Children's Clothing
Abiti riparazioni,1,Clothing Repairs
Accessori per auto e lubrificanti,1,Auto Accessories
Accumulatóri,1,Batteries
Acqua di colonia,1,ADVERTISEMENT
Fabbrica Acque Gassate - “Chabeso”,1,Beverage Manufacturer
FABBRICA ACQUE GASSATE,1,Beverage Manufacturer
compravendita beni agricoli,1,Agricultural Trade
Acquisto Alberghi,1,Hotel Purchase
Affissioni e pubblicità,1,Advertising Services
Istituto di Informazioni e Investigazioni,1,Investigation Agency
Agenzie di traslochi,1,Moving Agency
Agenzia Marittima e Casa di Spedizioni,1,Shipping Agency
Lloyd’s Agen.,1,Shipping Agency
Agenzie di pagno,1,Pawn Agency
Soc. Elenchi Abbonati al Telelef. An.,1,Telephone Directory
Agenzie di trasporti,1,Transport Agency
Agricola,1,Agriculture
Alcool denaturato,1,Denatured Alcohol
in Nome coll.,1,GARBAGE
scambio generi alimentarii,1,Food Exchange
S. Croce 862,1,GARBAGE
"S. Marco, 378,,,",1,GARBAGE
Macchine per scrivere - Calcolatrici - Duplicatori - OCCASIONI - CAMBI - RICOSTRUZIONI - NOLEGGI,1,Office Equipment
Armonium,1,Musical Instrument
"Arte veneziana, Fiori e Perle",1,Venetian Art
Articoli da Bagno,1,Bathroom Products
"Articoli casalinghi e oggetti diversi, Fondamenta Ormesini",1,Household Goods
Lavori Fotografici,1,Photography Services
Articoli per Fumatori,1,Smoking Articles
Magazzini della Gomma,1,Rubber Goods
Ottica,1,Optics
Articoli di Lusso,1,Luxury Goods
Articoli di Pittura e Disegno,1,Art Supplies
Articoli da Viaggio,1,Travel Goods
Aspirapolvere,1,Vacuum Cleaners
"Qualsiasi Pratica presso Municipi, Prefetture, Tribunali ed Enti vari, Agenzia d'Affari, Cospista",1,Government Services
Commercio terreni,1,Real Estate
Automobili,1,Automobiles
Autonoleggi e Autorimesse,1,Car Rentals
"BAULI moderni, solidi, leggeri ed eleganti",1,ADVERTISEMENT
S. Marco 2553,1,GARBAGE
"S. Marco, 553",1,GARBAGE
"S. Marco, 2670 A",1,GARBAGE
"S. Marco, 4611",1,GARBAGE
Avvolgimento Motori,1,Motor Wrapping
Telef. 53-819,1,GARBAGE
gestione caffè,1,Coffee Management
Benzina,1,Gasoline
Biancheria per Signora,1,Women's Linens
Bigiotterie,1,Costume Jewelry
Fdm. Vetrari,1,Glassworks
Bronzi,1,Bronze Works
Gerente Baldi Antonio,1,GARBAGE
Soc. An.,1,GARBAGE
"Gran Caffè Bar 900, S. Simeone",1,Café
Calce,1,Construction trade
Addizionatricei,1,GARBAGE
Calzoleria,1,Shoemaker
Camicie da uomo,1,Men's shirts
"""Cantieri Navali""",1,Shipping company
"119-A""",1,GARBAGE
Cantiere Navale e Officine Meccaniche,1,Shipyard and Mechanical Workshops
CANTIERE NAVALE,1,Shipyard
telefono 24-562,1,GARBAGE
Industrial,1,Industrial
Carboni Fossili e Legna da ardere,1,Coal and Firewood
Commercio Carboni e Legna da ardere,1,Coal and Firewood Trade
carboni o legna da ardere,1,Coal or Firewood
Ritratti artistici - Lavori industriali - Reparto eliocinografico - vendita materiale fotocinematografico,1,ADVERTISEMENT
2667 B,1,GARBAGE
Carni equine,1,Horse meat
Carni conservate,1,Preserved meats
Carni e Frattaglie cotte,1,Cooked meats and Offal
Carta da parati e affini,1,Wallpaper and related
Carte e Stracci per Cartiere,1,Paper and Rags for Paper Mills
Carte da Gioco,1,Playing cards
CANCELLERIA CARTA E CARTONI,1,Stationery and Paper Products
Cavalli da Corsa,1,Racehorses
Cave,1,GARBAGE
"Cavi sotto piumo per energia ad alta e bassa tensione, Cavi telefonici di qualunque tipo, Cavetti sottopiombo per impianti interni, Fili « Corde rame » e alluminio isolati, Cordoncini luce-Cavetti sterlinanti, Accessori per cavi, Offerte, Listini",1,Electrical Cables
Cavi elettrotelefonici recupero e posa,1,Electrical Installation
Cementi armati,1,Construction Materials
Coloniali,1,Colonial Goods
Uffici,1,Offices
S. Moisé,1,Religious Institution
San Marco,1,Religious Institution
AGENCY,1,ADVERTISEMENT
"Compressori, Trapani, Smerigliatrici, Martelli pneumatici",1,Machinery Tools
Concimi azotati,1,Fertilizers
Confezioni per Signora,1,Women's Clothing
Conserve,1,Preserved Foods
Copisterie,1,Copy Services
cordami,1,Rope Manufacturing
di Guido Rusconi,1,GARBAGE
Laboratorio Cornici ed Affini,1,Frame Workshop
Costruzione e gestione alberghi,1,Hotel Management
Fond. Convertite,1,GARBAGE
Costruzioni stradali e ferroviarie,1,Civil Engineering
Cotoni e cascami,1,Cotton Products
"Officina elettrogalvanica, Argentatura, Ramatura, Biancatura, Ossidatura",1,Electroplating Services
"FABBRICA - Cucine economiche, Stufe - Letti - Reti - Brande Turche",1,ADVERTISEMENT
Negozi: Bottega dell'Elettricità,1,Electrical Shop
Bottega della Luca,1,GARBAGE
Società An. cuoi artistici Veneziani,1,Leather goods
"Stabilimento Serico Velluti, Soprarizzi, Broccati, Damaschi per Arredamento e chiesa. Passamanterie.",1,Textile manufacturing
decoratore in stuepici e costruzioni,1,Decorator
« Decorazione della Casa »,1,ADVERTISEMENT
Demolizione Navi,1,Ship demolition
Denti artificiali,1,Dental prosthetics
Detective,1,Detective
(fabbriche),1,GARBAGE
Disinfestazioni,1,Pest control
d’ingresso ferroviari,1,Railway entrance
Giornali Riviste,1,Publishing
Divise,1,Uniforms
Doratura,1,Gilding
Duplicatori,1,Duplicators
Ebanisti,1,Cabinet makers
produzione distribuzione,1,Production distribution
S. Samuele 3357,1,GARBAGE
"1079""",1,GARBAGE
Elettrochimica,1,Electrochemistry
Elettrodomestica,1,Home appliances
Elettrogalvanica,1,Electrogalvanics
"Impianti e Forniture Industriali e Civili, Riscaldamenti Moderni, Idraulici, Sanitari, Elettricità ed affini",1,Industrial services
Applicazioni elettroautomatiche impianti terrestri e navali,1,Electroautomatic systems
Eraclit,1,GARBAGE
Erbe medicinali,1,Medicinal herbs
Esercizio caffè,1,coffee shop
Essenze spiritose,1,spirits
Essiccatoi,1,drying facilities
v. Principe di Piemonte 10,1,GARBAGE
"rag. Severino Sutter, S. Polo 2988",1,legal profession
AFFITTI APPARTAMENTI COMPRA - VENDITA AMMINISTRAZIONE,1,real estate
Fasite,1,GARBAGE
Falegnameria e Meccanica,1,carpentry
STABILIMENTO ELETTRO - MECCANICO PER LA LAVORAZIONE DEL LEGNO,1,woodworking factory
Comune di S. Elena Gestione Ospedale Civile,1,government/civic institution
pt. Sant' Antonino,1,GARBAGE
Campo S. Maria Formosa,1,GARBAGE
Internazionale Zamplroni propr. Vianello,1,ADVERTISEMENT
Soc. per Az.,1,GARBAGE
Soc per Az,1,GARBAGE
Ferro battuto,1,wrought iron
Ferro e derivati,1,iron and derivatives
Ferro e metalli da fondere,1,iron and metals
Fibre autarchiche,1,GARBAGE
Fiscoli e dischi per la spremitura delle olive,1,olive oil equipment
C. P. 46,1,GARBAGE
"alluminio, Porto Marghera",1,aluminum
Foraggi,1,animal feed
Forniture per imbarcazioni,1,boat supplies
Forniture marittime,1,maritime supplies
Forniture meccaniche,1,Mechanical Supplies
provveditoria marittimo,1,Maritime Supplies
forniture navali,1,Naval Supplies
Fotindustria,1,Photography Industry
San Luca Calle del Magazen,1,Retail Store
Francobolli,1,Stamps
"Bottega della Luce, S. Marco, Calle Goldoni 4511",1,Lighting Shop
S. Luca 4371,1,Retail Store
Gas tossici,1,Toxic Gases
Ghiaia,1,Gravel
Gemme per veicoli,1,Vehicle Gems
Gres,1,Stoneware
"IMPIANTI E FORNITURE INDUSTRIALI E CIVILI, IN RISCALDAMENTI MODERNI, IDRAULICI, SANITARI, ELETTRICITÀ ED AFFINI, OFFICINA ELETTROME CANICA, SALDATURA AUTOGENA",1,Industrial Supplies
IMBALLAGGI IN LEGNO,1,Wooden Packaging
LEGNAME E IMBALLAGGI,1,Timber and Packaging
"__SECTION__,,Imberchi e sbarchi""",1,GARBAGE
Impianti costruzioni elettriche,1,Electrical Construction
Impianti riscaldamento,1,Heating Systems
San Lio,1,Retail Store
Impianti Telefonici Automatici interni,1,Automatic Telephone Systems
Officina,1,Workshop
ZAGO F. LLI,1,ADVERTISEMENT
Imposte di consumo,1,Consumption Taxes
Fornitura per lavori ed opera edilizia stradali,1,Construction Supplies
manutenzione strade ferrate,1,Railway Maintenance
costruzioni ferroviarie,1,railway construction
COSTRUZIONI PONTILI E OPERE PORTUALI,1,port construction
Impresa Lavori Edili e Marittimi,1,construction company
OFFICINA RIPARAZIONI,1,repair shop
"S. Marco 3416""",1,GARBAGE
Terragliole,1,GARBAGE
Porto Industriale,1,industrial port
Via Torre Belfredo,1,GARBAGE
"Impresa Costruzioni Edilizie, Lavori edilizi in cemento armato, ferro e legno",1,construction company
",,Direzione per la costruzione del Tempio Votivo di Lido,Conte di L'albero 38851,,De Bernardi Domenico,Cannaregio 2446,,De Rossi Antonio,,Mestre,Via Mestrina 62Dei Rossi Engleo,,Burano,S. Mauro 121",1,GARBAGE
Pavimentazione rivestimenti murale vetrosi,1,flooring and wall coverings
Schedari - Mobili per Uffici - Macchine Contabili,1,office furniture
Commercio Filande per la trattatura della seta,1,silk treatment commerce
Imprese lavori,1,construction companies
Imprese e pompe funebri,1,funeral services
Inchiostri,1,inks
Telefono 23.050,1,GARBAGE
S. Marco 4651,1,GARBAGE
Agente per il Veneto: S. A. Supper Lux,1,ADVERTISEMENT
Insetticidi,1,insecticides
Installazioni elettriche ed idrauliche e vendita materiale elettrico,1,electrical and plumbing installations
Arti Grafiche Esperia,1,graphic arts
Banco,1,bank
Banco di Interesse Nazionale,1,national interest bank
Lanerìe e seterie,1,wool and silk goods
S. Elena,1,GARBAGE
Ne gropente,1,GARBAGE
S. Polo 1077,1,GARBAGE
Vetrai 74,1,Glassworks
Lavorazione materie plastiche,1,Plastic processing
Lavorazione marmi,1,Marble processing
Lavori pubblici in genere,1,Public works
Legna (ingrosso),1,Firewood wholesale
La Mercantile Azienda Veneta Rappresentanze Commerciali Industriali,1,Commercial agency
Legnami di sfacimento,1,Timber
"Carboni fossili, Ligniti legna da ardere",1,Fossil fuels
Legumi,1,Legumes
"Ritratti artistici, Lavori industriali, Reparto elinocianografico, vendita materiale ft. ocinematografico",1,ADVERTISEMENT
Lievito,1,Yeast
Linifici,1,Linen industry
"Vini, Liquori, Alimentari, Rappresentanze e Depositi",1,Wine and spirits
Macchine e accessori,1,Machinery
Macchine per scrivere e accessori,1,Typewriters
Macellazione,1,Butchery
Bestimare ed esercizio macellere,1,Butchery services
"S. Croce 772, Dorsod. 2727, S. Marco 4578 e Lido, Via Malamocco 91",1,GARBAGE
Magazzini di deposito,1,Warehousing
Maioliche artistiche,1,Artistic ceramics
Malto,1,Malt
INSETTICIDA,1,Insecticide
"Telefono, 23-257",1,GARBAGE
Arte Monumentaria,1,Art Restoration
Materiale cinematografico,1,Film Materials
"Impresa Edile, Costruzioni In Cemento",1,Construction Company
Materiali da costruzione,1,Building Materials
Manufatti in cemento,1,Concrete Products
Materiale ferroviario,1,Railway Materials
Materiali plastici,1,Plastic Materials
Materiali radio elettrici,1,Electrical Materials
Materiali siderurgici,1,Steel Materials
Materiali tecnici e per la ricostruzione,1,Technical Materials
prime per celerie,1,GARBAGE
Materie resìnose,1,Resin Materials
Meccanica di precisione,1,Precision Mechanics
"Rappresentanza di case produttrici di medicinali, prodotti dietetici, chimici, sanitari, igienici, ortopedici, galenici",1,Pharmaceutical Representation
Medicinali,1,Pharmaceuticals
S. Fosca 2223,1,GARBAGE
S. Marco 914,1,GARBAGE
Bottegon,1,GARBAGE
"Ricami artisti a mano, Laboratorio proprio, Negozio di vendita",1,Hand Embroidery
Metalli lavorati e bronzi,1,Processed Metals
Premiato Mobilificio,1,Furniture Manufacturer
FABBRICA,1,GARBAGE
ARREDAMENTI NEGOZI,1,Store Furnishings
Costruzioni Edili,1,Building Construction
Molini,1,Milling
Modelli abiti signora,1,Women's Fashion
Mosaici,1,Mosaics
Motori,1,Motors
"Sestri, Agenzia di Padova: Ditta Michele Trappetti. Corso del Popolo, 1, Telefono: 24-587. Motori Diesel ad iniezione meccanica per impianti fissi e marini, Motori a gasogeno.",1,Diesel Engines
Nichelatura,1,Nickel Plating
Officine per carica accumulatori,1,Battery Charging
Officine industria alluminio,1,Aluminum Industry
Officina Meccanica e Fabbrile con Torneria,1,Mechanical Workshop
Officine meccaniche e saldature,1,Mechanical Engineering
Oggetti preziosi ed affini,1,Precious Objects
2288 - Telefono 25-889,1,GARBAGE
Telefono 42-562,1,GARBAGE
Olive,1,Olives
affitti appartamenti vuoti e ammobilitati,1,Apartment Rentals
"Unica Premiara Ditta di Palloncini alla Veneziana, Grandissimo Assortimento con Festoni e Addobbi per Barche, Sale, e Cotillons per Feste Danzanti",1,ADVERTISEMENT
Unica Premiara Ditta di Palloncini alla Veneziana,1,ADVERTISEMENT
Palombari,1,Divers
Panelli,1,Panels
S. Marco 3727,1,GARBAGE
Paraffina,1,Paraffin
"Pasticcerie, Liquori, Vini",1,Pastry and Liquor
selciatura e pavimentazione stradale,1,Road Paving
Pellami e cuoi,1,Leather Goods
Commerciale cuci artistici Veneziani,1,ADVERTISEMENT
Confezioni Pelliccerie,1,Furrier
Penna,1,Pen
"Pellestrina, S. Pietro in Volta",1,Religious institution
Pianoforti,1,Pianos
Pianoforti di tutte le marche,1,ADVERTISEMENT
Piloti,1,Pilots
Pittori decoratori,1,Decorators
Porcellane,1,Porcelain
recuperi,1,Recoveries
per L'industria Mineraria ed agricola,1,Mining and agriculture
(commercio),1,Commerce
s.r.l.,1,Company
Prodotti coloranti,1,Coloring products
Prodotti industriali,1,Industrial products
Prodotti tessili,1,Textile products
Prodotti vetrari,1,Glass products
Lavorazione profumerie,1,Perfume manufacturing
Quadri di manovra e commando,1,Control panels
Recordi ferroviari,1,Railway records
Radiotecnico,1,Radio technician
"RADIORIPARAZIONI A DOMICILIO, NOLEGGIO RADIOGRAMMFONI",1,ADVERTISEMENT
Concessionario Marelli,1,Dealer
Phonola radio,1,Radio
Rodio,1,Rhodium
"Riparazioni radiorecivitori normali e speciali - altoparlanti - microfoni, pick ups, ecc.",1,Radio repairs
S. A. Fondiaria Italiana,1,Insurance company
Cast. 3133,1,GARBAGE
Radiomeccanica,1,Engineering services
S. in nome collettivo,1,GARBAGE
Società per Azioni,1,Corporation
Assistenza generi razionati agli alimentari bar alberghi,1,Food assistance
rappresentante te colori e prodotti chimici,1,Chemical representative
rappresentante i prodotti chimici,1,Chemical representative
Ritratti artistici - Lavori industriali - Reparto elite cinografico - vendita materiale ftocinematografico,1,ADVERTISEMENT
Via Piave,1,GARBAGE
P.za Umber. I,1,GARBAGE
S. Marco 4346,1,GARBAGE
Refrattari - laterizi e calce,1,Construction materials
"Strumenti per la misura, la regolazione e la registrazione delle temperature, Agente: Luigi Jasgher - Venezia, Castello, S. Lio 5685",1,Measurement instruments
Reti e articoli da pesca,1,Fishing supplies
"Biancheria fine per signora finita e su commissioni, Corredi, Ricami a mano, di fronte Hotel Bonvecchiati",1,ADVERTISEMENT
Ricerche minerarie,1,Mining research
Riparazioni autoveicoli,1,Auto repair
Riparazioni impianti tecnici e igienici,1,Technical repairs
Riparazioni riavvolgimenti macchine elettriche,1,Electrical repairs
Riscaldamento e termosifoni,1,Heating services
Riserie,1,Rice production
Ristoranti vegetariani,1,Vegetarian restaurants
Rottami metallici,1,Scrap metal
Saloni,1,ADVERTISEMENT
Ritratti aistici - Lavori industriali - Reparto elio- cianografico,1,Industrial Works
Scaldabagni elettrici,1,Electric Water Heaters
Scopai,1,Garbage
Segnalazioni luminose,1,Light Signals
Sego,1,Garbage
P. Marghera,1,Garbage
Semiotrica,1,Semiotics
"Consiglio di Amministrazione: Presidente Giovanni Scaramanga di Altomonte; Vice Presidente: cav. di gr. cr. ing. dr. Luigi Macalina; Consiglieri comm. dr. Rodolfo Bernardi; comm. dott. Pardè Formentini; avv. Bruno Forti conte Mario Moretti; dott. Mario Valenti. nuzzi. - Collegio dei Sindaci: gr. uff. rag. Amedeo Fracassi; gr. uff. dott, Cesare Cichi; dott. Girolamo Manzutto; dott. Mario Renzi; dr. rag. Antonio Tedeschi. Direttore Generale: gr. uff. cap. Guido Cosulich, - Sede di Venezia, Direzione ed ufficio merci: Piazza S. Marco. Direttore della sede di Venezia: Com.te, cav. uff, Filibert Francesco.",1,Government/Civic Institution
"Articoli di lusso per ""regali""",1,Luxury Goods
"Vetri Artistici, perle specialità, veneziane",1,Artistic Glass
"Collane di perle e fiori di vetro, produzione prornia",1,Jewelry Production
"Perle, Brillanti imitazione Argenterie, Specialità Veneziane, Casa Fondata nel 1872",1,Imitation Jewelry
Artisti Ritratti,1,Portrait Artists
Piazz. 27 Ottobre,1,Garbage
Agenzia Marittima e spedizioni internazionali,1,Shipping Agency
di spedizione,1,Shipping
terrestri,1,Transportation
Lussero Cl. rag. Cesare,1,Garbage
Telefono 22-534,1,Garbage
Via Acquileia,1,Garbage
S.A.F.A.,1,Garbage
S. Moisè,1,Garbage
Spettacoli educativi e morali,1,Educational Shows
S. Croce,1,Garbage
Deposito stoffe,1,Fabric Storage
Mazzagni Fasolato,1,GARBAGE
Stufe,1,Heating
"Affitti, Appartamenti, Compravendita Case, Terrei, Dent, Immobili",1,Real estate
Porto secco,1,Shipping company
Cà Vio,1,GARBAGE
v. Macello,1,GARBAGE
Tappezzerie,1,Upholstery
Targhe,1,Signs
gestione S. A.,1,GARBAGE
Teatri,1,Theaters
Gesitone S. A. «I. C. S. A.»,1,GARBAGE
gestione S. A. «I. C. S. A.»,1,GARBAGE
gestione Furlan cav. Giovanni,1,GARBAGE
"Impianti Telefoni Automatici Interni, Autorizzata dall'Azienda di Stato",1,Telecommunications
Telefoni,1,Telephones
Termometri,1,Thermometers
"""Lido Gran Viale 27""",1,ADVERTISEMENT
Tessuti d'arte,1,Fabrics
Labor. Via Cà Rossea 4,1,GARBAGE
Ritratti artistici - Lavori industriali,1,Art portraits
Cartotecnica,1,Paper products
Tessuti d'Arte creati su telai primiavi,1,Fabrics
Succ. Lorenzo Rubelli e Figlio,1,GARBAGE
Fabbrica Timbri in Gomma,1,Rubber stamps
Sede di Venezia,1,GARBAGE
Torroni,1,Confectionery
COMPRESSORI D’ARIA,1,Air Compressors
TRAPANI ELETTRICI,1,Electric Drills
Trasporti aerei,1,Air Transport
Trasporti marittimi e fluviali,1,Maritime Transport
Esercizio,1,ADVERTISEMENT
Società Adriatica Trasporti Turismo Imbarchi,1,Transport and Tourism
TRASPORTI POSTALI,1,Postal Transport
TRASPORTI SERVIZI PORTUALI,1,Port Services
"Rinomata cucina, VIni scelti, Servizio accurato",1,ADVERTISEMENT
Alla Salute Risorta,1,ADVERTISEMENT
"La più caratteristica Trattoria, di Polo Pietro fu Osvaldo, Telefono 25-463",1,Restaurant
Il ritrovo dei buongustai,1,ADVERTISEMENT
Tubi in cemento,1,Cement Pipes
Tubi in ferro e acciaio,1,Steel Pipes
Utensili e utensileria in genere,1,Tools and Hardware
Vernici e smalti,1,Paints and Coatings
Vestiario,1,Clothing
Vetrerie scientifiche e farmaceutiche,1,Scientific and Pharmaceutical Glass
"Vetreria Artistica e Stampata, Soffleria Sanitaria, Fiale ed Afftni, Lampadari e Vetri Artistici di Murano",1,Artistic Glassworks
S.A.V.I.A.,1,GARBAGE
Vetri sanitari,1,Sanitary Glass
Vetroflex,1,GARBAGE
Zuccherifici,1,Sugar Factories
Maioliche Artistiche,1,Artistic Ceramics
diret. uff. del Registro,1,government/civic institution
Comandante Legione Terr. della Guardia di Finanza,1,government/civic institution
trasporti fluviali,1,shipping company
Adriatica Costruzioni Edilizie,1,construction trade
giornalaio (vendita),1,newsstand
il caffè (esercizio),1,café
Aromi dolci affini di Marcassoli Marino,1,ADVERTISEMENT
ing. Sez. Corpo del Genio Civile,1,engineering profession
segretaria Istituto Universitario di Economia e Comm. Cà Foscari,1,educational institution
costruzioni e riparazioni navali,1,shipping company
provveditorii marittima,1,government/civic institution
navi compravendita,1,shipping company
Capitale sociale L. 150.000.000,1,GARBAGE
fiati ed affini,1,ADVERTISEMENT
Accomandita Gestioni,1,ADVERTISEMENT
Azienda Generale (carrozzieri,1,automotive trade
Azienda Generale Italiana Petrolii,1,oil company
Raffineria e Depositi,1,oil company
Capo rip. personale Polrvice dello Stato,1,government/civic institution
maglieria,1,clothing trade
Casa Italiana Rappresentanze Depositi affini C.I.R.L.A.,1,ADVERTISEMENT
awvoc,1,legal profession
Azienda Immobiliare Anonima,1,real estate
quadri-riproduzionl ed oggettl artistici,1,art reproduction
Fid. Prova-della (V.U.V.),1,GARBAGE
Pastore,1,Shepherd
Pellicce e Confezioni per Signora,1,Women's Fur and Tailoring
carpenterie,1,Carpentry
Bacino Orseolo 1198,1,GARBAGE
"Alla Colonna, trattoria,",1,Restaurant
informazioni commerciali,1,Commercial Information
oste,1,Innkeeper
Ingegner Capo del Corpo del Genio Civile,1,Civil Engineering
Direttore Ass,1,ADVERTISEMENT
cotoleria,1,GARBAGE
Capo Servizio Sez. Deposito Franco,1,ADVERTISEMENT
linge rie e maglierie,1,Linen and Knitwear
S. Marco 1957A,1,GARBAGE
alluminio,1,Aluminum
Avogado degli Azzoni,1,Lawyer
vet radeo,1,GARBAGE
Officina Meccanica Metallurgica e Costruzioni in Ferro,1,Mechanical Workshop
Importazioni ed esportazioni varie,1,Import/Export
Carbone e legna (grossista),1,Coal and Wood Wholesale
Medico Chirurgo,1,Surgeon
Cassiere Banca Nazionale del Lavoro,1,Bank Cashier
Cingalagerie,1,GARBAGE
Parrucchiere per signora,1,Women's Hairdresser
Caffè (Esercizi),1,Café
"Sanpoli Lux, S. Molsi 2025",1,GARBAGE
Officina meccanica,1,Mechanical workshop
"Bar, Caffè",1,"Bar, Café"
Arredamenti,1,Furnishings
Rettore,1,Rector
Merceria,1,Notions store
"Trasporti marittimi, fluviali e terrestri",1,Transportation services
Industria dello spettacolo,1,Entertainment industry
Società di Assicurazioni,1,Insurance company
"Istituto di Informazioni e di Investigazioni, Ricerche, agenzia d'informazioni e investigazioni",1,Investigation agency
Organizzazione Trasporti di qualsiasi tipo,1,Transportation organization
Accomodini Verzemin Alimentari D. Caonet di. Ca Ponte e C. Alimentari (arross.),1,ADVERTISEMENT
Stazione di Mestre,1,Train station
Azienda Agricola,1,Agricultural company
"Cantieri navali, trasporti marittimi fluviali e terrestri",1,Shipyards
S. Marco 1393 e Marghera,1,ADVERTISEMENT
Impresario Edile,1,Construction contractor
"Panificio, pastificio",1,"Bakery, pasta shop"
Locanda,1,Inn
maglierie negozio,1,Knitwear store
lingerie,1,Lingerie
Succ. Ditta Perissinotto Giuseppe di Nicola,1,ADVERTISEMENT
cattoria,1,GARBAGE
S. M. Elisabetta 31,1,ADVERTISEMENT
macerie,1,GARBAGE
eletricista,1,Electrician
lavorazione dzoghe,1,GARBAGE
alimentari (gross e,1,grocery
parrucchiere per signora e berbiere,1,hairdresser
fotografe,1,photographer
specialità veniziane,1,ADVERTISEMENT
materiali refrattari e laterizi. Prodotti chimici,1,construction materials
materiale per construzioni edilizie,1,construction trade
raprresentante,1,ADVERTISEMENT
no. industria,1,GARBAGE
tipografa,1,printing
carta e stracci per cartiere,1,paper products
lattera,1,dairy
bronzi,1,bronze
fattoria,1,farm
importo di Consumo,1,ADVERTISEMENT
antiquità belle arti,1,antiques
pelle (lavor.e commercio),1,leather trade
rappresentante pellami,1,leather representative
prodotti chimici (commercio),1,chemical products
capelliera,1,ADVERTISEMENT
stucchi,1,stucco
Direttore Banco San Marco,1,banking
sguero,1,GARBAGE
croft (esercizi),1,GARBAGE
confezioni Varie,1,ADVERTISEMENT
articoli Casalinghi,1,household goods
prodotti chimici commercio,1,chemical trade
legnami e pali da costruzione,1,construction materials
Alla Vida,1,ADVERTISEMENT
Ass. Naz. Combattenti,1,veterans association
abiti confezioni,1,clothing manufacturing
o. pensione,1,ADVERTISEMENT
Prefettura,1,government office
Dogana Principale,1,customs office
Piazzale Stazione,1,transportation hub
nacelleria,1,GARBAGE
latticini alimentari,1,dairy products
agrumi,1,citrus fruits
calcature,1,footwear
calzificio,1,shoe factory
Procuratore presso la Corte d’Appello,1,legal profession
macellaeria,1,butcher shop
salumeria,1,delicatessen
legatoria di Libri,1,bookbinding
calzaturaio,1,shoemaker
cinzieria,1,furrier
mosocore,1,GARBAGE
officina meccanica metallurgica e construzioni in ferro,1,metalworking shop
tessanti,1,GARBAGE
Direttore Banqueca Veneziana di Cprediti e Conti Corrrenti,1,banking director
pelterie,1,furrier
"Ottica, ingegneria, fotografia",1,optics and photography
Stabilimento Serico,1,silk establishment
S. Pietro Apostolo,1,religious institution
mediatrice e sensale marittima,1,maritime broker
alimentari (grosso),1,wholesale groceries
macelleria (introduced bestiame),1,butcher
macellaio (introdtuto e bestiame),1,butcher
micelleria,1,GARBAGE
quadri,1,paintings
ertaio,1,GARBAGE
Canal Palazzo Widmann,1,GARBAGE
costruttore edile,1,construction trade
liquori fabbrica e depositi,1,liquor manufacturer
Associazione,1,association
articoli da bagno,1,bathroom articles
Via L. Manvrello,1,GARBAGE
Trattoria Locanda „Alle Anche Figure„,1,trattoria
S. Lucia,1,religious institution
Favaro Veneto Campalto,1,GARBAGE
imprese e opere marittime,1,maritime enterprises
Uff. di Magazzino,1,warehouse office
S. Giuliano.,1,religious institution
Capo Uff. Amministrazione,1,administrative officer
pelli,1,hides
buste salate,1,GARBAGE
pesce conservato caviale,1,fish market
cappelleria,1,hat shop
nobili,1,GARBAGE
Capitano Addetto,1,GARBAGE
Via Algieri,1,GARBAGE
starchics,1,GARBAGE
Geomera,1,surveyor
V. Direttore,1,GARBAGE
Rappresentante Generi Alimentari,1,food distributor
Fornitore Marittime,1,shipping supplier
Alimentarì (dett.),1,grocery
Noleggio Imbarcazioni,1,boat rental
Abbigliamento per Bambini e Ragazzi,1,children's clothing
Sarto Da Uomo,1,men's tailor
Agenzia Traslochi,1,moving agency
Imprese ed Appalti Vari,1,construction trade
Picchettaggio e Verniciatura Prosceni,1,GARBAGE
Vice Presidente Deputazione Provinciale dell’Amministrazione della Provincia,1,government institution
Automoleggigo e Autorimessa,1,car rental
Parrucchiere per Signora,1,women's hairdresser
Relatore Comando di Legione Guardia di Finanza,1,GARBAGE
Ferramenta e Colori,1,hardware store
Impianti Elettro-Industriali,1,electrical engineering
Casa del Regalo,1,gift shop
Elettricità Idraulica e Gas,1,Utilities
Imprese ed Appalti,1,Construction Trade
Ritratti Artistici - Lavori Industriali,1,Art Portraits
Pres. Soc. Ven. della (IFSE),1,GARBAGE
Calle Larga S. Marco,1,GARBAGE
strumenti musicali e materiele radio,1,Musical Instruments
coltelleria e arrotini,1,Cutlery
mobili artistici e laccati,1,Artistic Furniture
carbone e legnai dettagli,1,Coal and Wood
drogherie,1,Grocery Store
"drogheria, apprendante prodotti chimici",1,Grocery Store
utensili,1,Tools
segreteria Istituto Universitarlo Economía e Com. Ca' Foscari,1,University Institution
"Articoli sanitari, Articoli di gomma, tecnici ed industriali, l'nper. meschi Pirelli, Buetti Berni e delle migliori Marche, Forniture complete per,Ambulatori""",1,Medical Supplies
"Segetarjo Capo Uff. Impianti Elettrici e di Segnalamento, Ferrovie dello Stato, Direzione S. Lucia",1,Government Institution
fonderia meccanica,1,Mechanical Foundry
"prodotti chimici, petrolio e benzina, marmi e cemento * * * * * * colori e vernici, ferramenta e metalli, carburo di calcio,",1,Chemicals and Materials
cortele e e perle,1,GARBAGE
Museo Archeologico,1,Museum
acque minerali,1,Mineral Water
La Radio-elettrica,1,ADVERTISEMENT
Magazzino Ferro,1,Warehouse
macchine da cucire e accessori,1,Sewing Machines
saponi coloniali modici il *-promata,1,ADVERTISEMENT
"colori e vernici, (dettaglio)",1,Paints and Varnishes
Presidente di Sez.,1,GARBAGE
Medico Provinciale,1,medical profession
impresa di costruzioni e falegnameria,1,construction trade
calzaturifico,1,shoemaker
produieni,1,GARBAGE
pizzi e ricami,1,lace and embroidery
riparazioni carrozzerie per auto,1,auto body repair
pesce,1,fishmonger
espresso pozzi neri,1,GARBAGE
ippotrasporti,1,horse transport
ra-bone e logna (dettaglio),1,GARBAGE
Caffè {torreflazione),1,ADVERTISEMENT
"« Biasetto », mercerie, fliati e affini",1,haberdashery
"Istituto Universitario di Economia e Commercio, Ca' Foscari",1,university institution
Legione Territ. Guardia di Finanza di Marghera,1,government/civic institution
Istituto Nazionale per il Commercio Estero,1,government/civic institution
latte (grossista),1,dairy wholesaler
carpentire,1,carpenter
officina meccanica e saldature,1,mechanical workshop
Vicc. Presid. Club Alpino Italiano,1,GARBAGE
Capo Cantiere da A. C. N. I. L.,1,GARBAGE
chincaglie,1,GARBAGE
Dep. Fornaggi,1,GARBAGE
applicato segreteria Istituto Universitario di Aretich.,1,GARBAGE
mobili in ferro (fabbrica),1,metal furniture manufacturer
Costruzioni Navali,1,shipbuilding
Trasporti Postali Carcerari,1,postal transport
navi in legno,1,GARBAGE
cantiere navale S. An,1,shipyard
cantiere navale Monigrea,1,shipyard
imprese opere marittime,1,maritime enterprises
modificatore,1,GARBAGE
Demanio e Pesca Capparinesi di Porto,1,fishing and public domain
Presidente Tribunale Civile e Penale,1,legal profession
Gestione P. Y. Socimezarea,1,GARBAGE
curato autonomo,1,clergy
rappresentante generali alimentarali,1,food representative
sottoscrira,1,GARBAGE
mercegie pellicceria,1,furrier
matalto neuro-se,1,GARBAGE
Bibliotecc 1. stituto Universitario Economia Commercio Co Foscar.,1,university library
detersivi saponi aflini,1,detergents and soaps
ca-toleria,1,GARBAGE
Archivista,1,archivist
sa to da uomo,1,men's clothing
rappresentante generi alimentari tevi (grosso),1,food representative
Patrocinatore legale,1,legal sponsor
macchine contabili calcolatrici,1,accounting machines
trattorio,1,restaurant
elettricisti idraulica gas,1,electricians and plumbers
ostetrico,1,medical profession
profumeria e parrucchiere per signora,1,beauty salon
Sostituto Proc.,1,legal profession
"orificeria, gioielleria",1,jewelry
anticihità belle arti,1,antiques
Giudecca,1,GARBAGE
"vicario S. Leone, (S. Lio)",1,religious institution/clergy
carrozzeria,1,automotive repair
legnami e pelli da costruzioni,1,construction materials
divise,1,uniforms
Istituto Ortopedioco Elioteropico,1,medical institution
casa di spedizione,1,shipping company
mobilio (negozio),1,furniture store
Arredamenti completi,1,furniture
imbarcbi e subarbe,1,GARBAGE
Esclusivisti delle rnigliori Marche Nazionali ed Estere,1,ADVERTISEMENT
"di Belle, Ferrer e Zacchiroli M., carbone e legna (grossista)",1,wholesale
Lavorazione artistica mosaici in smalto di vetro Veneziano,1,artistic craftsmanship
"Filiala: Pietrasanta (Carrara), Viale Oberdan 4, teleg. Castaman Pietrasanta",1,GARBAGE
rappresento macchine,1,machinery
mobilit (negozio),1,furniture store
riscaldamento e fumisteria,1,heating and plumbing
Direttore Banca d'A. mercica e d'Italia,1,banking institution
guarnizioni isolanenti,1,GARBAGE
isolamenti termici ed acustici,1,insulation services
chirurg,1,medical profession
par. socio,1,GARBAGE
caffe',1,café
aimenzanti (dett.),1,GARBAGE
Com. Esecutivo della Cam. Conf. del lavoro,1,government/civic institution
Segretaria della Camera Conf. del Lavoro,1,government/civic institution
sa ta,1,GARBAGE
pasticcera,1,pastry shop
"Vice Cam. dirigente ""Commissariato di Castello""",1,government/civic institution
medicina generale-Ospedale Civile,1,medical profession
"Gespppe Vec-tore s. N., Società mineraria",1,mining company
alimentari (dtt.),1,grocery
caffe' (esercizi),1,café
orefice'ia,1,jewelry store
merce'cie,1,GARBAGE
chiancigliere,1,GARBAGE
aromi per dolci,1,ADVERTISEMENT
fale indoperiche,1,GARBAGE
"Mercerie, filati e affini",1,haberdashery
"Compagnia Erbe, Medicinali, Alimentari",1,herbal medicine
Capo Stazione,1,transportation
Vice Presd. Società Canottieri,1,sports club
Negozio l’imbarchaioni,1,GARBAGE
Tormo,1,GARBAGE
Lavanderia e Stireria,1,laundry service
Vini (Grossista),1,Wholesaler
Acque Gassate,1,Soft Drinks
Fabbrica Vetri,1,Glass Factory
S. Maria della Presentazione (Zitelle),1,Religious Institution
S. Maria Gloriosa dei Frari,1,Religious Institution
Aiutante di CancelI. della Pietura,1,Government Position
Merletta e cirmi,1,Lace and Embroidery
Comm.,1,ADVERTISEMENT
numero 572,1,GARBAGE
rappresentanti carboni,1,Coal Representatives
articoli tecnici combustibili solidi e liquidi,1,Technical Articles
Agenzia Marittima e Spedizioni Internazionali,1,Shipping Agency
numero 565,1,GARBAGE
I. Archiviasti del Genio Civile,1,Government Position
droghcr (commercio),1,Grocer
Cassiere Principale Banca di Napoli,1,Bank Position
Ing. Capo Ufficio Tecnico dell’Amministrazione del Provincia,1,Government Position
fotografe (ottico,1,Photographer
rappresentante assicurazioni,1,Insurance Representative
Compagnia Immobiliare Edile,1,Real Estate Company
Ritratti artistici,1,Artistic Portraits
corred di sposa ment-le e rangni,1,Wedding Attire
caffè (eserzio),1,Café
Printe. Uff. Impianti Elettrici e di Segnalamento,1,Electrical Engineering
S. Marco Piazza Riva S. Chiara,1,Religious Institution
"Sed. Centrale, Mi. lanao, Via Correggio 31",1,GARBAGE
manifattura,1,Manufacturing
Piazzale Roma,1,GARBAGE
casi di spedizione,1,Shipping
prodotti agricoli,1,Agricultural products
Impianti elettrici di luce,1,Electrical installations
gas (industria),1,Gas industry
droghe (commercio),1,Drug trade
Confezioni per signora,1,Women's clothing
Albergo,1,Hotel
Marittimi,1,Shipping company
"Soc. Coop. a r. l, alimentari (det.t.)",1,Food cooperative
Salumi (negozio),1,Delicatessen
Zuccherificio,1,Sugar factory
Latte (produzione),1,Dairy production
"Alimentari (gross.), loc. Villabona",1,Wholesale groceries
"caffè (esercizi) | ""Circolo Varioni""",1,Café
"Soc. Coop. a. r. e. 1., alimentari (dett.)",1,Food cooperative
Màghera,1,GARBAGE
"Soc. per Az. a. r. 1., electrica e idraulica",1,Electric and hydraulic company
facchini pubblici,1,Public porters
pirechettaggio e verniciatura piroscafi,1,Ship painting
patrimenti Ientazioni,1,GARBAGE
"s. a. r. 1., alimentari (dett.)",1,Food cooperative
impresa Edile,1,Construction trade
portabagagli | nella Stazione di Venezia,1,luggage service
"Soc. Coop. a. r. 1., trasporti",1,transport company
facchini | publici,1,porters
tubazioni industriali,1,industrial piping
palombari,1,divers
Geometre,1,surveyor
Comunità Israelitica,1,religious institution
combustibili solidi,1,solid fuels
Calle Larga San Marco,1,GARBAGE
materiali radio elettrici,1,electrical materials
piloti,1,pilots
trattatia,1,ADVERTISEMENT
olii,1,oils
S. Bartolomeo,1,GARBAGE
Segretario Società Costruzioni Bincionaro,1,construction secretary
timbri di gomma in metallo e incisioni,1,rubber stamps
arpicprete Basilica di San Marco,1,ADVERTISEMENT
vini alimentari (ingrosso) (dett.),1,wholesale wines
macellaia,1,butcher
Calle del Mistro,1,GARBAGE
Navagero 54,1,GARBAGE
ferri e metalli usati,1,used metals
S. Marco 4292,1,GARBAGE
tornitore 2362,1,machinist
comprvendita immobili,1,real estate agency
orologiaio,1,watchmaker
liquori (dettaglio),1,liquor store
elettricità idraulica gas,1,utilities
"Costruzioni pavimenti, Terrazzi, Terrazzo alla veneziana stile Settecentesco, Mosaico",1,construction trade
ottici (commerce),1,optician
"Revisore Ufficiale dei Conti, Amministratore Giudiziario",1,legal profession
Lavori in Falegnameria,1,carpentry
dermosifilopatica,1,medical profession
macchine elettrica industriali e motori,1,industrial machinery
dolciumi (girosso),1,confectionery
Capo Stazione di Prima Classe,1,transportation
Segret. presso la Corte d'Appello,1,legal profession
Pres.,1,GARBAGE
"Geometra, prin.e del Genio Civile",1,civil engineer
Revisore dei Cont.,1,accounting
Capo uff. Trasmissioni,1,telecommunications
perle (lavorie i commercio),1,jewelry
macelliere (introduttore bestiame),1,livestock dealer
Condirettore,1,GARBAGE
autotrasport,1,transportation
jeuta,1,GARBAGE
macelleria (isola della Chiesa),1,butcher shop
radiogiologo,1,medical profession
salumn (negozio),1,ADVERTISEMENT
junioico,1,GARBAGE
pittori decoratori,1,decorative painters
catalfurcicico,1,GARBAGE
bandaro a luttioniere,1,GARBAGE
imp::e(.9 ed appalti,1,GARBAGE
impresa-edile,1,construction company
Ispettore Capo Ufficio scritture,1,government/civic institution
"Addetto ""Consigliere""",1,GARBAGE
impianti frigoriferi,1,refrigeration systems
incisore,1,engraver
pellami e cuolo,1,leather goods
orefaceri,1,goldsmith
ingg.,1,engineering
Cassiere,1,cashier
Leva e Mobilitazione,1,military service
Filatelica,1,philately
frigorifero e commcerstihii; catti,1,GARBAGE
arw.,1,GARBAGE
Ragiionere,1,accountant
materiale fotografico etc.,1,photographic materials
Soc. Industria Conserv alimentari,1,food preservation industry
cartu (commercio),1,paper trade
salami,1,salami
lavorazione doghe,1,wood processing
arciprete,1,clergy
sindaco supplente,1,government/civic institution
madura georlua. Le,1,GARBAGE
Vicario S. Sofia,1,Religious institution
ortopedico,1,Medical profession
impianti condizionamento d'aria,1,Air conditioning
"Alla Città di Scbio, Tessuti",1,ADVERTISEMENT
liagerie,1,GARBAGE
asserioazioni,1,GARBAGE
"consigliere Istituto Univers. di Economia e Commerico, C'a Foscari",1,Educational institution
fabbro ferruic meccanico,1,Metalworker
pittunzionii industriali,1,Industrial painting
ldm. Domnla Onesta,1,GARBAGE
"Via Galuppi, Burano",1,GARBAGE
S. Giovanni Decollato,1,Religious institution
Consigliere Ospedale Civile,1,Medical profession
e spechi (commercio e lavorazione),1,Commerce
Imbarcazioni e sbarchi,1,Shipping company
Comandante le tenenze Legione Territoriale dei Carabinieri,1,Government/civic institution
Carbone e legna (vendita al dettaglio),1,Retail trade
Apparecchi o materiale radio,1,Electronics
Antichità e belle arti,1,Antiques
Fruttivendolo,1,Grocer
Abbigliamento uomo,1,Clothing
imprese Edili,1,Construction trade
Municipio,1,Government/civic institution
Ispettorato del Lavoro,1,Government/civic institution
Commissariato di Lido,1,government/civic institution
impresario edile,1,construction trade
ferramenta,1,hardware store
Casa di Ricovero,1,social institution
Ritratti artistici e Lavori industriali - Reparto eliotro cinematografici - vendita materiale fotoincotenografico,1,ADVERTISEMENT
a M arcianca,1,GARBAGE
pesce e carni conservate,1,preserved fish and meat
impresa edili,1,construction trade
vernici sottomarine,1,marine paints
Società Immobiliare,1,real estate company
Insegne decorazioni al Neon,1,ADVERTISEMENT
macellaio,1,butcher
Trattoria vini,1,trattoria
fabbr. Terrario e mecca. nico,1,GARBAGE
molino,1,mill
"Ispett. Capo, Uff. Impianti Elettrici e di Segnalamento, Ferrovie dello Stato, Direzione S. Lucia",1,government/civic institution
manipolazione carboni FF. SS.,1,transportation service
rappresentante goiieri alametari,1,GARBAGE
Segretario Regionale del Lavoro per le Venezie,1,government/civic institution
Rivendita giornalai,1,newsstand
frutti e vermora (grossista),1,wholesale fruits
Tribunale dei Minorenni,1,legal profession
elettricista idraulica e gas,1,plumbing and electrical
Birreria,1,brewery
alla Basilica d’Oro,1,GARBAGE
rappresentanze tessuti,1,fabric representatives
Combustibili solidi e liquidi,1,solid and liquid fuels
pelletterie (negozio),1,leather goods store
caffè (torrefazione),1,coffee roasting
lucido da scarpe,1,shoe polish
Formaggio burro e conserva,1,cheese and butter
pellami e cuoi.,1,leather and hides
hotelgieria,1,hotel management
rappresentanti articoli in vetro,1,glassware representatives
Vice Presidente Deputazione Provinciale dell'Amministrazione della Provincia,1,provincial administration
scnure,1,GARBAGE
mobiliti usati,1,used furniture
merce- rie,1,GARBAGE
Forniture e Rappresentanze Articoli tecnici di Actis Caporale Letizia,1,technical supplies representatives
Purroco San Polo Apostolo,1,parish priest
Tipografia; Cartoleria,1,printing and stationery
Alimentari (dett.); Latteria,1,grocery and dairy
Confezioni,1,packaging
Rappresentanze di prodotti chimici,1,chemical products representatives
Mobili (negozio); Cartoleria,1,furniture store and stationery
Pediatra,1,pediatrician
Cappelleria,1,hat shop
Lingerie e maglie-ig.,1,lingerie and knitwear
Tappezziere,1,upholsterer
Mod.; Pellicerie,1,fashion and leather goods
Fotografa,1,Photographer
muele,1,GARBAGE
cabbone e legna,1,Firewood and Charcoal
Industria,1,Industry
medico chirurgo,1,Medical Profession
frutta e vedura,1,Fruits and Vegetables
Generatori Accellene Brevettati,1,ADVERTISEMENT
Dirig. Uff. Srrvizio,1,Government/Civic Institution
fiori artificiali,1,Artificial Flowers
"oggetti artistici, fotografia",1,Artistic Objects
Direttore Amm.,1,Government/Civic Institution
dettaglio,1,Retail
Campo Bandiera e Moro,1,GARBAGE
"Piazza Umberto 69, Via Piave 72",1,GARBAGE
Caor. prendolo,1,GARBAGE
Murano fdn. Santi 9,1,GARBAGE
in melleria,1,GARBAGE
fornaci da calce e laterizi,1,Construction Trade
vetriere in genere e lampadari,1,Glassmaking
per azioni,1,ADVERTISEMENT
delle Cliniche di Venezia,1,Medical Institution
dolciumi (mag osso),1,Confectionery
coltelli e arrotini,1,Knives and Sharpeners
anticichità e libreria,1,Antiques and Books
Calvacavia,1,GARBAGE
cereali (grossista e deposito),1,wholesale cereals
Cavalcavia,1,GARBAGE
Viale Miranese 98,1,GARBAGE
S. Marco 1119-20,1,GARBAGE
dolciumi (ingrosso),1,wholesale sweets
tabaccherìa,1,tobacco shop
tappezziere c.,1,upholsterer
commerciatista,1,GARBAGE
carbone e legna (det. taglio),1,coal and wood
lanerie e seterie,1,wool and silk
maniffatura e,1,GARBAGE
ricuperi marittimi,1,maritime recovery
Riva Schiavoni,1,GARBAGE
Reparto Compart. di Mobilitazione,1,government institution
fiscoi dischi per la spremitura delle olive,1,GARBAGE
Cassiere Economo,1,GARBAGE
vetro,1,glass
lavandiera,1,laundress
tappeti,1,carpets
Plexiglas,1,GARBAGE
Ass. fra Proprietari di Fabbricati,1,property owners association
(dett),1,GARBAGE
(dettaglio),1,GARBAGE
Istituto di Cultura Fisica,1,physical culture institute
Gestione Agenzie Marittime,1,shipping agency management
Offlcina Elettromeccanica,1,Electromechanical Workshop
Istituto Aut. per le case popolari,1,Public Housing Institute
Accademia di Belle Arti,1,Fine Arts Academy
autonoleggio e automorsa,1,Car Rental and Towing
carni equine,1,Horse Meat
Consigliere (TELVE),1,Counselor
pesce e crostacei,1,Fish and Shellfish
casa e editrice,1,Publishing House
olii commestibili (commercio),1,Edible Oils Trade
Pretura di Mestre,1,Court of Mestre
timbri di gomma,1,Rubber Stamps
"S. A., caffè",1,Café
Pres della (FLG),1,GARBAGE
dirigente Commissariato di S. Marco,1,Director of Police Station
carbone e legna (det- taglio),1,Coal and Wood
fabbro ferrajo e mecrtnico,1,Blacksmith and Mechanic
officina fabbrile,1,Manufacturing Workshop
paniiicio,1,Bakery
"f,attoria",1,Farm
farmacie,1,Pharmacies
Marco 7,1,GARBAGE
faiegrieria,1,GARBAGE
Vice Comm. Acqs.,1,Vice Commissioner
santo da uomo,1,GARBAGE
albergo - ristorante,1,Hotel-Restaurant
fabhro ferraio e meccanico,1,blacksmith and mechanic
Marangon,1,carpenter
Pittore Decoratore,1,painter decorator
Pasticcerias,1,pastry shop
Pelletterie,1,leather goods
Oggetti Artistici,1,artistic objects
Ferri e Metalli Usati,1,used iron and metals
Capo Servizi Sgx. Mag. Gen.,1,service manager
Organiz. (ANT),1,ADVERTISEMENT
Segretario Banca Nazionale del Lavoro,1,national bank secretary
Rappresentante Carta,1,paper representative
Soc. Acc. Sempl. Mobili (Negozio),1,furniture store
"Carte da Gioco ""Modiano""",1,playing cards
Articoli Casalin,1,household articles
di Venezia,1,of Venice
rappresentanze generi alimentarii,1,food distribution
Piazzale S. M. Elisabetta 21,1,ADVERTISEMENT
Comm. Agaxit. Ufficio Stranieri dalla Questura,1,foreign office
vicario S. Barnaba,1,clergy
Comando Mil. lit. Maritt. Aut,1,military command
Commissariato Compartimentale di Polizia Ferroviaria,1,railway police
Gabinetto Prefettura,1,prefecture office
Labor. chimie delle dogane e imposte di fabbriczione,1,customs laboratory
accordatori pianoforti,1,piano tuners
carta (grossista),1,paper wholesaler
rappresentante macchine,1,machinery representative
Comm. dirigente,1,commercial director
autoparosti,1,GARBAGE
trasporti e spedizioni,1,transport and shipping
Σegretario,1,secretary
magil'na (fabbrica),1,factory
Salvi Marco 2887,1,GARBAGE
Silvio. Giovanni e Mario,1,GARBAGE
bottiligeria,1,bottling industry
levame e pali da costruzioni,1,construction materials
Cann 8971,1,GARBAGE
Mlumlnio,1,GARBAGE
S. Pietro in Volto,1,religious institution
"Appareohgl per saldatura e taglio osalacetilenici, Riduttori di presslone, Impiantì di distrlbufione gas compressl, Rappresentanti per il Veneto: Soc. Rapprentazne Generali, S. Molse.",1,ADVERTISEMENT
"Pelletseun, Sarn Pietro in Volta",1,GARBAGE
Consegnatario Magazino Distretto Militaire dl Veniuzia,1,military supply
Gludeco 595,1,GARBAGE
lubrificanti,1,lubricants
lavori municipalizzati,1,municipal works
Cucine economiche,1,economical kitchens
seterie e lanerie,1,silk and wool
pellicceria tessuti,1,fur and textiles
pianificato,1,GARBAGE
fornura di calcei e butteri,1,shoe and boot supply
Trasporti Fluviali,1,river transport
importazione ed espor tazione varie,1,import/export
cartolexia,1,GARBAGE
Vescovo Ausiliare,1,religious institution/clergy
impresa edile riscaldamento fumisteria,1,construction trade
Adriatico,1,GARBAGE
fabbrica e deposito,1,factory and warehouse
marmellate frutta vendura (grossista),1,wholesale food
perlo (lavoro e commercio),1,GARBAGE
"di Spedizione, spedizioni e trasporti",1,shipping company
prodotti e sottoprodotti petroliferi,1,petroleum products
Giudice: Tribunale Civile e Penale,1,legal profession
Cantiere navale,1,shipyard
Radio e radiogrammofoni,1,electronics
Abiti (riparazioni),1,tailor
Cinema (agenzia noleggio film),1,ADVERTISEMENT
Vetro (lavorazione),1,glassworking
Trasporto,1,transportation
"Organizzazione Trasporti, spedizioni e trasporti",1,shipping company
Presidente Tstinto Veneto di Scienze Lettere ed Arti,1,government/civic institution
Medico generale,1,medical profession
"Ass. Naz. Mutilati ed Invalidi di Guerra, ex Palazzo Reale",1,government/civic institution
Parocco,1,religious institution/clergy
Alimentari (gross),1,grocery
Villuitteur,1,GARBAGE
"Commercio riso, farina, legumi, Ortaggi conservati all'orto, Carta da imbacco, Saponi in genere",1,wholesale food
Elettricista idraulica e gas,1,electrician
Deposito mobili,1,furniture storage
DU5E,1,GARBAGE
trattoria | P. Marghera Vi Rossanrol,1,trattoria
medicina generale | Osp. Infettivi,1,general medicine
ostetrice | Mestre,1,midwife
articoli somm.a,1,GARBAGE
farmaciaa,1,pharmacy
minerial,1,GARBAGE
rappresentante-prodotti chimii,1,chemical products
lavaderia e stierira,1,laundry service
rapprsentate macchinari,1,machinery representative
alimentari gross.,1,grocery wholesale
F.I.T.T.V.,1,GARBAGE
rappresentante penni alimentari,1,food representative
Consigliere Isttautiz Aut. per le case poplari,1,government institution
bandaio lattoniere,1,metalworker
S. Polo 2380,1,GARBAGE
Santa Apneise 909-A,1,GARBAGE
chincaglieria,1,miscellaneous goods
fabbrica,1,factory
Frari,1,GARBAGE
S. Polo 1421-A,1,GARBAGE
autoviatporti,1,transportation service
S. Marco 570,1,GARBAGE
S. Polo 2355,1,GARBAGE
S. Angelo 3880,1,GARBAGE
S. Angelo 3538,1,GARBAGE
metalli minuti,1,metal goods
Cann. 2102,1,GARBAGE
manutentore,1,maintenance
Ufficio di Espett. Oggetti di Antichita e d’Arte,1,antique and art office
Ass. dei Commercianti,1,merchants' association
fond. Cavor 13,1,GARBAGE
fotografie (gabinetti di pos.,1,photography
bar.,1,bar
di Giovanni Lucangei,1,GARBAGE
valigeria,1,luggage
rappresentante articoli in vetro,1,glassware representative
rappresentanze generali e limenari,1,general representation
P. S. in S.P.K.,1,GARBAGE
frigoriferi,1,refrigerators
terrazzano,1,GARBAGE
ispett. comp. dell'Ispettorato delle Imposte direttc,1,tax inspectorate
caroleria,1,GARBAGE
"articoli casalinghi, cartoleria",1,household goods
manifature,1,manufacturing
"merceire, filati e affini",1,haberdashery
lingería e maglierie mercerie filati,1,lingerie and knitwear
Ispettrice Gener. Opera Pia; Asili di Carità per l'Infanzia,1,charitable institution
"confezioni per uomo, impermanefili lingerie e maglierie",1,men's clothing
pellami e cuoi a,1,leather goods
deposito Marghera,1,storage facility
mercerie filati,1,haberdashery
alimentari (dott.),1,grocery
Pres. Società degli Amici dei Monumenti,1,cultural association
vic. intend. dell’Intendenza di Finanza,1,government office
frutta,1,fruit vendor
Ospedale Civile,1,hospital
"San Trovasso, Palazzo Giustinian",1,historical site
"S. Trovasso, Palazzo Giustinian",1,historical site
Reggente Uff. Ist. Naz. Ass. Malattia ai Lavoratori,1,government office
"C. Reparto, Uff. personale Ferrovie dello Stato",1,government office
Direttore Banca d’Italia,1,banking
cererie e prodotti affini,1,candle making
coltellaio e arrotino,1,knife maker
ebanista,1,cabinet maker
scuola,1,school
Laboratorio orologeria,1,watchmaking
Favaro Veneto Dese,1,location
Apparecchi agricoli,1,agricultural equipment
Acc. Senni.,1,GARBAGE
Fiori,1,flowers
Rappresentante,1,representative
Basilica di S. Marco,1,religious institution
"Confezioni Pellicceria, Deposito Pelli",1,Furrier
"Spedizioni Terrestre Marittime e Fluviali per l'Interno e per l'Estero, Filiali o Corrispondenti nelle principali località Italiane ed Estere. Servizi speciali di spedizione a mezzo autocarro e per Lombardia, Piemonte, Liguria, Emilia, Toscana, Lazio, Italia Centrale, Meridionale e Insulare.",1,Shipping Company
munitettature,1,GARBAGE
"Distribuzione e l'ispezione di giornali, Distribuzione giornali, Distribuzione Libri",1,Newspaper Distribution
rappresentante materiale elettrico,1,Electrical Supplier
rappresentante attorcchi in vitro,1,GARBAGE
calsature,1,GARBAGE
mobili sati,1,Furniture Store
di Eugenio e Mario Miozzi,1,ADVERTISEMENT
merce verie,1,GARBAGE
pittore decorato.°,1,Painter
Commissario dela Casa Previd. Lavoratori Portuali,1,Government Institution
carbone legna legnam & pali da costruzioni,1,Construction Materials
mercer.,1,Mercer
"Istituto Universitario di Economia e Commercio, Ca Foscari",1,University
Tappzatore,1,Upholsterer
orefici,1,Goldsmith
Provveditoria Marittima,1,Maritime Authority
prov. servizio impianti sport,1,Sports Facility Services
I Assistente del Genio Civile,1,Civil Engineering
pensione albergo,1,Hotel
rappresentante macchineri,1,Machinery Representative
materiale fotografia,1,Photography Supplies
sartola confezioni per uomo,1,Men's Tailoring
Pasticceria e Bar,1,Pastry Shop
Parroco,1,clergy
Specialità veneziana,1,ADVERTISEMENT
"Rappresentante tessuti, confezioni, liniti",1,textile representative
Dirigente,1,executive
"Specialità venoziane, pelletterie",1,leather goods
Specialità venoziane,1,ADVERTISEMENT
Decoratore e Pittore,1,decorator and painter
Lavandiner e stirrac,1,laundry services
"Specialità veneziana, quadri riproduzioni ed oggetti artistici",1,art reproductions
Imballaggi in legno,1,wooden packaging
Fonderia meccanica,1,mechanical foundry
Generacia,1,GARBAGE
"Legnime, mercerie, filat e affini",1,timber and haberdashery
Articoli sanitari,1,medical supplies
compravendita,1,trading
acciai,1,steel
armatore-aganzuia marittima,1,shipping company
materiale fotografico,1,photographic materials
radio e radio; alumunofni,1,GARBAGE
"prodotti officinali,S.g.r.l. prodotti farmaceutici (commerciali)",1,pharmaceutical products
cofor,1,GARBAGE
fatto da uomo,1,GARBAGE
RIECA,1,GARBAGE
Sottuto,1,GARBAGE
Specialisti in malattie oculari,1,medical profession
carta da macera,1,paper trade
cantlere navale,1,naval engineering
macchine a motori,1,machinery
Gran Viale 17,1,GARBAGE
vetreria,1,glassworks
Zinografia,1,GARBAGE
"Segretario di prima classe Tribunale Civile e Penale, Rialto numero 186",1,legal profession
nuclei Scal. Marghera,1,GARBAGE
eletrogavanica,1,electroplating
murtori,1,GARBAGE
C.P. 28,1,GARBAGE
Contabili ecc.,1,accounting
legnami e palia da costruzioni,1,construction materials
"C. Reparto Gl. personale Ferrovie dello Stato, Direzione",1,government/civic institution
olii commestibili (commerce),1,edible oils
"Società Italiana Cinemato-grafia, Soc. a r. l., cinema (aggenzi noleggio film)",1,cinema
"Costruzioni ed impianti elettrici idraulici sanitari e gas, Officina riparazioni, Venezia materiale",1,construction trade
calzaturficio,1,shoe factory
Riva Schiavoni 4207,1,GARBAGE
parroco S. Maria Elisabetta di Lido,1,religious institution/clergy
specialita veneziane,1,ADVERTISEMENT
rappresentante macchiarer,1,sales representative
"armi, munizioni, proiettili",1,arms trade
frutta e verdura (Grossista),1,wholesale produce
"Magasin de Paris, Sartoria, Confezioni e Lingerie di Lusso",1,fashion and tailoring
numero 45,1,GARBAGE
"fiori, piante e sementi",1,Florist
stoffine e tessuti,1,Fabrics
nettezza urbana,1,Waste Management
Proc. Tribunale Civile e Penale,1,Legal Profession
commercio enologico,1,Wine Trade
PSC. Soc. Ven. dell (UITIS),1,GARBAGE
Segretario Generale Deputazione Provinciale dell'Amministrazione della Provincia,1,Government Institution
perle (produtt. e commercio),1,Pearls Trade
mercerie e filati,1,Notions and Yarns
foraggi,1,Animal Feed
Bar caffè (esercii),1,Café
caffe (servizii),1,Coffee Services
fed. It. della Vela (FIV),1,Sailing Federation
"cicli e motocicli (accessori, riparazioni, vendite)",1,Bicycle and Motorcycle
via Dese,1,GARBAGE
Statistica Sez. Dogana,1,Government Institution
Intend. di Finanza,1,Government Institution
saponi,1,Soap
articoli funebri,1,Funeral Articles
"alimentari, gross.",1,Grocery Wholesale
"alimentari, detti",1,Grocery Retail
Clinica Ostetrica,1,Medical Profession
Lagenitmi e pali da costruzioni,1,Construction Trade
"mercerie, afiat e affini",1,Notions and Yarns
S. Polo 1418,1,GARBAGE
"caffe, commercio, droghe e dolciumi, Coloniali",1,Grocery Store
"caffè, importatori, droghe e dolciumi, coloniali",1,Grocery Store
P.esqnd. Automobile Club d’Italia,1,Automobile Club
Ritratti artistici - Lavori industriali - Reparto elmo-cinografico - Veduta materiale fotocinomatografico,1,ADVERTISEMENT
Produzione e Lavorazione vetro per Soffierie,1,Glass Production
noloeggio imbarcazioni,1,Boat Rental
manifatture tessuti,1,Textile Manufacturing
fornica di calce e laterizi,1,Construction Materials
carne vegetale,1,ADVERTISEMENT
"Ispetore Capo, Sez, Lavori di Venezia",1,Government Institution
modisteria,1,Millinery
Biblioteca Marcinina,1,Library
Via Rosa,1,GARBAGE
Agenzia Bufolo Gina,1,ADVERTISEMENT
piasza Giovanni,1,GARBAGE
pm. Patriarcale,1,Government Institution
Magazzino Deposito Materiali da Costruzioni,1,Construction Warehouse
Materiali per l’Edilizia,1,Building Materials
Gran Viale,1,GARBAGE
"cartoleria, libreria",1,Stationery Store
"terrazze porcellane, detersivi, saponi, affini (vendita)",1,ADVERTISEMENT
carta (commercio),1,Paper Trade
carbone e legna (grossisti),1,Fuel Wholesale
bottigliecia,1,GARBAGE
malatte polmonari,1,medical profession
avvz.,1,legal profession
cicli e motocicli (noleggio nolecizio riparazioni),1,motorcycle rental
fabbro e meccanico,1,blacksmith and mechanic
fiori piante e sementi,1,floristry
trattoria a Il Fureto Risoro,1,restaurant
disegnatore Soprintendenza ai Monumenti Medioevali e Moderni del Veneto Orientale,1,government/civic institution
trattorìa,1,restaurant
Tenenza delle Legioni Territ. Guardia di Finanza 44 tre,1,government/civic institution
Direttore dell’Istituto Nazionale per l’Assicurazione contro gli Infortunii sul Lavoro,1,government/civic institution
tabacchiere,1,tobacco shop
segretario,1,government/civic institution
modista,1,milliner
fabre ferraio e meccanico,1,blacksmith and mechanic
caleteria,1,GARBAGE
fotografo (agbinetti di pose),1,photographer
Mazzucco Cav. Giuseppe,1,ADVERTISEMENT
minerali,1,minerals
bigiotterie,1,costume jewelry
autoscuola,1,driving school
"Ispett. Riparto Telegrafo Uff. Impianti Elettrici e di Segnalamento, Ferrovia dello Stato",1,government/civic institution
professore Istituto Universitario di Architet,1,academic profession
Radio riparazioni,1,electronics repair
lubrificanti bitumi,1,lubricants
tappeti (negozio),1,carpet store
agenzia marittima spdiuzion,1,shipping company
Rappresentanze Medicinali,1,medical profession
Sarto da Uomo,1,tailor
Fabbro ferraio meccanico,1,blacksmith
Rappresentanze Produttrici di Medicinali,1,medical profession
"Pres. Reg., Sci Club Veneto",1,government/civic institution
Imbarcbi e sbarchi,1,shipping company
Cooperato',1,cooperative
Quadri,1,ADVERTISEMENT
Coloniali detersivi saponi affii (commercio),1,cleaning products
Rappresentante tessuti,1,textile representative
Albergo e ristorante,1,hotel and restaurant
Fotografie (gabinetto di posa),1,photography
Orologeria,1,watchmaking
"impianti e Forniture industriali e Civili, Risc. Moderni, Idraulici, Sanitari, Elettricità ed affini",1,industrial supplies
"vetri, cristalli e specchi",1,glass products
"prodotti antisettícu-genici, inchiostri",1,ADVERTISEMENT
"Rappresentanze Industriali, Commerciali ed affini",1,industrial representative
ricerche minerarie,1,mining research
lucido da Scarpe,1,shoe polish
Capo della Sezione price. Sez. Movimento Ferrovie Dello Stato,1,government/civic institution
Cucina Tipica Veneziana,1,Venetian cuisine
articoli fotografici ottica,1,photography equipment
spedizioni,1,shipping company
pasticcio,1,pastry
sarta; e a confezioni per bambini,1,tailor
"Uff. personale Ferrovie dello Stato, Direzione S. Lucia",1,government/civic institution
Direttore Generale Istituto Federale delle Casse di Risparmio delle Venezie,1,banking institution
l'attrice,1,actress
Segretario Consulate Regionale per l'Agroclultura e Foreste,1,government/civic institution
alimentari (dettaglianti),1,grocer
mobili di lusso e comuni,1,furniture store
nolleggno imbarcazioni,1,shipping company
ottico (commercio),1,optician
naturale cinematografico,1,GARBAGE
mercerie filati ed affini,1,haberdashery
rappresentante carta,1,paper representative
Consigliere Istituto Aut. per le case popolari,1,government/civic institution
friggitioria e commestibili cotti,1,ADVERTISEMENT
"pasticceria, bar",1,pastry shop
imbarchi e sbarchi,1,shipping company
squero,1,boatyard
"modisteria, succe. di Baroncelli",1,millinery
elettricista idraulico,1,electrician/plumber
"legnami e pali da costruzioni, (grossista)",1,construction trade
"parroco, S. Giacomo dall’Orio",1,religious institution/clergy
salumi (grossista),1,wholesaler
Direttore Banca Commerciale Italiana,1,banking institution
pali di legno,1,lumber
Impresa Lavori,1,construction trade
rigattatoi,1,second-hand goods
Aiutante di Cancelleria della Pretura di Mestre,1,legal profession
carbone e legname (dettaglio),1,coal and timber
lavanderia e stalleria,1,laundry services
petrolio,1,petroleum
palii iniettati,1,GARBAGE
argenteria e doratura,1,silverware and gilding
commercisita,1,GARBAGE
lateria,1,construction materials
maglieria biancheria (negozio),1,knitwear shop
alimentari (dettagli),1,grocery store
Imprese Edile,1,construction trade
Impresa Edile Falegnameria,1,carpentry
Macchine Utensili e Utensileria,1,machine tools
Macchine per scrivene - Calcilatrici - Duplicatori,1,office equipment
Veneta Costruzioni,1,construction company
forniture,1,supplies
articoli ceramici,1,ceramic articles
Imballaggii,1,packaging
s. r. Compien venditti automobilie,1,ADVERTISEMENT
oggetti preziosi ed affini,1,precious objects
Societa immobiliare,1,real estate company
S. Croce 772,1,GARBAGE
Investimenti Fondiari e Commercioli,1,investment services
Industrie laterizi e affini,1,brick industry
Importazione Esportazione Commercio Prodotti del suolo e del Findustrie,1,Import/Export Trade
Industrie Navali Officina Meccanicee,1,Shipbuilding Industry
officina di Motoeicli,1,Motorcycle Workshop
Stazioned di Venezia,1,Train Station
vetria,1,Glassworks
"inco,re, coestelatore, sbalzatore, timbri di gom- ma e metallo",1,GARBAGE
"Società automezzi Roma, automoleggi Automosport",1,Car Rental Company
"Comand. Circolo Iozione Tetrti, Guardia di Finanza",1,ADVERTISEMENT
"Servizi accessori ferroviari, libereria",1,Railway Services
Serveto di consulenze tecnice,1,Technical Consulting
Primo Pretore dirige entf,1,Legal Profession
Servizi autotrasporti Industriali di,1,Industrial Transport Services
alimenti (dett. c. ingrosso),1,Food Wholesale
Soc. Coop. Autotrasporti cel eri internazionali,1,International Transport Cooperative
Ca' Rossa,1,ADVERTISEMENT
Corso del Popolo 28,1,ADVERTISEMENT
Cann. 1671,1,ADVERTISEMENT
fotografia,1,Photography
impresa di costruzioni,1,Construction Company
Basiljca S. Marco,1,Religious Institution
chiavaleserie,1,Locksmith Services
"Sostituto capo Sez. Materiale Trazione, Ferrovie dello Stato, Direzione",1,Government Institution
scaprer,1,Shoemaker
abbiagliamento,1,Clothing Retail
Cerioniero del Patriarcato,1,Religious Institution
pelliche,1,leather goods
abitì confezionati,1,tailored clothing
Società Carburanti Italiana Anonima,1,fuel company
Vice Comm. Agg.,1,GARBAGE
Comm. Aggi.,1,GARBAGE
Pelet (lavor. e commercio),1,woodwork and trade
har. s,1,GARBAGE
Vice Presid. Sc.,1,GARBAGE
bandaio e fattirone,1,carpenter and builder
Telecommunication,1,telecommunications
Immobiliare,1,real estate
Molini artistici e tappaziere,1,artistic mills and carpets
Fabbrica,1,factory
pasticciere,1,pastry chef
dermatologo,1,dermatologist
industries,1,manufacturing
"merce nelia, filati e affini",1,"goods, yarns, and related"
Membro Ann.,1,GARBAGE
elettricista,1,electrician
geometra,1,surveyor
perle d’ogni tipo a lume,1,glass beads
"Sez, Materiale Trazione",1,GARBAGE
lapidi marini,1,marine tombstones
"merce-ria, filati e affini",1,"goods, yarns, and related"
ostetia,1,inn/hostel
pubblicità,1,ADVERTISEMENT
consigliere,1,legal profession
Capitale Lire 60.000.000,1,GARBAGE
Imp. Gen. per Costruzioni,1,construction trade
terramatta e metalía,1,GARBAGE
oreccheria,1,jewelry
radiomeccanica,1,GARBAGE
"argenteria, oreficeria, gioiellerie",1,jewelry
"saccheria, azzettaii e santi",1,GARBAGE
fiamaviera,1,GARBAGE
"orologeria, oreficeria, gioielleri",1,jewelry
Ass. Sportiva Veneziana C. Renyen,1,sports association
Basilica di San Marco,1,religious institution
"perle (produtt, e commercio)",1,jewelry
mobili (fabbrica),1,furniture manufacturing
Archivista dell’ Avvercatura dello Stato,1,government/civic institution
"Soc. R. Rappresentanze e Attività affini, case editric",1,publishing company
"Comando iplepii, Legione Territ, Guardia di Finanza",1,government/civic institution
Prefabbricati,1,construction trade
impianti di riscaldamento elettricità idraulica e gas,1,construction trade
Sindacato Imprese Trasporti Recuperi e Ricostruzioni attivita navale,1,transportation trade
osterie,1,tavern
cartoleria oggetti artistici,1,stationery
Soc. Lavorazione Vetri e Cristalli,1,glass manufacturing
tintoria puliture a secco,1,dry cleaning
materiale per costruzione,1,construction trade
ne,1,GARBAGE
legno carboni (grossisti),1,wholesale wood and coal
curtona legna,1,GARBAGE
carta (grossiuita),1,paper (wholesale)
merletti ciconini,1,lace making
Pal Da Mula,1,GARBAGE
essicazione frutta ed erbaggi,1,fruit and vegetable drying
"cotellajuai, arrottini, minio",1,GARBAGE
"aricule sanitari, prodotti farmaceutieci",1,medical supplies
Industria sur- roggati cffe,1,coffee industry
Met'e,1,GARBAGE
vetrate artistiche,1,stained glass
gas (industrie),1,gas industry
c .i o noleggi,1,rentals
società di assicurazioni,1,insurance company
pic eletteggio e verniciatura piroscafi,1,ship painting and varnishing
"autotrasporti, spedizioni",1,transportation and shipping
Perle e Centre,1,GARBAGE
"elttricità econo, nizatori",1,electricity
latte,1,milk
contoi e casearia,1,dairy products
prodotti farmaceutici,1,pharmaceuticals
caffe,1,coffee
O.S.M.,1,GARBAGE
comm.,1,GARBAGE
rag,1,GARBAGE
Soc. Coop. Muranese di Consumo,1,cooperative
attività immobiliari,1,real estate
prodotti industriali,1,industrial products
fonderia,1,foundry
elettromeccanica,1,electromechanical
materiale per saldature autogeno ossigeno,1,welding materials
legna per cellulose,1,wood for cellulose
acquedotti,1,waterworks
per prodotti e commercio,1,GARBAGE
Società mobiliare immobiliare e agricola,1,real estate company
o'clock,1,GARBAGE
Macellazione Venezia,1,butcher
Navigazione Fluviale,1,shipping company
Fornace da calce e laterizi,1,lime and brickworks
Filanda,1,silk mill
Fonderia p'eceuenca,1,foundry
Tessuti stampati e arti etici,1,printed fabrics
Ghiaccio (tabralerio),1,GARBAGE
Antichita della arti,1,antiques
Antichita belle arti,1,fine arts
Essiccato lozzoli,1,GARBAGE
Rimorchi navali,1,naval towing
Attività immobiliare,1,real estate
Fornacci da calce e laterizi,1,Brick and Tile
Acquisto fabbricati e aziende agricole,1,Real Estate
Molino,1,Mill
Carboni e Legna da ardere,1,Coal and Firewood
"Riva del Carboni ""Palazzo Benlo",1,ADVERTISEMENT
Agricoltura R.I.A.C.,1,Agriculture
Vereie,1,GARBAGE
Salumi,1,Cold Cuts
Lungomare Malamocco,1,ADVERTISEMENT
Molini e Pastificio,1,Mills and Pasta
compra vendita immobili,1,Real Estate
impresa pompe funebri,1,Funeral Services
"cereali (grossista), olii commestibili (commecio)",1,Wholesale Grains and Oils
reprezntanze varie,1,ADVERTISEMENT
vetroflex,1,ADVERTISEMENT
"caffè (eserzio), Castello 4565",1,Coffee Shop
minio,1,GARBAGE
ghiaerio (fabbrica),1,Gravel Factory
attività immobiliare,1,Real Estate
industria laterizi,1,Brick Industry
"impianti elettrici di qualsiasi tipo, Lampadari, Compresi illuminanti, Apparecchi o materiale elettrico, Proiettori, Vetrof diffusori primidali Holophane Fidenza. Rappresentante della Società e Compagnia Elettrotecnica Italian., ""Fidenza"". Soc. An. Vetraria, a Dueic (Termoconvettori e Termareatori eletrtic) ol A.E.R.); Apparecchiature Elettroe Razionali, Materiale per installazione m°, Agente della Soc. Fabbriche Rumci >Neon >, Venezia",1,Electrical Equipment
vetre. rie in genere e lampadari,1,Glass and Chandeliers
lavori poruuali materiali per costruzioni,1,Construction Materials
"Costruzioni edili, civili e industriali, industri inoshiva",1,Civil and Industrial Construction
"Ufficio di Venezia, Sezioni: Stabilimento Grandi Motori, Ferriere Piemontesi, Industrie Metallurgiche ed Accialerie, Fonderie Ghisa, Materiale Ferroviario, S. A. Metalli, S. A. Produscia, S. A. Ricuperi Metallifei, Prodotti Vitoc e della Vetrooock.",1,Metallurgical Industry
"Manufatti in cemento, tubi in cemento",1,Construction materials
comperavendita immobili,1,Real estate
rappresentante articoli casalinghi,1,Housewares representative
impresa ed appalti vari,1,Construction and contracts
macellazione,1,Butchery
costruzione e gestione alberghi,1,Hotel management
accumulatori,1,Batteries
"Lavori Edili i cementi armati, Opere pubbliche",1,Civil engineering
elettricità e idraulica,1,Electrical and plumbing
"mezzi S.M.L.T., elettricità idraulica e gas",1,Electrical and gas services
cinema e agenzia noleggio film,1,Cinema and film rental
Quartiere Urbano,1,Urban district
numero 1641,1,GARBAGE
661-A,1,GARBAGE
Via Pasqualegio,1,GARBAGE
"drogheria, pasticceria",1,Grocery and pastry
"S. Marco, numero 367",1,GARBAGE
perle vetrerie e lampadari bigiotterie,1,Glass and chandelier beads
rappresentante carboni,1,Coal representative
tratto-ia,1,GARBAGE
comm. al'oglio,1,GARBAGE
fotografie (gabinetti di posa),1,Photography studio
caffe (serezizi),1,Café services
carbone e legna ingrosso (dettaglio),1,Coal and wood wholesale
provveditore marittimo,1,Maritime supplier
fibre vegetali ed affini legna,1,wood products
ore-fiseria,1,GARBAGE
agenzia aunnitima spedizioni e trasporti,1,shipping agency
Lavorazione di Sughero in genere,1,cork processing
sughero,1,cork
legnami e pali da costruzi,1,timber and poles
Soc. Veneta Impianti Elettrici e lettricit€: id-arulici,1,electrical company
spedizioni trasporti navigazione,1,shipping and transport
Carbone e Legna (Dettaglio),1,coal and wood
Sartoria e Confezioni per Signore,1,women's tailoring
Colori e Vernici (Dettaglio),1,paints and varnishes
Cartoleria Chinaglierie,1,stationery
(Consultivo dei Comune),1,government/civic institution
parroco Treporti,1,clergy
Presidente dell'Associaz ione fra i dipendenti di Aziende Commerci alie della Provincia,1,labor association
"Chioggia, Calle Gradasa 4716",1,GARBAGE
parroco S. Maria del Gi glio,1,clergy
Uff. I. Ragioniere Intenden. za di Finanza Direzione Lotto,1,government/civic institution
co 1294,1,GARBAGE
Presidente del ACCNl,1,labor association
(dett.),1,GARBAGE
"Suoc Fratelli Scarpa, Agenzia Marittima e Casa di Spedizioni",1,shipping agency
Addizionatori,1,GARBAGE
Industria Acque Gassate,1,soft drink industry
Ispett. Comp. delle Tasse e delle II. DD. sugli Affari,1,government/civic institution
Servizio,1,Service
Arciprete,1,Clergy
Maglieria (negozio),1,Knitwear Shop
Fornaci,1,Brickworks
Naviglio,1,Shipping
Laterizi Materiale per costruzioni edilizie,1,Construction Materials
Alimentari (GROSS),1,Grocery
Rosticceria,1,Rotisserie
Società di Navigazione Ae-rea,1,Shipping Company
Tossenti filati,1,Yarn
soprintendente dell’Ente autonomo del Teatro la Fenice,1,Theatre Administration
segretario Istituto C. T. universitario di Economia e Comm.,1,University Secretary
Laboratorio Fiale,1,Laboratory
"seterie, merletti e ricami",1,Textiles and Lace
reti e articoli da pesca,1,Fishing Supplies
"alimentari, numero",1,Grocery
"Ferramenta, Utensileria, Articoli casalinghi",1,Hardware Store
antiichabile belle arti,1,Fine Arts
rappresentante articoli casalinghici,1,Home Goods Representative
alimentari (dettaglio),1,Grocery
Presidente Deputazione Provinciale dell’Amministrazione della Provincia,1,Provincial Government
calce e laterizzi,1,Lime and Bricks
Agenzia di viaggi e turismo,1,Travel Agency
Agente principale di Venezia: Soc. Rappresentanza Generali,1,Insurance Agency
sarda da uomo,1,Men's Sardine
caccia,1,hunting
arciprete Basilica di S. Marco,1,religious institution/clergy
elettricità e idraulica e gas,1,utilities
pelle (lavor. e commercio),1,leather trade
concerie e pelli,1,leather goods
perle,1,pearls
budella,1,intestines
Premiata Fonderia Artistica Maccanica con Laboratorio Bronzi,1,metal foundry
macelleria (introduttore bestiame),1,butcher
ombrelli,1,umbrellas
trasporti marittimi diurnali e terrestri,1,shipping company
arxiv,1,GARBAGE
tessuti alti,1,textiles
rappresantanze varie,1,ADVERTISEMENT
Conservatore Archivio Storico d’Arte Contemp.,1,government/civic institution
pommerinista,1,GARBAGE
automatismi,1,automation
coltelleria,1,cutlery
Lo Ragioniere Ghn. neto Prefettura,1,government/civic institution
Segret. Capo,1,government/civic institution
al bar,1,ADVERTISEMENT
caffé,1,coffee shop
cavalli da corsa,1,horse racing
Comandante in 2.,1,military rank
modelli abiti signore,1,women's fashion
cristalli e specchi (commercio e lavorazione),1,glass and mirror trade
notelli gressi e lavorati,1,GARBAGE
tintoria e pulitura a secco,1,dry cleaning
alimentari (gros.),1,grocery
usciere,1,usher
oggetti artistici per regali,1,gift shop
mererce,1,GARBAGE
friggitore e commestibili,1,fried food vendor
Sarto,1,tailor
Mosaicista,1,mosaic artist
Latte,1,dairy
Esercizi,1,GARBAGE
"Comm, esecutivo",1,ADVERTISEMENT
baccaleria,1,fishmonger
servizi,1,services
San Angelo 2984,1,GARBAGE
parru1chiera,1,hairdresser
hottigliocristai.,1,GARBAGE
fabbro,1,blacksmith
Fabbro,1,blacksmith
Circolo della Spidal,1,civic club
commerciants,1,merchants
Alberoni Bagni,1,spa
Vi ale di S. Elishabetta 57,1,GARBAGE
FERRO-VE DELLE STATO,1,government institution
pensione (dipendenza Excelsior),1,hotel
falegnamerie,1,carpentry
detta artigianale,1,ADVERTISEMENT
vini e olii,1,wine and oil
acqui di colonia,1,perfumery
vetreria in genere e lampadari,1,glassware
Dioni,1,ADVERTISEMENT
confezioni,1,packaging
Mestre Piazza Umberto Primo,1,ADVERTISEMENT
valli cultura,1,ADVERTISEMENT
levita,1,GARBAGE
saddlery,1,saddlery
bakery,1,bakery
perfumery,1,perfumery
laundry and ironing,1,laundry
various,1,ADVERTISEMENT
sewing goods,1,sewing goods
logs,1,GARBAGE
Venetian specialties,1,ADVERTISEMENT
shoes,1,shoes
dressmaker,1,dressmaker
calfabricinio,1,GARBAGE
tabaccheria | Vie Macello,1,tobacco shop
Comando Milit. Maritt. Art. dell'Alto Adriatico | Arsenale,1,government/military institution
pelami e cuoio,1,leather goods
Metall d'Arte,1,Metalwork
sciroppi liguori,1,Syrups
negozio imbacazioni,1,Packaging shop
Attuario,1,Actuary
Vice Direttore Istituto Vittorio Alfierl,1,Educational institution
barbiere | Pescheria,1,Barber | Fishmonger
graunoche e legna (dettagilo) | S. Polo,1,Firewood and coal
sartoria e confezioni,1,Tailoring
trattoria | Burano Treporti,1,Trattoria
Ispett. Contabile Am,1,Accounting inspector
osteria | Murase fdm. Navagero,1,Osteria
bazar,1,Bazar
rappresentante macchinarl,1,Machinery representative
Consigliere del Circlo Fi,1,Civic advisor
lavanderia e stirerie,1,Laundry
alimentari (d.t.),1,Grocery
promumerla,1,Perfume
specialitá veneziane,1,Venetian specialties
stoffe,1,Fabrics
soc,1,GARBAGE
alimentari (detta.),1,Grocery
Importazione,1,Importation
incendiere,1,Firefighter
"Geriatrico del Seminario Patriarcale, Santa Maria della Salute",1,Medical institution
Simone,1,GARBAGE
Instituto Universi di Economia e Commerc,1,University
ditta,1,Business
Nuova,1,ADVERTISEMENT
(Ditta),1,Business
"Clichés in zinco, rame ed ottone",1,Printing
"incisore, cesellatore, sbalzatore",1,Engraving
"fiori, piante e cementisti",1,Florist
Veneto,1,ADVERTISEMENT
"cioccolopo, caffè (esercizi)",1,Coffee Shop
"caffe, (esercizi)",1,Coffee Shop
"cicità, noleggio imbarcazioni",1,Boat Rental
officina industria alluminio,1,Aluminum Industry
officium industria,1,Industry
Fotografia,1,Photography
nepote,1,ADVERTISEMENT
"cordami, spaghi, filati",1,Cordage
Cereali,1,Grains
officina meccanici metalurgla e costruzioni in ferro,1,Metalworking
ferro battuto,1,Wrought Iron
hur,1,GARBAGE
polizia rifiori,1,Police
2196 A,1,GARBAGE
"Spt, S. Zaccaria",1,ADVERTISEMENT
Insegnanti Circolo Filologico,1,Education
poste e telegrafi,1,Postal Service
terrazzi piorellane,1,GARBAGE
Vini (grossista),1,wine wholesaler
Giornali (rivendita),1,newspaper retailer
lingerie e maglieric,1,lingerie
profumi e affini (fab. brcia),1,perfumes manufacturer
cereali (grossista e de-posto),1,grain wholesaler
Fabbro Ferrario e Une-celnino,1,blacksmith
Antiche,1,GARBAGE
leatarie,1,GARBAGE
sarto a uomo,1,tailor
Tuberero,1,GARBAGE
"Ritratti artistici, Lavori industriali",1,artistic portraits
colori e vernici (dett.),1,paints retailer
carbonaio e legna (dettaglio),1,coal and wood retailer
S. Maria degli Angeli (Murano),1,religious institution
Palazzo ex Reale,1,government/civic institution
(gabinetti di posa),1,GARBAGE
A.C.S Empale. vile e handli're;,1,ADVERTISEMENT
alimentarist (gross),1,food wholesaler
elettrotecnica,1,electrical engineering
"Pres. Assoc. Naz. Reduci, Palazzo ex Reale",1,government/civic institution
Società Coop. dell’Arte e dei Lavoratori dell’edilizia ed affini,1,construction trade
materiali radio electri,1,electrical materials
articoli sanitari,1,medical supplies
compra-vendita,1,trade/brokerage
chianista,1,tailor
nolleggio imbarcazioni,1,boat rental
artistic,1,artistic
well executives,1,ADVERTISEMENT
macchine sutenili nuove e do canzone,1,GARBAGE
VENEZIA,1,GARBAGE
"""Pavimenti e rivestimenti""",1,flooring and coverings
Arredamento,1,furniture
Scuola di dattilografia,1,typing school
Imballaggi,1,packaging
Hotel-Restaurant,1,hotel-restaurant
Banchi Lotto,1,lottery office
Ditta Fiorin Pietro,1,ADVERTISEMENT
FORNITURE COMPLETE,1,complete supplies
Case da Gioco,1,gaming houses
Costruzioni Meccaniche,1,mechanical construction
Gassogeni,1,gas generators
Ditta Cecchiotti,1,ADVERTISEMENT
"VETRI DIFFUSORI PRISMATICI PER ILLUMINAZIONE, PROIETTORI E RIFLETTORI PER ILLUMINAZIONE, PUBBLICA, INDUSTRIALE, STABILIMENTI E UFFICI, RAPPRESENTANTE S. A. SUPER LUX",1,lighting equipment
"IMPIANTI ELETTRICI DI QUAL SIASI TIPO, LAMPADARI, COMPLESSI ILLUMINANTI, APPARECCHI E MATERIALE ELETTRICO, PROIETTORI, VETRI DIFFUSORI PRISMATICI,",1,electrical installations
"INSEGNE DECORAZIONI AL NEON, IMPIANTI DI ILLUMINAZIONE A GAS RARI, AGENTE PER IL VENETO S. A. SUPER LUX",1,neon signs
MILANO,1,GARBAGE
"SOCIETÀ ADRIATICA TRASPORTI TURISMO IMBARCHI, SBARCHI, (GIÀ SUCO. GUETTA SOC. AN.) UFFICIO VIAGGI E TURISMO,",1,travel agency
IMBALLAGGIA DI LEGNO PER QUALSIASI INDUSTRIA PAGLIA DI LEGNO PER IMBALLE DEPOSITO DI VENEZIA,1,wooden packaging
Orologi,1,watches
Turaccioli,1,ADVERTISEMENT
capo ufficio matricola,1,government/civic institution
Conterie ar-pe-le,1,ADVERTISEMENT
Industria editoriale San Fantin,1,publishing industry
Accademico,1,academic profession
Presd. Soc.,1,ADVERTISEMENT
Comandante,1,military rank
Capo del Compartimento Ferrovie dello Stato,1,government/civic institution
assistente Soprintendenza ai Monumenti Medievali e Moderni di Veneto Orientale,1,government/civic institution
scatole carta cartoni ed affini,1,packaging industry
"ristorante, caffè",1,restaurant/café
to-ba,1,GARBAGE
notai1o,1,legal profession
barberie,1,barber
sagunrO,1,GARBAGE
S. A. Commercio Carboni e affini,1,trading company
"stoffe, tessuti, lingerie e maglierie",1,textile industry
Commissario Straord.,1,government/civic institution
Compravendita immobili,1,real estate
carbone e legna (grossosta),1,fuel supplier
fabbro ferrario e meccanico,1,metalworker
Ispettor Prov. agricoltura,1,government/civic institution
elettricità industriale e gas,1,industrial services
professor,1,academic profession
insegnanter,1,educator
Capo Sez. Uff. Dazio,1,government/civic institution
Affitti,1,rentals
Istituto Universitario di Architettura,1,university
stoffe per mobili,1,upholstery
"Forniture Statali, Parastatali e Private, Costruzioni Elettriche Centrali, Sottostazioni di Trasformazione e smistamento. Cabine di Trasformazione e di Manovra, Officine carica accumulatori. Linee per trasporto energia per alta e bassa tensione. Per trazioni o telefoniche in genere. Impianti di bordo: Da guerra e mercantili, industriali di luce o forza motricc., Domestici, Di segnalazione. In serie e ad intensità costante, Telefoni, Teatrali, Ospedalieri. Segnalamenti Terrestri e Marittimi. Acustici o luminosi. Macchinari Elettrici, Riparazioni, Riavvolgimenti.",1,electrical construction
dermosifilopata,1,medical profession
Associazione Regionale tra gli Industriali,1,industrial association
San Giovanni e Paolo,1,religious institution/clergy
galleria d’arte,1,art gallery
avvocate,1,legal profession
mobili fabbriche,1,furniture manufacturing
fabbro ferraio e mecca-nico,1,blacksmith and mechanic
"Confezioni ""Al Pupo"" Per Bambini",1,children's clothing
Stoffe per arredamenti,1,upholstery
Colletlico Italialee,1,GARBAGE
"Guanti, Pizzi, Ricami a mano, Esportazione",1,gloves and embroidery
bodhiie,1,GARBAGE
Piazzale Roma 497,1,GARBAGE
Zattere 1406,1,GARBAGE
Ospizio Marino,1,nursing home
cantiere navale ricuperi,1,shipyard
Rettore Istituto Italiano Bava,1,university
Compagnia Legione Territoriale dei Carabinieri,1,government/civic institution
Istituto Universitario di Economia e Commercio,1,university
Articoli imballaggi di cellulosa,1,packaging supplies
"Comoini chimici, Prodotti chimici, Prodotti azotati, Alcool, Cereali, vini, ecc.",1,Chemical products
Libreria Universitaria,1,University bookstore
Genio Magistrato alle Acque,1,Water authority
conservere,1,ADVERTISEMENT
stoffe tessuti,1,Fabrics
tappetti decorazioni,1,Carpets and decorations
otorinolaringoiatra,1,"Ear, nose, throat specialist"
cornice,1,Frame
Dentista,1,Dentist
macchine per cucire,1,Sewing machines
Società Fabbriche Riunite,1,Manufacturing company
pollc-in,1,GARBAGE
trattoria e Albergo il  Accademia,1,Restaurant and hotel
cicli e motocicli (accessori,1,Bicycles and motorcycles
pellicterie,1,Furrier
Capo di Stato Magg. Comando Militare Marittimo Autonomo Dell'Alto Adriatico,1,Military command
risandamento e fumisteria,1,Plumbing and heating
Pres. dell'Associazione Prov. tra gli Agenti di Assicurazione,1,Insurance association
carbone e legna (grossi sta),1,Coal and wood
articoli igienici,1,Hygiene products
Concessionaria per le reclandiazioni circolari,1,ADVERTISEMENT
radio (trasmissioni),1,Radio broadcasting
"commmercio e lavorazione, Stabilimento : Murano, Fondamenta Manin numero 78",1,Glass manufacturing
Istituto Nazionale per l'Assie. contro gli Infortuni sul Lavoro,1,Occupational safety institute
Distretto Militare di Venezia,1,Military district
lo porta orlat. uff. nostra generale sull’entrata,1,GARBAGE
Officina di Villar Perosa,1,Workshop
professore Istituto Universitario di Architettura,1,Architecture Professor
"Ispettore di Zona, Azienda di Stato per i servizi Telefonici",1,Government Agency
stoffe per arredamenti,1,Furnishing Fabrics
carbonia,1,GARBAGE
Tendomna Volante Legione Ferrit,1,GARBAGE
argenteria orologeria,1,Silverware and Watches
Negozi,1,Retail
Pavimentazioni e Rivestimenti Musici e Vetrosi,1,Flooring and Coatings
A.l S. Biagio,1,GARBAGE
Soprintendenza ai Monumenti Medioevali e Moderni del Veneto Orientale,1,Government Institution
compatabile suprimetendenza al Monumenti Medianei e Moderni del Veneto Orientale,1,GARBAGE
Archivista Soprintendenza ai Monumenti Medioevali e Moderni del Veneto Orientale,1,Government Institution
automoleggio,1,Car Rental
industria bostchiva,1,GARBAGE
"stoffe per arredamenti, tendeaggi e tappezzi, Filiali a Roma, Milano, Torino, Firenze",1,Furnishing Fabrics
Ingrosso Maglierie,1,Wholesale Knitwear
Riparazioni Radio,1,Radio Repairs
Istituto Universitario di Architett.,1,Architecture Institute
Magistrato alle Acque,1,Water Magistrate
Commercio,1,Commerce
pesce crostacei,1,Seafood
tendaggi e tappeti,1,Curtains and Carpets
notato,1,Notary
commercio e lavorazione,1,commerce and processing
S. Marco 597-B,1,GARBAGE
carbone importatori e produttori,1,coal importers and producers
Ispettrice Reale Infermiere Volont. Croce Rossa Italiana,1,medical profession
radiologo,1,medical profession
vetri in genere e lampadari,1,glass and chandeliers
pharmacy,1,pharmacy
factories,1,factories
Pres,1,GARBAGE
Acquedotti,1,waterworks
"Costruzione riparazione e motorizzazione Burchi, Bragozzi, Topi, Maone, Peate; Motoscafi di lusso e da trasporto - Arredamento completo del natante",1,construction trade
Coltellerie IN GENERE - ARROTATURA RASOI,1,cutlery
libri antichi,1,antique books
Orzo,1,GARBAGE
Ottonai,1,GARBAGE
(già Pardo e Bassani),1,GARBAGE
Ufficio Rappresentanza Prodotti Italiani URPI,1,ADVERTISEMENT
Elettricista,1,electrician
agnuni,1,GARBAGE
S. Luca 1578-C,1,GARBAGE
autotrasporti ricuperi navali,1,transportation and salvage
per Imprese di Costruzioni,1,construction trade
In. dell’intendenza di finanza,1,government/civic institution
sartoria e confezioni per signorа,1,tailor
rappresentante macchinari,1,machinery representative
lavandera e stireira,1,laundry services
S. Maria delle Penitenti,1,religious institution
S. Lodo. vico (S. Alvise),1,GARBAGE
Agenzia Marittima e casa di spedizioni,1,shipping agency
fabbro ferraro e meccanico,1,blacksmith and mechanic
casa di cura fdm.,1,medical institution
ceramica,1,ceramics
I.Q prof. titol. un. post,1,GARBAGE
Stole e tessuti,1,fabrics and textiles
"s. 8. a r. 1., lavori manovalanza",1,GARBAGE
Fabbrica Acque Gassate,1,beverage factory
autoligenzio e straflutione sa,1,GARBAGE
tabachcheria,1,tobacco shop
"Ispez., di Ia Cl. Sicz. Larovici di Venezia, Ferrovec dello Stato, Direzione S. Luca",1,government inspection
Lavoro (ANPI),1,labor organization
carta da parati ed affini,1,wallpaper and related
iucoperi navali,1,naval supplies
lavandoria e steria,1,laundry services
orefacreia,1,jewelry store
Ispettore Capo l'Uffcio visite,1,government inspector
rappresentante generale alimentari,1,food representative
Specialista,1,specialist
Capo Gruppo Regionale,1,GARBAGE
Negoziante,1,merchant
botigli°eria,1,wine shop
autoriparatori,1,auto repair
Pres. della Soc,1,government/civic institution
(ANPI),1,government/civic institution
Fiori piante e sementi,1,flowers and plants
Costruzioni mercante,1,construction trade
Mosaici Articoli Gres Industriali Ceramiche Aprile Lavorate,1,ceramics and mosaics
Stazione A.,1,transportation station
dirett. uff. distrett. delle Imposte Dirette,1,government/civic institution
AFFITTI-APPARTAMENTI CASE,1,ADVERTISEMENT
impresa edile e appalti vari,1,construction trade
"Vini (grossista), liquori (fabbrica & deposito)",1,wine and liquor wholesale
Ritocchi artistici - Lavori industriali - Reparto eliocinografico - vendita materiale fotocenematicografico,1,ADVERTISEMENT
INSETTICIDI,1,pesticides
trasporti,1,transportation
Empoilo Materiale Elettfi.,1,electrical materials
Economo Accademia di Belle Arti e Liceo Arti,1,educational institution
ristor ante,1,restaurant
"t. r. I., per la gestione del caffè: Alpolco, caffè (esercizi)",1,ADVERTISEMENT
S. A. Ricomimenti Alveraggo aux Verenti autorimoti,1,ADVERTISEMENT
cas erni animali,1,animal care
Fabbrica S. Baseggio 1124,1,manufacturing
Geludio Civile,1,civil service
eralta (torrefazione),1,coffee roasting
gioiellera (rivendita),1,jewelry retail
S. Marco numero 1321,1,ADVERTISEMENT
Uflicio Stampa Cabineto di Prefettura,1,government/civic institution
pali in cemento armato,1,construction trade
osterica,1,restaurant
"autotrasporti, carbone e legnami",1,transportation
Ponte dell’ Olivo,1,GARBAGE
cement con- truction e mandauti di calce,1,construction trade
Ruga Giuffa,1,GARBAGE
osteitrico,1,medical profession
elettricita idraulica e gas,1,utilities
parrucchiera per signora,1,hairdresser
Capo Divisione 2-na,1,GARBAGE
disegnatore,1,designer
decoratore o pittore,1,decorator
Ass. Supattiva Venziana e C. Reper D.,1,ADVERTISEMENT
Forniture complete mobili e accessori per ufficio,1,furniture supplier
PAVIMENTAZIONE RIVESTIMENTI MUSIVI VETROSI,1,ADVERTISEMENT
Veterinario,1,veterinary profession
Forniture,1,ADVERTISEMENT
numero 4514,1,GARBAGE
SCHEDARI - MOBILI PER UFFICI - MACCHINE CONTABILI MACCHINE PER SCRIVERE DUPLICATORI - ACCESSORI,1,office supplies
Radio,1,ADVERTISEMENT
cralrature,1,GARBAGE
