Drive folder ready: Venezia_Almanac_1947
Converting PDF → Drive upload at 200 DPI...
Skipping existing: page_1.jpg
Skipping existing: page_2.jpg
Skipping existing: page_3.jpg
Skipping existing: page_4.jpg
Skipping existing: page_5.jpg
Skipping existing: page_6.jpg
Skipping existing: page_7.jpg
Skipping existing: page_8.jpg
Skipping existing: page_9.jpg
Skipping existing: page_10.jpg
Skipping existing: page_11.jpg
Skipping existing: page_12.jpg
Skipping existing: page_13.jpg
Skipping existing: page_14.jpg
Skipping existing: page_15.jpg
Skipping existing: page_16.jpg
Skipping existing: page_17.jpg
Skipping existing: page_18.jpg
Skipping existing: page_19.jpg
Skipping existing: page_20.jpg
Skipping existing: page_21.jpg
Skipping existing: page_22.jpg
Skipping existing: page_23.jpg
Skipping existing: page_24.jpg
Skipping existing: page_25.jpg
Skipping existing: page_26.jpg
Skipping existing: page_27.jpg
Skipping existing: page_28.jpg
Skipping existing: page_29.jpg
Skipping existing: page_30.jpg
Skipping existing: page_31.jpg
Skipping existing: page_32.jpg
Skipping existing: page_33.jpg
Skipping existing: page_34.jpg
Skipping existing: page_35.jpg
Skipping existing: page_36.jpg
Skipping existing: page_37.jpg
Skipping existing: page_38.jpg
Skipping existing: page_39.jpg
Skipping existing: page_40.jpg
Skipping existing: page_41.jpg
Skipping existing: page_42.jpg
Skipping existing: page_43.jpg
Skipping existing: page_44.jpg
Skipping existing: page_45.jpg
Skipping existing: page_46.jpg
Skipping existing: page_47.jpg
Skipping existing: page_48.jpg
Skipping existing: page_49.jpg
Skipping existing: page_50.jpg
Skipping existing: page_51.jpg
Skipping existing: page_52.jpg
Skipping existing: page_53.jpg
Skipping existing: page_54.jpg
Skipping existing: page_55.jpg
Skipping existing: page_56.jpg
Skipping existing: page_57.jpg
Skipping existing: page_58.jpg
Skipping existing: page_59.jpg
Skipping existing: page_60.jpg
Skipping existing: page_61.jpg
Skipping existing: page_62.jpg
Skipping existing: page_63.jpg
Skipping existing: page_64.jpg
Skipping existing: page_65.jpg
Skipping existing: page_66.jpg
Skipping existing: page_67.jpg
Skipping existing: page_68.jpg
Skipping existing: page_69.jpg
Skipping existing: page_70.jpg
Skipping existing: page_71.jpg
Skipping existing: page_72.jpg
Skipping existing: page_73.jpg
Skipping existing: page_74.jpg
Skipping existing: page_75.jpg
Skipping existing: page_76.jpg
Skipping existing: page_77.jpg
Skipping existing: page_78.jpg
Skipping existing: page_79.jpg
Skipping existing: page_80.jpg
Skipping existing: page_81.jpg
Skipping existing: page_82.jpg
Skipping existing: page_83.jpg
Skipping existing: page_84.jpg
Skipping existing: page_85.jpg
Skipping existing: page_86.jpg
Skipping existing: page_87.jpg
Skipping existing: page_88.jpg
Skipping existing: page_89.jpg
Skipping existing: page_90.jpg
Skipping existing: page_91.jpg
Skipping existing: page_92.jpg
Skipping existing: page_93.jpg
Skipping existing: page_94.jpg
Skipping existing: page_95.jpg
Skipping existing: page_96.jpg
Skipping existing: page_97.jpg
Skipping existing: page_98.jpg
Skipping existing: page_99.jpg
Skipping existing: page_100.jpg
Skipping existing: page_101.jpg
Skipping existing: page_102.jpg
Skipping existing: page_103.jpg
Skipping existing: page_104.jpg
Skipping existing: page_105.jpg
Skipping existing: page_106.jpg
Skipping existing: page_107.jpg
Skipping existing: page_108.jpg
Skipping existing: page_109.jpg
Skipping existing: page_110.jpg
Skipping existing: page_111.jpg
Skipping existing: page_112.jpg
Skipping existing: page_113.jpg
Skipping existing: page_114.jpg
Skipping existing: page_115.jpg
Skipping existing: page_116.jpg
Skipping existing: page_117.jpg
Skipping existing: page_118.jpg
Skipping existing: page_119.jpg
Skipping existing: page_120.jpg
Skipping existing: page_121.jpg
Skipping existing: page_122.jpg
Skipping existing: page_123.jpg
Skipping existing: page_124.jpg
Skipping existing: page_125.jpg
Skipping existing: page_126.jpg
Skipping existing: page_127.jpg
Skipping existing: page_128.jpg
Skipping existing: page_129.jpg
Skipping existing: page_130.jpg
Skipping existing: page_131.jpg
Skipping existing: page_132.jpg
Skipping existing: page_133.jpg
Skipping existing: page_134.jpg
Skipping existing: page_135.jpg
Skipping existing: page_136.jpg
Skipping existing: page_137.jpg
Skipping existing: page_138.jpg
Skipping existing: page_139.jpg
Skipping existing: page_140.jpg
Skipping existing: page_141.jpg
Skipping existing: page_142.jpg
Skipping existing: page_143.jpg
Skipping existing: page_144.jpg
Skipping existing: page_145.jpg
Skipping existing: page_146.jpg
Skipping existing: page_147.jpg
Skipping existing: page_148.jpg
Skipping existing: page_149.jpg
Skipping existing: page_150.jpg
Skipping existing: page_151.jpg
Skipping existing: page_152.jpg
Skipping existing: page_153.jpg
Skipping existing: page_154.jpg
Skipping existing: page_155.jpg
Skipping existing: page_156.jpg
Skipping existing: page_157.jpg
Skipping existing: page_158.jpg
Skipping existing: page_159.jpg
Skipping existing: page_160.jpg
Skipping existing: page_161.jpg
Skipping existing: page_162.jpg
Skipping existing: page_163.jpg
Skipping existing: page_164.jpg
Skipping existing: page_165.jpg
Skipping existing: page_166.jpg
Skipping existing: page_167.jpg
Skipping existing: page_168.jpg
Skipping existing: page_169.jpg
Skipping existing: page_170.jpg
Skipping existing: page_171.jpg
Skipping existing: page_172.jpg
Skipping existing: page_173.jpg
Skipping existing: page_174.jpg
Skipping existing: page_175.jpg
Skipping existing: page_176.jpg
Skipping existing: page_177.jpg
Skipping existing: page_178.jpg
Skipping existing: page_179.jpg
Skipping existing: page_180.jpg
Skipping existing: page_181.jpg
Skipping existing: page_182.jpg
Skipping existing: page_183.jpg
Skipping existing: page_184.jpg
Skipping existing: page_185.jpg
Skipping existing: page_186.jpg
Skipping existing: page_187.jpg
Skipping existing: page_188.jpg
Skipping existing: page_189.jpg
Skipping existing: page_190.jpg
Skipping existing: page_191.jpg
Skipping existing: page_192.jpg
Skipping existing: page_193.jpg
Skipping existing: page_194.jpg
Skipping existing: page_195.jpg
Skipping existing: page_196.jpg
Skipping existing: page_197.jpg
Skipping existing: page_198.jpg
Skipping existing: page_199.jpg
Skipping existing: page_200.jpg
Skipping existing: page_201.jpg
Skipping existing: page_202.jpg
Skipping existing: page_203.jpg
Skipping existing: page_204.jpg
Skipping existing: page_205.jpg
Skipping existing: page_206.jpg
Skipping existing: page_207.jpg
Skipping existing: page_208.jpg
Skipping existing: page_209.jpg
Skipping existing: page_210.jpg
Skipping existing: page_211.jpg
Skipping existing: page_212.jpg
Skipping existing: page_213.jpg
Skipping existing: page_214.jpg
Skipping existing: page_215.jpg
Skipping existing: page_216.jpg
Skipping existing: page_217.jpg
Skipping existing: page_218.jpg
Skipping existing: page_219.jpg
Skipping existing: page_220.jpg
Skipping existing: page_221.jpg
Skipping existing: page_222.jpg
Skipping existing: page_223.jpg
Skipping existing: page_224.jpg
Skipping existing: page_225.jpg
Skipping existing: page_226.jpg
Skipping existing: page_227.jpg
Skipping existing: page_228.jpg
Skipping existing: page_229.jpg
Skipping existing: page_230.jpg
Skipping existing: page_231.jpg
Skipping existing: page_232.jpg
Skipping existing: page_233.jpg
Skipping existing: page_234.jpg
Skipping existing: page_235.jpg
Skipping existing: page_236.jpg
Skipping existing: page_237.jpg
Skipping existing: page_238.jpg
Skipping existing: page_239.jpg
Skipping existing: page_240.jpg
Skipping existing: page_241.jpg
Skipping existing: page_242.jpg
Skipping existing: page_243.jpg
Skipping existing: page_244.jpg
Skipping existing: page_245.jpg
Skipping existing: page_246.jpg
Skipping existing: page_247.jpg
Skipping existing: page_248.jpg
Skipping existing: page_249.jpg
Skipping existing: page_250.jpg
Skipping existing: page_251.jpg
Skipping existing: page_252.jpg
Skipping existing: page_253.jpg
Skipping existing: page_254.jpg
Skipping existing: page_255.jpg
Skipping existing: page_256.jpg
Skipping existing: page_257.jpg
Skipping existing: page_258.jpg
Skipping existing: page_259.jpg
Skipping existing: page_260.jpg
Skipping existing: page_261.jpg
Skipping existing: page_262.jpg
Skipping existing: page_263.jpg
Skipping existing: page_264.jpg
Skipping existing: page_265.jpg
Skipping existing: page_266.jpg
Skipping existing: page_267.jpg
Skipping existing: page_268.jpg
Skipping existing: page_269.jpg
Skipping existing: page_270.jpg
Skipping existing: page_271.jpg
Skipping existing: page_272.jpg
Skipping existing: page_273.jpg
Skipping existing: page_274.jpg
Skipping existing: page_275.jpg
Skipping existing: page_276.jpg
Skipping existing: page_277.jpg
Skipping existing: page_278.jpg
Skipping existing: page_279.jpg
Skipping existing: page_280.jpg
Skipping existing: page_281.jpg
Skipping existing: page_282.jpg
Skipping existing: page_283.jpg
Skipping existing: page_284.jpg
Skipping existing: page_285.jpg
Skipping existing: page_286.jpg
Skipping existing: page_287.jpg
Skipping existing: page_288.jpg
Skipping existing: page_289.jpg
Skipping existing: page_290.jpg
Skipping existing: page_291.jpg
Skipping existing: page_292.jpg
Skipping existing: page_293.jpg
Skipping existing: page_294.jpg
Skipping existing: page_295.jpg
Skipping existing: page_296.jpg
Skipping existing: page_297.jpg
Skipping existing: page_298.jpg
Skipping existing: page_299.jpg
Skipping existing: page_300.jpg
Skipping existing: page_301.jpg
Skipping existing: page_302.jpg
Skipping existing: page_303.jpg
Skipping existing: page_304.jpg
Skipping existing: page_305.jpg
Skipping existing: page_306.jpg
Skipping existing: page_307.jpg
Skipping existing: page_308.jpg
Skipping existing: page_309.jpg
Skipping existing: page_310.jpg
Skipping existing: page_311.jpg
Skipping existing: page_312.jpg
Skipping existing: page_313.jpg
Skipping existing: page_314.jpg
Skipping existing: page_315.jpg
Skipping existing: page_316.jpg
Skipping existing: page_317.jpg
Skipping existing: page_318.jpg
Skipping existing: page_319.jpg
Skipping existing: page_320.jpg
Skipping existing: page_321.jpg
Skipping existing: page_322.jpg
Skipping existing: page_323.jpg
Skipping existing: page_324.jpg
Skipping existing: page_325.jpg
Skipping existing: page_326.jpg
Skipping existing: page_327.jpg
Skipping existing: page_328.jpg
Skipping existing: page_329.jpg
Skipping existing: page_330.jpg
Skipping existing: page_331.jpg
Skipping existing: page_332.jpg
Skipping existing: page_333.jpg
Skipping existing: page_334.jpg
Skipping existing: page_335.jpg
Skipping existing: page_336.jpg
Skipping existing: page_337.jpg
Skipping existing: page_338.jpg
Skipping existing: page_339.jpg
Skipping existing: page_340.jpg
Skipping existing: page_341.jpg
Skipping existing: page_342.jpg
Skipping existing: page_343.jpg
Skipping existing: page_344.jpg
Skipping existing: page_345.jpg
Skipping existing: page_346.jpg
Skipping existing: page_347.jpg
Skipping existing: page_348.jpg
Skipping existing: page_349.jpg
Skipping existing: page_350.jpg
Skipping existing: page_351.jpg
Skipping existing: page_352.jpg
Skipping existing: page_353.jpg
Skipping existing: page_354.jpg
Skipping existing: page_355.jpg
Skipping existing: page_356.jpg
Skipping existing: page_357.jpg
Skipping existing: page_358.jpg
Skipping existing: page_359.jpg
Skipping existing: page_360.jpg
Skipping existing: page_361.jpg
Skipping existing: page_362.jpg
Skipping existing: page_363.jpg
Skipping existing: page_364.jpg
Skipping existing: page_365.jpg
Skipping existing: page_366.jpg
Skipping existing: page_367.jpg
Skipping existing: page_368.jpg
Skipping existing: page_369.jpg
Skipping existing: page_370.jpg
Skipping existing: page_371.jpg
Skipping existing: page_372.jpg
Skipping existing: page_373.jpg
Skipping existing: page_374.jpg
Skipping existing: page_375.jpg
Skipping existing: page_376.jpg
Skipping existing: page_377.jpg
Skipping existing: page_378.jpg
Skipping existing: page_379.jpg
Skipping existing: page_380.jpg
Skipping existing: page_381.jpg
Skipping existing: page_382.jpg
Skipping existing: page_383.jpg
Skipping existing: page_384.jpg
Skipping existing: page_385.jpg
Skipping existing: page_386.jpg
Skipping existing: page_387.jpg
Skipping existing: page_388.jpg
Skipping existing: page_389.jpg
Skipping existing: page_390.jpg
Skipping existing: page_391.jpg
Skipping existing: page_392.jpg
Skipping existing: page_393.jpg
Skipping existing: page_394.jpg
Skipping existing: page_395.jpg
Skipping existing: page_396.jpg
Skipping existing: page_397.jpg
Skipping existing: page_398.jpg
Skipping existing: page_399.jpg
Skipping existing: page_400.jpg
Skipping existing: page_401.jpg
Skipping existing: page_402.jpg
Skipping existing: page_403.jpg
Skipping existing: page_404.jpg
Skipping existing: page_405.jpg
Skipping existing: page_406.jpg
Skipping existing: page_407.jpg
Skipping existing: page_408.jpg
Skipping existing: page_409.jpg
Skipping existing: page_410.jpg
Skipping existing: page_411.jpg
Skipping existing: page_412.jpg
Skipping existing: page_413.jpg
Skipping existing: page_414.jpg
Skipping existing: page_415.jpg
Skipping existing: page_416.jpg
Skipping existing: page_417.jpg
Skipping existing: page_418.jpg
Skipping existing: page_419.jpg
Skipping existing: page_420.jpg
Skipping existing: page_421.jpg
Skipping existing: page_422.jpg
Skipping existing: page_423.jpg
Skipping existing: page_424.jpg
Skipping existing: page_425.jpg
Skipping existing: page_426.jpg
Skipping existing: page_427.jpg
Skipping existing: page_428.jpg
Skipping existing: page_429.jpg
Skipping existing: page_430.jpg
Skipping existing: page_431.jpg
Skipping existing: page_432.jpg
Skipping existing: page_433.jpg
Skipping existing: page_434.jpg
Skipping existing: page_435.jpg
Skipping existing: page_436.jpg
Skipping existing: page_437.jpg
Skipping existing: page_438.jpg
Skipping existing: page_439.jpg
Skipping existing: page_440.jpg
Skipping existing: page_441.jpg
Skipping existing: page_442.jpg
Skipping existing: page_443.jpg
Skipping existing: page_444.jpg
Skipping existing: page_445.jpg
Skipping existing: page_446.jpg
Skipping existing: page_447.jpg
Skipping existing: page_448.jpg
Skipping existing: page_449.jpg
Skipping existing: page_450.jpg
Skipping existing: page_451.jpg
Skipping existing: page_452.jpg
Skipping existing: page_453.jpg
Skipping existing: page_454.jpg
Skipping existing: page_455.jpg
Skipping existing: page_456.jpg
Skipping existing: page_457.jpg
Skipping existing: page_458.jpg
Skipping existing: page_459.jpg
Skipping existing: page_460.jpg
Skipping existing: page_461.jpg
Skipping existing: page_462.jpg
Skipping existing: page_463.jpg
Skipping existing: page_464.jpg
Skipping existing: page_465.jpg
Skipping existing: page_466.jpg
Skipping existing: page_467.jpg
Skipping existing: page_468.jpg
Skipping existing: page_469.jpg
Skipping existing: page_470.jpg
Skipping existing: page_471.jpg
Skipping existing: page_472.jpg
Skipping existing: page_473.jpg
Skipping existing: page_474.jpg
Skipping existing: page_475.jpg
Skipping existing: page_476.jpg
Skipping existing: page_477.jpg
Skipping existing: page_478.jpg
Skipping existing: page_479.jpg
Skipping existing: page_480.jpg
Skipping existing: page_481.jpg
Skipping existing: page_482.jpg
Skipping existing: page_483.jpg
Skipping existing: page_484.jpg
Skipping existing: page_485.jpg
Skipping existing: page_486.jpg
Skipping existing: page_487.jpg
Skipping existing: page_488.jpg
Skipping existing: page_489.jpg
Skipping existing: page_490.jpg
Skipping existing: page_491.jpg
Skipping existing: page_492.jpg
Skipping existing: page_493.jpg
Skipping existing: page_494.jpg
Skipping existing: page_495.jpg
Skipping existing: page_496.jpg
Skipping existing: page_497.jpg
Skipping existing: page_498.jpg
Skipping existing: page_499.jpg
Skipping existing: page_500.jpg
Skipping existing: page_501.jpg
Skipping existing: page_502.jpg
Skipping existing: page_503.jpg
Skipping existing: page_504.jpg
Skipping existing: page_505.jpg
Skipping existing: page_506.jpg
Skipping existing: page_507.jpg
Skipping existing: page_508.jpg
Skipping existing: page_509.jpg
Skipping existing: page_510.jpg
Skipping existing: page_511.jpg
Skipping existing: page_512.jpg
Skipping existing: page_513.jpg
Skipping existing: page_514.jpg
Skipping existing: page_515.jpg
Skipping existing: page_516.jpg
Skipping existing: page_517.jpg
Skipping existing: page_518.jpg
Skipping existing: page_519.jpg
Skipping existing: page_520.jpg
Skipping existing: page_521.jpg
Skipping existing: page_522.jpg
Skipping existing: page_523.jpg
Skipping existing: page_524.jpg
Skipping existing: page_525.jpg
Skipping existing: page_526.jpg
Skipping existing: page_527.jpg
Skipping existing: page_528.jpg
Skipping existing: page_529.jpg
Skipping existing: page_530.jpg
Skipping existing: page_531.jpg
Skipping existing: page_532.jpg
Skipping existing: page_533.jpg
Skipping existing: page_534.jpg
Skipping existing: page_535.jpg
Skipping existing: page_536.jpg
Skipping existing: page_537.jpg
Skipping existing: page_538.jpg
Skipping existing: page_539.jpg
Skipping existing: page_540.jpg
Skipping existing: page_541.jpg
Skipping existing: page_542.jpg
Skipping existing: page_543.jpg
Skipping existing: page_544.jpg
Skipping existing: page_545.jpg
Skipping existing: page_546.jpg
Skipping existing: page_547.jpg
Skipping existing: page_548.jpg
Skipping existing: page_549.jpg
Skipping existing: page_550.jpg
Skipping existing: page_551.jpg
Skipping existing: page_552.jpg
Skipping existing: page_553.jpg
Skipping existing: page_554.jpg
Skipping existing: page_555.jpg
Skipping existing: page_556.jpg
Skipping existing: page_557.jpg
Skipping existing: page_558.jpg
Skipping existing: page_559.jpg
Skipping existing: page_560.jpg
Skipping existing: page_561.jpg
Skipping existing: page_562.jpg
Skipping existing: page_563.jpg
Skipping existing: page_564.jpg
Skipping existing: page_565.jpg
Skipping existing: page_566.jpg
Skipping existing: page_567.jpg
Skipping existing: page_568.jpg
Skipping existing: page_569.jpg
Skipping existing: page_570.jpg
Skipping existing: page_571.jpg
Skipping existing: page_572.jpg
Skipping existing: page_573.jpg
Skipping existing: page_574.jpg
Skipping existing: page_575.jpg
Uploaded 575 pages to Drive.
Total pages: 575
Processing: page_1.jpg
  -> Layout type: COMPLEX_LAYOUT
  -> Ad type: NO_AD (pure structured directory content)
  -> Page type inferred: 
  -> Inferred schema: Name,Address,Location,Role,Profession,Additional Info
  -> Final schema: Name,Address,Location,Role,Profession,Additional Info
  -> Multi-section page detected: ['Informazioni su questo libro', "Linee guida per l'utilizzo", 'Informazioni su Google Ricerca Libri']
  -> Actual CSV columns: Name,Address,Location,Role,Profession,Additional Info
  -> Section state reset at document boundary (page 1)
Done.
Processing: page_2.jpg
  -> OCR refusal detected, retrying with fallback prompt...
  -> Layout type: COMPLEX_LAYOUT
  -> Ad type: PARTIAL_AD
  -> Page type inferred: 
  -> Inferred schema: Name,Address,Location,Role,Profession,Additional Info
  -> Final schema: Name,Address,Location,Role,Profession,Additional Info
  -> Multi-section page detected: ['GUIDA COMMERCIALE | Editor: CASA EDITRICE A.P.R.E.A., Year: 1946-47', 'CANTIERE NAVALE | Address: CASTELLO, 33, Phone: 26-727', 'CASA N O V A ARREDAMENTI S.A. | Address: VENEZIA - Via XIII Marzo 2268, Phone: 25-868', 'FOTOGRAFIA F. LLI ZAGO | Address: VENEZIA - S. POLO 1478, Phone: 24-296']
  -> Image re-pass enabled (complex layout + ads + 4 sections).
  -> Actual CSV columns: Name,Address,Location,Role,Profession,Additional Info
  -> WARNING: 4 rows (31%) missing both Address and Location on page_2.jpg
  -> Section state reset at document boundary (page 2)
  -> Section state carries address: VENEZIA - S. POLO 1478
Done.
Processing: page_3.jpg
  -> Layout type: COMPLEX_LAYOUT
  -> Ad type: FULL_AD
Processing: page_4.jpg
  -> Layout type: COMPLEX_LAYOUT
  -> Ad type: FULL_AD
Processing: page_5.jpg
  -> Layout type: COMPLEX_LAYOUT
  -> Ad type: FULL_AD
Processing: page_6.jpg
  -> Layout type: SIMPLE_LAYOUT
  -> Ad type: NO_AD
  -> Page type inferred: 
  -> Inferred schema: Name,Address,Location,Role,Profession
  -> Final schema: Name,Address,Location,Role,Profession
  -> Multi-section page detected: ['CASA EDITRICE “A.P.R.E.A.” | Address: Venezia - S. Luca Calle Bembo 4779']
  -> Actual CSV columns: Name,Address,Location,Role,Profession,Additional Info
  -> Section state reset at document boundary (page 6)
  -> Section state carries address: Venezia - S. Luca Calle Bembo 4779
Done.
Processing: page_7.jpg
  -> Layout type: COMPLEX_LAYOUT
  -> Ad type: NO_AD (pure structured directory content)
  -> Page type inferred: 
  -> Inferred schema: Name,Address,Location,Role
  -> Final schema: Name,Address,Location,Role
  -> Actual CSV columns: Name,Address,Location,Role
  -> WARNING: 1 rows (100%) missing both Address and Location on page_7.jpg
  -> Section state carries address: Venezia - S. Luca Calle Bembo 4779
Done.
Processing: page_8.jpg
  -> Layout type: SIMPLE_LAYOUT
  -> Ad type: NO_AD
  -> Page type inferred: 
  -> Inferred schema: Name,Address,Location,Role,Profession,Additional Info
  -> Final schema: Name, Address, Location, Role, Profession, Additional Info
  -> Actual CSV columns: Name,Address,Location,Role,Profession,Additional Info
  -> Section state carries address: Venezia - S. Luca Calle Bembo 4779
Done.
Processing: page_9.jpg
  -> Layout type: SIMPLE_LAYOUT
  -> Ad type: NO_AD
  -> Page type inferred: 
  -> Inferred schema: Name,Address,Location,Role,Profession,Additional Info
  -> Final schema: Name, Address, Location, Role, Profession, Additional Info
  -> Actual CSV columns: Name,Address,Location,Role,Profession,Additional Info
  -> WARNING: 1 rows (100%) missing both Address and Location on page_9.jpg
  -> Section state carries address: Venezia - S. Luca Calle Bembo 4779
Done.
Processing: page_10.jpg
  -> Layout type: COMPLEX_LAYOUT
  -> Ad type: NO_AD
  -> Page type inferred: 
  -> Inferred schema: Name,Address,Location,Role,Profession,Additional Info
  -> Final schema: Name,Address,Location,Role,Profession,Additional Info
  -> Multi-section page detected: ['INDICE SOMMARIO', 'Stato della Città del Vaticano', 'Repubblica Italiana - Ministeri', 'Uffici Pubblici', 'Enti Pubblici di carattere sindacale o libero Associazioni Professionali', 'Agricoltura', 'Industria', 'Commercio', 'Artigianato', 'Credito e Assicurazione', 'Cooperazione', 'Navigazione', 'Enti di Provvidenza ed Assistenza', 'Pubblica Istruzione', 'Istruzione Religiosa', 'Istituzioni di Cultura - Biblioteche o Musei', 'Istituzioni di Beneficenza', 'Istituti Ospedalieri o Sanitari', 'Istituzioni Religiose', 'Associazioni Combattentistiche', 'Associazioni varie', 'Associazioni Sportive', 'Partiti Politici', 'Stampa Quotidiana e Periodica', 'Organizzazione Turistica', 'Professionisti', 'Industrie di Murano', 'Provincia di Venezia | Pages: pagine in carta verde']
  -> Actual CSV columns: Name,Address,Location,Role,Profession,Additional Info
  -> WARNING: 30 rows (94%) missing both Address and Location on page_10.jpg
  -> Section state reset at document boundary (page 10)
Done.
Processing: page_11.jpg
  -> Layout type: COMPLEX_LAYOUT
  -> Ad type: FULL_AD
Processing: page_12.jpg
  -> Layout type: SIMPLE_LAYOUT
  -> Ad type: FULL_AD
  -> Invalid semantic output (attempt 1), retrying...
  -> Invalid semantic output (attempt 2), retrying...
  -> Invalid semantic output (attempt 3), retrying...
Processing: page_13.jpg
  -> Layout type: COMPLEX_LAYOUT
  -> Ad type: FULL_AD
Processing: page_14.jpg
  -> Layout type: SIMPLE_LAYOUT
  -> Ad type: NO_AD
  -> Page type inferred: 
  -> Inferred schema: Name,Address,Location,Role,Profession,Additional Info
  -> Final schema: Name,Address,Location,Role,Profession,Additional Info
  -> Multi-section page detected: ['ORGANI E ASSOCIAZIONI PUBBLICI | CONTENUTO: dell’Indice alfabetico dei Professionisti - compreso nell’Indice Generale dei Nomi. Parte II. della Guida a pagina 195', "(Note: The provided almanac text doesn't include explicit top-level sections or organizations with embedded data that meet the full criteria, apart from the general mention at the beginning. The entries primarily include unit-level listings, such as organizations and associations, without separate field:value pairs to extract. Thus, I've identified the overarching theme described, but specific section titles with embedded addresses or data are not available in this excerpt.)"]
  -> Actual CSV columns: Name,Address,Location,Role,Profession,Additional Info
  -> WARNING: 52 rows (98%) missing both Address and Location on page_14.jpg
  -> Section state reset at document boundary (page 14)
Done.
Processing: page_15.jpg
  -> Layout type: COMPLEX_LAYOUT
  -> Ad type: NO_AD
  -> Page type inferred: 
  -> Inferred schema: Name,Address,Location,Role,Profession,Additional Info
  -> Final schema: Name,Address,Location,Role,Profession,Additional Info
  -> Multi-section page detected: ['1. Biblioteca RR. PP. Armeni Mechitaristi', '2. Biblioteca del Seminario Patriarcale', '3. Bollettino Diocesano | Character: Bollettino Diocesano (mensile)', '4. Bollettino della Diocesi di Chioggia | Character: Bollettino della Diocesi di Chioggia (mensile)', '5. Bollettino Parrocchiale San Francesco della Vigna | Character: Bollettino Parrocchiale San Francesco della Vigna (mensile)', '6. Camera di Commercio Industria e Agricoltura', '7. Capitaneria di Porto', '8. Casa di Cura Clinica Chirurgica Villa Maria', '9. Casa di cura Immacolata Concezione', '10. Casa di Cura e Riposo', '11. Casa di Ricovero', '12. Casa di Ricovero Israelitica', '13. Casa Rumena di Venezia', '14. Casa di Salute Fatebenefratelli', '15. Casino di Commercio', '16. Casinò di Venezia', "17. Cassa Marittima Adriatica per l'Assicurazione Contro gli Infortuni sul Lavoro e le Malattie", '18. Cassa di Previdenza Lavoratori Portuali', '19. Centro Economico per la Ricostruzione', '20. Centro Meteorologico Regionale', "21. Centro Nazionale di Studi per l'Utilizzazione delle Materie Estrattive Italiane nelle Industrie Vetraie", '22. Charitas | Character: Charitas (periodico bimestrale)', '23. Chiesa Evangelica Metodista', '24. Chiesa Evangelica Valdese', '25. Chimici', '26. Chirurghi', '27. C.L.P. | Character: C.L.P. (mensile)', '28. Circolo Artistico di Venezia', '29. Circolo Filologico', '30. Circolo Golf Lido Alberoni', '31. Circolo della Spada', '32. Circoscrizione Doganale di Venezia', "33. Civici Musei Veneziani d'Arte e di Storia", '34. Club Alpino Italiano', '35. Collegio Armeno « Moorat Raphael »', '36. Collegio S. Giuseppe', '37. Colonia Alpina S. Marco', '38. Comando Aeroporto « G. Nicelli »', '39. Comando Base Navale', '40. Comando Deposito C.R.E.M.', '41. Comando Difesa M.M.', "42. Comando Militare Marittimo Autonomo dell'Alto Adriatico e della Piazza Marittima di Venezia", '43. Comitato Dalmata', '44. Comitato Giuliano', '45. Comitato Olimpionico Nazionale Italiano C.O.N.I.', '46. Comitato Provinciale Antimalarico', '47. Comitato Regionale Veneto Bonifica', '48. Commercianisti', '49. Commercio', "50. Commissariato Regionale per l'Agricoltura", '51. Commissione Prov. di Vigilanza sulle Cooperative (provvisoria)', '52. Commissione Provinciale per le Imposte Dirette e Indirette sugli Affari', '53. Commissione Provinciale Permanente di Vigilanza sui Locali adibiti a Pubblico Spettacolo', '54. Compagnia Italiana Turismo C.I.T.', '55. Compagnia della Vela', '56. Comunità dei Greci Ortodossi', '57. Comunità Israelitica', '58. Conservatorio di Musica « B. Marcello »', '59. Consiglieri Comunali', '60. Consiglio di Patronato per i Liberati dal Carcere', '61. Consiglio Provinciale Sanitario', '62. Consolati', '63. Consorzio Agrario Cooperativo', '64. Consorzio di Bonifica Dese Inferiore', '65. Consorzio di Bonifica Dese Superiore', '66. Consorzio di Bonifica Destra Sile Inferiore', '67. Consorzio di Bonifica del Litorale di Cavallino', '68. Consorzio Provinciale Antitubercolare', "69. Consorzio Provinciale Obbligatorio per l'Istruzione Tecnica", "70. Consulta Regionale per l'Agricoltura e le Foreste", '71. Cooperazione', '72. Croce Rossa Italiana', '73. Corpo del Genio Civile', '74. Corriere Agrario | Character: Corriere Agrario (mensile)', '75. Corso Avviamento Professionale « A. Manuzio »', '76. Corso Avviamento Professionale « Tiepolo »', "77. Corte d'Appello", "78. Corti d'Assise", '79. Credito e Assicurazione', '80. Critica Giudiziaria | Character: Critica Giudiziaria (bimestrale)', '81. Democrazia Cristiana', '82. Dentisti', '83. Deposito Generi di Monopolio di Stato di Venezia', '84. Deputazione di Storia Patria per le Venezie', '85. Dermosiofilopati', '86. Diogene | Character: Diogene (settimanale)', '87. Direzione Artiglieria', '88. Direzione Belle Arti del Comune', '89. Direzione Costruzioni Navali e Meccaniche', '90. Direzione dei Loti', '91. Direzione Genio Militare per la Marina']
  -> Actual CSV columns: Name,Address,Location,Role,Profession,Additional Info
  -> Section state carries address: Corte d'Appello
Done.
Processing: page_16.jpg
  -> Layout type: COMPLEX_LAYOUT
  -> Ad type: PARTIAL_AD
  -> Page type inferred: 
  -> Inferred schema: Name,Address,Location,Profession,Additional Info
  -> Final schema: Name, Address, Location, Role, Profession, Additional Info
  -> Multi-section page detected: ['Direzione Marittima e Capitaneria di Porto', 'Distretto Militare di Venezia', 'Direzione Restauri e Studio Mosaicò della Basilica di San Marco', 'Direzione di Sanità M. Mar', 'Dispensario Provinciale Antitubercolare', 'Dogana Principale di Venezia', 'Dormitori Pubblici', 'Ente Autonomo del Teatro «La Fenice»', 'Ente Comunale di Assistenza E.C.A.', 'Ente Nazionale Assistenza Lavoratori E., N. A. L.', 'Ente Nazionale Distillazione Materie Vinose', 'Ente Nazionale Industrie Cinematografiche E.N.I.C.', 'Ente Nazionale per le Tre Venezie', 'Ente Provinciale per il Turismo', 'Enti di Previdenza ed Assistenza', 'Enti Pubblici di Carattere Sindacale', 'Libere Associazioni Professionali', 'Esattoria Comunale', "Esposizione Biennale Internazionale d'Arte", 'Farmacisti', 'Famiglie Religiose Femminili', 'Famiglie Religiose Maschili', 'Federazione Provinciale Lavoratori della Terra', 'Federazione Provinciale tra Piccoli Proprietari Affittuati, Coltivatori Diretti e Mezzadri di Venezia', 'Federterra', 'Ferrovie dello Stato, Compartimento di Venezia', 'Fondazione Querini Stampalia', 'Gabinetti Dentistici', "Galleria «G. Franchetti » alla Ca' D'Oro", "Galleria Internazionale d'Arte Moderna", 'Geometri', 'Ginecologi', 'Giunta Provinciale Amministrativa', 'Ditta Cav. G. Pellegrini | Address: Campo S. Bartolomeo 5376, Tel: 25-004']
  -> Image re-pass enabled (complex layout + ads + 34 sections).
  -> Actual CSV columns: Name,Address,Location,Role,Profession,Additional Info
  -> Section state carries address: Campo S. Bartolomeo 5376
Done.
Processing: page_17.jpg
  -> Layout type: COMPLEX_LAYOUT
  -> Ad type: NO_AD
  -> Page type inferred: 
  -> Inferred schema: Name,Address,Location,Profession,Journal
  -> Final schema: Name, Address, Location, Role, Profession, Additional Info, Journal
  -> Actual CSV columns: Name,Address,Location,Role,Profession,Additional Info,Journal
  -> WARNING: 33 rows (97%) missing both Address and Location on page_17.jpg
  -> Section state carries address: Campo S. Bartolomeo 5376
Done.
Processing: page_18.jpg
  -> Layout type: COMPLEX_LAYOUT
  -> Ad type: The page contains structured directory content, listing various institutions, publications, and organizations, along with page numbers. However, it does not appear to contain any visually separated text, business promotions, or decorative marketing-style blocks indicative of advertisements. Therefore, the content is consistent with pure directory content, and there are no discernible advertisements.


NO_AD
  -> Page type inferred: 
  -> Inferred schema: Name,Address,Location,Role,Profession,Journal
  -> Final schema: Name, Address, Location, Role, Profession, Additional Info, Journal
  -> Multi-section page detected: ['PERIODICI | Character: Periodici di Carattere Religioso', 'PREFETTURA']
  -> Actual CSV columns: Name,Address,Location,Role,Profession,Additional Info,Journal
  -> WARNING: 6 rows (75%) missing both Address and Location on page_18.jpg
  -> Section state carries address: Campo S. Bartolomeo 5376
Done.
Processing: page_19.jpg
  -> Layout type: SIMPLE_LAYOUT
  -> Ad type: NO_AD
  -> Page type inferred: 
  -> Inferred schema: Name,Address,Location,Role,Profession,Additional Info
  -> Final schema: Name, Address, Location, Role, Profession, Additional Info, Journal
  -> Multi-section page detected: ['Scuola Media Parificata » Maria Immacolata', 'Scuola Merletti di Burano', 'Scuola di Paleografia e Dottrina Artistica', 'Scuola Professionale Marittima » N. Sauro »', 'Scuola Secondaria Avviamento Professionale Comm.le Femminile »R. Carriera»', 'Scuola Sottufficiali', 'Scuola Tecnica Comm.le » Bandiera e Moro » con annessa Scuola Avviamento Professionale', 'Scuola Tecnica Comm.le « S. Caboto » con annessa Scuola Avviamento Professionale', 'Scuola Tecnica Ind. con annessa Scuola Avviamento Professionale', 'Scuola Tecnica Ind. per Meccanici ed Elettricisti « L. Sanudo »', 'Scuola Tecnica Ind. Vetraria »Barovie»', 'Scuole Elementari', '« Secolo Nuovo » (settimanale)', 'Seminario Patriarcale', 'Servizio Comunale delle Pubbliche Affissioni', 'Servizio per gli Elenchi nominativi dei Lavoratori e per i Contributi Unificati in Agricoltura', 'Sezione Filatelica »Veneziana del Circolo Artistico', "Sezione Provinciale dell'Alimentazione S.E.P.R.A.L.", 'Sopraintendenza alle Antichità', "Sopraintendenza alle Gallerie ed alle opere d'Arte", 'Sopraintendenza ai Monumenti Medievali e Moderni del Veneto Orientale', 'Società degli Amici dei Monumenti', 'Società Canottieri Bucintoro', 'Società Canottieri »Francesco Querini»', 'Società Italiana degli Autori ed Editori', 'Solarium al Mare', 'Società Nazionale » Dante Alighieri »', 'Società Telefonica delle Venezie T.E.I. V.E.', "Società dell'Unione", 'Società Veneziana Contro la Tubercolosi', 'Stampa Quotidiana e Periodica', 'Stomatologi', 'Suore della Società Regina Apostolorum', 'Tennis Lido', 'Tribunale delle Acque Pubbliche', 'Tribunale Civile e Penale di Venezia', 'Tribunale Diocesano »Metropolitano»', 'Tribunale dei Minorenni', 'Tribunali', '« Tutto » (quindicinale)', 'Ufficio Collocamento Gente di Mare', 'Ufficio Comunale di Collocamento', 'Ufficio Comunale per il Turismo', 'Ufficio Coordinamento per il Veneto delle Federazioni Provinciali fra i Piccoli Proprietari, Affittuavi Coltivatori Diretti e Mezzadri', "Ufficio di Esportazione Oggetti d'Antichità e d'Arte", 'Ufficio Provinciale Assistenza Postbellica', "Ufficio Provinciale dell'Industria e del Commercio", 'Ufficio Provinciale Statistico Economico » Agricoltura (U.P.S.E.A.)', 'Ufficio Regionale di Coordinamento » P. S. E. A.', 'Ufficio Regionale del Lavoro per le Tre Venezie', 'Ufficio Provinciale del Tesoro', 'Unione Monarchica Italiana', 'Unione Navigazione Interna Alta Italia', "Unione Nazionale Trifolci in Congedo d'Italia", 'Unione Provinciale Artigiani di Venezia', 'Unione Provinciale degli Enti Cooperativi', 'Unione Regionale Camere di Commercio delle Venezie', '« Veneto Commerciale » (settimanale)', '« Vento di Montagna » (quindicinale)', 'Veterinari', 'Wagons Lits Kook']
  -> Actual CSV columns: Name,Address,Location,Role,Profession,Additional Info,Journal
  -> Section state carries address: Tribunale Diocesano »Metropolitano»
Done.
Processing: page_20.jpg
  -> Layout type: COMPLEX_LAYOUT
  -> Ad type: FULL_AD
Processing: page_21.jpg
  -> OCR refusal detected, retrying with fallback prompt...
  -> OCR still refused after fallback for page_21.jpg, skipping.
Processing: page_22.jpg
  -> Layout type: SIMPLE_LAYOUT
  -> Ad type: NO_AD
  -> Page type inferred: 
  -> Inferred schema: Name,Address,Location,Role,Profession,Additional Info
  -> Final schema: Name, Address, Location, Role, Profession, Additional Info, Journal
  -> Multi-section page detected: ["INDICE delle categorie del Commercio e dell'Industria"]
  -> Actual CSV columns: Name,Address,Location,Role,Profession,Additional Info,Journal
  -> WARNING: 94 rows (99%) missing both Address and Location on page_22.jpg
  -> Section state carries address: Tribunale Diocesano »Metropolitano»
Done.
Processing: page_23.jpg
  -> Layout type: COMPLEX_LAYOUT
  -> Ad type: FULL_AD
Processing: page_24.jpg
  -> Layout type: SIMPLE_LAYOUT
  -> Ad type: NO_AD
  -> Page type inferred: 
  -> Inferred schema: Name,Address,Location,Profession
  -> Final schema: Name, Address, Location, Role, Profession, Additional Info, Journal
  -> Actual CSV columns: Name,Address,Location,Role,Profession,Additional Info,Journal
  -> Section state carries address: Venezia, Riva del Vin 722 - 728
Done.
Processing: page_25.jpg
  -> Layout type: SIMPLE_LAYOUT
  -> Ad type: NO_AD
  -> Page type inferred: 
  -> Inferred schema: Name,Address,Location,Additional Info
  -> Final schema: Name, Address, Location, Role, Profession, Additional Info, Journal
  -> Actual CSV columns: Name,Address,Location,Role,Profession,Additional Info,Journal
  -> WARNING: 113 rows (100%) missing both Address and Location on page_25.jpg
  -> Section state carries address: Venezia, Riva del Vin 722 - 728
Done.
Processing: page_26.jpg
  -> Layout type: SIMPLE_LAYOUT
  -> Ad type: NO_AD
  -> Page type inferred: 
  -> Inferred schema: Name,Address,Location,Role,Profession,Additional Info
  -> Final schema: Name, Address, Location, Role, Profession, Additional Info, Journal
  -> Multi-section page detected: ['AGENZIA FOTOGRAFICA INTERNAZIONALE | Acronym: A.F.I., Address: Calle Stagneri 5238, Phone: 20-227']
  -> Actual CSV columns: Name,Address,Location,Role,Profession,Additional Info,Journal
  -> Section state carries address: Calle Stagneri 5238
Done.
Processing: page_27.jpg
  -> Layout type: COMPLEX_LAYOUT
  -> Ad type: FULL_AD
Processing: page_28.jpg
  -> Layout type: COMPLEX_LAYOUT
  -> Ad type: The label for this page is PARTIAL_AD. 


The presence of the "Messaggerie Venete" section with its decorative and promotional language at the top of the page suggests advertisement-like content. While most of the text appears as a directory list, the advertisement element makes this a mix of directory content and ads.
  -> Page type inferred: 
  -> Inferred schema: Name,Address,Location,Role,Profession,Additional Info
  -> Final schema: Name, Address, Location, Role, Profession, Additional Info, Journal
  -> Multi-section page detected: ['Messaggerie Venete']
  -> Actual CSV columns: Name,Address,Location,Role,Profession,Additional Info,Journal
  -> Section state carries address: Calle Stagneri 5238
Done.
Processing: page_29.jpg
  -> Layout type: COMPLEX_LAYOUT
  -> Ad type: PARTIAL_AD
  -> Page type inferred: 
  -> Inferred schema: Name,Address,Location
  -> Final schema: Name, Address, Location, Role, Profession, Additional Info, Journal
  -> Actual CSV columns: Name,Address,Location,Role,Profession,Additional Info,Journal
  -> Section state carries address: Via Manin, N. 39
Done.
Processing: page_30.jpg
  -> Layout type: COMPLEX_LAYOUT
  -> Ad type: FULL_AD
Processing: page_31.jpg
  -> Layout type: COMPLEX_LAYOUT
  -> Ad type: FULL_AD
Processing: page_32.jpg
  -> Layout type: SIMPLE_LAYOUT
  -> Ad type: NO_AD
  -> Page type inferred: 
  -> Inferred schema: Name,Address,Location,Additional Info
  -> Final schema: Name, Address, Location, Role, Profession, Additional Info, Journal
  -> Invalid semantic output (attempt 1), retrying...
  -> Actual CSV columns: Name,Address,Location,Role,Profession,Additional Info,Journal
  -> WARNING: 1 rows (100%) missing both Address and Location on page_32.jpg
  -> Section state carries address: Via Manin, N. 39
Done.
Processing: page_33.jpg
  -> Layout type: COMPLEX_LAYOUT
  -> Ad type: PARTIAL_AD
  -> Page type inferred: 
  -> Inferred schema: Name,Address,Location,Role,Profession,Additional Info
  -> Final schema: Name, Address, Location, Role, Profession, Additional Info, Journal
  -> Multi-section page detected: ['SOCIETA’ PER LA PUBBLICITA’ IN ITALIA (S.P.I.) | Succursali: 43, Location: Italia', 'Succursale di V E N E Z I A | Address: Piazza San Marco, 144, Telefono: 24-370, 22-906, 29-310']
  -> Actual CSV columns: Name,Address,Location,Role,Profession,Additional Info,Journal
  -> Section state carries address: Piazza San Marco, 144
Done.
Processing: page_34.jpg
  -> Layout type: SIMPLE_LAYOUT
  -> Ad type: NO_AD
  -> Page type inferred: 
  -> Inferred schema: Name,Address,Location,Additional Info
  -> Final schema: Name, Address, Location, Role, Profession, Additional Info, Journal
  -> Multi-section page detected: ['ARTI GRAFICHE | Name: "ESPERIA", Products: GIORNALI, RIVISTE, LIBRI, OPUSCOLI, Address: Sant\' Ambroio, n. 3573/a, Phone: 23-650']
  -> Actual CSV columns: Name,Address,Location,Role,Profession,Additional Info,Journal
  -> Section state carries address: Sant' Ambroio
Done.
Processing: page_35.jpg
  -> Layout type: COMPLEX_LAYOUT
  -> Ad type: The page includes both structured directory content and advertisement-like content. Specifically, the section at the end that includes "NUOVA EUITURIALE S. A. - ZINCUCRAFIA" and promotional text like "Ogni tipo di Clichés" and "BICROMIE TRICROMIE FOTOLITO" is formatted differently and represents a business promotion.


Thus, the page should be labeled as PARTIAL_AD due to the presence of these advertisement-like elements, in addition to the directory content.
  -> Page type inferred: 
  -> Inferred schema: Name,Address,Location,Profession,Additional Info
  -> Final schema: Name, Address, Location, Role, Profession, Additional Info, Journal
  -> Multi-section page detected: ['Tipografia Commerciale | Address: Venezia - S. Lio, Ponte delle Paste - Telef. 24-911', 'NUOVA EUITURIALE S. A. - ZINCUCRAFIA | Address: Calle Stagneri 5238, - Telefono 22-648']
  -> Actual CSV columns: Name,Address,Location,Role,Profession,Additional Info,Journal
  -> Section state carries address: Calle Stagneri 5238
Done.
Processing: page_36.jpg
  -> Layout type: SIMPLE_LAYOUT
  -> Ad type: NO_AD
  -> Page type inferred: 
  -> Inferred schema: Name,Address,Location,Role,Profession
  -> Final schema: Name,Address,Location,Role,Profession
  -> Multi-section page detected: ['STATO DELLA CITTÀ DEL VATICANO | Address: STATO DELLA CITTÀ DEL VATICANO', 'CARDINALI | Address: CARDINALI', 'ORDINE DEI VESCOVI | Address: ORDINE DEI VESCOVI', 'ORDINE DEI PRETI | Address: ORDINE DEI PRETI']
  -> Actual CSV columns: Name,Address,Location,Role,Profession
  -> WARNING: 31 rows (89%) missing both Address and Location on page_36.jpg
  -> Section state reset at document boundary (page 36)
  -> Section state carries address: CCXLII dopo S. Pietro
Done.
Processing: page_37.jpg
  -> Layout type: SIMPLE_LAYOUT
  -> Ad type: NO_AD
  -> Page type inferred: 
  -> Inferred schema: Name,Address,Location,Role,Additional Info
  -> Final schema: Name,Address,Location,Role,Additional Info
  -> Multi-section page detected: ['ORDINE DEI DIACONI | Address: ORDINE DEI DIACONI']
  -> Actual CSV columns: Name,Address,Location,Role,Additional Info
  -> WARNING: 2 rows (5%) missing both Address and Location on page_37.jpg
  -> Section state carries address: tit. di S. Maria in Via
Done.
Processing: page_38.jpg
  -> Layout type: COMPLEX_LAYOUT
  -> Ad type: NO_AD (pure structured directory content)
  -> Page type inferred: 
  -> Inferred schema: Name,Role,Profession,Additional Info
  -> Final schema: Name,Role,Profession,Additional Info
  -> Multi-section page detected: ['REPVBBLICA ITALIANA', 'CAPO DEL GOVERNO', 'MINISTRI']
  -> Actual CSV columns: Name,Role,Profession,Additional Info,Address,Location
  -> WARNING: 23 rows (100%) missing both Address and Location on page_38.jpg
  -> Section state reset at document boundary (page 38)
Done.
Processing: page_39.jpg
  -> Layout type: SIMPLE_LAYOUT
  -> Ad type: NO_AD
  -> Page type inferred: 
  -> Inferred schema: Name,Role,Additional Info
  -> Final schema: Name,Role,Additional Info
  -> Actual CSV columns: Name,Role,Additional Info
Done.
Processing: page_40.jpg
  -> OCR refusal detected, retrying with fallback prompt...
  -> Layout type: SIMPLE_LAYOUT
  -> Ad type: FULL_AD
Processing: page_41.jpg
  -> OCR refusal detected, retrying with fallback prompt...
  -> Layout type: COMPLEX_LAYOUT
  -> Ad type: FULL_AD
Processing: page_42.jpg
  -> Layout type: COMPLEX_LAYOUT
  -> Ad type: NO_AD
  -> Page type inferred: 
  -> Inferred schema: Name,Address,Location,Role,Profession
  -> Final schema: Name,Address,Location,Role,Profession
  -> Multi-section page detected: ['PREFETTURA | Address: Palazzo del Governo - S. Maurizio, fondamenta Zaguri 2662', 'Gabinetto', 'Divisione I. - A', 'Divisione I. - B', 'Divisione II. - A', 'Divisione II. - B', 'Divisione III.-A']
  -> Actual CSV columns: "Name","Address","Location","Role","Profession"
  -> WARNING: 20 rows (95%) missing both Address and Location on page_42.jpg
  -> Section state reset at document boundary (page 42)
  -> Section state carries address: Palazzo del Governo - S. Maurizio, fondamenta Zaguri 2662
Done.
Processing: page_43.jpg
  -> Layout type: COMPLEX_LAYOUT
  -> Ad type: NO_AD
  -> Page type inferred: 
  -> Inferred schema: Name,Address,Location,Role,Profession,Additional Info
  -> Final schema: Name,Address,Location,Role,Profession,Additional Info
  -> Multi-section page detected: ['Here are the distinct sections from the text, extracted according to the specified rules:', 'ORGANIZATION | -', 'Divisione III.B', 'Divisione IV.A', 'Divisione Ragioneria', 'Foglio Annunzi Legali', 'GIUNTA PROV. AMMINISTRATIVA', 'COMMISSIONE PROVINCIALE DELLE IMPOSTE DIRETTE E DELLE IMPOSTE INDIRETTE SUGLI AFFARI', 'The sections listed are based on organizational divisions and specific units within the provided text.']
  -> Actual CSV columns: Name,Address,Location,Role,Profession,Additional Info
  -> WARNING: 43 rows (100%) missing both Address and Location on page_43.jpg
  -> Section state carries address: Palazzo del Governo - S. Maurizio, fondamenta Zaguri 2662
Done.
Processing: page_44.jpg
  -> Layout type: COMPLEX_LAYOUT
  -> Ad type: The page appears to contain purely structured directory content with no visually identifiable advertisements, business promotions, decorative marketing-style blocks, or distinct formatting that separates ads from directory content. Therefore, the classification for this page is:


NO_AD (pure structured directory content)
  -> Page type inferred: 
  -> Inferred schema: Name,Address,Location,Role,Profession
  -> Final schema: Name, Address, Location, Role, Profession, Additional Info
  -> Multi-section page detected: ['COMMISSIONE PROVINCIALE PERMANENTE DI VIGILANZA SUI LOCALI ADDETTI A PUBBLICO SPETTACOLO', 'COMMISSIONE PROVINCIALE DI VIGILANZA SULLE COOPERATIVE', 'CONSIGLIO PROVINCIALE SANITARIO', 'Amministrazione della Provincia', 'Uffici centrali', 'Segreteria', 'Ragioneria']
  -> Actual CSV columns: Name,Address,Location,Role,Profession,Additional Info
  -> WARNING: 35 rows (65%) missing both Address and Location on page_44.jpg
  -> Section state carries address: San Stae 1957
Done.
Processing: page_45.jpg
  -> Layout type: COMPLEX_LAYOUT
  -> Ad type: NO_AD
  -> Page type inferred: 
  -> Inferred schema: Name,Address,Location,Role,Profession
  -> Final schema: Name, Address, Location, Role, Profession, Additional Info
  -> Multi-section page detected: ['UFFICIO TECNICO', 'Economato', 'OSPED. PSICHIATRICO PROVINCIALE', 'ISTITUTO PROVINCIALE SORDOMUTI | Address: Marocco di Mogliano Veneto', 'PATRONATO PROV. DEI MALATI DI MENTE E DISPENSARIO PER LA PR0FILASSI DELLE MALATTIE MENTALI', "LABORATORIO PROVINCIALE D'IGIENE E PROFILASSI", 'COMITATO PROV. ANTIMALARICO', 'CONSORZIO PROV. ANTITUBERCOLARE', 'DISPENSAR. PROV. ANTITUBERCOLARE | Address: S. Croce Campo della Lana 690', "OPERA NAZ. MATERNITA' INFANZIA FEDERAZIONE P ROVINCIALE", 'ENTE PROVINCIALE PER IL TURISMO DI VENEZIA | Address: S. Marco, Ascensione 1300, Tel: 22-373']
  -> Actual CSV columns: Name,Address,Location,Role,Profession,Additional Info
  -> WARNING: 25 rows (47%) missing both Address and Location on page_45.jpg
  -> Section state carries address: S. Marco
Done.
Processing: page_46.jpg
  -> Layout type: COMPLEX_LAYOUT
  -> Ad type: FULL_AD
Processing: page_47.jpg
  -> Layout type: COMPLEX_LAYOUT
  -> Ad type: FULL_AD
Processing: page_48.jpg
  -> Layout type: COMPLEX_LAYOUT
  -> Ad type: NO_AD (pure structured directory content)
  -> Page type inferred: 
  -> Inferred schema: Name,Address,Location,Role,Profession
  -> Final schema: Name,Address,Location,Role,Profession
  -> Multi-section page detected: ['MUNICIPIO | Address: S. Luca, palazzi Farsetti e Loredan', 'SUDDIVISIONE DEGLI UFFICI | Address: Palazzo Loredan', 'DIREZIONE LAVORI E SERVIZI PUBBLICI | Address: Palazzo Farsetti, p. IIl', 'DIREZIONE SERVIZI DI IGIENE E DI ASSISTENZA PUBBLICA | Address: Palazzo Loredun, p. III', 'MACELLO COMUNALE | Address: Fond, S. Ghibobe', 'CIMITERI COMUNALI']
  -> Actual CSV columns: Name,Address,Location,Role,Profession
  -> WARNING: 26 rows (63%) missing both Address and Location on page_48.jpg
  -> Section state reset at document boundary (page 48)
  -> Section state carries address: Palazzo Loredun, p. III
Done.
Processing: page_49.jpg
  -> OCR refusal detected, retrying with fallback prompt...
  -> Layout type: COMPLEX_LAYOUT
  -> Ad type: NO_AD (pure structured directory content)
  -> Page type inferred: 
  -> Inferred schema: Name,Role,Address,Location,Profession,Additional Info
  -> Final schema: Name,Role,Address,Location,Profession,Additional Info
  -> Multi-section page detected: ['Medici di Circondario', 'Ostetriche di Reparto', 'DIREZIONE DI RAGIONERIA E TRIBUTI | Address: Palazzo Farsetti, P. II', 'Ufficio Dazio', 'DIVISIONE AFFARI GENERALI | Address: Palazzo Loredan, p. I', 'CORPO DEI VIGILI URBANI', 'Sezioni', 'Sottosezioni', 'GIUDICI CONCILIATORI', 'DIREZIONE DEGLI UFFICI DI TERRAFERMA']
  -> Actual CSV columns: Name,Role,Address,Location,Profession,Additional Info
  -> WARNING: 43 rows (42%) missing both Address and Location on page_49.jpg
  -> Section state carries address: Via Durando 1
Done.
Processing: page_50.jpg
  -> Layout type: COMPLEX_LAYOUT
  -> Ad type: NO_AD (pure structured directory content)
  -> Page type inferred: 
  -> Inferred schema: Name,Address,Location,Role,Profession
  -> Final schema: Name, Role, Address, Location, Profession, Additional Info
  -> Multi-section page detected: ['ESATTORIA COMUNALE | Category: Cassa di Risparmio', 'CONSIGLIERI COMUNALI', "AMMINISTRAZIONE IMPOSTE CONSUMO DEL COMUNE | Appalto: Società 'Trezza di Verona, Address: S. Silvestro Riva del Vin 1098", "AZIENDA COMUNALE PER LA NAVIGAZIONE INTERNA LAGUNARE | Address: S. Angelo, Corte dell'Albero, 3880"]
  -> Actual CSV columns: Name,Role,Address,Location,Profession,Additional Info
  -> WARNING: 73 rows (97%) missing both Address and Location on page_50.jpg
  -> Section state carries address: Address:"S. Silvestro Riva del Vin 1098"
Done.
Processing: page_51.jpg
  -> Layout type: COMPLEX_LAYOUT
  -> Ad type: NO_AD
  -> Page type inferred: 
  -> Inferred schema: Name,Address,Location,Role,Profession
  -> Final schema: Name, Role, Address, Location, Profession, Additional Info
  -> Multi-section page detected: ['Linee esercite', 'Servizi Filoviari', 'Ufficio Deposito', 'Cantiere Navale', 'SERVIZIO COMUNALE DELLE PUBBLICHE AFFISSIONI | Address: San Marco 4102', 'ISTITUTO AUTONOMO PER LE CASE POPOLARI DELLA PROV. DI VENEZIA | Address: San Marco, calle Bembo 4785', 'ENTE PROVINCIALE per il TURISMO di VENEZIA | Address: S. Marco. Ascensione 1300 - tel. 22-373']
  -> Actual CSV columns: Name,Role,Address,Location,Profession,Additional Info
  -> WARNING: 35 rows (85%) missing both Address and Location on page_51.jpg
  -> Section state carries address: S. Marco. Ascensione 1300
Done.
Processing: page_52.jpg
  -> Layout type: COMPLEX_LAYOUT
  -> Ad type: NO_AD (pure structured directory content)
  -> Page type inferred: 
  -> Inferred schema: Name,Address,Location,Role,Profession
  -> Final schema: Name, Role, Address, Location, Profession, Additional Info
  -> Multi-section page detected: ['Camera di Commercio Industria e Agricoltura | Address: Via 22 Marzo, 2032-34,40', 'GIUNTA CAMERALE', 'CONSULTA ECONOMICA PROVINCIALE', "UFFICIO PROVINCIALE DELL'INDUSTRIA E DEL COMMERCIO"]
  -> Actual CSV columns: Name,Role,Address,Location,Profession,Additional Info
  -> WARNING: 26 rows (32%) missing both Address and Location on page_52.jpg
  -> Section state carries address: Cannaregio, Calle Zanardi 4132-A
Done.
Processing: page_53.jpg
  -> Layout type: COMPLEX_LAYOUT
  -> Ad type: NO_AD
  -> Page type inferred: 
  -> Inferred schema: Name,Address,Location,Role,Profession
  -> Final schema: Name, Role, Address, Location, Profession, Additional Info
  -> Multi-section page detected: ['CAMERA DI COMMERCIO, INDUSTRIA ED AGRICOLTURA | Address: Via XXI I Marzo n. 2034', 'UNIONE REGIONALE CAMERE DI COMMERCIO DELLE VENEZIE', 'ISTITUTO NAZIONALE PER IL COMMERCIO ESTERO', "CENTRO NAZIONALE DI STUDI PER L'UTILIZZAZIONE DELLE MATERIE ESTRATIVE ITALIANE NELLA INDUSTRIA VETRARIA | Address: Via XXI I Marzo n. 2032", "CONSORZIO PROVINCIALE OBBLIGATO. RIO PER L'INDUSTRIA TECNICA | Address: Via XXI I Marzo n. 2032", 'Proveditorato | Address: S. Angelo, calle degli Avvocati, n. 3807', 'Questura | Address: Fondamenta S. Lorenzo n. 5055', 'Divisione I.a', 'Divisione II.a', 'Diysione III.a', 'Commissariato di S. Marco', 'Commissariato di Cannaregio', 'Commissariato di S. Polo e S. Croce', 'Commissariato di Castello', 'Commissariato di Dorsoduro', 'Commissariato di S. B Elena']
  -> Actual CSV columns: Name,Role,Address,Location,Profession,Additional Info
  -> WARNING: 34 rows (55%) missing both Address and Location on page_53.jpg
  -> Section state carries address: Fondamenta S. Lorenzo n. 5055
Done.
Processing: page_54.jpg
  -> Layout type: COMPLEX_LAYOUT
  -> Ad type: NO_AD (pure structured directory content)
  -> Page type inferred: 
  -> Inferred schema: Name,Address,Location,Role
  -> Final schema: Name, Role, Address, Location, Profession, Additional Info
  -> Multi-section page detected: ['COMMISSIONI POLIZIA | Title: Commissariato di Lido', 'COMMISSIONI POLIZIA | Title: Commissariato di Piazzale Roma', 'COMMISSIONI POLIZIA | Title: Commissariato di Marghera', 'COMMISSIONI POLIZIA | Title: Commissariato di Mestre', 'COMMISSIONI POLIZIA | Title: Commissariato di Chioggia', 'COMMISSIONI POLIZIA | Title: Commissariato Compartimento', 'COMMISSIONI POLIZIA | Title: Ufficio di P. &. Ferrovia', 'COMMISSIONI POLIZIA | Title: Commissariato di P. &. Porto', 'TRIBUNALI | Title: Tribunali', 'CORTE D’APPELLO | Address: San Luca 4041', 'TRIBUNALE DELLE ACQUE PUBBLICHE', 'CORTI D’ASSISE']
  -> Actual CSV columns: Name,Role,Address,Location,Profession,Additional Info
  -> WARNING: 21 rows (24%) missing both Address and Location on page_54.jpg
  -> Section state carries address: San Luca 4041
Done.
Processing: page_55.jpg
  -> Layout type: COMPLEX_LAYOUT
  -> Ad type: NO_AD (pure structured directory content)
  -> Page type inferred: 
  -> Inferred schema: Name,Address,Location,Role,Profession,Additional Info
  -> Final schema: Name, Role, Address, Location, Profession, Additional Info
  -> Multi-section page detected: ['ORGANIZATION | Address: Trento', 'Udine', "PROCURA GENERALE PRESSO LA CORTE D'APPELLO DI VENEZIA", 'PROCURA DELLA REPUBBLICA | Address: Rialto, Campo Cesare Battisti 186', 'CONSIGLIO DI PATRONATO PER I LIBERATI DAL CARCERE | Address: Rialto, Campo Cesare Battisti 186', 'TRIBUNALE CIVILE E PENALE DI VENEZIA | Address: Rialto numero 199', 'Ufficio Istruzione', 'Cancellieri']
  -> Actual CSV columns: Name,Role,Address,Location,Profession,Additional Info
  -> WARNING: 49 rows (58%) missing both Address and Location on page_55.jpg
  -> Section state carries address: Rialto numero 199
Done.
Processing: page_56.jpg
  -> Layout type: COMPLEX_LAYOUT
  -> Ad type: PARTIAL_AD
  -> Page type inferred: 
  -> Inferred schema: Name,Address,Location,Role,Profession
  -> Final schema: Name, Role, Address, Location, Profession, Additional Info
  -> Multi-section page detected: ['Ufficiali Giudiziari', 'TRIBUNALE DEI MINORENNI', 'PROCURA PRESSO IL TRIBUNALE DEI MINORENNI | Address: Dorsoduro, Fondamenta delle Zattere allo Spirito Santo numero 423', 'PRETURA CIVILE E PENALE | Address: Rialto', 'PRETURA DI MESTRE | Address: (con sede distaccata a Mirano)', 'Tipografia Commerciale | Address: V E N E Z I A - S. LIO, P O N T E D E L L E P A S T E - T E L E F . 2 4 - 9 1 1']
  -> Image re-pass enabled (complex layout + ads + 6 sections).
  -> Actual CSV columns: Name,Role,Address,Location,Profession,Additional Info
  -> WARNING: 55 rows (93%) missing both Address and Location on page_56.jpg
  -> Section state carries address: V E N E Z I A - S. LIO, P O N T E D E L L E P A S T E - T E L E F . 2 4 - 9 1 1
Done.
Processing: page_57.jpg
  -> Layout type: SIMPLE_LAYOUT
  -> Ad type: NO_AD
  -> Page type inferred: 
  -> Inferred schema: Name,Address,Location,Role,Profession
  -> Final schema: Name,Address,Location,Role,Profession
  -> Multi-section page detected: ['INTENDENZA DI FINANZA | Address: San Angelo - Ponte dei Frati n. 3553', 'UFFICIO PROVINCIALE DEL TESORO | Address: Piscina S. Zulian N. 548', 'ISPETTORATO COMPARTIMENTALE DELLE IMPOSTE DIRETTE | Address: Palazzo Papadopoli, S. Silvestro n. 1364', 'ISPETTORATO COMPARTIMENTALE DELLE TASSE E DELLE IMPOSTE INDIRETTE SUGLI AFFARI | Address: Palazzo Papadopoli, S. Silvestro N. 1364', 'UFFICIO DISTRETTUALE DELLE IMPOSTE DIRETTE | Address: Ponte dei Frati, S. Angelo N. 3553', 'UFFICIO DEL REGISTRO ATTI CIVILI | Address: S. Angelo N. 3553', 'UFFICIO REGISTRO ATTI GIUDIZIARI E CONCESSIONI GOVERNATIVE | Address: S. Angelo N. 3553', 'UFFICIO DEL REGISTRO SUCCESSIONI E DEMANIO | Address: S. Angelo N. 3553', 'UFFICIO IMPOSTA IN SURROGAZIONE | Address: S. Angelo N. 3553', "UFFICIO IMPOSTA GENERALE SULL'ENTRATA | Address: Campo Manin", 'CONSERVATORIA DEI REGISTRI IMMOBILIARI | Address: Campiello della Feltrina, S. Marco', 'UFFICIO TECNICO ERARIALE | Address: Campo Manin 4022', 'UFFICIO TECNICO IMPOSTE DI FABBRICAZIONE | Address: S. Stae - Calle del Meggio N. 1789', 'DIREZIONE SUPERIORE DI DOGANA | Address: Campo della Salute', 'ISPETTORATO COMPARTIMENTALE DELLE DOGANE | Address: Calle Contarini Corfù N. 1057', 'LABORATORIO CHIMICO DELLE DOGANE E IMP. DI FABBRICAZIONE | Address: Magazzini Generali, S. Marta', 'DIREZIONE LOTTO | Address: S. Angelo 3553', 'DOGANA', 'Uffici Finanziari di Dolo', 'Uffici Finanziari di Mestre', 'Uffici Finanziari di Mirano']
  -> Actual CSV columns: Name,Address,Location,Role,Profession
  -> WARNING: 32 rows (65%) missing both Address and Location on page_57.jpg
  -> Section state reset at document boundary (page 57)
  -> Section state carries address: S. Angelo 3553
Done.
Processing: page_58.jpg
  -> Layout type: COMPLEX_LAYOUT
  -> Ad type: PARTIAL_AD
  -> Page type inferred: 
  -> Inferred schema: Name,Address,Location,Role,Additional Info
  -> Final schema: Name,Address,Location,Role,Additional Info
  -> Multi-section page detected: ['Manifattura tabacchi | Address: Tolentini n. 420-23', 'MAGAZZINI', 'DEPOSITO GENERI DI MONOPOLIO DI STATO DI VENEZIA, PORTO MARGHERA', 'RIVENDITA DI STATO | Address: Piazzas San Marco 70.71', 'UFFICIO VENDITA MONOPOLI DI STATO', 'Ispettorato Compartimentale delle Dogane | Address: Accademia numero 1057', 'Circoscrizione Doganale di Venezia', 'DOGANA PRINCIPALE DI VENEZIA', 'Sezione Salute', 'Sezione Deposito Franco', 'Sezione Magg. Gen. S. Basilio', 'Sezione Marghera Ind.', 'Sezione Marghera Petrol.', 'Sezione Marittima Visite', 'Sezione Marittima Scritture', 'Sezione Silos', 'Ricevitoria Dogana di Venezia', 'Dogana Secondaria di Chioggia', 'Dogana Principale di Ponte Fornaci (Donada)', 'ARTI GRAFICHE | Name: "ESPERIA"', "GIORNALI • RIVISTE | Address: Sant' Antoni, n. 3579a • Telefono 23-659", 'OFFICINA RIPARAZIONI MACCHINE PER SCRIVERE | Address: VENEZIA • Via XXII Marzo, 2288 • Telefono 25-889']
  -> Image re-pass enabled (complex layout + ads + 22 sections).
  -> Actual CSV columns: Name,Address,Location,Role,Additional Info
  -> WARNING: 19 rows (37%) missing both Address and Location on page_58.jpg
  -> Section state carries address: Dogana Principale di Ponte Fornaci (Donada)
Done.
Processing: page_59.jpg
  -> Layout type: COMPLEX_LAYOUT
  -> Ad type: PARTIAL_AD
  -> Page type inferred: 
  -> Inferred schema: Name,Address,Location,Role,Profession
  -> Final schema: Name,Address,Location,Role,Profession
  -> Multi-section page detected: ['COMANDI MILITARI', 'COMANDO BASE NAVALE', 'Zona Fari', 'Comando Difesa M. M.', 'Comando Deposito C. R. E. M.', 'Scuola Sottufficiali', 'Direzione Sanità M. M.', 'Capitaneria di Porto.', 'Distretto Militare di Venezia | Address: Campo dei Gesuiti, Caserma Manin', 'Direzione Marittima e Capitaneria di Porto di Venezia | Address: San Marco, calle Vallaresso 1324', '"duse." | Address: VENEZIA - Via XXII Marzo 2288, Telefono: n. 25.889']
  -> Image re-pass enabled (complex layout + ads + 11 sections).
  -> Actual CSV columns: Name,Address,Location,Role,Profession,Additional Info
  -> WARNING: 16 rows (35%) missing both Address and Location on page_59.jpg
  -> Section state reset at document boundary (page 59)
  -> Section state carries address: VENEZIA - Via XXII Marzo 2288
Done.
Processing: page_60.jpg
  -> Layout type: COMPLEX_LAYOUT
  -> Ad type: PARTIAL_AD
  -> Page type inferred: 
  -> Inferred schema: Name,Address,Location,Role,Additional Info
  -> Final schema: Name,Address,Location,Role,Additional Info
  -> Multi-section page detected: ['Sezione staccata Zattere', 'Sezione Staccate', 'Delegazioni di Spiaggia', 'Legione Territoriale dei Carabinieri', 'GRUPPO DI VENEZIA | Address: Campo San Zaccaria', 'Legione Territoriale della Guardia di Finanza', 'UFFICIO COMANDO', 'Comando di Zona | Address: Campo S. Polo 2128', 'Comando di legione', 'Circolo di Venezia', 'Comandi dipendenti', 'Tenenza Chioggia', 'Sezione di Lido', 'Circolo di Mestre', 'SCHEDARI - MOBILI PER UFFICIO - MACCHINE CONTABILI | Address: Venezia - Via XXII Marzo, n. 2288, Telefono n. 25-869']
  -> Image re-pass enabled (complex layout + ads + 15 sections).
  -> Actual CSV columns: Name,Address,Location,Role,Additional Info
  -> WARNING: 25 rows (81%) missing both Address and Location on page_60.jpg
  -> Section state carries address: Venezia - Via XXII Marzo, n. 2288
Done.
Processing: page_61.jpg
  -> Layout type: COMPLEX_LAYOUT
  -> Ad type: NO_AD (pure structured directory content)
  -> Page type inferred: 
  -> Inferred schema: Name,Address,Location,Role,Profession
  -> Final schema: Name,Address,Location,Role,Profession
  -> Multi-section page detected: ['TENENZA MESTRE | Address: Ponzo Marco, Sottotenente', 'TENENZA MARGHERA | Address: Calvani Raffaele, Sottotenente', 'COMANDO AREOPORTO | Aeroporto G. Nicelli', 'FERROVIE DELLO STATO | Compartment: Venezia, Address: Fondamenta S. Lucia']
  -> Actual CSV columns: Name,Address,Location,Role,Profession
  -> WARNING: 5 rows (10%) missing both Address and Location on page_61.jpg
  -> Section state reset at document boundary (page 61)
  -> Section state carries address: Fondamenta S. Lucia
Done.
Processing: page_62.jpg
  -> Layout type: COMPLEX_LAYOUT
  -> Ad type: NO_AD (pure structured directory content)
  -> Page type inferred: 
  -> Inferred schema: Name,Address,Location,Role
  -> Final schema: Name,Address,Location,Role
  -> Multi-section page detected: ['CORPO ISPETTIVO DI RAGIONERIA', 'ISPETTORE SANITARIO', 'RIPARTO COMPARTIMENTALE DI MOBILITAZIONE', 'STAZIONE DI VENEZIA, SANTA LUCIA', 'STAZIONE DI VENEZIA MARITTIMA', 'STAZIONE DI VENEZIA-MESTRE', 'COMMISSARIATO COMPARTIMENTALE DI POLIZIA FERROVIARIA', 'POLIZIA FERROVIARIA COMPARTIMENTALE | Station: Stazione di Venezia S. Lucia', 'POSTE E TELEGRAFI | Direzione Provinciale: Palazzo ex Fontego dei Tedeschi - S. Bartolomeo', 'UFFICIO TELEGRAFICO CENTRALE', 'UFFICIO CORRISPONDENZA E PACCHI', 'UFFICIO VAGLIA E RISPARMI', "UFFICIO ARRIVI E DISTRIBUZIONE | Address: Riva dell'Olio numero 1781", 'UFFICIO CONTI CORRENTI POSTALI', 'UFFICIO POSTALE DI FERROVIA | Station: Stazione fer., S. Lucia', 'SUCCURSALI URBANE', '« ITALCABLE » COMPAGNIA ITAL. DEI CAVI TELEGRAFICI BOTTOM | Ufficio postale: Ascensione 1269']
  -> Actual CSV columns: Name,Address,Location,Role
  -> WARNING: 43 rows (67%) missing both Address and Location on page_62.jpg
  -> Section state reset at document boundary (page 62)
  -> Section state carries address: Ascensione 1269
Done.
Processing: page_63.jpg
  -> Layout type: COMPLEX_LAYOUT
  -> Ad type: PARTIAL_AD
  -> Page type inferred: 
  -> Inferred schema: Name,Address,Location,Role,Profession
  -> Final schema: Name,Address,Location,Role,Profession
  -> Multi-section page detected: ['AZIENDA DI STATO PER I SERVIZI TELEFONICI | Address: ex Convento S. Salvador', 'Società Telefonica delle Venezie - "Telve" | Address: Campo S. Salvador', 'Magistrato alle Acque | Address: Rialto 19', 'Corpo del Genio Civile | Address: Palazzo Dieci Savi - Sottoport. di Rialto 50', 'Ispettorato Agrario Compartimentale per le Venezie | Address: Santa Barnaba 3232', 'ENTE NAZION. PER LE TRE VENEZIE | Address: S. Samuele 3291', "SEZIONE PROV. DELL'ALIMENTAZIONE | Address: Via 22 Marzo n. 2233", 'CONSORZIO DI BONIFICA DESE SUPERIORE | Address: Mestre, Via Carducci 3']
  -> Image re-pass enabled (complex layout + ads + 8 sections).
  -> Actual CSV columns: Name,Address,Location,Role,Profession,Additional Info
  -> WARNING: 55 rows (76%) missing both Address and Location on page_63.jpg
  -> Section state carries address: Via XXIII Marzo n. 223, Telefono 354893
Done.
Processing: page_64.jpg
  -> Layout type: COMPLEX_LAYOUT
  -> Ad type: PARTIAL_AD
  -> Page type inferred: 
  -> Inferred schema: Name,Address,Location,Role,Profession
  -> Final schema: Name, Address, Location, Role, Profession
  -> Multi-section page detected: ['CONSORZIO DI BONIFICA DESE INFERIORE | Address: Mestre, Via Carducci 3', 'CONSORZIO DI BONIFICA DESTRA SILE INFERIORE | Address: Mestre, Via Carducci 3', 'CONSORZIO DI BONIFICA— DEL LITORALE DI CAVALLINO | Address: Mestre, Via Carducci 3', 'Archivio di Stato', 'SCUOLA DI PALEOGRAFIA E DOTTRINA ARCHIVISTA | (Presso l’Archivio di Stato), Address: Campo Frari 3042', 'AVVOCATURA DELLO STATO | Address: Ponte della Canonica', 'ARCHIVIO NOTARILE REGIONALE | Address: Rio Terrà San Tomà', 'DITTA Cav. G. PELLEGRINI | Address: Campo S. Bartolomeo 5376 - Tel. 25-004']
  -> Image re-pass enabled (complex layout + ads + 8 sections).
  -> Actual CSV columns: Name,Address,Location,Role,Profession,Additional Info
  -> WARNING: 23 rows (72%) missing both Address and Location on page_64.jpg
  -> Section state carries address: Campo S. Bartolomeo 5376 - Tel. 25-004
Done.
Processing: page_65.jpg
  -> Layout type: COMPLEX_LAYOUT
  -> Ad type: NO_AD (pure structured directory content)
  -> Page type inferred: 
  -> Inferred schema: Name,Address,Location,Role,Profession
  -> Final schema: Name,Address,Location,Role,Profession
  -> Multi-section page detected: ['UFFICIO REGIONALE DEL LAVORO | Address: Campo S. Angelo 3584', 'CAMERA CONFEDERALE DEL LAVORO | Address: Cà Matteotti, Strada Nuova', 'ISPETTORATO DEL LAVORO | Address: S. Barnaba, Calle Giustinia', 'ASSOCIAZIONE TRA GLI AGRICOLTORI DELLA PROVINCIA DI VENEZIA | Address: Palazzo Giovanelli, Santa Fosca 2292', 'FEDERAZIONE PROVINCIALE LAVORATORI DELLA TERRA | Address: Via 28 aprile, Cà Matteotti 4314', '"FEDERTERRA"', 'FEDERAZIONE PROVINCIALE PICCOLI PROPRIETARI, AFFITT. COLTIVATORI DIRETTI E MEZZADRI DI VENEZIA | Address: Lista di Spagna 122', 'UFF. COORDINAMENTO PER IL VENETO DELLE FEDERAZIONI PROVINCIALI FRA PICCOLI PROPR., AFFITTAVOLI, COLTIVATORI DIRETTI E MEZZADRI | Address: Lista di Spagna 122', "ISPETTOR. PROV. DELL'AGRICOLTURA", 'ISPET. COMPARTIMENTALE AGRARIO | Address: S. Barnaba, Calle Giustinian']
  -> Actual CSV columns: Name,Address,Location,Role,Profession,Additional Info
  -> WARNING: 47 rows (84%) missing both Address and Location on page_65.jpg
  -> Section state reset at document boundary (page 65)
  -> Section state carries address: Lista di Spagna 122
Done.
Processing: page_66.jpg
  -> Layout type: COMPLEX_LAYOUT
  -> Ad type: PARTIAL_AD
  -> Page type inferred: 
  -> Inferred schema: Name,Address,Location,Role,Profession
  -> Final schema: Name,Address,Location,Role,Profession
  -> Multi-section page detected: ['CONSULTA REGIONALE | Address: S. Barina - Calle Giustinian', 'COMMISSARIATO REGIONALE | Address: Palazzo S Sari - Rialto', 'CONSORZIO AGRARIO COOPERATIVO | Address: Campo S. Stefano - Palazzo Franchetti', 'UFFICIO PROVINCIALE STATISTICO ECONOMICO AGRICOLTURA U.P.S.E.A. | Address: S. Giovanni Grisostomo - Calle Civran', 'UFFICIO REGIONALE DI COORDINAMENTO U.P.S.E.A. | Address: S. Marcuola - Palazzo Mandelli', 'SERVIZIO PER GLI ELENCHI NOMINATIVI DEI LAVORATORI E PER I CONTRIBUTI UNIFICATI IN AGRICOLTURA | Address: Castello 5273', 'COMITATO REG. VENETO BONIFICHE | Address: S. Fosca - Palazzo Giovanelli', 'ENTE NAZIONALE DISTILLAZIONE MATERIE VINOSE | Address: S. Fosca - Palazzo Giovanelli', 'ASSOCIAZIONE DEGLI INDUSTRIALI DELLA PROVINCIA DI VENEZIA | Address: S. Marcuola 2040 - Pal. Vendramin Calergi', 'ASSOCIAZIONE REGIONALE TRA INDUSTRIALI | Address: S. Marcuola 2040 - Pal. Vendramin Calergi', 'ASSOCIAZIONE PROVINCIALE FRA DIRIGENTI DI AZIENDE INDUSTRIALI | Address: Società Porto Industriale. Bacino Orseolo', 'ASSOCIAZIONE TRA LE INDUSTRIE DI MARGHERA PER LO STUDIO DEI PROBLEMI ECONOMICI | Address: S. Luca 4590', 'ASSOCIAZIONE IMPRESE ELETTRICHE VENETO ADRIATICHE « A.I.E.V.A.» | Address: Campo S. Stefano, 2908', 'ASSOCIAZIONE PROVINCIALE TRA LE INDUST. POLIGRAFICHE DI VENEZIA | Address: S. Luca 4590', 'CENTRO ECONOMICO PER LA RICOSTRUZIONE | Sede: Cà Foscari', 'ASSOCIAZIONE DEI COMMERCIANTI | Address: S. Luca - Calle Bembo, 4779-80', 'Società in NOME COLLETTIVO | Address: Gazzettino - F. Pasini S. Luca, 14 - com. di VENEZIA, Telefono: 24680 - 222400 - 828318']
  -> Image re-pass enabled (complex layout + ads + 17 sections).
  -> Actual CSV columns: Name,Address,Location,Role,Profession,Additional Info
  -> WARNING: 46 rows (61%) missing both Address and Location on page_66.jpg
  -> Section state carries address: Gazzettino - F. Pasini S. Luca, 14 - com. di VENEZIA
Done.
Processing: page_67.jpg
  -> Layout type: COMPLEX_LAYOUT
  -> Ad type: PARTIAL_AD
  -> Page type inferred: 
  -> Inferred schema: Name,Address,Location,Role,Profession,Additional Info
  -> Final schema: Name, Address, Location, Role, Profession, Additional Info
  -> Multi-section page detected: ['- GUIDA COMMERCIALE 01 VENEZIA E PROVINCIA', '- ASSOCIAZIONE DEI PANIFICATORI DI VENEZA E PROVINCIA | Address: S. Luca, Calle Bombo 3779', '- ASSOCIAZIONE ESERCENTI PUBBLICI ESERCIZI DELLA PROV. DI VENEZIA | Address: S. Luca, Calle Bembo 4779', '- ASSOCIAZIONE FRA I DIRIGENTI DI AZIENDE COMMERCIALI DELLA PROVINCIA DI VENEZIA | Address: Presso Ditta E. Ratti, S. M. Formosa 5386', '- ASSOCIAZIONE FRA DIRIGENTI CASE DI SPEDIZIONE DELLA PROVINCIA DI VENEZIA | Address: Presso Ditta Gudnard, S. Stefano 2803', '- ISPETTORATO GENERALE DELLA MOTORIZZAZIONE CIVILE E DEI TRASPORTI IN CONCESSIONE | Address: Sede di Venezia; Agenzia di città: S. Giovanni Grisostomo 5721. - Sede di Mestre: Via Marghera', '- PREMIATO MOBILIFICIO', "- CASA DELL'ARTIGIANATO", '- Oav. BRUNO GASPARINI | Address: Via Manin, N. 39 - MESTRE - Telefono N. 51-165']
  -> Image re-pass enabled (complex layout + ads + 9 sections).
  -> Actual CSV columns: Name,Address,Location,Role,Profession,Additional Info
  -> WARNING: 35 rows (58%) missing both Address and Location on page_67.jpg
  -> Section state carries address: Via Manin, N. 39 - MESTRE
Done.
Processing: page_68.jpg
  -> Layout type: COMPLEX_LAYOUT
  -> Ad type: PARTIAL_AD
  -> Page type inferred: 
  -> Inferred schema: Name,Address,Location,Role,Profession
  -> Final schema: Name, Address, Location, Role, Profession, Additional Info
  -> Multi-section page detected: ['Artigianato', 'UNIONE PROVINCIALE ARTIGIANI | Address: S. Marco 876', 'Credito e Assicurazione', 'ASSOCIAZIONE PROVINCIALE TRA GLI AGENTI DI ASSICURAZIONI | Address: Riva del Carbon - Palazzo Rembo 4792', 'Cooperazione', 'UNIONE PROVINCIALE DEGLI ENTI COOPERATIVI | Address: Lista di Spagna 122', 'ASSOCIAZIONE VENETA DELLE COOPERATIVE | Address: Palazzo Bumbo, Riva del Carbon', 'LEGA DELLE COOPERATIVE PER LA PROVINCIA DI VENEZIA | Address: Palazzo Bembo - Riva del Carbon', 'Navigazione', 'UNIONE DI NAVIGAZIONE INTERNA ALTA ITALIA | Address: S. Marco, Calle degli Avvocati', 'ASSOCIAZIONE ARMATORI ADRIATICO OCCIDENTALE - VENEZIA | Address: Riva Schiavoni 4158', 'ASSOCIAZIONE DELL’ARMAMENTO DI LINEA DI VENEZIA | Address: Zattere 1411', 'Enti di Previdenza ed Assistenza', 'ISTITUTO NAZIONALE DELLA PREVIDENZA SOCIALE | Address: S. Fosca, Palazzo Correr, 2217', 'ISPETTORATO PER LE TRE VENEZIE DELLA PREVIDENZA SOCIALE | Address: S. Leonardo', '“duse” Forniture complete MOBILI o ACCESSORI per UFFICIO | Address: VENEZIA • Via XXII Marzo, 2288 • Telefono 25-889']
  -> Image re-pass enabled (complex layout + ads + 16 sections).
  -> Actual CSV columns: Name,Address,Location,Role,Profession,Additional Info
  -> WARNING: 35 rows (76%) missing both Address and Location on page_68.jpg
  -> Section state carries address: VENEZIA • Via XXII Marzo, 2288
Done.
Processing: page_69.jpg
  -> Layout type: COMPLEX_LAYOUT
  -> Ad type: NO_AD (pure structured directory content)
  -> Page type inferred: 
  -> Inferred schema: Name,Address,Location,Role,Profession
  -> Final schema: Name, Address, Location, Role, Profession, Additional Info
  -> Multi-section page detected: ["ISTITUTO NAZIONALE PER L'ASSICURAZIONE CONTRO GLI INFORTUNI SUL LAVORO | Address: S. Angelo 3883", "ISTITUTO NAZIONALE PER L'ASSISTENZA DI MALATTIE AI LAVORATORI | Address: Dorsoduro 3498-A", "CASSA MARITTIMA ADRIATICA PER L'ASSICURAZIONE CONTRO GLI INFORTUNI SUL LAVORO E LE MALATTIE - TRIESTE | Address: Ramo primo della Ascensione numero 1253", 'MUTUA MALATTIE DEL PESCATORE | Address: Campo Manin 4233', 'CASSA PREVIDENZA LAVORATORI PORTUALI | Address: S. Simeone Grande 927', 'UFFICIO PROVINCIALE ASSISTENZA POSTBELLICA | Address: San Maurizio 2761', 'UFFIC. COMUNALE DI COLLOCAMENTO | Address: S. Angelo, Calle Caffettier', 'UFFICIO COLLOCAMENTO GENTE DEL MARE | Address: Zattere 1485-B', 'ASSOCIAZIONE FRA PROPRIETARI DI FABBRICATI DELLA PROVINCIA DI VENEZIA | Address: S. Polo, Calle della Laca 2456', "ASSOCIAZIONE INQUILINI E SENZA TETTO | Address: Presso Ca' Matteotti, Via XXVIII aprile", 'COMITATO DALMATA | Address: S. Stae - Palazzo Tron presso il Provveditorato agli studi', 'COMITATO GIULIANO | Address: Piazzetta S. Marco, Museo Correr', 'E.N.A.L. ENTE NAZ. ASSISTENZA LAVORATORI SEDE PROVINCIALE DI VENEZIA | Address: Calle Larga S. Marco 374']
  -> Actual CSV columns: Name,Address,Location,Role,Profession,Additional Info
  -> WARNING: 41 rows (66%) missing both Address and Location on page_69.jpg
  -> Section state carries address: Calle Larga S. Marco 374
Done.
Processing: page_70.jpg
  -> Layout type: COMPLEX_LAYOUT
  -> Ad type: PARTIAL_AD
  -> Page type inferred: 
  -> Inferred schema: Name,Address,Location,Role,Profession,Additional Info
  -> Final schema: Name, Address, Location, Role, Profession, Additional Info
  -> Multi-section page detected: ['C.A.R.L. Comunali', 'C.R.A.L. Aziendali', 'C.R. A. L. Vari', 'CARLO GALIMBERTI | Address: Venezia - Riva del Vin 722 - 728']
  -> Image re-pass enabled (complex layout + ads + 4 sections).
  -> Actual CSV columns: Name,Address,Location,Role,Profession,Additional Info
  -> WARNING: 42 rows (50%) missing both Address and Location on page_70.jpg
  -> Section state carries address: Venezia - Riva del Vin 722 - 728
Done.
Processing: page_71.jpg
  -> Layout type: COMPLEX_LAYOUT
  -> Ad type: PARTIAL_AD
  -> Page type inferred: 
  -> Inferred schema: Name,Address,Location,Role,Profession
  -> Final schema: Name,Address,Location,Role,Profession
  -> Multi-section page detected: ['CONSOLATI | Category: Consolati (attualmente in attività a Venezia)', 'Altri Consolati aventi giurisdizione sulla Regione Veneta', 'Consolati non ancora riaperti a Venezia, ma che possono interessarsi ad inoltrare lettere commerciali ecc.', 'Tipografia Commerciale', 'Industria Arti Grafiche']
  -> Image re-pass enabled (complex layout + ads + 5 sections).
  -> Actual CSV columns: Name,Address,Location,Role,Profession,Additional Info
  -> WARNING: 18 rows (45%) missing both Address and Location on page_71.jpg
  -> Section state reset at document boundary (page 71)
  -> Section state carries address: VENEZIA - S. LIO, PONTE DELLE PASTE
Done.
Processing: page_72.jpg
  -> Layout type: COMPLEX_LAYOUT
  -> Ad type: NO_AD
  -> Page type inferred: 
  -> Inferred schema: Name,Address,Location,Role,Profession
  -> Final schema: Name,Address,Location,Role,Profession
  -> Multi-section page detected: ['ISTITUTO UNIVERSITARIO DI ECONOMIA E COMMERCIO | Address: Palazzi Foscari, Giustinia e Rio Nuovo, Anagrafi: 3226, 3322 e 3881', 'Gabinetto', 'Economato', 'Archivio e Affari generali', 'Telefono', 'Biblioteca', 'Sezione di Economìa e Commercio']
  -> Actual CSV columns: Name,Address,Location,Role,Profession
  -> WARNING: 62 rows (98%) missing both Address and Location on page_72.jpg
  -> Section state reset at document boundary (page 72)
  -> Section state carries address: Palazzi Foscari, Giustinia e Rio Nuovo, Anagrafi: 3226, 3322 e 3881
Done.
Processing: page_73.jpg
  -> Layout type: COMPLEX_LAYOUT
  -> Ad type: NO_AD (pure structured directory content)
  -> Page type inferred: 
  -> Inferred schema: Name,Address,Location,Role,Profession,Additional Info
  -> Final schema: Name,Address,Location,Role,Profession,Additional Info
  -> Multi-section page detected: ['Liberí docenti', 'Assistenti e lettori', 'Sezione di lingua e litterature stranere', 'Liberi docenti', 'Lettori', 'Corso per il diploma di Magistero in Economia e Diritto', 'Corso per il diploma di Magistero in Economia Aziendale', 'Istituti scientifici', 'Laboratorio di Merceologia e Museo merceologico', 'Laboratorio di Geografia economica', 'Laboratorio di Economia politica', 'Laboratorio di Politica economica e finanziari', 'Laboratorio di Scienza della finanze e diritto finanziario']
  -> Actual CSV columns: Name,Address,Location,Role,Profession,Additional Info
  -> WARNING: 75 rows (91%) missing both Address and Location on page_73.jpg
  -> Section state carries address: Palazzi Foscari, Giustinia e Rio Nuovo, Anagrafi: 3226, 3322 e 3881
Done.
Processing: page_74.jpg
  -> Layout type: COMPLEX_LAYOUT
  -> Ad type: NO_AD (pure structured directory content)
  -> Page type inferred: 
  -> Inferred schema: Name,Address,Location,Role,Profession,Additional Info
  -> Final schema: Name, Address, Location, Role, Profession, Additional Info
  -> Multi-section page detected: ['ISTITUTO UNIVERSITARIO | Address: San Trovaso, Palazzo Giustinian']
  -> Actual CSV columns: Name,Address,Location,Role,Profession,Additional Info
  -> WARNING: 61 rows (97%) missing both Address and Location on page_74.jpg
  -> Section state carries address: San Trovaso, Palazzo Giustinian
Done.
Processing: page_75.jpg
  -> Layout type: COMPLEX_LAYOUT
  -> Ad type: NO_AD (pure structured directory content)
  -> Page type inferred: 
  -> Inferred schema: Name,Address,Location,Role,Profession
  -> Final schema: Name, Address, Location, Role, Profession, Additional Info
  -> Multi-section page detected: ['ORGANIZATION | Address: San Stae, Palazzo Tron', 'ISTRUZIONE CLASSICA, SCIENTIFICA E MAGISTRALE', 'ISTRUZIONE TECNICA', 'ISTRUZIONE MEDIA', 'ISTRUZIONE ARTISTICA']
  -> Actual CSV columns: Name,Address,Location,Role,Profession,Additional Info
  -> WARNING: 40 rows (61%) missing both Address and Location on page_75.jpg
  -> Section state carries address: Istituto artistico industriale (Corsi diurni e serali). Venezia, Campo dei Carmini 2613
Done.
Processing: page_76.jpg
  -> Layout type: COMPLEX_LAYOUT
  -> Ad type: NO_AD
  -> Page type inferred: 
  -> Inferred schema: Name,Address,Location,Role,Profession
  -> Final schema: Name, Address, Location, Role, Profession, Additional Info
  -> Multi-section page detected: ['Accademia di Belle Arti e Liceo Artistico | Address: Campo della Carità 1050, Venezia', 'Istruzione Professionale', 'ISTITUTO VENETO PER IL LAVORO | Address: Riva del Carbon, 4794, Palazzo Bembo', 'SCUOLA PROFESSIONALE MARITTIMA « N. SAURO » | Address: S. Giuseppe di Castello 787-B', 'ISTITUTO NAZIONALE PER L’ADDESTRAMENTO PROFESSIONALE LAVORATORI DELL’INDUSTRIA | Address: San Marco num. 2012', 'Scuole Elementari']
  -> Actual CSV columns: Name,Address,Location,Role,Profession,Additional Info
  -> WARNING: 41 rows (57%) missing both Address and Location on page_76.jpg
  -> Section state carries address: Accademia di Belle Arti e Liceo Artistico, Fond. Arsenale 2162-C, S. Croce numero 328-B
Done.
Processing: page_77.jpg
  -> Layout type: COMPLEX_LAYOUT
  -> Ad type: PARTIAL_AD
  -> Page type inferred: 
  -> Inferred schema: Name,Address,Location,Role,Profession
  -> Final schema: Name, Address, Location, Role, Profession, Additional Info
  -> Multi-section page detected: ['ISTRUZIONE RELIGIOSA | Character: Istruzione Religiosa', 'SEMENARIO PATRIARCALE | Address: Campo della Salute', 'DITTA Cav. G. PELLEGRINI | Address: Venezia, Campo S. Bartolomeo 5976, Tel: 25-004']
  -> Image re-pass enabled (complex layout + ads + 3 sections).
  -> Actual CSV columns: Name,Address,Location,Role,Profession,Additional Info
  -> WARNING: 24 rows (80%) missing both Address and Location on page_77.jpg
  -> Section state carries address: Venezia, Campo S. Bartolomeo 5976
Done.
Processing: page_78.jpg
  -> Layout type: COMPLEX_LAYOUT
  -> Ad type: PARTIAL_AD
  -> Page type inferred: 
  -> Inferred schema: Name,Address,Location,Role,Profession,Additional Info
  -> Final schema: Name, Address, Location, Role, Profession, Additional Info
  -> Multi-section page detected: ['Istruzione privata', 'ISTIT. MAGISTRALE PARIFICATO', 'SCUOLA MAGISTRALE RICONOSCIUTA', 'SCUOLA MEDIA PARIFICATA', "ISTITUTO ITALIANO RAVA'", 'ISTITUTO « A. MANZONI »', 'ISTITUTO ZAMBLER', 'ISTITUTO VITTORIO ALFIERI', 'ISTITUTO CONVITTO « G. MARCONI »', 'ISTITUTO CAVANIS', 'COLLEGIO S. GIUSEPPE', 'ISTITUTO SUORE DI NEVERS', 'ISTITUTO DELLE SUORE DEL S. CUORE', 'COLLEGIO ARMENO « M. RAPHAEL »', 'THE BERLITZ SCHOOL OF LANGUAGES', 'SCUOLA MERLETTI DI BURANO', 'ZAGO F.LLI | Address: S. Polo, 1479', 'DUSE | Address: Via XXII Marzo, 2288']
  -> Image re-pass enabled (complex layout + ads + 18 sections).
  -> Actual CSV columns: Name,Address,Location,Role,Profession,Additional Info
  -> WARNING: 18 rows (51%) missing both Address and Location on page_78.jpg
  -> Section state carries address: Ponte Canonica 4310
Done.
Processing: page_79.jpg
  -> Layout type: COMPLEX_LAYOUT
  -> Ad type: PARTIAL_AD
  -> Page type inferred: 
  -> Inferred schema: Name,Address,Location,Role,Profession
  -> Final schema: Name, Address, Location, Role, Profession, Additional Info
  -> Multi-section page detected: ['ISTITUZIONI DI CULTURA | Category: biblioteche e musei', 'Gabinetto', 'Ufficio di Segreteria', 'ESPOSIZIONE BIENNALE INT. D’ARTE | Type: Ente Autonomo, Permanent Address: Palazzo Giustiniani, San Moisé, Provisional Address: Palazzo dell’Esposizione Giardini Pubblici']
  -> Image re-pass enabled (complex layout + ads + 4 sections).
  -> Actual CSV columns: Name,Address,Location,Role,Profession,Additional Info
  -> WARNING: 8 rows (16%) missing both Address and Location on page_79.jpg
  -> Section state carries address: Via L. Settembrini, 38
Done.
Processing: page_80.jpg
  -> Layout type: COMPLEX_LAYOUT
  -> Ad type: NO_AD
  -> Page type inferred: 
  -> Inferred schema: Name,Address,Location,Role,Profession
  -> Final schema: Name,Address,Location,Role,Profession
  -> Multi-section page detected: ['ENTE AUTONOMO DEL TEATRO | Address: Campo S. Fantin', 'ISTITUTO PER GLI STUDI ADRIATICI | Address: Riva dei sette Martiri', "SOCIETA' NAZIONALE «D. ALIGHIERI » | Comitato: Venezia, Address: Palazzo Tron, S. Stue, numero 1957", 'ENTE NAZIONALE INDUSTRIE CINEMATOGRAFICHE | Address: S. Simeone Piccolo, 745.-A.', 'DIREZIONE RESTAURI E STUDIO MO. SAICI DELLA BASILICA SAN MARCO | Location: ex Chiesa S. Basso, Address: Piazzetta dei Leoncini', 'SOPRINTENDENZA AI MONUMENTI MEDIOEVALI E MODERNI DEL VENETO ORIENTALE | Address: Palazzo Ducale, Ufficio della Soprintendenza', "UFFICIO DI ESPORTAZIONE OGGETTI DI AMICITIA' E D'ARTE | Location: presso le gallerie", "SOPRINTENDENZA ALLE GALLERIE ED ALLE OPERE D'ARTE | Address: S. Vio Calle Gambara numero 1023", "GALLERIA « G. FRANCHETTI » ALLA CA' D'ORO | Location: Ca' D'Oro", "MUSEO ORIENT. DELLA CA' PESARO", 'SOPRINT. ALLE ANTICHITA’ PADOVA | Location: MUSEO ARCHEOLOGICO, Address: Piazzetta S, Marco 24 (Palazzo ex Reale)', 'BIBLIOTECA NAZIONALE MARCIANA E SOVRINTENDENZA BIBLIOGRAFICA PER LE VENEZIE | Address: Piazzetta S, Marco 7', 'FONDAZ. QUERINI STAMPALIA | Address: S. Maria Formosa, calle Querini 4774']
  -> Actual CSV columns: Name,Address,Location,Role,Profession,Additional Info
  -> WARNING: 43 rows (74%) missing both Address and Location on page_80.jpg
  -> Section state carries address: S. Maria Formosa, calle Querini 4774
Done.
Processing: page_81.jpg
  -> Layout type: COMPLEX_LAYOUT
  -> Ad type: NO_AD (pure structured directory content)
  -> Page type inferred: 
  -> Inferred schema: Name,Address,Location,Role,Profession
  -> Final schema: Name, Address, Location, Role, Profession
  -> Multi-section page detected: ['BIBLIOTECA RR. PP. ARMENI MECHITARISTI | Address: Isola San Lazzaro', 'BIBLIOTECA DEL SEMINARIO PATRIARCALE | Address: Santa Maria della Salute', 'MUSEO E PINACOTECA DEL SEMINARIO PATRIARCALE | Address: S. Maria della Salute', 'OSSERVATORIO GEOFISICO DEL SEMINARIO PATRIARCALE | Address: S. Maria della Salute', 'SCUOLA GRANDE ARCICONFRATERNITA DI SAN GIOVANNI EVANGELISTA | Location: vicino alla Chiesa dei Frari', 'SCUOLA GRANDE DEI CARMINI | Address: S. M. del Carmelo', 'SCUOLA GRANDE DI SAN ROCCO | Location: S. Rocco dietro la chiesa dei Frari', 'SCUOLA ARCICONFRATERNITA DI SAN CRISTOFORO E COMPAGNIA DELLA MISERICORDIA | Address: Santa Maria Formosa', 'DIREZIONE BELLE ARTI DEL COMUNE | Address: Piazza S. Marco, Procuratie Novissima', "CIVICI MUSEI VENEZIANI D'ARTE E DI STORIA | Subdivision: MUSEO CIVICO CORRER, Address: Piazza San Marco, Procuratie Nuove n. 52", "MUSEO DEL 700 | Location: Ca' Rezzonico", 'MUSEO VETRARIO | Address: Murano', "GALLERIA INTERNAZIONALE D'ARTE MODERNA | Location: Ca' Pesaro", "MUSEO STORICO NAVALE | Location: Fondamenta di fronte all'Arsenale", 'MUSEO CIVICO DI STORIA NATURALE | Location: San Stae, Fondaco dei Turchi', 'ATENEO DI VENEZIA | Location: Campo S. Fantin', 'DEPUTAZIONE DI STORIA PATRIA PER LE VENEZIE | Address: San Marco 52', 'CIRCOLO FILOLOGICO | Address: S. Stefano Palazzo Morosini numero 2802']
  -> Actual CSV columns: Name,Address,Location,Role,Profession
  -> WARNING: 26 rows (59%) missing both Address and Location on page_81.jpg
  -> Section state carries address: S. Stefano Palazzo Morosini numero 2802
Done.
Processing: page_82.jpg
  -> Layout type: COMPLEX_LAYOUT
  -> Ad type: NO_AD (pure structured directory content)
  -> Page type inferred: 
  -> Inferred schema: Name,Address,Location,Role,Profession
  -> Final schema: Name,Address,Location,Role,Profession
  -> Multi-section page detected: ['CASA RUMENA DI VENEZIA | Address: Santa Fosca 2214', 'SOC. DEGLI AMICI DEI MONUMENTI | Address: D. Duro numero 178', 'ENTE COMUNALE DI ASSISTENZA | Address: San Luca, clle. Locande, 4299', 'ORFANOTROFIO MASCHILE E ISTITUTO MANIN MASCHILE | Address: Lista di Spagna numero 168', 'ZITELLE ORFANOTROFIO E MANIN MASCHILE | Address: Giudecca, fdm. Zitelle', 'ISTITUTO PENITENTI | Address: Cannaregio 891', 'ISTIT. PER L’INFANZIA ABBANDONATA | Address: Giudecca, Campo Marte 547', 'ISTITUTO CA’ DI DIO | Address: Riva dei Schiavoni 2182', 'ASILO PER MINORENNI S. GIROLAMO', 'CASA DI RICOVERO | Address: S.S. Giovanni e Paolo 6691', 'DORMITORI PUBBLICI', 'Uffici Periferici', 'FRAZIONI']
  -> Actual CSV columns: Name,Address,Location,Role,Profession
  -> WARNING: 47 rows (66%) missing both Address and Location on page_82.jpg
  -> Section state reset at document boundary (page 82)
  -> Section state carries address: S.S. Giovanni e Paolo 6691, Murano: fdm. Culleoni 5
Done.
Processing: page_83.jpg
  -> Layout type: COMPLEX_LAYOUT
  -> Ad type: NO_AD
  -> Page type inferred: 
  -> Inferred schema: Name,Address,Location,Role,Profession
  -> Final schema: Name,Address,Location,Role,Profession
  -> Multi-section page detected: ['OPERA NAZIONALE PER LA PROTEZIONE E ASSISTENZA DEGLI INVALIDI DI GUERRA | Address: Piscina Frezzeria 1672', 'OPERA PIA « G. B. GIUSTINIAN » RICOVERO CRONICI | Address: S. Trovaso, fdno, Ognissanti 1454', 'CASA DI CURA E RIPOSO | Address: San Trovaso 1467', 'ISTITUTO ARTIGIANELLI « S. GIROLAMO EMILIANI » | Address: Zattere 919', 'OPERE PIE IST. RIUNITI PATRONATO DI CASTELLO E COLETTI | Address: San Girolamo 2991', 'OPERA PIA « ZUANE CONTARINI » | Administration: S. Marina, Palazzo Bollani numero 6073, Hospital: S. Giobbe 613', "OPERA PIA: ASILI DI CARITA' PER L'INFANZIA | Headquarters: San Lio numero 5776", 'ISTITUTO DEL BUON PASTORE | Address: S. Pietro di Castello 77', 'IST. PROVINCIALE DEGLI ESPOSTI | Address: S. Zaccaria, calle della Pietà 3701', 'COLONIA ALPINA « S. MARCO » | Address: S. Zaccaria, Calle della Pietà 3701', 'ASILO BAMBINI LATTANTI E SLATTATI « G. B. GIUSTINIAN » | Address: Tolentini, Rio Terra dei Pensieri 32€']
  -> Actual CSV columns: Name,Address,Location,Role,Profession
  -> WARNING: 32 rows (43%) missing both Address and Location on page_83.jpg
  -> Section state carries address: S. Zaccaria, Calle della Pietà 3701
Done.
Processing: page_84.jpg
  -> Layout type: COMPLEX_LAYOUT
  -> Ad type: NO_AD (pure structured directory content)
  -> Page type inferred: 
  -> Inferred schema: Name,Address,Location,Role,Profession
  -> Final schema: Name,Address,Location,Role,Profession
  -> Multi-section page detected: ["SUORE DELLA SOCIETA' REGINA APOSTOLORUM | Address: San Stefano 2916", 'ARCICONFRATERNITA DI SAN CRISTOFORO E COMPAGNIA DELLA MISERICORDIA | Address: S. Maria Formosa 3254', 'CASA DI RICOVERO ISRAELITICA | Address: Ghetto Nuovo 2874, Category: Annessa alla Comunità Israelitica', 'ISTITUTO PER LA PROTEZIONE DEGLI ORFANI DEI PATRIOTI CADUTI PER LA PATRIA «FRANCESCO BIANCOITO» | Address: Sede provvisoria Municipio', 'PATRONATI', 'Istituti ospedalieri e sanitari', 'OSPEDALI CIVILI RIUNTI', 'Ospedale Civile | Address: Campo SS. Giovanni e Paolo', 'Reparto Sanitario', 'Ospedale Santa Maria delle Grazie', 'Ospedale dei bambini Umberto I']
  -> Actual CSV columns: Name,Address,Location,Role,Profession
  -> WARNING: 57 rows (81%) missing both Address and Location on page_84.jpg
  -> Section state reset at document boundary (page 84)
  -> Section state carries address: Campo SS. Giovanni e Paolo
Done.
Processing: page_85.jpg
  -> Layout type: COMPLEX_LAYOUT
  -> Ad type: NO_AD (pure structured directory content)
  -> Page type inferred: 
  -> Inferred schema: Name,Address,Location,Role,Profession
  -> Final schema: Name,Address,Location,Role,Profession
  -> Multi-section page detected: ["ISTITUTI DI ASSISTENZA DELL'AMMINISTR. PROVINCIALE | Address: Palazzo del Governo", 'COLONIA « G. ANCILOTTO »', 'CROCE ROSSA ITALIANA | Address: Ponte Canonica, Fdm. S. Apollonia numero 4312', 'PREVENTORIO ANTITUBERCOLARE C. R. I. ENEGO | Address: Ponte Canonica, S. Apollonia 4912', "SOCIETA' VENEZIANA CONTRO LA TUBERCOLOSI | Address: Dorsoduro 2414", "CASA DI SALUTE «FATE BENE FRATELLI» | Address: Madonna dell'Orto 3458", 'SOLARIUM AL MARE | Address: Lido, Lungomare Malamocco numero 64', "POLIAMBULANZA MEDICO-CHIRURG. GIA DELLA CITTA' DI VENEZIA | Address: Campo Santa Maria Formosa numero 6129", 'POLIAMBULANZA MEDICO-CHIRURGICA E CASA DI CURA | Address: San Cassiano, Calle Campanili, numero 177', 'CASA DI CURA IMMACOLATA CONCEZIONE | Address: San Simeone Piccolo numero 553', 'Casa di cura clinica chirurgica « VILLA MARIA » | Address: Mestre, Via Miranese n. 36']
  -> Actual CSV columns: Name,Address,Location,Role,Profession
  -> WARNING: 1 rows (2%) missing both Address and Location on page_85.jpg
  -> Section state carries address: S. Croce, Corte della Lana
Done.
Processing: page_86.jpg
  -> Layout type: COMPLEX_LAYOUT
  -> Ad type: NO_AD (pure structured directory content)
  -> Page type inferred: 
  -> Inferred schema: Name,Address,Location,Role,Additional Info
  -> Final schema: Name,Address,Location,Role,Additional Info
  -> Multi-section page detected: ['PATRIARCATO DI VENEZIA | Sede Vescovile: 21 gennaio 1170, Sede Patriarcale: 8 ottobre 1451', 'Curia Patriarcale | Location: Curia Patriarcale', 'TRIBUNALE DIOCESANO E METROPOLITANO | Address: TRIBUNALE DIOCESANO E METROPOLITANO', 'UFFICIO MISSIONARIO DIOCESANO | Additional Info: UFFICIO MISSIONARIO DIOCESANO', 'ESAMINATORI PROSINODALI | Additional Info: ESAMINATORI PROSINODALI', 'CONSULTORI DEI PARROCI | Additional Info: CONSULTORI DEI PARROCI', 'CENSORI DEI LIBRI | Additional Info: CENSORI DEI LIBRI']
  -> Actual CSV columns: Name,Address,Location,Role,Additional Info
  -> WARNING: 26 rows (39%) missing both Address and Location on page_86.jpg
  -> Section state reset at document boundary (page 86)
  -> Section state carries address: TRIBUNALE DIOCESANO E METROPOLITANO
Done.
Processing: page_87.jpg
  -> Layout type: COMPLEX_LAYOUT
  -> Ad type: NO_AD (pure structured directory content)
  -> Page type inferred: 
  -> Inferred schema: Name,Address,Location,Role,Additional Info
  -> Final schema: Name,Address,Location,Role,Additional Info
  -> Multi-section page detected: ['COMMISSIONE PER IL CATECHISMO | Additional Info: COMMISSIONE PER IL CATECHISMO', "COMMISSIONE PER L'ARTE SACRA | Additional Info: COMMISSIONE PER L'ARTE SACRA", 'COMMISSIONE PER LA MUSICA SACRA | Additional Info: COMMISSIONE PER LA MUSICA SACRA', 'COMMISSIONE PER LA SOLUZIONE DEI CASI DI COSCIENZA | Additional Info: COMMISSIONE PER LA SOLUZIONE DEI CASI DI COSCIENZA', 'BASILICA PATRIARCALE PRIMARIALE METROPOLITANA DI S. MARCO EVANGELISTA | Address: BASILICA PATRIARCALE PRIMARIALE METROPOLITANA DI S. MARCO EVANGELISTA', 'PARROCCHIE E SUCCURALI | Address: PARROCCHIE E SUCCURALI']
  -> Actual CSV columns: Name,Address,Location,Role,Additional Info
  -> WARNING: 47 rows (78%) missing both Address and Location on page_87.jpg
  -> Section state carries address: BASILICA PATRIARCALE PRIMARIALE METROPOLITANA DI S. MARCO EVANGELISTA
Done.
Processing: page_88.jpg
  -> Layout type: SIMPLE_LAYOUT
  -> Ad type: NO_AD
  -> Page type inferred: 
  -> Inferred schema: Name,Address,Location,Role,Additional Info
  -> Final schema: Name, Address, Location, Role, Additional Info
  -> Multi-section page detected: ['1. San Cristofore | Address: 1. San Cristofore', '2. S. MARZIALE (S. MARSILIAN) | Address: 2. S. MARZIALE (S. MARSILIAN)', '3. S. Elena | Address: 3. S. Elena', '4. SS. Ermagora e Fortunato (S. Marcuola) | Address: 4. SS. Ermagora e Fortunato (S. Marcuola)', '5. SANTA FOSCA | Address: 5. SANTA FOSCA', '6. SANTA MARIA MADDALENA | Address: 6. SANTA MARIA MADDALENA', '7. S. Eufemia della Giudecca | Address: 7. S. Eufemia della Giudecca', '8. S. MARIA DELLA PRESENTAZIONE (ZITELLE) | Address: 8. S. MARIA DELLA PRESENTAZIONE (ZITELLE)', '9. San Felice | Address: 9. San Felice', '10. SANTA SOFIA | Address: 10. SANTA SOFIA', '11. S. Francesco della Vigna | Address: 11. S. Francesco della Vigna', '12. San Geremia | Address: 12. San Geremia', '13. SAN GIOBBE | Address: 13. SAN GIOBBE', '14. SANTA MARIA DELLE PENITENTI | Address: 14. SANTA MARIA DELLE PENITENTI', '15. SS. Gervasio e Protasio (S. Trovaso) | Address: 15. SS. Gervasio e Protasio (S. Trovaso)', '16. SAN SEBASTIANO | Address: 16. SAN SEBASTIANO', '17. San Giacomo dall’Orio | Address: 17. San Giacomo dall’Orio', '18. SAN GIOVANNI DECOLLATO | Address: 18. SAN GIOVANNI DECOLLATO']
  -> Actual CSV columns: Name,Address,Location,Role,Additional Info
  -> WARNING: 23 rows (56%) missing both Address and Location on page_88.jpg
  -> Section state carries address: 18. SAN GIOVANNI DECOLLATO
Done.
Processing: page_89.jpg
  -> Layout type: COMPLEX_LAYOUT
  -> Ad type: NO_AD (pure structured directory content)
  -> Page type inferred: 
  -> Inferred schema: Name,Address,Location,Role,Additional Info
  -> Final schema: Name, Address, Location, Role, Additional Info
  -> Multi-section page detected: ['SS. Giovanni e Paolo | Address: SS. Giovanni e Paolo', 'San Giovanni in Bragora | Address: San Giovanni in Bragora', 'SAN ANTONINO PRETE M. | Address: SAN ANTONINO PRETE M.', 'S. MARIA DELLA VISITAZIONE | Address: S. MARIA DELLA VISITAZIONE', 'SAN LORENZO DIACONO M. | Address: SAN LORENZO DIACONO M.', 'San Giuseppe di Castello | Address: San Giuseppe di Castello', 'San Lodovico | Address: San Lodovico', 'SAN GIROLAMO | Address: SAN GIROLAMO', 'San Luca | Address: San Luca', 'SAN BENEDETTO | Address: SAN BENEDETTO', 'S. MARCO EVANGELISTA | Address: S. MARCO EVANGELISTA', "SAN MOISE' | Address: SAN MOISE'", 'SAN GIULIANO | Address: SAN GIULIANO', 'SAN GALLO | Address: SAN GALLO', 'S. Maria Gloriosa dei Frari | Address: S. Maria Gloriosa dei Frari', 'S. TOMMASO Ap. (SAN TOMAO) | Address: S. TOMMASO Ap. (SAN TOMAO)']
  -> Actual CSV columns: Name,Address,Location,Role,Additional Info
  -> WARNING: 20 rows (56%) missing both Address and Location on page_89.jpg
  -> Section state carries address: S. TOMMASO Ap. (SAN TOMAO)
Done.
Processing: page_90.jpg
  -> Layout type: COMPLEX_LAYOUT
  -> Ad type: PARTIAL_AD
  -> Page type inferred: 
  -> Inferred schema: Name,Address,Location,Role,Additional Info
  -> Final schema: Name, Address, Location, Role, Additional Info
  -> Multi-section page detected: ['SAN GIOVANNI EVANGELISTA | Address: SAN GIOVANNI EVANGELISTA', 'SAN ROCCO | Address: SAN ROCCO', 'S. Maria del Carmelo | Address: S. Maria del Carmelo', 'S. BARNABA | Address: S. BARNABA', 'S. Maria del Giglio | Address: S. Maria del Giglio', 'SAN FANTINO | Address: SAN FANTINO', 'S. Maria del Rosario | Address: S. Maria del Rosario', 'SPIRITO SANTO | Address: SPIRITO SANTO', 'SANTA MARIA DELLA SALUTE | Address: SANTA MARIA DELLA SALUTE', 'S. GIOVANNI BATT. AI CATECUMENI | Address: S. GIOVANNI BATT. AI CATECUMENI', 'S. Maria Formosa | Address: S. Maria Formosa', 'San LEONE (SAN LIO) | Address: San LEONE (SAN LIO)', 'SANTA MARIA DELLA CONSOLAZIONE | Address: SANTA MARIA DELLA CONSOLAZIONE', 'San Martino | Address: San Martino', 'S. BIAGIO | Address: S. BIAGIO', "S. MARIA ASSUNTA (ALLA CA' DI DIO) | Address: S. MARIA ASSUNTA (ALLA CA' DI DIO)"]
  -> Image re-pass enabled (complex layout + ads + 16 sections).
  -> Actual CSV columns: Name,Address,Location,Role,Additional Info
  -> WARNING: 19 rows (54%) missing both Address and Location on page_90.jpg
  -> Section state carries address: S. MARIA ASSUNTA (ALLA CA' DI DIO)
Done.
Processing: page_91.jpg
  -> OCR refusal detected, retrying with fallback prompt...
  -> Layout type: COMPLEX_LAYOUT
  -> Ad type: NO_AD (pure structured directory content)
  -> Page type inferred: 
  -> Inferred schema: Name,Address,Location,Role,Additional Info
  -> Final schema: Name, Address, Location, Role, Additional Info
  -> Multi-section page detected: ['SAN ANDREA APOSTOLO | Address: SAN ANDREA APOSTOLO', 'San Pantaleone | Address: San Pantaleone', 'San Paolo Apostolo (S. Polo) | Address: San Paolo Apostolo (S. Polo)', 'Pietro Apostolo | Location: Pietro Apostolo', 'SAN FRANCESCO DI PAOLA | Address: SAN FRANCESCO DI PAOLA', 'San Raffaelo Arcangelo | Address: San Raffaelo Arcangelo', 'San Salvatore | Address: San Salvatore', "SAN NICOLO' DEI MENDICOLI | Address: SAN NICOLO' DEI MENDICOLI", 'SAN BARTOLOMEO | Address: SAN BARTOLOMEO', 'San Silvestro | Address: San Silvestro', 'SAN GIOVANI ELEMOSINARIO | Address: SAN GIOVANI ELEMOSINARIO', 'SAN APOLLINARE | Address: SAN APOLLINARE', 'SAN GIACOMO APOSTOLO (S. Giacometto de Rialto) | Address: SAN GIACOMO APOSTOLO (S. Giacometto de Rialto)']
  -> Actual CSV columns: Name,Address,Location,Role,Additional Info
  -> WARNING: 17 rows (57%) missing both Address and Location on page_91.jpg
  -> Section state carries address: SAN GIACOMO APOSTOLO (S. Giacometto de Rialto)
Done.
Processing: page_92.jpg
  -> Layout type: SIMPLE_LAYOUT
  -> Ad type: NO_AD
  -> Page type inferred: 
  -> Inferred schema: Name,Address,Location,Role,Additional Info
  -> Final schema: Name, Address, Location, Role, Additional Info
  -> Multi-section page detected: ['SAN SIMEONE PROFETA | Address: SAN SIMEONE PROFETA', 'SS. SIMEONE GIUDA | Address: SS. SIMEONE GIUDA', 'SAN STEFANO | Address: SAN STEFANO', 'SAN VITALE | Address: SAN VITALE', 'SAN MAURIZIO | Address: SAN MAURIZIO', 'SAN SAMUELE | Address: SAN SAMUELE', 'SAN ZACCARIA | Address: SAN ZACCARIA', 'SAN GIOVANNI IN OLEO | Address: SAN GIOVANNI IN OLEO', 'SANTA MARIA ELISABETTA DI LIDO | Address: SANTA MARIA ELISABETTA DI LIDO', "SAN NICOLO' DI LIDO | Address: SAN NICOLO' DI LIDO", 'MALAMOCCO | Address: MALAMOCCO', 'SS. MARIA ASSUNTA, DONATO E CIPRIANO | Address: SS. MARIA ASSUNTA, DONATO E CIPRIANO', 'SAN PIETRO | Address: SAN PIETRO', 'SANTA MARIA DEGLI ANGELI | Address: SANTA MARIA DEGLI ANGELI', 'TORCELLO | Address: TORCELLO', 'S. MARIA ASSUNTA | Address: S. MARIA ASSUNTA']
  -> Actual CSV columns: Name,Address,Location,Role,Additional Info
  -> WARNING: 23 rows (61%) missing both Address and Location on page_92.jpg
  -> Section state carries address: SANTA MARIA DEGLI ANGELI
Done.
Processing: page_93.jpg
  -> Layout type: COMPLEX_LAYOUT
  -> Ad type: NO_AD


The text provided is purely structured directory content about religious sites and personnel in various areas. There are no visible advertisements, promotional content, or decorative marketing styles present, making it a straightforward example of a NO_AD page.
  -> Page type inferred: 
  -> Inferred schema: Name,Address,Location,Role,Additional Info
  -> Final schema: Name, Address, Location, Role, Additional Info
  -> Actual CSV columns: Name,Address,Location,Role,Additional Info
  -> Section state carries address: SANTA MARIA DEGLI ANGELI
Done.
Processing: page_94.jpg
  -> OCR refusal detected, retrying with fallback prompt...
  -> Layout type: COMPLEX_LAYOUT
  -> Ad type: PARTIAL_AD
  -> Page type inferred: 
  -> Inferred schema: Name,Address,Location,Role,Additional Info
  -> Final schema: Name, Address, Location, Role, Additional Info
  -> Multi-section page detected: ['SAN ANDREA APOSTOLO | Address: SAN ANDREA APOSTOLO', 'SS. GERVASIO E PROTASIO | Address: SS. GERVASIO E PROTASIO', 'SANTA MARIA DEL CARMINE | Address: SANTA MARIA DEL CARMINE', 'FAMIGLIE RELIGIOSE MASCHILI | Address: FAMIGLIE RELIGIOSE MASCHILI', 'Natività di Maria | Location: Natività di Maria']
  -> Image re-pass enabled (complex layout + ads + 5 sections).
  -> Actual CSV columns: Name,Address,Location,Role,Additional Info
  -> Section state carries address: Giudecca
Done.
Processing: page_95.jpg
  -> Layout type: COMPLEX_LAYOUT
  -> Ad type: NO_AD (pure structured directory content)
  -> Page type inferred: 
  -> Inferred schema: Name,Address,Location,Role,Additional Info
  -> Final schema: Name, Address, Location, Role, Additional Info
  -> Multi-section page detected: ['FAMIGLIE RELIGIOSE FEMMINILI | Address: FAMIGLIE RELIGIOSE FEMMINILI']
  -> Actual CSV columns: Name,Address,Location,Role,Additional Info
  -> Section state carries address: Casa Néciareth SS. Fosca, ai Servi
Done.
Processing: page_96.jpg
  -> Layout type: COMPLEX_LAYOUT
  -> Ad type: PARTIAL_AD
  -> Page type inferred: 
  -> Inferred schema: Name,Address,Location,Role,Additional Info
  -> Final schema: Name, Address, Location, Role, Additional Info
  -> Multi-section page detected: ['1. Suore Domenicane Infermiere | Address: 1. Suore Domenicane Infermiere', '2. Suore Domenicane Imeldine | Casa madre: Campo S. Maria dei Miracoli', '3. Piccole Figlie di S. Giuseppe | Address: 3. Piccole Figlie di S. Giuseppe', '4. Ancelle di Gesù Bambino | Address: 4. Ancelle di Gesù Bambino', '5. Suore Figlie di Maria Ausiliatrice | Address: 5. Suore Figlie di Maria Ausiliatrice', '6. Suore di S. Dorotea | Address: 6. Suore di S. Dorotea', '7. Suore Mantellate | Address: 7. Suore Mantellate', '8. Suore Missionarie Regina Apostolorum | Address: 8. Suore Missionarie Regina Apostolorum', '9. Missionarie della Carità di D. Orione | Address: 9. Missionarie della Carità di D. Orione', '10. Suore Sacramentine | Address: 10. Suore Sacramentine', '11. Suore Salesie | Address: 11. Suore Salesie', '12. Sorelle dei Poveri | Address: 12. Sorelle dei Poveri', "13. Suore Minime dell'Addolorata | Address: 13. Suore Minime dell'Addolorata", '14. Suore Francescane di Cristo Re | Address: 14. Suore Francescane di Cristo Re', '15. Terziarie Francescane Elisabettane | Address: 15. Terziarie Francescane Elisabettane', '16. Suore Missionarie Francescane di Gemona | Address: 16. Suore Missionarie Francescane di Gemona', '17. Figlie della Chiesa | Address: 17. Figlie della Chiesa', '18. Figlie del Cuor di Gesù | Address: 18. Figlie del Cuor di Gesù', '19. Suore di S. Paolo | Address: 19. Suore di S. Paolo', "20. COMUNITA' DEI GRECI ORTODOSSI | Address: Chiesa di S. Giorgio e Cancelleria Fond. e Campo dei Greci", "21. COMUNITA' ISRAELITICA | Address: SS. Filippo e Giacomo, Calle Castagna - Ponte Storto", '22. CHIESA EVANGELICA METODISTA | Address: S. Marco - Corte delle Ancore 999', '23. CHIESA EVANGELICA VALDESE | Address: Pal. Cavagnis - S. Maria Formosa 5170', '24. MESSAGGERIE VENETE S. A. | Address: 24. MESSAGGERIE VENETE S. A.', '25. AGENZIA P. BORTOLUZZI | Address: VENEZIA - San Luca, 4152 - Tel. 23 - 432', '26. ARTI GRAFICHE ESPERIA - VENEZIA | Address: 26. ARTI GRAFICHE ESPERIA - VENEZIA', '27. Agenzia Fotografica Internazionale (A.F.I.) | Address: Calle Stagneri 5238 - telef, 20227']
  -> Image re-pass enabled (complex layout + ads + 27 sections).
  -> Actual CSV columns: Name,Address,Location,Role,Additional Info
  -> Section state carries address: Calle Stagneri 5238 - telef
Done.
Processing: page_97.jpg
  -> Layout type: COMPLEX_LAYOUT
  -> Ad type: PARTIAL_AD
  -> Page type inferred: 
  -> Inferred schema: Name,Address,Location,Role,Additional Info
  -> Final schema: Name,Address,Location,Role,Additional Info
  -> Multi-section page detected: ['ASSOCIAZIONI COMBATTENTTISTICHE E DI ARMA | Address: ASSOCIAZIONI COMBATTENTTISTICHE E DI ARMA', 'ISTITUTO DEL NASTRO AZZURRO | Address: Piazza S. Marco - Palazzo ex Reale', 'ASSOCIAZIONE NAZIONALE COMBATTENTI | Address: Piazza S. Marco 52', 'ASSOCIAZIONE NAZIONALE MUTILATI ED INVALIDI DI GUERRA | Address: Sezione di Venezia - (ex Palazzo Reale)', 'UNIONE NAZIONALE UFFICIALI IN CONGEDO D’ITALIA | Address: S. Marco Ascensione', 'ASSOCIAZIONE NAZIONALE REDUCI | Address: Palazzo ex Reale', 'A. N. P. I. ASSOCIAZIONE NAZIONALE PARTIGIANI D’ITALIA | Address: Sede S. Marco ex Palazzo Reale. Stanza 32', 'ASSOCIAZIONI VARIE | Address: ASSOCIAZIONI VARIE', 'SOCIETA’ DELL’UNIONE | Address: Piazza S. Marco 153-A']
  -> Image re-pass enabled (complex layout + ads + 9 sections).
  -> Actual CSV columns: Name,Address,Location,Role,Additional Info
  -> WARNING: 75 rows (77%) missing both Address and Location on page_97.jpg
  -> Section state reset at document boundary (page 97)
  -> Section state carries address: Piazza S. Marco 153-A
Done.
Processing: page_98.jpg
  -> Layout type: COMPLEX_LAYOUT
  -> Ad type: The page contains mainly structured directory content listing various organizations and associations in Venice and the surrounding region. However, at the bottom of the page, there is content that appears to be an advertisement for a company called "Nuova Editoriale S. A." offering services like "Zincografia," "Ogni tipo di Clichès," "Bicromie," "Tricromie," and "Fotolito," including their contact details.


Given the guidelines to be conservative and classify as PARTIAL_AD if any advertisement-like content is present, this page should be labeled as PARTIAL_AD.
  -> Page type inferred: 
  -> Inferred schema: Name,Address,Location,Role,Profession
  -> Final schema: Name,Address,Location,Role,Profession
  -> Multi-section page detected: ['CASINO DI COMMERCIO | Address: Piazza S. Marco', 'RADIO VENEZIA | Address: Palazzo Vendramin Calergi - S. Marcuola n. 2021, Category: Radiodiffusioni circolari', 'CIRCOLO ARTISTICO DI VENEZIA | Address: S. Marco - Palazzo ex Prigioni', 'SOCIETA ITALIANA DEGLI AUTORI ED EDITORI | Address: S. Angelo 3580, Jurisdiction: Venezia, Belluno, Padova, Rovigo, Treviso, Udine', 'SEZIONE FILATELICA VENEZIANA DEL CIRCOLO ARTISTICO | Character: ex Associazione Filatelica Veneziana', 'Associazioni sportive', 'COMITATO OLIMPICO NAZIONALE ITALIANO | Address: S. Fantin. 2004', 'SPORT OLIMPICI', 'SPORT FACOLTATIVI', "SOCIETA' CANOTTIERI BUCIUNTORO | Address: Zattere 269", 'Nuova Editoriale S. A. | Zincografia', 'BICROMIE TRICROMIE FOTOLITO | Address: Calle Stangari 5238, telefono: 22468']
  -> Actual CSV columns: Name,Address,Location,Role,Profession
  -> WARNING: 34 rows (53%) missing both Address and Location on page_98.jpg
  -> Section state carries address: Calle Stangari 5238
Done.
Processing: page_99.jpg
  -> Layout type: COMPLEX_LAYOUT
  -> Ad type: PARTIAL_AD
  -> Page type inferred: 
  -> Inferred schema: Name,Address,Location,Role,Profession
  -> Final schema: Name, Address, Location, Role, Profession
  -> Multi-section page detected: ['FED. IT. TENNIS (FIT) | Address: Castello n. 2845 - A.', 'FED. IT. RUGBY (FIR) | Address: Cannaregio 3161', 'FED. IT. HOCKEY E PATTINAGGIO (FIH E P.) | Address: Via Francesco Duodo, 10 (Lido)', 'FED. IT. PALLACANESTRO (FIP) | Address: Cannaregio 3710', 'SPORT NON OLIMPICI', 'FED. MOTOCICLISTICA IT.', 'FED. IT. DELLA CACCIA (FIC) | Address: Accademia, 878', "FED. IT. TIRO A VOLO (FITV) | Address: Madonna dell'Orto, 3499", 'FED. IT. MOTONAUTICA (FIM) | Address: S. Stefano, Calle dei Preti, 3488', 'ASS. GOLFISTICA IT. (AGI)', 'ASS. SPORTIVA AUTOMOBILISTICA ITALIAN (AAI) | Address: S. Samuele 3232', 'FED. IT. PESCA SPORTIVA (FIPS) | Address: Accademia, 878', 'FED. IT. CRONOMETRISTI (FIC) | Address: S. Gerema, 220', 'FED. IT. MEDICI DEGLI SPORTIVI (FIMS) | Address: Cannaregio 4925', 'COMITATO PROVINCIALE DEL CONI', 'SERVIZIO IMPIANTI SPORTIVI', 'COMPAGNIA DELLA VELA | Address: Piazza S. Marco n. 6', 'ASSOCIAZIONE SPORTIVA VENEZIANA | Character: C. REYER, Address: Fondamenta della Misericordia, 3599-A', "AUTOMOBILE CLUB D'ITALIA | Address: Sode prov.le S. Luca, calle Mettivin, 4335", 'CLUB ALPINO ITALIANO | Address: S. Marco, Ponte dei Dai 876', 'SCI CLUB VENETO | Address: S. Marco - Ponte dei Dai, 876', 'CIRCOLO DELLA SPADA | Address: Ponte dei Pigniol 4890', 'TENNIS LIDO | Address: Riva Schiavoni 4207', 'CIRCOLO GOLF - LIDO ALBERONI | Address: Riva degli Schiavoni numero 4207', 'ISTITUTO DI CULTURA FISICA « PIETRO GALLO » | Address: Calle Larga S. Marco, ponte dei Consorzi numero 1392-A', "SOCIETA' CANOTTIERI « FRANCESCO QUERINI » | Address: Fondamente Nuove 5676,A"]
  -> Image re-pass enabled (complex layout + ads + 26 sections).
  -> Actual CSV columns: Name,Address,Location,Role,Profession,Additional Info
  -> WARNING: 21 rows (33%) missing both Address and Location on page_99.jpg
  -> Section state carries address: CIRCOLO GOLF - LIDO ALBERONI
Done.
Processing: page_100.jpg
  -> Layout type: COMPLEX_LAYOUT
  -> Ad type: NO_AD (pure structured directory content)
  -> Page type inferred: 
  -> Inferred schema: Name,Address,Location,Role,Profession,Political Party
  -> Final schema: Name,Address,Location,Role,Profession,Political Party
  -> Multi-section page detected: ['PARTITI POLITICI', "PARTITO D'AZIONE | Address: Via XII Marzo", 'PARTITO COMUNISTA ITALIANO | Address: S. Maurizio 2746', 'PARTITO DEMOCRATICO ITALIANO | Address: Calle degli Avvocati 3918', 'PARTITO DEMOCRATICO DEL LAVORO | Address: Palazzo Zen, Gesuiti, numero 4925', 'DEMOCRAZIA CRISTIANA | Address: Palazzo Camerlenghi, Rialto', "PARTITO FRONTE DELL'UOMO QUALUNQUE | Address: Campo S. Stefano 2803", 'PARTITO REPUBBLICANO ITALIANO | Character: Sezione di Venezia', 'PARTITO SOCIALISTA ITALIANO di UNITÀ PROLETARIA | Address: Ponte del Rimedio 4413', 'PARTITO LIBERALE ITALIANO | Character: Sezione di Venezia']
  -> Actual CSV columns: Name,Address,Location,Role,Profession,Political Party
  -> WARNING: 25 rows (51%) missing both Address and Location on page_100.jpg
  -> Section state reset at document boundary (page 100)
  -> Section state carries address: Ponte del Rimedio 4413
Done.
Processing: page_101.jpg
  -> Layout type: COMPLEX_LAYOUT
  -> Ad type: PARTIAL_AD
  -> Page type inferred: 
  -> Inferred schema: Name,Address,Location,Role,Profession
  -> Final schema: Name,Address,Location,Role,Profession
  -> Multi-section page detected: ['P. L. I. | Address: Accademia 1051', 'UNIONE MONARCHICA ITALIANA | Address: Calle degli Avvocati 3917', 'A. N. S. A. | Address: Palazzo Faccanon', 'IL GAZZETTINO | Address: S. Salvador, Palazzo Faccanon', 'ASSOCIAZIONE REGIONALE VENETA PER LA TUTELA DELLE VITTIME DEL FASCISMO | Address: San Lio, calle delle Bande', 'INTREV | Address: Via Mazzini, 5110 - VENEZIA']
  -> Image re-pass enabled (complex layout + ads + 6 sections).
  -> Actual CSV columns: Name,Address,Location,Role,Profession,Additional Info
  -> WARNING: 55 rows (90%) missing both Address and Location on page_101.jpg
  -> Section state reset at document boundary (page 101)
  -> Section state carries address: Via Mazzini, 5110 - VENEZIA
Done.
Processing: page_102.jpg
  -> Layout type: COMPLEX_LAYOUT
  -> Ad type: PARTIAL_AD
  -> Page type inferred: 
  -> Inferred schema: Name,Address,Location,Role,Profession,Additional Info
  -> Final schema: Name,Address,Location,Role,Profession,Additional Info
  -> Multi-section page detected: ['« GAZZETTINO SERA » | Character: Quotidiano indipendente', "IL MATTINO DEL POPOLO | Character: Quotidiano politico d'informazione, Address: San Salvador, Palazzo Faccanon", 'PERIODICI | Character: Periodici', '« Diogene », Settimanale | Direttore responsabile: Cominelli, Sede della Direzione: Calle Sagneri 5186, Carattere: Periodico della ricostruzione', '« La Gazzetta del Nord », Settimanale | Direttore responsabile: Giacomo Noventa, Sede della direzione: Bocca di Piazza numero 1278, Carattere: Politico culturale', '« Il Martello », Settimanale | Direttore responsabile: Arturo Gatto, Sede della Direzione: Calle delle Bande 5267, Carattere: Organo dei perseguitati politici', '« Il Nuovo Risorgimento », Settimanale | Direttore responsabile: Carlo Casabella, Sede della Direzione: Calle degli Avvocati 3917, Carattere: Periodico politico a tendenza monarchica', '« Il Popolo del Veneto », Settimanale | Direttore responsabile: Prof. Piero Lizier, Sede della Direzione: Palazzo Camerlenghi, Rialto, Carattere: Periodico della Democrazia Cristiana', "« Secolo Nuovo », Settimanale | Direttore responsabile: Cesare Lombroso, Sede della Direzione: Ponte dell'Angelo 4419, Carattere: Politico, settimanale del Partito Socialista di Unità Proletaria", '« La Voce di San Marco », Settimanale | Direttore responsabile: Don Mario Gastaldi, Sede della Direzione: S. Barnaba 2807, Carattere: Religioso informativo', '« Questo Mondo », Settimanale | Direttore responsabile: Francesco Semi, Sede della Direzione: S. Zaccaria 4400, Carattere: Politico, cultura, varietà', "« Veneto Commerciale », Settimanale | Direttore responsabile: Ercole Santarello, Sede della Direzione: Calle Bèmo 4779, Carattere: Organo dell'Unicine Commercianti ed Essercenti", '« Agricoltura Veneziana », Quindicinale | Direttore responsabile: Dr. Enzo Saggioro, Sede della Direzione: Palazzo Giovanelli, S. Fosca 2292, Carattere: Indipendente', '« Corriere Agrario », Mensile | Direttore responsabile: Ugo Agnelli, Sede della Direzione: Mestre, Piazza Ferretto 23, Carattere: Studi e notizie agrarie', "« La Gazzetta di Ca' Foscari », Quindicinale | Direttore responsabile: Dr. Vittorio Cecchini, Sede della Direzione: Ca' Foscari, Carattere: Periodico di vita universitaria", "« Vento di Montagna », Quindicinale | Direttore responsabile: Renzo Biondo, Sede della Direzione: presso la sede dell'ANPI Palazzo ex Reale, 2 piano, Carattere: Organo dell'Associazione Nazionale Partigiani d'Italia", '« Ateneo Veneto », Quadrimestrale | Direttore responsabile: Elio Zorzi', 'AZENZIA FOTOGRAFICA INTERNAZIONALE (A.F.I.) | Character: Fotoreportage e foto di ogni genere, Address: Calle Stagneri 5238, Tel: 26842', 'ZINCOGRAFIA | Character: Industrie delle Arti Grafiche in Zinco-Rame e Ceraulit, Address: Officina Tebal S.S. Apostoli 4603, C.C.V. Venezia N 141038, Tel: 24649']
  -> Image re-pass enabled (complex layout + ads + 19 sections).
  -> Actual CSV columns: Name,Address,Location,Role,Profession,Additional Info
  -> WARNING: 15 rows (43%) missing both Address and Location on page_102.jpg
  -> Section state carries address: Officina Tebal S.S. Apostoli 4603
Done.
Processing: page_103.jpg
  -> Layout type: COMPLEX_LAYOUT
  -> Ad type: PARTIAL_AD
  -> Page type inferred: 
  -> Inferred schema: Name,Address,Location,Role,Journal
  -> Final schema: Name, Address, Location, Role, Profession, Additional Info, Journal
  -> Multi-section page detected: ['PERIODICI DI CARATTERE RELIGIOSO | Character: Periodici di carattere religioso', 'MESSAGGERIE VENETE S. A. | Distribution: Veneto']
  -> Actual CSV columns: Name,Address,Location,Role,Profession,Additional Info,Journal
  -> WARNING: 1 rows (9%) missing both Address and Location on page_103.jpg
  -> Section state carries address: San Francesco della Vigna
Done.
Processing: page_104.jpg
  -> Layout type: COMPLEX_LAYOUT
  -> Ad type: PARTIAL_AD
  -> Page type inferred: 
  -> Inferred schema: Name,Address,Location,Role,Profession,Journals
  -> Final schema: Name, Address, Location, Role, Profession, Additional Info, Journal, Journals
  -> Multi-section page detected: ['PERIODICI DI CARATTERE RELIGIOSO | Character: Periodici di carattere religioso', 'Organizzazione Turistica', 'ENTE PROVINCIALE PER IL TURISMO | Address: San Marco, Ascensione 1300', 'UFFICIO COMUNALE PER IL TURISMO | Address: Municipio', 'COMPAGNIA ITALIANA TURISMO | Address: San Marco, Procuratie Nuove 99', 'WAGONS LITS - KOOK | Address: S. Marco, Piazzetta Leoncini 229', "CASINO' DI VENEZIA | Address: Palazzo Vendramin Calergi", 'Nuova Editoriale S. A. | Address: Calle Stagneri 5238']
  -> Image re-pass enabled (complex layout + ads + 8 sections).
  -> Actual CSV columns: Name,Address,Location,Role,Profession,Additional Info,Journal,Journals
  -> WARNING: 17 rows (61%) missing both Address and Location on page_104.jpg
  -> Section state carries address: Calle Stagneri 5238
Done.
Processing: page_105.jpg
  -> Layout type: COMPLEX_LAYOUT
  -> Ad type: FULL_AD
Processing: page_106.jpg
  -> Layout type: COMPLEX_LAYOUT
  -> Ad type: FULL_AD
Processing: page_107.jpg
  -> Layout type: COMPLEX_LAYOUT
  -> Ad type: FULL_AD
Processing: page_108.jpg
  -> Layout type: COMPLEX_LAYOUT
  -> Ad type: PARTIAL_AD
  -> Page type inferred: 
  -> Inferred schema: Name,Address,Location,Profession,Additional Info
  -> Final schema: Name,Address,Location,Profession,Additional Info
  -> Multi-section page detected: ['PROFESSIONISTI E ARTISTI', 'Architetti', 'Artisti di Belle Arti', 'Pittori e Scultori', 'VETRITAL S. A. | Address: Venezia, Giudecca 463, Category: Pavimentazione Rivestimenti Musivi Vetrosi, Telefono: 20260']
  -> Image re-pass enabled (complex layout + ads + 5 sections).
  -> Actual CSV columns: Name,Address,Location,Profession,Additional Info
  -> WARNING: 4 rows (5%) missing both Address and Location on page_108.jpg
  -> Section state reset at document boundary (page 108)
  -> Section state carries address: Ruga Giuffa 4773
Done.
Processing: page_109.jpg
  -> Layout type: SIMPLE_LAYOUT
  -> Ad type: NO_AD
  -> Page type inferred: 
  -> Inferred schema: Name,Address,Location,Profession
  -> Final schema: Name,Address,Location,Profession
  -> Multi-section page detected: ['The text comprises two distinct sections with varying structures:', '1. Attuari |', '2. (No title, assume this section lists painters and sculptors, so identifying it generically): Artists']
  -> Actual CSV columns: Name,Address,Location,Profession
  -> WARNING: 1 rows (1%) missing both Address and Location on page_109.jpg
  -> Section state carries address: Castello 4890
Done.
Processing: page_110.jpg
  -> Layout type: SIMPLE_LAYOUT
  -> Ad type: NO_AD
  -> Page type inferred: 
  -> Inferred schema: Name,Address,Location,Profession
  -> Final schema: Name, Address, Location, Profession
  -> Multi-section page detected: ['Avvocati e Procuratori']
  -> Actual CSV columns: Name,Address,Location,Profession,Additional Info
  -> WARNING: 4 rows (3%) missing both Address and Location on page_110.jpg
  -> Section state carries address: S. Pronolo 1700
Done.
Processing: page_111.jpg
  -> Layout type: SIMPLE_LAYOUT
  -> Ad type: NO_AD
  -> Page type inferred: 
  -> Inferred schema: Name,Address,Location,Profession,Additional Info
  -> Final schema: Name, Address, Location, Profession, Additional Info
  -> Actual CSV columns: Name,Address,Location,Profession,Additional Info
  -> Section state carries address: S. Luca 4607
Done.
Processing: page_112.jpg
  -> Layout type: COMPLEX_LAYOUT
  -> Ad type: NO_AD
  -> Page type inferred: 
  -> Inferred schema: Name,Address,Location,Profession,Additional Info
  -> Final schema: Name, Address, Location, Profession, Additional Info
  -> Multi-section page detected: ['GUJDA COMMERCIALE DI VENEZIA E PROVINClA', 'Chimici', 'Commercialisti']
  -> Actual CSV columns: Name,Address,Location,Profession,Additional Info
  -> WARNING: 7 rows (6%) missing both Address and Location on page_112.jpg
  -> Section state carries address: S. Marco 3870
Done.
Processing: page_113.jpg
  -> Layout type: SIMPLE_LAYOUT
  -> Ad type: NO_AD
  -> Page type inferred: 
  -> Inferred schema: Name,Address,Location,Profession
  -> Final schema: Name, Address, Location, Profession, Additional Info
  -> Actual CSV columns: Name,Address,Location,Profession,Additional Info
  -> WARNING: 2 rows (2%) missing both Address and Location on page_113.jpg
  -> Section state carries address: Cann. 1249
Done.
Processing: page_114.jpg
  -> Layout type: SIMPLE_LAYOUT
  -> Ad type: NO_AD
  -> Page type inferred: 
  -> Inferred schema: Name,Address,Location,Profession
  -> Final schema: Name, Address, Location, Profession, Additional Info
  -> Multi-section page detected: ['Farmacisti della Provincia', 'Geometri']
  -> Actual CSV columns: Name,Address,Location,Profession,Additional Info
  -> Section state carries address: Via Felissimi 5, S. Polo 1410
Done.
Processing: page_115.jpg
  -> Layout type: SIMPLE_LAYOUT
  -> Ad type: NO_AD
  -> Page type inferred: 
  -> Inferred schema: Name,Address,Location,Profession,Additional Info
  -> Final schema: Name, Address, Location, Profession, Additional Info
  -> Actual CSV columns: Name,Address,Location,Profession,Additional Info
  -> Section state carries address: Via Cavour
Done.
Processing: page_116.jpg
  -> Layout type: COMPLEX_LAYOUT
  -> Ad type: PARTIAL_AD
  -> Page type inferred: 
  -> Inferred schema: Name,Address,Location,Profession,Additional Info
  -> Final schema: Name, Address, Location, Profession, Additional Info
  -> Multi-section page detected: ['GU DA COMMERCIALE DI VENEZIA E PROVINCIA', 'Ingegneri', 'Ing. A. Carretta e Geom, M. Monopoli, Studio Tecnico | Address: Via Castellana, 8, Mestre, Tel: 54-601', 'VETRITAL S. A. | Address: Venezia, Giudecca 463, Phone: 20260']
  -> Image re-pass enabled (complex layout + ads + 4 sections).
  -> Actual CSV columns: Name,Address,Location,Profession,Additional Info
  -> WARNING: 2 rows (2%) missing both Address and Location on page_116.jpg
  -> Section state carries address: Venezia, Giudecca 463
Done.
Processing: page_117.jpg
  -> Layout type: COMPLEX_LAYOUT
  -> Ad type: PARTIAL_AD
  -> Page type inferred: 
  -> Inferred schema: Name,Address,Location,Profession,Additional Info
  -> Final schema: Name, Address, Location, Profession, Additional Info
  -> Multi-section page detected: ['GOIDA COMMERCIALE DI VENEZIA E PROVINCIA', 'Medici', 'Chirurghi', 'Dermosifilopati', 'Ginecologi', 'Malattie polmonari', 'Medicina generale']
  -> Image re-pass enabled (complex layout + ads + 7 sections).
  -> Actual CSV columns: Name,Address,Location,Profession,Additional Info
  -> WARNING: 8 rows (11%) missing both Address and Location on page_117.jpg
  -> Section state carries address: Cann. 3099
Done.
Processing: page_118.jpg
  -> Layout type: COMPLEX_LAYOUT
  -> Ad type: PARTIAL_AD
  -> Page type inferred: 
  -> Inferred schema: Name,Address,Location,Profession,Additional Info
  -> Final schema: Name, Address, Location, Profession, Additional Info
  -> Actual CSV columns: Name,Address,Location,Profession,Additional Info
  -> WARNING: 8 rows (7%) missing both Address and Location on page_118.jpg
  -> Section state carries address: Cannaregio 4935
Done.
Processing: page_119.jpg
  -> Layout type: COMPLEX_LAYOUT
  -> Ad type: PARTIAL_AD
  -> Page type inferred: 
  -> Inferred schema: Name,Address,Location,Profession,Additional Info
  -> Final schema: Name, Address, Location, Profession, Additional Info
  -> Actual CSV columns: Name,Address,Location,Profession,Additional Info
  -> WARNING: 1 rows (1%) missing both Address and Location on page_119.jpg
  -> Section state carries address: Santa Croce 101
Done.
Processing: page_120.jpg
  -> Layout type: COMPLEX_LAYOUT
  -> Ad type: PARTIAL_AD
  -> Page type inferred: 
  -> Inferred schema: Name,Address,Location,Profession,Additional Info
  -> Final schema: Name, Address, Location, Profession, Additional Info
  -> Multi-section page detected: ['Oculisti', 'Otopedici', 'Otorinolaringoitri', 'Pediatri', 'Radiologi', 'Stomatologi']
  -> Image re-pass enabled (complex layout + ads + 6 sections).
  -> Actual CSV columns: Name,Address,Location,Profession,Additional Info
  -> WARNING: 2 rows (2%) missing both Address and Location on page_120.jpg
  -> Section state carries address: Calle Larga San Marco, Ponte Consori 4392.B
Done.
Processing: page_121.jpg
  -> Layout type: SIMPLE_LAYOUT
  -> Ad type: NO_AD
  -> Page type inferred: 
  -> Inferred schema: Name,Address,Location,Profession
  -> Final schema: Name, Address, Location, Profession, Additional Info
  -> Multi-section page detected: ['Medici della provincia', 'Gabinettl dentistici']
  -> Actual CSV columns: Name,Address,Location,Profession,Additional Info
  -> WARNING: 2 rows (2%) missing both Address and Location on page_121.jpg
  -> Section state carries address: Calle Larga San Marco, Ponte Consori 4392.B
Done.
Processing: page_122.jpg
  -> Layout type: COMPLEX_LAYOUT
  -> Ad type: PARTIAL_AD
  -> Page type inferred: 
  -> Inferred schema: Name,Address,Location,Profession,Additional Info
  -> Final schema: Name, Address, Location, Profession, Additional Info
  -> Multi-section page detected: ['COMM. GIUSTO CADELLI ODONTOIATRA | Category: Odontoiatra', 'RIVESTIMENTO FERRARI C. R. | Character: Conosciuto e usato da oltre venti anni dai migliori dentisti, Concessionario: Rag. Cleto Rossini, Address: Venezia - San Polo 1345, Telefono: 24-509']
  -> Actual CSV columns: Name,Address,Location,Profession,Additional Info
  -> Section state carries address: Venezia - San Polo 1345
Done.
Processing: page_123.jpg
  -> Layout type: SIMPLE_LAYOUT
  -> Ad type: NO_AD
  -> Page type inferred: 
  -> Inferred schema: Name,Address,Location,Profession
  -> Final schema: Name, Address, Location, Profession, Additional Info
  -> Multi-section page detected: ['Dentisti', 'Notai', 'Ostetriche']
  -> Actual CSV columns: Name,Address,Location,Profession,Additional Info
  -> WARNING: 7 rows (6%) missing both Address and Location on page_123.jpg
  -> Section state carries address: S. Polo 2253
Done.
Processing: page_124.jpg
  -> Layout type: COMPLEX_LAYOUT
  -> Ad type: NO_AD (pure structured directory content)
  -> Page type inferred: 
  -> Inferred schema: Name,Address,Location,Profession,Additional Info
  -> Final schema: Name, Address, Location, Profession, Additional Info
  -> Multi-section page detected: ['Patrocinatori legali', 'Pedicure', 'Ruolo Periti ed Esperti | della Camera di Commercio di Venezia: quadriennio 1946-49', 'Categoria I | Cereali e Derivati', 'Categoria II | Orto-Floro-Frutticoltura', 'Categoria III | Viti-Vinicola-Olearia', 'Categoria V | Legno e Ammobiliante']
  -> Actual CSV columns: Name,Address,Location,Profession,Additional Info
  -> WARNING: 7 rows (20%) missing both Address and Location on page_124.jpg
  -> Section state carries address: D. Duro 897, sudd. 15
Done.
Processing: page_125.jpg
  -> Layout type: COMPLEX_LAYOUT
  -> Ad type: NO_AD
  -> Page type inferred: 
  -> Inferred schema: Name,Address,Location,Profession,Additional Info
  -> Final schema: Name, Address, Location, Profession, Additional Info
  -> Multi-section page detected: ['ORGANIZATION (the text includes sections with multiple categories):', 'Categoria IX | Meccanica', 'Categoria VII | Tessili', 'Categoria VIII | Abbigliamento']
  -> Actual CSV columns: Name,Address,Location,Profession,Additional Info
  -> WARNING: 3 rows (17%) missing both Address and Location on page_125.jpg
  -> Section state carries address: S. Marco 2612
Done.
Processing: page_126.jpg
  -> Layout type: COMPLEX_LAYOUT
  -> Ad type: NO_AD
  -> Page type inferred: 
  -> Inferred schema: Name,Address,Location,Role,Profession,Additional Info
  -> Final schema: Name, Address, Location, Profession, Additional Info, Role
  -> Multi-section page detected: ['ORGANIZATION |', 'Categoria X | Category: Chimica', 'Categoria XI | Category: Combustibili e Carburanti', 'Categoria XII | Category: Carta e Stampa', 'Categoria XIII | Category: Costruzioni edilizie']
  -> Actual CSV columns: Name,Address,Location,Profession,Additional Info,Role
  -> WARNING: 4 rows (18%) missing both Address and Location on page_126.jpg
  -> Section state carries address: S. Marco 2761
Done.
Processing: page_127.jpg
  -> Layout type: COMPLEX_LAYOUT
  -> Ad type: NO_AD
  -> Page type inferred: 
  -> Inferred schema: Name,Address,Location,Profession,Additional Info
  -> Final schema: Name, Address, Location, Profession, Additional Info, Role
  -> Multi-section page detected: ['Categoria XIV | Acqua - Gas - Elettricità', 'Categoria XVI | Vetro e Ceramica', 'Categoria XVII | Comunicazioni interne', 'Categoria XIX | Ospitalità', 'Categoria XX | Previdenza e Credito', 'Categoria XXI | Attività Marittime ed Aeree']
  -> Actual CSV columns: Name,Address,Location,Profession,Additional Info,Role
  -> WARNING: 6 rows (16%) missing both Address and Location on page_127.jpg
  -> Section state carries address: R. Duro S7*, S. Elena, Via il novembre 91
Done.
Processing: page_128.jpg
  -> Layout type: COMPLEX_LAYOUT
  -> Ad type: NO_AD
  -> Page type inferred: 
  -> Inferred schema: Name,Address,Location,Profession,Additional Info
  -> Final schema: Name, Address, Location, Profession, Additional Info, Role
  -> Multi-section page detected: ['Categoria XXII', 'Attività varie', 'Le Categorie', 'Ragionieri', 'Veterinari']
  -> Actual CSV columns: Name,Address,Location,Profession,Additional Info,Role
  -> WARNING: 5 rows (6%) missing both Address and Location on page_128.jpg
  -> Section state carries address: Mestre, Macello Comunale
Done.
Processing: page_129.jpg
  -> Layout type: COMPLEX_LAYOUT
  -> Ad type: FULL_AD
Processing: page_130.jpg
  -> OCR refusal detected, retrying with fallback prompt...
  -> OCR still refused after fallback for page_130.jpg, skipping.
Processing: page_131.jpg
  -> Layout type: SIMPLE_LAYOUT
  -> Ad type: FULL_AD
Processing: page_132.jpg
  -> Layout type: COMPLEX_LAYOUT
  -> Ad type: PARTIAL_AD
  -> Page type inferred: 
  -> Inferred schema: Name,Address,Location,Category,Additional Info
  -> Final schema: Name,Address,Location,Category,Additional Info
  -> Multi-section page detected: ['Abat jours | Category: Abat jours', "Bottega d'Arte | Category: Bottega d'Arte", 'Abbigliamento | Category: Abbigliamento', 'LIDO | Location: LIDO', 'MARGHERA | Location: MARGHERA', 'MESTRE | Location: MESTRE', 'VENEZIA | Location: VENEZIA']
  -> Image re-pass enabled (complex layout + ads + 7 sections).
  -> Actual CSV columns: Name,Address,Location,Category,Additional Info
  -> WARNING: 10 rows (25%) missing both Address and Location on page_132.jpg
  -> Section state reset at document boundary (page 132)
  -> Section state carries address: "Via XIII Marzo n. 2223"
Done.
Processing: page_133.jpg
  -> Layout type: COMPLEX_LAYOUT
  -> Ad type: PARTIAL_AD
  -> Page type inferred: 
  -> Inferred schema: Name,Address,Location,Category,Additional Info
  -> Final schema: Name,Address,Location,Category,Additional Info
  -> Multi-section page detected: ['Abbigliamento | Category: Abbigliamento', 'Abiti confezionati | Category: Abiti confezionati', 'Abiti (riparazioni) | Category: Abiti (riparazioni)', 'Accessori per auto e lubrificanti | Category: Accessori per auto e lubrificanti', 'Mestre | Location: Mestre', 'Accessori per imballaggio | Category: Accessori per imballaggio', 'Mestre | Location: Mestre', 'Chioggia | Location: Chioggia', 'Acciai | Category: Acciai', 'Accordatori pianoforti | Category: Accordatori pianoforti', 'Accumulatori | Category: Accumulatori', 'Aceto (fabbriche) | Category: Aceto (fabbriche)', 'Mestre | Location: Mestre', 'Acqua di colonia (fabbriche) | Category: Acqua di colonia (fabbriche)', 'Acqua di melissa (fabbriche) | Category: Acqua di melissa (fabbriche)', 'Acqua potabile (forniture di) | Category: Acqua potabile (forniture di)', 'Acquarelli e fotografie | Category: Acquarelli e fotografie', 'Acque gassate | Category: Acque gassate', 'Lido | Location: Lido']
  -> Image re-pass enabled (complex layout + ads + 19 sections).
  -> Actual CSV columns: Name,Address,Location,Category,Additional Info
  -> WARNING: 14 rows (25%) missing both Address and Location on page_133.jpg
  -> Section state carries address: S. Antonin 347 I
Done.
Processing: page_134.jpg
  -> Layout type: COMPLEX_LAYOUT
  -> Ad type: PARTIAL_AD
  -> Page type inferred: 
  -> Inferred schema: Name,Address,Location,Category,Additional Info
  -> Final schema: Name, Address, Location, Category, Additional Info
  -> Multi-section page detected: ['Acque minerali | Category: Acque minerali', 'Acquedotti | Category: Acquedotti', 'Acquisto e conduzione | Category: Acquisto e conduzione', 'Acquisto, costruzione | Category: Acquisto, costruzione', 'Addizionatrici calcolatrici | Category: Addizionatrici calcolatrici', 'Marghera | Location: Marghera', 'Cannaregio | Location: Cannaregio', 'Giudecca | Location: Giudecca', 'Mestre | Location: Mestre', 'S. Polo | Location: S. Polo', 'S. Croce | Location: S. Croce']
  -> Image re-pass enabled (complex layout + ads + 11 sections).
  -> Actual CSV columns: Name,Address,Location,Category,Additional Info
  -> Section state carries address: Via XXII Marzo 2402,
Done.
Processing: page_135.jpg
  -> Layout type: COMPLEX_LAYOUT
  -> Ad type: The page contains a mix of directory content and content that can be seen as advertisements, such as "Svolgimento pratiche automobilistiche Consulenza ed Informazioni gratuite" and the numerous mentions of "Agenzia" with promotional elements such as "RICERCA MERCI-CLIENTI-AFFARI" and "AFFITTI APPARTAMENTI vuoti e ammobillati," which are formatted and styled differently from the main directory listings. Therefore, the page should be labeled as PARTIAL_AD.
  -> Page type inferred: 
  -> Inferred schema: Name,Address,Location,Category,Additional Info
  -> Final schema: Name, Address, Location, Category, Additional Info
  -> Multi-section page detected: ['Affissioni e pubblicità | Category: Affissioni e pubblicità', "Agenzie d'Affari | Category: Agenzie d'Affari", 'Agenzie compra-vendita | Category: Agenzie compra-vendita', 'immobili, affittanze, | Category: immobili, affittanze,', 'mediazioni ammi. zioni | Category: mediazioni ammi. zioni', 'Agenzie fotografiche | Category: Agenzie fotografiche', 'Agenzie d’informazioni | Category: Agenzie d’informazioni', 'e investigazioni | Category: e investigazioni', 'Agenzie di traslochi | Category: Agenzie di traslochi', 'Lido | Location: Lido', 'Mestre | Location: Mestre']
  -> Actual CSV columns: Name,Address,Location,Category,Additional Info
  -> WARNING: 6 rows (32%) missing both Address and Location on page_135.jpg
  -> Section state carries address: S. Marco 553
Done.
Processing: page_136.jpg
  -> Layout type: COMPLEX_LAYOUT
  -> Ad type: PARTIAL_AD
  -> Page type inferred: 
  -> Inferred schema: Name,Address,Location,Category,Additional Info
  -> Final schema: Name, Address, Location, Category, Additional Info
  -> Multi-section page detected: ['Agenzie d’informazioni | Category: Agenzie d’informazioni', 'Agenzie marittime | Category: Agenzie marittime', 'Agenzie di pubblicità | Category: Agenzie di pubblicità', 'Agenzie di pubblicità su elenchi telefonici | Category: Agenzie di pubblicità su elenchi telefonici']
  -> Image re-pass enabled (complex layout + ads + 4 sections).
  -> Actual CSV columns: Name,Address,Location,Category,Additional Info
  -> WARNING: 5 rows (13%) missing both Address and Location on page_136.jpg
  -> Section state carries address: San Marco 144
Done.
Processing: page_137.jpg
  -> Layout type: COMPLEX_LAYOUT
  -> Ad type: PARTIAL_AD
  -> Page type inferred: 
  -> Inferred schema: Name,Address,Location,Category,Additional Info
  -> Final schema: Name, Address, Location, Category, Additional Info
  -> Multi-section page detected: ['Agenzie di trasporti | Category: Agenzie di trasporti', 'Agenzie di viaggio e turismo | Category: Agenzie di viaggio e turismo', 'Agrumi (grossisti) | Category: Agrumi (grossisti)', 'Alberghi, Pensioni e Locande | Category: Alberghi, Pensioni e Locande', 'VENEZIA | Location: VENEZIA']
  -> Image re-pass enabled (complex layout + ads + 5 sections).
  -> Actual CSV columns: Name,Address,Location,Category,Additional Info
  -> Section state carries address: Via XXII Marzo, 2288
Done.
Processing: page_138.jpg
  -> Layout type: COMPLEX_LAYOUT
  -> Ad type: PARTIAL_AD
  -> Page type inferred: 
  -> Inferred schema: Name,Address,Location,Category,Additional Info
  -> Final schema: Name, Address, Location, Category, Additional Info
  -> Actual CSV columns: Name,Address,Location,Category,Additional Info
  -> Section state carries address: Corte del teatro Malibran
Done.
Processing: page_139.jpg
  -> Layout type: COMPLEX_LAYOUT
  -> Ad type: PARTIAL_AD
  -> Page type inferred: 
  -> Inferred schema: Name,Address,Location,Category,Additional Info
  -> Final schema: Name, Address, Location, Category, Additional Info
  -> Multi-section page detected: ['PENSIONI | Category: PENSIONI', 'MESTRE | Location: MESTRE', 'MARGHERA | Location: MARGHERA', 'LIDO | Location: LIDO', 'LOCANDE | Category: LOCANDE']
  -> Image re-pass enabled (complex layout + ads + 5 sections).
  -> Actual CSV columns: Name,Address,Location,Category,Additional Info
  -> WARNING: 5 rows (7%) missing both Address and Location on page_139.jpg
  -> Section state carries address: Campo S. Geremia 312
Done.
Processing: page_140.jpg
  -> Layout type: COMPLEX_LAYOUT
  -> Ad type: PARTIAL_AD
  -> Page type inferred: 
  -> Inferred schema: Name,Address,Location,Category,Additional Info
  -> Final schema: Name, Address, Location, Category, Additional Info
  -> Multi-section page detected: ['Alcool | Category: Alcool', 'Alcool denaturato | Category: Alcool denaturato', 'Alimentari | Category: Alimentari', 'Mestre | Location: Mestre', 'Alimentari | Category: Alimentari', 'MOBILI e ACCESSORI per UFFICIО | Category: MOBILI e ACCESSORI per UFFICIО']
  -> Image re-pass enabled (complex layout + ads + 6 sections).
  -> Actual CSV columns: Name,Address,Location,Category,Additional Info
  -> WARNING: 2 rows (2%) missing both Address and Location on page_140.jpg
  -> Section state carries address: Via XXII Marzo, 2288
Done.
Processing: page_141.jpg
  -> Layout type: SIMPLE_LAYOUT
  -> Ad type: NO_AD
  -> Page type inferred: 
  -> Inferred schema: Name,Address,Location,Category,Additional Info
  -> Final schema: Name, Address, Location, Category, Additional Info
  -> Actual CSV columns: Name,Address,Location,Category,Additional Info
  -> Section state carries address: Dorsoduro 5757
Done.
Processing: page_142.jpg
  -> Layout type: SIMPLE_LAYOUT
  -> Ad type: NO_AD
  -> Page type inferred: 
  -> Inferred schema: Name,Address,Location,Category,Additional Info
  -> Final schema: Name, Address, Location, Category, Additional Info
  -> Actual CSV columns: Name,Address,Location,Category,Additional Info
  -> WARNING: 1 rows (1%) missing both Address and Location on page_142.jpg
  -> Section state carries address: Cannaregio 4271
Done.
Processing: page_143.jpg
  -> Layout type: COMPLEX_LAYOUT
  -> Ad type: NO_AD
  -> Page type inferred: 
  -> Inferred schema: Name,Address,Location,Category,Additional Info
  -> Final schema: Name, Address, Location, Category, Additional Info
  -> Multi-section page detected: ['Camicerie da uomo | Category: Camicerie da uomo', 'Canapa e Lino | Category: Canapa e Lino', 'Candele | Category: Candele', 'Cantieri Navali | Category: Cantieri Navali', 'Agenzie di trasporto | Category: Agenzie di trasporto', 'Lido | Location: Lido', 'Mestre | Location: Mestre', 'Marghera | Location: Marghera', 'Murano | Location: Murano', 'GUDICCA | Location: GUDICCA', 'BURANO | Location: BURANO', 'PELLESTRINA | Location: PELLESTRINA', 'ALIMENTARI CONSERVATI | Category: ALIMENTARI CONSERVATI', 'Alluminio | Category: Alluminio']
  -> Actual CSV columns: Name,Address,Location,Category,Additional Info
  -> WARNING: 16 rows (15%) missing both Address and Location on page_143.jpg
  -> Section state carries address: Corso del Popolo 6
Done.
Processing: page_144.jpg
  -> Layout type: COMPLEX_LAYOUT
  -> Ad type: PARTIAL_AD
  -> Page type inferred: 
  -> Inferred schema: Name,Address,Location,Category,Additional Info
  -> Final schema: Name, Address, Location, Category, Additional Info
  -> Multi-section page detected: ['Alluminio | Category: Alluminio', 'Antichità belle arti | Category: Antichità belle arti', 'Appalti | Category: Appalti', 'Apparecchi agricoli | Category: Apparecchi agricoli', 'Apparecchi elettromeccanici | Category: Apparecchi elettromeccanici', 'Apparecchi fotografìci ed affini | Category: Apparecchi fotografìci ed affini', 'Apparecchi per impianti sanitari ed igienici | Category: Apparecchi per impianti sanitari ed igienici', 'Apparecchi ad albero flessibile | Category: Apparecchi ad albero flessibile', 'Apparecchi di sollevamento | Category: Apparecchi di sollevamento', 'Apparecchi e materiale radio | Category: Apparecchi e materiale radio', 'Lido | Location: Lido', 'Mestre | Location: Mestre', 'Marghera | Location: Marghera']
  -> Image re-pass enabled (complex layout + ads + 13 sections).
  -> Actual CSV columns: Name,Address,Location,Category,Additional Info
  -> WARNING: 10 rows (16%) missing both Address and Location on page_144.jpg
  -> Section state carries address: S. Marco 928
Done.
Processing: page_145.jpg
  -> Layout type: COMPLEX_LAYOUT
  -> Ad type: PARTIAL_AD
  -> Page type inferred: 
  -> Inferred schema: Name,Address,Location,Category,Additional Info
  -> Final schema: Name, Address, Location, Category, Additional Info
  -> Multi-section page detected: ['Apparecchiature elettriche automatiche | Category: Apparecchiature elettriche automatiche', 'Approvvigionamenti | Category: Approvvigionamenti', 'Argentatura e doratura | Category: Argentatura e doratura', 'Argenterie | Category: Argenterie', 'Armatori | Category: Armatori', 'Armatori ferroviari | Category: Armatori ferroviari', 'Armi, munizioni, proiettili | Category: Armi, munizioni, proiettili', 'Armonium | Category: Armonium', 'Aromi per dolci | Category: Aromi per dolci', 'Arredamento per bar | Category: Arredamento per bar', 'Arredamento | Category: Arredamento', 'Arredi sacri | Category: Arredi sacri', 'Arrotini | Category: Arrotini', 'Mestre | Location: Mestre', 'Arte veneziana, Fiori e Perle | Category: Arte veneziana, Fiori e Perle']
  -> Image re-pass enabled (complex layout + ads + 15 sections).
  -> Actual CSV columns: Name,Address,Location,Category,Additional Info
  -> WARNING: 13 rows (25%) missing both Address and Location on page_145.jpg
  -> Section state carries address: Cannaregio 1512
Done.
Processing: page_146.jpg
  -> Layout type: COMPLEX_LAYOUT
  -> Ad type: PARTIAL_AD
  -> Page type inferred: 
  -> Inferred schema: Name,Address,Location,Category,Additional Info
  -> Final schema: Name, Address, Location, Category, Additional Info
  -> Multi-section page detected: ['Articoli da Bagno | Category: Articoli da Bagno', 'Articoli per Calzolari | Category: Articoli per Calzolari', 'Articoli casalinghi | Category: Articoli casalinghi', 'Grandi Magazzini | Category: Grandi Magazzini', 'Società Arti†coli casalinghi elettrodomestici | Category: Società Arti†coli casalinghi elettrodomestici', 'MESTRE | Location: MESTRE', 'PORTO MARGHERA | Location: PORTO MARGHERA', 'Macchine per scrivere | Category: Macchine per scrivere']
  -> Image re-pass enabled (complex layout + ads + 8 sections).
  -> Actual CSV columns: Name,Address,Location,Category,Additional Info
  -> WARNING: 5 rows (6%) missing both Address and Location on page_146.jpg
  -> Section state carries address: Via D. Manin, 23, Via XXI Marzo, 2288
Done.
Processing: page_147.jpg
  -> Layout type: COMPLEX_LAYOUT
  -> Ad type: PARTIAL_AD
  -> Page type inferred: 
  -> Inferred schema: Name,Address,Location,Category,Additional Info
  -> Final schema: Name, Address, Location, Category, Additional Info
  -> Multi-section page detected: ['LIDO | Location: LIDO', 'CHIRIGNAGO | Location: CHIRIGNAGO', 'BURANO | Location: BURANO', 'Articoli Elettrici | Category: Articoli Elettrici', 'MESTRE | Location: MESTRE', 'Articoli Fotografici e affini | Category: Articoli Fotografici e affini', 'Articoli per Fumatori | Category: Articoli per Fumatori', 'Articoli Funebri | Category: Articoli Funebri', 'Articoli di Gomma e affini | Category: Articoli di Gomma e affini', 'MESTRE | Location: MESTRE', 'Articoli Igienici | Category: Articoli Igienici', 'MESTRE | Location: MESTRE', 'Articoli per Ingegneria | Category: Articoli per Ingegneria']
  -> Image re-pass enabled (complex layout + ads + 13 sections).
  -> Actual CSV columns: Name,Address,Location,Category,Additional Info
  -> WARNING: 1 rows (1%) missing both Address and Location on page_147.jpg
  -> Section state carries address: San Marco Ponte del Lovo, 4773
Done.
Processing: page_148.jpg
  -> Layout type: COMPLEX_LAYOUT
  -> Ad type: PARTIAL_AD
  -> Page type inferred: 
  -> Inferred schema: Name,Address,Location,Category,Additional Info
  -> Final schema: Name, Address, Location, Category, Additional Info
  -> Multi-section page detected: ['Articoli di Lusso | Category: Articoli di Lusso', 'Articoli di Pittura e Disegno | Category: Articoli di Pittura e Disegno', 'Articoli Sanitari e Affini | Category: Articoli Sanitari e Affini', 'Articoli Sportivi | Category: Articoli Sportivi', 'Articoli Tecnici | Category: Articoli Tecnici', 'Mestre | Location: Mestre']
  -> Image re-pass enabled (complex layout + ads + 6 sections).
  -> Actual CSV columns: Name,Address,Location,Category,Additional Info
  -> WARNING: 7 rows (19%) missing both Address and Location on page_148.jpg
  -> Section state carries address: Uffici Via Carducci, 78, Magazzino, Via Carducci, 8
Done.
Processing: page_149.jpg
  -> Layout type: COMPLEX_LAYOUT
  -> Ad type: PARTIAL_AD
  -> Page type inferred: 
  -> Inferred schema: Name,Address,Location,Category,Additional Info
  -> Final schema: Name, Address, Location, Category, Additional Info
  -> Multi-section page detected: ['Articoli da Viaggio | Category: Articoli da Viaggio', 'Aspirapolvere | Category: Aspirapolvere', 'Assicurazioni | Category: Assicurazioni', 'Assistenze Pratiche Amministrative | Category: Assistenze Pratiche Amministrative', 'Attività Immobiliari in genere | Category: Attività Immobiliari in genere', 'Mestre | Location: Mestre', 'Lido | Location: Lido', 'Autocarrozzerie | Category: Autocarrozzerie', 'Automobili | Category: Automobili', 'Autonoleggi e Autorimesse | Category: Autonoleggi e Autorimesse', 'S.A.F.F.A. | Category: S.A.F.F.A.']
  -> Image re-pass enabled (complex layout + ads + 11 sections).
  -> Actual CSV columns: Name,Address,Location,Category,Additional Info
  -> WARNING: 10 rows (14%) missing both Address and Location on page_149.jpg
  -> Section state carries address: Cann. 5396
Done.
Processing: page_150.jpg
  -> Layout type: COMPLEX_LAYOUT
  -> Ad type: PARTIAL_AD
  -> Page type inferred: 
  -> Inferred schema: Name,Address,Location,Category,Additional Info
  -> Final schema: Name, Address, Location, Category, Additional Info
  -> Multi-section page detected: ['Mestre | Location: Mestre', 'Marghera | Location: Marghera', 'Autoofficine | Category: Autoofficine', 'Autostrade | Category: Autostrade', 'Autoscuole | Category: Autoscuole', 'Autotrasporti | Category: Autotrasporti']
  -> Image re-pass enabled (complex layout + ads + 6 sections).
  -> Actual CSV columns: Name,Address,Location,Category,Additional Info
  -> WARNING: 3 rows (7%) missing both Address and Location on page_150.jpg
  -> Section state carries address: Piazzale Roma S. Croce 274
Done.
Processing: page_151.jpg
  -> OCR refusal detected, retrying with fallback prompt...
  -> Layout type: COMPLEX_LAYOUT
  -> Ad type: PARTIAL_AD
  -> Page type inferred: 
  -> Inferred schema: Name,Address,Location,Category,Additional Info
  -> Final schema: Name, Address, Location, Category, Additional Info
  -> Multi-section page detected: ['Cantieri Navali | Category: Cantieri Navali', 'Mestre | Location: Mestre', 'Marghera | Location: Marghera']
  -> Image re-pass enabled (complex layout + ads + 3 sections).
  -> Actual CSV columns: Name,Address,Location,Category,Additional Info
  -> WARNING: 1 rows (2%) missing both Address and Location on page_151.jpg
  -> Section state carries address: S. Lio, Calle della Fava n. 5598
Done.
Processing: page_152.jpg
  -> Layout type: COMPLEX_LAYOUT
  -> Ad type: PARTIAL_AD
  -> Page type inferred: 
  -> Inferred schema: Name,Address,Location,Category,Additional Info
  -> Final schema: Name, Address, Location, Category, Additional Info
  -> Multi-section page detected: ['Mestre | Location: MESTRE', 'Marghera | Location: Marghera', 'Carpenedo | Location: Carpenedo', 'Autotrasporti | Category: AUTOTRASPORTI']
  -> Image re-pass enabled (complex layout + ads + 4 sections).
  -> Actual CSV columns: Name,Address,Location,Category,Additional Info
  -> WARNING: 1 rows (2%) missing both Address and Location on page_152.jpg
  -> Section state carries address: VENEZIA - Via XXII Marzo, 2288
Done.
Processing: page_153.jpg
  -> Layout type: COMPLEX_LAYOUT
  -> Ad type: PARTIAL_AD
  -> Page type inferred: 
  -> Inferred schema: Name,Address,Location,Category,Additional Info
  -> Final schema: Name, Address, Location, Category, Additional Info
  -> Multi-section page detected: ['Agenzie di trasporto | Category: Agenzie di trasporto', 'Autotreni | Category: Autotreni', 'Avventurina | Category: Avventurina', 'Marghera | Location: Marghera', 'Mestre | Location: Mestre', 'Murano | Location: Murano']
  -> Image re-pass enabled (complex layout + ads + 6 sections).
  -> Actual CSV columns: Name,Address,Location,Category,Additional Info
  -> WARNING: 2 rows (8%) missing both Address and Location on page_153.jpg
  -> Section state carries address: Via XXII Barzo 13388
Done.
Processing: page_154.jpg
  -> Layout type: COMPLEX_LAYOUT
  -> Ad type: PARTIAL_AD
  -> Page type inferred: 
  -> Inferred schema: Name,Address,Location,Category,Additional Info
  -> Final schema: Name, Address, Location, Category, Additional Info
  -> Multi-section page detected: ['Avvolgimento Motori | Category: Avvolgimento Motori', 'Bagni Pubblici | Category: Bagni Pubblici', 'Banche | Category: Banche', 'Banchi Lotto | Category: Banchi Lotto', 'Lido | Location: Lido', 'Murano | Location: Murano', 'Mestre | Location: Mestre', 'Bendci e Lattonieri | Category: Bendci e Lattonieri', 'Bandiera | Category: Bandiera', 'Bar | Category: Bar']
  -> Image re-pass enabled (complex layout + ads + 10 sections).
  -> Actual CSV columns: Name,Address,Location,Category,Additional Info
  -> WARNING: 9 rows (11%) missing both Address and Location on page_154.jpg
  -> Section state carries address: Cannaregio 223 B
Done.
Processing: page_155.jpg
  -> Layout type: COMPLEX_LAYOUT
  -> Ad type: PARTIAL_AD
  -> Page type inferred: 
  -> Inferred schema: Name,Address,Location,Category,Additional Info
  -> Final schema: Name, Address, Location, Category, Additional Info
  -> Multi-section page detected: ['Lido | Location: Lido', 'Mestre | Location: Mestre', 'Marghera | Location: Marghera', 'Murano | Location: Murano']
  -> Image re-pass enabled (complex layout + ads + 4 sections).
  -> Actual CSV columns: Name,Address,Location,Category,Additional Info
  -> WARNING: 7 rows (7%) missing both Address and Location on page_155.jpg
  -> Section state carries address: Castello 3183
Done.
Processing: page_156.jpg
  -> Layout type: COMPLEX_LAYOUT
  -> Ad type: NO_AD (pure structured directory content)
  -> Page type inferred: 
  -> Inferred schema: Name,Address,Location,Category,Additional Info
  -> Final schema: Name, Address, Location, Category, Additional Info
  -> Multi-section page detected: ['Bar, Caffè ed Affini | Category: Bar, Caffè ed Affini', 'Bar Chioschi | Category: Bar Chioschi', 'Barbieri | Category: Barbieri', 'Lido | Location: Lido', 'Murano | Location: Murano', 'Mestre | Location: Mestre']
  -> Actual CSV columns: Name,Address,Location,Category,Additional Info
  -> WARNING: 3 rows (3%) missing both Address and Location on page_156.jpg
  -> Section state carries address: Castello 3214
Done.
Processing: page_157.jpg
  -> Layout type: COMPLEX_LAYOUT
  -> Ad type: NO_AD
  -> Page type inferred: 
  -> Inferred schema: Name,Address,Location,Category,Additional Info
  -> Final schema: Name, Address, Location, Category, Additional Info
  -> Multi-section page detected: ['Barili | Category: Barili', 'Bazar | Category: Bazar', 'Benzina | Category: Benzina', 'Biade | Category: Biade', 'Biancheria e affini | Category: Biancheria e affini', 'Lido | Location: Lido', 'Mestre | Location: Mestre', 'Marghera | Location: Marghera', 'Murano | Location: Murano']
  -> Actual CSV columns: Name,Address,Location,Category,Additional Info
  -> WARNING: 6 rows (6%) missing both Address and Location on page_157.jpg
  -> Section state carries address: fdm. Navagero. n. 47.B
Done.
Processing: page_158.jpg
  -> Layout type: COMPLEX_LAYOUT
  -> Ad type: PARTIAL_AD
  -> Page type inferred: 
  -> Inferred schema: Name,Address,Location,Category,Additional Info
  -> Final schema: Name, Address, Location, Category, Additional Info
  -> Multi-section page detected: ['Biancheria per Signora | Category: Biancheria per Signora', 'Bigiotterie | Category: Bigiotterie', 'Bilancie | Category: Bilancie', 'Biliardi | Category: Biliardi', 'Binari Ferroviari | Category: Binari Ferroviari', 'Birra | Category: Birra', 'Mestre | Location: Mestre']
  -> Image re-pass enabled (complex layout + ads + 7 sections).
  -> Actual CSV columns: Name,Address,Location,Category,Additional Info
  -> WARNING: 6 rows (24%) missing both Address and Location on page_158.jpg
  -> Section state carries address: Mestre, Via Dante 117.
Done.
Processing: page_159.jpg
  -> Layout type: COMPLEX_LAYOUT
  -> Ad type: PARTIAL_AD
  -> Page type inferred: 
  -> Inferred schema: Name,Address,Location,Category,Additional Info
  -> Final schema: Name, Address, Location, Category, Additional Info
  -> Multi-section page detected: ['Birrerie | Category: Birrerie', 'Biscotti | Category: Biscotti', 'Bitumi | Category: Bitumi', 'Bottiglierie | Category: Bottiglierie', 'Lido | Location: Lido', 'Mestre | Location: Mestre', 'Marghera | Location: Marghera', 'Murano | Location: Murano']
  -> Image re-pass enabled (complex layout + ads + 8 sections).
  -> Actual CSV columns: Name,Address,Location,Category,Additional Info
  -> WARNING: 4 rows (4%) missing both Address and Location on page_159.jpg
  -> Section state carries address: Via XXII Marzo, 2288
Done.
Processing: page_160.jpg
  -> Layout type: COMPLEX_LAYOUT
  -> Ad type: PARTIAL_AD
  -> Page type inferred: 
  -> Inferred schema: Name,Address,Location,Category,Additional Info
  -> Final schema: Name, Address, Location, Category, Additional Info
  -> Actual CSV columns: Name,Address,Location,Category,Additional Info
  -> Section state carries address: Frezzaria - S. Marco 1584
Done.
Processing: page_161.jpg
  -> Layout type: SIMPLE_LAYOUT
  -> Ad type: NO_AD
  -> Page type inferred: 
  -> Inferred schema: Name,Address,Location,Category,Additional Info
  -> Final schema: Name, Address, Location, Category, Additional Info
  -> Invalid semantic output (attempt 1), retrying...
  -> Invalid semantic output (attempt 2), retrying...
  -> Invalid semantic output (attempt 3), retrying...
  -> Actual CSV columns: Name,Address,Notes
  -> Section state carries address: Frezzaria - S. Marco 1584
Done.
Processing: page_162.jpg
  -> Layout type: COMPLEX_LAYOUT
  -> Ad type: PARTIAL_AD
  -> Page type inferred: 
  -> Inferred schema: Name,Address,Location,Category,Additional Info
  -> Final schema: Name, Address, Location, Category, Additional Info
  -> Multi-section page detected: ['Bronzi | Category: Bronzi', 'Budella salate | Category: Budella salate', 'Budella, Sego e affini | Category: Budella, Sego e affini', 'Busri | Category: Busri', 'Cabine di Trasformazioni (impianti) | Category: Cabine di Trasformazioni (impianti)', 'Caffè (esercizi) | Category: Caffè (esercizi)', 'Mestre | Location: Mestre', 'Murano | Location: Murano']
  -> Image re-pass enabled (complex layout + ads + 8 sections).
  -> Actual CSV columns: Name,Address,Location,Category,Additional Info
  -> WARNING: 8 rows (9%) missing both Address and Location on page_162.jpg
  -> Section state carries address: Cannaregio 5990
Done.
Processing: page_163.jpg
  -> Layout type: COMPLEX_LAYOUT
  -> Ad type: NO_AD (pure structured directory content)
  -> Page type inferred: 
  -> Inferred schema: Name,Address,Location,Category,Additional Info
  -> Final schema: Name, Address, Location, Category, Additional Info
  -> Multi-section page detected: ['Caffe | Category: Caffe', 'Lido | Location: Lido', 'Mestre | Location: Mestre', 'S. Marco | Location: S. Marco', 'Cannaregio | Location: Cannaregio', 'Castello | Location: Castello', 'Dorsoduro | Location: Dorsoduro', 'S. Polo | Location: S. Polo', 'S. Croce | Location: S. Croce', 'S. Elena | Location: S. Elena', 'Caffe (importatori) | Category: Caffe (importatori)', 'Caffe (torrefazione) | Category: Caffe (torrefazione)']
  -> Actual CSV columns: Name,Address,Location,Category,Additional Info
  -> WARNING: 2 rows (2%) missing both Address and Location on page_163.jpg
  -> Section state carries address: Piazzetta Matter 27, 1418
Done.
Processing: page_164.jpg
  -> Layout type: COMPLEX_LAYOUT
  -> Ad type: PARTIAL_AD
  -> Page type inferred: 
  -> Inferred schema: Name,Address,Location,Category,Additional Info
  -> Final schema: Name, Address, Location, Category, Additional Info
  -> Multi-section page detected: ['Caffé | Category: Caffé', 'Caffé (surrogati) | Category: Caffé (surrogati)', 'Calce | Category: Calce', 'Calce (commercio) | Category: Calce (commercio)', 'Calcolatrici | Category: Calcolatrici', 'Calderai | Category: Calderai', 'Calzinci | Category: Calzinci', 'Calzature | Category: Calzature', 'Mestre | Location: Mestre', 'Marghera | Location: Marghera']
  -> Image re-pass enabled (complex layout + ads + 10 sections).
  -> Actual CSV columns: Name,Address,Location,Category,Additional Info
  -> WARNING: 8 rows (13%) missing both Address and Location on page_164.jpg
  -> Section state carries address: Castello 4818
Done.
Processing: page_165.jpg
  -> Layout type: COMPLEX_LAYOUT
  -> Ad type: PARTIAL_AD
  -> Page type inferred: 
  -> Inferred schema: Name,Address,Location,Category,Additional Info
  -> Final schema: Name, Address, Location, Category, Additional Info
  -> Multi-section page detected: ['Mestre | Location: Mestre', 'Marghera | Location: Marghera', 'Lido | Location: Lido', 'Carpenedo | Location: Carpenedo', 'Giudecca | Location: Giudecca', 'Murano | Location: Murano', 'Zelarino | Location: Zelarino', 'Manifattura | Category: MANIFATTURA', 'Calzoleria | Category: CALZOLERIA']
  -> Image re-pass enabled (complex layout + ads + 9 sections).
  -> Actual CSV columns: Name,Address,Location,Category,Additional Info
  -> WARNING: 2 rows (3%) missing both Address and Location on page_165.jpg
  -> Section state carries address: Cannaregio 3840
Done.
Processing: page_166.jpg
  -> Layout type: COMPLEX_LAYOUT
  -> Ad type: PARTIAL_AD
  -> Page type inferred: 
  -> Inferred schema: Name,Address,Location,Category,Additional Info
  -> Final schema: Name, Address, Location, Category, Additional Info
  -> Multi-section page detected: ['Calzature | Category: Calzature', 'Calzaturifici | Category: Calzaturifici', 'Calze | Category: Calze', 'Camicerie | Category: Camicerie', 'Lido | Location: Lido', 'Mestre | Location: Mestre', 'Marghera | Location: Marghera', 'Murano | Location: Murano']
  -> Image re-pass enabled (complex layout + ads + 8 sections).
  -> Actual CSV columns: Name,Address,Location,Category,Additional Info
  -> WARNING: 4 rows (5%) missing both Address and Location on page_166.jpg
  -> Section state carries address: Via XXII Marzo, 2288
Done.
Processing: page_167.jpg
  -> Layout type: COMPLEX_LAYOUT
  -> Ad type: PARTIAL_AD
  -> Page type inferred: 
  -> Inferred schema: Name,Address,Location,Category,Additional Info
  -> Final schema: Name, Address, Location, Category, Additional Info
  -> Multi-section page detected: ['Camicie da uomo | Category: Camicie da uomo', 'Canapa e Lino | Category: Canapa e Lino', 'Candele | Category: Candele', 'Cantieri Navali | Category: Cantieri Navali', 'Cannaregio | Location: Cannaregio', 'Mestre | Location: Mestre', 'Burano | Location: Burano', 'S. Elena | Location: S. Elena', 'Giudecca | Location: Giudecca', 'S. Polo | Location: S. Polo']
  -> Image re-pass enabled (complex layout + ads + 10 sections).
  -> Actual CSV columns: Name,Address,Location,Category,Additional Info
  -> WARNING: 5 rows (20%) missing both Address and Location on page_167.jpg
  -> Section state carries address: Via XXII Marzo n. 2288
Done.
Processing: page_168.jpg
  -> Layout type: COMPLEX_LAYOUT
  -> Ad type: PARTIAL_AD
  -> Page type inferred: 
  -> Inferred schema: Name,Address,Location,Category,Additional Info
  -> Final schema: Name, Address, Location, Category, Additional Info
  -> Multi-section page detected: ['Cantieri Navali | Category: Cantieri Navali', 'Murano | Location: Murano', 'S. Marco | Location: S. Marco', 'Giudecca | Location: Giudecca', 'Marghera | Location: Marghera', 'Castello | Location: Castello']
  -> Image re-pass enabled (complex layout + ads + 6 sections).
  -> Actual CSV columns: Name,Address,Location,Category,Additional Info
  -> WARNING: 1 rows (7%) missing both Address and Location on page_168.jpg
  -> Section state carries address: Giudecca - Sacca Fisola
Done.
Processing: page_169.jpg
  -> Layout type: COMPLEX_LAYOUT
  -> Ad type: PARTIAL_AD
  -> Page type inferred: 
  -> Inferred schema: Name,Address,Location,Category,Additional Info
  -> Final schema: Name, Address, Location, Category, Additional Info
  -> Multi-section page detected: ['Cantiere Navale | Category: Cantiere Navale']
  -> Actual CSV columns: Name,Address,Location,Category,Additional Info
  -> WARNING: 4 rows (13%) missing both Address and Location on page_169.jpg
  -> Section state carries address: "VENEZIA - Quintavalle di Castello n. 25"
Done.
Processing: page_170.jpg
  -> Layout type: SIMPLE_LAYOUT
  -> Ad type: NO_AD
  -> Page type inferred: 
  -> Inferred schema: Name,Address,Location,Category,Additional Info
  -> Final schema: Name, Address, Location, Category, Additional Info
  -> Multi-section page detected: ['CANTIERE NAVALE | Category: CANTIERE NAVALE']
  -> Actual CSV columns: Name,Address,Location,Category,Additional Info
  -> WARNING: 2 rows (100%) missing both Address and Location on page_170.jpg
  -> Section state carries address: "VENEZIA - Quintavalle di Castello n. 25"
Done.
Processing: page_171.jpg
  -> Layout type: COMPLEX_LAYOUT
  -> Ad type: PARTIAL_AD
  -> Page type inferred: 
  -> Inferred schema: Name,Address,Location,Category,Additional Info
  -> Final schema: Name, Address, Location, Category, Additional Info
  -> Multi-section page detected: ['FOTOGRAFIA | Category: FOTOGRAFIA']
  -> Actual CSV columns: Name,Address,Location,Category,Additional Info
  -> WARNING: 1 rows (50%) missing both Address and Location on page_171.jpg
  -> Section state carries address: S. Polo 1478
Done.
Processing: page_172.jpg
  -> Layout type: COMPLEX_LAYOUT
  -> Ad type: PARTIAL_AD
  -> Page type inferred: 
  -> Inferred schema: Name,Address,Location,Category,Additional Info
  -> Final schema: Name, Address, Location, Category, Additional Info
  -> Multi-section page detected: ['Cantieri Navali | Category: Cantieri Navali', 'Marghera | Location: Marghera', 'Cantine | Category: Cantine', 'Cappellerie | Category: Cappellerie', 'Capsule di stagnole | Category: Capsule di stagnole', 'Carbone | Category: Carbone', 'Mestre | Location: Mestre', 'Carbone e Legna | Category: Carbone e Legna']
  -> Image re-pass enabled (complex layout + ads + 8 sections).
  -> Actual CSV columns: Name,Address,Location,Category,Additional Info
  -> WARNING: 7 rows (13%) missing both Address and Location on page_172.jpg
  -> Section state carries address: Via XXI Marzo, 2288
Done.
Processing: page_173.jpg
  -> Layout type: COMPLEX_LAYOUT
  -> Ad type: PARTIAL_AD
  -> Page type inferred: 
  -> Inferred schema: Name,Address,Location,Category,Additional Info
  -> Final schema: Name, Address, Location, Category, Additional Info
  -> Multi-section page detected: ['Camicerie da uomo | Category: Camicerie da uomo', 'Canapa e Lino | Category: Canapa e Lino', 'Candele | Category: Candele', 'Cantieri Navali | Category: Cantieri Navali', 'Agenzie di trasporto | Category: Agenzie di trasporto', 'Carboni Fossili e Ligniti | Category: Carboni Fossili e Ligniti', 'Industriali | Category: Industriali', 'Carboni - Legna | Category: Carboni - Legna', '(dettaglio) | Category: (dettaglio)', 'Lido | Location: Lido', 'Mestre | Location: Mestre', 'Marghera | Location: Marghera', 'Murano | Location: Murano']
  -> Image re-pass enabled (complex layout + ads + 13 sections).
  -> Actual CSV columns: Name,Address,Location,Category,Additional Info
  -> WARNING: 9 rows (13%) missing both Address and Location on page_173.jpg
  -> Section state carries address: S. Polo, 1479
Done.
Processing: page_174.jpg
  -> Layout type: COMPLEX_LAYOUT
  -> Ad type: PARTIAL_AD
  -> Page type inferred: 
  -> Inferred schema: Name,Address,Location,Category,Additional Info
  -> Final schema: Name, Address, Location, Category, Additional Info
  -> Multi-section page detected: ['Murano | Location: Murano', 'Castello | Location: Castello', 'Cannaregio | Location: Cannaregio', 'Dorsoduro | Location: Dorsoduro', 'Giudecca | Location: Giudecca', 'S. Croce | Location: S. Croce', 'S. Marco | Location: S. Marco', 'S. Polo | Location: S. Polo', 'Treporti | Location: Treporti', 'Mestre | Location: Mestre', 'Malamocco | Location: Malamocco', 'S. Elena | Location: S. Elena', 'Burano | Location: Burano', 'Marghera | Location: Marghera', 'Tronchetto | Location: Tronchetto', 'Carburanti | Category: Carburanti', 'Macchine per scrivere | Category: Macchine per scrivere']
  -> Image re-pass enabled (complex layout + ads + 17 sections).
  -> Actual CSV columns: Name,Address,Location,Category,Additional Info
  -> WARNING: 1 rows (1%) missing both Address and Location on page_174.jpg
  -> Section state carries address: Via F. Calvi
Done.
Processing: page_175.jpg
  -> Layout type: COMPLEX_LAYOUT
  -> Ad type: PARTIAL_AD
  -> Page type inferred: 
  -> Inferred schema: Name,Address,Location,Category,Additional Info
  -> Final schema: Name, Address, Location, Category, Additional Info
  -> Multi-section page detected: ['Carburanti Olii ed affini | Category: Carburanti Olii ed affini', 'Carburo di calcio | Category: Carburo di calcio', 'Carni | Category: Carni', 'Carni equine | Category: Carni equine', 'Carni conservate | Category: Carni conservate', 'Carni e Frattaglie cotte | Category: Carni e Frattaglie cotte', 'Carpentieri | Category: Carpentieri', 'Cantieri Navali | Category: Cantieri Navali', 'Carrelli e Carriola | Category: Carrelli e Carriola', 'Carrozzerie | Category: Carrozzerie', 'Mestre | Location: Mestre', 'Marghera | Location: Marghera', 'Burano | Location: Burano', 'Murano | Location: Murano']
  -> Image re-pass enabled (complex layout + ads + 14 sections).
  -> Actual CSV columns: Name,Address,Location,Category,Additional Info
  -> WARNING: 9 rows (16%) missing both Address and Location on page_175.jpg
  -> Section state carries address: Via Torre Belfredo (quattro Cantoni)
Done.
Processing: page_176.jpg
  -> Layout type: COMPLEX_LAYOUT
  -> Ad type: PARTIAL_AD
  -> Page type inferred: 
  -> Inferred schema: Name,Address,Location,Category,Additional Info
  -> Final schema: Name, Address, Location, Category, Additional Info
  -> Multi-section page detected: ['Carta | Category: Carta', 'Carta Cartoni ed affini | Category: Carta Cartoni ed affini', 'Murano | Location: Murano', 'Mestre | Location: Mestre']
  -> Image re-pass enabled (complex layout + ads + 4 sections).
  -> Actual CSV columns: Name,Address,Location,Category,Additional Info
  -> WARNING: 3 rows (10%) missing both Address and Location on page_176.jpg
  -> Section state carries address: Via XXII Marzo, 2288
Done.
Processing: page_177.jpg
  -> Layout type: COMPLEX_LAYOUT
  -> Ad type: PARTIAL_AD
  -> Page type inferred: 
  -> Inferred schema: Name,Address,Location,Category,Additional Info
  -> Final schema: Name, Address, Location, Category, Additional Info
  -> Multi-section page detected: ['Camicerie da uomo | Category: Camicerie da uomo', 'Canapa e Lino | Category: Canapa e Lino', 'Candele | Category: Candele', 'Cantieri Navali | Category: Cantieri Navali', 'Agenzie di trasporto | Category: Agenzie di trasporto', 'Carta da impacco | Category: Carta da impacco', 'Carta da macero | Category: Carta da macero', 'Carta da parati e affini | Category: Carta da parati e affini', 'Carte e Stracci per Cartiere | Category: Carte e Stracci per Cartiere', 'Carte da Gioco | Category: Carte da Gioco', 'Cartiere | Category: Cartiere', 'Cartolerie | Category: Cartolerie', 'Mestre | Location: Mestre', 'Marghera | Location: Marghera']
  -> Image re-pass enabled (complex layout + ads + 14 sections).
  -> Actual CSV columns: Name,Address,Location,Category,Additional Info
  -> WARNING: 9 rows (15%) missing both Address and Location on page_177.jpg
  -> Section state carries address: S. Marco 4586
Done.
Processing: page_178.jpg
  -> Layout type: COMPLEX_LAYOUT
  -> Ad type: PARTIAL_AD
  -> Page type inferred: 
  -> Inferred schema: Name,Address,Location,Category,Additional Info
  -> Final schema: Name, Address, Location, Category, Additional Info
  -> Multi-section page detected: ['CARTA, CARTONI, CANCELLERIA | Category: CARTA, CARTONI, CANCELLERIA', 'CANCELLERIA CARTA E CARTONI | Category: CANCELLERIA CARTA E CARTONI', 'TIPOGRAFIA E CANCELLERIA | Category: TIPOGRAFIA E CANCELLERIA', 'FORNITURE COMPLETE | Category: FORNITURE COMPLETE', 'STABILIMENTO GRAFICO | Category: STABILIMENTO GRAFICO', 'DORSODURO | Location: DORSODURO', 'MESTRE | Location: MESTRE', 'MURANO | Location: MURANO', 'BURANO | Location: BURANO', 'TREPORTI | Location: TREPORTI', 'FAVARO VENETO | Location: FAVARO VENETO', 'CASTELLO | Location: CASTELLO', 'GIUDECCA | Location: GIUDECCA', 'MARGHERA | Location: MARGHERA']
  -> Image re-pass enabled (complex layout + ads + 14 sections).
  -> Actual CSV columns: Name,Address,Location,Category,Additional Info
  -> Section state carries address: Calle Lunga S. Maria Formosa n. 6135 - 5233
Done.
Processing: page_179.jpg
  -> Layout type: COMPLEX_LAYOUT
  -> Ad type: PARTIAL_AD
  -> Page type inferred: 
  -> Inferred schema: Name,Address,Location,Category,Additional Info
  -> Final schema: Name, Address, Location, Category, Additional Info
  -> Multi-section page detected: ['Camicerie da uomo | Category: Camicerie da uomo', 'Canapa e Lino | Category: Canapa e Lino', 'Candele | Category: Candele', 'Cantieri Navali | Category: Cantieri Navali', 'Agenzie di trasporto | Category: Agenzie di trasporto', 'Lido | Location: Lido', 'Mestre | Location: Mestre', 'Marghera | Location: Marghera', 'Murano | Location: Murano', 'Cartoline illustrate | Category: Cartoline illustrate', 'Cascami animali | Category: Cascami animali', 'Case di Cura | Category: Case di Cura']
  -> Image re-pass enabled (complex layout + ads + 12 sections).
  -> Actual CSV columns: Name,Address,Location,Category,Additional Info
  -> WARNING: 8 rows (14%) missing both Address and Location on page_179.jpg
  -> Section state carries address: Lido Lungomare Marconi 64
Done.
Processing: page_180.jpg
  -> Layout type: COMPLEX_LAYOUT
  -> Ad type: PARTIAL_AD
  -> Page type inferred: 
  -> Inferred schema: Name,Address,Location,Category,Additional Info
  -> Final schema: Name, Address, Location, Category, Additional Info
  -> Multi-section page detected: ['Case da Gioco | Category: Case da Gioco', 'Case di Spedizioni | Category: Case di Spedizioni', 'Casse e Arredi Mortuari | Category: Casse e Arredi Mortuari', 'Case Editrici | Category: Case Editrici', 'Mestre | Location: Mestre']
  -> Image re-pass enabled (complex layout + ads + 5 sections).
  -> Actual CSV columns: Name,Address,Location,Category,Additional Info
  -> WARNING: 4 rows (18%) missing both Address and Location on page_180.jpg
  -> Section state carries address: S. Marco 1049
Done.
Processing: page_181.jpg
  -> Layout type: COMPLEX_LAYOUT
  -> Ad type: PARTIAL_AD
  -> Page type inferred: 
  -> Inferred schema: Name,Address,Location,Category,Additional Info
  -> Final schema: Name, Address, Location, Category, Additional Info
  -> Multi-section page detected: ['Camicerie da uomo | Category: Camicerie da uomo', 'Canapa e Lino | Category: Canapa e Lino', 'Candele | Category: Candele', 'Cantieri Navali | Category: Cantieri Navali', 'Agenzie di trasporto | Category: Agenzie di trasporto', 'Marghera | Location: Marghera', 'Cavalli da Corsa | Category: Cavalli da Corsa', 'Cave | Category: Cave', 'Cavi Elettrici | Category: Cavi Elettrici', 'Cavi elettrotelefonici ricupero e posa | Category: Cavi elettrotelefonici ricupero e posa', 'Lido | Location: Lido', 'Caviale | Category: Caviale', 'Cementi | Category: Cementi', 'Cementi armati | Category: Cementi armati']
  -> Image re-pass enabled (complex layout + ads + 14 sections).
  -> Actual CSV columns: Name,Address,Location,Category,Additional Info
  -> WARNING: 13 rows (57%) missing both Address and Location on page_181.jpg
  -> Section state carries address: "Cannaregio 3542"
Done.
Processing: page_182.jpg
  -> Layout type: COMPLEX_LAYOUT
  -> Ad type: NO_AD (pure structured directory content)
  -> Page type inferred: 
  -> Inferred schema: Name,Address,Location,Category,Additional Info
  -> Final schema: Name, Address, Location, Category, Additional Info
  -> Multi-section page detected: ['Camicerie da uomo | Category: Camicerie da uomo', 'Canapa e Lino | Category: Canapa e Lino', 'Candele | Category: Candele', 'Cantieri Navali | Category: Cantieri Navali', 'Agenzie di trasporto | Category: Agenzie di trasporto', 'Lido | Location: Lido', 'Mestre | Location: Mestre', 'Marghera | Location: Marghera', 'Murano | Location: Murano', 'Cementi e Manufatti di Calce | Category: Cementi e Manufatti di Calce', 'Centrali Elettriche e Sottostazioni (impianti) | Category: Centrali Elettriche e Sottostazioni (impianti)', 'Ceramiche | Category: Ceramiche', 'Cane | Category: Cane', 'Cereali (ingrosso e depositi) | Category: Cereali (ingrosso e depositi)', 'Cererie e Prodotti affini | Category: Cererie e Prodotti affini', 'Cesti (fabbriche) | Category: Cesti (fabbriche)', 'Macchine per scrivere - Calcolatrici - Duplicatori | Category: Macchine per scrivere - Calcolatrici - Duplicatori']
  -> Actual CSV columns: Name,Address,Location,Category,Additional Info
  -> Section state carries address: Burano, Via Pizzo
Done.
Processing: page_183.jpg
  -> Layout type: COMPLEX_LAYOUT
  -> Ad type: PARTIAL_AD
  -> Page type inferred: 
  -> Inferred schema: Name,Address,Location,Category,Additional Info
  -> Final schema: Name, Address, Location, Category, Additional Info
  -> Multi-section page detected: ['Chincaglierie ed affini | Category: Chincaglierie ed affini', 'Lido | Location: Lido', 'Mestre | Location: Mestre', 'Murano | Location: Murano', 'Burano | Location: Burano', 'Dorsoduro | Location: Dorsoduro', 'Castello | Location: Castello', 'Cannaregio | Location: Cannaregio', 'S. Marco | Location: S. Marco', 'S. Croce | Location: S. Croce', 'S. Polo | Location: S. Polo', 'Marghera | Location: Marghera', 'Guidecca | Location: Guidecca', 'Cavallino | Location: Cavallino', 'Chirignago | Location: Chirignago', 'Carpenedo | Location: Carpenedo', 'Favaro Veneto | Location: Favaro Veneto', 'Dese | Location: Dese', 'Cicli e Motocicli | Category: Cicli e Motocicli']
  -> Image re-pass enabled (complex layout + ads + 19 sections).
  -> Actual CSV columns: Name,Address,Location,Category,Additional Info
  -> WARNING: 2 rows (2%) missing both Address and Location on page_183.jpg
  -> Section state carries address: VENEZIA - Via XXII Marzo, 2288
Done.
Processing: page_184.jpg
  -> Layout type: COMPLEX_LAYOUT
  -> Ad type: PARTIAL_AD
  -> Page type inferred: 
  -> Inferred schema: Name,Address,Location,Category,Additional Info
  -> Final schema: Name, Address, Location, Category, Additional Info
  -> Multi-section page detected: ['Camicerie da uomo | Category: Camicerie da uomo', 'Canapa e Lino | Category: Canapa e Lino', 'Candele | Category: Candele', 'Cantieri Navali | Category: Cantieri Navali', 'Agenzie di trasporto | Category: Agenzie di trasporto', 'Lido | Location: Lido', 'Mestre | Location: Mestre', 'Marghera | Location: Marghera', 'Murano | Location: Murano', 'Burano | Location: Burano', 'Carpenedo | Location: Carpenedo', 'Favaro Veneto | Location: Favaro Veneto', 'Treporti | Location: Treporti', 'Chirignago | Location: Chirignago', 'Malamocco Alberoni | Location: Malamocco Alberoni']
  -> Image re-pass enabled (complex layout + ads + 15 sections).
  -> Actual CSV columns: Name,Address,Location,Category,Additional Info
  -> WARNING: 5 rows (8%) missing both Address and Location on page_184.jpg
  -> Section state carries address: Via XXII Marzo, 2288
Done.
Processing: page_185.jpg
  -> Layout type: COMPLEX_LAYOUT
  -> Ad type: PARTIAL_AD
  -> Page type inferred: 
  -> Inferred schema: Name,Address,Location,Category,Additional Info
  -> Final schema: Name, Address, Location, Category, Additional Info
  -> Multi-section page detected: ['Camicerie da uomo | Category: Camicerie da uomo', 'Canapa e Lino | Category: Canapa e Lino', 'Candele | Category: Candele', 'Cantieri Navali | Category: Cantieri Navali', 'Agenzie di trasporto | Category: Agenzie di trasporto', 'Cinema | Category: Cinema', 'Cinematografia | Category: Cinematografia', 'Cinghie di Cuoio | Category: Cinghie di Cuoio', 'Cinture di salvataggio | Category: Cinture di salvataggio', 'Coloniali | Category: Coloniali', 'Lido | Location: Lido', 'Mestre | Location: Mestre', 'Marghera | Location: Marghera', 'Murano | Location: Murano']
  -> Image re-pass enabled (complex layout + ads + 14 sections).
  -> Actual CSV columns: Name,Address,Location,Category,Additional Info
  -> WARNING: 12 rows (21%) missing both Address and Location on page_185.jpg
  -> Section state carries address: Via XIII Artie n. 2288
Done.
Processing: page_186.jpg
  -> Layout type: COMPLEX_LAYOUT
  -> Ad type: PARTIAL_AD
  -> Page type inferred: 
  -> Inferred schema: Name,Address,Location,Category,Additional Info
  -> Final schema: Name, Address, Location, Category, Additional Info
  -> Multi-section page detected: ["Colori per l'Edilizia | Category: Colori per l'Edilizia", 'Colori per Industrie varie | Category: Colori per Industrie varie', 'Colori in polvere | Category: Colori in polvere', 'Colori e Vernici | Category: Colori e Vernici', 'Mestre | Location: Mestre']
  -> Image re-pass enabled (complex layout + ads + 5 sections).
  -> Actual CSV columns: Name,Address,Location,Category,Additional Info
  -> WARNING: 4 rows (13%) missing both Address and Location on page_186.jpg
  -> Section state carries address: Cannaregio 5515
Done.
Processing: page_187.jpg
  -> Layout type: COMPLEX_LAYOUT
  -> Ad type: PARTIAL_AD
  -> Page type inferred: 
  -> Inferred schema: Name,Address,Location,Category,Additional Info
  -> Final schema: Name, Address, Location, Category, Additional Info
  -> Multi-section page detected: ['Camicerie da uomo | Category: Camicerie da uomo', 'Canapa e Lino | Category: Canapa e Lino', 'Candele | Category: Candele', 'Cantieri Navali | Category: Cantieri Navali', 'Agenzie di trasporto | Category: Agenzie di trasporto', 'Lido | Location: Lido', 'Mestre | Location: Mestre', 'Marghera | Location: Marghera', 'Murano | Location: Murano', 'COLORI - VERNICI - SMALTI | Category: COLORI - VERNICI - SMALTI', 'Coltellinai e Arrotini | Category: Coltellinai e Arrotini', '(fabbriche) | Category: (fabbriche)', 'Combustibili liquidi | Category: Combustibili liquidi', 'ed affini | Category: ed affini', 'Combustibili solidi | Category: Combustibili solidi', 'e liquidi | Category: e liquidi', 'Coltellerie | Category: Coltellerie']
  -> Image re-pass enabled (complex layout + ads + 17 sections).
  -> Actual CSV columns: Name,Address,Location,Category,Additional Info
  -> WARNING: 8 rows (15%) missing both Address and Location on page_187.jpg
  -> Section state carries address: Cannaregio 5110
Done.
Processing: page_188.jpg
  -> Layout type: COMPLEX_LAYOUT
  -> Ad type: PARTIAL_AD
  -> Page type inferred: 
  -> Inferred schema: Name,Address,Location,Category,Additional Info
  -> Final schema: Name, Address, Location, Category, Additional Info
  -> Multi-section page detected: ['Combustibili Fossili e Vegetali | Category: Combustibili Fossili e Vegetali', 'Commerci automobilistici | Category: Commerci automobilistici', 'Compensati | Category: Compensati', 'Compra - vendita Immobili | Category: Compra - vendita Immobili', 'Mestre | Location: Mestre', 'Marghera | Location: Marghera', 'Cannaregio | Location: Cannaregio', 'Murano | Location: Murano']
  -> Image re-pass enabled (complex layout + ads + 8 sections).
  -> Actual CSV columns: Name,Address,Location,Category,Additional Info
  -> WARNING: 4 rows (9%) missing both Address and Location on page_188.jpg
  -> Section state carries address: VIA G. GOZZI (ai piedi del cavalcavia per Venezia)
Done.
Processing: page_189.jpg
  -> Layout type: COMPLEX_LAYOUT
  -> Ad type: PARTIAL_AD
  -> Page type inferred: 
  -> Inferred schema: Name,Address,Location,Category,Additional Info
  -> Final schema: Name, Address, Location, Category, Additional Info
  -> Multi-section page detected: ['Camicerie da uomo | Category: Camicerie da uomo', 'Canapa e Lino | Category: Canapa e Lino', 'Candele | Category: Candele', 'Cantieri Navali | Category: Cantieri Navali', 'Agenzie di trasporto | Category: Agenzie di trasporto', 'Lido | Location: Lido', 'Mestre | Location: Mestre', 'Marghera | Location: Marghera', 'Murano | Location: Murano', 'Compressori, Trapani, Smerigliatrici, Martelli pneumatici | Category: Compressori, Trapani, Smerigliatrici, Martelli pneumatici', 'Concerti | Category: Concerti', 'Conchiglie | Category: Conchiglie', 'Concimi azotati | Category: Concimi azotati', 'Concimi chimici | Category: Concimi chimici', 'Condutture Elettriche | Category: Condutture Elettriche', 'Confezioni per Bambini | Category: Confezioni per Bambini', 'Confezioni per Signora | Category: Confezioni per Signora']
  -> Image re-pass enabled (complex layout + ads + 17 sections).
  -> Actual CSV columns: Name,Address,Location,Category,Additional Info
  -> WARNING: 13 rows (30%) missing both Address and Location on page_189.jpg
  -> Section state carries address: S. Zuruli 724 Mercerie dell'Orologio 219, Lido, Viale S. Maria Elisabetta 40
Done.
Processing: page_190.jpg
  -> Layout type: COMPLEX_LAYOUT
  -> Ad type: PARTIAL_AD
  -> Page type inferred: 
  -> Inferred schema: Name,Address,Location,Category,Additional Info
  -> Final schema: Name, Address, Location, Category, Additional Info
  -> Multi-section page detected: ['Confezioni per Uomo | Category: Confezioni per Uomo', 'Confezioni varie | Category: Confezioni varie', 'Mestre | Location: Mestre']
  -> Image re-pass enabled (complex layout + ads + 3 sections).
  -> Actual CSV columns: Name,Address,Location,Category,Additional Info
  -> WARNING: 4 rows (14%) missing both Address and Location on page_190.jpg
  -> Section state carries address: S. Marco 4944
Done.
Processing: page_191.jpg
  -> Layout type: COMPLEX_LAYOUT
  -> Ad type: PARTIAL_AD
  -> Page type inferred: 
  -> Inferred schema: Name,Address,Location,Category,Additional Info
  -> Final schema: Name, Address, Location, Category, Additional Info
  -> Multi-section page detected: ['Camicerie da uomo | Category: Camicerie da uomo', 'Canapa e Lino | Category: Canapa e Lino', 'Candele | Category: Candele', 'Cantieri Navali | Category: Cantieri Navali', 'Agenzie di trasporto | Category: Agenzie di trasporto', 'Conserve, Marmellate ed affini | Category: Conserve, Marmellate ed affini', 'Conterie e Perle | Category: Conterie e Perle', 'Copertoni | Category: Copertoni', 'Copisterie | Category: Copisterie', 'Cordami e Spaghi | Category: Cordami e Spaghi', 'Cornici | Category: Cornici', 'Marghera | Location: Marghera', 'Murano | Location: Murano', 'Mestre | Location: Mestre']
  -> Image re-pass enabled (complex layout + ads + 14 sections).
  -> Actual CSV columns: Name,Address,Location,Category,Additional Info
  -> WARNING: 11 rows (22%) missing both Address and Location on page_191.jpg
  -> Section state carries address: Cannaregio 1413
Done.
Processing: page_192.jpg
  -> Layout type: COMPLEX_LAYOUT
  -> Ad type: PARTIAL_AD
  -> Page type inferred: 
  -> Inferred schema: Name,Address,Location,Category,Additional Info
  -> Final schema: Name, Address, Location, Category, Additional Info
  -> Multi-section page detected: ['Corredi sposa | Category: Corredi sposa', 'Costruttori edili | Category: Costruttori edili', 'Marghera | Location: Marghera', 'Costruttori di pavimenti | Category: Costruttori di pavimenti', 'Costruzioni Elettriche | Category: Costruzioni Elettriche', 'Costruzioni Elettromeccaniche | Category: Costruzioni Elettromeccaniche', 'Costruzioni in Legno | Category: Costruzioni in Legno', 'Costruzioni Idrauliche | Category: Costruzioni Idrauliche', 'Costruzioni Meccaniche | Category: Costruzioni Meccaniche']
  -> Image re-pass enabled (complex layout + ads + 9 sections).
  -> Actual CSV columns: Name,Address,Location,Category,Additional Info
  -> WARNING: 8 rows (29%) missing both Address and Location on page_192.jpg
  -> Section state carries address: Via XXI Marzo n. 2388
Done.
Processing: page_193.jpg
  -> Layout type: COMPLEX_LAYOUT
  -> Ad type: PARTIAL_AD
  -> Page type inferred: 
  -> Inferred schema: Name,Address,Location,Category,Additional Info
  -> Final schema: Name, Address, Location, Category, Additional Info
  -> Multi-section page detected: ['Cantieri Navali | Category: Cantieri Navali', 'Marghera | Location: Marghera', 'Costruzione e gestione alberghi | Category: Costruzione e gestione alberghi', 'Costruzione meccaniche | Category: Costruzione meccaniche', 'Costruzioni e riparazioni navali | Category: Costruzioni e riparazioni navali', 'Costruzione opere portuali | Category: Costruzione opere portuali', 'Costruzioni stradali e ferroviarie | Category: Costruzioni stradali e ferroviarie', 'Cotoni e cascami | Category: Cotoni e cascami', 'Cotonifici | Category: Cotonifici', 'Crine vegetali | Category: Crine vegetali']
  -> Image re-pass enabled (complex layout + ads + 10 sections).
  -> Actual CSV columns: Name,Address,Location,Category,Additional Info
  -> WARNING: 9 rows (31%) missing both Address and Location on page_193.jpg
  -> Section state carries address: S. Polo, 1479
Done.
Processing: page_194.jpg
  -> Layout type: COMPLEX_LAYOUT
  -> Ad type: PARTIAL_AD
  -> Page type inferred: 
  -> Inferred schema: Name,Address,Location,Category,Additional Info
  -> Final schema: Name, Address, Location, Category, Additional Info
  -> Multi-section page detected: ['Cristallerie | Category: Cristallerie', 'Cristalli | Category: Cristalli', 'Cromature | Category: Cromature', 'Crusche | Category: Crusche', 'Cucine economiche | Category: Cucine economiche', 'Mestre | Location: Mestre', 'Cucine Elettriche | Category: Cucine Elettriche', 'Lido | Location: Lido', 'Cuoi artistici | Category: Cuoi artistici', 'Cuscini da viaggio | Category: Cuscini da viaggio', 'Damaschi e Broccati | Category: Damaschi e Broccati', 'Decoloranti | Category: Decoloranti', 'Porto Marghera | Location: Porto Marghera', 'Decoratori e pittori | Category: Decoratori e pittori']
  -> Image re-pass enabled (complex layout + ads + 14 sections).
  -> Actual CSV columns: Name,Address,Location,Category,Additional Info
  -> WARNING: 11 rows (15%) missing both Address and Location on page_194.jpg
  -> Section state carries address: VIA XXII Marzo, 2288
Done.
Processing: page_195.jpg
  -> Layout type: COMPLEX_LAYOUT
  -> Ad type: PARTIAL_AD
  -> Page type inferred: 
  -> Inferred schema: Name,Address,Location,Category,Additional Info
  -> Final schema: Name, Address, Location, Category, Additional Info
  -> Multi-section page detected: ['Demolizione Navi | Category: Demolizione Navi', 'Denti artificiali | Category: Denti artificiali', 'Detective | Category: Detective', 'Detersivi, saponi, affini | Category: Detersivi, saponi, affini', '(fabbriche) | Category: (fabbriche)', '(eomerscio) | Category: (eomerscio)', '(vendita) | Category: (vendita)', 'Disinfestazioni | Category: Disinfestazioni', 'Disinfezioni | Category: Disinfezioni', 'Distribuzione biglietti | Category: Distribuzione biglietti', 'd’ingresso ferroviari | Category: d’ingresso ferroviari', 'DISINFESTAZIONI UNIVERSALI | Category: DISINFESTAZIONI UNIVERSALI', 'MESTRE | Location: MESTRE']
  -> Image re-pass enabled (complex layout + ads + 13 sections).
  -> Actual CSV columns: Name,Address,Location,Category,Additional Info
  -> WARNING: 12 rows (18%) missing both Address and Location on page_195.jpg
  -> Section state carries address: Venezia - S. Marco, 2462
Done.
Processing: page_196.jpg
  -> Layout type: COMPLEX_LAYOUT
  -> Ad type: PARTIAL_AD
  -> Page type inferred: 
  -> Inferred schema: Name,Address,Location,Category,Additional Info
  -> Final schema: Name, Address, Location, Category, Additional Info
  -> Multi-section page detected: ['Distribuzione | Category: Distribuzione', 'Giornali Riviste | Category: Giornali Riviste', 'Divise | Category: Divise', 'Dolciumi | Category: Dolciumi', 'Doratura | Category: Doratura', 'Droghe | Category: Droghe', 'Drogherie | Category: Drogherie', 'Duplicatori | Category: Duplicatori', 'Ebanisti | Category: Ebanisti', 'Elettricità | Category: Elettricità', 'Marghera | Location: Marghera', 'Mestre | Location: Mestre', 'Lido | Location: Lido']
  -> Image re-pass enabled (complex layout + ads + 13 sections).
  -> Actual CSV columns: Name,Address,Location,Category,Additional Info
  -> WARNING: 10 rows (13%) missing both Address and Location on page_196.jpg
  -> Section state carries address: S, Croce 60., Azienda « Cellina » Distribuzione di energia elettrica nella provincia di Venezia, Direzione S. Luca 4423A Telefono 26-064., Azienda idroelettrica, Impianti di produzione e trasporto energia elettrica. Direzione S. Luca 4423-A, Telefono 26-064.
Done.
Processing: page_197.jpg
  -> Layout type: COMPLEX_LAYOUT
  -> Ad type: The analyzed page contains directory content with several ads interspersed throughout. Elements of different formatting, such as decorative blocks promoting specific businesses, and various visually separated content, such as specific businesses' names and addresses highlighted, indicate advertisement-like features. Therefore, the page should be labeled as PARTIAL_AD.
  -> Page type inferred: 
  -> Inferred schema: Name,Address,Location,Category,Additional Info
  -> Final schema: Name, Address, Location, Category, Additional Info
  -> Multi-section page detected: ['Elettricità | Category: Elettricità', 'Lido | Location: Lido', 'Murano | Location: Murano', 'Mestre | Location: Mestre']
  -> Actual CSV columns: Name,Address,Location,Category,Additional Info
  -> WARNING: 1 rows (2%) missing both Address and Location on page_197.jpg
  -> Section state carries address: VIA MESTRINA. 25
Done.
Processing: page_198.jpg
  -> Layout type: COMPLEX_LAYOUT
  -> Ad type: PARTIAL_AD
  -> Page type inferred: 
  -> Inferred schema: Name,Address,Location,Category,Additional Info
  -> Final schema: Name, Address, Location, Category, Additional Info
  -> Multi-section page detected: ['Elettricità - Idraulica | Category: Elettricità - Idraulica', 'Vetrerie | Category: Vetrerie', 'Lido | Location: Lido', 'Murano | Location: Murano', 'Marghera | Location: Marghera']
  -> Image re-pass enabled (complex layout + ads + 5 sections).
  -> Actual CSV columns: Name,Address,Location,Category,Additional Info
  -> WARNING: 2 rows (6%) missing both Address and Location on page_198.jpg
  -> Section state carries address: San Luca, 4152 a
Done.
Processing: page_199.jpg
  -> Layout type: COMPLEX_LAYOUT
  -> Ad type: PARTIAL_AD
  -> Page type inferred: 
  -> Inferred schema: Name,Address,Location,Category,Additional Info
  -> Final schema: Name, Address, Location, Category, Additional Info
  -> Multi-section page detected: ['Elettricisti e Idraulici | Category: Elettricisti e Idraulici', 'Lido | Location: Lido', 'Mestre | Location: Mestre', 'Elettrochimica | Category: Elettrochimica', 'Elettrodi | Category: Elettrodi', 'Marghera | Location: Marghera', 'Elettrodomestica | Category: Elettrodomestica']
  -> Image re-pass enabled (complex layout + ads + 7 sections).
  -> Actual CSV columns: Name,Address,Location,Category,Additional Info
  -> WARNING: 4 rows (6%) missing both Address and Location on page_199.jpg
  -> Section state carries address: Campo N. Sauro, 1090. A
Done.
Processing: page_200.jpg
  -> Layout type: COMPLEX_LAYOUT
  -> Ad type: NO_AD (pure structured directory content)
  -> Page type inferred: 
  -> Inferred schema: Name,Address,Location,Category,Additional Info
  -> Final schema: Name, Address, Location, Category, Additional Info
  -> Multi-section page detected: ['Elettrogalvanica | Category: Elettrogalvanica', 'Elettromeccanica | Category: Elettromeccanica', 'Elettrotecnica | Category: Elettrotecnica', 'Eliocianografia | Category: Eliocianografia', 'Eraclit | Category: Eraclit', 'Erbe medicinali | Category: Erbe medicinali', 'Esercizio caffè, ristoronte ed affini | Category: Esercizio caffè, ristoronte ed affini', 'Esportazioni | Category: Esportazioni', 'Espurgo pozzi neri | Category: Espurgo pozzi neri', 'Essenze spiritose | Category: Essenze spiritose', 'Essiccatoi | Category: Essiccatoi', 'Essiccazione frutte ed erbaggi | Category: Essiccazione frutte ed erbaggi', 'Estintori da incendio | Category: Estintori da incendio', 'Marghera | Location: Marghera', 'Mestre | Location: Mestre']
  -> Actual CSV columns: Name,Address,Location,Category,Additional Info
  -> WARNING: 1 rows (3%) missing both Address and Location on page_200.jpg
  -> Section state carries address: San Marco 4102
Done.
Processing: page_201.jpg
  -> Layout type: COMPLEX_LAYOUT
  -> Ad type: PARTIAL_AD
  -> Page type inferred: 
  -> Inferred schema: Name,Address,Location,Category,Additional Info
  -> Final schema: Name, Address, Location, Category, Additional Info
  -> Multi-section page detected: ['COPERTURE - RIVESTIMENTI - TUBAZIONI | Category: COPERTURE - RIVESTIMENTI - TUBAZIONI', 'MARGHERA | Location: MARGHERA', 'Febbri ferrai e meccecini | Category: Febbri ferrai e meccecini', 'MURANO | Location: MURANO', 'Mestre | Location: Mestre', 'Fabbriche Ammirleri | Category: Fabbriche Ammirleri', 'Facchini pubblici | Category: Facchini pubblici', 'Fasite | Category: Fasite', 'Falegnamerie | Category: Falegnamerie']
  -> Image re-pass enabled (complex layout + ads + 9 sections).
  -> Actual CSV columns: Name,Address,Location,Category,Additional Info
  -> WARNING: 6 rows (8%) missing both Address and Location on page_201.jpg
  -> Section state carries address: S. Stefano 2776
Done.
Processing: page_202.jpg
  -> Layout type: COMPLEX_LAYOUT
  -> Ad type: PARTIAL_AD
  -> Page type inferred: 
  -> Inferred schema: Name,Address,Location,Category,Additional Info
  -> Final schema: Name, Address, Location, Category, Additional Info
  -> Multi-section page detected: ['Camicerie da uomo | Category: Camicerie da uomo', 'Canapa e Lino | Category: Canapa e Lino', 'Candele | Category: Candele', 'Cantieri Navali | Category: Cantieri Navali', 'Agenzie di trasporto | Category: Agenzie di trasporto', 'Lido | Location: Lido', 'Mestre | Location: Mestre', 'Marghera | Location: Marghera', 'Murano | Location: Murano', 'Falegnami | Category: Falegnami', 'Burano Treporti | Location: Burano Treporti', 'Pellestrina | Location: Pellestrina', 'Favaro Veneto | Location: Favaro Veneto', 'Zelarino | Location: Zelarino', 'D Duro | Location: D Duro']
  -> Image re-pass enabled (complex layout + ads + 15 sections).
  -> Actual CSV columns: Name,Address,Location,Category,Additional Info
  -> WARNING: 1 rows (2%) missing both Address and Location on page_202.jpg
  -> Section state carries address: Via XXII Marzo, 2288
Done.
Processing: page_203.jpg
  -> Layout type: SIMPLE_LAYOUT
  -> Ad type: NO_AD
  -> Page type inferred: 
  -> Inferred schema: Name,Address,Location,Category,Additional Info
  -> Final schema: Name, Address, Location, Category, Additional Info
  -> Multi-section page detected: ['Camicerie da uomo | Category: Camicerie da uomo', 'Canapa e Lino | Category: Canapa e Lino', 'Candele | Category: Candele', 'Cantieri Navali | Category: Cantieri Navali', 'Agenzie di trasporto | Category: Agenzie di trasporto', 'Lido | Location: Lido', 'Mestre | Location: Mestre', 'Marghera | Location: Marghera', 'Murano | Location: Murano']
  -> Actual CSV columns: Name,Address,Location,Category,Additional Info
  -> WARNING: 6 rows (5%) missing both Address and Location on page_203.jpg
  -> Section state carries address: VENEZIA - Via XXII Marzo, 2288
Done.
Processing: page_204.jpg
  -> Layout type: COMPLEX_LAYOUT
  -> Ad type: PARTIAL_AD
  -> Page type inferred: 
  -> Inferred schema: Name,Address,Location,Category,Additional Info
  -> Final schema: Name, Address, Location, Category, Additional Info
  -> Multi-section page detected: ['Farmacie | Category: Farmacie', 'Feltri per cantiere | Category: Feltri per cantiere', 'Ferramenta e colori | Category: Ferramenta e colori', 'Lido | Location: Lido', 'Murano | Location: Murano', 'Mestre | Location: Mestre', 'Marghera | Location: Marghera', 'Burano | Location: Burano', 'Pellestrina | Location: Pellestrina']
  -> Image re-pass enabled (complex layout + ads + 9 sections).
  -> Actual CSV columns: Name,Address,Location,Category,Additional Info
  -> WARNING: 5 rows (6%) missing both Address and Location on page_204.jpg
  -> Section state carries address: Murano, fdm Venier 1
Done.
Processing: page_205.jpg
  -> Layout type: COMPLEX_LAYOUT
  -> Ad type: PARTIAL_AD
  -> Page type inferred: 
  -> Inferred schema: Name,Address,Location,Category,Additional Info
  -> Final schema: Name, Address, Location, Category, Additional Info
  -> Multi-section page detected: ['Ferramenta e metalli | Category: Ferramenta e metalli', 'Ferro battuto | Category: Ferro battuto', 'Ferro e derivati | Category: Ferro e derivati', 'Ferro e metalli da fondere | Category: Ferro e metalli da fondere', 'Ferri e metalli usati | Category: Ferri e metalli usati', 'Fertilizzanti e anticrittogamici | Category: Fertilizzanti e anticrittogamici', 'Fiale ipodermiche | Category: Fiale ipodermiche', 'Fiammiferi | Category: Fiammiferi', 'Fibre autarchiche | Category: Fibre autarchiche', 'Fibre tessili | Category: Fibre tessili', 'Fibre vegetali ed affini | Category: Fibre vegetali ed affini', 'Filande | Category: Filande', 'Filatelico | Category: Filatelico', 'Marghera | Location: Marghera', 'Mestre | Location: Mestre', 'Murano | Location: Murano']
  -> Image re-pass enabled (complex layout + ads + 16 sections).
  -> Actual CSV columns: Name,Address,Location,Category,Additional Info
  -> WARNING: 14 rows (20%) missing both Address and Location on page_205.jpg
  -> Section state carries address: Cannaregio 102
Done.
Processing: page_206.jpg
  -> Layout type: COMPLEX_LAYOUT
  -> Ad type: PARTIAL_AD
  -> Page type inferred: 
  -> Inferred schema: Name,Address,Location,Category,Additional Info
  -> Final schema: Name, Address, Location, Category, Additional Info
  -> Multi-section page detected: ['Filati all’ingrosso | Category: Filati all’ingrosso', 'Fiori, piante e sementi | Category: Fiori, piante e sementi', 'Lido | Location: Lido', 'Mestre | Location: Mestre', 'Fiori artificiali | Category: Fiori artificiali', 'Fiori in vetro | Category: Fiori in vetro', 'Murano | Location: Murano', 'Fiscòli e dischi per la spremitura delle olive | Category: Fiscòli e dischi per la spremitura delle olive', 'Giudecca | Location: Giudecca', 'Fondente di feldspatì per vetrerie | Category: Fondente di feldspatì per vetrerie', 'Fonderie Meccaniche | Category: Fonderie Meccaniche', 'Marghera | Location: Marghera']
  -> Image re-pass enabled (complex layout + ads + 12 sections).
  -> Actual CSV columns: Name,Address,Location,Category,Additional Info
  -> WARNING: 7 rows (10%) missing both Address and Location on page_206.jpg
  -> Section state carries address: Dorsoduro 1478
Done.
Processing: page_207.jpg
  -> Layout type: COMPLEX_LAYOUT
  -> Ad type: PARTIAL_AD
  -> Page type inferred: 
  -> Inferred schema: Name,Address,Location,Category,Additional Info
  -> Final schema: Name, Address, Location, Category, Additional Info
  -> Multi-section page detected: ['Camicerie da uomo | Category: Camicerie da uomo', 'Canapa e Lino | Category: Canapa e Lino', 'Candele | Category: Candele', 'Cantieri Navali | Category: Cantieri Navali', 'Lido | Location: Lido', 'Mestre | Location: Mestre', 'Marghera | Location: Marghera', 'Murano | Location: Murano', 'Foraggi | Category: Foraggi', 'Fornaci da calce e laterizi | Category: Fornaci da calce e laterizi', 'Forni e Fornelli Elettrici | Category: Forni e Fornelli Elettrici']
  -> Image re-pass enabled (complex layout + ads + 11 sections).
  -> Actual CSV columns: Name,Address,Location,Category,Additional Info
  -> WARNING: 4 rows (15%) missing both Address and Location on page_207.jpg
  -> Section state carries address: S. Marco 5042
Done.
Processing: page_208.jpg
  -> Layout type: COMPLEX_LAYOUT
  -> Ad type: PARTIAL_AD
  -> Page type inferred: 
  -> Inferred schema: Name,Address,Location,Category,Additional Info
  -> Final schema: Name, Address, Location, Category, Additional Info
  -> Multi-section page detected: ['Forniture Alberghiere | Category: Forniture Alberghiere', 'Forniture enti vari | Category: Forniture enti vari', 'Forniture idrauliche e sanitarie | Category: Forniture idrauliche e sanitarie', 'Forniture per imbarcazioni | Category: Forniture per imbarcazioni', 'Forniture imprese edili | Category: Forniture imprese edili', 'Forniture marittime | Category: Forniture marittime', 'Forniture meccaniche | Category: Forniture meccaniche', 'Forniture navali e industriali | Category: Forniture navali e industriali', 'Forniture varie | Category: Forniture varie', 'Fotografie artistiche (riproduzioni d’arte) | Category: Fotografie artistiche (riproduzioni d’arte)', 'Fotografie (Gabinetti di posa) | Category: Fotografie (Gabinetti di posa)', 'Lido | Location: Lido', 'Mestre | Location: Mestre']
  -> Image re-pass enabled (complex layout + ads + 13 sections).
  -> Actual CSV columns: Name,Address,Location,Category,Additional Info
  -> WARNING: 12 rows (35%) missing both Address and Location on page_208.jpg
  -> Section state carries address: Via Bragadin 12.B
Done.
Processing: page_209.jpg
  -> Layout type: COMPLEX_LAYOUT
  -> Ad type: PARTIAL_AD
  -> Page type inferred: 
  -> Inferred schema: Name,Address,Location,Category,Additional Info
  -> Final schema: Name, Address, Location, Category, Additional Info
  -> Multi-section page detected: ['FOTOGRAFIA | Category: FOTOGRAFIA', 'Fotografie | Category: Fotografie', 'MESTRE | Location: MESTRE', 'Lido | Location: Lido']
  -> Image re-pass enabled (complex layout + ads + 4 sections).
  -> Actual CSV columns: Name,Address,Location,Category,Additional Info
  -> WARNING: 2 rows (4%) missing both Address and Location on page_209.jpg
  -> Section state carries address: Calle Stagneri 5238
Done.
Processing: page_210.jpg
  -> Layout type: COMPLEX_LAYOUT
  -> Ad type: PARTIAL_AD
  -> Page type inferred: 
  -> Inferred schema: Name,Address,Location,Category,Additional Info
  -> Final schema: Name, Address, Location, Category, Additional Info
  -> Multi-section page detected: ['FOTO | Category: FOTO', 'FOTOMATERIALE | Category: FOTOMATERIALE', 'Francobolli | Category: Francobolli', 'Friggitorie e commestibili cotti | Category: Friggitorie e commestibili cotti', 'Frigoriferi | Category: Frigoriferi', 'Mestre | Location: Mestre', 'Murano | Location: Murano', 'Lido | Location: Lido']
  -> Image re-pass enabled (complex layout + ads + 8 sections).
  -> Actual CSV columns: Name,Address,Location,Category,Additional Info
  -> WARNING: 5 rows (12%) missing both Address and Location on page_210.jpg
  -> Section state carries address: Calle Stagneri 5238
Done.
Processing: page_211.jpg
  -> Layout type: COMPLEX_LAYOUT
  -> Ad type: The page includes directory content with entries for various types of businesses and services. However, there is an advertisement-like section at the bottom promoting "Macchine per scrivere • Calcolatrici • Duplicatori" with separate formatting, potentially indicating a business promotion or an advertisement. This qualifies the page as having mixed content.


Therefore, the label for this page is:


PARTIAL_AD
  -> Page type inferred: 
  -> Inferred schema: Name,Address,Location,Category,Additional Info
  -> Final schema: Name, Address, Location, Category, Additional Info
  -> Multi-section page detected: ['Frumento | Category: Frumento', 'Frutta | Category: Frutta', 'Frutta secca | Category: Frutta secca', 'Frutta e verdura | Category: Frutta e verdura', 'GROSSISTI | Category: GROSSISTI', 'Lido | Location: Lido', 'Mestre | Location: Mestre', 'Rialto | Location: Rialto', 'Frutta e verdura conservate | Category: Frutta e verdura conservate', 'Fumisti | Category: Fumisti']
  -> Actual CSV columns: Name,Address,Location,Category,Additional Info
  -> WARNING: 6 rows (7%) missing both Address and Location on page_211.jpg
  -> Section state carries address: S. Lioxa, Calle del Teatro Goldoni 4686
Done.
Processing: page_212.jpg
  -> Layout type: COMPLEX_LAYOUT
  -> Ad type: PARTIAL_AD
  -> Page type inferred: 
  -> Inferred schema: Name,Address,Location,Category,Additional Info
  -> Final schema: Name, Address, Location, Category, Additional Info
  -> Multi-section page detected: ["Gallerie d'arte | Category: Gallerie d'arte", 'Garace | Category: Garace', 'Gas | Category: Gas', 'Gas compressi | Category: Gas compressi', 'Gassogeni | Category: Gassogeni', 'Gas tossici | Category: Gas tossici', 'Gelaterie | Category: Gelaterie', 'Generatori Acetilene | Category: Generatori Acetilene', 'Ghiacciaie | Category: Ghiacciaie', 'Lido | Location: Lido', 'Murano | Location: Murano', 'Mestre | Location: Mestre', 'Marghera | Location: Marghera']
  -> Image re-pass enabled (complex layout + ads + 13 sections).
  -> Actual CSV columns: Name,Address,Location,Category,Additional Info
  -> WARNING: 11 rows (24%) missing both Address and Location on page_212.jpg
  -> Section state carries address: San Giobbe 465, S. Giobbe 465
Done.
Processing: page_213.jpg
  -> Layout type: COMPLEX_LAYOUT
  -> Ad type: PARTIAL_AD
  -> Page type inferred: 
  -> Inferred schema: Name,Address,Location,Category,Additional Info
  -> Final schema: Name, Address, Location, Category, Additional Info
  -> Actual CSV columns: Name, Address, Location, Category, Additional Info
  -> WARNING: 1 rows (1%) missing both Address and Location on page_213.jpg
  -> Section state carries address: S. M. S. Marco 5238
Done.
Processing: page_214.jpg
  -> Layout type: COMPLEX_LAYOUT
  -> Ad type: PARTIAL_AD
  -> Page type inferred: 
  -> Inferred schema: Name,Address,Location,Category,Additional Info
  -> Final schema: Name, Address, Location, Category, Additional Info
  -> Multi-section page detected: ['Giornali | Category: Giornali', 'Mestre | Location: Mestre', 'Lido | Location: Lido', 'Marghera | Location: Marghera', 'Gomme | Category: Gomme', 'Gemma per veicoli | Category: Gemma per veicoli', 'Grammofoni e dischi | Category: Grammofoni e dischi', 'Granaglie | Category: Granaglie', 'Gres | Category: Gres', 'Gruppi elettrogeni | Category: Gruppi elettrogeni', 'Gusni | Category: Gusni', 'Hotels | Category: Hotels', 'Idraulica e Sanitaria | Category: Idraulica e Sanitaria']
  -> Image re-pass enabled (complex layout + ads + 13 sections).
  -> Actual CSV columns: Name,Address,Location,Category,Additional Info
  -> WARNING: 10 rows (12%) missing both Address and Location on page_214.jpg
  -> Section state carries address: S. Maria Formosa; Ponte Tetta, -3378a
Done.
Processing: page_215.jpg
  -> Layout type: COMPLEX_LAYOUT
  -> Ad type: PARTIAL_AD
  -> Page type inferred: 
  -> Inferred schema: Name,Address,Location,Category,Additional Info
  -> Final schema: Name, Address, Location, Category, Additional Info
  -> Multi-section page detected: ['Camicerie da uomo | Category: Camicerie da uomo', 'Canapa e Lino | Category: Canapa e Lino', 'Candele | Category: Candele', 'Cantieri Navali | Category: Cantieri Navali', 'Agenzie di trasporto | Category: Agenzie di trasporto', 'Lido | Location: Lido', 'Mestre | Location: Mestre', 'Marghera | Location: Marghera', 'Murano | Location: Murano', 'Illuminazione | Category: Illuminazione', 'Illuminazione e Neon | Category: Illuminazione e Neon', 'Illuminazione pubblica | Category: Illuminazione pubblica', 'Illuminazione ferovi FF. SS. | Category: Illuminazione ferovi FF. SS.', 'Imballaggi in genere | Category: Imballaggi in genere', 'Imbarcazioni | Category: Imbarcazioni', 'Imberchi e sbarchi | Category: Imberchi e sbarchi', 'Impermeabili | Category: Impermeabili']
  -> Image re-pass enabled (complex layout + ads + 17 sections).
  -> Actual CSV columns: Name,Address,Location,Category,Additional Info
  -> WARNING: 8 rows (23%) missing both Address and Location on page_215.jpg
  -> Section state carries address: Frezziera, 1584
Done.
Processing: page_216.jpg
  -> Layout type: COMPLEX_LAYOUT
  -> Ad type: PARTIAL_AD
  -> Page type inferred: 
  -> Inferred schema: Name,Address,Location,Category,Additional Info
  -> Final schema: Name, Address, Location, Category, Additional Info
  -> Multi-section page detected: ['IMPERMEABILI | Category: IMPERMEABILI', 'Impianti | Category: Impianti', 'Impianti antifurto | Category: Impianti antifurto', 'Impianti condizionamento d’aria | Category: Impianti condizionamento d’aria', 'Impianti elettrici | Category: Impianti elettrici', 'Lido | Location: Lido', 'Mestre | Location: Mestre']
  -> Image re-pass enabled (complex layout + ads + 7 sections).
  -> Actual CSV columns: Name,Address,Location,Category,Additional Info
  -> WARNING: 5 rows (23%) missing both Address and Location on page_216.jpg
  -> Section state carries address: S. Antonin 3579 a
Done.
Processing: page_217.jpg
  -> Layout type: COMPLEX_LAYOUT
  -> Ad type: PARTIAL_AD
  -> Page type inferred: 
  -> Inferred schema: Name,Address,Location,Category,Additional Info
  -> Final schema: Name, Address, Location, Category, Additional Info
  -> Multi-section page detected: ['Camicerie da uomo | Category: Camicerie da uomo', 'Canapa e Lino | Category: Canapa e Lino', 'Candele | Category: Candele', 'Cantieri Navali | Category: Cantieri Navali', 'Agenzie di trasporto | Category: Agenzie di trasporto']
  -> Image re-pass enabled (complex layout + ads + 5 sections).
  -> Actual CSV columns: Name,Address,Location,Category,Additional Info
  -> WARNING: 5 rows (16%) missing both Address and Location on page_217.jpg
  -> Section state carries address: Via XXII Marzo, 2288, Venezia
Done.
Processing: page_218.jpg
  -> Layout type: COMPLEX_LAYOUT
  -> Ad type: PARTIAL_AD
  -> Page type inferred: 
  -> Inferred schema: Name,Address,Location,Category,Additional Info
  -> Final schema: Name, Address, Location, Category, Additional Info
  -> Actual CSV columns: Name,Address,Location,Category,Additional Info
  -> Section state carries address: Via XXII Marzo, 2288, Venezia
Done.
Processing: page_219.jpg
  -> Layout type: COMPLEX_LAYOUT
  -> Ad type: PARTIAL_AD
  -> Page type inferred: 
  -> Inferred schema: Name,Address,Location,Category,Additional Info
  -> Final schema: Name, Address, Location, Category, Additional Info
  -> Multi-section page detected: ['Camicerie da uomo | Category: Camicerie da uomo', 'Canapa e Lino | Category: Canapa e Lino', 'Candele | Category: Candele', 'Cantieri Navali | Category: Cantieri Navali', 'Agenzie di trasporto | Category: Agenzie di trasporto', 'Lido | Location: Lido', 'Mestre | Location: Mestre', 'Marghera | Location: Marghera', 'Murano | Location: Murano']
  -> Image re-pass enabled (complex layout + ads + 9 sections).
  -> Actual CSV columns: Name,Address,Location,Category,Additional Info
  -> WARNING: 6 rows (12%) missing both Address and Location on page_219.jpg
  -> Section state carries address: S. Polo, 1479
Done.
Processing: page_220.jpg
  -> Layout type: COMPLEX_LAYOUT
  -> Ad type: PARTIAL_AD
  -> Page type inferred: 
  -> Inferred schema: Name,Address,Location,Category,Additional Info
  -> Final schema: Name, Address, Location, Category, Additional Info
  -> Multi-section page detected: ['Imprese di Costruzioni | Category: Imprese di Costruzioni', 'Mestre | Location: Mestre', 'Imprese ed appalti vari | Category: Imprese ed appalti vari', 'Lido | Location: Lido', 'Marghera | Location: Marghera']
  -> Image re-pass enabled (complex layout + ads + 5 sections).
  -> Actual CSV columns: Name,Address,Location,Category,Additional Info
  -> WARNING: 2 rows (6%) missing both Address and Location on page_220.jpg
  -> Section state carries address: Via XVIII Marzo n. 2288
Done.
Processing: page_221.jpg
  -> Layout type: COMPLEX_LAYOUT
  -> Ad type: PARTIAL_AD
  -> Page type inferred: 
  -> Inferred schema: Name,Address,Location,Category,Additional Info
  -> Final schema: Name, Address, Location, Category, Additional Info
  -> Actual CSV columns: Name,Address,Location,Category,Additional Info
  -> WARNING: 3 rows (5%) missing both Address and Location on page_221.jpg
  -> Section state carries address: Giudecca 463
Done.
Processing: page_222.jpg
  -> Layout type: COMPLEX_LAYOUT
  -> Ad type: The page contains visually separated text and business promotions, particularly in the form of business descriptions and contact details. There is also advertisement-like content, such as the promotional text for "IMPRESA EDILE" and "SCHIDARI - MOBILI D'UFFICIO - MACCHINE CONTABILI" with distinct formatting, and additional captions referencing telephone numbers and locations. Given the presence of these elements, the page is labeled as PARTIAL_AD.
  -> Page type inferred: 
  -> Inferred schema: Name,Address,Location,Category,Additional Info
  -> Final schema: Name, Address, Location, Category, Additional Info
  -> Multi-section page detected: ['Camicerie da uomo | Category: Camicerie da uomo', 'Canapa e Lino | Category: Canapa e Lino', 'Cantieri Navali | Category: Cantieri Navali', 'Agenzie di trasporto | Category: Agenzie di trasporto', 'Marghera | Location: Marghera', 'Murano | Location: Murano', 'Lido | Location: Lido', 'Mestre | Location: Mestre']
  -> Actual CSV columns: Name,Address,Location,Category,Additional Info
  -> WARNING: 8 rows (13%) missing both Address and Location on page_222.jpg
  -> Section state carries address: Via XXXI Marzo, n. 2288
Done.
Processing: page_223.jpg
  -> Layout type: COMPLEX_LAYOUT
  -> Ad type: PARTIAL_AD
  -> Page type inferred: 
  -> Inferred schema: Name,Address,Location,Category,Additional Info
  -> Final schema: Name, Address, Location, Category, Additional Info
  -> Multi-section page detected: ['Camicerie da uomo | Category: Camicerie da uomo', 'Canapa e Lino | Category: Canapa e Lino', 'Candele | Category: Candele', 'Cantieri Navali | Category: Cantieri Navali', 'Agenzie di trasporto | Category: Agenzie di trasporto', 'Lido | Location: Lido', 'Mestre | Location: Mestre', 'Marghera | Location: Marghera', 'Murano | Location: Murano']
  -> Image re-pass enabled (complex layout + ads + 9 sections).
  -> Actual CSV columns: Name,Address,Location,Category,Additional Info
  -> WARNING: 7 rows (9%) missing both Address and Location on page_223.jpg
  -> Section state carries address: Castello, Campo S. Pietro, 68
Done.
Processing: page_224.jpg
  -> Layout type: COMPLEX_LAYOUT
  -> Ad type: PARTIAL_AD
  -> Page type inferred: 
  -> Inferred schema: Name,Address,Location,Category,Additional Info
  -> Final schema: Name, Address, Location, Category, Additional Info
  -> Multi-section page detected: ['Cantieri Navali | Category: Cantieri Navali', 'Imprese e pompe funebri | Category: Imprese e pompe funebri', 'Imprese portuali maritir. | Category: Imprese portuali maritir.', 'Inchiostri | Category: Inchiostri', 'Incisori, cesellatori sbozzatori | Category: Incisori, cesellatori sbozzatori', 'Mestre | Location: Mestre']
  -> Image re-pass enabled (complex layout + ads + 6 sections).
  -> Actual CSV columns: Name,Address,Location,Category,Additional Info
  -> WARNING: 6 rows (23%) missing both Address and Location on page_224.jpg
  -> Section state carries address: S. Marco 669
Done.
Processing: page_225.jpg
  -> Layout type: COMPLEX_LAYOUT
  -> Ad type: PARTIAL_AD
  -> Page type inferred: 
  -> Inferred schema: Name,Address,Location,Category,Additional Info
  -> Final schema: Name, Address, Location, Category, Additional Info
  -> Multi-section page detected: ['Industria boschive | Category: Industria boschive', 'Industrie chimiche | Category: Industrie chimiche', 'Marghera | Location: Marghera', 'Industrie editoriali | Category: Industrie editoriali', 'Industrie ghiaie | Category: Industrie ghiaie', 'Industrie laterizi | Category: Industrie laterizi', 'Mestre | Location: Mestre', 'Industrie lavorazione e conservazione del legno | Category: Industrie lavorazione e conservazione del legno', 'Burano | Location: Burano', 'Industrie dello spettacolo | Category: Industrie dello spettacolo', 'Informazioni commerciali | Category: Informazioni commerciali', 'Insegne e cartelli reclame | Category: Insegne e cartelli reclame']
  -> Image re-pass enabled (complex layout + ads + 12 sections).
  -> Actual CSV columns: Name,Address,Location,Category,Additional Info
  -> WARNING: 1 rows (2%) missing both Address and Location on page_225.jpg
  -> Section state carries address: Cannaregio 834
Done.
Processing: page_226.jpg
  -> Layout type: COMPLEX_LAYOUT
  -> Ad type: PARTIAL_AD
  -> Page type inferred: 
  -> Inferred schema: Name,Address,Location,Category,Additional Info
  -> Final schema: Name, Address, Location, Category, Additional Info
  -> Multi-section page detected: ['Insetticidi | Category: Insetticidi', 'Insetifsughi | Category: Insetifsughi', 'Installatori | Category: Installatori', 'Installazioni elettriche ed idrauliche e vendite materiale elettrico | Category: Installazioni elettriche ed idrauliche e vendite materiale elettrico', 'Investigazioni | Category: Investigazioni', 'Ippotrasporti | Category: Ippotrasporti', 'Isolanti termici ed acustici | Category: Isolanti termici ed acustici', 'Istituti di Bellezza | Category: Istituti di Bellezza', 'Mestre | Location: Mestre', 'Marghera | Location: Marghera']
  -> Image re-pass enabled (complex layout + ads + 10 sections).
  -> Actual CSV columns: Name,Address,Location,Category,Additional Info
  -> WARNING: 8 rows (29%) missing both Address and Location on page_226.jpg
  -> Section state carries address: Merceria S. Salvador 5024
Done.
Processing: page_227.jpg
  -> Layout type: COMPLEX_LAYOUT
  -> Ad type: PARTIAL_AD
  -> Page type inferred: 
  -> Inferred schema: Name,Address,Location,Category,Additional Info
  -> Final schema: Name, Address, Location, Category, Additional Info
  -> Multi-section page detected: ['Istituti climatici di cura | Category: Istituti climatici di cura', 'Istituti di credito | Category: Istituti di credito', 'Lido | Location: Lido', 'Mestre | Location: Mestre', 'Marghera | Location: Marghera']
  -> Image re-pass enabled (complex layout + ads + 5 sections).
  -> Actual CSV columns: Name,Address,Location,Category,Additional Info
  -> WARNING: 2 rows (17%) missing both Address and Location on page_227.jpg
  -> Section state carries address: Campo S. Gallo 1122
Done.
Processing: page_228.jpg
  -> Layout type: COMPLEX_LAYOUT
  -> Ad type: PARTIAL_AD
  -> Page type inferred: 
  -> Inferred schema: Name,Address,Location,Category,Additional Info
  -> Final schema: Name, Address, Location, Category, Additional Info
  -> Actual CSV columns: Name,Address,Location,Category,Additional Info
  -> Section state carries address: Calle Galuppi
Done.
Processing: page_229.jpg
  -> Layout type: COMPLEX_LAYOUT
  -> Ad type: PARTIAL_AD
  -> Page type inferred: 
  -> Inferred schema: Name,Address,Location,Category,Additional Info
  -> Final schema: Name, Address, Location, Category, Additional Info
  -> Actual CSV columns: Name,Address,Location,Category,Additional Info
  -> WARNING: 29 rows (81%) missing both Address and Location on page_229.jpg
  -> Section state carries address: Calle Stagneri 5238
Done.
Processing: page_230.jpg
  -> Layout type: COMPLEX_LAYOUT
  -> Ad type: PARTIAL_AD
  -> Page type inferred: 
  -> Inferred schema: Name,Address,Location,Category,Additional Info
  -> Final schema: Name, Address, Location, Category, Additional Info
  -> Actual CSV columns: Name,Address,Location,Category,Additional Info
  -> WARNING: 5 rows (17%) missing both Address and Location on page_230.jpg
  -> Section state carries address: San Polo, 1479
Done.
Processing: page_231.jpg
  -> Layout type: COMPLEX_LAYOUT
  -> Ad type: PARTIAL_AD
  -> Page type inferred: 
  -> Inferred schema: Name,Address,Location,Category,Additional Info
  -> Final schema: Name, Address, Location, Category, Additional Info
  -> Multi-section page detected: ["Istituti d'informazioni e di investigazioni | Category: Istituti d'informazioni e di investigazioni", 'Laneric e soterie | Category: Laneric e soterie', 'Lapidi | Category: Lapidi', 'Lamiere | Category: Lamiere', 'Latte (produzione) | Category: Latte (produzione)', 'Latte (grossisti) | Category: Latte (grossisti)', 'Lampadari | Category: Lampadari', 'Mestre | Location: Mestre', 'Latterie | Category: Latterie', 'Lene e crine | Category: Lene e crine']
  -> Image re-pass enabled (complex layout + ads + 10 sections).
  -> Actual CSV columns: Name,Address,Location,Category,Additional Info
  -> WARNING: 7 rows (20%) missing both Address and Location on page_231.jpg
  -> Section state carries address: Salizada S. Luca 4150
Done.
Processing: page_232.jpg
  -> Layout type: COMPLEX_LAYOUT
  -> Ad type: PARTIAL_AD
  -> Page type inferred: 
  -> Inferred schema: Name,Address,Location,Category,Additional Info
  -> Final schema: Name, Address, Location, Category, Additional Info
  -> Multi-section page detected: ['Camicerie da uomo | Category: Camicerie da uomo', 'Canapa e Lino | Category: Canapa e Lino', 'Candele | Category: Candele', 'Cantieri Navali | Category: Cantieri Navali', 'Agenzie di trasporto | Category: Agenzie di trasporto', 'Murano | Location: Murano', 'Mestre | Location: Mestre', 'Marghera | Location: Marghera', 'Lido | Location: Lido']
  -> Image re-pass enabled (complex layout + ads + 9 sections).
  -> Actual CSV columns: Name,Address,Location,Category,Additional Info
  -> WARNING: 3 rows (3%) missing both Address and Location on page_232.jpg
  -> Section state carries address: Dorsoduro 806
Done.
Processing: page_233.jpg
  -> Layout type: COMPLEX_LAYOUT
  -> Ad type: PARTIAL_AD
  -> Page type inferred: 
  -> Inferred schema: Name,Address,Location,Category,Additional Info
  -> Final schema: Name, Address, Location, Category, Additional Info
  -> Multi-section page detected: ['Camicerie da uomo | Category: Camicerie da uomo', 'Canapa e Lino | Category: Canapa e Lino', 'Candele | Category: Candele', 'Cantieri Navali | Category: Cantieri Navali', 'Agenzie di trasporto | Category: Agenzie di trasporto', 'Lido | Location: Lido', 'Mestre | Location: Mestre', 'Marghera | Location: Marghera', 'Murano | Location: Murano', 'Lavorazione materie plastiche | Category: Lavorazione materie plastiche', 'Lavorazione droghe | Category: Lavorazione droghe', 'Lavorazione marmi | Category: Lavorazione marmi', 'Lavorazione meccanica del legno | Category: Lavorazione meccanica del legno', 'Lavori manovalanza | Category: Lavori manovalanza', 'Lavori portuali | Category: Lavori portuali', 'Lavori pubblici in genere | Category: Lavori pubblici in genere', 'Legatorie di libri | Category: Legatorie di libri', 'Legna | Category: Legna']
  -> Image re-pass enabled (complex layout + ads + 18 sections).
  -> Actual CSV columns: Name,Address,Location,Category,Additional Info
  -> WARNING: 10 rows (15%) missing both Address and Location on page_233.jpg
  -> Section state carries address: Accademia 877b
Done.
Processing: page_234.jpg
  -> Layout type: COMPLEX_LAYOUT
  -> Ad type: PARTIAL_AD
  -> Page type inferred: 
  -> Inferred schema: Name,Address,Location,Category,Additional Info
  -> Final schema: Name, Address, Location, Category, Additional Info
  -> Multi-section page detected: ['Camicerie da uomo | Category: Camicerie da uomo', 'Canapa e Lino | Category: Canapa e Lino', 'Candele | Category: Candele', 'Cantieri Navali | Category: Cantieri Navali', 'Agenzie di trasporto | Category: Agenzie di trasporto', 'Lido | Location: Lido', 'Mestre | Location: Mestre', 'Marghera | Location: Marghera', 'Murano | Location: Murano']
  -> Image re-pass enabled (complex layout + ads + 9 sections).
  -> Actual CSV columns: Name,Address,Location,Category,Additional Info
  -> WARNING: 6 rows (9%) missing both Address and Location on page_234.jpg
  -> Section state carries address: S. Polo, 1479
Done.
Processing: page_235.jpg
  -> Layout type: COMPLEX_LAYOUT
  -> Ad type: PARTIAL_AD
  -> Page type inferred: 
  -> Inferred schema: Name,Address,Location,Category,Additional Info
  -> Final schema: Name, Address, Location, Category, Additional Info
  -> Multi-section page detected: ['MURANO | Location: MURANO', 'Librerie | Category: Librerie', 'Mestre | Location: Mestre']
  -> Image re-pass enabled (complex layout + ads + 3 sections).
  -> Actual CSV columns: Name,Address,Location,Category,Additional Info
  -> WARNING: 1 rows (4%) missing both Address and Location on page_235.jpg
  -> Section state carries address: VENEZIA - Calle Lunga S. Maria Formosa n. 6135 - 5239
Done.
Processing: page_236.jpg
  -> Layout type: COMPLEX_LAYOUT
  -> Ad type: PARTIAL_AD
  -> Page type inferred: 
  -> Inferred schema: Name,Address,Location,Category,Additional Info
  -> Final schema: Name, Address, Location, Category, Additional Info
  -> Multi-section page detected: ['Lido | Location: Lido', 'Mestre | Location: Mestre', 'Marghera | Location: Marghera', 'Lime e raspe | Category: Lime e raspe', 'Linee per trasporto | Category: Linee per trasporto', 'energia elettrica | Category: energia elettrica', 'di trazione e telefoniche | Category: di trazione e telefoniche', 'Lingerie e maglierie | Category: Lingerie e maglierie']
  -> Image re-pass enabled (complex layout + ads + 8 sections).
  -> Actual CSV columns: Name,Address,Location,Category,Additional Info
  -> WARNING: 3 rows (5%) missing both Address and Location on page_236.jpg
  -> Section state carries address: Castello 5611
Done.
Processing: page_237.jpg
  -> Layout type: COMPLEX_LAYOUT
  -> Ad type: PARTIAL_AD
  -> Page type inferred: 
  -> Inferred schema: Name,Address,Location,Category,Additional Info
  -> Final schema: Name, Address, Location, Category, Additional Info
  -> Multi-section page detected: ['Linifici | Category: Linifici', 'Linoleum | Category: Linoleum', 'Liqouri | Category: Liqouri', 'Lido | Location: Lido', 'Cannaregio | Location: Cannaregio', 'Giudecca | Location: Giudecca', 'Murano | Location: Murano', 'Liqouri | Category: Liqouri', 'Mestre | Location: Mestre', 'Locande | Category: Locande', 'Lubrificanti | Category: Lubrificanti', 'Marghera | Location: Marghera', 'Lucido de scarpe | Category: Lucido de scarpe', 'Macchine e accessori | Category: Macchine e accessori', 'Macchine agricole | Category: Macchine agricole', 'Macchine calcolatrici | Category: Macchine calcolatrici']
  -> Image re-pass enabled (complex layout + ads + 16 sections).
  -> Actual CSV columns: Name,Address,Location,Category,Additional Info
  -> WARNING: 11 rows (14%) missing both Address and Location on page_237.jpg
  -> Section state carries address: Venezia - Castello - Salizzada dei Greci 3306
Done.
Processing: page_238.jpg
  -> Layout type: COMPLEX_LAYOUT
  -> Ad type: PARTIAL_AD
  -> Page type inferred: 
  -> Inferred schema: Name,Address,Location,Category,Additional Info
  -> Final schema: Name, Address, Location, Category, Additional Info
  -> Multi-section page detected: ['Macchine cinematografiche | Category: Macchine cinematografiche', 'Macchine contabili | Category: Macchine contabili', 'Macchine da cucire e accessori | Category: Macchine da cucire e accessori', 'Macchine elettriche | Category: Macchine elettriche', 'Macchine elettriche industriali e motori | Category: Macchine elettriche industriali e motori', 'Lido | Location: Lido', 'Mestre | Location: Mestre', 'Marghera | Location: Marghera', 'Macchine per Enologia | Category: Macchine per Enologia', 'Macchine per il lavoro del legno e del metallo | Category: Macchine per il lavoro del legno e del metallo', 'Macchine per maglieria | Category: Macchine per maglieria', 'Macchine e motori | Category: Macchine e motori', 'Macchine per riammagliare calze | Category: Macchine per riammagliare calze', 'Macchine per scrivere e accessori | Category: Macchine per scrivere e accessori']
  -> Image re-pass enabled (complex layout + ads + 14 sections).
  -> Actual CSV columns: Name,Address,Location,Category,Additional Info
  -> WARNING: 11 rows (27%) missing both Address and Location on page_238.jpg
  -> Section state carries address: S. Marco 2402
Done.
Processing: page_239.jpg
  -> Layout type: COMPLEX_LAYOUT
  -> Ad type: PARTIAL_AD
  -> Page type inferred: 
  -> Inferred schema: Name,Address,Location,Category,Additional Info
  -> Final schema: Name, Address, Location, Category, Additional Info
  -> Multi-section page detected: ['Meccanuficio | Category: Meccanuficio', 'Macchine utensili | Category: Macchine utensili', 'Mestre | Location: Mestre']
  -> Image re-pass enabled (complex layout + ads + 3 sections).
  -> Actual CSV columns: Name,Address,Location,Category,Additional Info
  -> WARNING: 4 rows (24%) missing both Address and Location on page_239.jpg
  -> Section state carries address: Campo S. Zaccaria
Done.
Processing: page_240.jpg
  -> Layout type: COMPLEX_LAYOUT
  -> Ad type: PARTIAL_AD
  -> Page type inferred: 
  -> Inferred schema: Name,Address,Location,Category,Additional Info
  -> Final schema: Name, Address, Location, Category, Additional Info
  -> Multi-section page detected: ['Macellerie | Category: Macellerie', 'Mestre | Location: Mestre', 'Lido | Location: Lido', 'Burano | Location: Burano', 'Favaro | Location: Favaro', 'Giudecca | Location: Giudecca', 'Murano | Location: Murano', 'P. Marghera | Location: P. Marghera', 'Treporti | Location: Treporti', 'Marghera | Location: Marghera']
  -> Image re-pass enabled (complex layout + ads + 10 sections).
  -> Actual CSV columns: Name,Address,Location,Category,Additional Info
  -> WARNING: 1 rows (1%) missing both Address and Location on page_240.jpg
  -> Section state carries address: San Luca, 4162
Done.
Processing: page_241.jpg
  -> Layout type: COMPLEX_LAYOUT
  -> Ad type: PARTIAL_AD
  -> Page type inferred: 
  -> Inferred schema: Name,Address,Location,Category,Additional Info
  -> Final schema: Name, Address, Location, Category, Additional Info
  -> Multi-section page detected: ['Camicerie da uomo | Category: Camicerie da uomo', 'Canapa e Lino | Category: Canapa e Lino', 'Candele | Category: Candele', 'Cantieri Navali | Category: Cantieri Navali', 'Agenzie di trasporto | Category: Agenzie di trasporto', 'Lido | Location: Lido', 'Mestre | Location: Mestre', 'Marghera | Location: Marghera', 'Murano | Location: Murano', 'Macellerie | Category: Macellerie']
  -> Image re-pass enabled (complex layout + ads + 10 sections).
  -> Actual CSV columns: Name,Address,Location,Category,Additional Info
  -> WARNING: 4 rows (16%) missing both Address and Location on page_241.jpg
  -> Section state carries address: Via XXII Marzo, 2288
Done.
Processing: page_242.jpg
  -> Layout type: COMPLEX_LAYOUT
  -> Ad type: PARTIAL_AD
  -> Page type inferred: 
  -> Inferred schema: Name,Address,Location,Category,Additional Info
  -> Final schema: Name, Address, Location, Category, Additional Info
  -> Multi-section page detected: ['Magazzini di deposito | Category: Magazzini di deposito', 'Maglierie | Category: Maglierie', 'Maioliche artistiche | Category: Maioliche artistiche', 'Malto | Category: Malto', 'Manifesture | Category: Manifesture', 'Manifatture e tessuti | Category: Manifatture e tessuti', 'Lido | Location: Lido', 'Murano | Location: Murano', 'Mestre | Location: Mestre', 'Marghera | Location: Marghera']
  -> Image re-pass enabled (complex layout + ads + 10 sections).
  -> Actual CSV columns: Name,Address,Location,Category,Additional Info
  -> WARNING: 7 rows (8%) missing both Address and Location on page_242.jpg
  -> Section state carries address: VENEZIA - S. Polo 1479
Done.
Processing: page_243.jpg
  -> Layout type: COMPLEX_LAYOUT
  -> Ad type: The page includes sections of text that stand out visually from the main directory content, particularly at the bottom of the page. These sections have a more decorative style and likely serve as promotional content or advertisements for particular businesses. As a result, this page falls under the category of PARTIAL_AD, as it contains a mix of structured directory content and advertisement-like elements.
  -> Page type inferred: 
  -> Inferred schema: Name,Address,Location,Category,Additional Info
  -> Final schema: Name, Address, Location, Category, Additional Info
  -> Multi-section page detected: ['Manipolazione | Category: Manipolazione', 'Manipolazione sali | Category: Manipolazione sali', 'Manufatti in cemento | Category: Manufatti in cemento', 'Marmellate | Category: Marmellate', 'Marmi | Category: Marmi', 'Materassai | Category: Materassai', 'Materiale per agricoltura | Category: Materiale per agricoltura', 'Materiale cinematografico | Category: Materiale cinematografico', 'Materiale in cemento | Category: Materiale in cemento', 'Materiali da costruzione | Category: Materiali da costruzione', 'Lido | Location: Lido', 'Mestre | Location: Mestre', 'Marghera | Location: Marghera', 'S. Marco | Location: S. Marco', 'S. Polo | Location: S. Polo', 'S. Croce | Location: S. Croce', 'Cannaregio | Location: Cannaregio', 'Castello | Location: Castello', 'Dorsoduro | Location: Dorsoduro']
  -> Actual CSV columns: Name,Address,Location,Category,Additional Info
  -> Section state carries address: Impresa Edile, Costruzioni In Cemento, S. Croce, 267a
Done.
Processing: page_244.jpg
  -> Layout type: COMPLEX_LAYOUT
  -> Ad type: PARTIAL_AD
  -> Page type inferred: 
  -> Inferred schema: Name,Address,Location,Category,Additional Info
  -> Final schema: Name, Address, Location, Category, Additional Info
  -> Multi-section page detected: ['Materiali per costruzioni edilizie | Category: Materiali per costruzioni edilizie', 'Materiale elettrico | Category: Materiale elettrico', 'Lido | Location: Lido', 'Mestre | Location: Mestre', 'Marghera | Location: Marghera', 'Burano | Location: Burano']
  -> Image re-pass enabled (complex layout + ads + 6 sections).
  -> Actual CSV columns: Name,Address,Location,Category,Additional Info
  -> WARNING: 2 rows (4%) missing both Address and Location on page_244.jpg
  -> Section state carries address: Mestre, via Cap Puccina 40
Done.
Processing: page_245.jpg
  -> Layout type: COMPLEX_LAYOUT
  -> Ad type: PARTIAL_AD
  -> Page type inferred: 
  -> Inferred schema: Name,Address,Location,Category,Additional Info
  -> Final schema: Name, Address, Location, Category, Additional Info
  -> Multi-section page detected: ['Camicerie da uomo | Category: Camicerie da uomo', 'Canapa e Lino | Category: Canapa e Lino', 'Candele | Category: Candele', 'Cantieri Navali | Category: Cantieri Navali', 'Agenzie di trasporto | Category: Agenzie di trasporto', 'Lido | Location: Lido', 'Mestre | Location: Mestre', 'Marghera | Location: Marghera', 'Murano | Location: Murano']
  -> Image re-pass enabled (complex layout + ads + 9 sections).
  -> Actual CSV columns: Name,Address,Location,Category,Additional Info
  -> WARNING: 7 rows (23%) missing both Address and Location on page_245.jpg
  -> Section state carries address: Dorsoduro 3598
Done.
Processing: page_246.jpg
  -> Layout type: COMPLEX_LAYOUT
  -> Ad type: PARTIAL_AD
  -> Page type inferred: 
  -> Inferred schema: Name,Address,Location,Category,Additional Info
  -> Final schema: Name, Address, Location, Category, Additional Info
  -> Multi-section page detected: ['Materiale | Category: Materiale', 'Materiali | Category: Materiali', 'Materiali siderurgici | Category: Materiali siderurgici', 'Materiali tecnici | Category: Materiali tecnici', 'Materie | Category: Materie', 'Materie resìnose | Category: Materie resìnose', 'Meccanica di precisione | Category: Meccanica di precisione', 'Mediatori | Category: Mediatori', 'Marghera | Location: Marghera', 'Murano | Location: Murano', 'Mestre | Location: Mestre', 'Cannaregio | Location: Cannaregio', 'Castello | Location: Castello', 'S. Polo | Location: S. Polo', 'San Marco | Location: San Marco', 'Favaro Veneto | Location: Favaro Veneto', 'Zelarino | Location: Zelarino', 'Burano | Location: Burano', 'Carpenedo | Location: Carpenedo', 'Chirignago | Location: Chirignago', 'S. Croce | Location: S. Croce']
  -> Image re-pass enabled (complex layout + ads + 21 sections).
  -> Actual CSV columns: Name,Address,Location,Category,Additional Info
  -> WARNING: 5 rows (7%) missing both Address and Location on page_246.jpg
  -> Section state carries address: Mestre, Via Oberdan 53
Done.
Processing: page_247.jpg
  -> Layout type: COMPLEX_LAYOUT
  -> Ad type: PARTIAL_AD
  -> Page type inferred: 
  -> Inferred schema: Name,Address,Location,Category,Additional Info
  -> Final schema: Name, Address, Location, Category, Additional Info
  -> Multi-section page detected: ['Camicerie da uomo | Category: Camicerie da uomo', 'Canapa e Lino | Category: Canapa e Lino', 'Candele | Category: Candele', 'Cantieri Navali | Category: Cantieri Navali', 'Agenzie di trasporto | Category: Agenzie di trasporto', 'Lido | Location: Lido', 'Mestre | Location: Mestre', 'Marghera | Location: Marghera', 'Murano | Location: Murano', 'Mediatori e sensali marittimi | Category: Mediatori e sensali marittimi', 'Medicinali | Category: Medicinali', 'Mercerie, filati ed affini | Category: Mercerie, filati ed affini']
  -> Image re-pass enabled (complex layout + ads + 12 sections).
  -> Actual CSV columns: Name,Address,Location,Category,Additional Info
  -> WARNING: 4 rows (8%) missing both Address and Location on page_247.jpg
  -> Section state carries address: Lido Via Lepanto 1
Done.
Processing: page_248.jpg
  -> Layout type: COMPLEX_LAYOUT
  -> Ad type: NO_AD (pure structured directory content)
  -> Page type inferred: 
  -> Inferred schema: Name,Address,Location,Category,Additional Info
  -> Final schema: Name, Address, Location, Category, Additional Info
  -> Multi-section page detected: ['Camicerie da uomo | Category: Camicerie da uomo', 'Canapa e Lino | Category: Canapa e Lino', 'Candele | Category: Candele', 'Cantieri Navali | Category: Cantieri Navali', 'Agenzie di trasporto | Category: Agenzie di trasporto', 'Lido | Location: Lido', 'Mestre | Location: Mestre', 'Marghera | Location: Marghera', 'Murano | Location: Murano', 'Merletti e ricami | Category: Merletti e ricami']
  -> Actual CSV columns: Name,Address,Location,Category,Additional Info
  -> WARNING: 2 rows (2%) missing both Address and Location on page_248.jpg
  -> Section state carries address: Rialto 5831, Castello 428, S. Polo 1478
Done.
Processing: page_249.jpg
  -> Layout type: COMPLEX_LAYOUT
  -> Ad type: PARTIAL_AD
  -> Page type inferred: 
  -> Inferred schema: Name,Address,Location,Category,Additional Info
  -> Final schema: Name, Address, Location, Category, Additional Info
  -> Multi-section page detected: ['Camicerie da uomo | Category: Camicerie da uomo', 'Canapa e Lino | Category: Canapa e Lino', 'Candele | Category: Candele', 'Cantieri Navali | Category: Cantieri Navali', 'Agenzie di trasporto | Category: Agenzie di trasporto', 'Lido | Location: Lido', 'Mestre | Location: Mestre', 'Marghera | Location: Marghera', 'Murano | Location: Murano']
  -> Image re-pass enabled (complex layout + ads + 9 sections).
  -> Actual CSV columns: Name,Address,Location,Category,Additional Info
  -> WARNING: 7 rows (13%) missing both Address and Location on page_249.jpg
  -> Section state carries address: Castello 6534
Done.
Processing: page_250.jpg
  -> Layout type: COMPLEX_LAYOUT
  -> Ad type: PARTIAL_AD
  -> Page type inferred: 
  -> Inferred schema: Name,Address,Location,Category,Additional Info
  -> Final schema: Name, Address, Location, Category, Additional Info
  -> Multi-section page detected: ['Murano | Location: Murano', 'Mobili | Category: Mobili', 'Mestre | Location: Mestre']
  -> Image re-pass enabled (complex layout + ads + 3 sections).
  -> Actual CSV columns: Name,Address,Location,Category,Additional Info
  -> WARNING: 1 rows (4%) missing both Address and Location on page_250.jpg
  -> Section state carries address: Via XXII Marzo 2288
Done.
Processing: page_251.jpg
  -> Layout type: COMPLEX_LAYOUT
  -> Ad type: PARTIAL_AD
  -> Page type inferred: 
  -> Inferred schema: Name,Address,Location,Category,Additional Info
  -> Final schema: Name, Address, Location, Category, Additional Info
  -> Multi-section page detected: ['MOBILI | Category: MOBILI', 'IMPRESA ARTIGIANA | Category: IMPRESA ARTIGIANA', 'MESTRE | Location: MESTRE']
  -> Image re-pass enabled (complex layout + ads + 3 sections).
  -> Actual CSV columns: Name,Address,Location,Category,Additional Info
  -> WARNING: 5 rows (11%) missing both Address and Location on page_251.jpg
  -> Section state carries address: CAMPO S.ta MARINA 6043 - 6006 a
Done.
Processing: page_252.jpg
  -> Layout type: COMPLEX_LAYOUT
  -> Ad type: PARTIAL_AD
  -> Page type inferred: 
  -> Inferred schema: Name,Address,Location,Category,Additional Info
  -> Final schema: Name, Address, Location, Category, Additional Info
  -> Multi-section page detected: ['DEPOSITO STRACCI | Category: DEPOSITO STRACCI', 'MOBILI USATI | Category: MOBILI USATI', 'LETTI IN FERRO | Category: LETTI IN FERRO', 'CUCINE ECONOMICHE | Category: CUCINE ECONOMICHE', 'MOBILI ARTISTICI | Category: MOBILI ARTISTICI', 'MOBILI DI FERRO | Category: MOBILI DI FERRO', 'NEGOZI DI VENDITA | Category: NEGOZI DI VENDITA', 'MOBILI LACCATI | Category: MOBILI LACCATI', 'MOBILI DI LUSSO E COMUNI | Category: MOBILI DI LUSSO E COMUNI', "MOBILI D'UFFICIO | Category: MOBILI D'UFFICIO", 'MOBILI USATI | Category: MOBILI USATI', 'MESTRE | Location: MESTRE']
  -> Image re-pass enabled (complex layout + ads + 12 sections).
  -> Actual CSV columns: Name,Address,Location,Category,Additional Info
  -> WARNING: 10 rows (18%) missing both Address and Location on page_252.jpg
  -> Section state carries address: C. d'Oro 3927A, 3929-29-30
Done.
Processing: page_253.jpg
  -> Layout type: COMPLEX_LAYOUT
  -> Ad type: PARTIAL_AD
  -> Page type inferred: 
  -> Inferred schema: Name,Address,Location,Category,Additional Info
  -> Final schema: Name, Address, Location, Category, Additional Info
  -> Multi-section page detected: ['Mobiličî | Category: Mobiličî', 'Mode | Category: Mode', 'Modelli abìti signora | Category: Modelli abìti signora', 'Modisterìe | Category: Modisterìe', 'Mole e smeriglio | Category: Mole e smeriglio', 'Molini | Category: Molini', 'Lido | Location: Lido', 'Mestre | Location: Mestre', 'Marghera | Location: Marghera']
  -> Image re-pass enabled (complex layout + ads + 9 sections).
  -> Actual CSV columns: Name,Address,Location,Category,Additional Info
  -> WARNING: 6 rows (9%) missing both Address and Location on page_253.jpg
  -> Section state carries address: Giudecca 810-20
Done.
Processing: page_254.jpg
  -> Layout type: COMPLEX_LAYOUT
  -> Ad type: PARTIAL_AD
  -> Page type inferred: 
  -> Inferred schema: Name,Address,Location,Category,Additional Info
  -> Final schema: Name, Address, Location, Category, Additional Info
  -> Multi-section page detected: ['Mosaici | Category: Mosaici', 'Murano | Location: Murano', 'Mostarde | Category: Mostarde', 'Motoarature | Category: Motoarature', 'Morocicli | Category: Morocicli', 'Mestre | Location: Mestre', 'Marghera | Location: Marghera']
  -> Image re-pass enabled (complex layout + ads + 7 sections).
  -> Actual CSV columns: Name,Address,Location,Category,Additional Info
  -> WARNING: 2 rows (8%) missing both Address and Location on page_254.jpg
  -> Section state carries address: Via Felisati 31
Done.
Processing: page_255.jpg
  -> Layout type: COMPLEX_LAYOUT
  -> Ad type: PARTIAL_AD
  -> Page type inferred: 
  -> Inferred schema: Name,Address,Location,Category,Additional Info
  -> Final schema: Name, Address, Location, Category, Additional Info
  -> Multi-section page detected: ['Motori | Category: Motori', 'Motori marini | Category: Motori marini', 'Musica | Category: Musica', 'Nafta | Category: Nafta', 'Naftalina | Category: Naftalina', 'Nailon | Category: Nailon', 'Nastri di fibra | Category: Nastri di fibra', 'Navi | Category: Navi', 'Navi in cemento | Category: Navi in cemento', 'Navi in legno | Category: Navi in legno', 'Navigazione aerea | Category: Navigazione aerea', 'Navigazione fluviale | Category: Navigazione fluviale', 'Navigazione lagunare | Category: Navigazione lagunare', 'Marghera | Location: Marghera', 'Mestre | Location: Mestre', 'Murano | Location: Murano', 'Lido | Location: Lido']
  -> Image re-pass enabled (complex layout + ads + 17 sections).
  -> Actual CSV columns: Name,Address,Location,Category,Additional Info
  -> WARNING: 3 rows (6%) missing both Address and Location on page_255.jpg
  -> Section state carries address: San Luco, 4182
Done.
Processing: page_256.jpg
  -> Layout type: COMPLEX_LAYOUT
  -> Ad type: NO_AD (pure structured directory content)
  -> Page type inferred: 
  -> Inferred schema: Name,Address,Location,Category,Additional Info
  -> Final schema: Name, Address, Location, Category, Additional Info
  -> Multi-section page detected: ['Navigazione marittima | Category: Navigazione marittima', 'Nettezza urbana | Category: Nettezza urbana', 'Nichelatura | Category: Nichelatura', 'Noleggio imbarcazioni | Category: Noleggio imbarcazioni', 'Officine | Category: Officine', 'Mestre | Location: Mestre', 'Marghera | Location: Marghera', 'Murano | Location: Murano']
  -> Actual CSV columns: Name,Address,Location,Category,Additional Info
  -> WARNING: 9 rows (13%) missing both Address and Location on page_256.jpg
  -> Section state carries address: Giudecca 38
Done.
Processing: page_257.jpg
  -> Layout type: COMPLEX_LAYOUT
  -> Ad type: PARTIAL_AD
  -> Page type inferred: 
  -> Inferred schema: Name,Address,Location,Category,Additional Info
  -> Final schema: Name, Address, Location, Category, Additional Info
  -> Multi-section page detected: ['Ferramenta in Genere | Category: Ferramenta in Genere', 'Cantieri Navali | Category: Cantieri Navali', 'Mestre | Location: Mestre', 'Lido | Location: Lido', 'Marghera | Location: Marghera']
  -> Image re-pass enabled (complex layout + ads + 5 sections).
  -> Actual CSV columns: Name,Address,Location,Category,Additional Info
  -> WARNING: 1 rows (3%) missing both Address and Location on page_257.jpg
  -> Section state carries address: Giudecca 820
Done.
Processing: page_258.jpg
  -> Layout type: COMPLEX_LAYOUT
  -> Ad type: PARTIAL_AD
  -> Page type inferred: 
  -> Inferred schema: Name,Address,Location,Category,Additional Info
  -> Final schema: Name, Address, Location, Category, Additional Info
  -> Multi-section page detected: ['Officine meccaniche e saldature | Category: Officine meccaniche e saldature', 'Officine riparazioni auto | Category: Officine riparazioni auto', 'Officine riparazioni macchine | Category: Officine riparazioni macchine', 'Officine riparazioni macchine per scrivere | Category: Officine riparazioni macchine per scrivere', 'Officine riparazioni moto | Category: Officine riparazioni moto', 'Oggetti artistici per regali | Category: Oggetti artistici per regali', 'Oggetti artistici specialità veneziane ed affinni | Category: Oggetti artistici specialità veneziane ed affinni', 'Marghera | Location: Marghera', 'Mestre | Location: Mestre', 'Lido | Location: Lido', 'Murano | Location: Murano']
  -> Image re-pass enabled (complex layout + ads + 11 sections).
  -> Actual CSV columns: Name,Address,Location,Category,Additional Info
  -> Section state carries address: S. Marco 2555.66
Done.
Processing: page_259.jpg
  -> Layout type: COMPLEX_LAYOUT
  -> Ad type: PARTIAL_AD
  -> Page type inferred: 
  -> Inferred schema: Name,Address,Location,Category,Additional Info
  -> Final schema: Name, Address, Location, Category, Additional Info
  -> Multi-section page detected: ['Lido | Location: Lido', 'Mestre | Location: Mestre', 'Murano | Location: Murano', 'Oggetti di piombo | Category: Oggetti di piombo', 'Oggetti preziosi ed affini | Category: Oggetti preziosi ed affini', 'Oggetti soffiati e pressati | Category: Oggetti soffiati e pressati', 'Oggetti usati | Category: Oggetti usati']
  -> Image re-pass enabled (complex layout + ads + 7 sections).
  -> Actual CSV columns: Name,Address,Location,Category,Additional Info
  -> WARNING: 5 rows (11%) missing both Address and Location on page_259.jpg
  -> Section state carries address: VENEZIA Via XXII Marzo. 2288
Done.
Processing: page_260.jpg
  -> Layout type: COMPLEX_LAYOUT
  -> Ad type: PARTIAL_AD
  -> Page type inferred: 
  -> Inferred schema: Name,Address,Location,Category,Additional Info
  -> Final schema: Name, Address, Location, Category, Additional Info
  -> Multi-section page detected: ['Olii combustibili | Category: Olii combustibili', 'Olii commestibili ed affini | Category: Olii commestibili ed affini', 'Olii, grassi, carburanti | Category: Olii, grassi, carburanti', 'Olii, grassi lubrificanti | Category: Olii, grassi lubrificanti', 'Olii minerali | Category: Olii minerali', 'Olive | Category: Olive', 'Ombrelli | Category: Ombrelli', 'Mestre | Location: Mestre', 'Marghera | Location: Marghera']
  -> Image re-pass enabled (complex layout + ads + 9 sections).
  -> Actual CSV columns: Name,Address,Location,Category,Additional Info
  -> WARNING: 7 rows (9%) missing both Address and Location on page_260.jpg
  -> Section state carries address: San Luca, 4152 a
Done.
Processing: page_261.jpg
  -> Layout type: COMPLEX_LAYOUT
  -> Ad type: NO_AD
  -> Page type inferred: 
  -> Inferred schema: Name,Address,Location,Category,Additional Info
  -> Final schema: Name, Address, Location, Category, Additional Info
  -> Multi-section page detected: ['Oreficerie, Gioiellerie e Affini | Category: Oreficerie, Gioiellerie e Affini', 'Mestre | Location: Mestre', 'Orologerie | Category: Orologerie']
  -> Actual CSV columns: Name,Address,Location,Category,Additional Info
  -> WARNING: 2 rows (3%) missing both Address and Location on page_261.jpg
  -> Section state carries address: Piazza S. Marco 102-103
Done.
Processing: page_262.jpg
  -> Layout type: COMPLEX_LAYOUT
  -> Ad type: PARTIAL_AD
  -> Page type inferred: 
  -> Inferred schema: Name,Address,Location,Category,Additional Info
  -> Final schema: Name, Address, Location, Category, Additional Info
  -> Multi-section page detected: ['Ortaggi | Category: Ortaggi', 'Ortaggi e legumi | Category: Ortaggi e legumi', 'Orzo | Category: Orzo', 'Ossidi metallici | Category: Ossidi metallici', 'Ossigeno | Category: Ossigeno', 'Osterie | Category: Osterie', 'Mestre | Location: Mestre', 'S. Polo | Location: S. Polo', 'S. Marco | Location: S. Marco', 'Murano | Location: Murano', 'Castello | Location: Castello', 'Porto Marghera | Location: Porto Marghera', 'Giudecca | Location: Giudecca', 'Pellestrina | Location: Pellestrina', 'Cannaregio | Location: Cannaregio', 'Dorsoduro | Location: Dorsoduro', 'S. Apostoli | Location: S. Apostoli', 'S. Elena | Location: S. Elena', 'Rialto | Location: Rialto', 'S. Croce | Location: S. Croce', 'Lido | Location: Lido', 'Marittima | Location: Marittima']
  -> Image re-pass enabled (complex layout + ads + 22 sections).
  -> Actual CSV columns: Name,Address,Location,Category,Additional Info
  -> WARNING: 7 rows (8%) missing both Address and Location on page_262.jpg
  -> Section state carries address: Via XVII Marzo n. 2228, Venezia
Done.
Processing: page_263.jpg
  -> Layout type: COMPLEX_LAYOUT
  -> Ad type: The page contains visually separated text with decorative blocks and a different formatting style for business promotions, which resemble advertisements. Therefore, the presence of any advertisement-like content means the label should be:


PARTIAL_AD
  -> Page type inferred: 
  -> Inferred schema: Name,Address,Location,Category,Additional Info
  -> Final schema: Name, Address, Location, Category, Additional Info
  -> Multi-section page detected: ['Camicerie da uomo | Category: Camicerie da uomo', 'Canapa e Lino | Category: Canapa e Lino', 'Candele | Category: Candele', 'Cantieri Navali | Category: Cantieri Navali', 'Agenzie di trasporto | Category: Agenzie di trasporto', 'Murano | Location: Murano', 'Giudecca | Location: Giudecca', 'Pellestrina | Location: Pellestrina', 'Lido | Location: Lido', 'S. Marco | Location: S. Marco', 'Cannaregio | Location: Cannaregio', 'Castello | Location: Castello', 'D. Duro | Location: D. Duro', 'S. Polo | Location: S. Polo', 'S. Croce | Location: S. Croce', 'S. Elena | Location: S. Elena', 'S. Pietro in Volta | Location: S. Pietro in Volta', 'Tre Port | Location: Tre Port', 'Mestre | Location: Mestre', 'Vianagrano Onella | Location: Vianagrano Onella', 'Marghera | Location: Marghera', 'Malamocco | Location: Malamocco', 'Zago F.lli | Location: Zago F.lli', 'Stazione Marittima | Location: Stazione Marittima']
  -> Actual CSV columns: Name,Address,Location,Category,Additional Info
  -> WARNING: 15 rows (13%) missing both Address and Location on page_263.jpg
  -> Section state carries address: Marceria dell'Orologio, 263, 1477
Done.
Processing: page_264.jpg
  -> Layout type: COMPLEX_LAYOUT
  -> Ad type: PARTIAL_AD
  -> Page type inferred: 
  -> Inferred schema: Name,Address,Location,Category,Additional Info
  -> Final schema: Name, Address, Location, Category, Additional Info
  -> Multi-section page detected: ['Camicerie da uomo | Category: Camicerie da uomo', 'Canapa e Lino | Category: Canapa e Lino', 'Candele | Category: Candele', 'Cantieri Navali | Category: Cantieri Navali', 'Agenzie di trasporto | Category: Agenzie di trasporto', 'Lido | Location: Lido', 'Mestre | Location: Mestre', 'Marghera | Location: Marghera', 'Murano | Location: Murano']
  -> Image re-pass enabled (complex layout + ads + 9 sections).
  -> Actual CSV columns: Name,Address,Location,Category,Additional Info
  -> Section state carries address: Venezia - Rialto Rughetta Ravano 1052-53, Tel. 24-738
Done.
Processing: page_265.jpg
  -> Layout type: SIMPLE_LAYOUT
  -> Ad type: NO_AD
  -> Page type inferred: 
  -> Inferred schema: Name,Address,Location,Category,Additional Info
  -> Final schema: Name, Address, Location, Category, Additional Info
  -> Multi-section page detected: ['Palombari | Category: Palombari', 'Panelli | Category: Panelli', 'Panifici | Category: Panifici', 'Lido | Location: Lido', 'Favaro Veneto | Location: Favaro Veneto', 'Mestre | Location: Mestre', 'Marghera | Location: Marghera', 'Burano | Location: Burano', 'Giudecca | Location: Giudecca', 'S. Elena | Location: S. Elena', 'Chirignago | Location: Chirignago', 'Treporti | Location: Treporti', 'Pellestrina | Location: Pellestrina', 'Cavallino | Location: Cavallino', 'Murano | Location: Murano']
  -> Actual CSV columns: Name,Address,Location,Category,Additional Info
  -> WARNING: 3 rows (3%) missing both Address and Location on page_265.jpg
  -> Section state carries address: Appersegna 488
Done.
Processing: page_266.jpg
  -> Layout type: COMPLEX_LAYOUT
  -> Ad type: PARTIAL_AD
  -> Page type inferred: 
  -> Inferred schema: Name,Address,Location,Category,Additional Info
  -> Final schema: Name, Address, Location, Category, Additional Info
  -> Multi-section page detected: ['Camicerie da uomo | Category: Camicerie da uomo', 'Canapa e Lino | Category: Canapa e Lino', 'Candele | Category: Candele', 'Cantieri Navali | Category: Cantieri Navali', 'Agenzie di trasporto | Category: Agenzie di trasporto', 'Pantofolai | Category: Pantofolai', 'Pàntófolai di sughero | Category: Pàntófolai di sughero', 'Paraffina | Category: Paraffina', 'Paranchi e organi | Category: Paranchi e organi', 'Parrucchieri per signora | Category: Parrucchieri per signora', 'Pasticcerie ed affini | Category: Pasticcerie ed affini', 'Lido | Location: Lido', 'Mestre | Location: Mestre', 'Marghera | Location: Marghera', 'Murano | Location: Murano']
  -> Image re-pass enabled (complex layout + ads + 15 sections).
  -> Actual CSV columns: Name,Address,Location,Category,Additional Info
  -> WARNING: 6 rows (9%) missing both Address and Location on page_266.jpg
  -> Section state carries address: Mestre, Via Torre 1 Belfredo, 62 Galleria
Done.
Processing: page_267.jpg
  -> Layout type: COMPLEX_LAYOUT
  -> Ad type: PARTIAL_AD
  -> Page type inferred: 
  -> Inferred schema: Name,Address,Location,Category,Additional Info
  -> Final schema: Name, Address, Location, Category, Additional Info
  -> Multi-section page detected: ['Camicerie da uomo | Category: Camicerie da uomo', 'Canapa e Lino | Category: Canapa e Lino', 'Candele | Category: Candele', 'Cantieri Navali | Category: Cantieri Navali', 'Pasticceria | Category: Pasticceria', 'Pastifici | Category: Pastifici', 'Pavimentazioni | Category: Pavimentazioni', 'Pece e catrame | Category: Pece e catrame', 'Pellami e cuoi | Category: Pellami e cuoi', 'Lido | Location: Lido', 'Mestre | Location: Mestre', 'Marghera | Location: Marghera', 'Murano | Location: Murano']
  -> Image re-pass enabled (complex layout + ads + 13 sections).
  -> Actual CSV columns: Name,Address,Location,Category,Additional Info
  -> WARNING: 7 rows (7%) missing both Address and Location on page_267.jpg
  -> Section state carries address: VENEZIA, CASTELLO SALIZZADA DEI GRECI 3306
Done.
Processing: page_268.jpg
  -> Layout type: COMPLEX_LAYOUT
  -> Ad type: PARTIAL_AD
  -> Page type inferred: 
  -> Inferred schema: Name,Address,Location,Category,Additional Info
  -> Final schema: Name, Address, Location, Category, Additional Info
  -> Multi-section page detected: ['Camicerie da uomo | Category: Camicerie da uomo', 'Canapa e Lino | Category: Canapa e Lino', 'Candele | Category: Candele', 'Cantieri Navali | Category: Cantieri Navali', 'Agenzie di trasporto | Category: Agenzie di trasporto', 'Mestre | Location: Mestre', 'Pellettterie | Category: Pellettterie', 'Pellettene ed affini | Category: Pellettene ed affini', 'Pelli | Category: Pelli', 'Polliccerie | Category: Polliccerie']
  -> Image re-pass enabled (complex layout + ads + 10 sections).
  -> Actual CSV columns: Name,Address,Location,Category,Additional Info
  -> WARNING: 2 rows (8%) missing both Address and Location on page_268.jpg
  -> Section state carries address: S. Maria Formosa 5886
Done.
Processing: page_269.jpg
  -> Layout type: COMPLEX_LAYOUT
  -> Ad type: PARTIAL_AD
  -> Page type inferred: 
  -> Inferred schema: Name,Address,Location,Category,Additional Info
  -> Final schema: Name, Address, Location, Category, Additional Info
  -> Multi-section page detected: ['Camicerie da uomo | Category: Camicerie da uomo', 'Canapa e Lino | Category: Canapa e Lino', 'Candele | Category: Candele', 'Cantieri Navali | Category: Cantieri Navali', 'Agenzie di trasporto | Category: Agenzie di trasporto', 'Lido | Location: Lido', 'Mestre | Location: Mestre', 'Marghera | Location: Marghera', 'Murano | Location: Murano']
  -> Image re-pass enabled (complex layout + ads + 9 sections).
  -> Actual CSV columns: Name,Address,Location,Category,Additional Info
  -> WARNING: 9 rows (11%) missing both Address and Location on page_269.jpg
  -> Section state carries address: Via XIII Marti 18, 2221
Done.
Processing: page_270.jpg
  -> Layout type: COMPLEX_LAYOUT
  -> Ad type: PARTIAL_AD
  -> Page type inferred: 
  -> Inferred schema: Name,Address,Location,Category,Additional Info
  -> Final schema: Name, Address, Location, Category, Additional Info
  -> Multi-section page detected: ['Camicerie da uomo | Category: Camicerie da uomo', 'Canapa e Lino | Category: Canapa e Lino', 'Candele | Category: Candele', 'Cantieri Navali | Category: Cantieri Navali', 'Agenzie di trasporto | Category: Agenzie di trasporto', 'Pesce conservato | Category: Pesce conservato', 'Pesce e crostacei | Category: Pesce e crostacei', 'Petrolio, benzina e derivati | Category: Petrolio, benzina e derivati', 'Pianoforti | Category: Pianoforti', 'Picchettaggio e verniciature pirosecchi | Category: Picchettaggio e verniciature pirosecchi', 'Pietra artificiale | Category: Pietra artificiale', 'Piloti | Category: Piloti', 'Piombo e zinco | Category: Piombo e zinco', 'Pirometri | Category: Pirometri', 'Pescicultura | Category: Pescicultura', 'Pittori decoratori | Category: Pittori decoratori', 'Lido | Location: Lido', 'Mestre | Location: Mestre', 'Marghera | Location: Marghera', 'Murano | Location: Murano']
  -> Image re-pass enabled (complex layout + ads + 20 sections).
  -> Actual CSV columns: Name,Address,Location,Category,Additional Info
  -> WARNING: 11 rows (20%) missing both Address and Location on page_270.jpg
  -> Section state carries address: S. Marziale 3550-A
Done.
Processing: page_271.jpg
  -> Layout type: COMPLEX_LAYOUT
  -> Ad type: PARTIAL_AD
  -> Page type inferred: 
  -> Inferred schema: Name,Address,Location,Category,Additional Info
  -> Final schema: Name, Address, Location, Category, Additional Info
  -> Multi-section page detected: ['Camicerie da uomo | Category: Camicerie da uomo', 'Canapa e Lino | Category: Canapa e Lino', 'Candele | Category: Candele', 'Cantieri Navali | Category: Cantieri Navali', 'Pittori e decoratori | Category: Pittori e decoratori', 'Pitturazioni industriali | Category: Pitturazioni industriali', 'Pizzi e ricomi | Category: Pizzi e ricomi', 'Pneumatici_par auto | Category: Pneumatici_par auto', 'Pollerie | Category: Pollerie', 'Pomici, detriti e conglomerati | Category: Pomici, detriti e conglomerati', 'Pompe funebri | Category: Pompe funebri', 'Pompe, motopompe, elettropompe | Category: Pompe, motopompe, elettropompe', 'Lido | Location: Lido', 'Mestre | Location: Mestre', 'Marghera | Location: Marghera', 'Murano | Location: Murano']
  -> Image re-pass enabled (complex layout + ads + 16 sections).
  -> Actual CSV columns: Name,Address,Location,Category,Additional Info
  -> WARNING: 2 rows (25%) missing both Address and Location on page_271.jpg
  -> Section state carries address: Via Piave 113
Done.
Processing: page_272.jpg
  -> Layout type: COMPLEX_LAYOUT
  -> Ad type: PARTIAL_AD
  -> Page type inferred: 
  -> Inferred schema: Name,Address,Location,Category,Additional Info
  -> Final schema: Name, Address, Location, Category, Additional Info
  -> Multi-section page detected: ['Porcellane | Category: Porcellane', 'Portabagagli | Category: Portabagagli', 'Potature e taglio alberi | Category: Potature e taglio alberi', 'Prefabbricati | Category: Prefabbricati', 'Prodotti agricoli | Category: Prodotti agricoli', 'Prodotti antiparassitari | Category: Prodotti antiparassitari', 'Prodotti antisettifughi | Category: Prodotti antisettifughi', 'Prodotti ozotici | Category: Prodotti ozotici', 'Prodotti chimici | Category: Prodotti chimici', 'Prodotti coloranti | Category: Prodotti coloranti', 'Lido | Location: Lido', 'Mestre | Location: Mestre', 'Marghera | Location: Marghera', 'Murano | Location: Murano']
  -> Image re-pass enabled (complex layout + ads + 14 sections).
  -> Actual CSV columns: Name,Address,Location,Category,Additional Info
  -> WARNING: 12 rows (16%) missing both Address and Location on page_272.jpg
  -> Section state carries address: Cannaregio 3821
Done.
Processing: page_273.jpg
  -> Layout type: COMPLEX_LAYOUT
  -> Ad type: PARTIAL_AD
  -> Page type inferred: 
  -> Inferred schema: Name,Address,Location,Category,Additional Info
  -> Final schema: Name, Address, Location, Category, Additional Info
  -> Multi-section page detected: ['Prodotti farmaceutici | Category: Prodotti farmaceutici', 'Mestre | Location: Mestre', 'Prodotti industriali | Category: Prodotti industriali', 'Prodotti e sottoprodotti petroliferi | Category: Prodotti e sottoprodotti petroliferi', 'Prodotti tessili | Category: Prodotti tessili', 'Prodotti vetrari | Category: Prodotti vetrari', 'Profumerie | Category: Profumerie', 'Lido | Location: Lido', 'Porto Marghera | Location: Porto Marghera']
  -> Image re-pass enabled (complex layout + ads + 9 sections).
  -> Actual CSV columns: Name,Address,Location,Category,Additional Info
  -> WARNING: 6 rows (8%) missing both Address and Location on page_273.jpg
  -> Section state carries address: S. Marco 283
Done.
Processing: page_274.jpg
  -> Layout type: COMPLEX_LAYOUT
  -> Ad type: PARTIAL_AD
  -> Page type inferred: 
  -> Inferred schema: Name,Address,Location,Category,Additional Info
  -> Final schema: Name, Address, Location, Category, Additional Info
  -> Multi-section page detected: ['Camicerie da uomo | Category: Camicerie da uomo', 'Canapa e Lino | Category: Canapa e Lino', 'Candele | Category: Candele', 'Cantieri Navali | Category: Cantieri Navali', 'Agenzie di trasporto | Category: Agenzie di trasporto', 'Profumerie | Category: Profumerie', 'Profumi e affini | Category: Profumi e affini', 'Provveditori marittimi | Category: Provveditori marittimi', 'Pubblicità | Category: Pubblicità', 'Pulizia uffici | Category: Pulizia uffici', 'Pulizia vetture FF. SS. | Category: Pulizia vetture FF. SS.', 'Quadri - riproduzioni ed oggetti artistici | Category: Quadri - riproduzioni ed oggetti artistici', 'Quadri di manovra e commando | Category: Quadri di manovra e commando', 'Recordi ferroviari | Category: Recordi ferroviari', 'Radio e Radiogrammofoni | Category: Radio e Radiogrammofoni', 'Lido | Location: Lido', 'Mestre | Location: Mestre', 'Marghera | Location: Marghera', 'Murano | Location: Murano']
  -> Image re-pass enabled (complex layout + ads + 19 sections).
  -> Actual CSV columns: Name,Address,Location,Category,Additional Info
  -> WARNING: 13 rows (20%) missing both Address and Location on page_274.jpg
  -> Section state carries address: S. Croce 4-B
Done.
Processing: page_275.jpg
  -> Layout type: COMPLEX_LAYOUT
  -> Ad type: PARTIAL_AD
  -> Page type inferred: 
  -> Inferred schema: Name,Address,Location,Category,Additional Info
  -> Final schema: Name, Address, Location, Category, Additional Info
  -> Multi-section page detected: ['Camicerie da uomo | Category: Camicerie da uomo', 'Canapa e Lino | Category: Canapa e Lino', 'Candele | Category: Candele', 'Cantieri Navali | Category: Cantieri Navali', 'Agenzie di trasporto | Category: Agenzie di trasporto', 'Murano | Location: Murano', 'Mestre | Location: Mestre']
  -> Image re-pass enabled (complex layout + ads + 7 sections).
  -> Actual CSV columns: Name,Address,Location,Category,Additional Info
  -> Section state carries address: Dorsoduro 2754
Done.
Processing: page_276.jpg
  -> Layout type: COMPLEX_LAYOUT
  -> Ad type: PARTIAL_AD
  -> Page type inferred: 
  -> Inferred schema: Name,Address,Location,Category,Additional Info
  -> Final schema: Name, Address, Location, Category, Additional Info
  -> Multi-section page detected: ['Camicerie da uomo | Category: Camicerie da uomo', 'Canapa e Lino | Category: Canapa e Lino', 'Candele | Category: Candele', 'Cantieri Navali | Category: Cantieri Navali', 'Agenzie di trasporto | Category: Agenzie di trasporto', 'Lido | Location: Lido', 'Mestre | Location: Mestre', 'Marghera | Location: Marghera', 'Murano | Location: Murano', 'Rappresentanti e commissionari auto, cicli e accessori | Category: Rappresentanti e commissionari auto, cicli e accessori', 'apparecchi e materiale radio | Category: apparecchi e materiale radio', 'articoli casalinghi | Category: articoli casalinghi', 'articoli elettrici | Category: articoli elettrici', 'articoli in vetro | Category: articoli in vetro', 'assicurazioni | Category: assicurazioni', 'calzature | Category: calzature', 'Radio (trasmissioni) | Category: Radio (trasmissioni)', 'Radiomeccanica | Category: Radiomeccanica', 'Radiotecnica | Category: Radiotecnica', 'Raffinerie | Category: Raffinerie']
  -> Image re-pass enabled (complex layout + ads + 20 sections).
  -> Actual CSV columns: Name,Address,Location,Category,Additional Info
  -> WARNING: 13 rows (17%) missing both Address and Location on page_276.jpg
  -> Section state carries address: "VENEZIA - Via XXII Marzo, 2288"
Done.
Processing: page_277.jpg
  -> Layout type: COMPLEX_LAYOUT
  -> Ad type: PARTIAL_AD
  -> Page type inferred: 
  -> Inferred schema: Name,Address,Location,Category,Additional Info
  -> Final schema: Name, Address, Location, Category, Additional Info
  -> Multi-section page detected: ['Camicerie da uomo | Category: Camicerie da uomo', 'Canapa e Lino | Category: Canapa e Lino', 'Candele | Category: Candele', 'Cantieri Navali | Category: Cantieri Navali', 'Agenzie di trasporto | Category: Agenzie di trasporto', 'Mestre | Location: Mestre', 'Carboni | Category: Carboni', 'Carburanti | Category: Carburanti', 'Carbure di calcio | Category: Carbure di calcio', 'Carta | Category: Carta', 'Chinegaglierie | Category: Chinegaglierie', 'Cinematografia | Category: Cinematografia', 'Colori vernici smalti ecc. | Category: Colori vernici smalti ecc.', 'Generi alimentari | Category: Generi alimentari', 'Lido | Location: Lido', 'Marghera | Location: Marghera', 'Murano | Location: Murano']
  -> Image re-pass enabled (complex layout + ads + 17 sections).
  -> Actual CSV columns: Name,Address,Location,Category,Additional Info
  -> WARNING: 8 rows (9%) missing both Address and Location on page_277.jpg
  -> Section state carries address: VENEZIA - Via XXII Marzo, 2288
Done.
Processing: page_278.jpg
  -> Layout type: COMPLEX_LAYOUT
  -> Ad type: PARTIAL_AD
  -> Page type inferred: 
  -> Inferred schema: Name,Address,Location,Category,Additional Info
  -> Final schema: Name, Address, Location, Category, Additional Info
  -> Multi-section page detected: ['macchinari | Category: macchinari', 'materiali edili | Category: materiali edili', 'pellami | Category: pellami', 'prodotti chimici | Category: prodotti chimici', 'Lido | Location: Lido', 'Mestre | Location: Mestre', 'Marghera | Location: Marghera']
  -> Image re-pass enabled (complex layout + ads + 7 sections).
  -> Actual CSV columns: Name,Address,Location,Category,Additional Info
  -> WARNING: 5 rows (5%) missing both Address and Location on page_278.jpg
  -> Section state carries address: VENEZIA - S. Polo, 1479
Done.
Processing: page_279.jpg
  -> Layout type: COMPLEX_LAYOUT
  -> Ad type: PARTIAL_AD
  -> Page type inferred: 
  -> Inferred schema: Name,Address,Location,Category,Additional Info
  -> Final schema: Name, Address, Location, Category, Additional Info
  -> Multi-section page detected: ['profumi | Category: profumi', 'tessuti confezioni filati | Category: tessuti confezioni filati', 'Rappresentanze varie | Category: Rappresentanze varie', 'Rappresentanzo tecnico | Category: Rappresentanzo tecnico', 'MESTRE | Location: MESTRE', 'Lido | Location: Lido']
  -> Image re-pass enabled (complex layout + ads + 6 sections).
  -> Actual CSV columns: Name,Address,Location,Category,Additional Info
  -> WARNING: 4 rows (5%) missing both Address and Location on page_279.jpg
  -> Section state carries address: Via ELISAL N. 31
Done.
Processing: page_280.jpg
  -> Layout type: COMPLEX_LAYOUT
  -> Ad type: PARTIAL_AD
  -> Page type inferred: 
  -> Inferred schema: Name,Address,Location,Category,Additional Info
  -> Final schema: Name, Address, Location, Category, Additional Info
  -> Multi-section page detected: ['CANDELE | Category: CANDELE', 'CANTIERI NAVALI | Category: CANTIERI NAVALI', 'LIDO | Location: LIDO', 'MESTRE | Location: MESTRE', 'MARGHERA | Location: MARGHERA']
  -> Image re-pass enabled (complex layout + ads + 5 sections).
  -> Actual CSV columns: Name,Address,Location,Category,Additional Info
  -> WARNING: 1 rows (1%) missing both Address and Location on page_280.jpg
  -> Section state carries address: Cann. 2322
Done.
Processing: page_281.jpg
  -> Layout type: COMPLEX_LAYOUT
  -> Ad type: PARTIAL_AD
  -> Page type inferred: 
  -> Inferred schema: Name,Address,Location,Category,Additional Info
  -> Final schema: Name, Address, Location, Category, Additional Info
  -> Multi-section page detected: ['Refrattari - laterizi e calce | Category: Refrattari - laterizi e calce', 'Registratori di cassa | Category: Registratori di cassa', 'Regolatori di temperatura | Category: Regolatori di temperatura', 'Reti e articoli da pesca | Category: Reti e articoli da pesca', 'Reti metalliche | Category: Reti metalliche', 'Ricami artistici | Category: Ricami artistici', 'Ricerche | Category: Ricerche', 'Ricerche minerarie | Category: Ricerche minerarie', 'Recuperi autarchici | Category: Recuperi autarchici', 'Recuperi detriti carbone ceneracciae | Category: Recuperi detriti carbone ceneracciae', 'Recuperi marittimi | Category: Recuperi marittimi', 'Recuperi navali | Category: Recuperi navali', 'Rimorchatori | Category: Rimorchatori', 'Marghera | Location: Marghera', 'Mestre | Location: Mestre', 'Giudecca | Location: Giudecca']
  -> Image re-pass enabled (complex layout + ads + 16 sections).
  -> Actual CSV columns: Name,Address,Location,Category,Additional Info
  -> WARNING: 13 rows (21%) missing both Address and Location on page_281.jpg
  -> Section state carries address: S. Marco 3565
Done.
Processing: page_282.jpg
  -> Layout type: COMPLEX_LAYOUT
  -> Ad type: PARTIAL_AD
  -> Page type inferred: 
  -> Inferred schema: Name,Address,Location,Category,Additional Info
  -> Final schema: Name, Address, Location, Category, Additional Info
  -> Multi-section page detected: ['Riparazioni autoveicoli | Category: Riparazioni autoveicoli', 'Riparazioni barche e motori | Category: Riparazioni barche e motori', 'Riparazioni calzature e cappelli | Category: Riparazioni calzature e cappelli', 'Riparazioni carrozzerie per auto | Category: Riparazioni carrozzerie per auto', 'Riparazioni impianti tecnici e igienici | Category: Riparazioni impianti tecnici e igienici', 'Riparazioni riavvolgimenti macchine elettriche | Category: Riparazioni riavvolgimenti macchine elettriche', 'Riparazioni sacchi | Category: Riparazioni sacchi', 'Riscaldamento | Category: Riscaldamento', 'Riscaldamento e fumisterie | Category: Riscaldamento e fumisterie', 'Riscaldamento e termosifoni | Category: Riscaldamento e termosifoni', 'Riserie | Category: Riserie', 'Ristoranti | Category: Ristoranti', 'Marghera | Location: Marghera', 'Mestre | Location: Mestre', 'Lido | Location: Lido']
  -> Image re-pass enabled (complex layout + ads + 15 sections).
  -> Actual CSV columns: Name,Address,Location,Category,Additional Info
  -> WARNING: 12 rows (21%) missing both Address and Location on page_282.jpg
  -> Section state carries address: Cannaregio, 170
Done.
Processing: page_283.jpg
  -> Layout type: COMPLEX_LAYOUT
  -> Ad type: PARTIAL_AD
  -> Page type inferred: 
  -> Inferred schema: Name,Address,Location,Category,Additional Info
  -> Final schema: Name, Address, Location, Category, Additional Info
  -> Multi-section page detected: ['RISTORANTE | Category: RISTORANTE', 'Lido | Location: Lido']
  -> Actual CSV columns: Name,Address,Location,Category,Additional Info
  -> WARNING: 1 rows (3%) missing both Address and Location on page_283.jpg
  -> Section state carries address: San Marco 1246
Done.
Processing: page_284.jpg
  -> Layout type: COMPLEX_LAYOUT
  -> Ad type: PARTIAL_AD
  -> Page type inferred: 
  -> Inferred schema: Name,Address,Location,Category,Additional Info
  -> Final schema: Name, Address, Location, Category, Additional Info
  -> Multi-section page detected: ['Ristoranti vegetariani | Category: Ristoranti vegetariani', 'Rivestimenti | Category: Rivestimenti', 'Rosticcerie | Category: Rosticcerie', 'Mestre | Location: Mestre', 'Lido | Location: Lido', 'Rottami metallici | Category: Rottami metallici', 'Sabbia | Category: Sabbia', 'Murano | Location: Murano', 'Saccherie ed affini | Category: Saccherie ed affini', 'Mestre | Location: Mestre', 'Sacchetti di carta | Category: Sacchetti di carta', 'Saggina | Category: Saggina', 'Chirignago | Location: Chirignago', 'Saldature autogene elettriche elettrosiaecileniche | Category: Saldature autogene elettriche elettrosiaecileniche', 'Saloni | Category: Saloni', 'Marghera | Location: Marghera', 'Salumi (grossisti) | Category: Salumi (grossisti)', 'Lido | Location: Lido', 'Salumi (negozi) | Category: Salumi (negozi)', 'Burano | Location: Burano']
  -> Image re-pass enabled (complex layout + ads + 20 sections).
  -> Actual CSV columns: Name,Address,Location,Category,Additional Info
  -> WARNING: 12 rows (20%) missing both Address and Location on page_284.jpg
  -> Section state carries address: Via XXI Marzo, 2228
Done.
Processing: page_285.jpg
  -> Layout type: COMPLEX_LAYOUT
  -> Ad type: NO_AD
  -> Page type inferred: 
  -> Inferred schema: Name,Address,Location,Category,Additional Info
  -> Final schema: Name, Address, Location, Category, Additional Info
  -> Multi-section page detected: ['Salvagenti | Category: Salvagenti', 'Saponi comuni medicinali e profumati | Category: Saponi comuni medicinali e profumati', 'Sarte | Category: Sarte', 'Mestre | Location: Mestre', 'Marghera | Location: Marghera', 'Murano | Location: Murano', 'S. Elena | Location: S. Elena']
  -> Actual CSV columns: Name,Address,Location,Category,Additional Info
  -> WARNING: 3 rows (3%) missing both Address and Location on page_285.jpg
  -> Section state carries address: Castello 2629
Done.
Processing: page_286.jpg
  -> Layout type: COMPLEX_LAYOUT
  -> Ad type: NO_AD
  -> Page type inferred: 
  -> Inferred schema: Name,Address,Location,Category,Additional Info
  -> Final schema: Name, Address, Location, Category, Additional Info
  -> Multi-section page detected: ['Camicerie da uomo | Category: Camicerie da uomo', 'Canapa e Lino | Category: Canapa e Lino', 'Candele | Category: Candele', 'Cantieri Navali | Category: Cantieri Navali', 'Agenzie di trasporto | Category: Agenzie di trasporto', 'Lido | Location: Lido', 'Mestre | Location: Mestre', 'Marghera | Location: Marghera', 'Murano | Location: Murano', 'Sarti da uomo | Category: Sarti da uomo']
  -> Actual CSV columns: Name,Address,Location,Category,Additional Info
  -> WARNING: 6 rows (5%) missing both Address and Location on page_286.jpg
  -> Section state carries address: Calle Larga S. Marcon
Done.
Processing: page_287.jpg
  -> Layout type: SIMPLE_LAYOUT
  -> Ad type: NO_AD
  -> Page type inferred: 
  -> Inferred schema: Name,Address,Location,Category,Additional Info
  -> Final schema: Name, Address, Location, Category, Additional Info
  -> Actual CSV columns: Name, Address, Location, Category, Additional Info
  -> WARNING: 1 rows (1%) missing both Address and Location on page_287.jpg
  -> Section state carries address: "Mestre Piazza Umberto I"
Done.
Processing: page_288.jpg
  -> Layout type: COMPLEX_LAYOUT
  -> Ad type: PARTIAL_AD
  -> Page type inferred: 
  -> Inferred schema: Name,Address,Location,Category,Additional Info
  -> Final schema: Name, Address, Location, Category, Additional Info
  -> Multi-section page detected: ['Lido | Location: Lido', 'Mestre | Location: Mestre', 'Murano | Location: Murano', 'Marghera | Location: Marghera', 'Favaro Veneto | Location: Favaro Veneto', 'Chirignago | Location: Chirignago', 'Malcontenta | Location: Malcontenta', 'Sartorie e confezioni per signora | Category: Sartorie e confezioni per signora', 'Sartorie e confezioni per uomo | Category: Sartorie e confezioni per uomo', 'Scaldabagni elettrici | Category: Scaldabagni elettrici', 'Scatole | Category: Scatole']
  -> Image re-pass enabled (complex layout + ads + 11 sections).
  -> Actual CSV columns: Name,Address,Location,Category,Additional Info
  -> WARNING: 5 rows (5%) missing both Address and Location on page_288.jpg
  -> Section state carries address: S. POLO 2200
Done.
Processing: page_289.jpg
  -> Layout type: COMPLEX_LAYOUT
  -> Ad type: PARTIAL_AD
  -> Page type inferred: 
  -> Inferred schema: Name,Address,Location,Category,Additional Info
  -> Final schema: Name, Address, Location, Category, Additional Info
  -> Multi-section page detected: ['Camicerie da uomo | Category: Camicerie da uomo', 'Canapa e Lino | Category: Canapa e Lino', 'Candele | Category: Candele', 'Cantieri Navali | Category: Cantieri Navali', 'Agenzie di trasporto | Category: Agenzie di trasporto', 'Lido | Location: Lido', 'Mestre | Location: Mestre', 'Marghera | Location: Marghera', 'Murano | Location: Murano', 'Sciroppi | Category: Sciroppi', 'Scopai | Category: Scopai', 'Sego | Category: Sego', 'Sementi | Category: Sementi', 'Semi oleosi | Category: Semi oleosi', 'Semiotrica | Category: Semiotrica', 'Scuole di datilografia | Category: Scuole di datilografia', 'Scuole di Taglio | Category: Scuole di Taglio', 'Segherie | Category: Segherie', 'Serramenti | Category: Serramenti', 'Soterie | Category: Soterie', 'Segnalazioni luminose | Category: Segnalazioni luminose']
  -> Image re-pass enabled (complex layout + ads + 21 sections).
  -> Actual CSV columns: Name,Address,Location,Category,Additional Info
  -> WARNING: 14 rows (23%) missing both Address and Location on page_289.jpg
  -> Section state carries address: "Castello 6072"
Done.
Processing: page_290.jpg
  -> Layout type: COMPLEX_LAYOUT
  -> Ad type: PARTIAL_AD
  -> Page type inferred: 
  -> Inferred schema: Name,Address,Location,Category,Additional Info
  -> Final schema: Name, Address, Location, Category, Additional Info
  -> Multi-section page detected: ['Seterie e lanerie | Category: Seterie e lanerie', 'Smalti | Category: Smalti', 'Smalti e ori per mosaici | Category: Smalti e ori per mosaici', 'Società di assicurazioni | Category: Società di assicurazioni', 'Mestre | Location: Mestre']
  -> Image re-pass enabled (complex layout + ads + 5 sections).
  -> Actual CSV columns: Name,Address,Location,Category,Additional Info
  -> WARNING: 6 rows (16%) missing both Address and Location on page_290.jpg
  -> Section state carries address: Campo Manin 4023
Done.
Processing: page_291.jpg
  -> Layout type: COMPLEX_LAYOUT
  -> Ad type: PARTIAL_AD
  -> Page type inferred: 
  -> Inferred schema: Name,Address,Location,Category,Additional Info
  -> Final schema: Name, Address, Location, Category, Additional Info
  -> Multi-section page detected: ['Società immobiliari | Category: Società immobiliari', 'Lido | Location: Lido', 'Società minerarie | Category: Società minerarie', 'Porto Marghera | Location: Porto Marghera', 'Società mobiliari e agricole | Category: Società mobiliari e agricole', 'Società di navigazione | Category: Società di navigazione']
  -> Image re-pass enabled (complex layout + ads + 6 sections).
  -> Actual CSV columns: Name,Address,Location,Category,Additional Info
  -> WARNING: 4 rows (7%) missing both Address and Location on page_291.jpg
  -> Section state carries address: Via XXII Marzo, 2288
Done.
Processing: page_292.jpg
  -> Layout type: COMPLEX_LAYOUT
  -> Ad type: The page contains a mix of directory content and advertisement-like content. The presence of visually separated text, listings with different formatting, and promotional statements (such as for "P.E.L.V." and "duse." with additional information beyond standard directory entries) suggest that there are small ads present. Therefore, the page should be labeled as PARTIAL_AD.
  -> Page type inferred: 
  -> Inferred schema: Name,Address,Location,Category,Additional Info
  -> Final schema: Name, Address, Location, Category, Additional Info
  -> Multi-section page detected: ['Soffierie | Category: Soffierie', 'Murano | Location: Murano', 'Cannaregio | Location: Cannaregio', 'Marghera | Location: Marghera', 'Specchi veneziani | Category: Specchi veneziani', 'Specialità veneziane | Category: Specialità veneziane', 'Lido | Location: Lido', 'Castello | Location: Castello', 'Mestre | Location: Mestre']
  -> Actual CSV columns: Name,Address,Location,Category,Additional Info
  -> WARNING: 3 rows (8%) missing both Address and Location on page_292.jpg
  -> Section state carries address: VIAFRATELLI N. 31
Done.
Processing: page_293.jpg
  -> Layout type: COMPLEX_LAYOUT
  -> Ad type: PARTIAL_AD
  -> Page type inferred: 
  -> Inferred schema: Name,Address,Location,Category,Additional Info
  -> Final schema: Name, Address, Location, Category, Additional Info
  -> Actual CSV columns: Name,Address,Location,Category,Additional Info
  -> WARNING: 2 rows (2%) missing both Address and Location on page_293.jpg
  -> Section state carries address: Venezia S. Polo 1479
Done.
Processing: page_294.jpg
  -> Layout type: COMPLEX_LAYOUT
  -> Ad type: PARTIAL_AD
  -> Page type inferred: 
  -> Inferred schema: Name,Address,Location,Category,Additional Info
  -> Final schema: Name, Address, Location, Category, Additional Info
  -> Multi-section page detected: ['Camicerie da uomo | Category: Camicerie da uomo', 'Canapa e Lino | Category: Canapa e Lino', 'Candele | Category: Candele', 'Cantieri Navali | Category: Cantieri Navali', 'Agenzie di trasporto | Category: Agenzie di trasporto', 'Lido | Location: Lido', 'Mestre | Location: Mestre', 'Marghera | Location: Marghera', 'Murano | Location: Murano']
  -> Image re-pass enabled (complex layout + ads + 9 sections).
  -> Actual CSV columns: Name,Address,Location,Category,Additional Info
  -> WARNING: 1 rows (1%) missing both Address and Location on page_294.jpg
  -> Section state carries address: San Luca, 4152 a
Done.
Processing: page_295.jpg
  -> Layout type: COMPLEX_LAYOUT
  -> Ad type: PARTIAL_AD
  -> Page type inferred: 
  -> Inferred schema: Name,Address,Location,Category,Additional Info
  -> Final schema: Name, Address, Location, Category, Additional Info
  -> Multi-section page detected: ['Agenzie di trasporto | Category: Agenzie di trasporto', 'Spettacoli educativi e morali | Category: Spettacoli educativi e morali', 'Squerì | Category: Squerì', 'Stabilimenti bagni e doce | Category: Stabilimenti bagni e doce', 'Stoffe per arredamenti | Category: Stoffe per arredamenti', 'Stoffe per mobili | Category: Stoffe per mobili', 'Lido | Location: Lido', 'Mestre | Location: Mestre', 'Marghera | Location: Marghera', 'Murano | Location: Murano']
  -> Image re-pass enabled (complex layout + ads + 10 sections).
  -> Actual CSV columns: Name,Address,Location,Category,Additional Info
  -> WARNING: 6 rows (10%) missing both Address and Location on page_295.jpg
  -> Section state carries address: S. Giovanni Decolato 1320
Done.
Processing: page_296.jpg
  -> Layout type: COMPLEX_LAYOUT
  -> Ad type: PARTIAL_AD
  -> Page type inferred: 
  -> Inferred schema: Name,Address,Location,Category,Additional Info
  -> Final schema: Name, Address, Location, Category, Additional Info
  -> Multi-section page detected: ['Camicerie da uomo | Category: Camicerie da uomo', 'Canapa e Lino | Category: Canapa e Lino', 'Candele | Category: Candele', 'Cantieri Navali | Category: Cantieri Navali', 'Agenzie di trasporto | Category: Agenzie di trasporto', 'Stoffe e Tessuti | Category: Stoffe e Tessuti', 'Stracci | Category: Stracci', 'Stufe | Category: Stufe', 'Sughero | Category: Sughero', 'Strumenti musicali | Category: Strumenti musicali', 'Surrogati di caffè | Category: Surrogati di caffè', 'Lido | Location: Lido', 'Mestre | Location: Mestre', 'Marghera | Location: Marghera', 'Murano | Location: Murano']
  -> Image re-pass enabled (complex layout + ads + 15 sections).
  -> Actual CSV columns: Name,Address,Location,Category,Additional Info
  -> WARNING: 6 rows (10%) missing both Address and Location on page_296.jpg
  -> Section state carries address: Via XXII Marzo, 2288
Done.
Processing: page_297.jpg
  -> Layout type: COMPLEX_LAYOUT
  -> Ad type: PARTIAL_AD
  -> Page type inferred: 
  -> Inferred schema: Name,Address,Location,Category,Additional Info
  -> Final schema: Name, Address, Location, Category, Additional Info
  -> Multi-section page detected: ['Tabacchi | Category: Tabacchi', 'Tabaccherie | Category: Tabaccherie', 'Marghera | Location: Marghera', 'Mestre | Location: Mestre', 'Lido | Location: Lido', 'Murano | Location: Murano']
  -> Image re-pass enabled (complex layout + ads + 6 sections).
  -> Actual CSV columns: Name,Address,Location,Category,Additional Info
  -> WARNING: 3 rows (3%) missing both Address and Location on page_297.jpg
  -> Section state carries address: VENEZIA - S. Laco, 4152 - Tel. 23.432
Done.
Processing: page_298.jpg
  -> Layout type: COMPLEX_LAYOUT
  -> Ad type: PARTIAL_AD
  -> Page type inferred: 
  -> Inferred schema: Name,Address,Location,Category,Additional Info
  -> Final schema: Name, Address, Location, Category, Additional Info
  -> Multi-section page detected: ['Camicerie da uomo | Category: Camicerie da uomo', 'Canapa e Lino | Category: Canapa e Lino', 'Candele | Category: Candele', 'Cantieri Navali | Category: Cantieri Navali', 'Agenzie di trasporto | Category: Agenzie di trasporto', 'Lido | Location: Lido', 'Mestre | Location: Mestre', 'Marghera | Location: Marghera', 'Murano | Location: Murano', 'Tappeti | Category: Tappeti', 'Tappeti persiani | Category: Tappeti persiani', 'Tappezzerie | Category: Tappezzerie', 'Tappezzieri | Category: Tappezzieri']
  -> Image re-pass enabled (complex layout + ads + 13 sections).
  -> Actual CSV columns: Name,Address,Location,Category,Additional Info
  -> WARNING: 9 rows (9%) missing both Address and Location on page_298.jpg
  -> Section state carries address: CANNAREGIO
Done.
Processing: page_299.jpg
  -> Layout type: COMPLEX_LAYOUT
  -> Ad type: The page contains advertisement-like content, such as the decorative and marketing-style blocks for Ditta GIUSEPPE RUFFINI and GRANDI MAGAZZINI DELLA FABBRICA LOMBARDA BIANCHERIA. These sections feature distinct formatting and promotional language separate from the main directory content. Therefore, the appropriate label for this page is PARTIAL_AD.
  -> Page type inferred: 
  -> Inferred schema: Name,Address,Location,Category,Additional Info
  -> Final schema: Name, Address, Location, Category, Additional Info
  -> Multi-section page detected: ['Camicerie da uomo | Category: Camicerie da uomo', 'Canapa e Lino | Category: Canapa e Lino', 'Candele | Category: Candele', 'Cantieri Navali | Category: Cantieri Navali', 'Agenzie di trasporto | Category: Agenzie di trasporto', 'Lido | Location: Lido', 'Mestre | Location: Mestre', 'Marghera | Location: Marghera', 'Murano | Location: Murano', 'Targhe | Category: Targhe', 'Teatri | Category: Teatri', 'Telefoni | Category: Telefoni', 'Telerie | Category: Telerie', 'Tendaggi | Category: Tendaggi', 'Termometri | Category: Termometri', 'Terraglie, Porcellane e affini | Category: Terraglie, Porcellane e affini', 'Terrrazzi | Category: Terrrazzi']
  -> Actual CSV columns: Name,Address,Location,Category,Additional Info
  -> WARNING: 9 rows (17%) missing both Address and Location on page_299.jpg
  -> Section state carries address: Cann. 3618
Done.
Processing: page_300.jpg
  -> Layout type: COMPLEX_LAYOUT
  -> Ad type: PARTIAL_AD
  -> Page type inferred: 
  -> Inferred schema: Name,Address,Location,Category,Additional Info
  -> Final schema: Name, Address, Location, Category, Additional Info
  -> Multi-section page detected: ['Tessili | Category: Tessili', 'Lido | Location: Lido', "Tessiture seriche per l'arredamento | Category: Tessiture seriche per l'arredamento", 'Tessuti | Category: Tessuti', 'Mestre | Location: Mestre', "Tessuti d'arte | Category: Tessuti d'arte", 'Tessuti filati manifatture, commercio | Category: Tessuti filati manifatture, commercio']
  -> Image re-pass enabled (complex layout + ads + 7 sections).
  -> Actual CSV columns: Name,Address,Location,Category,Additional Info
  -> WARNING: 7 rows (10%) missing both Address and Location on page_300.jpg
  -> Section state carries address: Via Tessera 468
Done.
Processing: page_301.jpg
  -> Layout type: COMPLEX_LAYOUT
  -> Ad type: PARTIAL_AD
  -> Page type inferred: 
  -> Inferred schema: Name,Address,Location,Category,Additional Info
  -> Final schema: Name, Address, Location, Category, Additional Info
  -> Multi-section page detected: ['Camicerie da uomo | Category: Camicerie da uomo', 'Canapa e Lino | Category: Canapa e Lino', 'Candele | Category: Candele', 'Cantieri Navali | Category: Cantieri Navali', 'Agenzie di trasporto | Category: Agenzie di trasporto', 'Lido | Location: Lido', 'Mestre | Location: Mestre', 'Marghera | Location: Marghera', 'Murano | Location: Murano', 'Tessuti serici | Category: Tessuti serici', "Tessuti serici d'arte | Category: Tessuti serici d'arte", 'Tessuti stampati e artistici | Category: Tessuti stampati e artistici', 'Timbri di gomma, in metallo e Incisioni | Category: Timbri di gomma, in metallo e Incisioni', 'Tintorie e puliture a secco | Category: Tintorie e puliture a secco', 'Tinture per abiti, stoffe ecc. | Category: Tinture per abiti, stoffe ecc.']
  -> Image re-pass enabled (complex layout + ads + 15 sections).
  -> Actual CSV columns: Name,Address,Location,Category,Additional Info
  -> WARNING: 6 rows (24%) missing both Address and Location on page_301.jpg
  -> Section state carries address: Calle Nuova S. Simeone 703
Done.
Processing: page_302.jpg
  -> Layout type: COMPLEX_LAYOUT
  -> Ad type: PARTIAL_AD
  -> Page type inferred: 
  -> Inferred schema: Name,Address,Location,Category,Additional Info
  -> Final schema: Name, Address, Location, Category, Additional Info
  -> Multi-section page detected: ['Tipografie | Category: Tipografie', 'Mestre | Location: Mestre', 'Torba | Category: Torba', 'Tornitori in legno | Category: Tornitori in legno', 'Torroni | Category: Torroni', 'Marghera | Location: Marghera']
  -> Image re-pass enabled (complex layout + ads + 6 sections).
  -> Actual CSV columns: Name,Address,Location,Category,Additional Info
  -> WARNING: 1 rows (2%) missing both Address and Location on page_302.jpg
  -> Section state carries address: Cann. 2362
Done.
Processing: page_303.jpg
  -> Layout type: COMPLEX_LAYOUT
  -> Ad type: PARTIAL_AD
  -> Page type inferred: 
  -> Inferred schema: Name,Address,Location,Category,Additional Info
  -> Final schema: Name, Address, Location, Category, Additional Info
  -> Multi-section page detected: ["COMPRESSORI D'ARIA | Category: COMPRESSORI D'ARIA", 'TRAPANI ELETTRICI | Category: TRAPANI ELETTRICI', 'Trasformatori | Category: Trasformatori', 'Trasporti | Category: Trasporti', 'Trasporti aerei | Category: Trasporti aerei', 'Trasporti carcerari | Category: Trasporti carcerari', 'Trasporti con cisterna | Category: Trasporti con cisterna', 'Trasporti fluviali | Category: Trasporti fluviali', 'Mestre | Location: Mestre', 'Lido | Location: Lido']
  -> Image re-pass enabled (complex layout + ads + 10 sections).
  -> Actual CSV columns: Name,Address,Location,Category,Additional Info
  -> WARNING: 8 rows (30%) missing both Address and Location on page_303.jpg
  -> Section state carries address: "Via XXII Marzo, 2288"
Done.
Processing: page_304.jpg
  -> Layout type: COMPLEX_LAYOUT
  -> Ad type: PARTIAL_AD
  -> Page type inferred: 
  -> Inferred schema: Name,Address,Location,Category,Additional Info
  -> Final schema: Name, Address, Location, Category, Additional Info
  -> Actual CSV columns: Name,Address,Location,Category,Additional Info
  -> Section state carries address: Campo Ss. Apostoli, 4463
Done.
Processing: page_305.jpg
  -> Layout type: COMPLEX_LAYOUT
  -> Ad type: PARTIAL_AD
  -> Page type inferred: 
  -> Inferred schema: Name,Address,Location,Category,Additional Info
  -> Final schema: Name, Address, Location, Category, Additional Info
  -> Multi-section page detected: ['Camicerie da uomo | Category: Camicerie da uomo', 'Canapa e Lino | Category: Canapa e Lino', 'Candele | Category: Candele', 'Cantieri Navali | Category: Cantieri Navali', 'Agenzie di trasporto | Category: Agenzie di trasporto', 'Lido | Location: Lido', 'Mestre | Location: Mestre', 'Marghera | Location: Marghera', 'Murano | Location: Murano']
  -> Image re-pass enabled (complex layout + ads + 9 sections).
  -> Actual CSV columns: Name,Address,Location,Category,Additional Info
  -> WARNING: 1 rows (2%) missing both Address and Location on page_305.jpg
  -> Section state carries address: Mestre, Via Piave 31
Done.
Processing: page_306.jpg
  -> Layout type: COMPLEX_LAYOUT
  -> Ad type: PARTIAL_AD
  -> Page type inferred: 
  -> Inferred schema: Name,Address,Location,Category,Additional Info
  -> Final schema: Name, Address, Location, Category, Additional Info
  -> Multi-section page detected: ['ARMATORE | Category: ARMATORE', 'TRASPORTI FORFAIT | Category: TRASPORTI FORFAIT', 'MESTRE | Location: MESTRE', 'Trasporti e spedizioni | Category: Trasporti e spedizioni', 'Trasporti postali | Category: Trasporti postali', 'Lido | Location: Lido', 'Trasporti servizi portuali | Category: Trasporti servizi portuali', 'AFFITTI APPARTAMENTI | Category: AFFITTI APPARTAMENTI']
  -> Image re-pass enabled (complex layout + ads + 8 sections).
  -> Actual CSV columns: Name,Address,Location,Category,Additional Info
  -> WARNING: 5 rows (24%) missing both Address and Location on page_306.jpg
  -> Section state carries address: VENEZIA - S. Croce 1851
Done.
Processing: page_307.jpg
  -> Layout type: COMPLEX_LAYOUT
  -> Ad type: PARTIAL_AD
  -> Page type inferred: 
  -> Inferred schema: Name,Address,Location,Category,Additional Info
  -> Final schema: Name, Address, Location, Category, Additional Info
  -> Multi-section page detected: ['Camicerie da uomo | Category: Camicerie da uomo', 'Canapa e Lino | Category: Canapa e Lino', 'Candele | Category: Candele', 'Cantieri Navali | Category: Cantieri Navali', 'Agenzie di trasporto | Category: Agenzie di trasporto', 'Mestre | Location: Mestre', 'Murano | Location: Murano', 'Lido | Location: Lido', 'Malamocco | Location: Malamocco']
  -> Image re-pass enabled (complex layout + ads + 9 sections).
  -> Actual CSV columns: Name,Address,Location,Category,Additional Info
  -> WARNING: 4 rows (5%) missing both Address and Location on page_307.jpg
  -> Section state carries address: Lido, Via F. Grimani 3
Done.
Processing: page_308.jpg
  -> Layout type: COMPLEX_LAYOUT
  -> Ad type: PARTIAL_AD
  -> Page type inferred: 
  -> Inferred schema: Name,Address,Location,Category,Additional Info
  -> Final schema: Name, Address, Location, Category, Additional Info
  -> Actual CSV columns: Name,Address,Location,Category,Additional Info
  -> Section state carries address: VENEZIA, Via XXII Marzo, 2288
Done.
Processing: page_309.jpg
  -> Layout type: COMPLEX_LAYOUT
  -> Ad type: PARTIAL_AD
  -> Page type inferred: 
  -> Inferred schema: Name,Address,Location,Category,Additional Info
  -> Final schema: Name, Address, Location, Category, Additional Info
  -> Multi-section page detected: ['Candele | Category: Candele', 'Cantieri Navali | Category: Cantieri Navali', 'Agenzie di trasporto | Category: Agenzie di trasporto', 'Murano | Location: Murano', 'Lido | Location: Lido']
  -> Image re-pass enabled (complex layout + ads + 5 sections).
  -> Actual CSV columns: Name,Address,Location,Category,Additional Info
  -> WARNING: 1 rows (1%) missing both Address and Location on page_309.jpg
  -> Section state carries address: S. Polo, 1479
Done.
Processing: page_310.jpg
  -> Layout type: COMPLEX_LAYOUT
  -> Ad type: PARTIAL_AD
  -> Page type inferred: 
  -> Inferred schema: Name,Address,Location,Category,Additional Info
  -> Final schema: Name, Address, Location, Category, Additional Info
  -> Multi-section page detected: ['Camicerie da uomo | Category: Camicerie da uomo', 'Canapa e Lino | Category: Canapa e Lino', 'Candele | Category: Candele', 'Cantieri Navali | Category: Cantieri Navali', 'Agenzie di trasporto | Category: Agenzie di trasporto', 'Lido | Location: Lido', 'Mestre | Location: Mestre', 'Marghera | Location: Marghera', 'Murano | Location: Murano', 'Trebbbiatura | Category: Trebbbiatura', 'Tubazioni industriali | Category: Tubazioni industriali', 'Tubi in cemento | Category: Tubi in cemento', 'Tubi in ferro e acciaio | Category: Tubi in ferro e acciaio', 'Turaccioli | Category: Turaccioli']
  -> Image re-pass enabled (complex layout + ads + 14 sections).
  -> Actual CSV columns: Name,Address,Location,Category,Additional Info
  -> WARNING: 5 rows (17%) missing both Address and Location on page_310.jpg
  -> Section state carries address: Stabil. e Ammin.: Fond. Cannaregio, 970, Palazzo Surian
Done.
Processing: page_311.jpg
  -> Layout type: COMPLEX_LAYOUT
  -> Ad type: PARTIAL_AD
  -> Page type inferred: 
  -> Inferred schema: Name,Address,Location,Category,Additional Info
  -> Final schema: Name, Address, Location, Category, Additional Info
  -> Multi-section page detected: ['Turismo | Category: Turismo', 'Lido | Location: Lido', 'Mestre | Location: Mestre', 'Uova | Category: Uova', 'Utensilerie meccaniche | Category: Utensilerie meccaniche', 'Utensili | Category: Utensili', 'Utensili in acciaio | Category: Utensili in acciaio', 'Utensili da taglio | Category: Utensili da taglio', 'Utensili ed utensileria | Category: Utensili ed utensileria', 'Valigeria, pelletterie | Category: Valigeria, pelletterie']
  -> Image re-pass enabled (complex layout + ads + 10 sections).
  -> Actual CSV columns: Name,Address,Location,Category,Additional Info
  -> WARNING: 11 rows (25%) missing both Address and Location on page_311.jpg
  -> Section state carries address: Via XXII Marzo, 2288
Done.
Processing: page_312.jpg
  -> Layout type: COMPLEX_LAYOUT
  -> Ad type: PARTIAL_AD
  -> Page type inferred: 
  -> Inferred schema: Name,Address,Location,Category,Additional Info
  -> Final schema: Name, Address, Location, Category, Additional Info
  -> Multi-section page detected: ['Vallicoltura | Category: Vallicoltura', 'Vele e bandiere | Category: Vele e bandiere', 'Vernici e smalti | Category: Vernici e smalti', 'Vernici sottomarine | Category: Vernici sottomarine', 'Vestuario | Category: Vestuario', 'Vetrate artistiche | Category: Vetrate artistiche', 'Lido | Location: Lido', 'Marghera | Location: Marghera', 'Murano | Location: Murano']
  -> Image re-pass enabled (complex layout + ads + 9 sections).
  -> Actual CSV columns: Name,Address,Location,Category,Additional Info
  -> WARNING: 8 rows (22%) missing both Address and Location on page_312.jpg
  -> Section state carries address: P. Marghera Via Volta 1
Done.
Processing: page_313.jpg
  -> Layout type: COMPLEX_LAYOUT
  -> Ad type: PARTIAL_AD
  -> Page type inferred: 
  -> Inferred schema: Name,Address,Location,Category,Additional Info
  -> Final schema: Name, Address, Location, Category, Additional Info
  -> Multi-section page detected: ['Camicerie da uomo | Category: Camicerie da uomo', 'Canapa e Lino | Category: Canapa e Lino', 'Candele | Category: Candele', 'Cantieri Navali | Category: Cantieri Navali', 'Vetrerie in genere | Category: Vetrerie in genere', 'Vetrerie scientifiche e farmaceutiche | Category: Vetrerie scientifiche e farmaceutiche', 'Vetri artistici | Category: Vetri artistici', 'Lido | Location: Lido', 'Mestre | Location: Mestre', 'Marghera | Location: Marghera', 'Murano | Location: Murano']
  -> Image re-pass enabled (complex layout + ads + 11 sections).
  -> Actual CSV columns: Name,Address,Location,Category,Additional Info
  -> WARNING: 3 rows (5%) missing both Address and Location on page_313.jpg
  -> Section state carries address: S. Marco, calle del Frari 335, 1479
Done.
Processing: page_314.jpg
  -> Layout type: COMPLEX_LAYOUT
  -> Ad type: PARTIAL_AD
  -> Page type inferred: 
  -> Inferred schema: Name,Address,Location,Category,Additional Info
  -> Final schema: Name, Address, Location, Category, Additional Info
  -> Multi-section page detected: ['Vetri, cristalli e specchi | Category: Vetri, cristalli e specchi', 'Murano | Location: Murano', 'San Marco | Location: San Marco', 'Cannaregio | Location: Cannaregio']
  -> Image re-pass enabled (complex layout + ads + 4 sections).
  -> Actual CSV columns: Name,Address,Location,Category,Additional Info
  -> Section state carries address: San. Luco, 4182 - Tel. 23.432
Done.
Processing: page_315.jpg
  -> Layout type: COMPLEX_LAYOUT
  -> Ad type: PARTIAL_AD
  -> Page type inferred: 
  -> Inferred schema: Name,Address,Location,Category,Additional Info
  -> Final schema: Name, Address, Location, Category, Additional Info
  -> Multi-section page detected: ['MANIFATTURA VETRI - CRISTALLI- SPECCHI | Category: MANIFATTURA VETRI - CRISTALLI- SPECCHI', 'Vetri decorati | Category: Vetri decorati', 'Vetri diffusori | Category: Vetri diffusori', 'Vetri incisi | Category: Vetri incisi', 'Vetri industriali | Category: Vetri industriali', 'PAVIMENTAZIONE RIVESTIMENTI MUSIVI VETROSI | Category: PAVIMENTAZIONE RIVESTIMENTI MUSIVI VETROSI', 'SCHEDARI - MOBILI PER UFFICIO - MACCHINE CONTABILI - MACCHINE PER SCRIVERE - DUPLICATORI - ACCESSORI | Category: SCHEDARI - MOBILI PER UFFICIO - MACCHINE CONTABILI - MACCHINE PER SCRIVERE - DUPLICATORI - ACCESSORI', 'MURANO | Location: MURANO', 'Mestre | Location: Mestre', 'Marghera | Location: Marghera']
  -> Image re-pass enabled (complex layout + ads + 10 sections).
  -> Actual CSV columns: Name,Address,Location,Category,Additional Info
  -> WARNING: 6 rows (10%) missing both Address and Location on page_315.jpg
  -> Section state carries address: Via XXII Marzo, 2288
Done.
Processing: page_316.jpg
  -> Layout type: COMPLEX_LAYOUT
  -> Ad type: PARTIAL_AD
  -> Page type inferred: 
  -> Inferred schema: Name,Address,Location,Category,Additional Info
  -> Final schema: Name, Address, Location, Category, Additional Info
  -> Multi-section page detected: ['Vetri a lume | Category: Vetri a lume', 'Vetri di Murano | Category: Vetri di Murano', 'Vetri neutri | Category: Vetri neutri', 'Vetri sanitari | Category: Vetri sanitari', 'Vetro (lavorazione) | Category: Vetro (lavorazione)', 'Vetroflex (materiale) | Category: Vetroflex (materiale)', 'Vini (commercio enologico) | Category: Vini (commercio enologico)', 'Vini (grossisti) | Category: Vini (grossisti)', 'Vini dettaglio (vedi Osterie) | Category: Vini dettaglio (vedi Osterie)', 'Murano | Location: Murano', 'Mestre | Location: Mestre', 'Lido | Location: Lido']
  -> Image re-pass enabled (complex layout + ads + 12 sections).
  -> Actual CSV columns: Name,Address,Location,Category,Additional Info
  -> WARNING: 9 rows (19%) missing both Address and Location on page_316.jpg
  -> Section state carries address: Santa Marta
Done.
Processing: page_317.jpg
  -> Layout type: SIMPLE_LAYOUT
  -> Ad type: NO_AD
  -> Page type inferred: 
  -> Inferred schema: Name,Address,Location,Category,Additional Info
  -> Final schema: Name, Address, Location, Category, Additional Info
  -> Actual CSV columns: Name,Address,Location,Category,Additional Info
  -> Section state carries address: S. Margherita 3675, S. Polo 1806, Santa Croce 512, del Principe 218, S. Polo 1462
Done.
Processing: page_318.jpg
  -> Layout type: COMPLEX_LAYOUT
  -> Ad type: The label for this page is PARTIAL_AD, as it contains a mix of directory listings and advertisement-like content, such as business promotions and decorative marketing blocks.
  -> Page type inferred: 
  -> Inferred schema: Name,Address,Location,Category,Additional Info
  -> Final schema: Name, Address, Location, Category, Additional Info
  -> Multi-section page detected: ['Vulcanizzazione gomma | Category: Vulcanizzazione gomma', 'Zincografia | Category: Zincografia', 'Zolfo | Category: Zolfo', 'Zuccherifici | Category: Zuccherifici', 'Zucchero | Category: Zucchero', 'Mestre | Location: Mestre', 'Marghera | Location: Marghera', 'Lido | Location: Lido']
  -> Actual CSV columns: Name,Address,Location,Category,Additional Info
  -> WARNING: 5 rows (26%) missing both Address and Location on page_318.jpg
  -> Section state carries address: San Luca, 4152 a
Done.
Processing: page_319.jpg
  -> Layout type: COMPLEX_LAYOUT
  -> Ad type: FULL_AD
Processing: page_320.jpg
  -> OCR refusal detected, retrying with fallback prompt...
  -> OCR still refused after fallback for page_320.jpg, skipping.
Processing: page_321.jpg
  -> Layout type: COMPLEX_LAYOUT
  -> Ad type: FULL_AD
Processing: page_322.jpg
  -> Layout type: COMPLEX_LAYOUT
  -> Ad type: FULL_AD
Processing: page_323.jpg
  -> Layout type: COMPLEX_LAYOUT
  -> Ad type: FULL_AD
Processing: page_324.jpg
  -> Layout type: COMPLEX_LAYOUT
  -> Ad type: FULL_AD
Processing: page_325.jpg
  -> Layout type: COMPLEX_LAYOUT
  -> Ad type: FULL_AD
Processing: page_326.jpg
  -> Layout type: COMPLEX_LAYOUT
  -> Ad type: FULL_AD
Processing: page_327.jpg
  -> Layout type: COMPLEX_LAYOUT
  -> Ad type: FULL_AD
Processing: page_328.jpg
  -> Layout type: COMPLEX_LAYOUT
  -> Ad type: FULL_AD
Processing: page_329.jpg
  -> Layout type: COMPLEX_LAYOUT
  -> Ad type: FULL_AD
Processing: page_330.jpg
  -> OCR refusal detected, retrying with fallback prompt...
  -> OCR still refused after fallback for page_330.jpg, skipping.
Processing: page_331.jpg
  -> OCR refusal detected, retrying with fallback prompt...
  -> Layout type: SIMPLE_LAYOUT
  -> Ad type: FULL_AD
Processing: page_332.jpg
  -> Layout type: COMPLEX_LAYOUT
  -> Ad type: The content of the page appears to be a structured directory list of various businesses and professionals, but there is a section at the end that resembles an advertisement featuring typewriters, calculators, duplicators, and other offers under the label "duse". This section uses all-caps and includes promotional language such as "OCCASIONI - CAMBI - RICOSTRUZIONI - NOLEGGI", along with contact information, which differentiates it from the directory list.


Based on the presence of this advertisement-like content, the most appropriate label for this page is PARTIAL_AD.
  -> Page type inferred: 
  -> Inferred schema: Name,Address,Location,Category
  -> Final schema: Name,Address,Location,Category
  -> Multi-section page detected: ['"duse" | Address: Via XXII Marzo 2288, Category: Macchine per scrivere - Calcolatrici - Duplicatori, Specifics: OCCASIONI - CAMBI - RICOSTRUZIONI - NOLEGGI']
  -> Actual CSV columns: Name,Address,Location,Category,Additional Info
  -> WARNING: 3 rows (7%) missing both Address and Location on page_332.jpg
  -> Section state reset at document boundary (page 332)
  -> Section state carries address: S. Marco 2254
Done.
Processing: page_333.jpg
  -> Layout type: COMPLEX_LAYOUT
  -> Ad type: PARTIAL_AD
  -> Page type inferred: 
  -> Inferred schema: Name,Address,Location,Category,Additional Info
  -> Final schema: Name,Address,Location,Category,Additional Info
  -> Actual CSV columns: Name,Address,Location,Category,Additional Info
  -> Section state carries address: Cannaregio 2617
Done.
Processing: page_334.jpg
  -> Layout type: COMPLEX_LAYOUT
  -> Ad type: PARTIAL_AD
  -> Page type inferred: 
  -> Inferred schema: Name,Address,Location,Category,Additional Info
  -> Final schema: Name, Address, Location, Category, Additional Info
  -> Multi-section page detected: ['COMMERCE GUIDE OF VENICE AND PROVINCE', 'ZAGO F.LLI | Address: Venezia - S. Polo, 1477, Phone: 24-235', 'ZAMPIRONI INSECTIFUGHI • INSETTICIDI | Location: Mestre']
  -> Image re-pass enabled (complex layout + ads + 3 sections).
  -> Actual CSV columns: Name,Address,Location,Category,Additional Info
  -> WARNING: 3 rows (4%) missing both Address and Location on page_334.jpg
  -> Section state carries address: S. Marco 4357
Done.
Processing: page_335.jpg
  -> Layout type: COMPLEX_LAYOUT
  -> Ad type: PARTIAL_AD
  -> Page type inferred: 
  -> Inferred schema: Name,Address,Location,Profession,Role,Additional Info
  -> Final schema: Name, Address, Location, Category, Additional Info, Profession, Role
  -> Multi-section page detected: ['Here are the distinct sections with different structures:', 'AGENZIA P. BORTOLUZZI AFFITTI APPARTAMENTI | Founded: 1877, Address: Venezia - San Ltn-co, 4158, Tel: 23-439']
  -> Actual CSV columns: Name,Address,Location,Category,Additional Info,Profession,Role
  -> WARNING: 2 rows (3%) missing both Address and Location on page_335.jpg
  -> Section state carries address: Venezia - San Ltn-co, 4158
Done.
Processing: page_336.jpg
  -> Layout type: COMPLEX_LAYOUT
  -> Ad type: PARTIAL_AD
  -> Page type inferred: 
  -> Inferred schema: Name,Address,Location,Profession,Role,Additional Info
  -> Final schema: Name, Address, Location, Category, Additional Info, Profession, Role
  -> Actual CSV columns: Name,Address,Location,Category,Additional Info,Profession,Role
  -> WARNING: 6 rows (9%) missing both Address and Location on page_336.jpg
  -> Section state carries address: VENEZIA - Via XXII Marzo 2288, Telefono 25.889
Done.
Processing: page_337.jpg
  -> Layout type: COMPLEX_LAYOUT
  -> Ad type: PARTIAL_AD
  -> Page type inferred: 
  -> Inferred schema: Name,Address,Location,Category
  -> Final schema: Name, Address, Location, Category, Additional Info, Profession, Role
  -> Actual CSV columns: Name,Address,Location,Category,Additional Info,Profession,Role
  -> WARNING: 5 rows (9%) missing both Address and Location on page_337.jpg
  -> Section state carries address: S. Polo 2137
Done.
Processing: page_338.jpg
  -> OCR refusal detected, retrying with fallback prompt...
  -> Layout type: COMPLEX_LAYOUT
  -> Ad type: PARTIAL_AD
  -> Page type inferred: 
  -> Inferred schema: Name,Address,Location,Profession,Role,Additional Info
  -> Final schema: Name, Address, Location, Category, Additional Info, Profession, Role
  -> Actual CSV columns: Name,Address,Location,Category,Additional Info,Profession,Role
  -> WARNING: 3 rows (5%) missing both Address and Location on page_338.jpg
  -> Section state carries address: Via XXII Marzo 2288
Done.
Processing: page_339.jpg
  -> Layout type: SIMPLE_LAYOUT
  -> Ad type: NO_AD
  -> Page type inferred: 
  -> Inferred schema: Name,Address,Location,Profession,Additional Info
  -> Final schema: Name, Address, Location, Category, Additional Info, Profession, Role
  -> Actual CSV columns: Name,Address,Location,Category,Additional Info,Profession,Role
  -> WARNING: 3 rows (5%) missing both Address and Location on page_339.jpg
  -> Section state carries address: Castello 892
Done.
Processing: page_340.jpg
  -> Layout type: SIMPLE_LAYOUT
  -> Ad type: NO_AD
  -> Page type inferred: 
  -> Inferred schema: Name,Address,Location,Role,Profession
  -> Final schema: Name, Address, Location, Category, Additional Info, Profession, Role
  -> Multi-section page detected: ['BANCO S. MARCO | Address: Calle Larga S. Marco 383 - Venezia, Tel: 26-190, Tel: 26-191']
  -> Actual CSV columns: Name,Address,Location,Category,Additional Info,Profession,Role
  -> WARNING: 14 rows (93%) missing both Address and Location on page_340.jpg
  -> Section state carries address: CALLE LARGA S. MARCO 383 - VENEZIA
Done.
Processing: page_341.jpg
  -> OCR refusal detected, retrying with fallback prompt...
  -> Page appears blank or near-empty, skipping semantic processing.
Processing: page_342.jpg
  -> Layout type: COMPLEX_LAYOUT
  -> Ad type: PARTIAL_AD
  -> Page type inferred: 
  -> Inferred schema: Name,Address,Location,Profession,Role,Additional Info
  -> Final schema: Name, Address, Location, Category, Additional Info, Profession, Role
  -> Multi-section page detected: ["Banco di Roma | Address: S. Marco Menorai dell'Orologio 190", 'Banco di Sicilia | Category: Istituto di Diritto Pubblico', 'SODETAR | Category: MACCHINE CONTABILI MACCHINE PER SCRIVERE - DUPLICATORI - ACCESSORI, Address: VENEZIA Via XXI Marzo, n. 2268 - Telefono n. 25-889']
  -> Image re-pass enabled (complex layout + ads + 3 sections).
  -> Actual CSV columns: Name,Address,Location,Category,Additional Info,Profession,Role
  -> WARNING: 17 rows (33%) missing both Address and Location on page_342.jpg
  -> Section state carries address: VENEZIA Via XXI Marzo, n. 2268
Done.
Processing: page_343.jpg
  -> Layout type: COMPLEX_LAYOUT
  -> Ad type: PARTIAL_AD
  -> Page type inferred: 
  -> Inferred schema: Name,Address,Location,Category,Additional Info
  -> Final schema: Name, Address, Location, Category, Additional Info, Profession, Role
  -> Actual CSV columns: Name,Address,Location,Category,Additional Info,Profession,Role
  -> WARNING: 2 rows (3%) missing both Address and Location on page_343.jpg
  -> Section state carries address: S. Marco numero 2888
Done.
Processing: page_344.jpg
  -> Layout type: SIMPLE_LAYOUT
  -> Ad type: NO_AD
  -> Page type inferred: 
  -> Inferred schema: Name,Address,Location,Profession,Role
  -> Final schema: Name, Address, Location, Category, Additional Info, Profession, Role
  -> Actual CSV columns: Name,Address,Location,Category,Additional Info,Profession,Role
  -> WARNING: 4 rows (6%) missing both Address and Location on page_344.jpg
  -> Section state carries address: Cannaregio 293-B
Done.
Processing: page_345.jpg
  -> Layout type: COMPLEX_LAYOUT
  -> Ad type: Based on the provided text, there is no indication of visually separated text, business promotions, different formatting from the main list, or decorative or marketing-style blocks that would be characteristic of advertisements. The content appears to be a structured directory listing of various individuals and businesses in Venice and its province.


Therefore, the page can be classified as:


NO_AD (pure structured directory content)
  -> Page type inferred: 
  -> Inferred schema: Name,Address,Location,Profession,Additional Info
  -> Final schema: Name, Address, Location, Category, Additional Info, Profession, Role
  -> Actual CSV columns: Name,Address,Location,Category,Additional Info,Profession,Role
  -> WARNING: 3 rows (4%) missing both Address and Location on page_345.jpg
  -> Section state carries address: S. Marco 4632
Done.
Processing: page_346.jpg
  -> Layout type: SIMPLE_LAYOUT
  -> Ad type: NO_AD
  -> Page type inferred: 
  -> Inferred schema: Name,Address,Location,Category,Additional Info
  -> Final schema: Name, Address, Location, Category, Additional Info, Profession, Role
  -> Actual CSV columns: Name,Address,Location,Category,Additional Info,Profession,Role
  -> WARNING: 2 rows (3%) missing both Address and Location on page_346.jpg
  -> Section state carries address: S. Polo, 3057
Done.
Processing: page_347.jpg
  -> Layout type: COMPLEX_LAYOUT
  -> Ad type: PARTIAL_AD
  -> Page type inferred: 
  -> Inferred schema: Name,Address,Location,Category,Additional Info
  -> Final schema: Name, Address, Location, Category, Additional Info, Profession, Role
  -> Multi-section page detected: ['OFFICINA RIPARAZIONI MACCHINE PER SCRIVERE | Address: Via XXII Marzo, 2288, Phone: 25-889']
  -> Actual CSV columns: Name,Address,Location,Category,Additional Info,Profession,Role
  -> WARNING: 4 rows (6%) missing both Address and Location on page_347.jpg
  -> Section state carries address: Campo S. Maria Fromnon
Done.
Processing: page_348.jpg
  -> Layout type: SIMPLE_LAYOUT
  -> Ad type: NO_AD
  -> Page type inferred: 
  -> Inferred schema: Name,Address,Location,Category
  -> Final schema: Name, Address, Location, Category, Additional Info, Profession, Role
  -> Actual CSV columns: Name,Address,Location,Category,Additional Info,Profession,Role
  -> Section state carries address: S. Marco, Ponte del Lovo 4773
Done.
Processing: page_349.jpg
  -> OCR refusal detected, retrying with fallback prompt...
  -> OCR still refused after fallback for page_349.jpg, skipping.
Processing: page_350.jpg
  -> Layout type: SIMPLE_LAYOUT
  -> Ad type: NO_AD
  -> Page type inferred: 
  -> Inferred schema: Name,Address,Location,Category,Profession,Role,Additional Info
  -> Final schema: Name, Address, Location, Category, Additional Info, Profession, Role
  -> Actual CSV columns: Name,Address,Location,Category,Additional Info,Profession,Role
  -> WARNING: 4 rows (5%) missing both Address and Location on page_350.jpg
  -> Section state carries address: Via Garibaldi 65
Done.
Processing: page_351.jpg
  -> Layout type: SIMPLE_LAYOUT
  -> Ad type: NO_AD
  -> Page type inferred: 
  -> Inferred schema: Name,Address,Location,Category,Additional Info
  -> Final schema: Name, Address, Location, Category, Additional Info, Profession, Role
  -> Actual CSV columns: Name,Address,Location,Category,Additional Info,Profession,Role
  -> WARNING: 5 rows (7%) missing both Address and Location on page_351.jpg
  -> Section state carries address: Via Cappuccina 72
Done.
Processing: page_352.jpg
  -> Layout type: COMPLEX_LAYOUT
  -> Ad type: PARTIAL_AD
  -> Page type inferred: 
  -> Inferred schema: Name,Address,Location,Category,Additional Info
  -> Final schema: Name, Address, Location, Category, Additional Info, Profession, Role
  -> Multi-section page detected: ['Duse\xa0Macchine per scrivere • Calcolatrici • Duplicatori | Address: Venezia, Via XXI Marzo 2288, Telefono: 25.889']
  -> Actual CSV columns: Name,Address,Location,Category,Additional Info,Profession,Role
  -> WARNING: 7 rows (11%) missing both Address and Location on page_352.jpg
  -> Section state carries address: S. Marco 1342
Done.
Processing: page_353.jpg
  -> Layout type: SIMPLE_LAYOUT
  -> Ad type: NO_AD
  -> Page type inferred: 
  -> Inferred schema: Name,Address,Location,Profession,Role
  -> Final schema: Name, Address, Location, Category, Additional Info, Profession, Role
  -> Actual CSV columns: Name,Address,Location,Category,Additional Info,Profession,Role
  -> WARNING: 3 rows (4%) missing both Address and Location on page_353.jpg
  -> Section state carries address: S. Marco 213
Done.
Processing: page_354.jpg
  -> Layout type: COMPLEX_LAYOUT
  -> Ad type: PARTIAL_AD
  -> Page type inferred: 
  -> Inferred schema: Name,Address,Location,Role,Profession
  -> Final schema: Name, Address, Location, Category, Additional Info, Profession, Role
  -> Actual CSV columns: Name,Address,Location,Category,Additional Info,Profession,Role
  -> WARNING: 9 rows (14%) missing both Address and Location on page_354.jpg
  -> Section state carries address: S. Polo n. 2221, 1479
Done.
Processing: page_355.jpg
  -> Layout type: COMPLEX_LAYOUT
  -> Ad type: PARTIAL_AD
  -> Page type inferred: 
  -> Inferred schema: Name,Address,Location,Profession,Role,Additional Info
  -> Final schema: Name, Address, Location, Category, Additional Info, Profession, Role
  -> Multi-section page detected: ['The text from the 1947 Venetian almanac contains multiple distinct sections with different structures. Here are the sections listed as per the provided format:', '2. AGENZIA P. BORTOLUZZI | Fondata: 1877', '3. ARTI GRAFICHE ESPERIA', '4. GIORNALI * - LIBRI RIVISTE - OPUSCOLI | Location: Venezia S. Antonia 3579 r, Tel: 23-558']
  -> Image re-pass enabled (complex layout + ads + 4 sections).
  -> Actual CSV columns: Name,Address,Location,Category,Additional Info,Profession,Role
  -> WARNING: 7 rows (10%) missing both Address and Location on page_355.jpg
  -> Section state carries address: Lido, Via Tiro 9
Done.
Processing: page_356.jpg
  -> Layout type: COMPLEX_LAYOUT
  -> Ad type: PARTIAL_AD
  -> Page type inferred: 
  -> Inferred schema: Name,Address,Location,Profession,Role,Additional Info
  -> Final schema: Name, Address, Location, Category, Additional Info, Profession, Role
  -> Actual CSV columns: Name,Address,Location,Category,Additional Info,Profession,Role
  -> WARNING: 4 rows (6%) missing both Address and Location on page_356.jpg
  -> Section state carries address: Vie XXII Moreo, 2288
Done.
Processing: page_357.jpg
  -> Layout type: COMPLEX_LAYOUT
  -> Ad type: The page provided contains a list of names, occupations, addresses, and contact information, which resembles a structured directory or business listing. However, towards the end, there seems to be a mix of content, which might be an ad or a decorative block with terms like "VENEZIA" and a phone number, though it is not clear if this is promotional or part of the directory. 


Given the guidelines to be conservative and that the presence of any advertisement-like content, even small ones, should result in a "PARTIAL_AD" classification, this page qualifies as PARTIAL_AD.
  -> Page type inferred: 
  -> Inferred schema: Name,Address,Location,Role,Profession,Additional Info
  -> Final schema: Name, Address, Location, Category, Additional Info, Profession, Role
  -> Actual CSV columns: Name,Address,Location,Category,Additional Info,Profession,Role
  -> WARNING: 7 rows (12%) missing both Address and Location on page_357.jpg
  -> Section state carries address: S. Marco 2145
Done.
Processing: page_358.jpg
  -> Layout type: COMPLEX_LAYOUT
  -> Ad type: PARTIAL_AD
  -> Page type inferred: 
  -> Inferred schema: Name,Address,Location,Category,Additional Info
  -> Final schema: Name, Address, Location, Category, Additional Info, Profession, Role
  -> Multi-section page detected: ['"duse." Macchine per scrivere - Calcolatrici - Duplicatori | Address: Via XXII Marzo 2288, Telefono: 25.889']
  -> Actual CSV columns: Name,Address,Location,Category,Additional Info,Profession,Role
  -> WARNING: 1 rows (1%) missing both Address and Location on page_358.jpg
  -> Section state carries address: Via XXII Marzo 2288
Done.
Processing: page_359.jpg
  -> Layout type: COMPLEX_LAYOUT
  -> Ad type: PARTIAL_AD
  -> Page type inferred: 
  -> Inferred schema: Name,Address,Location,Profession,Role
  -> Final schema: Name, Address, Location, Category, Additional Info, Profession, Role
  -> Actual CSV columns: Name,Address,Location,Category,Additional Info,Profession,Role
  -> Section state carries address: Via XXII Marzo, 2288
Done.
Processing: page_360.jpg
  -> Layout type: SIMPLE_LAYOUT
  -> Ad type: NO_AD
  -> Page type inferred: 
  -> Inferred schema: Name,Address,Location,Category,Additional Info
  -> Final schema: Name, Address, Location, Category, Additional Info, Profession, Role
  -> Actual CSV columns: Name,Address,Location,Category,Additional Info,Profession,Role
  -> WARNING: 5 rows (7%) missing both Address and Location on page_360.jpg
  -> Section state carries address: Castello 5540
Done.
Processing: page_361.jpg
  -> Layout type: SIMPLE_LAYOUT
  -> Ad type: NO_AD
  -> Page type inferred: 
  -> Inferred schema: Name,Address,Location,Category,Additional Info
  -> Final schema: Name, Address, Location, Category, Additional Info, Profession, Role
  -> Multi-section page detected: ['MULTIPLE_SECTIONS_PRESENT', 'Forniture complete MOBILI e ACCESSORI per UFFICI | Brand: "duse", Address: VENEZIA • Via XXII Marzo, 2288, Telephone: 25.889']
  -> Actual CSV columns: Name,Address,Location,Category,Additional Info,Profession,Role
  -> Section state carries address: Porto Marghera, Via Cementi 6
Done.
Processing: page_362.jpg
  -> Layout type: COMPLEX_LAYOUT
  -> Ad type: PARTIAL_AD
  -> Page type inferred: 
  -> Inferred schema: Name,Address,Location,Category,Additional Info
  -> Final schema: Name, Address, Location, Category, Additional Info, Profession, Role
  -> Multi-section page detected: ['Macchine per scrivere - Calcolatrici - Duplicatori | Address: Via XXII Marzo, 2288, Phone: 25-889', 'DITTA MIELLO VIRGINIO | Character: CARTO.TECNICA - ANGALMAIA']
  -> Actual CSV columns: Name,Address,Location,Category,Additional Info,Profession,Role
  -> WARNING: 2 rows (3%) missing both Address and Location on page_362.jpg
  -> Section state carries address: Cannaregjo 2569
Done.
Processing: page_363.jpg
  -> Layout type: SIMPLE_LAYOUT
  -> Ad type: NO_AD
  -> Page type inferred: 
  -> Inferred schema: Name,Address,Location,Category,Profession,Additional Info
  -> Final schema: Name, Address, Location, Category, Additional Info, Profession, Role
  -> Actual CSV columns: Name,Address,Location,Category,Additional Info,Profession,Role
  -> WARNING: 5 rows (7%) missing both Address and Location on page_363.jpg
  -> Section state carries address: S. Marco Bocca di Piazza
Done.
Processing: page_364.jpg
  -> Layout type: COMPLEX_LAYOUT
  -> Ad type: NO_AD (pure structured directory content)
  -> Page type inferred: 
  -> Inferred schema: Name,Address,Location,Profession,Role,Additional Info
  -> Final schema: Name, Address, Location, Category, Additional Info, Profession, Role
  -> Multi-section page detected: ['ZAGO F.LLI | Address: VENEZIA - San Polo, 1470 - Telefono 24-633']
  -> Actual CSV columns: Name,Address,Location,Category,Additional Info,Profession,Role
  -> WARNING: 3 rows (5%) missing both Address and Location on page_364.jpg
  -> Section state carries address: S. Marco, numero 4586
Done.
Processing: page_365.jpg
  -> Layout type: COMPLEX_LAYOUT
  -> Ad type: PARTIAL_AD
  -> Page type inferred: 
  -> Inferred schema: Name,Address,Location,Category,Additional Info
  -> Final schema: Name, Address, Location, Category, Additional Info, Profession, Role
  -> Multi-section page detected: ['Here is a list of the distinct sections identified in the text with the specified format:', 'Casa Nova S. A. Arrdamenti completi, Via XXII Marzo 2288', 'Casa Nuova S. A., mobili (ngoezi), Via 22 Marzu numero 2288.', 'Casa di Spedizioni I. Barbon & C., S. M. del Giglio 2460.', 'Casella S., Calzature, S. Marco 733', 'Casella Giuseppe (Ditta), Esclusivisti delle migliori Marche Nazionali ed Estere, S. Moisè 1484, Morionе 4893, Deposito e Ufficio: Frezzeria, 1513-А, Laboratorio: San Marco 1228.', "Cassa Marittima Adriatica в per l'assicurazione contro gli infortugi sul lavoro e le malattie, Società di assicurazioni, Ascensione 1253.", 'Cassa di Risparmio di Venezia, S. Marco, Campc Manni, Agenziа di Città: Ponte dei Bareteri Agenzia di Lido: Gran Viale Santa Mariа Elisabetta', 'Castaman comm. Giulio (Ditta), Lavorazione artistica mosaici in smalto di vetro Veneziano, S. Polo 2786 (Vaporino Frari) Casella Postale n. 13, teleg. Casaman Venezia, Filiale: Pietrasanta (Carrara), Viale Oberdan 4, teleg. Castaman Pietrasanta.', 'OFFICINA RIPARAZIONI MACCHINE PER SCRIVERE VENEZIA . Via XXII Marzo, 2288 - Telefono 25-889']
  -> Image re-pass enabled (complex layout + ads + 10 sections).
  -> Actual CSV columns: Name,Address,Location,Category,Additional Info,Profession,Role
  -> WARNING: 2 rows (3%) missing both Address and Location on page_365.jpg
  -> Section state carries address: Via XXII Marzo
Done.
Processing: page_366.jpg
  -> Layout type: COMPLEX_LAYOUT
  -> Ad type: The page includes a structured directory of various professionals and businesses, listing their names, professions, and addresses. However, it includes an advertisement at the end ("AGENZIA P. BORTOLUZZI AFFITTI APPARTAMENTI VENDITA..."). Due to the presence of this advertisement-like content at the bottom of the page, this page should be labeled as PARTIAL_AD.
  -> Page type inferred: 
  -> Inferred schema: Name,Address,Location,Category,Additional Info
  -> Final schema: Name, Address, Location, Category, Additional Info, Profession, Role
  -> Actual CSV columns: Name,Address,Location,Category,Additional Info,Profession,Role
  -> WARNING: 2 rows (3%) missing both Address and Location on page_366.jpg
  -> Section state carries address: VENEZIA San Lacc 4182
Done.
Processing: page_367.jpg
  -> Layout type: SIMPLE_LAYOUT
  -> Ad type: NO_AD
  -> Page type inferred: 
  -> Inferred schema: Name,Address,Location,Profession,Role,Additional Info
  -> Final schema: Name, Address, Location, Category, Additional Info, Profession, Role
  -> Actual CSV columns: Name,Address,Location,Category,Additional Info,Profession,Role
  -> WARNING: 4 rows (6%) missing both Address and Location on page_367.jpg
  -> Section state carries address: Cannaregio 830
Done.
Processing: page_368.jpg
  -> Layout type: COMPLEX_LAYOUT
  -> Ad type: PARTIAL_AD
  -> Page type inferred: 
  -> Inferred schema: Name,Address,Location,Category,Additional Info
  -> Final schema: Name, Address, Location, Category, Additional Info, Profession, Role
  -> Actual CSV columns: Name,Address,Location,Category,Additional Info,Profession,Role
  -> WARNING: 6 rows (8%) missing both Address and Location on page_368.jpg
  -> Section state carries address: San Marco 3728
Done.
Processing: page_369.jpg
  -> Layout type: SIMPLE_LAYOUT
  -> Ad type: NO_AD
  -> Page type inferred: 
  -> Inferred schema: Name,Address,Location,Category,Additional Info
  -> Final schema: Name, Address, Location, Category, Additional Info, Profession, Role
  -> Actual CSV columns: Name,Address,Location,Category,Additional Info,Profession,Role
  -> WARNING: 4 rows (6%) missing both Address and Location on page_369.jpg
  -> Section state carries address: Via Cattapan 37-A
Done.
Processing: page_370.jpg
  -> Layout type: COMPLEX_LAYOUT
  -> Ad type: PARTIAL_AD
  -> Page type inferred: 
  -> Inferred schema: Name,Address,Location,Profession,Role,Additional Info
  -> Final schema: Name, Address, Location, Category, Additional Info, Profession, Role
  -> Multi-section page detected: ['CINEMA S. Margherita']
  -> Actual CSV columns: Name,Address,Location,Category,Additional Info,Profession,Role
  -> WARNING: 6 rows (9%) missing both Address and Location on page_370.jpg
  -> Section state carries address: Calle Olsivia numero 8
Done.
Processing: page_371.jpg
  -> Layout type: SIMPLE_LAYOUT
  -> Ad type: NO_AD
  -> Page type inferred: 
  -> Inferred schema: Name,Address,Location,Category,Role,Profession,Additional Info
  -> Final schema: Name, Address, Location, Category, Additional Info, Profession, Role
  -> Multi-section page detected: ['AGENZIA P. BORTOLUZZI | Founded: 1877, Address: N. San Luce, 4182, Tel: 23-432']
  -> Actual CSV columns: Name,Address,Location,Category,Additional Info,Profession,Role
  -> WARNING: 6 rows (9%) missing both Address and Location on page_371.jpg
  -> Section state carries address: Via Malm.
Done.
Processing: page_372.jpg
  -> Layout type: SIMPLE_LAYOUT
  -> Ad type: NO_AD
  -> Page type inferred: 
  -> Inferred schema: Name,Address,Location,Category,Additional Info
  -> Final schema: Name, Address, Location, Category, Additional Info, Profession, Role
  -> Actual CSV columns: Name,Address,Location,Category,Additional Info,Profession,Role
  -> Section state carries address: VENEZIA - Via XXII Marzo, 2288
Done.
Processing: page_373.jpg
  -> OCR refusal detected, retrying with fallback prompt...
  -> OCR still refused after fallback for page_373.jpg, skipping.
Processing: page_374.jpg
  -> Layout type: COMPLEX_LAYOUT
  -> Ad type: PARTIAL_AD
  -> Page type inferred: 
  -> Inferred schema: Name,Address,Location,Category,Additional Info
  -> Final schema: Name, Address, Location, Category, Additional Info, Profession, Role
  -> Multi-section page detected: ['Macchine per scrivere « Calcolatrici », Duplicatori | Category: OCCASIONI, CAMBI, RICOSTRUZIONI, NOLEGGI, Address: VENEZIA - Via XXII marzo 2288 - Telefono n. 25.889']
  -> Actual CSV columns: Name,Address,Location,Category,Additional Info,Profession,Role
  -> WARNING: 4 rows (6%) missing both Address and Location on page_374.jpg
  -> Section state carries address: S. Felice 3795
Done.
Processing: page_375.jpg
  -> Layout type: SIMPLE_LAYOUT
  -> Ad type: NO_AD
  -> Page type inferred: 
  -> Inferred schema: Name,Address,Location,Role,Profession,Additional Info
  -> Final schema: Name, Address, Location, Category, Additional Info, Profession, Role
  -> Actual CSV columns: Name,Address,Location,Category,Additional Info,Profession,Role
  -> WARNING: 7 rows (10%) missing both Address and Location on page_375.jpg
  -> Section state carries address: Castello 1379
Done.
Processing: page_376.jpg
  -> Layout type: COMPLEX_LAYOUT
  -> Ad type: NO_AD
  -> Page type inferred: 
  -> Inferred schema: Name,Address,Location,Profession,Role,Additional Info
  -> Final schema: Name, Address, Location, Category, Additional Info, Profession, Role
  -> Actual CSV columns: Name,Address,Location,Category,Additional Info,Profession,Role
  -> WARNING: 6 rows (9%) missing both Address and Location on page_376.jpg
  -> Section state carries address: Castello 6043
Done.
Processing: page_377.jpg
  -> Layout type: COMPLEX_LAYOUT
  -> Ad type: PARTIAL_AD
  -> Page type inferred: 
  -> Inferred schema: Name,Address,Location,Role,Profession,Additional Info
  -> Final schema: Name, Address, Location, Category, Additional Info, Profession, Role
  -> Actual CSV columns: Name,Address,Location,Category,Additional Info,Profession,Role
  -> WARNING: 1 rows (2%) missing both Address and Location on page_377.jpg
  -> Section state carries address: Via XXI Marzo, 2288
Done.
Processing: page_378.jpg
  -> Layout type: COMPLEX_LAYOUT
  -> Ad type: PARTIAL_AD
  -> Page type inferred: 
  -> Inferred schema: Name,Address,Location,Category,Additional Info
  -> Final schema: Name, Address, Location, Category, Additional Info, Profession, Role
  -> Actual CSV columns: Name,Address,Location,Category,Additional Info,Profession,Role
  -> WARNING: 5 rows (7%) missing both Address and Location on page_378.jpg
  -> Section state carries address: VENEZIA - Via XXI Marzo, 2288
Done.
Processing: page_379.jpg
  -> Layout type: COMPLEX_LAYOUT
  -> Ad type: NO_AD
  -> Page type inferred: 
  -> Inferred schema: Name,Address,Location,Category,Additional Info
  -> Final schema: Name, Address, Location, Category, Additional Info, Profession, Role
  -> Actual CSV columns: Name,Address,Location,Category,Additional Info,Profession,Role
  -> WARNING: 6 rows (8%) missing both Address and Location on page_379.jpg
  -> Section state carries address: San Marco 1643
Done.
Processing: page_380.jpg
  -> Layout type: SIMPLE_LAYOUT
  -> Ad type: NO_AD
  -> Page type inferred: 
  -> Inferred schema: Name,Address,Location,Category,Additional Info
  -> Final schema: Name, Address, Location, Category, Additional Info, Profession, Role
  -> Actual CSV columns: Name,Address,Location,Category,Additional Info,Profession,Role
  -> WARNING: 9 rows (13%) missing both Address and Location on page_380.jpg
  -> Section state carries address: Castello numero 5187
Done.
Processing: page_381.jpg
  -> Layout type: COMPLEX_LAYOUT
  -> Ad type: The text provided is structured as a directory with listings of various professionals and businesses, each with associated names and addresses. There is no evidence of visually separated text, business promotions, decorative or marketing-style blocks, or distinct formatting that suggests advertisement content. The content seems to be consistent throughout the entire list.


Based on the information given and following a conservative approach, this page can be labeled as:


NO_AD (pure structured directory content)
  -> Page type inferred: 
  -> Inferred schema: Name,Address,Location,Category,Additional Info
  -> Final schema: Name, Address, Location, Category, Additional Info, Profession, Role
  -> Actual CSV columns: Name,Address,Location,Category,Additional Info,Profession,Role
  -> Section state carries address: venezia - via xxi marzo, 2288, 'telefono 25-89'
Done.
Processing: page_382.jpg
  -> Layout type: COMPLEX_LAYOUT
  -> Ad type: PARTIAL_AD
  -> Page type inferred: 
  -> Inferred schema: Name,Address,Location,Category,Additional Info
  -> Final schema: Name, Address, Location, Category, Additional Info, Profession, Role
  -> Multi-section page detected: ['AGENZIA P. BORTOLUZZI | Address: Venezia 4152, Tel.: 23-432']
  -> Actual CSV columns: Name,Address,Location,Category,Additional Info,Profession,Role
  -> WARNING: 8 rows (11%) missing both Address and Location on page_382.jpg
  -> Section state carries address: Venezia 4152, Tel.: 23-432
Done.
Processing: page_383.jpg
  -> OCR refusal detected, retrying with fallback prompt...
  -> Layout type: SIMPLE_LAYOUT
  -> Ad type: NO_AD
  -> Page type inferred: 
  -> Inferred schema: Name,Address,Location,Profession,Role
  -> Final schema: Name, Address, Location, Category, Additional Info, Profession, Role
  -> Actual CSV columns: Name,Address,Location,Category,Additional Info,Profession,Role
  -> WARNING: 7 rows (10%) missing both Address and Location on page_383.jpg
  -> Section state carries address: S. Luca 4667
Done.
Processing: page_384.jpg
  -> Layout type: SIMPLE_LAYOUT
  -> Ad type: NO_AD
  -> Page type inferred: 
  -> Inferred schema: Name,Address,Location,Category,Additional Info
  -> Final schema: Name, Address, Location, Category, Additional Info, Profession, Role
  -> Multi-section page detected: ['This text seems to be a commercial directory containing individual listings of businesses and professionals. Each entry is a standalone item without distinct sections with titles or additional embedded data, so it does not qualify for multiple distinct section listings based on the provided rules.']
  -> Actual CSV columns: Name,Address,Location,Category,Additional Info,Profession,Role
  -> WARNING: 4 rows (6%) missing both Address and Location on page_384.jpg
  -> Section state carries address: S. Polo numero 2799-2776
Done.
Processing: page_385.jpg
  -> Layout type: SIMPLE_LAYOUT
  -> Ad type: NO_AD
  -> Page type inferred: 
  -> Inferred schema: Name,Address,Location,Category,Additional Info
  -> Final schema: Name, Address, Location, Category, Additional Info, Profession, Role
  -> Actual CSV columns: Name,Address,Location,Category,Additional Info,Profession,Role
  -> Section state carries address: S. Marco 4771
Done.
Processing: page_386.jpg
  -> Layout type: COMPLEX_LAYOUT
  -> Ad type: PARTIAL_AD
  -> Page type inferred: 
  -> Inferred schema: Name,Address,Location,Profession,Role,Additional Info
  -> Final schema: Name, Address, Location, Category, Additional Info, Profession, Role
  -> Multi-section page detected: ['E.C.A., Casa di Ricovero, panificio. SS. Giovanni e Paolo.', 'Eden, albergo, lido Viale Maria Elisabetta 8.', 'Edera, pensione, S. Marco 1221-A', 'Edile Società Veneta Costruzioni, Soc. a. r. l., impresa edile, Lido Via Malamocco, i', 'Edilmetica Società a. r. l., impresa edile, Mestre. Corso del Popolo 20.', 'Editrice Film, casa editrice, S. Marco 2069-A', 'Edizioni «La Caravella», casa editrice, San Marco numero 2423.', 'Edizioni Daria Guarnati, casa editrice, San Marco 3068.', 'Edizioni Serenissima, casa editrice, San Marco 739.', 'Edizioni «3P», di Alda De Poli, casa editrice, San Marco 2046.', 'Edizioni Zanoni di Zanoni prof. Luigi casa editrice, Cannareggio 3530.', 'Egidi Giugiio, avvocato. Corte dell’Albero INFAIL.', 'Egoli Emma, ferramenta colori, articoli casalinghi, orto Marghera, Via D. Manin 23', 'Eisenstein Gustavo, Agenza e provveditoria marittima, S. Marco 1470.', '«Electron» Soc. a. r. I, elettrotecchica elettrúmeroecas. S. Gregorio 173.', 'Elettromeccanica S. Marco di Ildio Guarniero, detersivi, saponi, affini, (vendita). Lido, Riviera, S. M. Elisabetha 12.', 'Elettromeccanica Fantini, Milano, Agente Lutugi Acharet, S. Idito 5685.', 'Elettrovuctori Costruzione Elettrodomenstici. Servizio Tecnico di Assistenza, Collaudi ed Riparazioni, Campo N. S. Bauto 1099 A.', 'Elia Caio. peritto e rappresentante generi alimentari, S. Marco 2475.', 'Elie Alazaki, rappresentante tessituti, cen. fessione, filati, Castello 7358.', 'ZAGO F.LLÌ']
  -> Image re-pass enabled (complex layout + ads + 21 sections).
  -> Actual CSV columns: Name,Address,Location,Category,Additional Info,Profession,Role
  -> WARNING: 7 rows (10%) missing both Address and Location on page_386.jpg
  -> Section state carries address: Castello 7358
Done.
Processing: page_387.jpg
  -> Layout type: COMPLEX_LAYOUT
  -> Ad type: PARTIAL_AD
  -> Page type inferred: 
  -> Inferred schema: Name,Address,Location,Profession,Role,Additional Info
  -> Final schema: Name, Address, Location, Category, Additional Info, Profession, Role
  -> Multi-section page detected: ['ORGANIZATION | Address: San Luca, 4283, Tel: 23-432']
  -> Actual CSV columns: Name,Address,Location,Category,Additional Info,Profession,Role
  -> WARNING: 4 rows (7%) missing both Address and Location on page_387.jpg
  -> Section state carries address: San Luca, 4283
Done.
Processing: page_388.jpg
  -> Layout type: COMPLEX_LAYOUT
  -> Ad type: PARTIAL_AD
  -> Page type inferred: 
  -> Inferred schema: Name,Address,Location,Profession,Role,Additional Info
  -> Final schema: Name, Address, Location, Category, Additional Info, Profession, Role
  -> Multi-section page detected: ['Forniture complete MOBILI e ACCESSORI per UFFICIO']
  -> Actual CSV columns: Name,Address,Location,Category,Additional Info,Profession,Role
  -> WARNING: 6 rows (8%) missing both Address and Location on page_388.jpg
  -> Section state carries address: Via XXII Marzo, 2288
Done.
Processing: page_389.jpg
  -> Layout type: COMPLEX_LAYOUT
  -> Ad type: NO_AD (pure structured directory content)
  -> Page type inferred: 
  -> Inferred schema: Name,Address,Location,Profession,Role
  -> Final schema: Name, Address, Location, Category, Additional Info, Profession, Role
  -> Actual CSV columns: Name,Address,Location,Category,Additional Info,Profession,Role
  -> WARNING: 1 rows (1%) missing both Address and Location on page_389.jpg
  -> Section state carries address: San Angelo 3880
Done.
Processing: page_390.jpg
  -> Layout type: COMPLEX_LAYOUT
  -> Ad type: PARTIAL_AD
  -> Page type inferred: 
  -> Inferred schema: Name,Address,Location,Profession,Role,Additional Info
  -> Final schema: Name, Address, Location, Category, Additional Info, Profession, Role
  -> Multi-section page detected: ['Below are the distinct sections identified in the provided text from the 1947 Venetian almanac page:', '1. FAUSTINELLI Enzo | Address: San Marco 3715', '2. Fava Nicoletta | Address: Castello, numero 4359', '3. Favaretto Anna in Bosco | Address: Mestre, Via Ospedale 1', '4. Favaretto Anna | Address: Mestre', '5. Favaretto Antonio | Address: San Marco 3393', '6. Favaretto Fisca ing. Giovanni | Address: Castello numero 6419', '7. Favaretto Giacomo | Address: Mestre, Via Torre Belfredo 62', '8. Favaretto Giuseppe | Address: Cann. 1648', '9. Favaretto Luigi | Address: Chirignago', '10. Favaretto Maria | Address: S. Croce 1760A', '11. Favaro Emilio | Address: Chirignago Via Miranese 185-4', '12. Favaro Elisabetta | Address: Cannaregio 5919', '13. Favaro Fahris Sergio | Address: San Marco 5491', '14. Favaro Fulici | Address: San Polo 779', '15. Favaron Giovanni | Address: Mazzarbo', '16. Favaron Giovanni | Address: Chirignago', '17. Favaron Pietro | Address: Zelarino Trevigliano', '18. Favero Amelia | Address: Marco 3393', '19. Favero Giovanni | Address: S. Polo 1671', '20. Favero Giulio | Address: S. Maco numero 68', '21. Favero Giuseppe | Address: Castello 5107', '22. Favretto Maria | Address: Marghera, Via G. Pepe 5', '23. Favretto dr. Umberto | Address: S. Apostoli, 5631', '24. Favretto dr. Umberto | Address: San Marco numero 4541', '25. Fazio Vittorio | Address: San Marco 5351', '26. Fazioli Argentina | Address: S. Croce 1763', '27. Fazzini Alfredo | Address: San Marco 3427', '28. Fazzini Amalia | Address: Cannaregio 5822', '29. Fazzini Girolamo | Address: Castello 5825', '30. Fazzini Girolamo fui Antonio | Address: San Marco 701', '31. Fazzini Giuseppe | Address: Castello 4321', '32. Fazzini Paolo | Address: S. Marco numero 1007', '33. Fazino Paolo | Address: S. Polo 1723', '34. Fedalto Cesare | Address: Marghera, Piaza Palouci 389', '35. Fedalto Giuseppe | Address: Mestre, Via Gazzera', '36. Fredeli Eridio | Address: San Marco 5545', '37. Fredeli Alberto | Address: S. Fantin 1911', '38. Federighi Federico | Address: SS. Apostoli numero 4717', '39. Federighi dr. Giorgio | Address: SS. Apostoli 4717', '40. Fedrigo Emilio | Address: Murano, fdm. Cavori numero 5', '41. Fegizr dr. Mario Lamberti | Character: Vice Direttore, Banca Commerciale Italiana', '42. Felinatti Giovanni | Address: Meste- Piazza 27 Ottobre 35', '43. Feltrificio Veneta S. A. | Category: Feltri pa. cartiere.', '44. Feltrin Giovanna | Category: Favaro Veneto Centro', '45. Feltrin Giovanni | Address: Murano, Via Baronielvi numero 3', '46. Feltrinelli Giovanni | Address: Murano fdm Navagero 68', '47. Feltrinelli Tullio Arturo | Address: fdm, Nuovo S. Mauro 79', '48. Fenice (la), Società di assicurazioni | Address: Accademia 3782A', '49. Fenzo Arturo | Address: Santa Croce numero 384', '50. Fenzo Grisante | Address: San Polo 2475', '51. Fenzo Maria | Address: Porto Marghera, Via G. Pepe', '52. Fenzo Rag. Giovanni | Address: Zattere 402A', '53. F.E.R.A.T, Forniture e Rappresentate Articoli tecnici di Actis Caporale Letizia | Address: Mestre, Via Circovnallazione 2EF', '54. Feraldi Ines | Address: Giudecca 54-F', '55. Feraldi Maria | Address: Cannaregio 1010', '56. Ferla Paolo | Address: D. Duro 1045', '57. Ferlesch Bruno | Character: Condirettore Banca Commerciale Italiana', '58. Fermi Zebecheo Giovanni | Address: S. Elena Calle Locchi 2', '59. Ferraobbi Silvio | Address: Venezia, Tel. 25-847', '60. Ferracina mons. Antonio | Character: parroco S. Maria del Rosario (Gesuitati)', 'Note: Some entries are individuals with addresses and occupations, while others denote organizations or entities with specific addresses or roles.']
  -> Image re-pass enabled (complex layout + ads + 62 sections).
  -> Actual CSV columns: Name,Address,Location,Category,Additional Info,Profession,Role
  -> WARNING: 4 rows (4%) missing both Address and Location on page_390.jpg
  -> Section state carries address: S. Elena Calle Locchi 2
Done.
Processing: page_391.jpg
  -> Layout type: COMPLEX_LAYOUT
  -> Ad type: PARTIAL_AD
  -> Page type inferred: 
  -> Inferred schema: Name,Address,Location,Category,Additional Info
  -> Final schema: Name, Address, Location, Category, Additional Info, Profession, Role
  -> Actual CSV columns: Name,Address,Location,Category,Additional Info,Profession,Role
  -> WARNING: 5 rows (7%) missing both Address and Location on page_391.jpg
  -> Section state carries address: S. Marco, calle del Tagliapietra 4899, Via XXII Maggio, 2288
Done.
Processing: page_392.jpg
  -> Layout type: SIMPLE_LAYOUT
  -> Ad type: NO_AD
  -> Page type inferred: 
  -> Inferred schema: Name,Address,Location,Role,Profession,Additional Info
  -> Final schema: Name, Address, Location, Category, Additional Info, Profession, Role
  -> Actual CSV columns: Name,Address,Location,Category,Additional Info,Profession,Role
  -> WARNING: 4 rows (7%) missing both Address and Location on page_392.jpg
  -> Section state carries address: Castello 5513
Done.
Processing: page_393.jpg
  -> Layout type: COMPLEX_LAYOUT
  -> Ad type: PARTIAL_AD
  -> Page type inferred: 
  -> Inferred schema: Name,Address,Location,Category,Additional Info
  -> Final schema: Name, Address, Location, Category, Additional Info, Profession, Role
  -> Multi-section page detected: ['ORGANIZATION | Address: VENEZIA - Via XXII Marzo, 2288']
  -> Actual CSV columns: Name,Address,Location,Category,Additional Info,Profession,Role
  -> WARNING: 1 rows (1%) missing both Address and Location on page_393.jpg
  -> Section state carries address: Castello 4429, fdm. Santi 9
Done.
Processing: page_394.jpg
  -> Layout type: SIMPLE_LAYOUT
  -> Ad type: NO_AD
  -> Page type inferred: 
  -> Inferred schema: Name,Address,Location,Profession,Role
  -> Final schema: Name, Address, Location, Category, Additional Info, Profession, Role
  -> Actual CSV columns: Name,Address,Location,Category,Additional Info,Profession,Role
  -> WARNING: 2 rows (3%) missing both Address and Location on page_394.jpg
  -> Section state carries address: Castello 1771
Done.
Processing: page_395.jpg
  -> Layout type: COMPLEX_LAYOUT
  -> Ad type: NO_AD
  -> Page type inferred: 
  -> Inferred schema: Name,Address,Location,Category,Additional Info
  -> Final schema: Name, Address, Location, Category, Additional Info, Profession, Role
  -> Actual CSV columns: Name,Address,Location,Category,Additional Info,Profession,Role
  -> Section state carries address: Cannaregio 4876
Done.
Processing: page_396.jpg
  -> Layout type: SIMPLE_LAYOUT
  -> Ad type: NO_AD
  -> Page type inferred: 
  -> Inferred schema: Name,Address,Location,Category,Additional Info
  -> Final schema: Name, Address, Location, Category, Additional Info, Profession, Role
  -> Actual CSV columns: Name,Address,Location,Category,Additional Info,Profession,Role
  -> WARNING: 1 rows (2%) missing both Address and Location on page_396.jpg
  -> Section state carries address: S. Marco 3451
Done.
Processing: page_397.jpg
  -> Layout type: COMPLEX_LAYOUT
  -> Ad type: PARTIAL_AD
  -> Page type inferred: 
  -> Inferred schema: Name,Address,Location,Profession,Role,Additional Info
  -> Final schema: Name, Address, Location, Category, Additional Info, Profession, Role
  -> Multi-section page detected: ['ORGANIZATION | Address: Via Manin, N. 39 - MESTRE, Telephone: N. 51-165', 'OFFICINA RIPARAZIONI MACCHINE PER SCRIVERE | Address: Via XXII Marzo, 2288, Telephone: 25-889']
  -> Actual CSV columns: Name,Address,Location,Category,Additional Info,Profession,Role
  -> WARNING: 4 rows (7%) missing both Address and Location on page_397.jpg
  -> Section state carries address: Via XXII Marzo
Done.
Processing: page_398.jpg
  -> Layout type: SIMPLE_LAYOUT
  -> Ad type: NO_AD
  -> Page type inferred: 
  -> Inferred schema: Name,Address,Location,Role,Profession,Additional Info
  -> Final schema: Name, Address, Location, Category, Additional Info, Profession, Role
  -> Actual CSV columns: Name,Address,Location,Category,Additional Info,Profession,Role
  -> WARNING: 4 rows (6%) missing both Address and Location on page_398.jpg
  -> Section state carries address: Castel- lion 937-a
Done.
Processing: page_399.jpg
  -> OCR refusal detected, retrying with fallback prompt...
  -> Layout type: SIMPLE_LAYOUT
  -> Ad type: NO_AD
  -> Page type inferred: 
  -> Inferred schema: Name,Address,Location,Category,Additional Info
  -> Final schema: Name, Address, Location, Category, Additional Info, Profession, Role
  -> Actual CSV columns: Name,Address,Location,Category,Additional Info,Profession,Role
  -> WARNING: 2 rows (3%) missing both Address and Location on page_399.jpg
  -> Section state carries address: Castello 494
Done.
Processing: page_400.jpg
  -> Layout type: COMPLEX_LAYOUT
  -> Ad type: PARTIAL_AD
  -> Page type inferred: 
  -> Inferred schema: Name,Address,Location,Category,Additional Info
  -> Final schema: Name, Address, Location, Category, Additional Info, Profession, Role
  -> Actual CSV columns: Name,Address,Location,Category,Additional Info,Profession,Role
  -> WARNING: 6 rows (9%) missing both Address and Location on page_400.jpg
  -> Section state carries address: S. Marco 4265, S. Cassiano 1912
Done.
Processing: page_401.jpg
  -> Layout type: COMPLEX_LAYOUT
  -> Ad type: Based on the text provided, the content on the page seems to be a structured directory list with names, professions, addresses, and similar information. There is no indication of visually separated text, business promotions, different formatting for ads, decorative blocks, or content at the bottom or edges of the page that would suggest the presence of advertisements.


Therefore, the page can be classified as:


NO_AD (pure structured directory content)
  -> Page type inferred: 
  -> Inferred schema: Name,Address,Location,Category,Additional Info
  -> Final schema: Name, Address, Location, Category, Additional Info, Profession, Role
  -> Actual CSV columns: Name,Address,Location,Category,Additional Info,Profession,Role
  -> WARNING: 5 rows (7%) missing both Address and Location on page_401.jpg
  -> Section state carries address: D. Duro 1138
Done.
Processing: page_402.jpg
  -> Layout type: COMPLEX_LAYOUT
  -> Ad type: PARTIAL_AD
  -> Page type inferred: 
  -> Inferred schema: Name,Address,Location,Role,Profession,Additional Info
  -> Final schema: Name, Address, Location, Category, Additional Info, Profession, Role
  -> Actual CSV columns: Name,Address,Location,Category,Additional Info,Profession,Role
  -> WARNING: 5 rows (6%) missing both Address and Location on page_402.jpg
  -> Section state carries address: S. Polo, 1970
Done.
Processing: page_403.jpg
  -> Layout type: SIMPLE_LAYOUT
  -> Ad type: NO_AD
  -> Page type inferred: 
  -> Inferred schema: Name,Address,Location,Profession,Role,Additional Info
  -> Final schema: Name, Address, Location, Category, Additional Info, Profession, Role
  -> Actual CSV columns: Name,Address,Location,Category,Additional Info,Profession,Role
  -> WARNING: 5 rows (7%) missing both Address and Location on page_403.jpg
  -> Section state carries address: S. Marco 608
Done.
Processing: page_404.jpg
  -> Layout type: COMPLEX_LAYOUT
  -> Ad type: PARTIAL_AD
  -> Page type inferred: 
  -> Inferred schema: Name,Address,Location,Role,Profession,Additional Info
  -> Final schema: Name, Address, Location, Category, Additional Info, Profession, Role
  -> Actual CSV columns: Name,Address,Location,Category,Additional Info,Profession,Role
  -> WARNING: 8 rows (12%) missing both Address and Location on page_404.jpg
  -> Section state carries address: Lido, Via A. Partecipazio
Done.
Processing: page_405.jpg
  -> Layout type: COMPLEX_LAYOUT
  -> Ad type: PARTIAL_AD
  -> Page type inferred: 
  -> Inferred schema: Name,Address,Location,Profession,Role,Additional Info
  -> Final schema: Name, Address, Location, Category, Additional Info, Profession, Role
  -> Multi-section page detected: ['Hotel Commercio', 'Hotel Germania De La Gare e Touring', 'Hotel Marconi', 'Hotel Marino', 'Hotel Suisse', 'Hotel Universo', 'Il Gazzettino | Character: Quotidiano regionale indipendente d’Informazioni, Address: Venezia, San Marco 5601, Palazzo Faccanona', 'I.L.N.E.A. | Character: Impresa Lavori Navali ed Affini Soc. An., Address: S. Marco 1475', 'SELCIARI - MODELLI PER UFFICIO - MACCHINE CONTABILI | Address: Venezia - Via XXII Marzo, n. 2268, Telefono n. 25-889']
  -> Image re-pass enabled (complex layout + ads + 9 sections).
  -> Actual CSV columns: Name,Address,Location,Category,Additional Info,Profession,Role
  -> WARNING: 1 rows (2%) missing both Address and Location on page_405.jpg
  -> Section state carries address: Poto Marghera C. P. 46, S. Polo 1429
Done.
Processing: page_406.jpg
  -> Layout type: COMPLEX_LAYOUT
  -> Ad type: PARTIAL_AD
  -> Page type inferred: 
  -> Inferred schema: Name,Address,Location,Category,Additional Info
  -> Final schema: Name, Address, Location, Category, Additional Info, Profession, Role
  -> Multi-section page detected: ['Giornale | Character: Il Gazzettino', 'OCCASIONI - CAMBI - RICOSTRUZIONI - NOLEGGI | Address: Venezia - Via XXII Marzo 2288 - Telefono n. 25.889']
  -> Actual CSV columns: Name,Address,Location,Category,Additional Info,Profession,Role
  -> WARNING: 2 rows (3%) missing both Address and Location on page_406.jpg
  -> Section state carries address: Venezia - Via XXII Marzo 2288 - Telefono n. 25.889
Done.
Processing: page_407.jpg
  -> Layout type: COMPLEX_LAYOUT
  -> Ad type: The page contains a structured list of directory content, featuring names, professions, and addresses typically found in a directory. However, there is a line at the bottom of the text that reads "OPIFCINA RIPARAZIONI MACCHINE PER SCRIVERE 'duse'. VENEZIA - Via XXI1 Marzo, 2288 - Telefono 25-889", which appears to be advertisement-like content for a typewriter repair shop. Given the presence of this advertisement at the bottom, the page falls under the category of PARTIAL_AD.
  -> Page type inferred: 
  -> Inferred schema: Name,Address,Location,Category
  -> Final schema: Name, Address, Location, Category, Additional Info, Profession, Role
  -> Multi-section page detected: ['OPIFCINA RIPARAZIONI MACCHINE PER SCRIVERE | Address: Venezia - Via XXI Marzo, 2288 - Telefono 25-889']
  -> Actual CSV columns: Name,Address,Location,Category,Additional Info,Profession,Role
  -> WARNING: 7 rows (13%) missing both Address and Location on page_407.jpg
  -> Section state carries address: S. Polo 889
Done.
Processing: page_408.jpg
  -> Layout type: COMPLEX_LAYOUT
  -> Ad type: PARTIAL_AD
  -> Page type inferred: 
  -> Inferred schema: Name,Address,Location,Category,Additional Info
  -> Final schema: Name, Address, Location, Category, Additional Info, Profession, Role
  -> Actual CSV columns: Name,Address,Location,Category,Additional Info,Profession,Role
  -> Section state carries address: S.S. Filippo e Giacomo 4513
Done.
Processing: page_409.jpg
  -> Layout type: SIMPLE_LAYOUT
  -> Ad type: NO_AD
  -> Page type inferred: 
  -> Inferred schema: Name,Address,Location,Profession,Role,Additional Info
  -> Final schema: Name, Address, Location, Category, Additional Info, Profession, Role
  -> Actual CSV columns: Name,Address,Location,Category,Additional Info,Profession,Role
  -> WARNING: 2 rows (3%) missing both Address and Location on page_409.jpg
  -> Section state carries address: S. Croce 1668
Done.
Processing: page_410.jpg
  -> Layout type: COMPLEX_LAYOUT
  -> Ad type: PARTIAL_AD
  -> Page type inferred: 
  -> Inferred schema: Name,Address,Location,Category,Profession,Additional Info
  -> Final schema: Name, Address, Location, Category, Additional Info, Profession, Role
  -> Multi-section page detected: ['GUISA COMMERCIALE DI VENEZIA E PROVINCIA']
  -> Actual CSV columns: Name,Address,Location,Category,Additional Info,Profession,Role
  -> WARNING: 7 rows (10%) missing both Address and Location on page_410.jpg
  -> Section state carries address: S. Bartolomeo numero 541
Done.
Processing: page_411.jpg
  -> Layout type: COMPLEX_LAYOUT
  -> Ad type: The page appears to be a structured directory of businesses and services, with consistent formatting and no visually separated text, promotional content, or decorative blocks indicative of advertisements. Based on this description, there is no indication of advertisement-like content mixed in with the directory entries.


NO_AD (pure structured directory content)
  -> Page type inferred: 
  -> Inferred schema: Name,Address,Location,Role,Profession
  -> Final schema: Name, Address, Location, Category, Additional Info, Profession, Role
  -> Actual CSV columns: Name,Address,Location,Category,Additional Info,Profession,Role
  -> WARNING: 2 rows (3%) missing both Address and Location on page_411.jpg
  -> Section state carries address: Castello numero 6249
Done.
Processing: page_412.jpg
  -> Layout type: COMPLEX_LAYOUT
  -> Ad type: PARTIAL_AD
  -> Page type inferred: 
  -> Inferred schema: Name,Address,Location,Profession,Role,Additional Info
  -> Final schema: Name, Address, Location, Category, Additional Info, Profession, Role
  -> Actual CSV columns: Name,Address,Location,Category,Additional Info,Profession,Role
  -> WARNING: 4 rows (6%) missing both Address and Location on page_412.jpg
  -> Section state carries address: S. Polo, 4970
Done.
Processing: page_413.jpg
  -> Layout type: COMPLEX_LAYOUT
  -> Ad type: PARTIAL_AD
  -> Page type inferred: 
  -> Inferred schema: Name,Address,Location,Role,Profession,Additional Info
  -> Final schema: Name, Address, Location, Category, Additional Info, Profession, Role
  -> Actual CSV columns: Name,Address,Location,Category,Additional Info,Profession,Role
  -> WARNING: 4 rows (7%) missing both Address and Location on page_413.jpg
  -> Section state carries address: Venezia, Via XXII Marzo, 2288
Done.
Processing: page_414.jpg
  -> Layout type: COMPLEX_LAYOUT
  -> Ad type: PARTIAL_AD
  -> Page type inferred: 
  -> Inferred schema: Name,Address,Location,Category,Additional Info
  -> Final schema: Name, Address, Location, Category, Additional Info, Profession, Role
  -> Multi-section page detected: ['The text contains multiple distinct sections with different structures. Here is the list of sections:', 'AGENZIA P. BORTOLUZZI AFFITTI APPARTAMENTI COMPRA - VENDITA AMMINISTRAZIONE | Founded: 1877, Address: Venezia - San Luca 4623, Tel: 23-4321']
  -> Actual CSV columns: Name,Address,Location,Category,Additional Info,Profession,Role
  -> Section state carries address: Cannargfeo 504-1
Done.
Processing: page_415.jpg
  -> Layout type: COMPLEX_LAYOUT
  -> Ad type: PARTIAL_AD
  -> Page type inferred: 
  -> Inferred schema: Name,Address,Location,Profession,Role
  -> Final schema: Name, Address, Location, Category, Additional Info, Profession, Role
  -> Multi-section page detected: ['ORGANIZATION | Address: Palazzo del Governo - S. Maurizio fondamenta Zaguri 2662', 'Biblioteca Nazionale Marciana', 'PREFETTURA | Address: Palazzo del Governo - S. Maurizio fondamenta Zaguri 2662', 'PREFETTURA - GABINETTO | Address: Palazzo del Governo - S. Maurizio fondamenta Zaguri 2662', 'PERIODICI DI CARATTERE RELIGIOSO | Character: Periodici di carattere religioso', 'Gabinetto']
  -> Image re-pass enabled (complex layout + ads + 6 sections).
  -> Actual CSV columns: Name,Address,Location,Category,Additional Info,Profession,Role
  -> WARNING: 8 rows (12%) missing both Address and Location on page_415.jpg
  -> Section state carries address: S. Antonio 3579, Viale Lepanto 258
Done.
Processing: page_416.jpg
  -> Layout type: COMPLEX_LAYOUT
  -> Ad type: PARTIAL_AD
  -> Page type inferred: 
  -> Inferred schema: Name,Address,Location,Role,Profession
  -> Final schema: Name, Address, Location, Category, Additional Info, Profession, Role
  -> Actual CSV columns: Name,Address,Location,Category,Additional Info,Profession,Role
  -> WARNING: 11 rows (15%) missing both Address and Location on page_416.jpg
  -> Section state carries address: San Fantin 2004, Via XXII Marzo, 2288
Done.
Processing: page_417.jpg
  -> Layout type: COMPLEX_LAYOUT
  -> Ad type: PARTIAL_AD
  -> Page type inferred: 
  -> Inferred schema: Name,Address,Location,Role,Profession,Additional Info
  -> Final schema: Name, Address, Location, Category, Additional Info, Profession, Role
  -> Actual CSV columns: Name,Address,Location,Category,Additional Info,Profession,Role
  -> WARNING: 8 rows (11%) missing both Address and Location on page_417.jpg
  -> Section state carries address: S. Marco 2845
Done.
Processing: page_418.jpg
  -> Layout type: SIMPLE_LAYOUT
  -> Ad type: NO_AD
  -> Page type inferred: 
  -> Inferred schema: Name,Address,Location,Profession,Role,Additional Info
  -> Final schema: Name, Address, Location, Category, Additional Info, Profession, Role
  -> Actual CSV columns: Name,Address,Location,Category,Additional Info,Profession,Role
  -> WARNING: 9 rows (13%) missing both Address and Location on page_418.jpg
  -> Section state carries address: S. Marco 2029
Done.
Processing: page_419.jpg
  -> Layout type: COMPLEX_LAYOUT
  -> Ad type: PARTIAL_AD
  -> Page type inferred: 
  -> Inferred schema: Name,Address,Location,Profession,Role,Additional Info
  -> Final schema: Name, Address, Location, Category, Additional Info, Profession, Role
  -> Multi-section page detected: ['ORGANIZATION | Address: S. Lucia, Phone: 23-638']
  -> Actual CSV columns: Name,Address,Location,Category,Additional Info,Profession,Role
  -> WARNING: 2 rows (3%) missing both Address and Location on page_419.jpg
  -> Section state carries address: Cannaregio 970
Done.
Processing: page_420.jpg
  -> Layout type: COMPLEX_LAYOUT
  -> Ad type: PARTIAL_AD
  -> Page type inferred: 
  -> Inferred schema: Name,Address,Location,Category,Additional Info
  -> Final schema: Name, Address, Location, Category, Additional Info, Profession, Role
  -> Actual CSV columns: Name,Address,Location,Category,Additional Info,Profession,Role
  -> WARNING: 4 rows (6%) missing both Address and Location on page_420.jpg
  -> Section state carries address: Vio XXII Marzo, 2288
Done.
Processing: page_421.jpg
  -> Layout type: SIMPLE_LAYOUT
  -> Ad type: NO_AD
  -> Page type inferred: 
  -> Inferred schema: Name,Address,Location,Profession,Role,Additional Info
  -> Final schema: Name, Address, Location, Category, Additional Info, Profession, Role
  -> Actual CSV columns: Name,Address,Location,Category,Additional Info,Profession,Role
  -> WARNING: 1 rows (2%) missing both Address and Location on page_421.jpg
  -> Section state carries address: San Marco 4740
Done.
Processing: page_422.jpg
  -> Layout type: COMPLEX_LAYOUT
  -> Ad type: PARTIAL_AD
  -> Page type inferred: 
  -> Inferred schema: Name,Address,Location,Category,Additional Info
  -> Final schema: Name, Address, Location, Category, Additional Info, Profession, Role
  -> Multi-section page detected: ['Mistron Odino, barbiere, Cann. 5334.', '"duse."', 'Macchine per scrivere - Calcolatril - Duplicatori', 'OCCASIONI - CAMBI - RICOSTRUZIONI - NOLEGGI | Address: VENEZIA - Via XXII Marzo 2288 - Telefono n. 25.889']
  -> Image re-pass enabled (complex layout + ads + 4 sections).
  -> Actual CSV columns: Name,Address,Location,Category,Additional Info,Profession,Role
  -> WARNING: 3 rows (4%) missing both Address and Location on page_422.jpg
  -> Section state carries address: VENEZIA - Via XXII Marzo 2288 - Telefono n. 25.889
Done.
Processing: page_423.jpg
  -> Layout type: COMPLEX_LAYOUT
  -> Ad type: PARTIAL_AD
  -> Page type inferred: 
  -> Inferred schema: Name,Address,Location,Category,Additional Info
  -> Final schema: Name, Address, Location, Category, Additional Info, Profession, Role
  -> Multi-section page detected: ['OFFICINA RIPARAZIONI MACCHINE PER SCRIVERE | Address: Venezia - Via XXII Marzo, 2288, Telefono: 25-889']
  -> Actual CSV columns: Name,Address,Location,Category,Additional Info,Profession,Role
  -> WARNING: 2 rows (3%) missing both Address and Location on page_423.jpg
  -> Section state carries address: Cannaregio 4459
Done.
Processing: page_424.jpg
  -> Layout type: COMPLEX_LAYOUT
  -> Ad type: PARTIAL_AD
  -> Page type inferred: 
  -> Inferred schema: Name,Address,Location,Category,Additional Info
  -> Final schema: Name, Address, Location, Category, Additional Info, Profession, Role
  -> Multi-section page detected: ['PREM. MOBILIFICIO - CASA DELL’ARTIGIANATO | Address: Via Manin, N. 39 - MESTRE, Telefono: N. 51-165', 'VALESE LUIGI | Address: S. Caonchior S. Maroo, Telefono: 22-408', 'Neooziii do vetolittia | miroene & S. Marco - C alii de’ Specohieri 634', 'SCHEDEARI - MOBILI PER UFFICIO - MACCHINE CONTABILI MACCHINE PER SCRIVERE - DUPLICATORI - ACCESSORI | Address: VENEZIA - Via XXII Marzo, 2288, Telefono: 25-889']
  -> Image re-pass enabled (complex layout + ads + 4 sections).
  -> Actual CSV columns: Name,Address,Location,Category,Additional Info,Profession,Role
  -> WARNING: 8 rows (13%) missing both Address and Location on page_424.jpg
  -> Section state carries address: VENEZIA - Via XXII Marzo, 2288
Done.
Processing: page_425.jpg
  -> OCR refusal detected, retrying with fallback prompt...
  -> Layout type: COMPLEX_LAYOUT
  -> Ad type: The page contains a mix of directory content and an advertisement at the bottom. Given the criteria of identifying even small advertisement-like content, the presence of the "Forniture complete MOBILI e AGCESSORI per UFFICIO" at the end of the page suggests an advertisement. Therefore, the appropriate label for this page is PARTIAL_AD.
  -> Page type inferred: 
  -> Inferred schema: Name,Address,Location,Profession,Role
  -> Final schema: Name, Address, Location, Category, Additional Info, Profession, Role
  -> Actual CSV columns: Name,Address,Location,Category,Additional Info,Profession,Role
  -> WARNING: 3 rows (4%) missing both Address and Location on page_425.jpg
  -> Section state carries address: A. Sangiac 3880
Done.
Processing: page_426.jpg
  -> Layout type: COMPLEX_LAYOUT
  -> Ad type: PARTIAL_AD
  -> Page type inferred: 
  -> Inferred schema: Name,Address,Location,Profession,Role,Additional Info
  -> Final schema: Name, Address, Location, Category, Additional Info, Profession, Role
  -> Actual CSV columns: Name,Address,Location,Category,Additional Info,Profession,Role
  -> WARNING: 4 rows (6%) missing both Address and Location on page_426.jpg
  -> Section state carries address: D. Duro 290
Done.
Processing: page_427.jpg
  -> Layout type: COMPLEX_LAYOUT
  -> Ad type: PARTIAL_AD
  -> Page type inferred: 
  -> Inferred schema: Name,Address,Location,Profession,Additional Info
  -> Final schema: Name, Address, Location, Category, Additional Info, Profession, Role
  -> Invalid semantic output (attempt 1), retrying...
  -> Actual CSV columns: Name,Address,Location,Category,Additional Info,Profession,Role
  -> WARNING: 3 rows (5%) missing both Address and Location on page_427.jpg
  -> Section state carries address: Dorsoduro numero 3440
Done.
Processing: page_428.jpg
  -> Layout type: COMPLEX_LAYOUT
  -> Ad type: PARTIAL_AD
  -> Page type inferred: 
  -> Inferred schema: Name,Address,Location,Category,Additional Info
  -> Final schema: Name, Address, Location, Category, Additional Info, Profession, Role
  -> Multi-section page detected: ['OCEMA | Name: Vatta Ermanno, Address: Castello 6265-A', 'Officina Costruzioni Meccaniche e Fonderie F.lli Berengo fu Pietro | Address: Mestre, Via A. Feisault 7', 'Officina Elettrogalvanica Rosso Lutore | Address: S. Croce 2334', 'Officina Elettromeccaninta Garbatto e Scarpa | Address: S. Lio numero 3326', 'Officina Gallico, S. A. | Address: Porto Marghera, Via F.lli Bandiera 5', 'Officine Meccaniche e Fonderie Assona | Address: Porto Marghera c.p. 28', 'Olimpia Film | Address: San Marco num. 4215-E']
  -> Image re-pass enabled (complex layout + ads + 7 sections).
  -> Actual CSV columns: Name,Address,Location,Category,Additional Info,Profession,Role
  -> WARNING: 6 rows (10%) missing both Address and Location on page_428.jpg
  -> Section state carries address: San Marco 357
Done.
Processing: page_429.jpg
  -> Layout type: SIMPLE_LAYOUT
  -> Ad type: NO_AD
  -> Page type inferred: 
  -> Inferred schema: Name,Address,Location,Role,Profession,Additional Info
  -> Final schema: Name, Address, Location, Category, Additional Info, Profession, Role
  -> Actual CSV columns: Name,Address,Location,Category,Additional Info,Profession,Role
  -> WARNING: 2 rows (3%) missing both Address and Location on page_429.jpg
  -> Section state carries address: San Marco 922
Done.
Processing: page_430.jpg
  -> Layout type: COMPLEX_LAYOUT
  -> Ad type: PARTIAL_AD
  -> Page type inferred: 
  -> Inferred schema: Name,Address,Location,Category,Additional Info
  -> Final schema: Name, Address, Location, Category, Additional Info, Profession, Role
  -> Multi-section page detected: ['ORGANIZATION | Name: OTSU, Address: S. Maria del Giglio numero 2475', 'ORGANIZATION | Name: Agenzia P. Bortoluzzi, Address: Venezia - San Lulo, 4152 - Tel. 23-432']
  -> Actual CSV columns: Name,Address,Location,Category,Additional Info,Profession,Role
  -> WARNING: 7 rows (10%) missing both Address and Location on page_430.jpg
  -> Section state carries address: Castello 3809
Done.
Processing: page_431.jpg
  -> Layout type: COMPLEX_LAYOUT
  -> Ad type: The page appears to consist of a structured list of names, addresses, and occupations or business descriptions, resembling a directory. There is no clear presence of visually separated text, business promotions, or decorative marketing-style blocks that can be identified as advertisements. All entries seem to follow a consistent format typical for directory listings, and there is no content at the bottom or edges of the page that suggests advertising. 


Based on the provided criteria and being conservative, I see no evidence of advertisement-like content on this page. 


Hence, the page can be labeled as:


NO_AD
  -> Page type inferred: 
  -> Inferred schema: Name,Address,Location,Role,Profession,Additional Info
  -> Final schema: Name, Address, Location, Category, Additional Info, Profession, Role
  -> Multi-section page detected: ['The text contains multiple distinct sections with different structures. Here is the list of sections:', 'Paganuzzi Luigi', 'Paganuzzi dr. Paolo', 'Pagarigo Antonio', 'Paggiaro Celeste & Figli', 'Paghani Aldo', 'Pagliani Erminio & F.', 'Pagliarani Francesco', 'Pagliai mì Anniabile', 'Paggiaco dr. Domenico', 'Paguacco Giovanni', 'Paguacco Giovanni', 'Pagnacco Giovanni', 'Pagnacco Giuseppe~', 'Pagnacco Giuseppe', 'Pagnanelli Virginio', 'Pagnin Vittorio', 'Panìna Giuseppe', 'Paiolo Giugìielmo', 'Pais Doinenico', 'Pais Giovanni', 'Pajlach Giovanni', 'Paia Erminio', 'Paladin Antonio', 'Paladini Gemma', 'Palazzi Bruno', 'Palazzi Teresa', 'Palazzo al Mare', 'Palazzo Ungheria', 'Paidci l ñKola', 'Palm Anna', 'Paltenr', 'Pallottì M Montagna', 'Palma Aninmo', 'Palma Anino', 'Palna f Foncelii', 'Palmua Luig', 'Palmis da {}, vinaco', 'Palneri Rnidnso', 'Palrnèrì dr. Carlo', 'Palmieri Felice', 'Palmieri Savino', 'Palmieri Vìncenzo', 'Palmisano omne., dr. Luigi', 'Palmisani Tommaso', 'Palunettssit, Antonio', 'Palucttti Itin', 'Palmuhin Gaetano', 'Palumbo Fessati Carlo', 'Paneijo Silvio', 'Pan Soc. An. Immobiliare', 'Panagioti Sergio', 'Panceria Geremia', 'Pancher)i Dino', 'Panceria ing. Benedetto', 'Pancin Olga', 'Pancin', 'Pancinì camm., dr. Giulio', 'Pancino avv. Angelo', 'Pancinò com.dr. Giuseppè', 'Pandiani F.llii', 'Pandiani Pietro', 'Pandolfi Virginio', 'Pandolfo Luigi', 'Pandolfo Teresa', 'Each entry is treated as a distinct section because they have varying structures and information, mainly listing individuals, their professions, and sometimes addresses. This makes it suitable to consider them as separate entities in the context of an almanac or directory listing.']
  -> Actual CSV columns: Name,Address,Location,Category,Additional Info,Profession,Role
  -> WARNING: 4 rows (3%) missing both Address and Location on page_431.jpg
  -> Section state carries address: Cannaregio 4016
Done.
Processing: page_432.jpg
  -> OCR refusal detected, retrying with fallback prompt...
  -> Layout type: SIMPLE_LAYOUT
  -> Ad type: NO_AD
  -> Page type inferred: 
  -> Inferred schema: Name,Address,Location,Profession
  -> Final schema: Name, Address, Location, Category, Additional Info, Profession, Role
  -> Actual CSV columns: Name,Address,Location,Category,Additional Info,Profession,Role
  -> WARNING: 3 rows (4%) missing both Address and Location on page_432.jpg
  -> Section state carries address: Via Olivi 9
Done.
Processing: page_433.jpg
  -> Layout type: SIMPLE_LAYOUT
  -> Ad type: NO_AD
  -> Page type inferred: 
  -> Inferred schema: Name,Address,Location,Profession,Role,Additional Info
  -> Final schema: Name, Address, Location, Category, Additional Info, Profession, Role
  -> Actual CSV columns: Name,Address,Location,Category,Additional Info,Profession,Role
  -> WARNING: 9 rows (14%) missing both Address and Location on page_433.jpg
  -> Section state carries address: S. Marco 2016, Via Garibaldi 64-C
Done.
Processing: page_434.jpg
  -> Layout type: COMPLEX_LAYOUT
  -> Ad type: PARTIAL_AD
  -> Page type inferred: 
  -> Inferred schema: Name,Address,Location,Category,Additional Info
  -> Final schema: Name, Address, Location, Category, Additional Info, Profession, Role
  -> Actual CSV columns: Name,Address,Location,Category,Additional Info,Profession,Role
  -> WARNING: 5 rows (7%) missing both Address and Location on page_434.jpg
  -> Section state carries address: S. Polo, 1478
Done.
Processing: page_435.jpg
  -> Layout type: COMPLEX_LAYOUT
  -> Ad type: PARTIAL_AD
  -> Page type inferred: 
  -> Inferred schema: Name,Address,Location,Profession,Role,Additional Info
  -> Final schema: Name, Address, Location, Category, Additional Info, Profession, Role
  -> Multi-section page detected: ['AGENZIA P. BORTOLUZZI | Address: S. Luca, 4185, Phone: Tel. 243-439']
  -> Actual CSV columns: Name,Address,Location,Category,Additional Info,Profession,Role
  -> WARNING: 4 rows (5%) missing both Address and Location on page_435.jpg
  -> Section state carries address: Ss. Apostoli 4590
Done.
Processing: page_436.jpg
  -> Layout type: COMPLEX_LAYOUT
  -> Ad type: NO_AD
  -> Page type inferred: 
  -> Inferred schema: Name,Address,Location,Profession,Additional Info
  -> Final schema: Name, Address, Location, Category, Additional Info, Profession, Role
  -> Actual CSV columns: Name,Address,Location,Category,Additional Info,Profession,Role
  -> WARNING: 3 rows (5%) missing both Address and Location on page_436.jpg
  -> Section state carries address: D. Duro 1182, Rio Marin 902; Mestre
Done.
Processing: page_437.jpg
  -> Layout type: COMPLEX_LAYOUT
  -> Ad type: PARTIAL_AD
  -> Page type inferred: 
  -> Inferred schema: Name,Address,Location,Role,Profession,Additional Info
  -> Final schema: Name, Address, Location, Category, Additional Info, Profession, Role
  -> Actual CSV columns: Name,Address,Location,Category,Additional Info,Profession,Role
  -> WARNING: 3 rows (5%) missing both Address and Location on page_437.jpg
  -> Section state carries address: S. Polo 2450
Done.
Processing: page_438.jpg
  -> Layout type: COMPLEX_LAYOUT
  -> Ad type: The page contains a mixture of directory content and an advertisement-like section at the bottom for "Macchine per scrivere - Calcolatrici = Duplicatori". This section is visually separated from the rest of the content and lists services in a promotional style, complete with contact information, which indicates an ad. Therefore, the page should be labeled as PARTIAL_AD.
  -> Page type inferred: 
  -> Inferred schema: Name,Address,Location,Category,Additional Info
  -> Final schema: Name, Address, Location, Category, Additional Info, Profession, Role
  -> Multi-section page detected: ['Macchine per scrivere - Calcolatrici = Duplicatori | OCCASIONI - CAMBI - RICOSTRUZIONI - NOLEGGI | Address: Venezia • Via XXII Marzo, 2233, Telefono: 25-689']
  -> Actual CSV columns: Name,Address,Location,Category,Additional Info,Profession,Role
  -> WARNING: 2 rows (3%) missing both Address and Location on page_438.jpg
  -> Section state carries address: Cannaregio 5945
Done.
Processing: page_439.jpg
  -> Layout type: COMPLEX_LAYOUT
  -> Ad type: The page contains predominantly structured directory content, as evidenced by the list of names, professions, and addresses. However, there is a small section at the end that displays advertisement-like content: "OFFICINA RIPARAZIONI MACCHINE PER SCRIVERE VENEZIA - Via XXII Marzo, 2288 - Telefono 25-889," which suggests a business promotion. Given the presence of this advertisement-like content, even if minimal, the page should be labeled as PARTIAL_AD.
  -> Page type inferred: 
  -> Inferred schema: Name,Address,Location,Profession,Role,Additional Info
  -> Final schema: Name, Address, Location, Category, Additional Info, Profession, Role
  -> Multi-section page detected: ['OFFICINA RIPARAZIONI MACCHINE PER SCRIVERE | Address: Via XXII Marzo, 2288, Venezia, Phone: 25-889']
  -> Actual CSV columns: Name,Address,Location,Category,Additional Info,Profession,Role
  -> WARNING: 11 rows (15%) missing both Address and Location on page_439.jpg
  -> Section state carries address: Castello numero 542
Done.
Processing: page_440.jpg
  -> Layout type: COMPLEX_LAYOUT
  -> Ad type: PARTIAL_AD
  -> Page type inferred: 
  -> Inferred schema: Name,Address,Location,Category,Additional Info
  -> Final schema: Name, Address, Location, Category, Additional Info, Profession, Role
  -> Multi-section page detected: ['This 1947 Venetian almanac page appears to be organized into multiple distinct sections, showcasing a directory of businesses and individuals in Venice, accompanied by their addresses and other descriptive data. Below is a list of these sections as per the given formatting rules:', '- Premiato Sughificio Veneto, Mazzucco Cav. Giuseppe, Stab. Amm, Palazzo Surian, Fond. Cannaregio, 981.', "- Premiato Mobilificio Casa dell'Artigiano Cav. Bruno Gasparini, mobili, Mestre, Via D. Manin 39.", "- Pree e Figli, costruzioni stadali e ferroviarie, Mestre, Via dell'Industria 2.", '- Prco Ernesto e Figli, materiale per costruzioni edilizie, Mestre Via Giardino 5.', '- Presolana Società Anonima Minaria, minerali, San Marco 4090.', '- Profumeria Ada, di Giuseppe Vettor, bigiotterie, Cannareguo 1984-85.', '- Profumeria Orientale, di Fantuzzi Guido, chincaglierie, Castello 5617.', '- Provided, alimentari (detto.), Castello 494, D. Duro 2997, Cannaregio 278.', '- Pugitto mons. comm. prof. Giuseppe, cappelano S. Bingio (Chiesa della Marina).', '- "duse SEDIARI - MOBILI PER UFFICIO - MACCHINE CONTABILI MACCHINE PER SCRIVERE - DUPLICATORI - ACCESSORI VENEZIA • Via XXI2 Marzo, 2288 • Telefono 25-88J']
  -> Image re-pass enabled (complex layout + ads + 11 sections).
  -> Actual CSV columns: Name,Address,Location,Category,Additional Info,Profession,Role
  -> WARNING: 5 rows (7%) missing both Address and Location on page_440.jpg
  -> Section state carries address: Castello numero 3912
Done.
Processing: page_441.jpg
  -> Layout type: COMPLEX_LAYOUT
  -> Ad type: PARTIAL_AD
  -> Page type inferred: 
  -> Inferred schema: Name,Address,Location,Profession,Role,Additional Info
  -> Final schema: Name, Address, Location, Category, Additional Info, Profession, Role
  -> Actual CSV columns: Name,Address,Location,Category,Additional Info,Profession,Role
  -> Section state carries address: Mestre Via Olivi
Done.
Processing: page_442.jpg
  -> Layout type: COMPLEX_LAYOUT
  -> Ad type: PARTIAL_AD
  -> Page type inferred: 
  -> Inferred schema: Name,Address,Location,Profession,Role
  -> Final schema: Name, Address, Location, Category, Additional Info, Profession, Role
  -> Actual CSV columns: Name,Address,Location,Category,Additional Info,Profession,Role
  -> WARNING: 5 rows (8%) missing both Address and Location on page_442.jpg
  -> Section state carries address: Via XXII Marzo 2288
Done.
Processing: page_443.jpg
  -> Layout type: COMPLEX_LAYOUT
  -> Ad type: NO_AD (pure structured directory content)
  -> Page type inferred: 
  -> Inferred schema: Name,Address,Location,Profession,Role
  -> Final schema: Name, Address, Location, Category, Additional Info, Profession, Role
  -> Actual CSV columns: Name,Address,Location,Category,Additional Info,Profession,Role
  -> Section state carries address: Murano fdm. Vetrai numero 69
Done.
Processing: page_444.jpg
  -> Layout type: COMPLEX_LAYOUT
  -> Ad type: NO_AD
  -> Page type inferred: 
  -> Inferred schema: Name,Address,Location,Profession,Role,Additional Info
  -> Final schema: Name, Address, Location, Category, Additional Info, Profession, Role
  -> Actual CSV columns: Name,Address,Location,Category,Additional Info,Profession,Role
  -> Section state carries address: Carpenedo, Via San Donà, 1478
Done.
Processing: page_445.jpg
  -> Layout type: SIMPLE_LAYOUT
  -> Ad type: NO_AD
  -> Page type inferred: 
  -> Inferred schema: Name,Address,Location,Profession,Role,Additional Info
  -> Final schema: Name, Address, Location, Category, Additional Info, Profession, Role
  -> Actual CSV columns: Name,Address,Location,Category,Additional Info,Profession,Role
  -> WARNING: 4 rows (5%) missing both Address and Location on page_445.jpg
  -> Section state carries address: S. Zacaria numero 4685
Done.
Processing: page_446.jpg
  -> Layout type: SIMPLE_LAYOUT
  -> Ad type: NO_AD
  -> Page type inferred: 
  -> Inferred schema: Name,Address,Location,Profession,Role,Additional Info
  -> Final schema: Name, Address, Location, Category, Additional Info, Profession, Role
  -> Actual CSV columns: Name,Address,Location,Category,Additional Info,Profession,Role
  -> WARNING: 5 rows (7%) missing both Address and Location on page_446.jpg
  -> Section state carries address: Cannaregio 4294
Done.
Processing: page_447.jpg
  -> Layout type: SIMPLE_LAYOUT
  -> Ad type: NO_AD
  -> Page type inferred: 
  -> Inferred schema: Name,Address,Location,Category,Additional Info
  -> Final schema: Name, Address, Location, Category, Additional Info, Profession, Role
  -> Actual CSV columns: Name,Address,Location,Category,Additional Info,Profession,Role
  -> WARNING: 7 rows (10%) missing both Address and Location on page_447.jpg
  -> Section state carries address: Vin Dandolo numero 41-A
Done.
Processing: page_448.jpg
  -> Layout type: COMPLEX_LAYOUT
  -> Ad type: PARTIAL_AD
  -> Page type inferred: 
  -> Inferred schema: Name,Address,Location,Category,Additional Info
  -> Final schema: Name, Address, Location, Category, Additional Info, Profession, Role
  -> Multi-section page detected: ['GUIDO COMMERCIALE DI VENEZIA E PROVINCIA']
  -> Actual CSV columns: Name,Address,Location,Category,Additional Info,Profession,Role
  -> WARNING: 7 rows (11%) missing both Address and Location on page_448.jpg
  -> Section state carries address: Via XXI Marco, 2288
Done.
Processing: page_449.jpg
  -> Layout type: COMPLEX_LAYOUT
  -> Ad type: The page provided consists of a structured directory-like format with listings of businesses and services in Venice and its province. There is no mention of visually separated text, distinct formatting for business promotions, marketing-style blocks, or any decorative elements that suggest advertisement-like content. The entries follow a consistent format and appear to be purely directory content.


Based on the criteria provided, this page would be labeled as:


NO_AD (pure structured directory content)
  -> Page type inferred: 
  -> Inferred schema: Name,Address,Location,Role,Profession,Additional Info
  -> Final schema: Name, Address, Location, Category, Additional Info, Profession, Role
  -> Actual CSV columns: Name,Address,Location,Category,Additional Info,Profession,Role
  -> Section state carries address: Murano fom, Vetrai 39.
Done.
Processing: page_450.jpg
  -> Layout type: COMPLEX_LAYOUT
  -> Ad type: PARTIAL_AD
  -> Page type inferred: 
  -> Inferred schema: Name,Address,Location,Category,Additional Info
  -> Final schema: Name, Address, Location, Category, Additional Info, Profession, Role
  -> Actual CSV columns: Name,Address,Location,Category,Additional Info,Profession,Role
  -> WARNING: 1 rows (2%) missing both Address and Location on page_450.jpg
  -> Section state carries address: S. Gerolamo 2979, Via XII Marco 12 -18
Done.
Processing: page_451.jpg
  -> Layout type: COMPLEX_LAYOUT
  -> Ad type: The content provided is a structured directory listing various businesses and professionals, typical of a commercial or business directory. There is no clear indication or presence of visually separated text that would suggest advertisements, business promotions outside of the typical directory format, or decorative marketing-style blocks that are not in line with the structured nature of the content. The formatting appears consistent with a traditional directory, suggesting no advertisements are present even at the bottom or edges of the page.


Therefore, based on the analysis, this page should be labeled as:


NO_AD (pure structured directory content)
  -> Page type inferred: 
  -> Inferred schema: Name,Address,Location,Profession,Role,Additional Info
  -> Final schema: Name, Address, Location, Category, Additional Info, Profession, Role
  -> Actual CSV columns: Name,Address,Location,Category,Additional Info,Profession,Role
  -> WARNING: 4 rows (5%) missing both Address and Location on page_451.jpg
  -> Section state carries address: Cannaregio 2788
Done.
Processing: page_452.jpg
  -> Layout type: COMPLEX_LAYOUT
  -> Ad type: PARTIAL_AD
  -> Page type inferred: 
  -> Inferred schema: Name,Address,Location,Profession,Role
  -> Final schema: Name, Address, Location, Category, Additional Info, Profession, Role
  -> Multi-section page detected: ['OFFICINA RIPARAZIONI MACCHINE PER SCRIVERE | Address: Venezia - Via XXII Marzo, 2288, Telefono: 25-889']
  -> Actual CSV columns: Name,Address,Location,Category,Additional Info,Profession,Role
  -> WARNING: 4 rows (6%) missing both Address and Location on page_452.jpg
  -> Section state carries address: Castello 5282
Done.
Processing: page_453.jpg
  -> Layout type: COMPLEX_LAYOUT
  -> Ad type: PARTIAL_AD
  -> Page type inferred: 
  -> Inferred schema: Name,Address,Location,Category,Additional Info
  -> Final schema: Name, Address, Location, Category, Additional Info, Profession, Role
  -> Actual CSV columns: Name,Address,Location,Category,Additional Info,Profession,Role
  -> WARNING: 3 rows (4%) missing both Address and Location on page_453.jpg
  -> Section state carries address: VENEZIA - Via XXII Marzo, 2288
Done.
Processing: page_454.jpg
  -> Layout type: COMPLEX_LAYOUT
  -> Ad type: PARTIAL_AD
  -> Page type inferred: 
  -> Inferred schema: Name,Address,Location,Category,Additional Info
  -> Final schema: Name, Address, Location, Category, Additional Info, Profession, Role
  -> Multi-section page detected: ['The text from the 1947 Venetian almanac contains multiple distinct sections with different structures. Here are the sections listed as per the rule:', 'Scuola di Dattilografía', 'Scuola dei Merletti di Bnrauo Soc. Ao. Coop. a. a. &.', 'd.use. | Category: Macchine per scrivere, Calcolatrici, Duplicatori', 'OCCASIONI · CAMBI · RICOSTRUZIONI · NOLEGGI | Address: VENEZIA · Via XXII Marzo 2288 · Telefono: 25.889']
  -> Image re-pass enabled (complex layout + ads + 5 sections).
  -> Actual CSV columns: Name,Address,Location,Category,Additional Info,Profession,Role
  -> WARNING: 8 rows (12%) missing both Address and Location on page_454.jpg
  -> Section state carries address: Cano­naregi 5184
Done.
Processing: page_455.jpg
  -> Layout type: COMPLEX_LAYOUT
  -> Ad type: NO_AD
  -> Page type inferred: 
  -> Inferred schema: Name,Address,Location,Profession,Role
  -> Final schema: Name, Address, Location, Category, Additional Info, Profession, Role
  -> Actual CSV columns: Name,Address,Location,Category,Additional Info,Profession,Role
  -> WARNING: 5 rows (7%) missing both Address and Location on page_455.jpg
  -> Section state carries address: S. Stefano 2982
Done.
Processing: page_456.jpg
  -> Layout type: COMPLEX_LAYOUT
  -> Ad type: PARTIAL_AD
  -> Page type inferred: 
  -> Inferred schema: Name,Address,Location,Profession,Role,Additional Info
  -> Final schema: Name, Address, Location, Category, Additional Info, Profession, Role
  -> Invalid semantic output (attempt 1), retrying...
  -> Actual CSV columns: Name,Address,Location,Category,Additional Info,Profession,Role
  -> WARNING: 7 rows (11%) missing both Address and Location on page_456.jpg
  -> Section state carries address: Via XXII Marzo, 2288
Done.
Processing: page_457.jpg
  -> Layout type: COMPLEX_LAYOUT
  -> Ad type: PARTIAL_AD
  -> Page type inferred: 
  -> Inferred schema: Name,Address,Location,Category
  -> Final schema: Name, Address, Location, Category, Additional Info, Profession, Role
  -> Actual CSV columns: Name,Address,Location,Category,Additional Info,Profession,Role
  -> WARNING: 7 rows (12%) missing both Address and Location on page_457.jpg
  -> Section state carries address: S. Marco 201
Done.
Processing: page_458.jpg
  -> Layout type: COMPLEX_LAYOUT
  -> Ad type: PARTIAL_AD
  -> Page type inferred: 
  -> Inferred schema: Name,Address,Location,Category,Additional Info
  -> Final schema: Name, Address, Location, Category, Additional Info, Profession, Role
  -> Multi-section page detected: ['The text from the 1947 Venetian almanac page contains multiple distinct sections with different structures. Here are the identified sections:', '- S.L.I.T. a)., Spedizioni e Trasporti, Zattere, numero. 920', "- SOC, Adniutta di Elettricità, Aziends di di- stribuzione Colina, 'illuminurione yields, San Luoa 142&-A", '- S. A., America Travel Servico Cappellont Aldo, &. agenzia di di vigil turismo, Via 22 Marzo 221%', '- VI. A. Cinematternicina, mcterinl radio electri Gas, Duro 3598']
  -> Image re-pass enabled (complex layout + ads + 5 sections).
  -> Actual CSV columns: Name,Address,Location,Category,Additional Info,Profession,Role
  -> WARNING: 1 rows (2%) missing both Address and Location on page_458.jpg
  -> Section state carries address: Via Loredan 4, Sotto 4311
Done.
Processing: page_459.jpg
  -> Layout type: COMPLEX_LAYOUT
  -> Ad type: The page contains structured directory content, with no apparent visually separated text or decorative marketing blocks indicating advertisements. Since there is no clear indication of advertisement-like content, the page should be labeled as NO_AD.
  -> Page type inferred: 
  -> Inferred schema: Name,Address,Location,Category,Additional Info
  -> Final schema: Name, Address, Location, Category, Additional Info, Profession, Role
  -> Multi-section page detected: ['ARTI GRAFICHE | "ESPERIA"', "Giornali : Riviste Libri e Opuscoli | Address: Sant' Antonio, n. 3579 a - Telefono 23-658"]
  -> Actual CSV columns: Name,Address,Location,Category,Additional Info,Profession,Role
  -> WARNING: 7 rows (13%) missing both Address and Location on page_459.jpg
  -> Section state carries address: S. Croce 1924
Done.
Processing: page_460.jpg
  -> Layout type: COMPLEX_LAYOUT
  -> Ad type: PARTIAL_AD
  -> Page type inferred: 
  -> Inferred schema: Name,Address,Location,Category,Additional Info
  -> Final schema: Name, Address, Location, Category, Additional Info, Profession, Role
  -> Multi-section page detected: ['S.A. Officine Galileo | Address: Marghera, Via E. F.lli Bandiera 5', 'S.A. Officine Specializzate Macchinar. | Address: Mestre, Via Martino 68', 'S.A. Oleari Veneta | Address: S. Marco numero 2248', 'S.A. Oleifici e Molini Adriatici | Address: S. Giovanni', 'S.A. Olivetti Ing. C. & C. S.p. A. Filiale di Venezia | Address: Bacino Orseolo, numero 1218', 'S.A. Oltofini of Toti, F. | Address: S. Marco 1661', 'S.A. Panificatori acquisti collettivi SAPA | Address: Cannaregio 2298', 'S.A. Pardo B. Bassun | Address: S. Marco 2412', 'S.A. Perseveranza | Address: S. Marco 5547', 'S.A. Pergam | Address: S. Marco 119, Lido, Gran Viale', 'S.A. Pilla F.lli & C. | Address: Murano, (ditta M. Dalla Mula 1584)', 'S.A. Porto Industriale di Venezia | Address: S. Marco Calle Tron', 'S.A. Prodotti Antiparassitari ed affini (S.A PIRA) | Address: S. Marco numero 4142', "S.A. Pubblici Esercizi SAPPE | Address: Cala d'Oro", 'S.A. Pauly & C. | Location: Murano', 'S.A. Rappresentanze | Address: San Marco 22182', 'S.A.S. Ceretto & C. Cromotecnica | Address: Via Leini, 40, Torino', 'S.A. Registratori di Cassa «National» | Address: Calle dei Fuseri', 'S.A. L. R. | Address: Mestre, Via Cappuccina 141', 'S.A. «Spissimina» | Address: S. Filippo Giacomo 1245', "S.A. Stabilimenti per l'Industria della Juta | Address: S. Bartolomeo 2524", 'S.A. Tenuta Valbruna | Address: Duro 1107, Castello numero 4121', 'S.A. Trasporti Industriali S.A.T.I. | Address: S. Marco 1925-A', 'S.A. Trevigiana Servizi Urbani | Address: Mestre, Via Trento 13', 'S.A. Umberto Giorin & Figli | Address: S. Croce 2198', 'S.A. Vinca | Address: S. Marco 1287, Cannaregio 4382, 5497, Lido S. M. Elisabetta 15, Mestre, Piazzetta Tembett n. 1', 'S.A. Vacuum Oil Company | Address: Palazzo della Borsa', 'S.A. Veneta Metalli ed affini | Address: Marghera, Via Gallavi 20', 'S.A. Veneziana Esercizio Bacini di Carenaggio | Address: S. Marco numero 2322', 'S.A. Veneziana Industriale Mobiliare Immobiliare SAVINI | Address: Cannaregio 3828', 'S.A. Veneziana Spedizioni Cotoni | Address: S. Marco 3231', 'S.A. Venini | Address: Murano, fondo, Vetria 17', 'Soc. Addetta alla Navigazione Fluviale e Marittima SANSEM | Address: S. Marco 2425', 'Soc. Adriatica Ferramenta e Metalli (SAFEM) | Address: S. M. Formosa numero 5836', 'Soc. Adrituria Medicinali S.A.M. | Address: Cannaregio 6125', 'Soc. Adriatica Trasporti Turismo (S.A.T.T.T.S.) | Location: San Molo, 1474', 'Soc. Agricola del Cavallino | Address: San Polo numero 2998', 'Soc. Agricola Estuario Venuto | Address: San Polo 2998', 'Soc. Alluminio Veneto Anonima | Location: Porto Marghera C. P., numero 88', 'Soc. Amministrazione Beni Urbani e Rustici | Address: Lido, Via Dardanels ti 40', 'Soc. Automesona Roma e. a. r. l. (S.A.R.) | Address: Mestre Via Piave 1', "Soc. Cementi Armati Centrifugati G.C.A.C. | Address: Stabilimento Porto Marghera, l'Effeto Venezia, S. Fantin 1983-A", 'Soc. Comm. Frutta e Verdura Venezia | Address: Cannaregio 2292', 'Soc. Commerc. Mario Alberti | Address: S. Marco 2257', 'Soc. Commerciale Anonima Autotrasporti, S.G. | Address: Mestre, Piazza Stazione', 'Soc. Commerciale coti artistici Veneziani SACAVF | Address: Cannaregio numero 385-CJ', 'Soc. Commerciale in N., coll. Gehler & Kos | Location: Mestre', 'Soc. Coop. Consumo Fossalta | Address: S. Bartolomeo Fontego Tedeschi', 'Soc. Coop. Costruzioni Redili | Address: Mestre, Via B. Donà 95 A', 'Soc. Coop. Murnese di Consumo | Address: Murano, Via A. Maschio 20', 'SCHELARI - MORARI PER UFIFICIO']
  -> Image re-pass enabled (complex layout + ads + 51 sections).
  -> Actual CSV columns: Name,Address,Location,Category,Additional Info,Profession,Role
  -> Section state carries address: Murano, Via A. Maschio 20
Done.
Processing: page_461.jpg
  -> Layout type: COMPLEX_LAYOUT
  -> Ad type: PARTIAL_AD
  -> Page type inferred: 
  -> Inferred schema: Name,Address,Location,Category,Additional Info
  -> Final schema: Name, Address, Location, Category, Additional Info, Profession, Role
  -> Actual CSV columns: Name,Address,Location,Category,Additional Info,Profession,Role
  -> WARNING: 1 rows (2%) missing both Address and Location on page_461.jpg
  -> Section state carries address: S. Polo 1789
Done.
Processing: page_462.jpg
  -> Layout type: COMPLEX_LAYOUT
  -> Ad type: PARTIAL_AD
  -> Page type inferred: 
  -> Inferred schema: Name,Address,Location,Category,Additional Info
  -> Final schema: Name, Address, Location, Category, Additional Info, Profession, Role
  -> Actual CSV columns: Name,Address,Location,Category,Additional Info,Profession,Role
  -> Section state carries address: Via XXI Marzo, 2288
Done.
Processing: page_463.jpg
  -> Layout type: COMPLEX_LAYOUT
  -> Ad type: PARTIAL_AD
  -> Page type inferred: 
  -> Inferred schema: Name,Address,Location,Category,Additional Info
  -> Final schema: Name, Address, Location, Category, Additional Info, Profession, Role
  -> Actual CSV columns: Name,Address,Location,Category,Additional Info,Profession,Role
  -> WARNING: 5 rows (8%) missing both Address and Location on page_463.jpg
  -> Section state carries address: San Moità, 1474
Done.
Processing: page_464.jpg
  -> Layout type: COMPLEX_LAYOUT
  -> Ad type: PARTIAL_AD
  -> Page type inferred: 
  -> Inferred schema: Name,Address,Location,Category,Additional Info
  -> Final schema: Name, Address, Location, Category, Additional Info, Profession, Role
  -> Actual CSV columns: Name,Address,Location,Category,Additional Info,Profession,Role
  -> Section state carries address: VENEZIA, Via XXII Marzo 2288
Done.
Processing: page_465.jpg
  -> Layout type: COMPLEX_LAYOUT
  -> Ad type: PARTIAL_AD
  -> Page type inferred: 
  -> Inferred schema: Name,Address,Location,Category
  -> Final schema: Name, Address, Location, Category, Additional Info, Profession, Role
  -> Actual CSV columns: Name,Address,Location,Category,Additional Info,Profession,Role
  -> Section state carries address: San Marco 2026
Done.
Processing: page_466.jpg
  -> Layout type: COMPLEX_LAYOUT
  -> Ad type: PARTIAL_AD
  -> Page type inferred: 
  -> Inferred schema: Name,Address,Location,Profession,Role,Additional Info
  -> Final schema: Name, Address, Location, Category, Additional Info, Profession, Role
  -> Multi-section page detected: ['ORGANIZATION | Address: Via XI Marzo, II° 2225']
  -> Actual CSV columns: Name,Address,Location,Category,Additional Info,Profession,Role
  -> WARNING: 2 rows (3%) missing both Address and Location on page_466.jpg
  -> Section state carries address: S. Marco, numero 337
Done.
Processing: page_467.jpg
  -> Page appears blank or near-empty, skipping semantic processing.
Processing: page_468.jpg
  -> Layout type: SIMPLE_LAYOUT
  -> Ad type: NO_AD
  -> Page type inferred: 
  -> Inferred schema: Name,Address,Location,Category,Additional Info
  -> Final schema: Name, Address, Location, Category, Additional Info, Profession, Role
  -> Actual CSV columns: Name,Address,Location,Category,Additional Info,Profession,Role
  -> WARNING: 1 rows (2%) missing both Address and Location on page_468.jpg
  -> Section state carries address: VENEZIA - Via XXI Marzo, 2288
Done.
Processing: page_469.jpg
  -> Layout type: COMPLEX_LAYOUT
  -> Ad type: PARTIAL_AD
  -> Page type inferred: 
  -> Inferred schema: Name,Address,Location,Category
  -> Final schema: Name, Address, Location, Category, Additional Info, Profession, Role
  -> Actual CSV columns: Name,Address,Location,Category,Additional Info,Profession,Role
  -> Section state carries address: S. Maria del Giglio, Fond. Duodo 8665
Done.
Processing: page_470.jpg
  -> Layout type: COMPLEX_LAYOUT
  -> Ad type: PARTIAL_AD
  -> Page type inferred: 
  -> Inferred schema: Name,Address,Location,Category,Additional Info
  -> Final schema: Name, Address, Location, Category, Additional Info, Profession, Role
  -> Actual CSV columns: Name,Address,Location,Category,Additional Info,Profession,Role
  -> WARNING: 3 rows (4%) missing both Address and Location on page_470.jpg
  -> Section state carries address: VENEZIA - Via XXI Marzo 2288
Done.
Processing: page_471.jpg
  -> Layout type: COMPLEX_LAYOUT
  -> Ad type: PARTIAL_AD
  -> Page type inferred: 
  -> Inferred schema: Name,Address,Location,Profession,Role,Additional Info
  -> Final schema: Name, Address, Location, Category, Additional Info, Profession, Role
  -> Actual CSV columns: Name,Address,Location,Category,Additional Info,Profession,Role
  -> Section state carries address: Venezia, Via XXII Marzo, 2288
Done.
Processing: page_472.jpg
  -> Layout type: COMPLEX_LAYOUT
  -> Ad type: PARTIAL_AD
  -> Page type inferred: 
  -> Inferred schema: Name,Address,Location,Profession,Role,Additional Info
  -> Final schema: Name, Address, Location, Category, Additional Info, Profession, Role
  -> Multi-section page detected: ['Macchine per scrivere - Calcolatrici - Duplicatori | Address: Via XXII Marzo, 2288, Phone: 25-889']
  -> Actual CSV columns: Name,Address,Location,Category,Additional Info,Profession,Role
  -> WARNING: 8 rows (12%) missing both Address and Location on page_472.jpg
  -> Section state carries address: Castello 1497
Done.
Processing: page_473.jpg
  -> Layout type: COMPLEX_LAYOUT
  -> Ad type: PARTIAL_AD
  -> Page type inferred: 
  -> Inferred schema: Name,Address,Location,Role,Profession,Additional Info
  -> Final schema: Name, Address, Location, Category, Additional Info, Profession, Role
  -> Actual CSV columns: Name,Address,Location,Category,Additional Info,Profession,Role
  -> WARNING: 6 rows (8%) missing both Address and Location on page_473.jpg
  -> Section state carries address: San Marco 1130
Done.
Processing: page_474.jpg
  -> Layout type: SIMPLE_LAYOUT
  -> Ad type: NO_AD
  -> Page type inferred: 
  -> Inferred schema: Name,Address,Location,Category,Additional Info
  -> Final schema: Name, Address, Location, Category, Additional Info, Profession, Role
  -> Actual CSV columns: Name,Address,Location,Category,Additional Info,Profession,Role
  -> WARNING: 2 rows (3%) missing both Address and Location on page_474.jpg
  -> Section state carries address: S. Marco 4128
Done.
Processing: page_475.jpg
  -> Layout type: COMPLEX_LAYOUT
  -> Ad type: PARTIAL_AD
  -> Page type inferred: 
  -> Inferred schema: Name,Address,Location,Category,Role,Profession,Additional Info
  -> Final schema: Name, Address, Location, Category, Additional Info, Profession, Role
  -> Multi-section page detected: ["Ufficio Turistico dell'Adriatico U.T.A. | Agenzia di viaggi e turismo, Address: S. Marco 2434", 'Unione Subalpina di Assicurazioni | Agente principale di Venezia: Soc. Rappresentanza Generali, Address: S. Marco, 2855', 'Forniture complete MOBILI e ACCESSORI per UFFICIO | "duse." Address: VENEZIA - Via XXI Marzo, 2288 - Telefono 25.889']
  -> Image re-pass enabled (complex layout + ads + 3 sections).
  -> Actual CSV columns: Name,Address,Location,Category,Additional Info,Profession,Role
  -> WARNING: 4 rows (6%) missing both Address and Location on page_475.jpg
  -> Section state carries address: VENEZIA - Via XXI Marzo
Done.
Processing: page_476.jpg
  -> Layout type: COMPLEX_LAYOUT
  -> Ad type: PARTIAL_AD
  -> Page type inferred: 
  -> Inferred schema: Name,Address,Location,Category
  -> Final schema: Name, Address, Location, Category, Additional Info, Profession, Role
  -> Actual CSV columns: Name,Address,Location,Category,Additional Info,Profession,Role
  -> WARNING: 3 rows (5%) missing both Address and Location on page_476.jpg
  -> Section state carries address: Via Terraglio, 2
Done.
Processing: page_477.jpg
  -> Layout type: COMPLEX_LAYOUT
  -> Ad type: NO_AD
  -> Page type inferred: 
  -> Inferred schema: Name,Address,Location,Role,Profession
  -> Final schema: Name, Address, Location, Category, Additional Info, Profession, Role
  -> Actual CSV columns: Name,Address,Location,Category,Additional Info,Profession,Role
  -> WARNING: 5 rows (8%) missing both Address and Location on page_477.jpg
  -> Section state carries address: San Marco 677
Done.
Processing: page_478.jpg
  -> Layout type: COMPLEX_LAYOUT
  -> Ad type: PARTIAL_AD
  -> Page type inferred: 
  -> Inferred schema: Name,Address,Location,Category,Additional Info
  -> Final schema: Name, Address, Location, Category, Additional Info, Profession, Role
  -> Actual CSV columns: Name,Address,Location,Category,Additional Info,Profession,Role
  -> WARNING: 7 rows (11%) missing both Address and Location on page_478.jpg
  -> Section state carries address: Via XXII Marzo, 2288
Done.
Processing: page_479.jpg
  -> Layout type: COMPLEX_LAYOUT
  -> Ad type: PARTIAL_AD
  -> Page type inferred: 
  -> Inferred schema: Name,Address,Location,Category,Additional Info
  -> Final schema: Name, Address, Location, Category, Additional Info, Profession, Role
  -> Multi-section page detected: ['The text contains multiple distinct sections with different structures. Here are the sections identified:', 'SOFARDAR - MOCALI PER UFFICIO - MACHINER CONTAANI | Address: Venezia - Via XXII Marzo, n. 2288, Telefono: N. 25 389']
  -> Actual CSV columns: Name,Address,Location,Category,Additional Info,Profession,Role
  -> WARNING: 2 rows (3%) missing both Address and Location on page_479.jpg
  -> Section state carries address: Castello 4299
Done.
Processing: page_480.jpg
  -> Layout type: SIMPLE_LAYOUT
  -> Ad type: NO_AD
  -> Page type inferred: 
  -> Inferred schema: Name,Address,Location,Profession,Role,Additional Info
  -> Final schema: Name, Address, Location, Category, Additional Info, Profession, Role
  -> Actual CSV columns: Name,Address,Location,Category,Additional Info,Profession,Role
  -> WARNING: 1 rows (1%) missing both Address and Location on page_480.jpg
  -> Section state carries address: Lido Via Canola 2
Done.
Processing: page_481.jpg
  -> Layout type: SIMPLE_LAYOUT
  -> Ad type: NO_AD
  -> Page type inferred: 
  -> Inferred schema: Name,Address,Location,Profession,Role,Additional Info
  -> Final schema: Name, Address, Location, Category, Additional Info, Profession, Role
  -> Actual CSV columns: Name,Address,Location,Category,Additional Info,Profession,Role
  -> WARNING: 3 rows (4%) missing both Address and Location on page_481.jpg
  -> Section state carries address: S. Lucia 4590
Done.
Processing: page_482.jpg
  -> Layout type: COMPLEX_LAYOUT
  -> Ad type: PARTIAL_AD
  -> Page type inferred: 
  -> Inferred schema: Name,Address,Location,Role,Profession
  -> Final schema: Name, Address, Location, Category, Additional Info, Profession, Role
  -> Actual CSV columns: Name,Address,Location,Category,Additional Info,Profession,Role
  -> WARNING: 3 rows (4%) missing both Address and Location on page_482.jpg
  -> Section state carries address: S. Marco 1386
Done.
Processing: page_483.jpg
  -> Layout type: COMPLEX_LAYOUT
  -> Ad type: PARTIAL_AD
  -> Page type inferred: 
  -> Inferred schema: Name,Address,Location,Category,Additional Info
  -> Final schema: Name, Address, Location, Category, Additional Info, Profession, Role
  -> Actual CSV columns: Name,Address,Location,Category,Additional Info,Profession,Role
  -> Section state carries address: Cannaregio numero 2100
Done.
Processing: page_484.jpg
  -> Layout type: COMPLEX_LAYOUT
  -> Ad type: PARTIAL_AD
  -> Page type inferred: 
  -> Inferred schema: Name,Address,Location,Category,Additional Info
  -> Final schema: Name, Address, Location, Category, Additional Info, Profession, Role
  -> Multi-section page detected: ['Forniture compiete MOBILI e ACCESSORI per UFFICIO | Address: VENEZIA — Via XXI Marzo, 2288, Telefono: 25-889']
  -> Actual CSV columns: Name,Address,Location,Category,Additional Info,Profession,Role
  -> WARNING: 3 rows (4%) missing both Address and Location on page_484.jpg
  -> Section state carries address: S. Marco 1231
Done.
Processing: page_485.jpg
  -> Layout type: COMPLEX_LAYOUT
  -> Ad type: PARTIAL_AD
  -> Page type inferred: 
  -> Inferred schema: Name,Address,Location,Profession,Role,Additional Info
  -> Final schema: Name, Address, Location, Category, Additional Info, Profession, Role
  -> Actual CSV columns: Name,Address,Location,Category,Additional Info,Profession,Role
  -> Section state carries address: Vie XXII Marzo, 2288
Done.
Processing: page_486.jpg
  -> Layout type: SIMPLE_LAYOUT
  -> Ad type: NO_AD
  -> Page type inferred: 
  -> Inferred schema: Name,Address,Location,Profession,Role,Additional Info
  -> Final schema: Name, Address, Location, Category, Additional Info, Profession, Role
  -> Actual CSV columns: Name,Address,Location,Category,Additional Info,Profession,Role
  -> WARNING: 4 rows (6%) missing both Address and Location on page_486.jpg
  -> Section state carries address: Cannaregio 1953
Done.
Processing: page_487.jpg
  -> Layout type: SIMPLE_LAYOUT
  -> Ad type: NO_AD
  -> Page type inferred: 
  -> Inferred schema: Name,Address,Location,Role,Profession,Additional Info
  -> Final schema: Name, Address, Location, Category, Additional Info, Profession, Role
  -> Actual CSV columns: Name,Address,Location,Category,Additional Info,Profession,Role
  -> WARNING: 8 rows (12%) missing both Address and Location on page_487.jpg
  -> Section state carries address: Cannaregio 1636
Done.
Processing: page_488.jpg
  -> Layout type: SIMPLE_LAYOUT
  -> Ad type: NO_AD
  -> Page type inferred: 
  -> Inferred schema: Name,Address,Location,Role,Profession,Additional Info
  -> Final schema: Name, Address, Location, Category, Additional Info, Profession, Role
  -> Invalid semantic output (attempt 1), retrying...
  -> Actual CSV columns: Name,Address,Location,Category,Additional Info,Profession,Role
  -> WARNING: 1 rows (100%) missing both Address and Location on page_488.jpg
  -> Section state carries address: Cannaregio 1636
Done.
Processing: page_489.jpg
  -> Layout type: COMPLEX_LAYOUT
  -> Ad type: PARTIAL_AD
  -> Page type inferred: 
  -> Inferred schema: Name,Address,Location,Additional Info
  -> Final schema: Name, Address, Location, Category, Additional Info, Profession, Role
  -> Multi-section page detected: ['FOTO F.LLI ZAGO | Address: Venezia - S. Polo, Campiello Meloni 1478 - Tel. 24-296', 'EDIZIONI', 'REPARTO INDUSTRIALE', 'REPARTO ELIOCIANOGRAFICO', 'REPARTO ARTISTICO', 'VENDITA MATERIALI', 'SVILUPPO E STAMPA PER DILETTANTI']
  -> Image re-pass enabled (complex layout + ads + 7 sections).
  -> Actual CSV columns: Name,Address,Location,Category,Additional Info,Profession,Role
  -> WARNING: 7 rows (100%) missing both Address and Location on page_489.jpg
  -> Section state carries address: Venezia - S. Polo
Done.
Processing: page_490.jpg
  -> Page appears blank or near-empty, skipping semantic processing.
Processing: page_491.jpg
  -> Layout type: SIMPLE_LAYOUT
  -> Ad type: NO_AD
  -> Page type inferred: 
  -> Inferred schema: Name,Address,Location
  -> Final schema: Name,Address,Location
  -> Multi-section page detected: ['ELENCO DEI COMUNI E DELLE FRAZIONI']
  -> Actual CSV columns: Name,Address,Location
  -> WARNING: 11 rows (17%) missing both Address and Location on page_491.jpg
  -> Section state reset at document boundary (page 491)
  -> Section state carries address: Ca­lleva (S. Maria di Sala)
Done.
Processing: page_492.jpg
  -> Layout type: SIMPLE_LAYOUT
  -> Ad type: NO_AD
  -> Page type inferred: 
  -> Inferred schema: Name,Address,Location,Additional Info
  -> Final schema: Name,Address,Location,Additional Info
  -> Actual CSV columns: Name,Address,Location,Additional Info
  -> WARNING: 19 rows (21%) missing both Address and Location on page_492.jpg
  -> Section state carries address: Ca­lleva (S. Maria di Sala)
Done.
Processing: page_493.jpg
  -> Layout type: SIMPLE_LAYOUT
  -> Ad type: NO_AD
  -> Page type inferred: 
  -> Inferred schema: Name,Address,Location,Additional Info
  -> Final schema: Name, Address, Location, Additional Info
  -> Actual CSV columns: Name,Address,Location,Additional Info
  -> WARNING: 54 rows (81%) missing both Address and Location on page_493.jpg
  -> Section state carries address: S. Marco, Ascensione 1300
Done.
Processing: page_494.jpg
  -> Provincia ads extracted for page 494.
  -> Provincia data extracted for page 494.
Processing: page_495.jpg
  -> Provincia ads extracted for page 495.
  -> Provincia data extracted for page 495.
Processing: page_496.jpg
  -> Provincia ads extracted for page 496.
  -> Invalid semantic output (attempt 1), retrying...
  -> Invalid semantic output (attempt 2), retrying...
  -> Provincia data extracted for page 496.
  -> Page 496 added to 'CAMPAGNALUPIA' (continuation).
Processing: page_497.jpg
  -> Provincia ads extracted for page 497.
  -> Provincia data extracted for page 497.
Processing: page_498.jpg
  -> Provincia ads extracted for page 498.
  -> Provincia data extracted for page 498.
Processing: page_499.jpg
  -> Provincia ads extracted for page 499.
  -> Provincia data extracted for page 499.
Processing: page_500.jpg
  -> Provincia ads extracted for page 500.
  -> Invalid semantic output (attempt 1), retrying...
  -> Invalid semantic output (attempt 2), retrying...
  -> Provincia data extracted for page 500.
  -> Page 500 added to 'CAORLE' (continuation).
Processing: page_501.jpg
  -> Provincia ads extracted for page 501.
  -> Provincia data extracted for page 501.
Processing: page_502.jpg
  -> Provincia ads extracted for page 502.
  -> Invalid semantic output (attempt 1), retrying...
  -> Invalid semantic output (attempt 2), retrying...
  -> Provincia data extracted for page 502.
  -> Page 502 added to 'CAVARZERE' (continuation).
Processing: page_503.jpg
  -> Provincia ads extracted for page 503.
  -> Invalid semantic output (attempt 1), retrying...
  -> Invalid semantic output (attempt 2), retrying...
  -> Provincia data extracted for page 503.
  -> Page 503 added to 'CAVARZERE' (continuation).
Processing: page_504.jpg
  -> Provincia ads extracted for page 504.
  -> Provincia data extracted for page 504.
Processing: page_505.jpg
  -> Provincia ads extracted for page 505.
  -> Provincia data extracted for page 505.
Processing: page_506.jpg
  -> Provincia ads extracted for page 506.
  -> Invalid semantic output (attempt 1), retrying...
  -> Invalid semantic output (attempt 2), retrying...
  -> Provincia data extracted for page 506.
  -> Page 506 added to 'CHIOGGIA' (continuation).
Processing: page_507.jpg
  -> Provincia ads extracted for page 507.
  -> Invalid semantic output (attempt 1), retrying...
  -> Invalid semantic output (attempt 2), retrying...
  -> Provincia data extracted for page 507.
  -> Page 507 added to 'CHIOGGIA' (continuation).
Processing: page_508.jpg
  -> Provincia ads extracted for page 508.
  -> Invalid semantic output (attempt 1), retrying...
  -> Invalid semantic output (attempt 2), retrying...
  -> Provincia data extracted for page 508.
  -> Page 508 added to 'CHIOGGIA' (continuation).
Processing: page_509.jpg
  -> Provincia ads extracted for page 509.
  -> Invalid semantic output (attempt 1), retrying...
  -> Invalid semantic output (attempt 2), retrying...
  -> Provincia data extracted for page 509.
  -> Page 509 added to 'CHIOGGIA' (continuation).
Processing: page_510.jpg
  -> OCR refusal detected, retrying with fallback prompt...
  -> OCR still refused after fallback for page_510.jpg, skipping.
Processing: page_511.jpg
  -> OCR refusal detected, retrying with fallback prompt...
  -> OCR still refused after fallback for page_511.jpg, skipping.
Processing: page_512.jpg
  -> Provincia ads extracted for page 512.
  -> Invalid semantic output (attempt 1), retrying...
  -> Invalid semantic output (attempt 2), retrying...
  -> Provincia data extracted for page 512.
  -> Page 512 added to 'CHIOGGIA' (continuation).
Processing: page_513.jpg
  -> Provincia ads extracted for page 513.
  -> Invalid semantic output (attempt 1), retrying...
  -> Invalid semantic output (attempt 2), retrying...
  -> Provincia data extracted for page 513.
  -> Page 513 added to 'CHIOGGIA' (continuation).
Processing: page_514.jpg
  -> Provincia ads extracted for page 514.
  -> Invalid semantic output (attempt 1), retrying...
  -> Invalid semantic output (attempt 2), retrying...
  -> Provincia data extracted for page 514.
  -> Page 514 added to 'CHIOGGIA' (continuation).
Processing: page_515.jpg
  -> OCR refusal detected, retrying with fallback prompt...
  -> Provincia ads extracted for page 515.
  -> Provincia data extracted for page 515.
Processing: page_516.jpg
  -> Provincia ads extracted for page 516.
  -> Provincia data extracted for page 516.
Processing: page_517.jpg
  -> Provincia ads extracted for page 517.
  -> Provincia data extracted for page 517.
Processing: page_518.jpg
  -> Provincia ads extracted for page 518.
  -> Provincia data extracted for page 518.
Processing: page_519.jpg
  -> Provincia ads extracted for page 519.
  -> Invalid semantic output (attempt 1), retrying...
  -> Invalid semantic output (attempt 2), retrying...
  -> Provincia data extracted for page 519.
  -> Page 519 added to 'DOLO' (continuation).
Processing: page_520.jpg
  -> Provincia ads extracted for page 520.
  -> Invalid semantic output (attempt 1), retrying...
  -> Invalid semantic output (attempt 2), retrying...
  -> Provincia data extracted for page 520.
  -> Page 520 added to 'DOLO' (continuation).
Processing: page_521.jpg
  -> Provincia ads extracted for page 521.
  -> Invalid semantic output (attempt 1), retrying...
  -> Invalid semantic output (attempt 2), retrying...
  -> Provincia data extracted for page 521.
  -> Page 521 added to 'DOLO' (continuation).
Processing: page_522.jpg
  -> Provincia ads extracted for page 522.
  -> Provincia data extracted for page 522.
Processing: page_523.jpg
  -> Provincia ads extracted for page 523.
  -> Provincia data extracted for page 523.
Processing: page_524.jpg
  -> Provincia ads extracted for page 524.
  -> Provincia data extracted for page 524.
Processing: page_525.jpg
  -> Provincia ads extracted for page 525.
  -> Provincia data extracted for page 525.
Processing: page_526.jpg
  -> Provincia ads extracted for page 526.
  -> Provincia data extracted for page 526.
Processing: page_527.jpg
  -> Provincia ads extracted for page 527.
  -> Provincia data extracted for page 527.
Processing: page_528.jpg
  -> Provincia ads extracted for page 528.
  -> Provincia data extracted for page 528.
Processing: page_529.jpg
  -> Provincia ads extracted for page 529.
  -> Invalid semantic output (attempt 1), retrying...
  -> Invalid semantic output (attempt 2), retrying...
  -> Provincia data extracted for page 529.
  -> Page 529 added to 'JESOLO' (continuation).
Processing: page_530.jpg
  -> Provincia ads extracted for page 530.
  -> Provincia data extracted for page 530.
Processing: page_531.jpg
  -> Provincia ads extracted for page 531.
  -> Provincia data extracted for page 531.
Processing: page_532.jpg
  -> Provincia ads extracted for page 532.
  -> Invalid semantic output (attempt 1), retrying...
  -> Invalid semantic output (attempt 2), retrying...
  -> Provincia data extracted for page 532.
  -> Page 532 added to 'MEOLA' (continuation).
Processing: page_533.jpg
  -> Provincia ads extracted for page 533.
  -> Provincia data extracted for page 533.
Processing: page_534.jpg
  -> Provincia ads extracted for page 534.
  -> Invalid semantic output (attempt 1), retrying...
  -> Invalid semantic output (attempt 2), retrying...
  -> Provincia data extracted for page 534.
  -> Page 534 added to 'MIRA' (continuation).
Processing: page_535.jpg
  -> Provincia ads extracted for page 535.
  -> Invalid semantic output (attempt 1), retrying...
  -> Invalid semantic output (attempt 2), retrying...
  -> Provincia data extracted for page 535.
  -> Page 535 added to 'MIRA' (continuation).
Processing: page_536.jpg
  -> Provincia ads extracted for page 536.
  -> Provincia data extracted for page 536.
Processing: page_537.jpg
  -> Provincia ads extracted for page 537.
  -> Invalid semantic output (attempt 1), retrying...
  -> Invalid semantic output (attempt 2), retrying...
  -> Provincia data extracted for page 537.
  -> Page 537 added to 'MIRANO' (continuation).
Processing: page_538.jpg
  -> Provincia ads extracted for page 538.
  -> Invalid semantic output (attempt 1), retrying...
  -> Invalid semantic output (attempt 2), retrying...
  -> Provincia data extracted for page 538.
  -> Page 538 added to 'MIRANO' (continuation).
Processing: page_539.jpg
  -> Provincia ads extracted for page 539.
  -> Invalid semantic output (attempt 1), retrying...
  -> Invalid semantic output (attempt 2), retrying...
  -> Provincia data extracted for page 539.
  -> Page 539 added to 'MIRANO' (continuation).
Processing: page_540.jpg
  -> OCR refusal detected, retrying with fallback prompt...
  -> OCR still refused after fallback for page_540.jpg, skipping.
Processing: page_541.jpg
  -> Provincia ads extracted for page 541.
  -> Provincia data extracted for page 541.
Processing: page_542.jpg
  -> Provincia ads extracted for page 542.
  -> Invalid semantic output (attempt 1), retrying...
  -> Invalid semantic output (attempt 2), retrying...
  -> Provincia data extracted for page 542.
  -> Page 542 added to 'NOALE' (continuation).
Processing: page_543.jpg
  -> Provincia ads extracted for page 543.
  -> Provincia data extracted for page 543.
Processing: page_544.jpg
  -> Provincia ads extracted for page 544.
  -> Invalid semantic output (attempt 1), retrying...
  -> Invalid semantic output (attempt 2), retrying...
  -> Provincia data extracted for page 544.
  -> Page 544 added to 'NOVENTA DI PIAVE' (continuation).
Processing: page_545.jpg
  -> Provincia ads extracted for page 545.
  -> Provincia data extracted for page 545.
Processing: page_546.jpg
  -> Provincia ads extracted for page 546.
  -> Provincia data extracted for page 546.
Processing: page_547.jpg
  -> Provincia ads extracted for page 547.
  -> Invalid semantic output (attempt 1), retrying...
  -> Invalid semantic output (attempt 2), retrying...
  -> Provincia data extracted for page 547.
  -> Page 547 added to 'PORTOGRUARO' (continuation).
Processing: page_548.jpg
  -> Provincia ads extracted for page 548.
  -> Invalid semantic output (attempt 1), retrying...
  -> Invalid semantic output (attempt 2), retrying...
  -> Provincia data extracted for page 548.
  -> Page 548 added to 'PORTOGRUARO' (continuation).
Processing: page_549.jpg
  -> Provincia ads extracted for page 549.
  -> Invalid semantic output (attempt 1), retrying...
  -> Invalid semantic output (attempt 2), retrying...
  -> Provincia data extracted for page 549.
  -> Page 549 added to 'PORTOGRUARO' (continuation).
Processing: page_550.jpg
  -> OCR refusal detected, retrying with fallback prompt...
  -> OCR still refused after fallback for page_550.jpg, skipping.
Processing: page_551.jpg
  -> Provincia ads extracted for page 551.
  -> Provincia data extracted for page 551.
Processing: page_552.jpg
  -> Provincia ads extracted for page 552.
  -> Provincia data extracted for page 552.
Processing: page_553.jpg
  -> Provincia ads extracted for page 553.
  -> Provincia data extracted for page 553.
Processing: page_554.jpg
  -> Provincia ads extracted for page 554.
  -> Invalid semantic output (attempt 1), retrying...
  -> Invalid semantic output (attempt 2), retrying...
  -> Provincia data extracted for page 554.
  -> Page 554 added to 'S. DONA' DI PIAVE' (continuation).
Processing: page_555.jpg
  -> Provincia ads extracted for page 555.
  -> Invalid semantic output (attempt 1), retrying...
  -> Invalid semantic output (attempt 2), retrying...
  -> Provincia data extracted for page 555.
  -> Page 555 added to 'S. DONA' DI PIAVE' (continuation).
Processing: page_556.jpg
  -> Provincia ads extracted for page 556.
  -> Invalid semantic output (attempt 1), retrying...
  -> Invalid semantic output (attempt 2), retrying...
  -> Provincia data extracted for page 556.
  -> Page 556 added to 'S. DONA' DI PIAVE' (continuation).
Processing: page_557.jpg
  -> Provincia ads extracted for page 557.
  -> Provincia data extracted for page 557.
Processing: page_558.jpg
  -> Provincia ads extracted for page 558.
  -> Provincia data extracted for page 558.
Processing: page_559.jpg
  -> Provincia ads extracted for page 559.
  -> Provincia data extracted for page 559.
Processing: page_560.jpg
  -> Provincia ads extracted for page 560.
  -> Invalid semantic output (attempt 1), retrying...
  -> Invalid semantic output (attempt 2), retrying...
  -> Provincia data extracted for page 560.
  -> Page 560 added to 'S. STINO DI LIVENZA' (continuation).
Processing: page_561.jpg
  -> Provincia ads extracted for page 561.
  -> Provincia data extracted for page 561.
Processing: page_562.jpg
  -> Provincia ads extracted for page 562.
  -> Invalid semantic output (attempt 1), retrying...
  -> Invalid semantic output (attempt 2), retrying...
  -> Provincia data extracted for page 562.
  -> Page 562 added to 'S. MARIA DI SALA' (continuation).
Processing: page_563.jpg
  -> Provincia ads extracted for page 563.
  -> Invalid semantic output (attempt 1), retrying...
  -> Invalid semantic output (attempt 2), retrying...
  -> Provincia data extracted for page 563.
  -> Page 563 added to 'S. MARIA DI SALA' (continuation).
Processing: page_564.jpg
  -> Provincia ads extracted for page 564.
  -> Provincia data extracted for page 564.
Processing: page_565.jpg
  -> Provincia ads extracted for page 565.
  -> Provincia data extracted for page 565.
Processing: page_566.jpg
  -> Provincia ads extracted for page 566.
  -> Invalid semantic output (attempt 1), retrying...
  -> Invalid semantic output (attempt 2), retrying...
  -> Provincia data extracted for page 566.
  -> Page 566 added to '_STRÀ_' (continuation).
Processing: page_567.jpg
  -> Provincia ads extracted for page 567.
  -> Provincia data extracted for page 567.
Processing: page_568.jpg
  -> Provincia ads extracted for page 568.
  -> Provincia data extracted for page 568.
  -> Page 568 added to 'TORRE DI MOSTO' (continuation).
Processing: page_569.jpg
  -> Provincia ads extracted for page 569.
  -> Provincia data extracted for page 569.
Processing: page_570.jpg
  -> No ads found on page 570.
  -> Invalid semantic output (attempt 1), retrying...
  -> Invalid semantic output (attempt 2), retrying...
  -> Provincia data extracted for page 570.
  -> Page 570 added to 'VIGONOVO' (continuation).
Processing: page_571.jpg
  -> OCR refusal detected, retrying with fallback prompt...
  -> OCR still refused after fallback for page_571.jpg, skipping.
Processing: page_572.jpg
  -> Layout type: COMPLEX_LAYOUT
  -> Ad type: FULL_AD
Processing: page_573.jpg
  -> Layout type: COMPLEX_LAYOUT
  -> Ad type: FULL_AD
Processing: page_574.jpg
  -> Layout type: SIMPLE_LAYOUT
  -> Ad type: FULL_AD
  -> Invalid semantic output (attempt 1), retrying...
Processing: page_575.jpg
  -> Layout type: COMPLEX_LAYOUT
  -> Ad type: FULL_AD
  -> Provincia CSV saved: 40 entries (version 6).
  -> Provincia ads CSV saved: 82 entries (version 6).