Log file: /Users/charlottegarcia/Desktop/thesis/llm_ocr/llm_ocr_results/run_20260507_160046.log
Drive folder ready: Venezia_Almanac_1947
Converting PDF → Drive upload at 200 DPI...
Skipping existing: page_1.jpg
Skipping existing: page_2.jpg
Skipping existing: page_3.jpg
Skipping existing: page_4.jpg
Skipping existing: page_5.jpg
Skipping existing: page_6.jpg
Skipping existing: page_7.jpg
Skipping existing: page_8.jpg
Skipping existing: page_9.jpg
Skipping existing: page_10.jpg
Skipping existing: page_11.jpg
Skipping existing: page_12.jpg
Skipping existing: page_13.jpg
Skipping existing: page_14.jpg
Skipping existing: page_15.jpg
Skipping existing: page_16.jpg
Skipping existing: page_17.jpg
Skipping existing: page_18.jpg
Skipping existing: page_19.jpg
Skipping existing: page_20.jpg
Skipping existing: page_21.jpg
Skipping existing: page_22.jpg
Skipping existing: page_23.jpg
Skipping existing: page_24.jpg
Skipping existing: page_25.jpg
Skipping existing: page_26.jpg
Skipping existing: page_27.jpg
Skipping existing: page_28.jpg
Skipping existing: page_29.jpg
Skipping existing: page_30.jpg
Skipping existing: page_31.jpg
Skipping existing: page_32.jpg
Skipping existing: page_33.jpg
Skipping existing: page_34.jpg
Skipping existing: page_35.jpg
Skipping existing: page_36.jpg
Skipping existing: page_37.jpg
Skipping existing: page_38.jpg
Skipping existing: page_39.jpg
Skipping existing: page_40.jpg
Skipping existing: page_41.jpg
Skipping existing: page_42.jpg
Skipping existing: page_43.jpg
Skipping existing: page_44.jpg
Skipping existing: page_45.jpg
Skipping existing: page_46.jpg
Skipping existing: page_47.jpg
Skipping existing: page_48.jpg
Skipping existing: page_49.jpg
Skipping existing: page_50.jpg
Skipping existing: page_51.jpg
Skipping existing: page_52.jpg
Skipping existing: page_53.jpg
Skipping existing: page_54.jpg
Skipping existing: page_55.jpg
Skipping existing: page_56.jpg
Skipping existing: page_57.jpg
Skipping existing: page_58.jpg
Skipping existing: page_59.jpg
Skipping existing: page_60.jpg
Skipping existing: page_61.jpg
Skipping existing: page_62.jpg
Skipping existing: page_63.jpg
Skipping existing: page_64.jpg
Skipping existing: page_65.jpg
Skipping existing: page_66.jpg
Skipping existing: page_67.jpg
Skipping existing: page_68.jpg
Skipping existing: page_69.jpg
Skipping existing: page_70.jpg
Skipping existing: page_71.jpg
Skipping existing: page_72.jpg
Skipping existing: page_73.jpg
Skipping existing: page_74.jpg
Skipping existing: page_75.jpg
Skipping existing: page_76.jpg
Skipping existing: page_77.jpg
Skipping existing: page_78.jpg
Skipping existing: page_79.jpg
Skipping existing: page_80.jpg
Skipping existing: page_81.jpg
Skipping existing: page_82.jpg
Skipping existing: page_83.jpg
Skipping existing: page_84.jpg
Skipping existing: page_85.jpg
Skipping existing: page_86.jpg
Skipping existing: page_87.jpg
Skipping existing: page_88.jpg
Skipping existing: page_89.jpg
Skipping existing: page_90.jpg
Skipping existing: page_91.jpg
Skipping existing: page_92.jpg
Skipping existing: page_93.jpg
Skipping existing: page_94.jpg
Skipping existing: page_95.jpg
Skipping existing: page_96.jpg
Skipping existing: page_97.jpg
Skipping existing: page_98.jpg
Skipping existing: page_99.jpg
Skipping existing: page_100.jpg
Skipping existing: page_101.jpg
Skipping existing: page_102.jpg
Skipping existing: page_103.jpg
Skipping existing: page_104.jpg
Skipping existing: page_105.jpg
Skipping existing: page_106.jpg
Skipping existing: page_107.jpg
Skipping existing: page_108.jpg
Skipping existing: page_109.jpg
Skipping existing: page_110.jpg
Skipping existing: page_111.jpg
Skipping existing: page_112.jpg
Skipping existing: page_113.jpg
Skipping existing: page_114.jpg
Skipping existing: page_115.jpg
Skipping existing: page_116.jpg
Skipping existing: page_117.jpg
Skipping existing: page_118.jpg
Skipping existing: page_119.jpg
Skipping existing: page_120.jpg
Skipping existing: page_121.jpg
Skipping existing: page_122.jpg
Skipping existing: page_123.jpg
Skipping existing: page_124.jpg
Skipping existing: page_125.jpg
Skipping existing: page_126.jpg
Skipping existing: page_127.jpg
Skipping existing: page_128.jpg
Skipping existing: page_129.jpg
Skipping existing: page_130.jpg
Skipping existing: page_131.jpg
Skipping existing: page_132.jpg
Skipping existing: page_133.jpg
Skipping existing: page_134.jpg
Skipping existing: page_135.jpg
Skipping existing: page_136.jpg
Skipping existing: page_137.jpg
Skipping existing: page_138.jpg
Skipping existing: page_139.jpg
Skipping existing: page_140.jpg
Skipping existing: page_141.jpg
Skipping existing: page_142.jpg
Skipping existing: page_143.jpg
Skipping existing: page_144.jpg
Skipping existing: page_145.jpg
Skipping existing: page_146.jpg
Skipping existing: page_147.jpg
Skipping existing: page_148.jpg
Skipping existing: page_149.jpg
Skipping existing: page_150.jpg
Skipping existing: page_151.jpg
Skipping existing: page_152.jpg
Skipping existing: page_153.jpg
Skipping existing: page_154.jpg
Skipping existing: page_155.jpg
Skipping existing: page_156.jpg
Skipping existing: page_157.jpg
Skipping existing: page_158.jpg
Skipping existing: page_159.jpg
Skipping existing: page_160.jpg
Skipping existing: page_161.jpg
Skipping existing: page_162.jpg
Skipping existing: page_163.jpg
Skipping existing: page_164.jpg
Skipping existing: page_165.jpg
Skipping existing: page_166.jpg
Skipping existing: page_167.jpg
Skipping existing: page_168.jpg
Skipping existing: page_169.jpg
Skipping existing: page_170.jpg
Skipping existing: page_171.jpg
Skipping existing: page_172.jpg
Skipping existing: page_173.jpg
Skipping existing: page_174.jpg
Skipping existing: page_175.jpg
Skipping existing: page_176.jpg
Skipping existing: page_177.jpg
Skipping existing: page_178.jpg
Skipping existing: page_179.jpg
Skipping existing: page_180.jpg
Skipping existing: page_181.jpg
Skipping existing: page_182.jpg
Skipping existing: page_183.jpg
Skipping existing: page_184.jpg
Skipping existing: page_185.jpg
Skipping existing: page_186.jpg
Skipping existing: page_187.jpg
Skipping existing: page_188.jpg
Skipping existing: page_189.jpg
Skipping existing: page_190.jpg
Skipping existing: page_191.jpg
Skipping existing: page_192.jpg
Skipping existing: page_193.jpg
Skipping existing: page_194.jpg
Skipping existing: page_195.jpg
Skipping existing: page_196.jpg
Skipping existing: page_197.jpg
Skipping existing: page_198.jpg
Skipping existing: page_199.jpg
Skipping existing: page_200.jpg
Skipping existing: page_201.jpg
Skipping existing: page_202.jpg
Skipping existing: page_203.jpg
Skipping existing: page_204.jpg
Skipping existing: page_205.jpg
Skipping existing: page_206.jpg
Skipping existing: page_207.jpg
Skipping existing: page_208.jpg
Skipping existing: page_209.jpg
Skipping existing: page_210.jpg
Skipping existing: page_211.jpg
Skipping existing: page_212.jpg
Skipping existing: page_213.jpg
Skipping existing: page_214.jpg
Skipping existing: page_215.jpg
Skipping existing: page_216.jpg
Skipping existing: page_217.jpg
Skipping existing: page_218.jpg
Skipping existing: page_219.jpg
Skipping existing: page_220.jpg
Skipping existing: page_221.jpg
Skipping existing: page_222.jpg
Skipping existing: page_223.jpg
Skipping existing: page_224.jpg
Skipping existing: page_225.jpg
Skipping existing: page_226.jpg
Skipping existing: page_227.jpg
Skipping existing: page_228.jpg
Skipping existing: page_229.jpg
Skipping existing: page_230.jpg
Skipping existing: page_231.jpg
Skipping existing: page_232.jpg
Skipping existing: page_233.jpg
Skipping existing: page_234.jpg
Skipping existing: page_235.jpg
Skipping existing: page_236.jpg
Skipping existing: page_237.jpg
Skipping existing: page_238.jpg
Skipping existing: page_239.jpg
Skipping existing: page_240.jpg
Skipping existing: page_241.jpg
Skipping existing: page_242.jpg
Skipping existing: page_243.jpg
Skipping existing: page_244.jpg
Skipping existing: page_245.jpg
Skipping existing: page_246.jpg
Skipping existing: page_247.jpg
Skipping existing: page_248.jpg
Skipping existing: page_249.jpg
Skipping existing: page_250.jpg
Skipping existing: page_251.jpg
Skipping existing: page_252.jpg
Skipping existing: page_253.jpg
Skipping existing: page_254.jpg
Skipping existing: page_255.jpg
Skipping existing: page_256.jpg
Skipping existing: page_257.jpg
Skipping existing: page_258.jpg
Skipping existing: page_259.jpg
Skipping existing: page_260.jpg
Skipping existing: page_261.jpg
Skipping existing: page_262.jpg
Skipping existing: page_263.jpg
Skipping existing: page_264.jpg
Skipping existing: page_265.jpg
Skipping existing: page_266.jpg
Skipping existing: page_267.jpg
Skipping existing: page_268.jpg
Skipping existing: page_269.jpg
Skipping existing: page_270.jpg
Skipping existing: page_271.jpg
Skipping existing: page_272.jpg
Skipping existing: page_273.jpg
Skipping existing: page_274.jpg
Skipping existing: page_275.jpg
Skipping existing: page_276.jpg
Skipping existing: page_277.jpg
Skipping existing: page_278.jpg
Skipping existing: page_279.jpg
Skipping existing: page_280.jpg
Skipping existing: page_281.jpg
Skipping existing: page_282.jpg
Skipping existing: page_283.jpg
Skipping existing: page_284.jpg
Skipping existing: page_285.jpg
Skipping existing: page_286.jpg
Skipping existing: page_287.jpg
Skipping existing: page_288.jpg
Skipping existing: page_289.jpg
Skipping existing: page_290.jpg
Skipping existing: page_291.jpg
Skipping existing: page_292.jpg
Skipping existing: page_293.jpg
Skipping existing: page_294.jpg
Skipping existing: page_295.jpg
Skipping existing: page_296.jpg
Skipping existing: page_297.jpg
Skipping existing: page_298.jpg
Skipping existing: page_299.jpg
Skipping existing: page_300.jpg
Skipping existing: page_301.jpg
Skipping existing: page_302.jpg
Skipping existing: page_303.jpg
Skipping existing: page_304.jpg
Skipping existing: page_305.jpg
Skipping existing: page_306.jpg
Skipping existing: page_307.jpg
Skipping existing: page_308.jpg
Skipping existing: page_309.jpg
Skipping existing: page_310.jpg
Skipping existing: page_311.jpg
Skipping existing: page_312.jpg
Skipping existing: page_313.jpg
Skipping existing: page_314.jpg
Skipping existing: page_315.jpg
Skipping existing: page_316.jpg
Skipping existing: page_317.jpg
Skipping existing: page_318.jpg
Skipping existing: page_319.jpg
Skipping existing: page_320.jpg
Skipping existing: page_321.jpg
Skipping existing: page_322.jpg
Skipping existing: page_323.jpg
Skipping existing: page_324.jpg
Skipping existing: page_325.jpg
Skipping existing: page_326.jpg
Skipping existing: page_327.jpg
Skipping existing: page_328.jpg
Skipping existing: page_329.jpg
Skipping existing: page_330.jpg
Skipping existing: page_331.jpg
Skipping existing: page_332.jpg
Skipping existing: page_333.jpg
Skipping existing: page_334.jpg
Skipping existing: page_335.jpg
Skipping existing: page_336.jpg
Skipping existing: page_337.jpg
Skipping existing: page_338.jpg
Skipping existing: page_339.jpg
Skipping existing: page_340.jpg
Skipping existing: page_341.jpg
Skipping existing: page_342.jpg
Skipping existing: page_343.jpg
Skipping existing: page_344.jpg
Skipping existing: page_345.jpg
Skipping existing: page_346.jpg
Skipping existing: page_347.jpg
Skipping existing: page_348.jpg
Skipping existing: page_349.jpg
Skipping existing: page_350.jpg
Skipping existing: page_351.jpg
Skipping existing: page_352.jpg
Skipping existing: page_353.jpg
Skipping existing: page_354.jpg
Skipping existing: page_355.jpg
Skipping existing: page_356.jpg
Skipping existing: page_357.jpg
Skipping existing: page_358.jpg
Skipping existing: page_359.jpg
Skipping existing: page_360.jpg
Skipping existing: page_361.jpg
Skipping existing: page_362.jpg
Skipping existing: page_363.jpg
Skipping existing: page_364.jpg
Skipping existing: page_365.jpg
Skipping existing: page_366.jpg
Skipping existing: page_367.jpg
Skipping existing: page_368.jpg
Skipping existing: page_369.jpg
Skipping existing: page_370.jpg
Skipping existing: page_371.jpg
Skipping existing: page_372.jpg
Skipping existing: page_373.jpg
Skipping existing: page_374.jpg
Skipping existing: page_375.jpg
Skipping existing: page_376.jpg
Skipping existing: page_377.jpg
Skipping existing: page_378.jpg
Skipping existing: page_379.jpg
Skipping existing: page_380.jpg
Skipping existing: page_381.jpg
Skipping existing: page_382.jpg
Skipping existing: page_383.jpg
Skipping existing: page_384.jpg
Skipping existing: page_385.jpg
Skipping existing: page_386.jpg
Skipping existing: page_387.jpg
Skipping existing: page_388.jpg
Skipping existing: page_389.jpg
Skipping existing: page_390.jpg
Skipping existing: page_391.jpg
Skipping existing: page_392.jpg
Skipping existing: page_393.jpg
Skipping existing: page_394.jpg
Skipping existing: page_395.jpg
Skipping existing: page_396.jpg
Skipping existing: page_397.jpg
Skipping existing: page_398.jpg
Skipping existing: page_399.jpg
Skipping existing: page_400.jpg
Skipping existing: page_401.jpg
Skipping existing: page_402.jpg
Skipping existing: page_403.jpg
Skipping existing: page_404.jpg
Skipping existing: page_405.jpg
Skipping existing: page_406.jpg
Skipping existing: page_407.jpg
Skipping existing: page_408.jpg
Skipping existing: page_409.jpg
Skipping existing: page_410.jpg
Skipping existing: page_411.jpg
Skipping existing: page_412.jpg
Skipping existing: page_413.jpg
Skipping existing: page_414.jpg
Skipping existing: page_415.jpg
Skipping existing: page_416.jpg
Skipping existing: page_417.jpg
Skipping existing: page_418.jpg
Skipping existing: page_419.jpg
Skipping existing: page_420.jpg
Skipping existing: page_421.jpg
Skipping existing: page_422.jpg
Skipping existing: page_423.jpg
Skipping existing: page_424.jpg
Skipping existing: page_425.jpg
Skipping existing: page_426.jpg
Skipping existing: page_427.jpg
Skipping existing: page_428.jpg
Skipping existing: page_429.jpg
Skipping existing: page_430.jpg
Skipping existing: page_431.jpg
Skipping existing: page_432.jpg
Skipping existing: page_433.jpg
Skipping existing: page_434.jpg
Skipping existing: page_435.jpg
Skipping existing: page_436.jpg
Skipping existing: page_437.jpg
Skipping existing: page_438.jpg
Skipping existing: page_439.jpg
Skipping existing: page_440.jpg
Skipping existing: page_441.jpg
Skipping existing: page_442.jpg
Skipping existing: page_443.jpg
Skipping existing: page_444.jpg
Skipping existing: page_445.jpg
Skipping existing: page_446.jpg
Skipping existing: page_447.jpg
Skipping existing: page_448.jpg
Skipping existing: page_449.jpg
Skipping existing: page_450.jpg
Skipping existing: page_451.jpg
Skipping existing: page_452.jpg
Skipping existing: page_453.jpg
Skipping existing: page_454.jpg
Skipping existing: page_455.jpg
Skipping existing: page_456.jpg
Skipping existing: page_457.jpg
Skipping existing: page_458.jpg
Skipping existing: page_459.jpg
Skipping existing: page_460.jpg
Skipping existing: page_461.jpg
Skipping existing: page_462.jpg
Skipping existing: page_463.jpg
Skipping existing: page_464.jpg
Skipping existing: page_465.jpg
Skipping existing: page_466.jpg
Skipping existing: page_467.jpg
Skipping existing: page_468.jpg
Skipping existing: page_469.jpg
Skipping existing: page_470.jpg
Skipping existing: page_471.jpg
Skipping existing: page_472.jpg
Skipping existing: page_473.jpg
Skipping existing: page_474.jpg
Skipping existing: page_475.jpg
Skipping existing: page_476.jpg
Skipping existing: page_477.jpg
Skipping existing: page_478.jpg
Skipping existing: page_479.jpg
Skipping existing: page_480.jpg
Skipping existing: page_481.jpg
Skipping existing: page_482.jpg
Skipping existing: page_483.jpg
Skipping existing: page_484.jpg
Skipping existing: page_485.jpg
Skipping existing: page_486.jpg
Skipping existing: page_487.jpg
Skipping existing: page_488.jpg
Skipping existing: page_489.jpg
Skipping existing: page_490.jpg
Skipping existing: page_491.jpg
Skipping existing: page_492.jpg
Skipping existing: page_493.jpg
Skipping existing: page_494.jpg
Skipping existing: page_495.jpg
Skipping existing: page_496.jpg
Skipping existing: page_497.jpg
Skipping existing: page_498.jpg
Skipping existing: page_499.jpg
Skipping existing: page_500.jpg
Skipping existing: page_501.jpg
Skipping existing: page_502.jpg
Skipping existing: page_503.jpg
Skipping existing: page_504.jpg
Skipping existing: page_505.jpg
Skipping existing: page_506.jpg
Skipping existing: page_507.jpg
Skipping existing: page_508.jpg
Skipping existing: page_509.jpg
Skipping existing: page_510.jpg
Skipping existing: page_511.jpg
Skipping existing: page_512.jpg
Skipping existing: page_513.jpg
Skipping existing: page_514.jpg
Skipping existing: page_515.jpg
Skipping existing: page_516.jpg
Skipping existing: page_517.jpg
Skipping existing: page_518.jpg
Skipping existing: page_519.jpg
Skipping existing: page_520.jpg
Skipping existing: page_521.jpg
Skipping existing: page_522.jpg
Skipping existing: page_523.jpg
Skipping existing: page_524.jpg
Skipping existing: page_525.jpg
Skipping existing: page_526.jpg
Skipping existing: page_527.jpg
Skipping existing: page_528.jpg
Skipping existing: page_529.jpg
Skipping existing: page_530.jpg
Skipping existing: page_531.jpg
Skipping existing: page_532.jpg
Skipping existing: page_533.jpg
Skipping existing: page_534.jpg
Skipping existing: page_535.jpg
Skipping existing: page_536.jpg
Skipping existing: page_537.jpg
Skipping existing: page_538.jpg
Skipping existing: page_539.jpg
Skipping existing: page_540.jpg
Skipping existing: page_541.jpg
Skipping existing: page_542.jpg
Skipping existing: page_543.jpg
Skipping existing: page_544.jpg
Skipping existing: page_545.jpg
Skipping existing: page_546.jpg
Skipping existing: page_547.jpg
Skipping existing: page_548.jpg
Skipping existing: page_549.jpg
Skipping existing: page_550.jpg
Skipping existing: page_551.jpg
Skipping existing: page_552.jpg
Skipping existing: page_553.jpg
Skipping existing: page_554.jpg
Skipping existing: page_555.jpg
Skipping existing: page_556.jpg
Skipping existing: page_557.jpg
Skipping existing: page_558.jpg
Skipping existing: page_559.jpg
Skipping existing: page_560.jpg
Skipping existing: page_561.jpg
Skipping existing: page_562.jpg
Skipping existing: page_563.jpg
Skipping existing: page_564.jpg
Skipping existing: page_565.jpg
Skipping existing: page_566.jpg
Skipping existing: page_567.jpg
Skipping existing: page_568.jpg
Skipping existing: page_569.jpg
Skipping existing: page_570.jpg
Skipping existing: page_571.jpg
Skipping existing: page_572.jpg
Skipping existing: page_573.jpg
Skipping existing: page_574.jpg
Skipping existing: page_575.jpg
Uploaded 575 pages to Drive.
Total pages available: 575
Running full document: 575 pages
Processing: page_1.jpg
  -> Layout type: SIMPLE_LAYOUT
  -> Ad type: NO_AD
  -> Page type inferred: 
  -> Inferred schema: Name,Address,Location,Role,Profession,Additional Info
  -> Final schema: Name,Address,Location,Role,Profession,Additional Info
  -> Invalid semantic output (attempt 1), retrying...
  -> Invalid semantic output (attempt 2), retrying...
  -> Actual CSV columns: Name,Address,Category,Notes
  -> Section state reset at document boundary (page 1)
Done.
Processing: page_2.jpg
  -> Layout type: COMPLEX_LAYOUT
  -> Ad type: PARTIAL_AD
  -> Page type inferred: 
  -> Inferred schema: Name,Address,Location,Role,Profession,Additional Info
  -> Final schema: Name,Address,Location,Role,Profession,Additional Info
  -> Multi-section page detected: ['GU1DA COMMERC1ALE | Publisher: CASA ED1TR1CE A.P.R.E.A., Year: Anno 1946-47', '1MP1ANT1 COSTRUZ1ON1 | Category: Elettromec 1ndus1r1al1, Location: VENEZ1A', 'ADR1ANOTOPA | Locations: VENEZ1A - CASTELLO 28234, BOLOGNA - V1A TOSCANA 1 79, TREV1S0 - V1A T0FANE', 'CANT1ERE NAVALE | Name: S.C.E.L.S.1.A., Address: CASTELLO, 33', 'CASA NOVA | Name: ARREDEMENT1-S.A., Address: VENEZ1A - V1A X111 Marzo 2286', 'FOTOGRAF1A | Name: F. LL1 ZAGO, Address: VENEZ1A S. POLO 1478']
  -> Image re-pass enabled (complex layout + ads + 6 sections).
  -> Actual CSV columns: Name,Address,Location,Role,Profession,Additional Info
  -> WARNING: 3 rows (19%) missing both Address and Location on page_2.jpg
  -> Section state reset at document boundary (page 2)
  -> Section state carries address: S. POLO 1478, VENEZ1A
Done.
Processing: page_3.jpg
  -> Layout type: COMPLEX_LAYOUT
  -> Ad type: FULL_AD
Processing: page_4.jpg
  -> Layout type: COMPLEX_LAYOUT
  -> Ad type: FULL_AD
Processing: page_5.jpg
  -> Layout type: COMPLEX_LAYOUT
  -> Ad type: FULL_AD
Processing: page_6.jpg
  -> Layout type: SIMPLE_LAYOUT
  -> Ad type: NO_AD
  -> Page type inferred: 
  -> Inferred schema: Name,Address,Location,Additional Info
  -> Final schema: Name,Address,Location,Additional Info
  -> Actual CSV columns: Name,Address,Location,Additional Info
  -> Section state reset at document boundary (page 6)
  -> Section state carries address: S. LUCA CALLE BEMBO 4779
Done.
Processing: page_7.jpg
  -> OCR refusal detected, retrying with fallback prompt...
  -> Layout type: SIMPLE_LAYOUT
  -> Ad type: NO_AD
  -> Page type inferred: 
  -> Inferred schema: Name,Address,Location,Role,Profession,Additional Info
  -> Final schema: Name,Address,Location,Role,Profession,Additional Info
  -> Actual CSV columns: Name,Address,Location,Role,Profession,Additional Info
  -> Section state carries address: S. Antonin 3579°
Done.
Processing: page_8.jpg
  -> Layout type: SIMPLE_LAYOUT
  -> Ad type: NO_AD
  -> Page type inferred: 
  -> Inferred schema: Name,Address,Location,Role,Profession,Additional Info
  -> Final schema: Name, Address, Location, Role, Profession, Additional Info
  -> Actual CSV columns: Name,Address,Location,Role,Profession,Additional Info
  -> Section state carries address: S. Antonin 3579°
Done.
Processing: page_9.jpg
  -> Layout type: SIMPLE_LAYOUT
  -> Ad type: NO_AD
  -> Page type inferred: 
  -> Inferred schema: Name,Address,Location,Role,Profession,Additional Info
  -> Final schema: Name, Address, Location, Role, Profession, Additional Info
  -> Actual CSV columns: Name,Address,Location,Role,Profession,Additional Info
  -> WARNING: 1 rows (100%) missing both Address and Location on page_9.jpg
  -> Section state carries address: S. Antonin 3579°
Done.
Processing: page_10.jpg
  -> Layout type: SIMPLE_LAYOUT
  -> Ad type: NO_AD
  -> Page type inferred: 
  -> Inferred schema: Name,Address,Location,Role,Profession,Additional Info
  -> Final schema: Name,Address,Location,Role,Profession,Additional Info
  -> Multi-section page detected: ['INDICE DEGLI ENTI, UFFICI PUBBLICI E ASSOCIAZIONI VARIE | Character: Parte I', "INDICE DELLE CATEGORIE DEL COMMERCIO E DELL'INDUSTRIA | Character: Parte I", 'Stato della Città del Vaticano', 'Repubblica Italiana - Ministeri', 'Uffici Pubblici', 'Enti Pubblici di carattere sindacale e libero Associazioni Professionali', 'Agricoltura', 'Industria', 'Commercio', 'Artigianato', 'Credito e Assicurazione', 'Cooperazione', 'Navigazione', 'Enti di Provvidenza ed Assistenza', 'Pubblica Istruzione', 'Istruzione Religiosa', 'Istituzioni di Cultura - Biblioteche o Musei', 'Istituzioni di Beneficenza', 'Istituti Ospedalieri o Sanitari', 'Istituzioni Religiose', 'Associazioni Combattentistiche', 'Associazioni varie', 'Associazioni Sportive', 'Partiti Politici', 'Stampa Quotidiana e Periodica', 'Organizzazione Turistica', 'Professionisti', 'Industrie di Murano', 'Indice generale dei nomi', 'PROVINCIA DI VENEZIA | Pages: pagine in carta verde, Character: Parte III']
  -> Actual CSV columns: Name,Address,Location,Role,Profession,Additional Info
  -> Section state reset at document boundary (page 10)
  -> Section state carries address: Industrie di Murano
Done.
Processing: page_11.jpg
  -> Layout type: COMPLEX_LAYOUT
  -> Ad type: FULL_AD
Processing: page_12.jpg
  -> Layout type: SIMPLE_LAYOUT
  -> Ad type: FULL_AD
  -> Invalid semantic output (attempt 1), retrying...
  -> Invalid semantic output (attempt 2), retrying...
Processing: page_13.jpg
  -> OCR refusal detected, retrying with fallback prompt...
  -> OCR still refused after fallback for page_13.jpg, skipping.
Processing: page_14.jpg
  -> Layout type: COMPLEX_LAYOUT
  -> Ad type: PARTIAL_AD
  -> Page type inferred: 
Processing: page_15.jpg
  -> Layout type: COMPLEX_LAYOUT
  -> Ad type: The text appears to be a structured directory listing various organizations and their associated page numbers, typical of a commercial guide. The content mainly includes institutional names and functions without any evident decorative, promotional, or marketing-style blocks separating or highlighting specific items. There are also no visually distinct or differentially formatted sections that suggest the presence of advertisements.


As a result, the text can be labeled as "NO_AD" because it consists solely of structured directory content without any indication of advertisement-like content.
  -> Page type inferred: 
Processing: page_16.jpg
  -> Layout type: COMPLEX_LAYOUT
  -> Ad type: PARTIAL_AD
  -> Page type inferred: 
Processing: page_17.jpg
  -> Layout type: COMPLEX_LAYOUT
  -> Ad type: PARTIAL_AD
  -> Page type inferred: 
Processing: page_18.jpg
  -> Layout type: SIMPLE_LAYOUT
  -> Ad type: NO_AD
  -> Page type inferred: 
Processing: page_19.jpg
  -> Layout type: COMPLEX_LAYOUT
  -> Ad type: PARTIAL_AD
  -> Page type inferred: 
Processing: page_20.jpg
  -> Layout type: COMPLEX_LAYOUT
  -> Ad type: FULL_AD
Processing: page_21.jpg
  -> Layout type: SIMPLE_LAYOUT
  -> Ad type: FULL_AD
Processing: page_22.jpg
  -> Layout type: SIMPLE_LAYOUT
  -> Ad type: NO_AD
  -> Page type inferred: 
Processing: page_23.jpg
  -> Layout type: COMPLEX_LAYOUT
  -> Ad type: FULL_AD
Processing: page_24.jpg
  -> Layout type: COMPLEX_LAYOUT
  -> Ad type: PARTIAL_AD
  -> Page type inferred: 
Processing: page_25.jpg
  -> Layout type: SIMPLE_LAYOUT
  -> Ad type: NO_AD
  -> Page type inferred: 
Processing: page_26.jpg
  -> Layout type: COMPLEX_LAYOUT
  -> Ad type: PARTIAL_AD
  -> Page type inferred: 
Processing: page_27.jpg
  -> Layout type: COMPLEX_LAYOUT
  -> Ad type: FULL_AD
Processing: page_28.jpg
  -> Layout type: SIMPLE_LAYOUT
  -> Ad type: NO_AD
  -> Page type inferred: 
Processing: page_29.jpg
  -> Layout type: COMPLEX_LAYOUT
  -> Ad type: PARTIAL_AD
  -> Page type inferred: 
Processing: page_30.jpg
  -> Layout type: COMPLEX_LAYOUT
  -> Ad type: FULL_AD
Processing: page_31.jpg
  -> Layout type: COMPLEX_LAYOUT
  -> Ad type: FULL_AD
Processing: page_32.jpg
  -> Layout type: COMPLEX_LAYOUT
  -> Ad type: PARTIAL_AD
  -> Page type inferred: 
Processing: page_33.jpg
  -> Layout type: COMPLEX_LAYOUT
  -> Ad type: PARTIAL_AD
  -> Page type inferred: 
Processing: page_34.jpg
  -> Layout type: SIMPLE_LAYOUT
  -> Ad type: NO_AD
  -> Page type inferred: 
Processing: page_35.jpg
  -> Layout type: SIMPLE_LAYOUT
  -> Ad type: NO_AD
  -> Page type inferred: 
Processing: page_36.jpg
  -> Layout type: SIMPLE_LAYOUT
  -> Ad type: NO_AD
  -> Page type inferred: 
  -> Inferred schema: Name,Address,Location,Role,Additional Info
  -> Final schema: Name,Address,Location,Role,Additional Info
  -> Multi-section page detected: ['STATO DELLA CITTÀ DEL VATICANO | Address: STATO DELLA CITTÀ DEL VATICANO', 'CARDINALI | Address: CARDINALI', 'ORDINE DEI VESCOVI | Address: ORDINE DEI VESCOVI', 'ORDINE DEI PRETI | Address: ORDINE DEI PRETI']
  -> Actual CSV columns: Name,Address,Location,Role,Additional Info
  -> WARNING: 30 rows (88%) missing both Address and Location on page_36.jpg
  -> Section state reset at document boundary (page 36)
  -> Section state carries address: Arciprete della Patriarcale Basilica Lateranese Vicario Generale di S. S.
Done.
Processing: page_37.jpg
  -> Layout type: SIMPLE_LAYOUT
  -> Ad type: NO_AD
  -> Page type inferred: 
  -> Inferred schema: Name,Address,Location,Role,Additional Info
  -> Final schema: Name,Address,Location,Role,Additional Info
  -> Multi-section page detected: ['ORDINE DEI DIACONI | Address: ORDINE DEI DIACONI']
  -> Actual CSV columns: Name,Address,Location,Role,Additional Info
  -> WARNING: 36 rows (95%) missing both Address and Location on page_37.jpg
  -> Section state carries address: ORDINE DEI DIACONI
Done.
Processing: page_38.jpg
  -> Layout type: SIMPLE_LAYOUT
  -> Ad type: NO_AD
  -> Page type inferred: 
  -> Inferred schema: Name,Role,Profession,Additional Info
  -> Final schema: Name,Role,Profession,Additional Info
  -> Multi-section page detected: ['REPUBBLICA ITALIANA', 'CAPO DEL GOVERNO', 'MINISTRI']
  -> Actual CSV columns: Name,Role,Profession,Additional Info,Address,Location
  -> WARNING: 23 rows (100%) missing both Address and Location on page_38.jpg
  -> Section state reset at document boundary (page 38)
Done.
Processing: page_39.jpg
  -> Layout type: SIMPLE_LAYOUT
  -> Ad type: NO_AD
  -> Page type inferred: 
  -> Inferred schema: Name,Role
  -> Final schema: Name,Role
  -> Multi-section page detected: ['SOTTOSEGRETARI DI STATO']
  -> Actual CSV columns: Name,Role
Done.
Processing: page_40.jpg
  -> OCR refusal detected, retrying with fallback prompt...
  -> Layout type: SIMPLE_LAYOUT
  -> Ad type: FULL_AD
Processing: page_41.jpg
  -> OCR refusal detected, retrying with fallback prompt...
  -> OCR still refused after fallback for page_41.jpg, skipping.
Processing: page_42.jpg
  -> Layout type: COMPLEX_LAYOUT
  -> Ad type: NO_AD
  -> Page type inferred: 
  -> Inferred schema: Name,Address,Location,Role,Profession
  -> Final schema: Name,Address,Location,Role,Profession
  -> Multi-section page detected: ['PREFETTURA | Address: Palazzo del Governo - S. Maurizio fondamenta Zaguri 2662', 'Gabinetto', 'Divisione I. - A', 'Divisione I. - B', 'Divisione II. - A', 'Divisione II. - B', 'Divisione III. A']
  -> Actual CSV columns: Name,Address,Location,Role,Profession
  -> WARNING: 14 rows (67%) missing both Address and Location on page_42.jpg
  -> Section state reset at document boundary (page 42)
Done.
Processing: page_43.jpg
  -> Layout type: COMPLEX_LAYOUT
  -> Ad type: NO_AD (pure structured directory content)
  -> Page type inferred: 
  -> Inferred schema: Name,Address,Location,Role,Profession
  -> Final schema: Name,Address,Location,Role,Profession
  -> Multi-section page detected: ['Divisione III.B', 'Divisione IV.A', 'Divisione Ragioneria', 'Foglio Annunti Legali', 'GIUNTA PROV. AMMINISTRATIVA', 'COMMISSIONE PROVINCIALE DELLE IMPOSTE DIRETTE E DELLE IMPOSTE INDIRETTE SUGLI AFFARI']
  -> Actual CSV columns: Name,Address,Location,Role,Profession
  -> WARNING: 36 rows (84%) missing both Address and Location on page_43.jpg
Done.
Processing: page_44.jpg
  -> Layout type: SIMPLE_LAYOUT
  -> Ad type: NO_AD
  -> Page type inferred: 
  -> Inferred schema: Name,Address,Location,Role,Profession
  -> Final schema: Name, Address, Location, Role, Profession
  -> Multi-section page detected: ['COMMISSIONE PROV. PERMANENTE DI VIGILANZA SUI LOCALI ADDETTI A PUBBLICO SPETTACOLO', 'COMMISSIONE PROVINCIALE DI VIGILANZA SULLE COOPERATIVE', 'CONSIGLIO PROVINCIALE SANITARIO', 'Amministrazione della Provincia', 'Deputazione Provinciale', 'Uffici centrali']
  -> Actual CSV columns: Name,Address,Location,Role,Profession
  -> WARNING: 53 rows (79%) missing both Address and Location on page_44.jpg
  -> Section state carries address: San Stae 1957
Done.
Processing: page_45.jpg
  -> Layout type: COMPLEX_LAYOUT
  -> Ad type: NO_AD (pure structured directory content)
  -> Page type inferred: 
  -> Inferred schema: Name,Address,Location,Role,Profession
  -> Final schema: Name, Address, Location, Role, Profession
  -> Multi-section page detected: ['Ufficio Tecnico', 'Economato', 'OSPED. PSICHIATRICO PROVINCIALE', 'ISTITUTO PROVINCIALE SORDOMUTI | Address: Marocco di Mogliano Veneto', 'PATRONATO PROV. DEI MALATI DI MENTE E DISPENSARIO PER LA PROFILASSI DELLE MALATTIE MENTALI', "LABORATORIO PROVINCIALE D'IGIENE E PROFILASSI", 'COMITATO PROV. ANTIMALARICO', 'CONSORZIO PROV. ANTITUBERCOLARE', 'DISPENSAR. PROV. ANTITUBERCOLARE | Address: S. Croce Campo dell Lana 690', "OPERA NAZ. MATERNITA' INFANZIA FEDERAZIONE PROVINCIALE", 'ENTE PROVINCIALE per il TURISMO di VENEZIA | Address: S. Marco, Ascensione 1300 - Tel. 22-373']
  -> Actual CSV columns: Name,Address,Location,Role,Profession
  -> WARNING: 41 rows (75%) missing both Address and Location on page_45.jpg
  -> Section state carries address: S. Marco, Ascensione 1300 - Tel. 22-373
Done.
Processing: page_46.jpg
  -> Layout type: COMPLEX_LAYOUT
  -> Ad type: FULL_AD
Processing: page_47.jpg
  -> Layout type: COMPLEX_LAYOUT
  -> Ad type: FULL_AD
Processing: page_48.jpg
  -> Layout type: COMPLEX_LAYOUT
  -> Ad type: NO_AD
  -> Page type inferred: 
  -> Inferred schema: Name,Address,Location,Role,Profession
  -> Final schema: Name,Address,Location,Role,Profession
  -> Multi-section page detected: ['MUNICIPIO | Address: S. Luca, palazzi Farsetti e Loredan', 'SUDDIVISIONE DEGLI UFFICI | Address: Palazzo Loredan', 'Ufficio Statistica e Biblioteca | Address: Palazzo Loredan, p. II', 'DIREZIONE LAVORI E SERVIZI PUBBLICI | Address: Palazzo Farsetti, p. III', 'DIREZIONE SERVIZI DI IGIENE E DI ASSISTENZA PUBBLICA | Address: Palazzo Loredan, p. III', 'MACELLO COMUNALE | Address: Fond, S. Giobbe', 'CIMITERI COMUNALI']
  -> Actual CSV columns: Name,Address,Location,Role,Profession
  -> WARNING: 27 rows (82%) missing both Address and Location on page_48.jpg
  -> Section state reset at document boundary (page 48)
  -> Section state carries address: Palazzo Loredan, p. III
Done.
Processing: page_49.jpg
  -> Layout type: COMPLEX_LAYOUT
  -> Ad type: PARTIAL_AD
  -> Page type inferred: 
  -> Inferred schema: Name,Address,Location,Role,Profession
  -> Final schema: Name,Address,Location,Role,Profession
  -> Multi-section page detected: ['Medici di Circondario', 'Ostetriche di Reparto', 'DIREZIONE DI RAGIONERIA E TRIBUTI | Address: Palazzo Farsetti, P. It', 'Ufficio Dazio', 'DIVISIONE AFFARI GENERALI | Address: Palazzo Loredan, p. t.', 'CORPO DEI VIGILI URBANI', 'GIUDICI CONCILIATORI', 'DIREZIONE DEGLI UFFICI DI TERRAFERMA']
  -> Image re-pass enabled (complex layout + ads + 8 sections).
  -> Actual CSV columns: Name,Address,Location,Role,Profession,Additional Info
  -> WARNING: 52 rows (47%) missing both Address and Location on page_49.jpg
  -> Section state carries address: Via Durando 1
Done.
Processing: page_50.jpg
  -> Layout type: COMPLEX_LAYOUT
  -> Ad type: NO_AD (pure structured directory content)
  -> Page type inferred: 
  -> Inferred schema: Name,Address,Location,Role,Profession
  -> Final schema: Name, Address, Location, Role, Profession
  -> Multi-section page detected: ['ESATTORIA COMUNALE | Category: Cassa di Risparmio', 'CONSIGLIERI COMUNALI', "AMMINISTRAZIONE IMPOSTE CONSUMO DEL COMUNE | Address: S. Silvestro Riva del Vin 1098, Appalto: Società 'Trezza di Verona", "AZIENDA COMUNALE PER LA NAVIGAZIONE INTERNA LAGUNARE | Address: S. Angelo, Corte dell'Albero, 3880"]
  -> Actual CSV columns: Name,Address,Location,Role,Profession,Additional Info
  -> WARNING: 80 rows (98%) missing both Address and Location on page_50.jpg
  -> Section state carries address: S. Angelo, Corte dell'Albero, 3880
Done.
Processing: page_51.jpg
  -> Layout type: COMPLEX_LAYOUT
  -> Ad type: PARTIAL_AD
  -> Page type inferred: 
  -> Inferred schema: Name,Address,Location,Role,Profession
  -> Final schema: Name, Address, Location, Role, Profession
  -> Multi-section page detected: ['LINEE ESERCITE', 'SERVIZI FILOVIARI', 'UFFICI DEPOSITO', 'CANTERO NAVALE', 'SERVIZIO COMUNALE DELLE PUBBLICHE AFFISSIONI | Address: San Marco 4102', 'ISTITUTO AUTONOMO PER LE CASE POPOLARI DELLA PROV. DI VENEZIA | Address: San Marco, calle Bembo 4785', 'ENTE PROVINCIALE PER IL TURISMO DI VENEZIA | Address: S. Marco, Ascensione 1300, Tel: 22-373']
  -> Image re-pass enabled (complex layout + ads + 7 sections).
  -> Actual CSV columns: Name,Address,Location,Role,Profession,Additional Info
  -> WARNING: 27 rows (82%) missing both Address and Location on page_51.jpg
  -> Section state carries address: S. Marco
Done.
Processing: page_52.jpg
  -> Layout type: COMPLEX_LAYOUT
  -> Ad type: NO_AD
  -> Page type inferred: 
  -> Inferred schema: Name,Address,Location,Role,Profession
  -> Final schema: Name, Address, Location, Role, Profession
  -> Multi-section page detected: ['1. Camera di Commercio Industria e Agricoltura | Address: Via 22 Marzo, 20232.31.40', '2. GIUNTA CAMERALE', '3. CONSULTA ECONOMICA PROVINCIALE', "4. UFFICIO PROVINCIALE DELL'INDUSTRIA E DEL COMMERCIO"]
  -> Actual CSV columns: Name,Address,Location,Role,Profession
  -> WARNING: 14 rows (16%) missing both Address and Location on page_52.jpg
  -> Section state carries address: Cannaregio, Calle Zanardi 4132-A
Done.
Processing: page_53.jpg
  -> Layout type: COMPLEX_LAYOUT
  -> Ad type: The page appears to contain structured directory content, such as names, titles, and addresses of people and institutions, without any visually separated text, business promotions, or marketing-style content. There is no evidence of content at the bottom or edges of the page that resembles advertisements. Given the information provided, the page is best categorized as:


NO_AD (pure structured directory content)
  -> Page type inferred: 
  -> Inferred schema: Name,Address,Location,Role,Profession
  -> Final schema: Name, Address, Location, Role, Profession
  -> Multi-section page detected: ['CAMERA DI COMMERCIO, INDUSTRIA ED AGRICOLTURA | Address: Via XXII Marzo n. 2834', 'UNIONE REGIONALE CAMERE DI COMMERCIO DELLE VENEZIE', 'ISTITUTO NAZIONALE PER IL COMMERCIO ESTERO | Location: Palazzo Camera di Commercio', "CENTRO NAZIONALE DI STUDI PER L'UTILIZZAZIONE DELLE MATERIE ESTRATTIVE ITALIANE NELLA INDUSTRIA VETRARIA | Address: Via XXII Marzo n. 2032", "CONSORZIO PROVINCIALE OBBLIGATORIO PER L'INDUSTRIA TECNICA | Address: Via XXII Marzo n. 2032", 'Questura | Address: Fondamenta S. Lorenzo n. 1355', 'Divisione I.a', 'Divisione II.a', 'Divisione III.a', 'Commando Gruppo Agenti Pubblica Sicurezza', 'Compagnia Mobili Agenti Pubblica Sicurezza', 'Comm issariato di S. Marco', 'Commissariato di Cannaregio', 'Commissariato di S. Polo e S. Croce', 'Commissariato di Castello', 'Commissariato di Dorsoduro', 'Commissariato di S. Elena', 'Vigitorato al Porto di Venezia | Address: Calle degli Avvocati n. 207']
  -> Actual CSV columns: Name,Address,Location,Role,Profession
  -> WARNING: 57 rows (89%) missing both Address and Location on page_53.jpg
  -> Section state carries address: Calle degli Avvocati n. 207
Done.
Processing: page_54.jpg
  -> Layout type: COMPLEX_LAYOUT
  -> Ad type: NO_AD (pure structured directory content)
  -> Page type inferred: 
  -> Inferred schema: Name,Address,Location,Role,Profession
  -> Final schema: Name, Address, Location, Role, Profession
  -> Multi-section page detected: ['Commissariato di Lido', 'Commissariato di Piazzale Roma', 'Commissariato di Marghera', 'Commissariato di Mestre', 'Commissariato di Chioggia', 'Commissariato Compartimentale', 'Ufficio di P. & P. Ferrovia', 'Commissariato di P. S. Porto', 'Tribunali', 'CORTE D’APPELLO | Address: San Luca 4041', 'TRIBUNALE DELLE ACQUE PUBBLICHE', 'CORTI D’ASSISE']
  -> Actual CSV columns: Name,Address,Location,Role,Profession
  -> WARNING: 55 rows (74%) missing both Address and Location on page_54.jpg
  -> Section state carries address: San Luca 4041
Done.
Processing: page_55.jpg
  -> Layout type: COMPLEX_LAYOUT
  -> Ad type: NO_AD (pure structured directory content)
  -> Page type inferred: 
  -> Inferred schema: Name,Address,Location,Role,Profession
  -> Final schema: Name, Address, Location, Role, Profession
  -> Multi-section page detected: ["1. PROCURA GENERALE PRESSO LA CORTE D'APPELLO DI VENEZIA", '2. PROCURA DELLA REPUBBLICA | Address: Rialto, Campo Cesare Battisti 186', '3. CONSIGLIO DI PATRONATO PER I LIBERATI DAL CARCERE | Address: Rialto, Campo Cesare Battisti 186', '4. TRIBUNALE CIVILE E PENALE DI VENEZIA | Address: Rialto numero 199']
  -> Actual CSV columns: Name,Address,Location,Role,Profession
  -> WARNING: 56 rows (72%) missing both Address and Location on page_55.jpg
  -> Section state carries address: Rialto numero 199
Done.
Processing: page_56.jpg
  -> Layout type: COMPLEX_LAYOUT
  -> Ad type: PARTIAL_AD
  -> Page type inferred: 
  -> Inferred schema: Name,Address,Location,Role,Profession
  -> Final schema: Name, Address, Location, Role, Profession
  -> Multi-section page detected: ['Ufficiali Giudiziari', 'TRIBUNALE DEI MINORENNI', 'PROCURA PRESSO IL TRIBUNALE DEI MINORENNI | Address: Dorsoduro, Fondamenta delle Zattere allo Spirito Santo numero 423', 'PRETURA CIVILE E PENALE | Address: Rialto', 'PRETURA DI MESTRE | (con sede distaccata a Mirano)', 'INDUSTRIA ARTI GRAFICHE | Address: VENEZIA - S. LIO, PONTE DELLE PASTE - TELEF. 24-911']
  -> Image re-pass enabled (complex layout + ads + 6 sections).
  -> Actual CSV columns: Name,Address,Location,Role,Profession,Additional Info
  -> WARNING: 47 rows (94%) missing both Address and Location on page_56.jpg
  -> Section state carries address: Dorsoduro
Done.
Processing: page_57.jpg
  -> Layout type: COMPLEX_LAYOUT
  -> Ad type: NO_AD (pure structured directory content)
  -> Page type inferred: 
  -> Inferred schema: Name,Address,Location,Role,Profession
  -> Final schema: Name,Address,Location,Role,Profession
  -> Multi-section page detected: ['INTENDENZA DI FINANZA | Address: San Angelo - Ponte dei Frati n. 3553', 'UFFICIO PROVINCIALE DEL TESORO | Address: Piscina S. Zulian N. 548', 'ISPETTORATO COMPARTIMENTALE DELLE IMPOSTE DIRETTE | Address: Palazzo Papadopoli, S. Silvestro n. 1364', 'ISPETTORATO COMPARTIMENTALE DELLE TASSE E DELLE IMPOSTE INDIRETTE SUGLI AFFARI | Address: Palazzo Papadopoli, S. Silvestro n. 1364', 'UFFICIO DISTRETTUALE DELLE IMPOSTE DIRETTE | Address: Ponte dei Frati, S. Angelo N. 3553', 'UFFICIO DEL REGISTRO ATTI CIVILI | Address: S. Angelo N. 3553', 'UFFICIO REGISTRO ATTI GIUDIZIARI E CONCESSIONI GOVERNATIVE | Address: S. Angelo N. 3553', 'UFFICIO DEL REGISTRO SUCCESSIONI E DEMANIO | Address: S. Angelo N. 3553', 'UFFICIO IMPOSTA IN SURROGAZIONE | Address: S. Angelo N. 3553', "UFFICIO IMPOSTA GENERALE SULL'ENTRATA | Address: Campo Manin", 'CONSERVATORIA DEI REGISTRI IMMOBILIARI | Address: Campiello della Feltrina, S. Marco', 'UFFICIO TECNICO ERARIALE | Address: Campo Manin 4022', 'UFFICIO TECNICO IMPOSTE DI FABBRICAZIONE | Address: S. Stae - Calle del Meggio N. 1789', 'DIREZIONE SUPERIORE DI DOGANA | Address: Campo della Salute', 'ISPETTORATO COMPARTIMENTALE DELLE DOGANE | Address: Calle Contarini Corfù N. 1057', 'LABORATORIO CHIMICO DELLE DOGANE E IMP. DI FABBRICAZIONE | Address: Magazzini Generali, S. Marta', 'DIREZIONE LOTTO | Address: S. Angelo 3553', 'DOGANA', 'Uffici Finanziari di Dolo', 'Uffici Finanziari di Mestre', 'Uffici Finanziari di Mirano']
  -> Actual CSV columns: Name,Address,Location,Role,Profession
  -> WARNING: 10 rows (20%) missing both Address and Location on page_57.jpg
  -> Section state reset at document boundary (page 57)
  -> Section state carries address: S. Angelo 3553
Done.
Processing: page_58.jpg
  -> Layout type: COMPLEX_LAYOUT
  -> Ad type: PARTIAL_AD
  -> Page type inferred: 
  -> Inferred schema: Name,Address,Location,Role,Profession
  -> Final schema: Name,Address,Location,Role,Profession
  -> Multi-section page detected: ['Uffici Finanziari di Portogruaro', 'Uffici Finanziari di S. Donà di Piave', 'Manifattura tabacchi | Address: Tolentini n. 420-23', 'MAGAZZINI', 'DEPOSITO GENERI DI MONOPOLIO DI STATO DI VENEZIA, PORTO MARGHERA', 'RIVENDITA DI STATO TABACCHI NAZIONALI ED ESTERI | Address: Piazza San Marco 70.71', 'UFFICIO VENDITA MONOPOLI DI STATO', 'Ispettorato Compartimentale delle Dogane', 'Circoscrizione Doganale di Venezia', 'DOGANA PRINCIPALE DI VENEZIA', 'Sezione Salute', 'Sezione Deposito Franco', 'Sezione Magg. Gen. S. Basilio', 'Sezione Marghera Ind.', 'Sezione Marghera Petrol.', 'Sezione Marittima Visite', 'Sezione Marittima Scritture', 'Sezione Sylos', 'Ricevitoria Dogana di Venezia', 'Dogana Secondaria di Chioggia', 'Dogana Principale di Ponte Fomaco (Donada)', 'ARTI GRAFICHE "ESPERIA" | Address: Sant\' Antoni n. 3579a, Telefono: 23-558', 'OFFICINA RIPARAZIONE MACCHINE PER SCRIVERE " " VENEZIA | Address: Via XXII Marzo, 2288, Telefono: 25-889']
  -> Image re-pass enabled (complex layout + ads + 23 sections).
  -> Actual CSV columns: Name,Address,Location,Role,Profession,Additional Info
  -> WARNING: 50 rows (89%) missing both Address and Location on page_58.jpg
  -> Section state carries address: Via XXII Marzo, 2288
Done.
Processing: page_59.jpg
  -> Layout type: COMPLEX_LAYOUT
  -> Ad type: PARTIAL_AD
  -> Page type inferred: 
  -> Inferred schema: Name,Address,Location,Role,Profession
  -> Final schema: Name,Address,Location,Role,Profession
  -> Multi-section page detected: ['COMANDI MILITARI', 'COMANDO BASE NAVALE', 'Capitaneria di Porto', 'Distretto Militare di Venezia | Address: Campo dei Gesuiti, Caserma Manin', 'Direzione Marittima e Capitaneria di Porto di Venezia | Address: San Marco, calle Vallaresso 1324']
  -> Image re-pass enabled (complex layout + ads + 5 sections).
  -> Actual CSV columns: Name,Address,Location,Role,Profession,Additional Info
  -> WARNING: 32 rows (78%) missing both Address and Location on page_59.jpg
  -> Section state reset at document boundary (page 59)
  -> Section state carries address: Via XXII Marzo 2288
Done.
Processing: page_60.jpg
  -> Layout type: COMPLEX_LAYOUT
  -> Ad type: PARTIAL_AD
  -> Page type inferred: 
  -> Inferred schema: Name,Address,Location,Role,Profession
  -> Final schema: Name,Address,Location,Role,Profession
  -> Multi-section page detected: ['1. GUIA COMMERCIALE DI VENEZIA E PROVINCIA', '2. Legione Territoriale dei Carabinieri | Character: Gruppo di Venezia, Address: Campo San Zaccaria', '3. Legione Territoriale della Guardia di Finanza | Address: Due Piavi', '4. Circolo di Venezia', '5. Circolo di Mestre', '6. SCHEDARI — MOBILI PER UFOCIO — MACC:41NE CONTABILI | Address: Venezia, Via XXII Marzo, n. 2288, Telefono n. 25-869']
  -> Image re-pass enabled (complex layout + ads + 6 sections).
  -> Actual CSV columns: Name,Address,Location,Role,Profession,Additional Info
  -> WARNING: 34 rows (85%) missing both Address and Location on page_60.jpg
  -> Section state carries address: Venezia, Via XXII Marzo, n. 2288
Done.
Processing: page_61.jpg
  -> Layout type: COMPLEX_LAYOUT
  -> Ad type: The text provided appears to be purely structured directory content, with a list of sections, positions, and names related to transportation and commercial activities in Venice. There is no evidence of visually separated text, business promotions, different formatting typical of advertisements, decorative or marketing-style blocks, or content at the bottom or edges of the page that may indicate advertisements. Therefore, the appropriate label for this page is:


NO_AD (pure structured directory content)
  -> Page type inferred: 
  -> Inferred schema: Name,Role,Location,Address,Profession
  -> Final schema: Name,Role,Location,Address,Profession
  -> Multi-section page detected: ['ORGANIZATION | Title: Comando Areoporto', 'UNIT | Title: Centro Meteorologico Regionale', 'UNIT | Title: Areoporto G. Nicelli', 'ORGANIZATION | Title: FERROVIE DELLO STATO', 'UNIT | Title: COMPARTIMENTO DI VENEZIA, Giurisdizione: Stazioni di Venezia S. Lucia e Venezia Marittima', 'UNIT | Title: DIREZIONE, Location: Fondamenta S. Lucia', 'UNIT | Title: Ufficio del Capo Compartimento', 'UNIT | Title: Ufficio Personale Compartimentale', 'UNIT | Title: Sezione Movimento', 'UNIT | Title: Sezione Commerciale e del Traffico', 'UNIT | Title: Sezione Materiale e Trazione', 'UNIT | Title: Sezione Lavori di Venezia', 'UNIT | Title: Ufficio impianti elettrici e di segnalamento', 'UNIT | Title: Riparto Telegrafonico']
  -> Actual CSV columns: Name,Role,Location,Address,Profession,Additional Info
  -> WARNING: 46 rows (78%) missing both Address and Location on page_61.jpg
  -> Section state reset at document boundary (page 61)
  -> Section state carries address: Fondamenta S. Lucia
Done.
Processing: page_62.jpg
  -> Layout type: COMPLEX_LAYOUT
  -> Ad type: NO_AD (pure structured directory content)


The text provided appears to be a structured directory listing various departments, positions, and personnel associated with specific organizations or locations. There are no visually distinct sections, formatting, or blocks that indicate the presence of advertisements. Therefore, it qualifies as NO_AD.
  -> Page type inferred: 
  -> Inferred schema: Name,Address,Location,Role,Profession
  -> Final schema: Name,Address,Location,Role,Profession
  -> Multi-section page detected: ['GUJDA COMMERCIALE DI VENEZIA E PROVINCIA', 'Corpo Ispettivo di Ragioneria', 'Ispettore Sanitario', 'Riparto Compartimentale di Mobilitazione', 'Stazione di Venezia, Santa Lucia', 'Stazione di Venezia Marittima', 'Stazione di Venezia-Mestre', 'Commissariato Compartimentale di Polizia Ferroviaria', 'Polizia Ferroviaria Compartimentale | Location: Stazione di Venezia S. Lucia', 'POSTE E TELEGRAFI | Address: Palazzo ex Fontego dei Tedeschi, S. Barto.lomeo.', 'Ufficio Telegrafico Centrale', 'Ufficio Corrispondenza e Pacchi', 'Ufficio Vaglia e Risparmi', "Ufficio Arrivi e Distribuzione | Address: Riva dell'Olio numero 1781", 'Ufficio Conti Correnti Postali', 'Ufficio Postale di Ferrovia | Location: Stazione ferr. S. Lucia', 'SUCCURSALI URBANE', 'ITALCABLE COMPAGNIA ITAL. DEI CAVI TELEGRAFICI BOTOM | Address: Ascensione 1269']
  -> Actual CSV columns: Name,Address,Location,Role,Profession
  -> WARNING: 64 rows (93%) missing both Address and Location on page_62.jpg
  -> Section state reset at document boundary (page 62)
  -> Section state carries address: Ascensione 1269
Done.
Processing: page_63.jpg
  -> Layout type: COMPLEX_LAYOUT
  -> Ad type: The text provided is a structured directory content that lists various official titles, locations, and organizational details. There are no distinct sections or formatting that suggest advertisement content. All text appears to be uniformly formatted and pertains to institutional or directory information without any visually separated text, business promotions, or marketing-style blocks that could be considered as advertisements. Therefore, the appropriate label for this page is:


NO_AD (pure structured directory content)
  -> Page type inferred: 
  -> Inferred schema: Name,Address,Location,Role,Profession
  -> Final schema: Name,Address,Location,Role,Profession
  -> Multi-section page detected: ['AZIENDA DI STATO PER I SERVIZI TELEFONICI | Address: ex Convento S. Salvador', 'Società Telefonica delle Venezie - “ Telve” | Address: Campo S. Salvador', 'Magistrato alle Acque | Address: Rialto 19', 'Corpo del Genio Civile | Address: Palazzo Dieci Savi - Sottop.ri di Rialto 50', 'Ispettorato Agrario Compartimentale per le Venezie | Address: Santa Barnaba 3232', 'ENTE NAZION. PER LE TRE VENEZIE | Address: S. Samuele 3231', "SEZIONE PROV. DELL'ALIMENTAZIONE | Character: S. E. P. R. A. L., Address: Via 22 Marzo n. 2233", 'CONSORZIO DI BONIFICA DESE SUPERIORE | Address: Mestre, Via Carducci 3']
  -> Actual CSV columns: Name,Address,Location,Role,Profession
  -> WARNING: 56 rows (79%) missing both Address and Location on page_63.jpg
  -> Section state carries address: Mestre, Via Carducci 3
Done.
Processing: page_64.jpg
  -> Layout type: COMPLEX_LAYOUT
  -> Ad type: PARTIAL_AD
  -> Page type inferred: 
  -> Inferred schema: Name,Address,Location,Role,Profession,Additional Info
  -> Final schema: Name, Address, Location, Role, Profession, Additional Info
  -> Multi-section page detected: ['CONSORZIO DI BONIFICA DESE INFERIORE | Address: Mestre, Via Carducci 3', 'CONSORZIO DI BONIFICA DESTRA SILE INFERIORE | Address: Mestre, Via Carducci 3', 'CONSORZIO DI BONIFICA — DEL LITORALE DI CAVALLINO | Address: Mestre, Via Carducci 3', 'Archivio di Stato | Address: Campo dei Frari', 'SCUOLA DI PALEOGRAFIA E DOTTRINA ARCHIVISTA | Address: Campo Frari 3042', 'AVVOCATURA DELLO STATO | Address: Ponte della Canonica', 'ARCHIVIO NOTARILE REGIONALE | Address: Rio Terrà San Tomà', 'DITTA Cav. G. PELLEGRINI | Address: Campo S. Bartolomeo 5376, Tel: 25-004']
  -> Image re-pass enabled (complex layout + ads + 8 sections).
  -> Actual CSV columns: Name,Address,Location,Role,Profession,Additional Info
  -> WARNING: 31 rows (79%) missing both Address and Location on page_64.jpg
  -> Section state carries address: Campo S. Bartolomeo 5376, Tel: 25-004
Done.
Processing: page_65.jpg
  -> Layout type: COMPLEX_LAYOUT
  -> Ad type: NO_AD (pure structured directory content)
  -> Page type inferred: 
  -> Inferred schema: Name,Address,Location,Role,Profession
  -> Final schema: Name,Address,Location,Role,Profession
  -> Multi-section page detected: ['UFFICIO REGIONALE DEL LAVORO | Address: Campo S. Angelo 3584', 'CAMERA CONFEDERALE DEL LAVORO | Address: Cà Matteotti, Strada Nuova', 'ISPETTORATO DEL LAVORO | Address: S. Barnaba, Calle Giustinian', 'ASSOCIAZIONE TRA GLI AGRICOLTORI DELLA PROVINCIA DI VENEZIA | Address: Palazzo Giovanelli, Santa Fosca 2292', "FEDERAZIONE PROVINCIALE LAVORATORI DELLA TERRA | Address: Via 28 aprile, Ca' Matteotti 4314", 'FEDERTERRA', 'FEDERAZIONE PROVINCIALE PICCOLI PROPRIETARI, AFFITT. COLTIVATORI DIRETTI E MEZZADRI DI VENEZIA | Address: Lista di Spagna 122', 'UFF. COORDINAMENTO PER IL VENETO DELLE FEDERAZIONI PROVINCIALI FRA PICCOLI PROPR., AFFITTAVOLI, COLTIVATORI DIRETTI E MEZZADRI | Address: Lista di Spagna 122', "ISPETTOR. PROV. DELL'AGRICOLTURA | Address: S. Fosca: Palazzo Giovanelli", 'ISPET. COMPARTIMENTALE AGRARIO | Address: S. Barnaba, Calle Giustinian']
  -> Actual CSV columns: Name,Address,Location,Role,Profession
  -> WARNING: 33 rows (59%) missing both Address and Location on page_65.jpg
  -> Section state reset at document boundary (page 65)
  -> Section state carries address: S. Barnaba, Calle Giustinian
Done.
Processing: page_66.jpg
  -> Layout type: COMPLEX_LAYOUT
  -> Ad type: NO_AD
  -> Page type inferred: 
  -> Inferred schema: Name,Address,Location,Role,Profession
  -> Final schema: Name,Address,Location,Role,Profession
  -> Multi-section page detected: ['CONSULTA REGIONALE | Address: S. Barnaba - Calle Giustinian', 'COMMISSARIATO REGIONALE | Address: Palazzo X Sari - Rialto', 'CONSORZIO AGRARIO COOPERATIVO | Address: Campo S. Stefano - Palazzo Franchetti', 'UFFICIO PROVINCIALE STATISTICO ECONOMICO AGRICOLTURA U.P.S.E.A. | Address: S. Giovanni Crisostomo - Calle Ciorvan', 'UFFICIO REGIONALE DI COORDINAMENTO U. P. S. E. A. | Address: S. Marcuola - Palazzo Mandelli', 'SERVIZIO PER GLI ELENCHI NOMINATIVI DEI LAVORATORI E PER I CONTRIBUTI UNIFICATI IN AGRICOLTURA | Address: Castello 5273', 'COMITATO REG. VENETO BONIFICHE | Address: S. Fosca - Palazzo Giovanelli', 'ENTE NAZIONALE DISTILLAZIONE MATERIE VINOSE | Address: S. Fosca - Palazzo Giovanelli', 'ASSOCIAZIONE DEGLI INDUSTRIALI DELLA PROVINCIA DI VENEZIA | Address: S. Marcuola 2040 - Pal. Vendramin Calergi', 'ASSOCIAZIONE REGIONALE TRA INDUSTRIALI | Address: S. Marcuola 2040 - Pal. Vendramin Calergi', 'ASSOCIAZIONE PROVINCIALE FRA DIRIGENTI DI AZIENDE INDUSTRIALI | Address: presso la Società Porto Industriale- Bacino Orseolo', 'ASSOCIAZIONE TRA LE INDUSTRIE DI MARGHERA PER LO STUDIO DEI PROBLEMI ECONOMICI | Address: S. Luca 4590', 'ASSOCIAZIONE IMPRESE ELETTRICHE VENETO ADRIATICHE («A.LE.V.A.») | Address: Campo S. Stefano, 2808', 'ASSOCIAZIONE PROVINCIALE TRA LE INDUST. POLIGRAFICHE DI VENEZIA | Address: S. Luca 4590', 'CENTO ECONOMICO PER LA RICOSTRUZIONE | Address: Cà Foscari', 'ASSOCIAZIONE DEI COMMERCIANTI | Address: S. Luca - Calle Bembo, 4779-80']
  -> Actual CSV columns: Name,Address,Location,Role,Profession
  -> WARNING: 57 rows (77%) missing both Address and Location on page_66.jpg
  -> Section state carries address: S. Luca - Calle Bembo
Done.
Processing: page_67.jpg
  -> Layout type: COMPLEX_LAYOUT
  -> Ad type: PARTIAL_AD
  -> Page type inferred: 
  -> Inferred schema: Name,Address,Location,Role,Profession,Additional Info
  -> Final schema: Name, Address, Location, Role, Profession, Additional Info
  -> Multi-section page detected: ['Associazione Esercenti Pubblici Esercizi della Prov. di Venezia | Address: S. Luca, Calle Bembo 4779', 'Associazione dei Panificatori di Venezia e Provincia | Address: S. Luca, Calle Bembo 3779', 'Associazione Fra i Dirigenti di Aziende Commerciali della Provincia di Venezia | Address: Presso Ditta E. Ratti, S. M. Formosa 5386', 'Associazione Fra Dirigenti Case Di Spedizione della Provincia Di Venezia | Address: presso Ditta Gondrand, S. Stefano 2803', 'Ispettorato Generale Della Motorizzazione Civile e dei trasporti in concessione |', 'Gestione Raggruppamento Autocarri | Sede di Venezia: Agenzia di città: S. Giovanni Grisostomo 5721, Sede di Mestre: Via Marghera', "Premiato Mobilifico Casa dell'Artigianato | Address: Via Manin, N. 39 - Mestre - Telefono N. 51-165"]
  -> Image re-pass enabled (complex layout + ads + 7 sections).
  -> Actual CSV columns: Name,Address,Location,Role,Profession,Additional Info
  -> WARNING: 9 rows (20%) missing both Address and Location on page_67.jpg
  -> Section state carries address: Via Manin, N. 39
Done.
Processing: page_68.jpg
  -> Layout type: COMPLEX_LAYOUT
  -> Ad type: PARTIAL_AD
  -> Page type inferred: 
  -> Inferred schema: Name,Address,Location,Role,Profession
  -> Final schema: Name, Address, Location, Role, Profession, Additional Info
  -> Multi-section page detected: ['Artigianato', 'UNIONE PROVINCIALE ARTIGIANI | Address: Sede provvisoria, S. Marco 876', 'Credito e Assicurazione', 'ASSOCIAZIONE PROVINCIALE TRA GLI AGENTI DI ASSICURAZIONI | Address: Riva del Carbon - Palazzo Bembo 4792', 'Cooperazione', 'UNIONE PROVINCIALE DEGLI ENTI COOPERATIVI | Address: Lista di Spagna 122', 'ASSOCIAZIONE VENETA DELLE COOPERATIVE | Address: Palazzo Bumbo, Riva del Carbon', 'LEGA DELLE COOPERATIVE PER LA PROVINCIA DI VENEZIA | Address: Palazzo Bembo - Riva del Carbon', 'Navigazione', 'UNIONE DI NAVIGAZIONE INTERNA ALTA ITALIA | Address: S. Marco, Calle degli Avvocati', 'ASSOCIAZIONE ARMATORI ADRIATICO OCCIDENTALE - VENEZIA | Address: Riva Schiavoni 4158', "ASSOCIAZIONE DELL'ARMAMENTO DI LINEA DI VENEZIA | Address: Zattere 1411", 'Enti di Previdenza ed Assistenza', 'ISTITUTO NAZIONALE DELLA PREVIDENZA SOCIALE | Address: S. Fosca, Palazzo Correr, 2217', 'ISPETTORATO PER LE TRE VENEZIE DELLA PREVIDENZA SOCIALE | Address: S. Leonardo', '「duse」 Forniture complete MOBILI • ACCESSORI per UFFICIO | Address: VENEZIA • Via XXII Marzo, 2288 • Telefono 25-889']
  -> Image re-pass enabled (complex layout + ads + 16 sections).
  -> Actual CSV columns: Name,Address,Location,Role,Profession,Additional Info
  -> WARNING: 16 rows (35%) missing both Address and Location on page_68.jpg
  -> Section state carries address: VENEZIA • Via XXII Marzo, 2288
Done.
Processing: page_69.jpg
  -> Layout type: COMPLEX_LAYOUT
  -> Ad type: NO_AD
  -> Page type inferred: 
  -> Inferred schema: Name,Address,Location,Role,Profession,Additional Info
  -> Final schema: Name, Address, Location, Role, Profession, Additional Info
  -> Multi-section page detected: ["ISTITUTO NAZIONALE PER L'ASSICURAZIONE CONTRO GLI INFORTUNI SUL LAVORO | Address: S. Angelo 3883", "ISTITUTO NAZIONALE PER L'ASSISTENZA DI MALATTIE AI LAVORATORI | Address: Dorsoduro 3498-A", "CASSA MARITTIMA ADRIATICA PER L'ASSICURAZIONE CONTRO GLI INFORTUNI SUL LAVORO E LE MALATTIE - TRIESTE | Sede di Venezia: Ramo primo della Ascensione numero 1253", 'MUTUA MALATTIE DEL PESCATORE | Address: Campo Manin 4233', 'CASSA PREVIDENZA LAVORATORI PORTUALI | Address: S. Simeone Grande 927', 'UFFICIO PROVINCIALE ASSISTENZA POSTBELLICA | Address: San Maurizio 3761', 'UFFIC. COMUNALE DI COLLOCAMENTO | Address: S. Angelo, Calle Caffettier', 'UFFICIO COLLOCAMENTO GENTE DEL MARE | Address: Zattere 1485-B', 'ASSOCIAZIONE FRA PROPRIETARI DI FABBRICATI DELLA PROVINCIA DI VENEZIA | Address: S. Polo, Calle della Laca 2456', "ASSOCIAZIONE INQUILINI E SENZA TETTO | Address: Presso Ca' Matteioti, Via XXVIII aprile", 'COMITATO DALMATA | Address: S. Stae - Palazzo Tron presso il Provveditorato agli studi', 'COMITATO GIULIANO | Address: Piazzetta S. Marco, Museo Correr', 'E. N. A. L. ENTE NAZ. ASSISTENZA LAVORATORI SEDE PROVINCIALE DI VENEZIA | Address: Calle Larga S. Marco 374']
  -> Actual CSV columns: Name,Address,Location,Role,Profession,Additional Info
  -> WARNING: 40 rows (65%) missing both Address and Location on page_69.jpg
  -> Section state carries address: Calle Larga S. Marco 374
Done.
Processing: page_70.jpg
  -> Layout type: COMPLEX_LAYOUT
  -> Ad type: NO_AD (pure structured directory content)
  -> Page type inferred: 
  -> Inferred schema: Name,Address,Location,Role,Profession
  -> Final schema: Name, Address, Location, Role, Profession, Additional Info
  -> Multi-section page detected: ['C. A. R. L. Comuni', 'C. A. R. L. Aziendali', 'C. R. A. L. Vari', 'CARLO GALIMBERTI | Address: Venezia - Riva del Vin 722 - 728, Category: Carta - Cartoni Cancelloria']
  -> Actual CSV columns: Name,Address,Location,Role,Profession,Additional Info
  -> WARNING: 8 rows (67%) missing both Address and Location on page_70.jpg
  -> Section state carries address: Venezia - Riva del Vin 722 - 728
Done.
Processing: page_71.jpg
  -> Layout type: COMPLEX_LAYOUT
  -> Ad type: Based on the analysis of the text provided, there is no clear indication of visually separated text, business promotions, different formatting, decorative or marketing-style blocks, or content that suggests advertisement-like content at the bottom or edges of the page. The content appears to be a structured directory list of consulates with their addresses and relevant details, alongside a mention of a commercial typography service.


Given the instructions to be conservative and label the page as PARTIAL_AD if there is any advertisement-like content, the mention of the "Tipografia Commerciale INDUSTRIA ARTI GRAFICHE" could be perceived as a minimal business promotion. Therefore, according to the guideline of labeling as PARTIAL_AD if there is any advertisement-like content, the appropriate classification for this page would be:


PARTIAL_AD
  -> Page type inferred: 
  -> Inferred schema: Name,Address,Location,Role,Profession
  -> Final schema: Name,Address,Location,Role,Profession
  -> Multi-section page detected: ['Consolati', 'Altri Consolati aventi giurisdizione sulla Regione Veneta', 'Consolati non ancora riaperti a Venezia, ma che possono interessarsi ad inoltrare lettere commerciali ecc.', 'Tipografia Commerciale | Category: INDUSTRIA ARTI GRAFICHE, Address: VENEZIA - S. LIO, PONTE DELLE PASTE - TELEF. 24-911']
  -> Actual CSV columns: Name,Address,Location,Role,Profession,Additional Info
  -> WARNING: 3 rows (7%) missing both Address and Location on page_71.jpg
  -> Section state reset at document boundary (page 71)
  -> Section state carries address: Calle Larga San Marco
Done.
Processing: page_72.jpg
  -> Layout type: COMPLEX_LAYOUT
  -> Ad type: NO_AD (pure structured directory content)
  -> Page type inferred: 
  -> Inferred schema: Name,Address,Location,Role,Profession
  -> Final schema: Name,Address,Location,Role,Profession
  -> Multi-section page detected: ['PUBBLICA ISTRUZIONE', 'ISTITUTO UNIVERSITARIO DI ECONOMIA E COMMERCIO | Address: Palazzi Foscari, Giustinian e Rio Nuovo, Anagrafi: 3226, 3232 e 3881', 'Gabinetto', 'Segreteria della Sezione di Economia e Commercio', 'Segreteria della Sezione di Lingue e letterature straniere', 'Economato', 'Archivio e Affari generali', 'Telefono', 'Biblioteca', 'Sezione di Economia e Commercio']
  -> Actual CSV columns: Name,Address,Location,Role,Profession
  -> WARNING: 60 rows (98%) missing both Address and Location on page_72.jpg
  -> Section state reset at document boundary (page 72)
  -> Section state carries address: Palazzi Foscari, Giustinian e Rio Nuovo, Anagrafi: 3226, 3232 e 3881
Done.
Processing: page_73.jpg
  -> Layout type: COMPLEX_LAYOUT
  -> Ad type: NO_AD (pure structured directory content)
  -> Page type inferred: 
  -> Inferred schema: Name,Address,Location,Role,Profession
  -> Final schema: Name,Address,Location,Role,Profession
  -> Multi-section page detected: ['LIBERI DOCENTI', 'ASSISTENTI E LETTORI', 'PROFESSORI ORDINARI', 'PROFESSORI INCARICATI', 'CORSO PER IL DIPLOMA DI MAGISTERO IN ECONOMIA E DIRITTO', 'CORSO PER IL DIPLOMA DI MAGISTERO IN ECONOMIA AZIENDALE', 'ISTITUTI SCIENTIFICI']
  -> Actual CSV columns: Name,Address,Location,Role,Profession
  -> WARNING: 79 rows (100%) missing both Address and Location on page_73.jpg
  -> Section state carries address: Palazzi Foscari, Giustinian e Rio Nuovo, Anagrafi: 3226, 3232 e 3881
Done.
Processing: page_74.jpg
  -> Layout type: COMPLEX_LAYOUT
  -> Ad type: NO_AD (pure structured directory content)
  -> Page type inferred: 
  -> Inferred schema: Name,Address,Location,Role,Profession
  -> Final schema: Name, Address, Location, Role, Profession
  -> Multi-section page detected: ['Laboratorio di Economia aziendale e di ragioneria e "Fabio Besta"', 'Laboratorio di Tecnica bancaria e professionale, industriale e commerciale', 'Laboratorio di Statistica', 'Laboratorio di Matematica generale e finanziaria', 'Istituto di Storia economica', 'Seminario di Diritto', 'Seminario di Letteratura francese', 'Seminario di Letteratura tedesca', 'Seminario di Letteratura inglese', 'Seminario di Letteratura spagnola', 'Seminario di Letteratura russa', 'ISTITUTO UNIVERSITARIO | Address: San Trovaso, Palazzo Giustinian', 'Segreteria', 'Professori ordinarii', 'Professori incaricati', 'Assistenti ordinarii', 'Assistenti incaricati e straordinari']
  -> Actual CSV columns: Name,Address,Location,Role,Profession
  -> WARNING: 60 rows (78%) missing both Address and Location on page_74.jpg
  -> Section state carries address: San Trovaso
Done.
Processing: page_75.jpg
  -> Layout type: COMPLEX_LAYOUT
  -> Ad type: NO_AD (pure structured directory content)
  -> Page type inferred: 
  -> Inferred schema: Name,Address,Location,Role,Profession
  -> Final schema: Name, Address, Location, Role, Profession
  -> Multi-section page detected: ['ISTITUZIONE MEDIA E ARTISTICA', 'PROVVEDITORATO AGLI STUDI | Address: San Stae, Palazzo Tron', 'ISTRUZIONE CLASSICA, SCIENTIFICA E MAGISTRALE', 'ISTRUZIONE TECNICA', 'ISTRUZIONE MEDIA', 'ISTRUZIONE ARTISTICA']
  -> Actual CSV columns: Name,Address,Location,Role,Profession
  -> WARNING: 41 rows (61%) missing both Address and Location on page_75.jpg
  -> Section state carries address: Scuola Media «S. Giovanni Laterano »
Done.
Processing: page_76.jpg
  -> Layout type: COMPLEX_LAYOUT
  -> Ad type: NO_AD (pure structured directory content)
  -> Page type inferred: 
  -> Inferred schema: Name,Address,Location,Role,Profession
  -> Final schema: Name, Address, Location, Role, Profession
  -> Multi-section page detected: ['ACCADEMIA di Belle Arti e Liceo Artistico | Address: Venezia, Campo della Carità 1050', 'Conservatorio di Musica « B. Marcello » | Address: Venezia, S. Stefano 2809', 'Istruzione Professionale |', 'ISTITUTO VENETO PER IL LAVORO | Address: Riva del Carbon, 4794, Palazzo Bembo', 'SCUOLA PROFESSIONALE MARITTIMA « N. SAURO » | Address: S. Giuseppe di Castello 787-B', 'ISTITUTO NAZIONALE PER L’ADDRESTAMENTO PROFESSIONALE LAVORATORI DELL’INDUSTRIA | Address: San Marco num. 2012', 'Scuole Elementari']
  -> Actual CSV columns: Name,Address,Location,Role,Profession
  -> WARNING: 38 rows (58%) missing both Address and Location on page_76.jpg
  -> Section state carries address: Castello
Done.
Processing: page_77.jpg
  -> Layout type: COMPLEX_LAYOUT
  -> Ad type: PARTIAL_AD
  -> Page type inferred: 
  -> Inferred schema: Name,Address,Location,Role,Profession
  -> Final schema: Name, Address, Location, Role, Profession
  -> Multi-section page detected: ['SEMINARIO PATRIARCALE | Address: Campo della Salute', 'Corpo insegnanti', 'DITTA Cav. G. PELLEGRINI | Address: Campo S. Bartolomeo 5376, Tel: 25-004']
  -> Image re-pass enabled (complex layout + ads + 3 sections).
  -> Actual CSV columns: Name,Address,Location,Role,Profession,Additional Info
  -> WARNING: 23 rows (77%) missing both Address and Location on page_77.jpg
  -> Section state carries address: Campo S. Bartolomeo 5376
Done.
Processing: page_78.jpg
  -> Layout type: COMPLEX_LAYOUT
  -> Ad type: PARTIAL_AD
  -> Page type inferred: 
  -> Inferred schema: Name,Address,Location,Role,Profession,Additional Info
  -> Final schema: Name, Address, Location, Role, Profession, Additional Info
  -> Multi-section page detected: ['Istruzione privata', 'ISTIT. MAGISTRALE PARIFICATO', 'SCUOLA MAGISTRALE RICONOSCIUTA', 'SCUOLA MEDIA PARIFICATA', 'ISTITUTO ITALIANO RAVA’', 'ISTITUTO « A. MANZONI »', 'ISTITUTO VITTORIO ALFIERI', 'ISTITUTO CONVITTO « G. MARCONI »', 'ISTITUTO CAVANIS', 'COLLEGIO S. GIUSEPPE', 'ISTITUTO SUORE DI NEVERS', 'ISTITUTO DELLE SUORE DEL S. CUORE', 'COLLEGIO ARMENO « M. RAPHAEL »', 'THE BERLITZ SCHOOL OF LANGUAGES', 'SCUOLA MERLETTI DI BURANO', 'ZAGO F.LLI | Address: VENEZIA - S. Polo, 1479, Phone: 24-290', '« duse» | Address: VENEZIA - Via XXII Marzo, 2288, Phone: 25-889']
  -> Image re-pass enabled (complex layout + ads + 17 sections).
  -> Actual CSV columns: Name,Address,Location,Role,Profession,Additional Info
  -> WARNING: 23 rows (58%) missing both Address and Location on page_78.jpg
  -> Section state carries address: VENEZIA - Via XXII Marzo, 2288
Done.
Processing: page_79.jpg
  -> Layout type: COMPLEX_LAYOUT
  -> Ad type: PARTIAL_AD
  -> Page type inferred: 
  -> Inferred schema: Name,Address,Location,Role,Profession
  -> Final schema: Name, Address, Location, Role, Profession, Additional Info
  -> Multi-section page detected: ['ISTITUZIONI DI CULTURA BIBLIOTECHE E MUSEI | Category: Istituzioni di cultura', 'ISTITUTO VENETO DI SCIENZE LETTERE ED ARTI | Address: Campo F. Morosini, Palazzo Loredan', 'ESPOSIZIONE BIENNALE INT. D’ARTE | Category: Ente Autonomo, Sede permanente: Palazzo Giustiniani, San Moise, Sede provvisoria: Palazzo dell’Esposizione, Giardini Pubblici']
  -> Image re-pass enabled (complex layout + ads + 3 sections).
  -> Actual CSV columns: Name,Address,Location,Role,Profession,Additional Info
  -> WARNING: 9 rows (18%) missing both Address and Location on page_79.jpg
  -> Section state carries address: Via L. Settembrini, 38
Done.
Processing: page_80.jpg
  -> Layout type: COMPLEX_LAYOUT
  -> Ad type: NO_AD (pure structured directory content)
  -> Page type inferred: 
  -> Inferred schema: Name,Address,Location,Role,Profession
  -> Final schema: Name, Address, Location, Role, Profession, Additional Info
  -> Multi-section page detected: ['ENTE AUTONOMO DEL TEATRO | Address: Campo S. Fantin', 'ISTITUTO PER GLI STUDI ADRIATICI | Address: Riva del sette Martiri', 'SOCIETA’ NAZIONALE «D. ALIGHIERI » | Address: Palazzo Tron, S. Stue, numero 1957', 'ENTE NAZIONALE INDUSTRIE CINEMATOGRAFICHE | Address: S. Simeone Piccolo, 75;.4.', 'DIREZIONE RESTAURI E STUDIO MOSAICI DELLA BASILICA SAN MARCO | Location: ex Chiesa S, Basso, Address: Piazzetta dei Leoncini', 'SOPRINTENDENZA AI MONUMENTI MEDIOEVALI E MODERNI DEL VENETO ORIENTALE | Address: Palazzo Ducale', 'UFFICIO DI ESPOR7AZIONE OGGETTI DI ANTICHITA’ E D’ARTE | Location: presso le gallerie', 'SOPRINTENDENZA ALLE GALLERIE ED ALLE OPERE D’ARTE | Address: S. Vio Calle Gambarara numero 1023', "GALLERIA « G. FRANCHETTI » ALLA CA' D’ORO | Location: Ca’ D'Oro", 'MUSEO ORIENT, DELLA CA’ PESARO', 'SOPRINT. ALLE ANTICHITA’ PADOVA MUSEO ARCHEOLOGICO | Address: Piazzetta S, Marco 24 (Palazzo Reale)', 'BIBLIOTECA NAZIONALE MARCIANA E SOVRINTENDENZA BIBLIOGRAFICA PER LE VENEZIE | Address: Piazzetta S. Marco 7', 'FONDAZ, QUERINI STAMPALIA | Address: S. Maria Formosa, calle Querini 4774']
  -> Actual CSV columns: Name,Address,Location,Role,Profession,Additional Info
  -> WARNING: 41 rows (65%) missing both Address and Location on page_80.jpg
  -> Section state carries address: S. Maria Formosa, calle Querini 4774
Done.
Processing: page_81.jpg
  -> Layout type: COMPLEX_LAYOUT
  -> Ad type: NO_AD
  -> Page type inferred: 
  -> Inferred schema: Name,Address,Location,Role,Profession
  -> Final schema: Name, Address, Location, Role, Profession, Additional Info
  -> Multi-section page detected: ['BIBLIOTECA RR. PP. ARMENI MECHITARISTI | Address: Isola San Lazzaro', 'BIBLIOTECA DEL SEMINARIO PATRIARCALE | Address: Santa Maria della Salute', 'MUSEO E PINACOTECA DEL SEMINARIO PATRIARCALE | Address: S. Maria della Salute', 'OSSERVATORIO GEOFISICO DEL SEMINARIO PATRIARCALE | Address: S. Maria della Salute', 'SCUOLA GRANDE ARICCONFRATERNITA DI SAN GIOVANNI EVANGELISTA | Address: (vicino alla Chiesa dei Frari)', 'SCUOLA GRANDE DEI CARMINI | Address: S. M. del Carmelo', 'SCUOLA GRANDE DI SAN ROCCO | Address: S. Rocco dietro la chiesa dei Frari', 'SCUOLA ARICCONFRATERNITA DI SAN CRISTOFORO E COMPAGNIA DELLA MISERICORDIA | Address: Santa Maria Formosa', 'DIREZIONE BELLE ARTI DEL COMUNE | Address: Piazza S. Marco, Procuratie Novissima', "CIVICI MUSEI VENEZIANI D'ARTE E DI STORIA MUSEO CIVICO CORRER BIBLIOTECA DI STORIA D'ARTE VENEZIANA | Address: Piazza San Marco, Procuratie Nuove n. 52", "MUSEO DEL 700 | Address: (Ca' Rezzonico)", 'MUSEO VETRARIO | Address: Murano', "GALLERIA INTERNAZIONALE D'ARTE MODERNA | Address: Ca' Pesaro", "MUSEO STORICO NAVALE | Address: Fondamenta di fronte all'Arsenale", 'MUSEO CIVICO DI STORIA NATURALE | Address: San Stae. Fondaco dei Turchi', 'ATENEO DI VENEZIA | Address: Campo S. Fantin', 'DEPUTAZIONE DI STORIA PATRIA PER LE VENEZIE | Address: San Marco 52', 'CIRCOLO FILOLOGICO | Address: S. Stefano. Palazzo Morosini numero 2802']
  -> Actual CSV columns: Name,Role,Profession,Address,Location,Additional Info
  -> WARNING: 25 rows (57%) missing both Address and Location on page_81.jpg
  -> Section state carries address: S. Stefano. Palazzo Morosini numero 2802
Done.
Processing: page_82.jpg
  -> Layout type: COMPLEX_LAYOUT
  -> Ad type: NO_AD (pure structured directory content)
  -> Page type inferred: 
  -> Inferred schema: Name,Address,Location,Role,Profession
  -> Final schema: Name,Address,Location,Role,Profession
  -> Multi-section page detected: ['2. Corpo Insegnante', '3. Biblioteca', '4. CASA RUMENA DI VENEZIA | Address: Santa Fosca 2214', '5. SOC. DEGLI AMICI DEI MONUMENTI | Address: D. Duro numero 178', '6. Istituti di beneficenza', '7. ENTE COMUNALE DI ASSISTENZA | Address: San Luca, clle Locande, 4299', '8. Uffici Centrali', '9. ORFANOTROFIO MASCHILE E ISTITUTO MANIN MASCHILE | Address: Lista di Spagna numero 168', '10. ZITELLE ORFANOTROFIO E MANIN MASCHILE | Address: Giudecca, fdm, Zitelle', '11. ISTITUTO PENITENTI | Address: Cannaregio 891', '12. ISTIT. PER L’INFANZIA ABBANDONATA | Address: Giudecca, Campo Marte 547', '13. ISTITUTO CA’ DI DIO | Address: Riva di Schiavoni 2182', '14. ASILO PER MINORENNI S. GIROLAMO', '15. CASA DI RICOVERO | Address: SS. Giovanni e Paolo 6691', '16. DORMITORI PUBBLICI', '17. Uffici Periferici', '18. FRAZIONI']
  -> Actual CSV columns: Name,Address,Location,Role,Profession
  -> WARNING: 76 rows (89%) missing both Address and Location on page_82.jpg
  -> Section state reset at document boundary (page 82)
  -> Section state carries address: SS. Giovanni e Paolo 6691
Done.
Processing: page_83.jpg
  -> Layout type: COMPLEX_LAYOUT
  -> Ad type: PARTIAL_AD
  -> Page type inferred: 
  -> Inferred schema: Name,Address,Location,Role,Profession
  -> Final schema: Name,Address,Location,Role,Profession
  -> Multi-section page detected: ['- OPERA NAZIONALE | Address: Piscina Frezze.na 1672', '- OPERA PIA « G. B. GIUSTINIAN » RICOVERO CRONICI | Address: S. Trovaso, fdn. Ognissanti 1454', '- CASA DI CURA E RIPOSO | Address: San Trovaso 1467', '- ISTITUTO ARTIGIANELLI « S. GIROLAMO EMILIANI » | Address: Zattere 919', '- OPERE PIE IST. RIUNITI PATRONATO DI CASTELLO e COLETTI | Address: San Girolamo 2991', '- OPERA PIA « ZUANE CONTARINI » | Administration Address: S, Marina, Palazzo Bolla ni numero 6073, Hospice Address: S. Giobbe 613', "- OPERA PIA: ASILI DI CARITA' PER L'INFANZIA | Headquarters Address: San Lio numero 5776", "- Asili dell'opera", '- Asili infantili', '- ISTITUTO DEL BUON PASTORE | Address: S. Pietro di Castello 77', '- IST. PROVINCIALE DEGLI ESPOSTI | Address: S. Zaccaria, calle della Pietà 3701', '- COLONIA ALPINA « S. MARCÒ » | Address: S. Zaccaria, Calle della Pietà 3701', '- ASILO BAMBINI LATTANTI E SLATTATI « G. B. GIUSTINIAN » | Address: Tolentini, Rio Terra dei Pensieri 326']
  -> Image re-pass enabled (complex layout + ads + 13 sections).
  -> Actual CSV columns: Name,Address,Location,Role,Profession,Additional Info
  -> WARNING: 23 rows (33%) missing both Address and Location on page_83.jpg
  -> Section state carries address: S. Simeone P. 767
Done.
Processing: page_84.jpg
  -> Layout type: COMPLEX_LAYOUT
  -> Ad type: The page provided seems to consist solely of structured directory content listing various religious and healthcare institutions, along with details such as names and roles of the staff involved in each institution. It does not contain any visually separated text, business promotions, different formatting indicating advertisements, or decorative/marketing-style blocks. Additionally, there are no promotional contents at the bottom or edges of the page that would suggest the presence of advertisement-like content.


Based on the descriptions and criteria given, this page fits the NO_AD category, as it is entirely composed of structured directory content without any advertisement-like elements.
  -> Page type inferred: 
  -> Inferred schema: Name,Address,Location,Role,Profession
  -> Final schema: Name,Address,Location,Role,Profession
  -> Multi-section page detected: ['SUORE DELLA SOCIETA’ REGINA APOSTOLORUM | Address: S. Stefano 2916', 'ARCICONFRATERNITA DI SAN CRISTOFORO E COMPAGNIA DELLA MISERICORDIA | Address: S. Maria Formosa 3254', 'CASA DI RICOVERO ISRAELITICA | Association: Comunità Israelitica, Address: Ghetto Nuovo 2874', 'ISTITUTO PER LA PROTEZIONE DEGLI ORFANI DEI PATRIOTI CADUTI PER LA PATRIA « FRANCESCO BIANCOITO» | Address: Sede provvisoria: Municipio', 'PATRONATI', 'Istituti ospedalieri e sanitari', 'OSPITII CIVILI RIUNITI', 'Gabinetto batteriologico', 'Gabinetto radiologico', 'Farmacia interna', 'Farmacia esterna']
  -> Actual CSV columns: Name,Address,Location,Role,Profession,Additional Info
  -> WARNING: 78 rows (90%) missing both Address and Location on page_84.jpg
  -> Section state reset at document boundary (page 84)
  -> Section state carries address: Campo SS. Giovanni e Paolo
Done.
Processing: page_85.jpg
  -> Layout type: COMPLEX_LAYOUT
  -> Ad type: PARTIAL_AD
  -> Page type inferred: 
  -> Inferred schema: Name,Address,Location,Role,Profession
  -> Final schema: Name,Address,Location,Role,Profession
  -> Multi-section page detected: ["1. ISTITUTI DI ASSISTENZA DELL'AMMINISTR. PROVINCIALE | Address: Palazzo del Governo", '2. CROCE ROSSA ITALIANA | Comitato Regionale di Venezia, Soce: Ponte Canonica, Fdm, S. Apollonia numero 4312', "3. PREVENTORIO ANTITUBERCOLARE C R. I. ENEGO | Sede: Ponte Canonica, S. Apollonia 4912, Sede dell'Istituto: Enego (Bassano del Grappa)", "4. SOCIETA' VENEZIANA CONTRO LA TUBERCOLOSI | Address: Dorsoduro 2414", '5. CASA DI SALUE FATE BENE FRATELLI | Address: Madonn dell’Orto 3458', '6. SOLARIUM AL MARE | Soce: An. Ist. Ortopedico Elioterapico Lido, Lungomare Malamocco numero 64', "7. POLIAMBULANZA MEDICO - CHIRUR. GIA DELLA CITTA' DI VENEZIA | Campo Santa Maria Formosa numero 6129", '8. POLIAMBULANZA MEDICO - CHIRURGICA E CASA DI CURA | Address: San Cassiano, Calle Campanili, numero 177', '9. CASA DI CURA IMMACOLATA CONCEZION | Address: San Simeone Piccolo numero 553', '10. CASA DI CURA CLINICA CHIRURGICA « VILLA MARIA » | Address: Mestre, Via Miranese n. 36']
  -> Image re-pass enabled (complex layout + ads + 10 sections).
  -> Actual CSV columns: Name,Address,Location,Role,Profession,Additional Info
  -> WARNING: 16 rows (41%) missing both Address and Location on page_85.jpg
  -> Section state carries address: S. Croce
Done.
Processing: page_86.jpg
  -> Layout type: SIMPLE_LAYOUT
  -> Ad type: NO_AD
  -> Page type inferred: 
  -> Inferred schema: Name,Address,Location,Role,Additional Info
  -> Final schema: Name,Address,Location,Role,Additional Info
  -> Multi-section page detected: ['PATRIARCATO DI VENEZIA | Address: PATRIARCATO DI VENEZIA', 'Curia Patriarcale | Location: Curia Patriarcale', 'Ufficio opere di Religione | Additional Info: Ufficio opere di Religione', 'Ufficio Amministrativo | Additional Info: Ufficio Amministrativo', 'TRIBUNALE DIOCESANO E METROPOLITANO | Address: TRIBUNALE DIOCESANO E METROPOLITANO', 'UFFICIO MISSIONARIO DIOCESANO | Additional Info: UFFICIO MISSIONARIO DIOCESANO', 'ESAMINATORI PROSIONALDI | Additional Info: ESAMINATORI PROSIONALDI', 'CONSULTORI DEI PARROCI | Additional Info: CONSULTORI DEI PARROCI', 'CENSORI DEI LIBRI | Additional Info: CENSORI DEI LIBRI']
  -> Actual CSV columns: Name,Address,Location,Role,Additional Info
  -> WARNING: 39 rows (56%) missing both Address and Location on page_86.jpg
  -> Section state reset at document boundary (page 86)
  -> Section state carries address: TRIBUNALE DIOCESANO E METROPOLITANO
Done.
Processing: page_87.jpg
  -> Layout type: COMPLEX_LAYOUT
  -> Ad type: NO_AD
  -> Page type inferred: 
  -> Inferred schema: Name,Address,Location,Role,Profession,Additional Info
  -> Final schema: Name,Address,Location,Role,Profession,Additional Info
  -> Multi-section page detected: ['COMMISSIONE PER IL CATECHISMO | Additional Info: COMMISSIONE PER IL CATECHISMO', 'COMMISSIONE PER LARTE SACRA | Additional Info: COMMISSIONE PER LARTE SACRA', 'COMMISSIONE PER LA MUSICA SACRA | Additional Info: COMMISSIONE PER LA MUSICA SACRA', 'COMMISSIONE PER LA SOLUZIONE DEI CASI DI COSCIENZA | Additional Info: COMMISSIONE PER LA SOLUZIONE DEI CASI DI COSCIENZA', 'BASILICA PATRIARCALE PRIMARIZIALE METROPOLITANA DI S. MARCO EVANGELISTA | Address: BASILICA PATRIARCALE PRIMARIZIALE METROPOLITANA DI S. MARCO EVANGELISTA', 'PARROCCHIE E SUCCURSALI | Address: PARROCCHIE E SUCCURSALI']
  -> Actual CSV columns: Name,Address,Location,Role,Profession,Additional Info
  -> WARNING: 36 rows (54%) missing both Address and Location on page_87.jpg
  -> Section state carries address: S. EUSTACHIO (S. STAE)
Done.
Processing: page_88.jpg
  -> Layout type: SIMPLE_LAYOUT
  -> Ad type: NO_AD
  -> Page type inferred: 
  -> Inferred schema: Name,Address,Location,Role,Additional Info
  -> Final schema: Name, Address, Location, Role, Profession, Additional Info
  -> Multi-section page detected: ['San Cristoforo | Address: San Cristoforo', 'S. MARZIALE (S. MARSILIAN) | Address: S. MARZIALE (S. MARSILIAN)', 'S. Elena | Address: S. Elena', 'Ss. Ermagrora e Fortunato | Address: Ss. Ermagrora e Fortunato', 'SANTA FOSCA | Address: SANTA FOSCA', 'SANTA MARIA MADDALENA | Address: SANTA MARIA MADDALENA', 'S. Eufemia della Giudecca | Address: S. Eufemia della Giudecca', 'S. MARIA DELLA PRESENTAZIONE | Address: S. MARIA DELLA PRESENTAZIONE', 'San Felice | Address: San Felice', 'SANTA SOFIA | Address: SANTA SOFIA', 'S. Francesco della Vigna | Address: S. Francesco della Vigna', 'San Geremia | Address: San Geremia', 'SAN GIOBBE | Address: SAN GIOBBE', 'SANTA MARIA DELLE PENITENTI | Address: SANTA MARIA DELLE PENITENTI', 'SS. Gervasio e Protasio | Address: SS. Gervasio e Protasio', 'SAN SEBASTIANO | Address: SAN SEBASTIANO', 'San Giacomo dall’Orio | Address: San Giacomo dall’Orio', 'SAN GIOVANNI DECOLLATO | Address: SAN GIOVANNI DECOLLATO']
  -> Actual CSV columns: Name,Address,Location,Role,Profession,Additional Info
  -> WARNING: 23 rows (56%) missing both Address and Location on page_88.jpg
  -> Section state carries address: SAN GIOVANNI DECOLLATO
Done.
Processing: page_89.jpg
  -> Layout type: COMPLEX_LAYOUT
  -> Ad type: NO_AD (pure structured directory content)
  -> Page type inferred: 
  -> Inferred schema: Name,Address,Location,Role,Additional Info
  -> Final schema: Name, Address, Location, Role, Profession, Additional Info
  -> Multi-section page detected: ['- SS. Giovanni e Paolo | Address: - SS. Giovanni e Paolo', '- San Giovanni in Bragora | Address: - San Giovanni in Bragora', '- SAN ANTONINO PRETE M. | Address: - SAN ANTONINO PRETE M.', '- S. MARIA DELLA VISITAZIONE | Address: presso la Pia Casa degli Esposti', '- SAN LORENZO DIACONO M. | Address: presso la Casa di Mendicità', '- San Giuseppe di Castello | Address: - San Giuseppe di Castello', '- San Lodovico (San Alvise) | Address: - San Lodovico (San Alvise)', '- SAN GIROLAMO | Address: - SAN GIROLAMO', '- San Luca | Address: - San Luca', '- SAN BENEDETTO | Address: - SAN BENEDETTO', '- S. MARCO EVANGELISTA | Address: - S. MARCO EVANGELISTA', '- SAN MOISÈ | Address: - SAN MOISÈ', '- SAN GIULIANO | Address: - SAN GIULIANO', '- SAN GALLO | Address: - SAN GALLO', '- S. Maria Gloriosa dei Frari | Address: - S. Maria Gloriosa dei Frari', '- S. TOMMASO Ap. (SAN TOMÀ) | Address: - S. TOMMASO Ap. (SAN TOMÀ)']
  -> Actual CSV columns: Name,Address,Location,Role,Profession,Additional Info
  -> WARNING: 20 rows (56%) missing both Address and Location on page_89.jpg
  -> Section state carries address: - S. TOMMASO Ap. (SAN TOMÀ)
Done.
Processing: page_90.jpg
  -> Layout type: SIMPLE_LAYOUT
  -> Ad type: NO_AD
  -> Page type inferred: 
  -> Inferred schema: Name,Address,Location,Role,Additional Info
  -> Final schema: Name, Address, Location, Role, Profession, Additional Info
  -> Multi-section page detected: ['SAN GIOVANNI EVANGELISTA | Address: SAN GIOVANNI EVANGELISTA', 'SAN ROCCO | Address: SAN ROCCO', 'S. Maria del Carmelo | Address: S. Maria del Carmelo', 'S. BARNABA | Address: S. BARNABA', 'S. Maria del Giglio | Address: S. Maria del Giglio', 'SAN FANTINO | Address: SAN FANTINO', 'S. Maria del Rosario | Address: S. Maria del Rosario', 'SPIRITO SANTO | Address: SPIRITO SANTO', 'SANTA MARIA DELLA SALUTE | Address: SANTA MARIA DELLA SALUTE', 'S. GIOVANNI BATT. AI CATECUMENI | Address: S. GIOVANNI BATT. AI CATECUMENI', 'S. Maria Formosa | Address: S. Maria Formosa', 'San LEONE (San LIO) | Address: San LEONE (San LIO)', 'SANTA MARIA DELLA CONSOLAZIONE | Address: SANTA MARIA DELLA CONSOLAZIONE', 'San Martino | Address: San Martino', 'S. BIAGIO | Address: S. BIAGIO', 'S. MARIA ASSUNTA | Address: S. MARIA ASSUNTA']
  -> Actual CSV columns: Name,Address,Location,Role,Profession,Additional Info
  -> WARNING: 21 rows (57%) missing both Address and Location on page_90.jpg
  -> Section state carries address: S. MARIA ASSUNTA
Done.
Processing: page_91.jpg
  -> OCR refusal detected, retrying with fallback prompt...
  -> Layout type: SIMPLE_LAYOUT
  -> Ad type: NO_AD
  -> Page type inferred: 
  -> Inferred schema: Name,Address,Location,Role,Additional Info
  -> Final schema: Name, Address, Location, Role, Profession, Additional Info
  -> Multi-section page detected: ['SAN ANDREA APOSTOLO | Address: SAN ANDREA APOSTOLO', 'San Pantaleone | Address: San Pantaleone', 'San Paolo Apostolo | Address: San Paolo Apostolo', 'Pietro Apostolo | Location: Pietro Apostolo', 'SAN FRANCESCO DI PAOLA | Address: SAN FRANCESCO DI PAOLA', 'San Raffaele Arcangelo | Address: San Raffaele Arcangelo', 'San Salvatore | Address: San Salvatore', "SAN NICOLO' DEI MENDICOLI | Address: SAN NICOLO' DEI MENDICOLI", 'SAN BARTOLOMEO | Address: SAN BARTOLOMEO', 'San Silvestro | Address: San Silvestro', 'SAN GIOVANNI ELEMOSINARIO | Address: SAN GIOVANNI ELEMOSINARIO', 'SAN APOLLINARE | Address: SAN APOLLINARE', 'SAN GIACOMO APOSTOLO | Address: SAN GIACOMO APOSTOLO']
  -> Actual CSV columns: Name,Address,Location,Role,Profession,Additional Info
  -> WARNING: 16 rows (55%) missing both Address and Location on page_91.jpg
  -> Section state carries address: SAN GIACOMO APOSTOLO
Done.
Processing: page_92.jpg
  -> Layout type: COMPLEX_LAYOUT
  -> Ad type: NO_AD (pure structured directory content)
  -> Page type inferred: 
  -> Inferred schema: Name,Address,Location,Role,Additional Info
  -> Final schema: Name, Address, Location, Role, Profession, Additional Info
  -> Multi-section page detected: ['San Simeone Profeta | Address: San Simeone Profeta', 'SS. SIMEONE GIUDA | Address: SS. SIMEONE GIUDA', 'San Stefano | Address: San Stefano', 'SAN VITALE | Address: SAN VITALE', 'SAN MAURIZIO | Address: SAN MAURIZIO', 'SAN SAMUELE | Address: SAN SAMUELE', 'San Zaccaria | Address: San Zaccaria', 'SAN GIOVANNI IN OLEO | Address: SAN GIOVANNI IN OLEO', 'S. Maria Elisabetta di Lido | Address: S. Maria Elisabetta di Lido', 'SAN NICOLÒ DI LIDO | Address: SAN NICOLÒ DI LIDO', 'Malamocco | Location: Malamocco', 'SS. Maria Assunta, Donato e Cipriano | Address: SS. Maria Assunta, Donato e Cipriano', 'Capitolo Collegiale | Location: Capitolo Collegiale', 'San Pietro | Address: San Pietro', 'SANTA MARIA DEGLI ANGELI | Address: SANTA MARIA DEGLI ANGELI', 'Torcello | Location: Torcello', 'S. MARIA ASSUNTA | Address: S. MARIA ASSUNTA']
  -> Actual CSV columns: Name,Address,Location,Role,Profession,Additional Info
  -> WARNING: 23 rows (58%) missing both Address and Location on page_92.jpg
  -> Section state carries address: S. MARIA ASSUNTA
Done.
Processing: page_93.jpg
  -> Layout type: COMPLEX_LAYOUT
  -> Ad type: NO_AD (pure structured directory content) 


The text provided appears to be a structured directory of churches and clergy in various locations within Venice and its province. There are no visually separated texts, business promotions, different formatting from the main list, or decorative/marketing-style blocks that indicate the presence of advertisements. It consistently lists churches and their historical details along with the names of the clergy, without any discernible advertisement-like content.
  -> Page type inferred: 
  -> Inferred schema: Name,Address,Location,Role,Additional Info
  -> Final schema: Name, Address, Location, Role, Profession, Additional Info
  -> Multi-section page detected: ['S. MARIA AD NIVES (LIO PICCOLO) | Address: S. MARIA AD NIVES (LIO PICCOLO)', 'SS. TRINITA’ | Address: SS. TRINITA’', 'S. MARIA ELISABETTA | Address: S. MARIA ELISABETTA', 'SAN PIETRO E CATERINA | Address: SAN PIETRO E CATERINA', 'Tre Pallade (PORTGRANDI) | Location: Tre Pallade (PORTGRANDI)', 'SS. Ermo ed Erasmo ora Cristo Re | Address: SS. Ermo ed Erasmo ora Cristo Re', 'S. STEFANO PROTOMARTIRE | Address: S. STEFANO PROTOMARTIRE', 'Ca’ Cattoni | Location: Ca’ Cattoni', 'San Michela del Quarto | Address: San Michela del Quarto', 'Grisoleara | Location: Grisoleara']
  -> Actual CSV columns: Name,Address,Location,Role,Profession,Additional Info
  -> WARNING: 13 rows (50%) missing both Address and Location on page_93.jpg
  -> Section state carries address: San Michela del Quarto
Done.
Processing: page_94.jpg
  -> Layout type: COMPLEX_LAYOUT
  -> Ad type: NO_AD (pure structured directory content)
  -> Page type inferred: 
  -> Inferred schema: Name,Address,Location,Role,Additional Info
  -> Final schema: Name, Address, Location, Role, Profession, Additional Info
  -> Multi-section page detected: ['FAMIGLIE RELIGIOSE MASCHILI | Address: FAMIGLIE RELIGIOSE MASCHILI']
  -> Actual CSV columns: Name,Address,Location,Role,Profession,Additional Info
  -> Section state carries address: Giudecca
Done.
Processing: page_95.jpg
  -> Layout type: COMPLEX_LAYOUT
  -> Ad type: PARTIAL_AD
  -> Page type inferred: 
  -> Inferred schema: Name,Address,Location,Role,Additional Info
  -> Final schema: Name, Address, Location, Role, Profession, Additional Info
  -> Multi-section page detected: ['Gesuiti | General Curia: Roma, Borgo S. Spirito 5', 'Redentoristi | Address: Fava, Residence of the Superior: Roma, via Merulana n. 31', 'Cavanis | Church: S. Agnese', 'Salesiani | Address: Cannaregio fond. S. Girolamo', 'Piccola Opera della Divina Provvidenza | Founder: Don Luigi Orione, Headquarters: Tortona (Piemonte)', "Giuseppini | Church: Madonna dell'Orto, General Superior Residence: Roma Quartiere Trionfino, Via F. Brusch, 7", 'Istituto dei Figli della Carità Canossiani | Address: S. Giobbe, 620', "Fatebenefratelli | Address: Casa di salute alla Madonna dell'Orto", 'Istituto Padri Camilliani | Location: Istituto Padri Camilliani', 'FAMIGLIE RELIGIOSE FEMMINILI | Address: FAMIGLIE RELIGIOSE FEMMINILI']
  -> Image re-pass enabled (complex layout + ads + 10 sections).
  -> Actual CSV columns: Name,Address,Location,Role,Profession,Additional Info
  -> WARNING: 6 rows (11%) missing both Address and Location on page_95.jpg
  -> Section state carries address: Istituto S. M. dei Pisti. Bim Bartore e Penin-tenti: Casa padale della Giudecca
Done.
Processing: page_96.jpg
  -> Layout type: COMPLEX_LAYOUT
  -> Ad type: PARTIAL_AD
  -> Page type inferred: 
  -> Inferred schema: Name,Address,Location,Role,Additional Info
  -> Final schema: Name, Address, Location, Role, Profession, Additional Info
  -> Multi-section page detected: ['GUJDA COMMERCIALE DI VENEZIA E PROVINCIA | Address: GUJDA COMMERCIALE DI VENEZIA E PROVINCIA', "COMUNITA' DEI GRECI ORTODOSSI | Address: Fond. e Campo dei Greci", "COMUNITA' ISRAELITICA | Address: COMUNITA' ISRAELITICA", 'CHIESA EVANGELICA METODISTA | Address: S. Marco • Corte delle Ancore 999', 'CHIESA EVANGELICA VALDESE | Address: Pal. Cavagnis • S. Maria Formosa 5170', 'MESSAGGERIE VENETE S. A. | Address: MESSAGGERIE VENETE S. A.', 'AGENZIA P. BORTOLUZZI | Address: VENEZIA - San Luca, 4152 - Tel. 23-432', 'ARTI GRAFICHE ESPERIA - VENEZIA | Address: ARTI GRAFICHE ESPERIA - VENEZIA', 'Agenzia Fotografica Internazionale (A.F.I.) | Address: Calle Stagneri 5238 • telef 20227']
  -> Image re-pass enabled (complex layout + ads + 9 sections).
  -> Actual CSV columns: Name,Address,Location,Role,Profession,Additional Info
  -> WARNING: 1 rows (3%) missing both Address and Location on page_96.jpg
  -> Section state carries address: Calle Stagneri 5238 • telef 20227
Done.
Processing: page_97.jpg
  -> Layout type: COMPLEX_LAYOUT
  -> Ad type: NO_AD
  -> Page type inferred: 
  -> Inferred schema: Name,Address,Location,Role,Additional Info
  -> Final schema: Name,Address,Location,Role,Additional Info
  -> Multi-section page detected: ['ASSOCIAZIONI COMBATTENTISTICHE E DI ARMA | Address: ASSOCIAZIONI COMBATTENTISTICHE E DI ARMA', 'ISTITUTO DEL NASTRO AZZURRO FRA DECORATI AL VALOR MILITARE | Address: Federazione Provinciale di Venezia, Piazza S. Marco - Palazzo ex Reale', 'ASSOCIAZIONE NAZIONALE COMBATTENTI | Address: Federazione Provinciale di Venezia, Piazza S. Marco 52', 'ASSOCIAZIONE NAZIONALE MUTILATI ED INVALIDI DI GUERRA | Address: Sezione di Venezia - (ex Palazzo Reale)', "UNIONE NAZIONALE UFFICIALI IN CONGEDO D'ITALIA | Address: Gruppo regionale Veneto e Venezia Tridentina - S. Marco Ascensione", 'ASSOCIAZIONE NAZIONALE REDUCI | Address: Federazione Provinciale di Venezia, Palazzo ex reale', "A. N. P. I. ASSOCIATION NAZIONALE PARTIGIANI D'ITALIA | Address: COMITATO PROVINCIALE DI VENEZIA, Sede S. Marco ex Palazzo Reale. Stanza 32", 'ASSOCIAZIONI VARIE | Address: ASSOCIAZIONI VARIE', "SOCIETA' DELL'UNIONE | Address: Piazza S. Marco 153-A"]
  -> Actual CSV columns: Name,Address,Location,Role,Additional Info
  -> WARNING: 73 rows (84%) missing both Address and Location on page_97.jpg
  -> Section state reset at document boundary (page 97)
  -> Section state carries address: Piazza S. Marco 153-A
Done.
Processing: page_98.jpg
  -> Layout type: COMPLEX_LAYOUT
  -> Ad type: Based on the provided text, the page appears to contain structured directory content, with information about various associations, organizations, and clubs within Venice and its province. However, there are sections that seem to stand out from the typical directory content and resemble advertisement-like elements, such as "Ogni tipo di Clichés BICROMIE TRICROMIE FOTOLITO Calle Stagneri 5238 - telefono 22648" and "Nuova Editoriale S. A. - Zincografia." These sections list services and contact information that suggest promotional content. Therefore, the presence of these elements indicates that this page is classified as PARTIAL_AD.
  -> Page type inferred: 
  -> Inferred schema: Name,Address,Location,Role,Profession,Additional Info
  -> Final schema: Name,Address,Location,Role,Profession,Additional Info
  -> Multi-section page detected: ['CASINO DI COMMERCIO | Address: Piazza S. Marco', 'RADIO VENEZIA | Address: Palazzo Vendramin Calergi - S. Marcuola n. 2021', 'CIRCOLO ARTISTICO DI VENEZIA | Address: S. Marco - Palazzo ex Prigioni', 'SOCIETA ITALIANA DEGLI AUTORI ED EDITORI | Address: S. Angelo 3580', 'SEZIONE FILATELICA VENEZIANA DEL CIRCOLO ARTISTICO | Address: S. Marco n. 3944', 'Associazioni sportive', 'COMITATO OLIMPICO NAZIONALE ITALIANO | Address: S. Fantin 2004', 'SPORT OLIMPICI', "SOCIETA' CANOTTIERI BUCINTORO | Address: Zattere 269", 'Ogni tipo di Clichés | Address: Calle Stagneri 5238 - telefono 22648', 'Nuova Editoriale S. A. - Zincografia']
  -> Actual CSV columns: Name,Address,Location,Role,Profession,Additional Info
  -> WARNING: 33 rows (59%) missing both Address and Location on page_98.jpg
  -> Section state carries address: Calle Stagneri 5238
Done.
Processing: page_99.jpg
  -> Layout type: COMPLEX_LAYOUT
  -> Ad type: PARTIAL_AD
  -> Page type inferred: 
  -> Inferred schema: Name,Address,Location,Role,Profession
  -> Final schema: Name, Address, Location, Role, Profession, Additional Info
  -> Multi-section page detected: ['Fed. It. Tennis (FIT) | Address: Castello n. 2845 A', 'Fed. It. Rugby (FIR) | Address: Cannaregio 3161', 'Fed. It. Hockey e Pattinaggio (FHI e P) | Address: Via Francesco Dudo, 10 (Lido)', 'Fed. It. Pallacanestro (FIP) | Address: Cannaregio 3710', 'Sport non olimpici', 'Fed. Motociclistica It.', 'Fed. It. della Caccia (FIC) | Address: Accademia, 878', "Fed. It. Tiro a Volo (FITV) | Address: Madonna dell'Orto, 3499", 'Fed. It. Motonautica (FIM) | Address: S. Stefano, Calle del Pestrin 3488', 'Ass. Giolittica It. (AGI)', 'Ass. Sportiva Automobilistica Italiana (AAI) | Address: S. Samuele 3232', 'Fed. It. Pesca Sportiva (FIPS) | Address: Accademia, 878', 'Fed. It. Cronometristi (FIC) | Address: S. Gerema, 220', 'Fed. It. Medici degli Sportivi (FJMS) | Address: Cannaregio 4925', 'Comitato Provinciale del CONI | Address: S. Stefano n. 3488', 'Servizio impianti sportivi | Address: S. Vio n. 671', "SOCIETA' CANOTTIERI « FRANCESCO QUERINI » | Address: Fondamenta Nuove 5576A", 'COMPAGNIA DELLA VELA | Address: Piazza S. Marco n. 6', 'ASSOCIAZIONE SPORTIVA VENEZIANA C. REYER | Address: Fondamenta della Misericordia, 3599-A', "AUTOMOBILE CLUB D'ITALIA | Address: Sede prov.le S. Luca, calle Mettivin, 4335", 'CLUB ALPINO ITALIANO | Address: S. Marco, Ponte dei Dai 876', 'SCI CLUB VENETO | Address: S. Marco - Ponte dei Dai, 876', 'CIRCOLO DELLA SPADA | Address: Ponte dei Pignoli 4890', 'TENNIS LIDO | Address: Riva Schiavoni 4207', 'CIRCOLO GOLF - LIDO ALBERONI | Address: Riva degli Schiavoni numero 4207', 'ISTITUTO DI CULTURA FISICA « PIETRO GALLO » | Address: Calle Larga S. Marco, ponte dei Consorzi numero 1392-A', 'duse | Address: Venezia - Via XXII Marzo, 2288 - Telefono 25-889']
  -> Image re-pass enabled (complex layout + ads + 27 sections).
  -> Actual CSV columns: Name,Address,Location,Role,Profession,Additional Info
  -> WARNING: 22 rows (35%) missing both Address and Location on page_99.jpg
  -> Section state carries address: Venezia - Via XXII Marzo, 2288
Done.
Processing: page_100.jpg
  -> Layout type: COMPLEX_LAYOUT
  -> Ad type: NO_AD
  -> Page type inferred: 
  -> Inferred schema: Name,Address,Location,Role,Political Party
  -> Final schema: Name,Address,Location,Role,Political Party
  -> Multi-section page detected: ['PARTITI POLITICI', 'PARTITO D’AZIONE', 'PARTITO COMUNISTA ITALIANO', 'PARTITO DEMOCRATICO ITALIANO', 'PARTITO DEMOCRATICO DEL LAVORO', 'DEMOCRAZIA CRISTIANA', 'PARTITO FRONTE DELL’UOMO QUALUNQUE', 'PARTITO REPUBBLICANO ITALIANO', 'PARTITO SOCIALISTA ITALIANO di UNITA’ PROLETARIA', 'PARTITO LIBERALE ITALIANO']
  -> Actual CSV columns: Name,Address,Location,Role,Political Party
  -> WARNING: 13 rows (25%) missing both Address and Location on page_100.jpg
  -> Section state reset at document boundary (page 100)
  -> Section state carries address: Bocca di Piazza 1278
Done.
Processing: page_101.jpg
  -> Layout type: COMPLEX_LAYOUT
  -> Ad type: PARTIAL_AD
  -> Page type inferred: 
  -> Inferred schema: Name,Address,Location,Role,Profession
  -> Final schema: Name,Address,Location,Role,Profession
  -> Multi-section page detected: ['UNIONE MONARCHICA ITALIANA | Calle degl Avvocati 3917', 'A. N. S. A. | Character: Agenzia Nazionale Stampa Associata, Ufficio di Venezia: Palazzo Faccanon', 'IL GAZZETTINO | Address: S. Salvador, Palazzo Faccanon', 'ASSOCIAZIONE REGIONALE VENETA PER LA TUTELA DELLE VITTIME DEL FASCISMO | Character: aderenti all’ « A.P.P.I.A. » di Milano San Lio. calle delle Bande', 'Agenzia - INTREV | Address: Via Mazzini, 5110 - VENEZIA']
  -> Image re-pass enabled (complex layout + ads + 5 sections).
  -> Actual CSV columns: Name,Address,Location,Role,Profession,Political Party,Additional Info
  -> WARNING: 54 rows (92%) missing both Address and Location on page_101.jpg
  -> Section state reset at document boundary (page 101)
  -> Section state carries address: Via Mazzini, 5110 - VENEZIA
Done.
Processing: page_102.jpg
  -> Layout type: COMPLEX_LAYOUT
  -> Ad type: PARTIAL_AD
  -> Page type inferred: 
  -> Inferred schema: Name,Address,Location,Role,Profession,Additional Info
  -> Final schema: Name,Address,Location,Role,Profession,Additional Info
  -> Multi-section page detected: ['GAZZETTINO SERA', 'IL MATTINO DEL POPOLO | Address: San Salvador, Palazzo Faccanon', 'PERIODICI', 'ZINCOGRAFIA VENEZIA | Address: Rio Ter.A S. Apostoli 4603, C.C.J. Venezia N. 17138, Telef. 24649', 'SERENISSIMA | Address: Calle Stagneri 5238, Type: Agenzia Fotografica Internazionale (A.F.I.), Tel: 24216']
  -> Image re-pass enabled (complex layout + ads + 5 sections).
  -> Actual CSV columns: Name,Address,Location,Role,Profession,Additional Info
  -> WARNING: 28 rows (64%) missing both Address and Location on page_102.jpg
  -> Section state carries address: Calle Stagneri 5238
Done.
Processing: page_103.jpg
  -> Layout type: COMPLEX_LAYOUT
  -> Ad type: PARTIAL_AD
  -> Page type inferred: 
  -> Inferred schema: Name,Address,Location,Role,Additional Info
  -> Final schema: Name, Address, Location, Role, Profession, Additional Info
  -> Multi-section page detected: ['PERIODICI DI CARATTERE RELIGIOSO | Character: Periodici di carattere religioso', "MESSAGGERIE VENETE S. A. | Distribution: per tutto il VENETO dei principali giornali e riviste d'Italia"]
  -> Actual CSV columns: Name,Address,Location,Role,Profession,Additional Info
  -> Section state carries address: San Francesco della Vigna
Done.
Processing: page_104.jpg
  -> Layout type: COMPLEX_LAYOUT
  -> Ad type: PARTIAL_AD
  -> Page type inferred: 
  -> Inferred schema: Name,Address,Location,Role,Profession
  -> Final schema: Name, Address, Location, Role, Profession, Additional Info
  -> Multi-section page detected: ['PERIODICI DI CARATTERE RELIGIOSO | Character: Periodici di carattere religioso', 'ORGANIZZAZIONE TURISTICA | Character: Organizzazione Turistica', 'ENTE PROVINCIALE PER IL TURISMO | Address: San Marco, Ascensione 1300', 'UFFICIO COMUNALE PER IL TURISMO | Address: Municipio', 'COMPAGNIA ITALIANA TURISMO | Character: C. I. T. »', 'WAGONS LITS - KOOK | Address: S. Marco, Piazzetta Leoncini 289', "CASINO' DI VENEZIA | Address: Palazzo Vendramin Calergi", 'ENTE PROVINCIALE PER IL TORISMO DI VENEZIA | Address: S. Marco, Ascensione 1300', 'NUOVA EDITORIALE S. A. | Address: Calle Stagneri 5238']
  -> Image re-pass enabled (complex layout + ads + 9 sections).
  -> Actual CSV columns: Name,Address,Location,Role,Profession,Additional Info
  -> WARNING: 19 rows (73%) missing both Address and Location on page_104.jpg
  -> Section state carries address: Calle Stagneri 5238
Done.
Processing: page_105.jpg
  -> Layout type: COMPLEX_LAYOUT
  -> Ad type: FULL_AD
Processing: page_106.jpg
  -> Layout type: COMPLEX_LAYOUT
  -> Ad type: FULL_AD
Processing: page_107.jpg
  -> Layout type: COMPLEX_LAYOUT
  -> Ad type: FULL_AD
Processing: page_108.jpg
  -> Layout type: COMPLEX_LAYOUT
  -> Ad type: PARTIAL_AD
  -> Page type inferred: 
  -> Inferred schema: Name,Address,Location,Profession,Additional Info
  -> Final schema: Name,Address,Location,Profession,Additional Info
  -> Multi-section page detected: ['PROFESSIONISTI E ARTISTI', 'VETRITAL S. A. | Address: Venezia, Giudecca 463']
  -> Actual CSV columns: Name,Address,Location,Profession,Additional Info
  -> WARNING: 4 rows (5%) missing both Address and Location on page_108.jpg
  -> Section state reset at document boundary (page 108)
  -> Section state carries address: Venezia, Giudecca 463
Done.
Processing: page_109.jpg
  -> Layout type: COMPLEX_LAYOUT
  -> Ad type: NO_AD (pure structured directory content)
  -> Page type inferred: 
  -> Inferred schema: Name,Address,Location,Profession,Additional Info
  -> Final schema: Name,Address,Location,Profession,Additional Info
  -> Actual CSV columns: Name,Address,Location,Profession,Additional Info
  -> WARNING: 1 rows (1%) missing both Address and Location on page_109.jpg
  -> Section state carries address: Castello 4800
Done.
Processing: page_110.jpg
  -> Layout type: SIMPLE_LAYOUT
  -> Ad type: NO_AD
  -> Page type inferred: 
  -> Inferred schema: Name,Address,Location,Profession
  -> Final schema: Name, Address, Location, Profession, Additional Info
  -> Multi-section page detected: ['Avvocati e Procuratori']
  -> Actual CSV columns: Name,Address,Location,Profession,Additional Info
  -> Section state carries address: S. Drusola 1700
Done.
Processing: page_111.jpg
  -> Layout type: SIMPLE_LAYOUT
  -> Ad type: NO_AD
  -> Page type inferred: 
  -> Inferred schema: Name,Address,Location,Profession,Additional Info
  -> Final schema: Name, Address, Location, Profession, Additional Info
  -> Actual CSV columns: Name,Address,Location,Profession,Additional Info
  -> Section state carries address: S. Luca 4607
Done.
Processing: page_112.jpg
  -> Layout type: COMPLEX_LAYOUT
  -> Ad type: PARTIAL_AD
  -> Page type inferred: 
  -> Inferred schema: Name,Address,Location,Profession,Additional Info
  -> Final schema: Name, Address, Location, Profession, Additional Info
  -> Multi-section page detected: ['PERSONE | Category: Persone', 'Chimici | Category: Chimici', 'Commercialisti | Category: Commercialisti']
  -> Image re-pass enabled (complex layout + ads + 3 sections).
  -> Actual CSV columns: Name,Address,Location,Profession,Additional Info
  -> WARNING: 7 rows (6%) missing both Address and Location on page_112.jpg
  -> Section state carries address: S. Angelo 3910
Done.
Processing: page_113.jpg
  -> Layout type: SIMPLE_LAYOUT
  -> Ad type: NO_AD
  -> Page type inferred: 
  -> Inferred schema: Name,Address,Location,Profession,Additional Info
  -> Final schema: Name, Address, Location, Profession, Additional Info
  -> Multi-section page detected: ['MEDICI', 'Farmacisti']
  -> Actual CSV columns: Name,Address,Location,Profession,Additional Info
  -> WARNING: 3 rows (2%) missing both Address and Location on page_113.jpg
  -> Section state carries address: Cann. 1249
Done.
Processing: page_114.jpg
  -> Layout type: COMPLEX_LAYOUT
  -> Ad type: NO_AD
  -> Page type inferred: 
  -> Inferred schema: Name,Address,Location,Profession
  -> Final schema: Name, Address, Location, Profession, Additional Info
  -> Multi-section page detected: ['Farmacisti della Provincia', 'Geometri']
  -> Actual CSV columns: Name,Address,Location,Profession,Additional Info
  -> WARNING: 1 rows (1%) missing both Address and Location on page_114.jpg
  -> Section state carries address: S. Polo 1410
Done.
Processing: page_115.jpg
  -> Layout type: SIMPLE_LAYOUT
  -> Ad type: NO_AD
  -> Page type inferred: 
  -> Inferred schema: Name,Address,Location,Profession,Additional Info
  -> Final schema: Name, Address, Location, Profession, Additional Info
  -> Actual CSV columns: Name,Address,Location,Profession,Additional Info
  -> Section state carries address: Via Cavomr.
Done.
Processing: page_116.jpg
  -> Layout type: COMPLEX_LAYOUT
  -> Ad type: PARTIAL_AD
  -> Page type inferred: 
  -> Inferred schema: Name,Address,Location,Profession
  -> Final schema: Name, Address, Location, Profession, Additional Info
  -> Multi-section page detected: ['Ingegneri', "Ing. A. Carretta e Geom. M. Monopoli, Studio Tecnico, Progetti case di abitazione e strutture in cemento armato, Preventivi riparazioni stabilli e pratiche per contributi statali, Stime d'ogni genere, Mestre, Via Castellana, 8, Tel. 50-601", 'VETRITAL S. A. | Category: Pavimentazione Rivestimenti Musivi Vetro']
  -> Image re-pass enabled (complex layout + ads + 3 sections).
  -> Actual CSV columns: Name,Address,Location,Profession,Additional Info
  -> WARNING: 1 rows (1%) missing both Address and Location on page_116.jpg
  -> Section state carries address: Giudecca 463
Done.
Processing: page_117.jpg
  -> Layout type: COMPLEX_LAYOUT
  -> Ad type: PARTIAL_AD
  -> Page type inferred: 
  -> Inferred schema: Name,Address,Location,Profession,Additional Info
  -> Final schema: Name, Address, Location, Profession, Additional Info
  -> Multi-section page detected: ['Medici', 'Malattie Nervose', 'Chirurghi', 'Dermosifilopati', 'Ginecologi', 'Malattie polmonari', 'Medicina generale']
  -> Image re-pass enabled (complex layout + ads + 7 sections).
  -> Actual CSV columns: Name,Address,Location,Profession,Additional Info
  -> WARNING: 1 rows (1%) missing both Address and Location on page_117.jpg
  -> Section state carries address: Cann 3099
Done.
Processing: page_118.jpg
  -> Layout type: SIMPLE_LAYOUT
  -> Ad type: NO_AD
  -> Page type inferred: 
  -> Inferred schema: Name,Address,Location,Profession,Additional Info
  -> Final schema: Name, Address, Location, Profession, Additional Info
  -> Actual CSV columns: Name,Address,Location,Profession,Additional Info
  -> Section state carries address: Cann. 4935
Done.
Processing: page_119.jpg
  -> Layout type: COMPLEX_LAYOUT
  -> Ad type: PARTIAL_AD
  -> Page type inferred: 
  -> Inferred schema: Name,Address,Location,Profession,Additional Info
  -> Final schema: Name, Address, Location, Profession, Additional Info
  -> Actual CSV columns: Name,Address,Location,Profession,Additional Info
  -> WARNING: 3 rows (3%) missing both Address and Location on page_119.jpg
  -> Section state carries address: Santa Croce 101
Done.
Processing: page_120.jpg
  -> Layout type: COMPLEX_LAYOUT
  -> Ad type: PARTIAL_AD
  -> Page type inferred: 
  -> Inferred schema: Name,Address,Location,Profession,Additional Info
  -> Final schema: Name, Address, Location, Profession, Additional Info
  -> Multi-section page detected: ['Based on the provided text, it contains multiple distinct sections with different structures. Here is the list:', 'Targon Dott. Luigi | Category: Medicina Interna, Address: S. Maria del Giglio, Fond. Duodo 2660', 'Venohterutti Prof. Dott. Paolo | Category: Medicina Interna, Address: Matona Ormese 1163', 'Oculisti', 'Ortopedici', 'Otorinolaringoiatri', 'Pediatri', 'Radiologi', 'Stomelogi']
  -> Image re-pass enabled (complex layout + ads + 9 sections).
  -> Actual CSV columns: Name,Address,Location,Profession,Additional Info
  -> WARNING: 7 rows (8%) missing both Address and Location on page_120.jpg
  -> Section state carries address: Calle Larga San Marco, Ponte Consori 4392.B.
Done.
Processing: page_121.jpg
  -> Layout type: SIMPLE_LAYOUT
  -> Ad type: NO_AD
  -> Page type inferred: 
  -> Inferred schema: Name,Address,Location,Profession
  -> Final schema: Name, Address, Location, Profession, Additional Info
  -> Multi-section page detected: ['MEDICI DELLA PROVINCIA', 'GABINETTI DENTISTICI']
  -> Actual CSV columns: Name,Address,Location,Profession,Additional Info
  -> WARNING: 2 rows (2%) missing both Address and Location on page_121.jpg
  -> Section state carries address: Calle Larga San Marco, Ponte Consori 4392.B.
Done.
Processing: page_122.jpg
  -> Layout type: COMPLEX_LAYOUT
  -> Ad type: PARTIAL_AD
  -> Page type inferred: 
  -> Inferred schema: Name,Address,Location,Profession,Additional Info
  -> Final schema: Name, Address, Location, Profession, Additional Info
  -> Multi-section page detected: ['RIVESTIMENTO FERRARI C. R. | Concessionario esclusivo: Rag. Cleto Rossini, Address: Venezia - San Polo 1345, Telefono: 24-509']
  -> Actual CSV columns: Name,Address,Location,Profession,Additional Info
  -> WARNING: 1 rows (3%) missing both Address and Location on page_122.jpg
  -> Section state carries address: Venezia - Accademia 996
Done.
Processing: page_123.jpg
  -> Layout type: COMPLEX_LAYOUT
  -> Ad type: NO_AD
  -> Page type inferred: 
  -> Inferred schema: Name,Address,Location,Profession
  -> Final schema: Name, Address, Location, Profession, Additional Info
  -> Multi-section page detected: ['Dentisti', 'Notai', 'Ostetriche']
  -> Actual CSV columns: Name,Address,Location,Profession,Additional Info
  -> WARNING: 7 rows (6%) missing both Address and Location on page_123.jpg
  -> Section state carries address: S. Polo 2253
Done.
Processing: page_124.jpg
  -> Layout type: COMPLEX_LAYOUT
  -> Ad type: The page is labeled as NO_AD because there is no advertisement-like content present. The content consists purely of structured directory information without visually-separated text, business promotions, or different formatting indicative of advertisement blocks.
  -> Page type inferred: 
  -> Inferred schema: Name,Address,Location,Profession,Additional Info
  -> Final schema: Name, Address, Location, Profession, Additional Info
  -> Multi-section page detected: ['Patrocinatori legali', 'Pedicure', 'Ruolo Periti ed Esperti | Character: Ruolo Periti ed Esperti della Camera di Commercio di Venezia per il quadriennio 1946-49', 'Categoria I', 'Categoria II', 'Categoria III', 'Categoria V']
  -> Actual CSV columns: Name,Address,Location,Profession,Additional Info
  -> Section state carries address: D. Duro. 897
Done.
Processing: page_125.jpg
  -> Layout type: COMPLEX_LAYOUT
  -> Ad type: PARTIAL_AD
  -> Page type inferred: 
  -> Inferred schema: Name,Address,Location,Profession,Additional Info
  -> Final schema: Name, Address, Location, Profession, Additional Info
  -> Multi-section page detected: ['CATEGORIA VI | Category: Tessili', 'CATEGORIA VII | Category: Abbigliamento', 'CATEGORIA IX | Category: Meccanica']
  -> Image re-pass enabled (complex layout + ads + 3 sections).
  -> Actual CSV columns: Name,Address,Location,Profession,Additional Info
  -> Section state carries address: S. Marco 2612
Done.
Processing: page_126.jpg
  -> Layout type: COMPLEX_LAYOUT
  -> Ad type: PARTIAL_AD
  -> Page type inferred: 
  -> Inferred schema: Name,Address,Location,Profession,Additional Info
  -> Final schema: Name, Address, Location, Profession, Additional Info
  -> Multi-section page detected: ['Categoria X', 'Chimica', 'Categoria XI', 'Combustibili e Carburanti', 'Categoria XII', 'Carta e Stampa', 'Categoria XIII', 'Costruzioni edilí']
  -> Image re-pass enabled (complex layout + ads + 8 sections).
  -> Actual CSV columns: Name,Address,Location,Profession,Additional Info
  -> WARNING: 4 rows (18%) missing both Address and Location on page_126.jpg
  -> Section state carries address: S. Marco 2761
Done.
Processing: page_127.jpg
  -> Layout type: COMPLEX_LAYOUT
  -> Ad type: NO_AD (pure structured directory content)
  -> Page type inferred: 
  -> Inferred schema: Name,Address,Location,Profession,Additional Info
  -> Final schema: Name, Address, Location, Profession, Additional Info
  -> Multi-section page detected: ['Categoria XIV | Category: Acqua - Gas - Elettricità', 'Categoria XVI | Category: Vetro e Ceramica', 'Categoria XVII | Category: Comunicazioni interne', 'Categoria XIX | Category: Ospitalità', 'Categoria XX | Category: Provvianza e Credito', 'Categoria XXI | Category: Attività Marittime ed Aeree']
  -> Actual CSV columns: Name,Address,Location,Profession,Additional Info
  -> WARNING: 6 rows (18%) missing both Address and Location on page_127.jpg
  -> Section state carries address: Via a novembre, 91
Done.
Processing: page_128.jpg
  -> Layout type: COMPLEX_LAYOUT
  -> Ad type: NO_AD
  -> Page type inferred: 
  -> Inferred schema: Name,Address,Location,Profession,Additional Info
  -> Final schema: Name, Address, Location, Profession, Additional Info
  -> Multi-section page detected: ['GUÏDA COMMERCIALE DI VENEZIA E PROVINCIA', 'Categoria XXII', 'Le Categorie', 'Ragionieri', 'Veterinari']
  -> Actual CSV columns: Name,Address,Location,Profession,Additional Info
  -> WARNING: 6 rows (7%) missing both Address and Location on page_128.jpg
  -> Section state carries address: Mestre, Macello Comunale
Done.
Processing: page_129.jpg
  -> Layout type: COMPLEX_LAYOUT
  -> Ad type: FULL_AD
Processing: page_130.jpg
  -> Layout type: COMPLEX_LAYOUT
  -> Ad type: FULL_AD
Processing: page_131.jpg
  -> Layout type: COMPLEX_LAYOUT
  -> Ad type: FULL_AD
Processing: page_132.jpg
  -> Layout type: COMPLEX_LAYOUT
  -> Ad type: The page is labeled as PARTIAL_AD. There are distinct promotional elements present, such as the section for "Bottega d'Arte" and "OFFICINA RIPARAZIONI MACCHINE per SCRIVERE," which employ unique formatting and decorative or marketing-style blocks compared to the main directory content.
  -> Page type inferred: 
  -> Inferred schema: Name,Address,Location,Category,Additional Info
  -> Final schema: Name,Address,Location,Category,Additional Info
  -> Multi-section page detected: ['Abat jours | Category: Abat jours', 'Abbigliamento | Category: Abbigliamento', 'LIDO | Location: LIDO', 'MARGHERA | Location: MARGHERA', 'MESTRE | Location: MESTRE']
  -> Actual CSV columns: Name,Address,Location,Category,Additional Info
  -> WARNING: 2 rows (6%) missing both Address and Location on page_132.jpg
  -> Section state reset at document boundary (page 132)
  -> Section state carries address: Gran Viale, 27
Done.
Processing: page_133.jpg
  -> Layout type: COMPLEX_LAYOUT
  -> Ad type: PARTIAL_AD
  -> Page type inferred: 
  -> Inferred schema: Name,Address,Location,Category,Additional Info
  -> Final schema: Name,Address,Location,Category,Additional Info
  -> Multi-section page detected: ['Abbigliamento | Category: Abbigliamento', 'Abiti confezionati | Category: Abiti confezionati', 'Abiti | Category: Abiti', 'Accessori per auto e lubrificanti | Category: Accessori per auto e lubrificanti', 'Mestre | Location: Mestre', 'Accessori per imballaggio | Category: Accessori per imballaggio', 'Acciai | Category: Acciai', 'Accordatori pianoforti | Category: Accordatori pianoforti', 'Accumulatóri | Category: Accumulatóri', 'Aceto | Category: Aceto', 'Mestre | Location: Mestre', 'Acqua di colonia | Category: Acqua di colonia', 'Acqua di melissa | Category: Acqua di melissa', 'Acqua potabile | Category: Acqua potabile', 'Acquarelli e fotografie | Category: Acquarelli e fotografie', 'Acque gassate | Category: Acque gassate', 'Lido | Location: Lido']
  -> Image re-pass enabled (complex layout + ads + 17 sections).
  -> Actual CSV columns: Name,Address,Location,Category,Additional Info
  -> WARNING: 13 rows (23%) missing both Address and Location on page_133.jpg
  -> Section state carries address: S. Antonin 347,1
Done.
Processing: page_134.jpg
  -> Layout type: COMPLEX_LAYOUT
  -> Ad type: The page contains a mix of directory content and advertisement-like content. There are visually distinct sections and promotional language, particularly regarding the products "CHABESO" and other beverage brands. Additionally, the formatting and promotional descriptions suggest certain parts may be advertisements.


Given these observations, the appropriate label for this page is:


PARTIAL_AD
  -> Page type inferred: 
  -> Inferred schema: Name,Address,Location,Category,Additional Info
  -> Final schema: Name, Address, Location, Category, Additional Info
  -> Multi-section page detected: ['FABBRICA ACQUE GASSATE | Category: FABBRICA ACQUE GASSATE', 'Acque minerali | Category: Acque minerali', 'Acquedotti | Category: Acquedotti', 'Acquisto e conduzione | Category: Acquisto e conduzione', 'Acquisto, costruzione | Category: Acquisto, costruzione', 'vendite beni immobili | Category: vendite beni immobili', 'Addizionatrici calcolatrici | Category: Addizionatrici calcolatrici', 'Cannaregio | Location: Cannaregio', 'Castello | Location: Castello', 'Dorsoduro | Location: Dorsoduro', 'Giudecca | Location: Giudecca', 'Mestre | Location: Mestre', 'San Marco | Location: San Marco', 'S. Polo | Location: S. Polo', 'S. Croce | Location: S. Croce']
  -> Actual CSV columns: Name,Address,Location,Category,Additional Info
  -> Section state carries address: Via XXII Marzo 2402 (interno)
Done.
Processing: page_135.jpg
  -> Layout type: COMPLEX_LAYOUT
  -> Ad type: PARTIAL_AD
  -> Page type inferred: 
  -> Inferred schema: Name,Address,Location,Category,Additional Info
  -> Final schema: Name, Address, Location, Category, Additional Info
  -> Multi-section page detected: ['Affissioni e pubblicità | Category: Affissioni e pubblicità', "Agenzie e d'affari | Category: Agenzie e d'affari", 'Agenzie compra-vendita immobili, affittanze, mediazioni ammazione | Category: Agenzie compra-vendita immobili, affittanze, mediazioni ammazione', 'Agenzie fotografiche | Category: Agenzie fotografiche', "Agenzie d'informazioni e investigazioni | Category: Agenzie d'informazioni e investigazioni", 'Agenzie di traslochi | Category: Agenzie di traslochi', 'Lido | Location: Lido', 'Mestre | Location: Mestre']
  -> Image re-pass enabled (complex layout + ads + 8 sections).
  -> Actual CSV columns: Name,Address,Location,Category,Additional Info
  -> WARNING: 6 rows (27%) missing both Address and Location on page_135.jpg
  -> Section state carries address: S. Marco 553
Done.
Processing: page_136.jpg
  -> Layout type: COMPLEX_LAYOUT
  -> Ad type: PARTIAL_AD
  -> Page type inferred: 
  -> Inferred schema: Name,Address,Location,Category,Additional Info
  -> Final schema: Name, Address, Location, Category, Additional Info
  -> Multi-section page detected: ['Agenzie d’informazioni | Category: Agenzie d’informazioni', 'Agenzie marittime | Category: Agenzie marittime', 'Agenzie di pagno | Category: Agenzie di pagno', 'Agenzie di pubblicità | Category: Agenzie di pubblicità', 'Agenzie di pubblicità su elenchi telefonici | Category: Agenzie di pubblicità su elenchi telefonici']
  -> Image re-pass enabled (complex layout + ads + 5 sections).
  -> Actual CSV columns: Name,Address,Location,Category,Additional Info
  -> WARNING: 5 rows (13%) missing both Address and Location on page_136.jpg
  -> Section state carries address: San Marco 144
Done.
Processing: page_137.jpg
  -> Layout type: COMPLEX_LAYOUT
  -> Ad type: PARTIAL_AD
  -> Page type inferred: 
  -> Inferred schema: Name,Address,Location,Category,Additional Info
  -> Final schema: Name, Address, Location, Category, Additional Info
  -> Multi-section page detected: ['Agenzie di trasporti | Category: Agenzie di trasporti', 'Lido | Location: Lido', 'Marghera | Location: Marghera', 'Agenzie di viaggio e turismo | Category: Agenzie di viaggio e turismo', 'Agrumi | Category: Agrumi', 'Alberghi, Pensioni e Locande | Category: Alberghi, Pensioni e Locande', 'Mestre | Location: Mestre']
  -> Image re-pass enabled (complex layout + ads + 7 sections).
  -> Actual CSV columns: Name,Address,Location,Category,Additional Info
  -> WARNING: 5 rows (9%) missing both Address and Location on page_137.jpg
  -> Section state carries address: Via XXII Marzo, 2288
Done.
Processing: page_138.jpg
  -> Layout type: COMPLEX_LAYOUT
  -> Ad type: PARTIAL_AD
  -> Page type inferred: 
  -> Inferred schema: Name,Address,Location,Category,Additional Info
  -> Final schema: Name, Address, Location, Category, Additional Info
  -> Actual CSV columns: Name,Address,Location,Category,Additional Info
  -> Section state carries address: Corte del teatro Malibran
Done.
Processing: page_139.jpg
  -> Layout type: COMPLEX_LAYOUT
  -> Ad type: The page contains structured directory content listing pensions and locandas in Venice and its provinces. However, there are elements that resemble advertisements or promotional content, such as "LA CALCINA" with decorative text and features like "TERRAZZA ESTIVA SULLA LAGUNA" and "TUTTI I CONFORT," as well as "Locanda COBBO" which emphasizes amenities and pricing ("Termosifone :: Acqua corrente calda e fredda :: Posizione centralissima :: ogni conforto PREZZI MODICI").


These elements suggest that, while the main purpose of the page is a directory, the inclusion of promotional content aligns with advertisement characteristics. Therefore, the page is labeled as PARTIAL_AD.
  -> Page type inferred: 
  -> Inferred schema: Name,Address,Location,Category,Additional Info
  -> Final schema: Name, Address, Location, Category, Additional Info
  -> Multi-section page detected: ['PENSIONI | Category: PENSIONI', 'VENEZIA | Location: VENEZIA', 'MESTRE | Location: MESTRE', 'MARGHERA | Location: MARGHERA', 'LIDO | Location: LIDO', 'LOCANDE | Category: LOCANDE']
  -> Actual CSV columns: Name,Address,Location,Category,Additional Info
  -> Section state carries address: Campo S. Geremia, 312
Done.
Processing: page_140.jpg
  -> Layout type: COMPLEX_LAYOUT
  -> Ad type: PARTIAL_AD
  -> Page type inferred: 
  -> Inferred schema: Name,Address,Location,Category,Additional Info
  -> Final schema: Name, Address, Location, Category, Additional Info
  -> Multi-section page detected: ['Alcool | Category: Alcool', 'Alcool denaturato | Category: Alcool denaturato', 'Alimentari | Category: Alimentari', 'MESTRE | Location: MESTRE', 'Alimentari | Category: Alimentari']
  -> Image re-pass enabled (complex layout + ads + 5 sections).
  -> Actual CSV columns: Name,Address,Location,Category,Additional Info
  -> WARNING: 5 rows (6%) missing both Address and Location on page_140.jpg
  -> Section state carries address: Cannaregio 3097
Done.
Processing: page_141.jpg
  -> Layout type: SIMPLE_LAYOUT
  -> Ad type: NO_AD
  -> Page type inferred: 
  -> Inferred schema: Name,Address,Location,Category,Additional Info
  -> Final schema: Name, Address, Location, Category, Additional Info
  -> Actual CSV columns: Name,Address,Location,Category,Additional Info
  -> Section state carries address: "Via XXII Marzo, 2288"
Done.
Processing: page_142.jpg
  -> Layout type: COMPLEX_LAYOUT
  -> Ad type: PARTIAL_AD
  -> Page type inferred: 
  -> Inferred schema: Name,Address,Location,Category,Additional Info
  -> Final schema: Name, Address, Location, Category, Additional Info
  -> Actual CSV columns: Name,Address,Location,Category,Additional Info
  -> WARNING: 1 rows (1%) missing both Address and Location on page_142.jpg
  -> Section state carries address: Cannaregio 4271
Done.
Processing: page_143.jpg
  -> Layout type: COMPLEX_LAYOUT
  -> Ad type: The page contains directory content listing individuals and their addresses in various locations. However, near the end of the page, there are business names and descriptions such as "Coop. Consumo di Pellestrina s. a. r. l., Via Vianelli 573" and "Industria Prodotti Ittici Conservati ed Affini, Soc. An. S. Pietro in Volta," as well as product-related listings like "A.S.P.A. - Alimentare - Murano, Fond. Manin 75" and "Aiborino Cesare, Mestre. Corso del Popolo 6," which imply business promotions and possible advertisements.


Thus, although these instances are somewhat minimal, they qualify as advertisement-like content. Therefore, the label for this page is:


PARTIAL_AD
  -> Page type inferred: 
  -> Inferred schema: Name,Address,Location,Category,Additional Info
  -> Final schema: Name, Address, Location, Category, Additional Info
  -> Multi-section page detected: ['ALIMENTARI CONSERVATI | Category: ALIMENTARI CONSERVATI', 'Alluminio | Category: Alluminio', 'Mestre | Location: Mestre', 'Chirignago | Location: Chirignago', 'Porto Marghera | Location: Porto Marghera', 'Carpenedo | Location: Carpenedo', 'Giudecca | Location: Giudecca', 'BURANO | Location: BURANO', 'LIDO | Location: LIDO', 'MURANO | Location: MURANO', 'PELLESTRINA | Location: PELLESTRINA']
  -> Actual CSV columns: Name,Address,Location,Category,Additional Info
  -> WARNING: 16 rows (21%) missing both Address and Location on page_143.jpg
  -> Section state carries address: S. Pietro in Volta
Done.
Processing: page_144.jpg
  -> Layout type: COMPLEX_LAYOUT
  -> Ad type: PARTIAL_AD
  -> Page type inferred: 
  -> Inferred schema: Name,Address,Location,Category,Additional Info
  -> Final schema: Name, Address, Location, Category, Additional Info
  -> Multi-section page detected: ['Camicerie da uomo | Category: Camicerie da uomo', 'Canapa e Lino | Category: Canapa e Lino', 'Candele | Category: Candele', 'Cantieri Navali | Category: Cantieri Navali', 'Agenzie di trasporto | Category: Agenzie di trasporto', 'Alluminio | Category: Alluminio', 'Antichità belle arti | Category: Antichità belle arti', 'Appalti | Category: Appalti', 'Apparecchi agricoli | Category: Apparecchi agricoli', 'Apparecchi elettromeccanici | Category: Apparecchi elettromeccanici', 'Apparecchi fotografici ed affini | Category: Apparecchi fotografici ed affini', 'Apparecchi per impianti sanitari ed igienici | Category: Apparecchi per impianti sanitari ed igienici', 'Apparecchi ad albero flessibile | Category: Apparecchi ad albero flessibile', 'Apparecchi di sollevamento | Category: Apparecchi di sollevamento', 'Apparecchi e materiale radio | Category: Apparecchi e materiale radio', 'Lido | Location: Lido', 'Mestre | Location: Mestre', 'Marghera | Location: Marghera']
  -> Image re-pass enabled (complex layout + ads + 18 sections).
  -> Actual CSV columns: Name,Address,Location,Category,Additional Info
  -> WARNING: 11 rows (18%) missing both Address and Location on page_144.jpg
  -> Section state carries address: S. Marco 928
Done.
Processing: page_145.jpg
  -> Layout type: COMPLEX_LAYOUT
  -> Ad type: PARTIAL_AD


The page contains a mix of directory content and advertisement-like elements, such as the decorative and marketing-style block for "TRAMONTIN MARIO" under "Argentatura e doratura." This indicates the presence of advertisement-like content, resulting in a classification of PARTIAL_AD.
  -> Page type inferred: 
  -> Inferred schema: Name,Address,Location,Category,Additional Info
  -> Final schema: Name, Address, Location, Category, Additional Info
  -> Multi-section page detected: ['Camicerie da uomo | Category: Camicerie da uomo', 'Canapa e Lino | Category: Canapa e Lino', 'Candele | Category: Candele', 'Cantieri Navali | Category: Cantieri Navali', 'Apparecchiature elettriche automatiche | Category: Apparecchiature elettriche automatiche', 'Approvvigionamenti | Category: Approvvigionamenti', 'Argentatura e doratura | Category: Argentatura e doratura', 'Argenterie | Category: Argenterie', 'Armatori | Category: Armatori', 'Armatori ferroviari | Category: Armatori ferroviari', 'Armi, munizioni, proiettili | Category: Armi, munizioni, proiettili', 'Armonium | Category: Armonium', 'Aromi per dolci | Category: Aromi per dolci', 'Arredamento per bar | Category: Arredamento per bar', 'Arredamento | Category: Arredamento', 'Arredi sacri | Category: Arredi sacri', 'Arrotini | Category: Arrotini', 'Arte veneziana, Fiori e Perle | Category: Arte veneziana, Fiori e Perle', 'Lido | Location: Lido', 'Mestre | Location: Mestre', 'Marghera | Location: Marghera', 'Murano | Location: Murano']
  -> Actual CSV columns: Name,Address,Location,Category,Additional Info
  -> WARNING: 15 rows (32%) missing both Address and Location on page_145.jpg
  -> Section state carries address: Cannaregio 1512
Done.
Processing: page_146.jpg
  -> Layout type: COMPLEX_LAYOUT
  -> Ad type: PARTIAL_AD
  -> Page type inferred: 
  -> Inferred schema: Name,Address,Location,Category,Additional Info
  -> Final schema: Name, Address, Location, Category, Additional Info
  -> Multi-section page detected: ['Articoli da Bagno | Category: Articoli da Bagno', 'Articoli per Calzolai | Category: Articoli per Calzolai', 'Articoli casalinghi e oggetti diversi | Category: Articoli casalinghi e oggetti diversi', 'MESTRE | Location: MESTRE', 'PORTO MARGHERA | Location: PORTO MARGHERA']
  -> Image re-pass enabled (complex layout + ads + 5 sections).
  -> Actual CSV columns: Name,Address,Location,Category,Additional Info
  -> WARNING: 6 rows (7%) missing both Address and Location on page_146.jpg
  -> Section state carries address: S. Polo, 1719, Via Catena 18, Piazza Umberto 1, 66, Via Rosa, 8, Via Piave 90, Via Olivi 6, Via. Olivi 22, Via Gazzera 200, Via Cà Rossa, 2, Via Terraglio 52, Via Marghera, Via Mezzoca. n, 1, Via D. Manin 23
Done.
Processing: page_147.jpg
  -> Layout type: COMPLEX_LAYOUT
  -> Ad type: PARTIAL_AD
  -> Page type inferred: 
  -> Inferred schema: Name,Address,Location,Category,Additional Info
  -> Final schema: Name, Address, Location, Category, Additional Info
  -> Multi-section page detected: ['LIDO | Location: LIDO', 'CHIRIGNAGO | Location: CHIRIGNAGO', 'BURANO | Location: BURANO', 'Articoli Elettrici | Category: Articoli Elettrici', 'MESTRE | Location: MESTRE', 'Articoli Fotografici e affini | Category: Articoli Fotografici e affini', 'Articoli per Fumatori | Category: Articoli per Fumatori', 'Articoli Funebri | Category: Articoli Funebri', 'Articoli di Gomma e affini | Category: Articoli di Gomma e affini', 'MESTRE | Location: MESTRE', 'Articoli Igienici | Category: Articoli Igienici', 'MESTRE | Location: MESTRE', 'Articoli per Ingegneria | Category: Articoli per Ingegneria']
  -> Image re-pass enabled (complex layout + ads + 13 sections).
  -> Actual CSV columns: Name,Address,Location,Category,Additional Info
  -> WARNING: 8 rows (11%) missing both Address and Location on page_147.jpg
  -> Section state carries address: San Marco Ponte del Lovo 4773
Done.
Processing: page_148.jpg
  -> Layout type: COMPLEX_LAYOUT
  -> Ad type: PARTIAL_AD
  -> Page type inferred: 
  -> Inferred schema: Name,Address,Location,Category,Additional Info
  -> Final schema: Name, Address, Location, Category, Additional Info
  -> Multi-section page detected: ['Articoli di Lusso | Category: Articoli di Lusso', 'Articoli di Pittura e Disegno | Category: Articoli di Pittura e Disegno', 'Articoli Sanitari e affini | Category: Articoli Sanitari e affini', 'Articoli Sportivi | Category: Articoli Sportivi', 'Articoli Tecnici | Category: Articoli Tecnici', 'Mestre | Location: Mestre']
  -> Image re-pass enabled (complex layout + ads + 6 sections).
  -> Actual CSV columns: Name,Address,Location,Category,Additional Info
  -> WARNING: 11 rows (29%) missing both Address and Location on page_148.jpg
  -> Section state carries address: Via Circonvallazione 2 F
Done.
Processing: page_149.jpg
  -> Layout type: COMPLEX_LAYOUT
  -> Ad type: PARTIAL_AD
  -> Page type inferred: 
  -> Inferred schema: Name,Address,Location,Category,Additional Info
  -> Final schema: Name, Address, Location, Category, Additional Info
  -> Multi-section page detected: ['Articoli da Viaggio | Category: Articoli da Viaggio', 'Aspirapolvere | Category: Aspirapolvere', 'Assicurazioni | Category: Assicurazioni', 'Assistenze Pratiche | Category: Assistenze Pratiche', 'Attività Immobiliare | Category: Attività Immobiliare', 'Mestre | Location: Mestre', 'Lido | Location: Lido', 'Autocarrozzerie | Category: Autocarrozzerie', 'Automobili | Category: Automobili', 'Autonoleggi e Autorimesse | Category: Autonoleggi e Autorimesse']
  -> Image re-pass enabled (complex layout + ads + 10 sections).
  -> Actual CSV columns: Name,Address,Location,Category,Additional Info
  -> WARNING: 8 rows (12%) missing both Address and Location on page_149.jpg
  -> Section state carries address: Cann. 5396
Done.
Processing: page_150.jpg
  -> Layout type: COMPLEX_LAYOUT
  -> Ad type: PARTIAL_AD
  -> Page type inferred: 
  -> Inferred schema: Name,Address,Location,Category,Additional Info
  -> Final schema: Name, Address, Location, Category, Additional Info
  -> Multi-section page detected: ['Mestre | Location: Mestre', 'Zelarino | Location: Zelarino', 'Marghera | Location: Marghera', 'San Marco | Location: San Marco', 'Autoofficine | Category: Autoofficine', 'Autostrade | Category: Autostrade', 'Autoscuole | Category: Autoscuole', 'Autotrasporti | Category: Autotrasporti']
  -> Image re-pass enabled (complex layout + ads + 8 sections).
  -> Actual CSV columns: Name,Address,Location,Category,Additional Info
  -> Section state carries address: Via Cappuccina
Done.
Processing: page_151.jpg
  -> OCR refusal detected, retrying with fallback prompt...
  -> Layout type: COMPLEX_LAYOUT
  -> Ad type: Based on the description provided for identifying advertisements, the transcribed text appears to be a mix of directory content and some advertisement-like elements. The presence of distinct blocks focused on the promotion of businesses, particularly the extensive section towards the end highlighting "SOCIETA' ANONIMA AUTOTRASPORTI" and the details of services and contact info, suggests promotional content. Therefore, this page should be labeled as PARTIAL_AD.
  -> Page type inferred: 
  -> Inferred schema: Name,Address,Location,Category,Additional Info
  -> Final schema: Name, Address, Location, Category, Additional Info
  -> Multi-section page detected: ['Cantieri Navali | Category: Cantieri Navali', 'Mestre | Location: Mestre', 'Marghera | Location: Marghera']
  -> Actual CSV columns: Name,Address,Location,Category,Additional Info
  -> WARNING: 17 rows (40%) missing both Address and Location on page_151.jpg
  -> Section state carries address: Calle della Fava 5598
Done.
Processing: page_152.jpg
  -> Layout type: COMPLEX_LAYOUT
  -> Ad type: PARTIAL_AD
  -> Page type inferred: 
  -> Inferred schema: Name,Address,Location,Category,Additional Info
  -> Final schema: Name, Address, Location, Category, Additional Info
  -> Multi-section page detected: ['Mestre | Location: MESTRE']
  -> Actual CSV columns: Name,Address,Location,Category,Additional Info
  -> Section state carries address: Via XXII Marzo, 2288
Done.
Processing: page_153.jpg
  -> Layout type: COMPLEX_LAYOUT
  -> Ad type: PARTIAL_AD
  -> Page type inferred: 
  -> Inferred schema: Name,Address,Location,Category,Additional Info
  -> Final schema: Name, Address, Location, Category, Additional Info
  -> Multi-section page detected: ['NEIGHBORHOOD_NAME | Location: Marghera', 'NEIGHBORHOOD_NAME | Location: Mestre', 'NEIGHBORHOOD_NAME | Location: Murano', 'CATEGORY_NAME | Category: Autotreni', 'CATEGORY_NAME | Category: Avventurina']
  -> Image re-pass enabled (complex layout + ads + 5 sections).
  -> Actual CSV columns: Name,Address,Location,Category,Additional Info
  -> WARNING: 1 rows (5%) missing both Address and Location on page_153.jpg
  -> Section state carries address: Via. XIII Maro A. 2288
Done.
Processing: page_154.jpg
  -> Layout type: COMPLEX_LAYOUT
  -> Ad type: PARTIAL_AD
  -> Page type inferred: 
  -> Inferred schema: Name,Address,Location,Category,Additional Info
  -> Final schema: Name, Address, Location, Category, Additional Info
  -> Multi-section page detected: ['Avvolgimento Motori | Category: Avvolgimento Motori', 'Bagni Pubblici | Category: Bagni Pubblici', 'Banche | Category: Banche', 'Banchi Lotto | Category: Banchi Lotto', 'Bandai e Lattonieri | Category: Bandai e Lattonieri', 'Bandiere | Category: Bandiere', 'Bar | Category: Bar', 'Lido | Location: Lido', 'Giudecca | Location: Giudecca', 'Murano | Location: Murano', 'Mestre | Location: Mestre']
  -> Image re-pass enabled (complex layout + ads + 11 sections).
  -> Actual CSV columns: Name,Address,Location,Category,Additional Info
  -> WARNING: 10 rows (12%) missing both Address and Location on page_154.jpg
  -> Section state carries address: Cannaregio 233 B
Done.
Processing: page_155.jpg
  -> Layout type: COMPLEX_LAYOUT
  -> Ad type: PARTIAL_AD
  -> Page type inferred: 
  -> Inferred schema: Name,Address,Location,Category,Additional Info
  -> Final schema: Name, Address, Location, Category, Additional Info
  -> Actual CSV columns: Name,Address,Location,Category,Additional Info
  -> Section state carries address: Castello 3183
Done.
Processing: page_156.jpg
  -> Layout type: COMPLEX_LAYOUT
  -> Ad type: PARTIAL_AD
  -> Page type inferred: 
  -> Inferred schema: Name,Address,Location,Category,Additional Info
  -> Final schema: Name, Address, Location, Category, Additional Info
  -> Multi-section page detected: ['Bar, Caffé ed Affini | Category: Bar, Caffé ed Affini', 'Bar Chioschi | Category: Bar Chioschi', 'Barbieri | Category: Barbieri', 'Lido | Location: Lido', 'Murano | Location: Murano', 'Mestre | Location: Mestre', 'Burano | Location: Burano', 'Cavallino | Location: Cavallino']
  -> Image re-pass enabled (complex layout + ads + 8 sections).
  -> Actual CSV columns: Name,Address,Location,Category,Additional Info
  -> WARNING: 3 rows (3%) missing both Address and Location on page_156.jpg
  -> Section state carries address: Castello 3214
Done.
Processing: page_157.jpg
  -> Layout type: COMPLEX_LAYOUT
  -> Ad type: PARTIAL_AD
  -> Page type inferred: 
  -> Inferred schema: Name,Address,Location,Category,Additional Info
  -> Final schema: Name, Address, Location, Category, Additional Info
  -> Multi-section page detected: ['Camicerie da uomo | Category: Camicerie da uomo', 'Canapa e Lino | Category: Canapa e Lino', 'Candele | Category: Candele', 'Cantieri Navali | Category: Cantieri Navali', 'Agenzie di trasporto | Category: Agenzie di trasporto', 'Lido | Location: Lido', 'Mestre | Location: Mestre', 'Marghera | Location: Marghera', 'Murano | Location: Murano', 'Barili | Category: Barili', 'Bazar | Category: Bazar', 'Benzina | Category: Benzina', 'Biade | Category: Biade', 'Biancheria e affini | Category: Biancheria e affini']
  -> Image re-pass enabled (complex layout + ads + 14 sections).
  -> Actual CSV columns: Name,Address,Location,Category,Additional Info
  -> WARNING: 5 rows (15%) missing both Address and Location on page_157.jpg
  -> Section state carries address: Murano, fdm. Navagero, n. 47.B.
Done.
Processing: page_158.jpg
  -> Layout type: COMPLEX_LAYOUT
  -> Ad type: PARTIAL_AD
  -> Page type inferred: 
  -> Inferred schema: Name,Address,Location,Category,Additional Info
  -> Final schema: Name, Address, Location, Category, Additional Info
  -> Multi-section page detected: ['Biancheria per Signora | Category: Biancheria per Signora', 'Bigiotterie | Category: Bigiotterie', 'Bilancie | Category: Bilancie', 'Biliardi | Category: Biliardi', 'Binari Ferroviari | Category: Binari Ferroviari', 'Birra | Category: Birra', 'Mestre | Location: Mestre', 'Giudecca | Location: Giudecca']
  -> Image re-pass enabled (complex layout + ads + 8 sections).
  -> Actual CSV columns: Name,Address,Location,Category,Additional Info
  -> WARNING: 7 rows (28%) missing both Address and Location on page_158.jpg
  -> Section state carries address: S. POLO officina 1252
Done.
Processing: page_159.jpg
  -> Layout type: COMPLEX_LAYOUT
  -> Ad type: PARTIAL_AD
  -> Page type inferred: 
  -> Inferred schema: Name,Address,Location,Category,Additional Info
  -> Final schema: Name, Address, Location, Category, Additional Info
  -> Multi-section page detected: ['Birrerie | Category: Birrerie', 'Biscotti | Category: Biscotti', 'Bitumi | Category: Bitumi', 'Bottigliere | Category: Bottigliere', 'Lido | Location: Lido', 'Mestre | Location: Mestre', 'Marghera | Location: Marghera', 'Murano | Location: Murano']
  -> Image re-pass enabled (complex layout + ads + 8 sections).
  -> Actual CSV columns: Name,Address,Location,Category,Additional Info
  -> WARNING: 4 rows (4%) missing both Address and Location on page_159.jpg
  -> Section state carries address: Via XXII Marzo, 2288
Done.
Processing: page_160.jpg
  -> Layout type: COMPLEX_LAYOUT
  -> Ad type: PARTIAL_AD
  -> Page type inferred: 
  -> Inferred schema: Name,Address,Location,Category,Additional Info
  -> Final schema: Name, Address, Location, Category, Additional Info
  -> Multi-section page detected: ['ARTICOLI SANITARI CHIRURGICI | Category: ARTICOLI SANITARI CHIRURGICI', 'ARTICOLI TECNICI ED INDUSTRIALI | Category: ARTICOLI TECNICI ED INDUSTRIALI']
  -> Actual CSV columns: Name,Address,Location,Category,Additional Info
  -> WARNING: 3 rows (50%) missing both Address and Location on page_160.jpg
  -> Section state carries address: Frezzeria · S. Marco 1584
Done.
Processing: page_161.jpg
  -> OCR refusal detected, retrying with fallback prompt...
  -> OCR still refused after fallback for page_161.jpg, skipping.
Processing: page_162.jpg
  -> Layout type: COMPLEX_LAYOUT
  -> Ad type: PARTIAL_AD
  -> Page type inferred: 
  -> Inferred schema: Name,Address,Location,Category,Additional Info
  -> Final schema: Name, Address, Location, Category, Additional Info
  -> Multi-section page detected: ['Bronzi | Category: Bronzi', 'Budella salate | Category: Budella salate', 'Budella, Sego e affini | Category: Budella, Sego e affini', 'Busri | Category: Busri', 'Cabine di Trasformazioni | Category: Cabine di Trasformazioni', 'Caffè | Category: Caffè', 'Mestre | Location: Mestre', 'Murano | Location: Murano']
  -> Image re-pass enabled (complex layout + ads + 8 sections).
  -> Actual CSV columns: Name,Address,Location,Category,Additional Info
  -> WARNING: 6 rows (7%) missing both Address and Location on page_162.jpg
  -> Section state carries address: Cannaregio, 5990
Done.
Processing: page_163.jpg
  -> Layout type: COMPLEX_LAYOUT
  -> Ad type: The page provided appears to be a structured directory content listing various individuals and businesses with addresses. However, there are references to certain businesses or entities that might be considered promotional or advertisement-like content, such as "Gran Caffe « Ghioggia »", "Soc. An. Esercizi Pubblici Bresciani", "Premiata Torrefazione del caffe", and other coffee-related businesses interspersed throughout. In addition, the formatting and presence of certain sections like "Caffe (importatori)" and "Caffe (torrefazione)" give them a distinctive, potentially promotional feel.


Given the conservative approach specified, any advertisement-like content, even if minor, leads to the classification of the page as PARTIAL_AD.
  -> Page type inferred: 
  -> Inferred schema: Name,Address,Location,Category,Additional Info
  -> Final schema: Name, Address, Location, Category, Additional Info
  -> Multi-section page detected: ['Caffe | Category: Caffe', 'Caffe (importatori) | Category: Caffe (importatori)', 'Caffe (torrefazione) | Category: Caffe (torrefazione)', 'Lido | Location: Lido', 'Mestre | Location: Mestre']
  -> Actual CSV columns: Name,Address,Location,Category,Additional Info
  -> WARNING: 5 rows (5%) missing both Address and Location on page_163.jpg
  -> Section state carries address: S. Marco 2033
Done.
Processing: page_164.jpg
  -> Layout type: COMPLEX_LAYOUT
  -> Ad type: The page contains a list of businesses in different categories, which is characteristic of a directory. However, there is a section at the end with the heading "dUSE." that lists "Macchine per scrivere - Calcolatrici - Duplicatori" with promotional terms like "OCCASIONI - CAMBI - RICOSTRUZIONI - NOLEGGI" and contact information, which seems to be an advertisement.


Therefore, the page is:


PARTIAL_AD (mix of directory content + ads, even small ones)
  -> Page type inferred: 
  -> Inferred schema: Name,Address,Location,Category,Additional Info
  -> Final schema: Name, Address, Location, Category, Additional Info
  -> Multi-section page detected: ['Caffè | Category: Caffè', 'Caffè | Category: Caffè', 'Calce | Category: Calce', 'Calce | Category: Calce', 'Calcolatrici | Category: Calcolatrici', 'Calderai | Category: Calderai', 'Calzinerci | Category: Calzinerci', 'Calzature | Category: Calzature', 'Lido | Location: Lido', 'Mestre | Location: Mestre', 'Marghera | Location: Marghera', 'Murano | Location: Murano']
  -> Actual CSV columns: Name,Address,Location,Category,Additional Info
  -> WARNING: 8 rows (13%) missing both Address and Location on page_164.jpg
  -> Section state carries address: Via XXII Marzo 2288
Done.
Processing: page_165.jpg
  -> Layout type: COMPLEX_LAYOUT
  -> Ad type: PARTIAL_AD
  -> Page type inferred: 
  -> Inferred schema: Name,Address,Location,Category,Additional Info
  -> Final schema: Name, Address, Location, Category, Additional Info
  -> Multi-section page detected: ['Mestre | Location: Mestre', 'Marghera | Location: Marghera', 'Lido | Location: Lido', 'Carpenedo | Location: Carpenedo', 'Giudecca | Location: Giudecca', 'Murano | Location: Murano', 'Zelarino | Location: Zelarino', 'Calzoleria | Category: Calzoleria', 'Manifattura pellami e calzature | Category: Manifattura pellami e calzature']
  -> Image re-pass enabled (complex layout + ads + 9 sections).
  -> Actual CSV columns: Name,Address,Location,Category,Additional Info
  -> WARNING: 2 rows (3%) missing both Address and Location on page_165.jpg
  -> Section state carries address: Cannaregio 3840
Done.
Processing: page_166.jpg
  -> Layout type: COMPLEX_LAYOUT
  -> Ad type: PARTIAL_AD
  -> Page type inferred: 
  -> Inferred schema: Name,Address,Location,Category,Additional Info
  -> Final schema: Name, Address, Location, Category, Additional Info
  -> Multi-section page detected: ['Calzaturifici | Category: Calzaturifici', 'Calze | Category: Calze', 'Camicerie | Category: Camicerie', 'Mestre | Location: Mestre', 'Marghera | Location: Marghera', 'Zelarino | Location: Zelarino']
  -> Image re-pass enabled (complex layout + ads + 6 sections).
  -> Actual CSV columns: Name,Address,Location,Category,Additional Info
  -> WARNING: 3 rows (4%) missing both Address and Location on page_166.jpg
  -> Section state carries address: VENEZIA • Via XXII Marzo, 2288
Done.
Processing: page_167.jpg
  -> Layout type: COMPLEX_LAYOUT
  -> Ad type: PARTIAL_AD
  -> Page type inferred: 
  -> Inferred schema: Name,Address,Location,Category,Additional Info
  -> Final schema: Name, Address, Location, Category, Additional Info
  -> Multi-section page detected: ['Camicerie da uomo | Category: Camicerie da uomo', 'Canapa e Lino | Category: Canapa e Lino', 'Candele | Category: Candele', 'Cantieri Navali | Category: Cantieri Navali', 'Mestre | Location: Mestre', 'Burano | Location: Burano']
  -> Image re-pass enabled (complex layout + ads + 6 sections).
  -> Actual CSV columns: Name,Address,Location,Category,Additional Info
  -> WARNING: 4 rows (17%) missing both Address and Location on page_167.jpg
  -> Section state carries address: Via XXII Marzo. n. 2288
Done.
Processing: page_168.jpg
  -> Layout type: COMPLEX_LAYOUT
  -> Ad type: PARTIAL_AD
  -> Page type inferred: 
  -> Inferred schema: Name,Address,Location,Category,Additional Info
  -> Final schema: Name, Address, Location, Category, Additional Info
  -> Multi-section page detected: ['Cantieri Navali | Category: Cantieri Navali', 'Murano | Location: Murano', 'Castello | Location: Castello', 'S. Marco | Location: S. Marco', 'Giudecca | Location: Giudecca', 'Marghera | Location: Marghera', 'S. Gerolamo | Location: S. Gerolamo']
  -> Image re-pass enabled (complex layout + ads + 7 sections).
  -> Actual CSV columns: Name,Address,Location,Category,Additional Info
  -> Section state carries address: Castello 368
Done.
Processing: page_169.jpg
  -> Layout type: COMPLEX_LAYOUT
  -> Ad type: PARTIAL_AD
  -> Page type inferred: 
  -> Inferred schema: Name,Address,Location,Category,Additional Info
  -> Final schema: Name, Address, Location, Category, Additional Info
  -> Multi-section page detected: ['Cantieri Navali | Category: Cantieri Navali']
  -> Actual CSV columns: Name,Address,Location,Category,Additional Info
  -> WARNING: 1 rows (3%) missing both Address and Location on page_169.jpg
  -> Section state carries address: Castello 33
Done.
Processing: page_170.jpg
  -> OCR refusal detected, retrying with fallback prompt...
  -> OCR still refused after fallback for page_170.jpg, skipping.
Processing: page_171.jpg
  -> Layout type: COMPLEX_LAYOUT
  -> Ad type: PARTIAL_AD
  -> Page type inferred: 
  -> Inferred schema: Name,Address,Location,Category,Additional Info
  -> Final schema: Name, Address, Location, Category, Additional Info
  -> Multi-section page detected: ['FOTOGRAFIA | Category: FOTOGRAFIA']
  -> Actual CSV columns: Name,Address,Location,Category,Additional Info
  -> WARNING: 1 rows (50%) missing both Address and Location on page_171.jpg
  -> Section state carries address: S. Polo 1478, VENEZIA
Done.
Processing: page_172.jpg
  -> Layout type: COMPLEX_LAYOUT
  -> Ad type: PARTIAL_AD
  -> Page type inferred: 
  -> Inferred schema: Name,Address,Location,Category,Additional Info
  -> Final schema: Name, Address, Location, Category, Additional Info
  -> Multi-section page detected: ['Cantieri Navali | Category: Cantieri Navali', 'Cantine | Category: Cantine', 'Cappellerie | Category: Cappellerie', 'Capsule di stagnole e di elastite | Category: Capsule di stagnole e di elastite', 'Carbone | Category: Carbone', 'Carbone e Legna | Category: Carbone e Legna', 'Marghera | Location: Marghera', 'Mestre | Location: Mestre', 'Lido | Location: Lido']
  -> Image re-pass enabled (complex layout + ads + 9 sections).
  -> Actual CSV columns: Name,Address,Location,Category,Additional Info
  -> WARNING: 6 rows (11%) missing both Address and Location on page_172.jpg
  -> Section state carries address: Dorsoduro 1316
Done.
Processing: page_173.jpg
  -> Layout type: COMPLEX_LAYOUT
  -> Ad type: PARTIAL_AD
  -> Page type inferred: 
  -> Inferred schema: Name,Address,Location,Category,Additional Info
  -> Final schema: Name, Address, Location, Category, Additional Info
  -> Multi-section page detected: ['NEIGHBORHOOD_NAME | Location: Murano', 'NEIGHBORHOOD_NAME | Location: Mestre', 'NEIGHBORHOOD_NAME | Location: Dorsoduro', 'NEIGHBORHOOD_NAME | Location: Lido', 'NEIGHBORHOOD_NAME | Location: Marghera', 'NEIGHBORHOOD_NAME | Location: Castello']
  -> Image re-pass enabled (complex layout + ads + 6 sections).
  -> Actual CSV columns: Name,Address,Location,Category,Additional Info
  -> Section state carries address: Calle Fuseri, 1467
Done.
Processing: page_174.jpg
  -> Layout type: COMPLEX_LAYOUT
  -> Ad type: PARTIAL_AD
  -> Page type inferred: 
  -> Inferred schema: Name,Address,Location,Category,Additional Info
  -> Final schema: Name, Address, Location, Category, Additional Info
  -> Multi-section page detected: ['CATEGORY_NAME | Category: Carburanti', 'CATEGORY_NAME | Category: Macchine per scrivere', 'CATEGORY_NAME | Category: Calcolatrici', 'CATEGORY_NAME | Category: Duplicatori', 'NEIGHBORHOOD_NAME | Location: Murano', 'NEIGHBORHOOD_NAME | Location: Giudecca', 'NEIGHBORHOOD_NAME | Location: Treporti', 'NEIGHBORHOOD_NAME | Location: Mestre', 'NEIGHBORHOOD_NAME | Location: Malamocco', 'NEIGHBORHOOD_NAME | Location: S. Elena', 'NEIGHBORHOOD_NAME | Location: Burano', 'NEIGHBORHOOD_NAME | Location: Marghera']
  -> Image re-pass enabled (complex layout + ads + 12 sections).
  -> Actual CSV columns: Name,Address,Location,Category,Additional Info
  -> WARNING: 1 rows (10%) missing both Address and Location on page_174.jpg
  -> Section state carries address: Marghera. Via F. Calvi, Dorsoduro 351
Done.
Processing: page_175.jpg
  -> Layout type: COMPLEX_LAYOUT
  -> Ad type: PARTIAL_AD
  -> Page type inferred: 
  -> Inferred schema: Name,Address,Location,Category,Additional Info
  -> Final schema: Name, Address, Location, Category, Additional Info
  -> Multi-section page detected: ['Carburanti Olii ed affini | Category: Carburanti Olii ed affini', 'Mestre | Location: Mestre', 'Porto Marghera | Location: Porto Marghera', 'Carburo di calcio | Category: Carburo di calcio', 'Burano | Location: Burano', 'Carni | Category: Carni', 'Carni equine | Category: Carni equine', 'Carni conservate | Category: Carni conservate', 'Carni e Frattaglie cotte | Category: Carni e Frattaglie cotte', 'Carpentieri | Category: Carpentieri', 'Cantieri Navali | Category: Cantieri Navali', 'Carrelli e Carrioli | Category: Carrelli e Carrioli', 'Carrozzerie | Category: Carrozzerie', 'Venezia | Location: Venezia']
  -> Image re-pass enabled (complex layout + ads + 14 sections).
  -> Actual CSV columns: Name,Address,Location,Category,Additional Info
  -> WARNING: 9 rows (22%) missing both Address and Location on page_175.jpg
  -> Section state carries address: Via Torre Belfredo (Quattro Cantoni)
Done.
Processing: page_176.jpg
  -> Layout type: COMPLEX_LAYOUT
  -> Ad type: PARTIAL_AD
  -> Page type inferred: 
  -> Inferred schema: Name,Address,Location,Category,Additional Info
  -> Final schema: Name, Address, Location, Category, Additional Info
  -> Multi-section page detected: ['Carta | Category: Carta', 'Carta Cartoni ed affini | Category: Carta Cartoni ed affini', 'Murano | Location: Murano', 'Mestre | Location: Mestre']
  -> Image re-pass enabled (complex layout + ads + 4 sections).
  -> Actual CSV columns: Name,Address,Location,Category,Additional Info
  -> WARNING: 3 rows (11%) missing both Address and Location on page_176.jpg
  -> Section state carries address: Via XXII Marzo, 2288
Done.
Processing: page_177.jpg
  -> Layout type: COMPLEX_LAYOUT
  -> Ad type: PARTIAL_AD
  -> Page type inferred: 
  -> Inferred schema: Name,Address,Location,Category,Additional Info
  -> Final schema: Name, Address, Location, Category, Additional Info
  -> Multi-section page detected: ['Camicerie da uomo | Category: Camicerie da uomo', 'Canapa e Lino | Category: Canapa e Lino', 'Candele | Category: Candele', 'Cantieri Navali | Category: Cantieri Navali', 'Agenzie di trasporto | Category: Agenzie di trasporto', 'Lido | Location: Lido', 'Mestre | Location: Mestre', 'Marghera | Location: Marghera', 'Murano | Location: Murano']
  -> Image re-pass enabled (complex layout + ads + 9 sections).
  -> Actual CSV columns: Name, Address, Location, Category, Additional Info
  -> WARNING: 7 rows (12%) missing both Address and Location on page_177.jpg
  -> Section state carries address: S. Marco 4586
Done.
Processing: page_178.jpg
  -> Layout type: COMPLEX_LAYOUT
  -> Ad type: Based on the provided transcription, the page contains directory content with names and addresses. However, there are also sections with different formatting and content that resemble advertisements or business promotions, such as:


- "Ditta MELLO VIRGINIO" with detailed business information.
- "Pietrobon F. lli" with a description of services and contact information.
- "CARLO GALIMBERTI" with highlighted product offerings.
- "MAGGIO GIANNJ LIBRER1A CARTOLERIA - GIOCATTOLI" which lists specialties.


These sections are indicative of promotional content that is separate in format and style from the main directory listing.


Therefore, the appropriate label for this page is PARTIAL_AD, as it contains a mix of directory content and advertisement-like content.
  -> Page type inferred: 
  -> Inferred schema: Name,Address,Location,Category,Additional Info
  -> Final schema: Name, Address, Location, Category, Additional Info
  -> Multi-section page detected: ['Carta, Cartoni, Cancelleria | Category: Carta, Cartoni, Cancelleria', 'Cancelleria carta e cartoni, Cartotecnica, Tipografia | Category: Cancelleria carta e cartoni, Cartotecnica, Tipografia', 'Forniture complete | Category: Forniture complete', 'Magazzino carta e cancelleria | Category: Magazzino carta e cancelleria', 'Libreria Cartoleria - Giocattoli | Category: Libreria Cartoleria - Giocattoli', 'Mestre | Location: Mestre', 'Murano | Location: Murano', 'Burano | Location: Burano', 'Lido | Location: Lido', 'Marghera | Location: Marghera', 'Giudecca | Location: Giudecca']
  -> Actual CSV columns: Name,Address,Location,Category,Additional Info
  -> WARNING: 11 rows (14%) missing both Address and Location on page_178.jpg
  -> Section state carries address: CARTA - CARTONI - CANCELLERIA, VENEZIA - RIVA DEL CARBON N. 722 - 723
Done.
Processing: page_179.jpg
  -> Layout type: COMPLEX_LAYOUT
  -> Ad type: PARTIAL_AD
  -> Page type inferred: 
  -> Inferred schema: Name,Address,Location,Category,Additional Info
  -> Final schema: Name, Address, Location, Category, Additional Info
  -> Multi-section page detected: ['Camicerie da uomo | Category: Camicerie da uomo', 'Canapa e Lino | Category: Canapa e Lino', 'Candele | Category: Candele', 'Cantieri Navali | Category: Cantieri Navali', 'Agenzie di trasporto | Category: Agenzie di trasporto', 'Lido | Location: Lido', 'Mestre | Location: Mestre', 'Marghera | Location: Marghera', 'Murano | Location: Murano', 'Cartoline illustrate | Category: Cartoline illustrate', 'Cascami animali | Category: Cascami animali', 'Case di Cura | Category: Case di Cura']
  -> Image re-pass enabled (complex layout + ads + 12 sections).
  -> Actual CSV columns: Name,Address,Location,Category,Additional Info
  -> WARNING: 8 rows (14%) missing both Address and Location on page_179.jpg
  -> Section state carries address: Mestre, Via Macello
Done.
Processing: page_180.jpg
  -> Layout type: COMPLEX_LAYOUT
  -> Ad type: PARTIAL_AD
  -> Page type inferred: 
  -> Inferred schema: Name,Address,Location,Category,Additional Info
  -> Final schema: Name, Address, Location, Category, Additional Info
  -> Multi-section page detected: ['Case da Gioco | Category: Case da Gioco', 'Case di Spedizioni | Category: Case di Spedizioni', 'Casse e Arredi Mortuari | Category: Casse e Arredi Mortuari', 'Sartori Leonildo | Location: Mestre', 'Case Editrici | Category: Case Editrici']
  -> Image re-pass enabled (complex layout + ads + 5 sections).
  -> Actual CSV columns: Name,Address,Location,Category,Additional Info
  -> WARNING: 4 rows (18%) missing both Address and Location on page_180.jpg
  -> Section state carries address: "S. Marco 1049"
Done.
Processing: page_181.jpg
  -> Layout type: COMPLEX_LAYOUT
  -> Ad type: PARTIAL_AD
  -> Page type inferred: 
  -> Inferred schema: Name,Address,Location,Category,Additional Info
  -> Final schema: Name, Address, Location, Category, Additional Info
  -> Multi-section page detected: ['Catrame | Category: Catrame', 'Cavalli da Corsa | Category: Cavalli da Corsa', 'Cave | Category: Cave', 'Cavi Elettrici | Category: Cavi Elettrici', 'Cavi elettrotelefonici recupero e posa | Category: Cavi elettrotelefonici recupero e posa', 'Caviale | Category: Caviale', 'Cementi | Category: Cementi', 'Cementi armati | Category: Cementi armati', 'Lido | Location: Lido', 'Marghera | Location: Marghera']
  -> Image re-pass enabled (complex layout + ads + 10 sections).
  -> Actual CSV columns: Name,Address,Location,Category,Additional Info
  -> WARNING: 10 rows (40%) missing both Address and Location on page_181.jpg
  -> Section state carries address: Cannaregio 3542
Done.
Processing: page_182.jpg
  -> Layout type: COMPLEX_LAYOUT
  -> Ad type: PARTIAL_AD
  -> Page type inferred: 
  -> Inferred schema: Name,Address,Location,Category,Additional Info
  -> Final schema: Name, Address, Location, Category, Additional Info
  -> Multi-section page detected: ['Camicerie da uomo | Category: Camicerie da uomo', 'Canapa e Lino | Category: Canapa e Lino', 'Candele | Category: Candele', 'Cantieri Navali | Category: Cantieri Navali', 'Agenzie di trasporto | Category: Agenzie di trasporto', 'Marghera | Location: Marghera', 'Mestre | Location: Mestre', 'Cementi e Manufatti | Category: Cementi e Manufatti', 'Centrali Elettriche | Category: Centrali Elettriche', 'Ceramiche | Category: Ceramiche', 'Cerexli | Category: Cerexli', 'Cererie e Prodotti affini | Category: Cererie e Prodotti affini', 'Cesti | Category: Cesti', 'Macchine per scrivere - Calcelestri - Duplicatori | Category: Macchine per scrivere - Calcelestri - Duplicatori', 'Lido | Location: Lido']
  -> Image re-pass enabled (complex layout + ads + 15 sections).
  -> Actual CSV columns: Name,Address,Location,Category,Additional Info
  -> WARNING: 10 rows (17%) missing both Address and Location on page_182.jpg
  -> Section state carries address: VENEZIA, Via XXII Marzo 2288
Done.
Processing: page_183.jpg
  -> Layout type: COMPLEX_LAYOUT
  -> Ad type: PARTIAL_AD
  -> Page type inferred: 
  -> Inferred schema: Name,Address,Location,Category,Additional Info
  -> Final schema: Name, Address, Location, Category, Additional Info
  -> Multi-section page detected: ['Chincaglierie ed affini | Category: Chincaglierie ed affini', 'Lido | Location: Lido', 'Mestre | Location: Mestre', 'Murano | Location: Murano', 'Marghera | Location: Marghera', 'Burano | Location: Burano', 'Giudecca | Location: Giudecca', 'Carpenedo | Location: Carpenedo', 'Cannaregio | Location: Cannaregio', 'Castello | Location: Castello', 'Dorsoduro | Location: Dorsoduro', 'San Polo | Location: San Polo', 'S. Marco | Location: S. Marco', 'S. Croce | Location: S. Croce', 'Favaro Veneto | Location: Favaro Veneto', 'Chirigango | Location: Chirigango', 'Cicli e Motocicli | Category: Cicli e Motocicli']
  -> Image re-pass enabled (complex layout + ads + 17 sections).
  -> Actual CSV columns: Name,Address,Location,Category,Additional Info
  -> WARNING: 1 rows (1%) missing both Address and Location on page_183.jpg
  -> Section state carries address: Mestre Via Fratelli Bandiera 65
Done.
Processing: page_184.jpg
  -> Layout type: COMPLEX_LAYOUT
  -> Ad type: PARTIAL_AD
  -> Page type inferred: 
  -> Inferred schema: Name,Address,Location,Category,Additional Info
  -> Final schema: Name, Address, Location, Category, Additional Info
  -> Multi-section page detected: ['Camicerie da uomo | Category: Camicerie da uomo', 'Canapa e Lino | Category: Canapa e Lino', 'Candele | Category: Candele', 'Cantieri Navali | Category: Cantieri Navali', 'Agenzie di trasporto | Category: Agenzie di trasporto', 'Lido | Location: Lido', 'Mestre | Location: Mestre', 'Marghera | Location: Marghera', 'Murano | Location: Murano', 'Lido di Venezia | Location: Lido di Venezia', 'Burano | Location: Burano', 'Treporti | Location: Treporti', 'Favaro Veneto | Location: Favaro Veneto', 'Carpenedo | Location: Carpenedo', 'Chirignago | Location: Chirignago', 'Malamocco | Location: Malamocco']
  -> Image re-pass enabled (complex layout + ads + 16 sections).
  -> Actual CSV columns: Name,Address,Location,Category,Additional Info
  -> WARNING: 3 rows (6%) missing both Address and Location on page_184.jpg
  -> Section state carries address: Via XXII Marzo, 2288
Done.
Processing: page_185.jpg
  -> Layout type: COMPLEX_LAYOUT
  -> Ad type: PARTIAL_AD
  -> Page type inferred: 
  -> Inferred schema: Name,Address,Location,Category,Additional Info
  -> Final schema: Name, Address, Location, Category, Additional Info
  -> Multi-section page detected: ['Camicerie da uomo | Category: Camicerie da uomo', 'Cantieri Navali | Category: Cantieri Navali', 'Cinema | Category: Cinema', 'Cinematografia | Category: Cinematografia', 'Cinghie di Cuoio | Category: Cinghie di Cuoio', 'Cinture di salvataggio | Category: Cinture di salvataggio', 'Coloniali | Category: Coloniali', 'Mestre | Location: Mestre', 'Favaro Veneto | Location: Favaro Veneto', 'Lido | Location: Lido', 'Murano | Location: Murano', 'Giudecca | Location: Giudecca', 'Burano | Location: Burano']
  -> Image re-pass enabled (complex layout + ads + 13 sections).
  -> Actual CSV columns: Name,Address,Location,Category,Additional Info
  -> WARNING: 7 rows (13%) missing both Address and Location on page_185.jpg
  -> Section state carries address: Via XIII Marto n. 2228
Done.
Processing: page_186.jpg
  -> Layout type: COMPLEX_LAYOUT
  -> Ad type: PARTIAL_AD
  -> Page type inferred: 
  -> Inferred schema: Name,Address,Location,Category,Additional Info
  -> Final schema: Name, Address, Location, Category, Additional Info
  -> Multi-section page detected: ["Colori per I'Edilizia | Category: Colori per I'Edilizia", 'Colori per Industrie varie | Category: Colori per Industrie varie', 'Colori in polvere | Category: Colori in polvere', 'Colori e Vernici | Category: Colori e Vernici', 'Mestre | Location: Mestre']
  -> Image re-pass enabled (complex layout + ads + 5 sections).
  -> Actual CSV columns: Name,Address,Location,Category,Additional Info
  -> WARNING: 4 rows (13%) missing both Address and Location on page_186.jpg
  -> Section state carries address: Cannaregio 5515
Done.
Processing: page_187.jpg
  -> Layout type: COMPLEX_LAYOUT
  -> Ad type: PARTIAL_AD
  -> Page type inferred: 
  -> Inferred schema: Name,Address,Location,Category,Additional Info
  -> Final schema: Name, Address, Location, Category, Additional Info
  -> Multi-section page detected: ['Camicerie da uomo | Category: Camicerie da uomo', 'Canapa e Lino | Category: Canapa e Lino', 'Candele | Category: Candele', 'Cantieri Navali | Category: Cantieri Navali', 'COLORI - VERNICI - SMALTI | Category: COLORI - VERNICI - SMALTI', 'Coltellinai e Arrotini | Category: Coltellinai e Arrotini', 'Coltellerie | Category: Coltellerie', 'Combustibili liquidi | Category: Combustibili liquidi', 'Combustibili solidi | Category: Combustibili solidi', 'Combustibili solidi e liquidi | Category: Combustibili solidi e liquidi', 'Agenzie di trasporto | Category: Agenzie di trasporto', 'Lido | Location: Lido', 'Mestre | Location: Mestre', 'Marghera | Location: Marghera', 'Murano | Location: Murano']
  -> Image re-pass enabled (complex layout + ads + 15 sections).
  -> Actual CSV columns: Name,Address,Location,Category,Additional Info
  -> WARNING: 7 rows (14%) missing both Address and Location on page_187.jpg
  -> Section state carries address: Cannaregio 5110
Done.
Processing: page_188.jpg
  -> Layout type: COMPLEX_LAYOUT
  -> Ad type: PARTIAL_AD
  -> Page type inferred: 
  -> Inferred schema: Name,Address,Location,Category,Additional Info
  -> Final schema: Name, Address, Location, Category, Additional Info
  -> Multi-section page detected: ['Combustibili Fossili e Vegetali | Category: Combustibili Fossili e Vegetali', 'Commerci automobilistici | Category: Commerci automobilistici', 'Compensati | Category: Compensati', 'Compra - vendita Immobili | Category: Compra - vendita Immobili', 'COMPENSATI IMPIALLACCIATURE FAESITE e AFFINI | Category: COMPENSATI IMPIALLACCIATURE FAESITE e AFFINI', 'Mestre | Location: Mestre', 'Marghera | Location: Marghera', 'San Marco | Location: San Marco', 'S. Elena | Location: S. Elena', 'San Polo | Location: San Polo', 'Burano Treporti | Location: Burano Treporti', 'Castello | Location: Castello', 'Cannaregio | Location: Cannaregio', 'Dorsoduro | Location: Dorsoduro', 'Venezia | Location: Venezia']
  -> Image re-pass enabled (complex layout + ads + 15 sections).
  -> Actual CSV columns: Name,Address,Location,Category,Additional Info
  -> WARNING: 5 rows (11%) missing both Address and Location on page_188.jpg
  -> Section state carries address: San Luca, 4158 a
Done.
Processing: page_189.jpg
  -> Layout type: COMPLEX_LAYOUT
  -> Ad type: PARTIAL_AD
  -> Page type inferred: 
  -> Inferred schema: Name,Address,Location,Category,Additional Info
  -> Final schema: Name, Address, Location, Category, Additional Info
  -> Multi-section page detected: ['Camicerie da uomo | Category: Camicerie da uomo', 'Canapa e Lino | Category: Canapa e Lino', 'Candele | Category: Candele', 'Cantieri Navali | Category: Cantieri Navali', 'Agenzie di trasporto | Category: Agenzie di trasporto', 'Compressori, Trapani, Smerigliatrici, Martelli pneumatici | Category: Compressori, Trapani, Smerigliatrici, Martelli pneumatici', 'Concerti | Category: Concerti', 'Conchiglie | Category: Conchiglie', 'Concimi azotati | Category: Concimi azotati', 'Concimi chimici | Category: Concimi chimici', 'Condutture Elettriche | Category: Condutture Elettriche', 'Confezioni per Bambini | Category: Confezioni per Bambini', 'Confezioni per Signora | Category: Confezioni per Signora', 'Lido | Location: Lido', 'Mestre | Location: Mestre', 'Marghera | Location: Marghera', 'Murano | Location: Murano']
  -> Image re-pass enabled (complex layout + ads + 17 sections).
  -> Actual CSV columns: Name,Address,Location,Category,Additional Info
  -> WARNING: 13 rows (32%) missing both Address and Location on page_189.jpg
  -> Section state carries address: San Luca, 4182
Done.
Processing: page_190.jpg
  -> Layout type: COMPLEX_LAYOUT
  -> Ad type: PARTIAL_AD
  -> Page type inferred: 
  -> Inferred schema: Name,Address,Location,Category,Additional Info
  -> Final schema: Name, Address, Location, Category, Additional Info
  -> Multi-section page detected: ['PELLICCE E CONFEZIONI PER SIGNORA | Category: PELLICCE E CONFEZIONI PER SIGNORA', 'Confezioni per Uomo | Category: Confezioni per Uomo', 'Confezioni vüccie | Category: Confezioni vüccie', 'Mestre | Location: Mestre', 'CONFEZIONI PER SIGNORA UOMO E BAMBINO | Category: CONFEZIONI PER SIGNORA UOMO E BAMBINO', 'TESSUTI DI GRAN MODA NAZIONALI ED ESTERI | Category: TESSUTI DI GRAN MODA NAZIONALI ED ESTERI']
  -> Image re-pass enabled (complex layout + ads + 6 sections).
  -> Actual CSV columns: Name,Address,Location,Category,Additional Info
  -> WARNING: 5 rows (13%) missing both Address and Location on page_190.jpg
  -> Section state carries address: VENEZIA - Via XXII Marzo 2288
Done.
Processing: page_191.jpg
  -> Layout type: COMPLEX_LAYOUT
  -> Ad type: PARTIAL_AD
  -> Page type inferred: 
  -> Inferred schema: Name,Address,Location,Category,Additional Info
  -> Final schema: Name, Address, Location, Category, Additional Info
  -> Multi-section page detected: ['Camicerie da uomo | Category: Camicerie da uomo', 'Canapa e Lino | Category: Canapa e Lino', 'Candele | Category: Candele', 'Cantieri Navali | Category: Cantieri Navali', 'Agenzie di trasporto | Category: Agenzie di trasporto', 'Conserve, Marmellate ed affini | Category: Conserve, Marmellate ed affini', 'Conterie e Perle | Category: Conterie e Perle', 'Copertoni | Category: Copertoni', 'Copisterie | Category: Copisterie', 'Cordami e Spaghi | Category: Cordami e Spaghi', 'Cornici | Category: Cornici', 'Marghera | Location: Marghera', 'Murano | Location: Murano', 'Mestre | Location: Mestre']
  -> Image re-pass enabled (complex layout + ads + 14 sections).
  -> Actual CSV columns: Name,Address,Location,Category,Additional Info
  -> Section state carries address: S. Polo, 1479
Done.
Processing: page_192.jpg
  -> Layout type: COMPLEX_LAYOUT
  -> Ad type: PARTIAL_AD
  -> Page type inferred: 
  -> Inferred schema: Name,Address,Location,Category,Additional Info
  -> Final schema: Name, Address, Location, Category, Additional Info
  -> Multi-section page detected: ['Corredi sposa | Category: Corredi sposa', 'Costruttori edili | Category: Costruttori edili', 'Mestre | Location: Mestre', 'Marghera | Location: Marghera', 'Costruttori di pavimenti | Category: Costruttori di pavimenti', 'Costruzioni Elettriche | Category: Costruzioni Elettriche', 'Costruzioni Elettromeccaniche | Category: Costruzioni Elettromeccaniche', 'Costruzioni in Legno | Category: Costruzioni in Legno', 'Costruzioni Idrauliche | Category: Costruzioni Idrauliche', 'Costruzioni Meccaniche, Industriali, Elettriche | Category: Costruzioni Meccaniche, Industriali, Elettriche']
  -> Image re-pass enabled (complex layout + ads + 10 sections).
  -> Actual CSV columns: Name,Address,Location,Category,Additional Info
  -> WARNING: 8 rows (29%) missing both Address and Location on page_192.jpg
  -> Section state carries address: Via XXII Marzo n. 2288
Done.
Processing: page_193.jpg
  -> Layout type: COMPLEX_LAYOUT
  -> Ad type: PARTIAL_AD
  -> Page type inferred: 
  -> Inferred schema: Name,Address,Location,Category,Additional Info
  -> Final schema: Name, Address, Location, Category, Additional Info
  -> Multi-section page detected: ['Cantieri Navali | Category: Cantieri Navali', 'Marghera | Location: Marghera', 'Costruzione e gestione alberghi | Category: Costruzione e gestione alberghi', 'Costruzione meccaniche | Category: Costruzione meccaniche', 'Costruzioni e riparazioni navali | Category: Costruzioni e riparazioni navali', 'Costruzione opere portuali | Category: Costruzione opere portuali', 'Costruzioni stradali e ferroviarie | Category: Costruzioni stradali e ferroviarie', 'Cotoni e cascami (lavorazione) | Category: Cotoni e cascami (lavorazione)', 'Cotonifici | Category: Cotonifici', 'Crine vegetali | Category: Crine vegetali']
  -> Image re-pass enabled (complex layout + ads + 10 sections).
  -> Actual CSV columns: Name,Address,Location,Category,Additional Info
  -> WARNING: 9 rows (35%) missing both Address and Location on page_193.jpg
  -> Section state carries address: Venezia - S. Polo, 1479
Done.
Processing: page_194.jpg
  -> Layout type: COMPLEX_LAYOUT
  -> Ad type: PARTIAL_AD
  -> Page type inferred: 
  -> Inferred schema: Name,Address,Location,Category,Additional Info
  -> Final schema: Name, Address, Location, Category, Additional Info
  -> Multi-section page detected: ['Cristallerie | Category: Cristallerie', 'Cristalli | Category: Cristalli', 'Cromatura | Category: Cromatura', 'Crusche | Category: Crusche', 'Cucine economiche | Category: Cucine economiche', 'Mestre | Location: Mestre', 'Cucine Elettriche | Category: Cucine Elettriche', 'Lido | Location: Lido', 'Cuoi artistici | Category: Cuoi artistici', 'Cuscini da viaggio | Category: Cuscini da viaggio', 'Damaschi e Broccati | Category: Damaschi e Broccati', 'Decoloranti | Category: Decoloranti', 'Porto Marghera | Location: Porto Marghera', 'Decoratori e pittori | Category: Decoratori e pittori', 'Lido | Location: Lido', 'Murano | Location: Murano']
  -> Image re-pass enabled (complex layout + ads + 16 sections).
  -> Actual CSV columns: Name,Address,Location,Category,Additional Info
  -> Section state carries address: Dorsod. 2674-C
Done.
Processing: page_195.jpg
  -> Layout type: COMPLEX_LAYOUT
  -> Ad type: The page contains several structured directory entries along with advertisement-like content. The entries include addresses and contact information for various businesses, which constitute the main directory content. However, the page also includes sections that promote certain businesses or services. For instance, the segment dedicated to "Disinfestazioni Universali" by "Girolamo Scarpa & C." is formatted differently and uses marketing language typical of advertisements. This section has a decorative marketing-style block and mentions specific services with promotional language. Another advertisement-like entry is for Rossi Mario Isidoro e Figlio, which lists multiple business activities.


Given the presence of these advertisement-like contents alongside directory information, the page should be categorized as PARTIAL_AD.
  -> Page type inferred: 
  -> Inferred schema: Name,Address,Location,Category,Additional Info
  -> Final schema: Name, Address, Location, Category, Additional Info
  -> Multi-section page detected: ['Camicerie da uomo | Category: Camicerie da uomo', 'Canapa e Lino | Category: Canapa e Lino', 'Candele | Category: Candele', 'Cantieri Navali | Category: Cantieri Navali', 'Agenzie di trasporto | Category: Agenzie di trasporto', 'Demolizione Navi | Category: Demolizione Navi', 'Denti artificiali | Category: Denti artificiali', 'Detective | Category: Detective', 'Detersivi, saponi, affini | Category: Detersivi, saponi, affini', 'Disinfestazioni | Category: Disinfestazioni', 'Disinfezioni | Category: Disinfezioni', "Distribuzione biglietti d'ingresso ferroviari | Category: Distribuzione biglietti d'ingresso ferroviari", 'Lido | Location: Lido', 'Mestre | Location: Mestre', 'Marghera | Location: Marghera']
  -> Actual CSV columns: Name,Address,Location,Category,Additional Info
  -> WARNING: 6 rows (19%) missing both Address and Location on page_195.jpg
  -> Section state carries address: Corte Rubbi (alla Fava), 5515
Done.
Processing: page_196.jpg
  -> Layout type: COMPLEX_LAYOUT
  -> Ad type: PARTIAL_AD
  -> Page type inferred: 
  -> Inferred schema: Name,Address,Location,Category,Additional Info
  -> Final schema: Name, Address, Location, Category, Additional Info
  -> Multi-section page detected: ['Distribuzione | Category: Distribuzione', 'Giornali Riviste | Category: Giornali Riviste', 'Divise | Category: Divise', 'Dolciumi | Category: Dolciumi', 'Marghera | Location: Marghera', 'Lido | Location: Lido', 'Mestre | Location: Mestre', 'Murano | Location: Murano', 'Doratura | Category: Doratura', 'Droghe | Category: Droghe', 'Drogherie | Category: Drogherie', 'Duplicatori | Category: Duplicatori', 'Ebanisti | Category: Ebanisti', 'Elettricità | Category: Elettricità']
  -> Image re-pass enabled (complex layout + ads + 14 sections).
  -> Actual CSV columns: Name,Address,Location,Category,Additional Info
  -> WARNING: 17 rows (20%) missing both Address and Location on page_196.jpg
  -> Section state carries address: S. Polo N. 2605
Done.
Processing: page_197.jpg
  -> Layout type: COMPLEX_LAYOUT
  -> Ad type: PARTIAL_AD
  -> Page type inferred: 
  -> Inferred schema: Name,Address,Location,Category,Additional Info
  -> Final schema: Name, Address, Location, Category, Additional Info
  -> Multi-section page detected: ['Marghera | Location: Marghera', 'Elettricità | Category: Elettricità', 'Elettricità idraulica e gas | Category: Elettricità idraulica e gas', 'Lido | Location: Lido', 'Murano | Location: Murano', 'Mestre | Location: Mestre']
  -> Image re-pass enabled (complex layout + ads + 6 sections).
  -> Actual CSV columns: Name,Address,Location,Category,Additional Info
  -> WARNING: 2 rows (5%) missing both Address and Location on page_197.jpg
  -> Section state carries address: "S. Polo, 1079"
Done.
Processing: page_198.jpg
  -> Layout type: COMPLEX_LAYOUT
  -> Ad type: PARTIAL_AD
  -> Page type inferred: 
  -> Inferred schema: Name,Address,Location,Category,Additional Info
  -> Final schema: Name, Address, Location, Category, Additional Info
  -> Multi-section page detected: ['Elettricità - Idraulica | Category: Elettricità - Idraulica', 'Impianti anti furto | Category: Impianti anti furto', 'Forni industriali | Category: Forni industriali', 'Lido | Location: Lido', 'Murano | Location: Murano']
  -> Image re-pass enabled (complex layout + ads + 5 sections).
  -> Actual CSV columns: Name,Address,Location,Category,Additional Info
  -> WARNING: 3 rows (10%) missing both Address and Location on page_198.jpg
  -> Section state carries address: San Luca, 4152 a
Done.
Processing: page_199.jpg
  -> Layout type: COMPLEX_LAYOUT
  -> Ad type: PARTIAL_AD
  -> Page type inferred: 
  -> Inferred schema: Name,Address,Location,Category,Additional Info
  -> Final schema: Name, Address, Location, Category, Additional Info
  -> Multi-section page detected: ['Elettricisti e Idraulici | Category: Elettricisti e Idraulici', 'Macchine | Category: Macchine', 'Elettrochimica | Category: Elettrochimica', 'Elettrodi | Category: Elettrodi', 'Elettrodomestica | Category: Elettrodomestica', 'Lido | Location: Lido', 'Mestre | Location: Mestre', 'Marghera | Location: Marghera']
  -> Image re-pass enabled (complex layout + ads + 8 sections).
  -> Actual CSV columns: Name,Address,Location,Category,Additional Info
  -> WARNING: 5 rows (7%) missing both Address and Location on page_199.jpg
  -> Section state carries address: Via XXII Marzo 2288
Done.
Processing: page_200.jpg
  -> Layout type: COMPLEX_LAYOUT
  -> Ad type: PARTIAL_AD
  -> Page type inferred: 
  -> Inferred schema: Name,Address,Location,Category,Additional Info
  -> Final schema: Name, Address, Location, Category, Additional Info
  -> Multi-section page detected: ['Elettrogalvanica | Category: Elettrogalvanica', 'Elettromeccanica | Category: Elettromeccanica', 'Marghera | Location: Marghera', 'Elettrosiacetilene | Category: Elettrosiacetilene', 'Mestre | Location: Mestre', 'Elettrotecnica | Category: Elettrotecnica', 'Eliocianografia | Category: Eliocianografia', 'Eraclit | Category: Eraclit', 'Erbe medicinali | Category: Erbe medicinali', 'Esercizio caffè, ristorante ed affini | Category: Esercizio caffè, ristorante ed affini', 'Esportazioni | Category: Esportazioni', 'Espurgo pozzi neri | Category: Espurgo pozzi neri', 'Essenze spiritose | Category: Essenze spiritose', 'Essiccatoi | Category: Essiccatoi', 'Essicazione frutta ed erbaggi | Category: Essicazione frutta ed erbaggi', 'Estintori da incendio | Category: Estintori da incendio']
  -> Image re-pass enabled (complex layout + ads + 16 sections).
  -> Actual CSV columns: Name,Address,Location,Category,Additional Info
  -> WARNING: 14 rows (29%) missing both Address and Location on page_200.jpg
  -> Section state carries address: San Luca, 4152
Done.
Processing: page_201.jpg
  -> Layout type: COMPLEX_LAYOUT
  -> Ad type: PARTIAL_AD
  -> Page type inferred: 
  -> Inferred schema: Name,Address,Location,Category,Additional Info
  -> Final schema: Name, Address, Location, Category, Additional Info
  -> Multi-section page detected: ['COPERTURE - RIVESTIMENTI - TUBAZIONI | Category: COPERTURE - RIVESTIMENTI - TUBAZIONI', 'MARGHERA | Location: MARGHERA', 'MURANO | Location: MURANO', 'MESTRE | Location: MESTRE', 'FABBRI FERRAI E MACCANICI | Category: FABBRI FERRAI E MACCANICI', 'FABBRICHE FIAMMIFERI | Category: FABBRICHE FIAMMIFERI', 'FACCHINI PUBBLICI | Category: FACCHINI PUBBLICI', 'FALEGNAMERIE | Category: FALEGNAMERIE']
  -> Image re-pass enabled (complex layout + ads + 8 sections).
  -> Actual CSV columns: Name,Address,Location,Category,Additional Info
  -> WARNING: 5 rows (7%) missing both Address and Location on page_201.jpg
  -> Section state carries address: S. Croce 360.A
Done.
Processing: page_202.jpg
  -> Layout type: COMPLEX_LAYOUT
  -> Ad type: PARTIAL_AD
  -> Page type inferred: 
  -> Inferred schema: Name,Address,Location,Category,Additional Info
  -> Final schema: Name, Address, Location, Category, Additional Info
  -> Multi-section page detected: ['Falegnami | Category: Falegnami', 'Lido | Location: Lido', 'Mestre | Location: Mestre', 'Murano | Location: Murano', 'Marghera | Location: Marghera', 'Favaro Veneto | Location: Favaro Veneto', 'Burano Treporti | Location: Burano Treporti', 'Pellestrina | Location: Pellestrina', 'Carpenedo | Location: Carpenedo', 'Zelarino | Location: Zelarino']
  -> Image re-pass enabled (complex layout + ads + 10 sections).
  -> Actual CSV columns: Name,Address,Location,Category,Additional Info
  -> WARNING: 1 rows (1%) missing both Address and Location on page_202.jpg
  -> Section state carries address: Via XXI Marzo, 2288
Done.
Processing: page_203.jpg
  -> Layout type: COMPLEX_LAYOUT
  -> Ad type: PARTIAL_AD
  -> Page type inferred: 
  -> Inferred schema: Name,Address,Location,Category,Additional Info
  -> Final schema: Name, Address, Location, Category, Additional Info
  -> Multi-section page detected: ['Camicerie da uomo | Category: Camicerie da uomo', 'Canapa e Lino | Category: Canapa e Lino', 'Candele | Category: Candele', 'Cantieri Navali | Category: Cantieri Navali', 'Agenzie di trasporto | Category: Agenzie di trasporto', 'Macchine per scrivere – Calcolatrici - Duplicatori | Category: Macchine per scrivere – Calcolatrici - Duplicatori', 'Lido | Location: Lido', 'Mestre | Location: Mestre', 'Marghera | Location: Marghera', 'Murano | Location: Murano']
  -> Image re-pass enabled (complex layout + ads + 10 sections).
  -> Actual CSV columns: Name,Address,Location,Category,Additional Info
  -> WARNING: 2 rows (2%) missing both Address and Location on page_203.jpg
  -> Section state carries address: VENEZIA - Via XXII Marzo, 2288
Done.
Processing: page_204.jpg
  -> Layout type: COMPLEX_LAYOUT
  -> Ad type: PARTIAL_AD
  -> Page type inferred: 
  -> Inferred schema: Name,Address,Location,Category,Additional Info
  -> Final schema: Name, Address, Location, Category, Additional Info
  -> Multi-section page detected: ['Farmacie | Category: Farmacie', 'Feltri pe carriere | Category: Feltri pe carriere', 'Ferramenta e colori | Category: Ferramenta e colori', 'Murano | Location: Murano', 'Lido | Location: Lido', 'Mestre | Location: Mestre', 'Marghera | Location: Marghera', 'Burano | Location: Burano']
  -> Image re-pass enabled (complex layout + ads + 8 sections).
  -> Actual CSV columns: Name,Address,Location,Category,Additional Info
  -> WARNING: 7 rows (8%) missing both Address and Location on page_204.jpg
  -> Section state carries address: Via Negroponto 7
Done.
Processing: page_205.jpg
  -> Layout type: COMPLEX_LAYOUT
  -> Ad type: The page shows a structured directory content listing various businesses categorized based on their industry or products. At the end of the page, there is a decorative or marketing-style block with business promotion for "Forniture complete MOBILI e ACCESSORI per UFFICIO," which looks like an advertisement. 


Therefore, since the page contains a mix of directory content and an advertisement-like element, the appropriate label for this page is PARTIAL_AD.
  -> Page type inferred: 
  -> Inferred schema: Name,Address,Location,Category,Additional Info
  -> Final schema: Name, Address, Location, Category, Additional Info
  -> Multi-section page detected: ['Ferramenta e metalli | Category: Ferramenta e metalli', 'Ferro battuto | Category: Ferro battuto', 'Ferro e derivati | Category: Ferro e derivati', 'Ferro e metalli da fondere | Category: Ferro e metalli da fondere', 'Ferri e metalli usati | Category: Ferri e metalli usati', 'Fertilizzanti e anticrittogamici | Category: Fertilizzanti e anticrittogamici', 'Fiale ipodermiche | Category: Fiale ipodermiche', 'Fiammiferi | Category: Fiammiferi', 'Fibre autarchiche | Category: Fibre autarchiche', 'Fibre tessili | Category: Fibre tessili', 'Fibre vegetali ed affini | Category: Fibre vegetali ed affini', 'Filande | Category: Filande', 'Filatelico | Category: Filatelico', 'Marghera | Location: Marghera', 'Mestre | Location: Mestre', 'Murano | Location: Murano']
  -> Actual CSV columns: Name,Address,Location,Category,Additional Info
  -> WARNING: 14 rows (20%) missing both Address and Location on page_205.jpg
  -> Section state carries address: Cann. 102
Done.
Processing: page_206.jpg
  -> Layout type: COMPLEX_LAYOUT
  -> Ad type: PARTIAL_AD
  -> Page type inferred: 
  -> Inferred schema: Name,Address,Location,Category,Additional Info
  -> Final schema: Name, Address, Location, Category, Additional Info
  -> Multi-section page detected: ["Filati all'ingrosso | Category: Filati all'ingrosso", 'Fiori, piante e sementi | Category: Fiori, piante e sementi', 'Lido | Location: Lido', 'Mestre | Location: Mestre', 'Fiori artificiali | Category: Fiori artificiali', 'Fiori in vetro | Category: Fiori in vetro', 'Fiscoli e dischi per la spremitura delle olive | Category: Fiscoli e dischi per la spremitura delle olive', 'Giudecca | Location: Giudecca', 'Fondente di feldspat per vetreria | Category: Fondente di feldspat per vetreria', 'Mestre | Location: Mestre', 'Fonderie Meccaniche | Category: Fonderie Meccaniche', 'Marghera | Location: Marghera']
  -> Image re-pass enabled (complex layout + ads + 12 sections).
  -> Actual CSV columns: Name,Address,Location,Category,Additional Info
  -> WARNING: 8 rows (12%) missing both Address and Location on page_206.jpg
  -> Section state carries address: "Dorsoduro 1478"
Done.
Processing: page_207.jpg
  -> Layout type: COMPLEX_LAYOUT
  -> Ad type: PARTIAL_AD
  -> Page type inferred: 
  -> Inferred schema: Name,Address,Location,Category,Additional Info
  -> Final schema: Name, Address, Location, Category, Additional Info
  -> Multi-section page detected: ['Camicerie da uomo | Category: Camicerie da uomo', 'Canapa e Lino | Category: Canapa e Lino', 'Candele | Category: Candele', 'Cantieri Navali | Category: Cantieri Navali', 'Agenzie di trasporto | Category: Agenzie di trasporto', 'MARGHERA | Location: MARGHERA', 'Foraggi | Category: Foraggi', 'Fornaci da calce e laterizi | Category: Fornaci da calce e laterizi', 'Forni e Fornelli Elettrici | Category: Forni e Fornelli Elettrici', 'Fornitori di bordo | Category: Fornitori di bordo', 'Lido | Location: Lido', 'Mestre | Location: Mestre', 'Marghera | Location: Marghera', 'Murano | Location: Murano']
  -> Image re-pass enabled (complex layout + ads + 14 sections).
  -> Actual CSV columns: Name,Address,Location,Category,Additional Info
  -> WARNING: 4 rows (11%) missing both Address and Location on page_207.jpg
  -> Section state carries address: S. Marco 5042
Done.
Processing: page_208.jpg
  -> Layout type: COMPLEX_LAYOUT
  -> Ad type: PARTIAL_AD
  -> Page type inferred: 
  -> Inferred schema: Name,Address,Location,Category,Additional Info
  -> Final schema: Name, Address, Location, Category, Additional Info
  -> Multi-section page detected: ['Forniture Alberghiere | Category: Forniture Alberghiere', 'Forniture enti vari | Category: Forniture enti vari', 'Forniture idrauliche e sanitarie | Category: Forniture idrauliche e sanitarie', 'Forniture per imbarcazioni | Category: Forniture per imbarcazioni', 'Forniture imprese edili | Category: Forniture imprese edili', 'Forniture marittime | Category: Forniture marittime', 'Forniture meccaniche | Category: Forniture meccaniche', 'Forniture navali e industriali | Category: Forniture navali e industriali', 'Forniture varie | Category: Forniture varie', 'Fotografie artistiche | Category: Fotografie artistiche', 'Fotografie | Category: Fotografie', 'Mestre | Location: Mestre', 'Lido | Location: Lido']
  -> Image re-pass enabled (complex layout + ads + 13 sections).
  -> Actual CSV columns: Name,Address,Location,Category,Additional Info
  -> WARNING: 13 rows (35%) missing both Address and Location on page_208.jpg
  -> Section state carries address: Via Bragadin 12
Done.
Processing: page_209.jpg
  -> Layout type: COMPLEX_LAYOUT
  -> Ad type: PARTIAL_AD
  -> Page type inferred: 
  -> Inferred schema: Name,Address,Location,Category,Additional Info
  -> Final schema: Name, Address, Location, Category, Additional Info
  -> Multi-section page detected: ['FOTOGRAFIA | Category: FOTOGRAFIA', 'Fotografie | Category: Fotografie', 'Lavori fotografici | Category: Lavori fotografici', 'MESTRE | Location: MESTRE', 'Lido | Location: Lido']
  -> Image re-pass enabled (complex layout + ads + 5 sections).
  -> Actual CSV columns: Name,Address,Location,Category,Additional Info
  -> WARNING: 4 rows (20%) missing both Address and Location on page_209.jpg
  -> Section state carries address: Gran Viale 23
Done.
Processing: page_210.jpg
  -> Layout type: COMPLEX_LAYOUT
  -> Ad type: PARTIAL_AD
  -> Page type inferred: 
  -> Inferred schema: Name,Address,Location,Category,Additional Info
  -> Final schema: Name, Address, Location, Category, Additional Info
  -> Multi-section page detected: ['FOTO | Category: FOTO', 'FOTOMATERIALE | Category: FOTOMATERIALE', 'Mestre | Location: Mestre', 'Frigoriferi | Category: Frigoriferi', 'Francobolli | Category: Francobolli', 'Friggitorie | Category: Friggitorie', 'Murano | Location: Murano']
  -> Image re-pass enabled (complex layout + ads + 7 sections).
  -> Actual CSV columns: Name,Address,Location,Category,Additional Info
  -> WARNING: 3 rows (9%) missing both Address and Location on page_210.jpg
  -> Section state carries address: Cannaregio 593 F.
Done.
Processing: page_211.jpg
  -> Layout type: COMPLEX_LAYOUT
  -> Ad type: PARTIAL_AD
  -> Page type inferred: 
  -> Inferred schema: Name,Address,Location,Category,Additional Info
  -> Final schema: Name, Address, Location, Category, Additional Info
  -> Multi-section page detected: ['Frumento | Category: Frumento', 'Frutta | Category: Frutta', 'Frutta secca | Category: Frutta secca', 'Frutta e verdura GROSSISTI | Category: Frutta e verdura GROSSISTI', 'Lido | Location: Lido', 'Mestre | Location: Mestre', 'Frutta e verdura conservate | Category: Frutta e verdura conservate', 'Fumisti | Category: Fumisti']
  -> Image re-pass enabled (complex layout + ads + 8 sections).
  -> Actual CSV columns: Name,Address,Location,Category,Additional Info
  -> WARNING: 5 rows (6%) missing both Address and Location on page_211.jpg
  -> Section state carries address: Via XXII Marzo 2288
Done.
Processing: page_212.jpg
  -> Layout type: COMPLEX_LAYOUT
  -> Ad type: PARTIAL_AD
  -> Page type inferred: 
  -> Inferred schema: Name,Address,Location,Category,Additional Info
  -> Final schema: Name, Address, Location, Category, Additional Info
  -> Multi-section page detected: ["Gallerie d'arte | Category: Gallerie d'arte", 'Garage | Category: Garage', 'Gas | Category: Gas', 'Gas compressi | Category: Gas compressi', 'Gassogeni | Category: Gassogeni', 'Gas tossici | Category: Gas tossici', 'Gelaterie | Category: Gelaterie', 'Generatori Acetilene brevettati | Category: Generatori Acetilene brevettati', 'Ghiacciaie | Category: Ghiacciaie', 'Lido | Location: Lido', 'Murano | Location: Murano', 'Mestre | Location: Mestre']
  -> Image re-pass enabled (complex layout + ads + 12 sections).
  -> Actual CSV columns: Name,Address,Location,Category,Additional Info
  -> WARNING: 7 rows (17%) missing both Address and Location on page_212.jpg
  -> Section state carries address: Venezia, San Giobbe 465
Done.
Processing: page_213.jpg
  -> Layout type: COMPLEX_LAYOUT
  -> Ad type: PARTIAL_AD
  -> Page type inferred: 
  -> Inferred schema: Name,Address,Location,Category,Additional Info
  -> Final schema: Name, Address, Location, Category, Additional Info
  -> Multi-section page detected: ['GHIACCIAIE | Category: GHIACCIAIE', 'Ghiaccio | Category: Ghiaccio', 'Lido | Location: Lido', 'Marghera | Location: Marghera', 'Mestre | Location: Mestre', 'Ghiaia | Category: Ghiaia', 'Ghisa | Category: Ghisa', 'Giocattoli | Category: Giocattoli', 'Murano | Location: Murano']
  -> Image re-pass enabled (complex layout + ads + 9 sections).
  -> Actual CSV columns: Name,Address,Location,Category,Additional Info
  -> WARNING: 10 rows (12%) missing both Address and Location on page_213.jpg
  -> Section state carries address: Circonvallazione 2
Done.
Processing: page_214.jpg
  -> Layout type: COMPLEX_LAYOUT
  -> Ad type: PARTIAL_AD
  -> Page type inferred: 
  -> Inferred schema: Name,Address,Location,Category,Additional Info
  -> Final schema: Name, Address, Location, Category, Additional Info
  -> Multi-section page detected: ['Giornali | Category: Giornali', 'Gomma | Category: Gomma', 'Gemme per veicoli | Category: Gemme per veicoli', 'Grammofoni e dischi | Category: Grammofoni e dischi', 'Granaglie | Category: Granaglie', 'Gres | Category: Gres', 'Gruppi elettrogeni | Category: Gruppi elettrogeni', 'Guami | Category: Guami', 'Hotels | Category: Hotels', 'Idraulica e Sanitaria | Category: Idraulica e Sanitaria', 'Mestre | Location: Mestre', 'Marghera | Location: Marghera', 'Lido | Location: Lido', 'Burano | Location: Burano', 'Favaro | Location: Favaro']
  -> Image re-pass enabled (complex layout + ads + 15 sections).
  -> Actual CSV columns: Name,Address,Location,Category,Additional Info
  -> WARNING: 10 rows (12%) missing both Address and Location on page_214.jpg
  -> Section state carries address: Arciati da bagno, Forniture di Idraulica e Sanitaria, Ponte Tetta, 3378A
Done.
Processing: page_215.jpg
  -> Layout type: COMPLEX_LAYOUT
  -> Ad type: The page appears to consist of a mix of directory content and advertisements. Some entries have characteristics typical of business promotions, such as the presence of company names, addresses, phone numbers, and particular services offered. Elements of the text that could indicate advertisement-like content include:


- Use of different formatting, such as headings "Illuminazione," "Imballaggi in genere," and "Imbarcazioni," which could indicate section divisions typically found in business directory listings and advertisements.
- Descriptive terminology and specific service offerings, which is common in business promotions.
- Potential marketing-style blocks in descriptions of services, for example, the emphasis on certain brands ("IMPERMEABILI PIRELLI" and "SCARPE «SUPERBA»").


Given the presence of this content, the appropriate label for the page is:


PARTIAL_AD
  -> Page type inferred: 
  -> Inferred schema: Name,Address,Location,Category,Additional Info
  -> Final schema: Name, Address, Location, Category, Additional Info
  -> Multi-section page detected: ['Mestre | Location: Mestre', 'Marghera | Location: Marghera', 'Illuminazione | Category: Illuminazione', 'Illuminazione e Neon | Category: Illuminazione e Neon', 'Illuminazione pubblica | Category: Illuminazione pubblica', 'Illuminazione treni FF. SS. | Category: Illuminazione treni FF. SS.', 'Imballaggi in genere | Category: Imballaggi in genere', 'Imbarcazioni | Category: Imbarcazioni', 'Impressioni e sbarchi | Category: Imberchi e sbarchi', 'Impermeabili | Category: Impermeabili']
  -> Actual CSV columns: Name,Address,Location,Category,Additional Info
  -> Section state carries address: S. GIOBBE N. 466
Done.
Processing: page_216.jpg
  -> Layout type: COMPLEX_LAYOUT
  -> Ad type: PARTIAL_AD
  -> Page type inferred: 
  -> Inferred schema: Name,Address,Location,Category,Additional Info
  -> Final schema: Name, Address, Location, Category, Additional Info
  -> Multi-section page detected: ['Camicerie da uomo | Category: Camicerie da uomo', 'Cantieri Navali | Category: Cantieri Navali', 'Impianti condizionamento d’aria | Category: Impianti condizionamento d’aria', 'Impianti elettrici | Category: Impianti elettrici', 'Lido | Location: Lido', 'Mestre | Location: Mestre']
  -> Image re-pass enabled (complex layout + ads + 6 sections).
  -> Actual CSV columns: Name,Address,Location,Category,Additional Info
  -> WARNING: 5 rows (23%) missing both Address and Location on page_216.jpg
  -> Section state carries address: S. Antonin 3579 a
Done.
Processing: page_217.jpg
  -> Layout type: COMPLEX_LAYOUT
  -> Ad type: PARTIAL_AD
  -> Page type inferred: 
  -> Inferred schema: Name,Address,Location,Category,Additional Info
  -> Final schema: Name, Address, Location, Category, Additional Info
  -> Multi-section page detected: ['Camicerie da uomo | Category: Camicerie da uomo', 'Canapa e Lino | Category: Canapa e Lino', 'Candele | Category: Candele', 'Cantieri Navali | Category: Cantieri Navali', 'Agenzie di trasporto | Category: Agenzie di trasporto', 'Lavanderie meccaniche | Category: Lavanderie meccaniche', 'Lido | Location: Lido', 'Mestre | Location: Mestre', 'Marghera | Location: Marghera', 'Murano | Location: Murano']
  -> Image re-pass enabled (complex layout + ads + 10 sections).
  -> Actual CSV columns: Name,Address,Location,Category,Additional Info
  -> WARNING: 2 rows (8%) missing both Address and Location on page_217.jpg
  -> Section state carries address: Via Vittorio Emnuele, Campo S. Felice 3683-84
Done.
Processing: page_218.jpg
  -> Layout type: COMPLEX_LAYOUT
  -> Ad type: PARTIAL_AD
  -> Page type inferred: 
  -> Inferred schema: Name,Address,Location,Category,Additional Info
  -> Final schema: Name, Address, Location, Category, Additional Info
  -> Actual CSV columns: Name,Address,Location,Category,Additional Info
  -> WARNING: 1 rows (100%) missing both Address and Location on page_218.jpg
  -> Section state carries address: Via Vittorio Emnuele, Campo S. Felice 3683-84
Done.
Processing: page_219.jpg
  -> Layout type: COMPLEX_LAYOUT
  -> Ad type: PARTIAL_AD
  -> Page type inferred: 
  -> Inferred schema: Name,Address,Location,Category,Additional Info
  -> Final schema: Name, Address, Location, Category, Additional Info
  -> Multi-section page detected: ['Camicerie da uomo | Category: Camicerie da uomo', 'Canapa e Lino | Category: Canapa e Lino', 'Candele | Category: Candele', 'Cantieri Navali | Category: Cantieri Navali', 'Agenzie di trasporto | Category: Agenzie di trasporto', 'Lido | Location: Lido', 'Mestre | Location: Mestre', 'Importazioni ed esportazioni varie | Category: Importazioni ed esportazioni varie']
  -> Image re-pass enabled (complex layout + ads + 8 sections).
  -> Actual CSV columns: Name,Address,Location,Category,Additional Info
  -> WARNING: 1 rows (4%) missing both Address and Location on page_219.jpg
  -> Section state carries address: S. Polo 1479
Done.
Processing: page_220.jpg
  -> Layout type: COMPLEX_LAYOUT
  -> Ad type: PARTIAL_AD
  -> Page type inferred: 
  -> Inferred schema: Name,Address,Location,Category,Additional Info
  -> Final schema: Name, Address, Location, Category, Additional Info
  -> Multi-section page detected: ['Imposte di consumo | Category: Imposte di consumo', 'Imprese di Costruzioni | Category: Imprese di Costruzioni', 'Imprese ed appalti vari | Category: Imprese ed appalti vari', 'Mestre | Location: Mestre', 'Lido | Location: Lido', 'Marghera | Location: Marghera']
  -> Image re-pass enabled (complex layout + ads + 6 sections).
  -> Actual CSV columns: Name,Address,Location,Category,Additional Info
  -> WARNING: 6 rows (15%) missing both Address and Location on page_220.jpg
  -> Section state carries address: Castello 42
Done.
Processing: page_221.jpg
  -> Layout type: COMPLEX_LAYOUT
  -> Ad type: PARTIAL_AD
  -> Page type inferred: 
  -> Inferred schema: Name,Address,Location,Category,Additional Info
  -> Final schema: Name, Address, Location, Category, Additional Info
  -> Multi-section page detected: ['Imprese edili | Category: Imprese edili', 'Lido | Location: Lido', 'Mestre | Location: Mestre', 'Murano | Location: Murano', 'Marghera | Location: Marghera']
  -> Image re-pass enabled (complex layout + ads + 5 sections).
  -> Actual CSV columns: Name,Address,Location,Category,Additional Info
  -> Section state carries address: Ufficio S. Leonardo 1863 a, Tel. 25-120, Cantiere : Marghera, Via delle Macchine, 1 Tel. 50-680
Done.
Processing: page_222.jpg
  -> Layout type: COMPLEX_LAYOUT
  -> Ad type: PARTIAL_AD
  -> Page type inferred: 
  -> Inferred schema: Name,Address,Location,Category,Additional Info
  -> Final schema: Name, Address, Location, Category, Additional Info
  -> Multi-section page detected: ['Camicerie da uomo | Category: Camicerie da uomo', 'Canapa e Lino | Category: Canapa e Lino', 'Candele | Category: Candele', 'Cantieri Navali | Category: Cantieri Navali', 'Agenzie di trasporto | Category: Agenzie di trasporto', 'Lido | Location: Lido', 'Mestre | Location: Mestre', 'Marghera | Location: Marghera', 'Murano | Location: Murano']
  -> Image re-pass enabled (complex layout + ads + 9 sections).
  -> Actual CSV columns: Name,Address,Location,Category,Additional Info
  -> WARNING: 1 rows (2%) missing both Address and Location on page_222.jpg
  -> Section state carries address: S. Martino Sinistra 420
Done.
Processing: page_223.jpg
  -> Layout type: COMPLEX_LAYOUT
  -> Ad type: PARTIAL_AD
  -> Page type inferred: 
  -> Inferred schema: Name,Address,Location,Category,Additional Info
  -> Final schema: Name, Address, Location, Category, Additional Info
  -> Multi-section page detected: ['COSTRUZIONI EDILI ED AFFINI | Category: COSTRUZIONI EDILI ED AFFINI', 'Imprese immobiliari | Category: Imprese immobiliari', 'Imprese lavori | Category: Imprese lavori', 'Lido | Location: Lido', 'Mestre | Location: Mestre', 'Marghera | Location: Marghera', 'Murano | Location: Murano']
  -> Image re-pass enabled (complex layout + ads + 7 sections).
  -> Actual CSV columns: Name,Address,Location,Category,Additional Info
  -> WARNING: 3 rows (4%) missing both Address and Location on page_223.jpg
  -> Section state carries address: Castello, Campo S. Pietro, 68
Done.
Processing: page_224.jpg
  -> Layout type: COMPLEX_LAYOUT
  -> Ad type: PARTIAL_AD
  -> Page type inferred: 
  -> Inferred schema: Name,Address,Location,Category,Additional Info
  -> Final schema: Name, Address, Location, Category, Additional Info
  -> Multi-section page detected: ['Imprese opere marittime | Category: Imprese opere marittime', 'Imprese e pompe funebri | Category: Imprese e pompe funebri', 'Imprese portuali maritt. | Category: Imprese portuali maritt.', 'Inchiostri | Category: Inchiostri', 'Incisori, cesellatori sbolzatori | Category: Incisori, cesellatori sbolzatori', 'Mestre | Location: Mestre']
  -> Image re-pass enabled (complex layout + ads + 6 sections).
  -> Actual CSV columns: Name,Address,Location,Category,Additional Info
  -> WARNING: 6 rows (26%) missing both Address and Location on page_224.jpg
  -> Section state carries address: S. MARCO - NICCHIA S. SALVADOR - N. 4987
Done.
Processing: page_225.jpg
  -> Layout type: COMPLEX_LAYOUT
  -> Ad type: PARTIAL_AD
  -> Page type inferred: 
  -> Inferred schema: Name,Address,Location,Category,Additional Info
  -> Final schema: Name, Address, Location, Category, Additional Info
  -> Multi-section page detected: ['Incisori in vetri | Category: Incisori in vetri', 'Industria boschive | Category: Industria boschive', 'Mestre | Location: Mestre', 'Industrie chimiche | Category: Industrie chimiche', 'Marghera | Location: Marghera', 'Industrie editoriali | Category: Industrie editoriali', 'Industrie ghiace | Category: Industrie ghiace', 'Industrie laterizi | Category: Industrie laterizi', 'Mestre | Location: Mestre', 'Industrie lavorazione | Category: Industrie lavorazione', 'Industrie dello spettacolo | Category: Industrie dello spettacolo', 'Informazioni | Category: Informazioni', 'Insegne e cartelli | Category: Insegne e cartelli']
  -> Image re-pass enabled (complex layout + ads + 13 sections).
  -> Actual CSV columns: Name,Address,Location,Category,Additional Info
  -> WARNING: 11 rows (27%) missing both Address and Location on page_225.jpg
  -> Section state carries address: Cannaregio 834
Done.
Processing: page_226.jpg
  -> Layout type: COMPLEX_LAYOUT
  -> Ad type: PARTIAL_AD
  -> Page type inferred: 
  -> Inferred schema: Name,Address,Location,Category,Additional Info
  -> Final schema: Name, Address, Location, Category, Additional Info
  -> Multi-section page detected: ['Insetticidi | Category: Insetticidi', 'Insettifughi | Category: Insettifughi', 'Instalatori | Category: Instalatori', 'Installazioni elettriche ed idrauliche e vendita materiale elettrico | Category: Installazioni elettriche ed idrauliche e vendita materiale elettrico', 'Investigazioni | Category: Investigazioni', 'Ippotrasporti | Category: Ippotrasporti', 'Isolanti termici ed acustici | Category: Isolanti termici ed acustici', 'Istituti di Bellezza | Category: Istituti di Bellezza', 'Arti Grafiche Esperia | Category: Arti Grafiche Esperia', 'Giornali - Libri Riviste - Opuscoli | Category: Giornali - Libri Riviste - Opuscoli', 'Mestre | Location: Mestre', 'Marghera | Location: Marghera']
  -> Image re-pass enabled (complex layout + ads + 12 sections).
  -> Actual CSV columns: Name,Address,Location,Category,Additional Info
  -> WARNING: 10 rows (30%) missing both Address and Location on page_226.jpg
  -> Section state carries address: S. Antonin 3579
Done.
Processing: page_227.jpg
  -> Layout type: COMPLEX_LAYOUT
  -> Ad type: PARTIAL_AD
  -> Page type inferred: 
  -> Inferred schema: Name,Address,Location,Category,Additional Info
  -> Final schema: Name, Address, Location, Category, Additional Info
  -> Multi-section page detected: ['Istituti climatici di cura | Category: Istituti climatici di cura', 'Istituti di credito | Category: Istituti di credito', 'Lido | Location: Lido', 'Marghera | Location: Marghera', 'Mestre | Location: Mestre']
  -> Image re-pass enabled (complex layout + ads + 5 sections).
  -> Actual CSV columns: Name,Address,Location,Category,Additional Info
  -> WARNING: 2 rows (5%) missing both Address and Location on page_227.jpg
  -> Section state carries address: Campo S. Gallo 1192
Done.
Processing: page_228.jpg
  -> Layout type: COMPLEX_LAYOUT
  -> Ad type: PARTIAL_AD
  -> Page type inferred: 
  -> Inferred schema: Name,Address,Location,Category,Additional Info
  -> Final schema: Name, Address, Location, Category, Additional Info
  -> Actual CSV columns: Name,Address,Location,Category,Additional Info
  -> Section state carries address: Bacino Orselo 1122
Done.
Processing: page_229.jpg
  -> Layout type: COMPLEX_LAYOUT
  -> Ad type: PARTIAL_AD
  -> Page type inferred: 
  -> Inferred schema: Name,Address,Location,Category,Additional Info
  -> Final schema: Name, Address, Location, Category, Additional Info
  -> Actual CSV columns: Name,Address,Location,Category,Additional Info
  -> WARNING: 30 rows (79%) missing both Address and Location on page_229.jpg
  -> Section state carries address: Via XXII Marzo, 2288
Done.
Processing: page_230.jpg
  -> Layout type: COMPLEX_LAYOUT
  -> Ad type: PARTIAL_AD
  -> Page type inferred: 
  -> Inferred schema: Name,Address,Location,Category,Additional Info
  -> Final schema: Name, Address, Location, Category, Additional Info
  -> Actual CSV columns: Name,Address,Location,Category,Additional Info
  -> WARNING: 5 rows (21%) missing both Address and Location on page_230.jpg
  -> Section state carries address: S. Polo, 1479
Done.
Processing: page_231.jpg
  -> Layout type: COMPLEX_LAYOUT
  -> Ad type: PARTIAL_AD
  -> Page type inferred: 
  -> Inferred schema: Name,Address,Location,Category,Additional Info
  -> Final schema: Name, Address, Location, Category, Additional Info
  -> Multi-section page detected: ["Istituti d'informazioni e di investigazioni | Category: Istituti d'informazioni e di investigazioni", 'Juta e affini | Category: Juta e affini', 'Lamiere | Category: Lamiere', 'Lampadari | Category: Lampadari', 'Lane e crine | Category: Lane e crine', 'Lanerìe e seterie | Category: Lanerìe e seterie', 'Lapidi | Category: Lapidi', 'Latte (produzione) | Category: Latte (produzione)', 'Latte (grossisti) | Category: Latte (grossisti)', 'Latterie | Category: Latterie', 'Murano | Location: Murano', 'Mestre | Location: Mestre']
  -> Image re-pass enabled (complex layout + ads + 12 sections).
  -> Actual CSV columns: Name,Address,Location,Category,Additional Info
  -> WARNING: 12 rows (28%) missing both Address and Location on page_231.jpg
  -> Section state carries address: San Polo 3028
Done.
Processing: page_232.jpg
  -> Layout type: SIMPLE_LAYOUT
  -> Ad type: NO_AD
  -> Page type inferred: 
  -> Inferred schema: Name,Address,Location,Category,Additional Info
  -> Final schema: Name, Address, Location, Category, Additional Info
  -> Actual CSV columns: Name,Address,Location,Category,Additional Info
  -> Section state carries address: Dorsoduro 806
Done.
Processing: page_233.jpg
  -> Layout type: COMPLEX_LAYOUT
  -> Ad type: PARTIAL_AD
  -> Page type inferred: 
  -> Inferred schema: Name,Address,Location,Category,Additional Info
  -> Final schema: Name, Address, Location, Category, Additional Info
  -> Multi-section page detected: ['Camicerie da uomo | Category: Camicerie da uomo', 'Canapa e Lino | Category: Canapa e Lino', 'Candele | Category: Candele', 'Cantieri Navali | Category: Cantieri Navali', 'Lido | Location: Lido', 'Mestre | Location: Mestre', 'Marghera | Location: Marghera', 'Murano | Location: Murano', 'Lavorazione materie plastiche | Category: Lavorazione materie plastiche', 'Lavorazione droghe | Category: Lavorazione droghe', 'Lavorazione marmi | Category: Lavorazione marmi', 'Lavorazione meccanica del legno | Category: Lavorazione meccanica del legno', 'Lavori manovalanza | Category: Lavori manovalanza', 'Lavori portuali | Category: Lavori portuali', 'Lavori pubblici in genere | Category: Lavori pubblici in genere', 'Legatorie di libri | Category: Legatorie di libri', 'Legna (ingrosso) | Category: Legna (ingrosso)']
  -> Image re-pass enabled (complex layout + ads + 17 sections).
  -> Actual CSV columns: Name,Address,Location,Category,Additional Info
  -> WARNING: 15 rows (20%) missing both Address and Location on page_233.jpg
  -> Section state carries address: Dorsoduro 944
Done.
Processing: page_234.jpg
  -> Layout type: COMPLEX_LAYOUT
  -> Ad type: PARTIAL_AD
  -> Page type inferred: 
  -> Inferred schema: Name,Address,Location,Category,Additional Info
  -> Final schema: Name, Address, Location, Category, Additional Info
  -> Multi-section page detected: ['Legna per cellulosa | Category: Legna per cellulosa', 'Legname compensato | Category: Legname compensato', 'Legnami | Category: Legnami', 'Legnami e pali da costruzioni | Category: Legnami e pali da costruzioni', 'Lido | Location: Lido', 'Mestre | Location: Mestre', 'Marghera | Location: Marghera', 'Chirignago | Location: Chirignago', 'Carboni fossili | Category: Carboni fossili', 'Ligniti legna da ardere | Category: Ligniti legna da ardere', 'Legumi | Category: Legumi', 'Legumi secchi | Category: Legumi secchi']
  -> Image re-pass enabled (complex layout + ads + 12 sections).
  -> Actual CSV columns: Name,Address,Location,Category,Additional Info
  -> WARNING: 6 rows (9%) missing both Address and Location on page_234.jpg
  -> Section state carries address: S. Polo, 1479
Done.
Processing: page_235.jpg
  -> Layout type: COMPLEX_LAYOUT
  -> Ad type: PARTIAL_AD
  -> Page type inferred: 
  -> Inferred schema: Name,Address,Location,Category,Additional Info
  -> Final schema: Name, Address, Location, Category, Additional Info
  -> Multi-section page detected: ['Librrerie | Category: Librrerie', 'Lido | Location: Lido', 'Murano | Location: Murano', 'Mestre | Location: Mestre']
  -> Image re-pass enabled (complex layout + ads + 4 sections).
  -> Actual CSV columns: Name,Address,Location,Category,Additional Info
  -> WARNING: 1 rows (4%) missing both Address and Location on page_235.jpg
  -> Section state carries address: S. Antonin 3579'a
Done.
Processing: page_236.jpg
  -> Layout type: COMPLEX_LAYOUT
  -> Ad type: PARTIAL_AD
  -> Page type inferred: 
  -> Inferred schema: Name,Address,Location,Category,Additional Info
  -> Final schema: Name, Address, Location, Category, Additional Info
  -> Multi-section page detected: ['Camicerie da uomo | Category: Camicerie da uomo', 'Canapa e Lino | Category: Canapa e Lino', 'Candele | Category: Candele', 'Cantieri Navali | Category: Cantieri Navali', 'Agenzie di trasporto | Category: Agenzie di trasporto', 'Lido | Location: Lido', 'Mestre | Location: Mestre', 'Marghera | Location: Marghera', 'Murano | Location: Murano', 'Lievito | Category: Lievito', 'Lime e raspe | Category: Lime e raspe', 'Linee per trasporto energia elettrica di trazione e telefoniche | Category: Linee per trasporto energia elettrica di trazione e telefoniche', 'Lingerie e maglierie | Category: Lingerie e maglierie']
  -> Image re-pass enabled (complex layout + ads + 13 sections).
  -> Actual CSV columns: Name,Address,Location,Category,Additional Info
  -> WARNING: 1 rows (1%) missing both Address and Location on page_236.jpg
  -> Section state carries address: di A. Pellizzato,Dorsoduro n. 1214"
Done.
Processing: page_237.jpg
  -> Layout type: COMPLEX_LAYOUT
  -> Ad type: PARTIAL_AD
  -> Page type inferred: 
  -> Inferred schema: Name,Address,Location,Category,Additional Info
  -> Final schema: Name, Address, Location, Category, Additional Info
  -> Multi-section page detected: ['Camicerie da uomo | Category: Camicerie da uomo', 'Canapa e Lino | Category: Canapa e Lino', 'Candele | Category: Candele', 'Cantieri Navali | Category: Cantieri Navali', 'Agenzie di trasporto | Category: Agenzie di trasporto', 'Lido | Location: Lido', 'Mestre | Location: Mestre', 'Marghera | Location: Marghera', 'Murano | Location: Murano', 'Linfici | Category: Linfici', 'Linoleum | Category: Linoleum', 'Liquori | Category: Liquori', 'Locande | Category: Locande', 'Lubrificanti | Category: Lubrificanti', 'Lucido da scarpe | Category: Lucido da scarpe', 'Macchine e accessorii | Category: Macchine e accessorii', 'Macchine agricole | Category: Macchine agricole', 'Macchine calcolatrici | Category: Macchine calcolatrici']
  -> Image re-pass enabled (complex layout + ads + 18 sections).
  -> Actual CSV columns: Name,Address,Location,Category,Additional Info
  -> WARNING: 10 rows (14%) missing both Address and Location on page_237.jpg
  -> Section state carries address: S. Marco 2402
Done.
Processing: page_238.jpg
  -> Layout type: COMPLEX_LAYOUT
  -> Ad type: PARTIAL_AD
  -> Page type inferred: 
  -> Inferred schema: Name,Address,Location,Category,Additional Info
  -> Final schema: Name, Address, Location, Category, Additional Info
  -> Multi-section page detected: ['Macchine cinematografiche | Category: Macchine cinematografiche', 'Macchine contabili | Category: Macchine contabili', 'Macchine da cucire e accessori | Category: Macchine da cucire e accessori', 'Macchine elettriche | Category: Macchine elettriche', 'Macchine elettriche industriali e motori | Category: Macchine elettriche industriali e motori', 'Macchine per Enologia | Category: Macchine per Enologia', 'Macchine per il lavoro del legno e del metallo | Category: Macchine per il lavoro del legno e del metallo', 'Macchine per maglieria | Category: Macchine per maglieria', 'Macchine e motori | Category: Macchine e motori', 'Macchine per riammagliare calze | Category: Macchine per riammagliare calze', 'Macchine per scrivere e accessori | Category: Macchine per scrivere e accessori', 'Lido | Location: Lido', 'Mestre | Location: Mestre', 'Marghera | Location: Marghera']
  -> Image re-pass enabled (complex layout + ads + 14 sections).
  -> Actual CSV columns: Name,Address,Location,Category,Additional Info
  -> WARNING: 11 rows (27%) missing both Address and Location on page_238.jpg
  -> Section state carries address: 2288"
Done.
Processing: page_239.jpg
  -> Layout type: COMPLEX_LAYOUT
  -> Ad type: PARTIAL_AD
  -> Page type inferred: 
  -> Inferred schema: Name,Address,Location,Category,Additional Info
  -> Final schema: Name, Address, Location, Category, Additional Info
  -> Multi-section page detected: ['Meccanuficio | Category: Meccanuficio', 'Macchine utensili | Category: Macchine utensili', 'Mestre | Location: Mestre']
  -> Image re-pass enabled (complex layout + ads + 3 sections).
  -> Actual CSV columns: Name,Address,Location,Category,Additional Info
  -> WARNING: 2 rows (12%) missing both Address and Location on page_239.jpg
  -> Section state carries address: S. Luc. 4152
Done.
Processing: page_240.jpg
  -> Layout type: COMPLEX_LAYOUT
  -> Ad type: PARTIAL_AD
  -> Page type inferred: 
  -> Inferred schema: Name,Address,Location,Category,Additional Info
  -> Final schema: Name, Address, Location, Category, Additional Info
  -> Multi-section page detected: ['Macellazione | Category: Macellazione', 'Macellerie | Category: Macellerie', 'Lido | Location: Lido', 'Mestre | Location: Mestre', 'Burano | Location: Burano', 'Favaro | Location: Favaro', 'Giudecca | Location: Giudecca', 'Murano | Location: Murano', 'P. Marghera | Location: P. Marghera', 'Treporti | Location: Treporti', 'Carpenedo | Location: Carpenedo', 'Marghera | Location: Marghera']
  -> Image re-pass enabled (complex layout + ads + 12 sections).
  -> Actual CSV columns: Name,Address,Location,Category,Additional Info
  -> Section state carries address: San Luca 4162
Done.
Processing: page_241.jpg
  -> Layout type: COMPLEX_LAYOUT
  -> Ad type: PARTIAL_AD
  -> Page type inferred: 
  -> Inferred schema: Name,Address,Location,Category,Additional Info
  -> Final schema: Name, Address, Location, Category, Additional Info
  -> Multi-section page detected: ['Camicerie da uomo | Category: Camicerie da uomo', 'Canapa e Lino | Category: Canapa e Lino', 'Candele | Category: Candele', 'Cantieri Navali | Category: Cantieri Navali', 'Agenzie di trasporto | Category: Agenzie di trasporto', 'Lido | Location: Lido', 'Mestre | Location: Mestre', 'Marghera | Location: Marghera', 'Murano | Location: Murano']
  -> Image re-pass enabled (complex layout + ads + 9 sections).
  -> Actual CSV columns: Name,Address,Location,Category,Additional Info
  -> WARNING: 4 rows (4%) missing both Address and Location on page_241.jpg
  -> Section state carries address: Sant’ Apniona 3379, Via XXII Marzo, 2288
Done.
Processing: page_242.jpg
  -> Layout type: COMPLEX_LAYOUT
  -> Ad type: PARTIAL_AD
  -> Page type inferred: 
  -> Inferred schema: Name,Address,Location,Category,Additional Info
  -> Final schema: Name, Address, Location, Category, Additional Info
  -> Multi-section page detected: ['Magazzini di deposito | Category: Magazzini di deposito', 'Maglierie | Category: Maglierie', 'Mestre | Location: Mestre', 'Commercio ingrosso | Category: Commercio ingrosso', 'Negozi | Category: Negozi', 'Lido | Location: Lido', 'Maioliche artistiche | Category: Maioliche artistiche', 'Murano | Location: Murano', 'Manifesture | Category: Manifesture', 'Manifatture e tessuti | Category: Manifatture e tessuti', 'Marghera | Location: Marghera']
  -> Image re-pass enabled (complex layout + ads + 11 sections).
  -> Actual CSV columns: Name,Address,Location,Category,Additional Info
  -> WARNING: 7 rows (8%) missing both Address and Location on page_242.jpg
  -> Section state carries address: S. Simeone 957
Done.
Processing: page_243.jpg
  -> Layout type: COMPLEX_LAYOUT
  -> Ad type: PARTIAL_AD
  -> Page type inferred: 
  -> Inferred schema: Name,Address,Location,Category,Additional Info
  -> Final schema: Name, Address, Location, Category, Additional Info
  -> Multi-section page detected: ['Manipolazione carboni | Category: Manipolazione carboni', 'Manipolazione sali | Category: Manipolazione sali', 'Manufatti in cemento | Category: Manufatti in cemento', 'Marmellate | Category: Marmellate', 'Marmi | Category: Marmi', 'Materassai | Category: Materassai', 'Materiale per agricoltura | Category: Materiale per agricoltura', 'Materiale cinematografico | Category: Materiale cinematografico', 'Materiale in cemento per pavimenti | Category: Materiale in cemento per pavimenti', 'Materiali da costruzione | Category: Materiali da costruzione', 'Lido | Location: Lido', 'Mestre | Location: Mestre', 'Marghera | Location: Marghera']
  -> Image re-pass enabled (complex layout + ads + 13 sections).
  -> Actual CSV columns: Name,Address,Location,Category,Additional Info
  -> WARNING: 11 rows (20%) missing both Address and Location on page_243.jpg
  -> Section state carries address: S. Croce, 267a
Done.
Processing: page_244.jpg
  -> Layout type: COMPLEX_LAYOUT
  -> Ad type: PARTIAL_AD
  -> Page type inferred: 
  -> Inferred schema: Name,Address,Location,Category,Additional Info
  -> Final schema: Name, Address, Location, Category, Additional Info
  -> Multi-section page detected: ['Mestiere | Location: MESTRE', 'Marghera | Location: Marghera', 'Lido | Location: Lido', 'Materiali | Category: Materiali', 'Materiale elettrico | Category: Materiale elettrico']
  -> Image re-pass enabled (complex layout + ads + 5 sections).
  -> Actual CSV columns: Name,Address,Location,Category,Additional Info
  -> WARNING: 1 rows (3%) missing both Address and Location on page_244.jpg
  -> Section state carries address: S. Marco 264
Done.
Processing: page_245.jpg
  -> Layout type: COMPLEX_LAYOUT
  -> Ad type: PARTIAL_AD
  -> Page type inferred: 
  -> Inferred schema: Name,Address,Location,Category,Additional Info
  -> Final schema: Name, Address, Location, Category, Additional Info
  -> Multi-section page detected: ['Materiale elettrico | Category: Materiale elettrico', 'Materiale elettromeccanico | Category: Materiale elettromeccanico', 'Materiale ferroviario | Category: Materiale ferroviario', 'Materiale fotografico | Category: Materiale fotografico', 'Materiale per mosaici | Category: Materiale per mosaici', 'Materiali plastici | Category: Materiali plastici', 'Materiali radio elettrici | Category: Materiali radio elettrici', 'Lido | Location: Lido', 'Mestre | Location: Mestre']
  -> Image re-pass enabled (complex layout + ads + 9 sections).
  -> Actual CSV columns: Name,Address,Location,Category,Additional Info
  -> WARNING: 7 rows (22%) missing both Address and Location on page_245.jpg
  -> Section state carries address: Dorsoduro 3598
Done.
Processing: page_246.jpg
  -> Layout type: COMPLEX_LAYOUT
  -> Ad type: PARTIAL_AD
  -> Page type inferred: 
  -> Inferred schema: Name,Address,Location,Category,Additional Info
  -> Final schema: Name, Address, Location, Category, Additional Info
  -> Multi-section page detected: ['Materiale | Category: Materiale', 'Materiali refrattari e laterizi | Category: Materiali refrattari e laterizi', 'Marghera | Location: Marghera', 'Murano | Location: Murano', 'Carpenedo | Location: Carpenedo', 'Mestre | Location: Mestre', 'Materiali siderurgici | Category: Materiali siderurgici', 'Materiali tecnici | Category: Materiali tecnici', 'Materie prime per cererie | Category: Materie prime per cererie', 'Materie resinose | Category: Materie resinose', 'Meccanica di precisione | Category: Meccanica di precisione', 'Mediatori | Category: Mediatori', 'Zelarino | Location: Zelarino', 'Favaro Veneto | Location: Favaro Veneto', 'Chirignago | Location: Chirignago', 'Burano | Location: Burano']
  -> Image re-pass enabled (complex layout + ads + 16 sections).
  -> Actual CSV columns: Name,Address,Location,Category,Additional Info
  -> WARNING: 8 rows (12%) missing both Address and Location on page_246.jpg
  -> Section state carries address: San Ludo, 4182
Done.
Processing: page_247.jpg
  -> Layout type: COMPLEX_LAYOUT
  -> Ad type: PARTIAL_AD
  -> Page type inferred: 
  -> Inferred schema: Name,Address,Location,Category,Additional Info
  -> Final schema: Name, Address, Location, Category, Additional Info
  -> Multi-section page detected: ['Camicerie da uomo | Category: Camicerie da uomo', 'Canapa e Lino | Category: Canapa e Lino', 'Candele | Category: Candele', 'Cantieri Navali | Category: Cantieri Navali', 'Agenzie di trasporto | Category: Agenzie di trasporto', 'Lido | Location: Lido', 'Mestre | Location: Mestre', 'Marghera | Location: Marghera', 'Murano | Location: Murano', 'Mediatori | Category: Mediatori', 'e sensali marittimi | Category: e sensali marittimi', 'Medicine | Category: Medicine', 'Mercerie, filati ed affini | Category: Mercerie, filati ed affini', 'Medicinali | Category: Medicinali']
  -> Image re-pass enabled (complex layout + ads + 14 sections).
  -> Actual CSV columns: Name,Address,Location,Category,Additional Info
  -> WARNING: 4 rows (8%) missing both Address and Location on page_247.jpg
  -> Section state carries address: S. Croce 1834
Done.
Processing: page_248.jpg
  -> Layout type: COMPLEX_LAYOUT
  -> Ad type: PARTIAL_AD
  -> Page type inferred: 
  -> Inferred schema: Name,Address,Location,Category,Additional Info
  -> Final schema: Name, Address, Location, Category, Additional Info
  -> Multi-section page detected: ['Camicerie da uomo | Category: Camicerie da uomo', 'Canapa e Lino | Category: Canapa e Lino', 'Candele | Category: Candele', 'Cantieri Navali | Category: Cantieri Navali', 'Agenzie di trasporto | Category: Agenzie di trasporto', 'Lido | Location: Lido', 'Mestre | Location: Mestre', 'Marghera | Location: Marghera', 'Murano | Location: Murano', 'Merletti e ricami | Category: Merletti e ricami', 'MESTRE | Location: MESTRE', 'INSETTICIDI | Category: INSETTICIDI']
  -> Image re-pass enabled (complex layout + ads + 12 sections).
  -> Actual CSV columns: Name,Address,Location,Category,Additional Info
  -> WARNING: 4 rows (9%) missing both Address and Location on page_248.jpg
  -> Section state carries address: S. Polo, 1478
Done.
Processing: page_249.jpg
  -> Layout type: COMPLEX_LAYOUT
  -> Ad type: PARTIAL_AD
  -> Page type inferred: 
  -> Inferred schema: Name,Address,Location,Category,Additional Info
  -> Final schema: Name, Address, Location, Category, Additional Info
  -> Multi-section page detected: ['Camicerie da uomo | Category: Camicerie da uomo', 'Metalli lavorati e bronzi | Category: Metalli lavorati e bronzi', 'Metalli usati | Category: Metalli usati', 'Metano | Category: Metano', '(commercio) | Category: (commercio)', 'Minerali | Category: Minerali', '(commercio) | Category: (commercio)', 'Metalli greggi e lavorati | Category: Metalli greggi e lavorati', 'Messaggerie | Category: Messaggerie', 'Lido | Location: Lido', 'Mestre | Location: Mestre', 'Marghera | Location: Marghera', 'Murano | Location: Murano']
  -> Image re-pass enabled (complex layout + ads + 13 sections).
  -> Actual CSV columns: Name,Address,Location,Category,Additional Info
  -> WARNING: 8 rows (14%) missing both Address and Location on page_249.jpg
  -> Section state carries address: Cannaregio 3707
Done.
Processing: page_250.jpg
  -> Layout type: COMPLEX_LAYOUT
  -> Ad type: PARTIAL_AD
  -> Page type inferred: 
  -> Inferred schema: Name,Address,Location,Category,Additional Info
  -> Final schema: Name, Address, Location, Category, Additional Info
  -> Multi-section page detected: ['Mobili | Category: Mobili', 'Murano | Location: Murano', 'Mestre | Location: Mestre']
  -> Image re-pass enabled (complex layout + ads + 3 sections).
  -> Actual CSV columns: Name,Address,Location,Category,Additional Info
  -> WARNING: 1 rows (4%) missing both Address and Location on page_250.jpg
  -> Section state carries address: Via XXII Marzo 2288
Done.
Processing: page_251.jpg
  -> Layout type: COMPLEX_LAYOUT
  -> Ad type: PARTIAL_AD
  -> Page type inferred: 
  -> Inferred schema: Name,Address,Location,Category,Additional Info
  -> Final schema: Name, Address, Location, Category, Additional Info
  -> Multi-section page detected: ['FABBRICA | Category: FABBRICA', 'MOBILI | Category: MOBILI', 'MESTRE | Location: MESTRE', 'ARREDAMENTI NEGOZI | Category: ARREDAMENTI NEGOZI', 'IMPRESA ARTIGIANA | Category: IMPRESA ARTIGIANA']
  -> Image re-pass enabled (complex layout + ads + 5 sections).
  -> Actual CSV columns: Name,Address,Location,Category,Additional Info
  -> WARNING: 5 rows (11%) missing both Address and Location on page_251.jpg
  -> Section state carries address: Deposito di VENEZIA - S. Giobbe, 465
Done.
Processing: page_252.jpg
  -> Layout type: COMPLEX_LAYOUT
  -> Ad type: PARTIAL_AD
  -> Page type inferred: 
  -> Inferred schema: Name,Address,Location,Category,Additional Info
  -> Final schema: Name, Address, Location, Category, Additional Info
  -> Multi-section page detected: ['MOBILI ARTISTICI | Category: MOBILI ARTISTICI', 'MOBILI DI FERRO | Category: MOBILI DI FERRO', 'MOBILI LACCATI | Category: MOBILI LACCATI', 'MOBILI DI LUSSO E COMUNI | Category: MOBILI DI LUSSO E COMUNI', 'MOBILI D’UFFICIO | Category: MOBILI D’UFFICIO', 'MOBILI USATI | Category: MOBILI USATI', 'MESTRE | Location: MESTRE']
  -> Image re-pass enabled (complex layout + ads + 7 sections).
  -> Actual CSV columns: Name,Address,Location,Category,Additional Info
  -> WARNING: 6 rows (11%) missing both Address and Location on page_252.jpg
  -> Section state carries address: Ca d’Oro 3927A, 3929-29-30
Done.
Processing: page_253.jpg
  -> Layout type: COMPLEX_LAYOUT
  -> Ad type: PARTIAL_AD
  -> Page type inferred: 
  -> Inferred schema: Name,Address,Location,Category,Additional Info
  -> Final schema: Name, Address, Location, Category, Additional Info
  -> Multi-section page detected: ['Mobilifici | Category: Mobilifici', 'Mode | Category: Mode', 'Modelli abiti signora | Category: Modelli abiti signora', 'Modisterie | Category: Modisterie', 'Molini | Category: Molini', 'MESTRE | Location: Mestre', 'Lido | Location: Lido', 'Marghera | Location: Marghera']
  -> Image re-pass enabled (complex layout + ads + 8 sections).
  -> Actual CSV columns: Name,Address,Location,Category,Additional Info
  -> WARNING: 1 rows (1%) missing both Address and Location on page_253.jpg
  -> Section state carries address: Porto Marghera, Tel. 50-302, 50-303, 50-304, Giudecca 810-20
Done.
Processing: page_254.jpg
  -> Layout type: COMPLEX_LAYOUT
  -> Ad type: Based on the provided text, the page contains elements that resemble advertisements. These include decorative text blocks such as "ORSONI A. MOSAICI," which displays visually separated and formatted content, and "VISTOSI GUIDO OFFICINA RIPARAZIONI MOTO E CICLI NOLEGGI," which presents promotional content and distinctive formatting compared to the rest of the directory entries. Additionally, the text "Mosaići decarativi monumentali in logamenti per altari" presents features of marketing-style content rather than structured directory entries.


Therefore, this page should be labeled as PARTIAL_AD, as it contains a mix of directory content and advertisement-like content.
  -> Page type inferred: 
  -> Inferred schema: Name,Address,Location,Category,Additional Info
  -> Final schema: Name, Address, Location, Category, Additional Info
  -> Multi-section page detected: ['Mosaici | Category: Mosaici', 'Murano | Location: Murano', 'Mostarda | Category: Mostarda', 'Motocarsutura | Category: Motocarsutura', 'Morocicli | Category: Morocicli', 'Mestre | Location: Mestre', 'Marghera | Location: Marghera']
  -> Actual CSV columns: Name,Address,Location,Category,Additional Info
  -> Section state carries address: Via Felisati 31
Done.
Processing: page_255.jpg
  -> Layout type: COMPLEX_LAYOUT
  -> Ad type: PARTIAL_AD
  -> Page type inferred: 
  -> Inferred schema: Name,Address,Location,Category,Additional Info
  -> Final schema: Name, Address, Location, Category, Additional Info
  -> Multi-section page detected: ['Motori | Category: Motori', 'Motori marini | Category: Motori marini', 'Musica | Category: Musica', 'Nafta | Category: Nafta', 'Naftalina | Category: Naftalina', 'Nailon | Category: Nailon', 'Nastri di fibra | Category: Nastri di fibra', 'Navi | Category: Navi', 'Navi (demolizione) | Category: Navi (demolizione)', 'Navi in cemento | Category: Navi in cemento', 'Navi in legno | Category: Navi in legno', 'Navigazione aerea | Category: Navigazione aerea', 'Navigazione fluviale | Category: Navigazione fluviale', 'Navigazione lagunare | Category: Navigazione lagunare', 'Marghera | Location: Marghera', 'Mestre | Location: Mestre', 'Murano | Location: Murano', 'Lido | Location: Lido']
  -> Image re-pass enabled (complex layout + ads + 18 sections).
  -> Actual CSV columns: Name,Address,Location,Category,Additional Info
  -> WARNING: 15 rows (27%) missing both Address and Location on page_255.jpg
  -> Section state carries address: "S. Angelo 3880"
Done.
Processing: page_256.jpg
  -> Layout type: COMPLEX_LAYOUT
  -> Ad type: PARTIAL_AD
  -> Page type inferred: 
  -> Inferred schema: Name,Address,Location,Category,Additional Info
  -> Final schema: Name, Address, Location, Category, Additional Info
  -> Multi-section page detected: ['Navigazione marittima | Category: Navigazione marittima', 'Nettezza urbana | Category: Nettezza urbana', 'Nichelatura | Category: Nichelatura', 'Noleggio imbarcazioni | Category: Noleggio imbarcazioni', 'Officine per carica accumulatori | Category: Officine per carica accumulatori', 'Officine elettromeccaniche | Category: Officine elettromeccaniche', 'Officine fabbrili | Category: Officine fabbrili', 'Officine industria alluminio | Category: Officine industria alluminio', 'Officine meccaniche metallurgiche e costruzioni in ferro | Category: Officine meccaniche metallurgiche e costruzioni in ferro', 'Mestre | Location: Mestre', 'Marghera | Location: Marghera', 'Murano | Location: Murano']
  -> Image re-pass enabled (complex layout + ads + 12 sections).
  -> Actual CSV columns: Name,Address,Location,Category,Additional Info
  -> Section state carries address: Giudecca 38
Done.
Processing: page_257.jpg
  -> Layout type: COMPLEX_LAYOUT
  -> Ad type: The page includes both structured directory content and advertisement-like content. The presence of decorative and differentiated blocks, specifically the sections for "Premiata Officina Fabbrile Meccanica con Torneria" and "VISITOSI GUIDO," along with unique formatting and promotional text, indicates that there is advertisement content present. Therefore, this page should be labeled as PARTIAL_AD.
  -> Page type inferred: 
  -> Inferred schema: Name,Address,Location,Category,Additional Info
  -> Final schema: Name, Address, Location, Category, Additional Info
  -> Multi-section page detected: ['CANTIERI NAVALI | Category: CANTIERI NAVALI', 'MESTRE | Location: MESTRE', 'LIDO | Location: LIDO', 'MARGHERA | Location: MARGHERA']
  -> Actual CSV columns: Name,Address,Location,Category,Additional Info
  -> WARNING: 1 rows (2%) missing both Address and Location on page_257.jpg
  -> Section state carries address: Via XXII Marzo, 2288
Done.
Processing: page_258.jpg
  -> Layout type: COMPLEX_LAYOUT
  -> Ad type: PARTIAL_AD
  -> Page type inferred: 
  -> Inferred schema: Name,Address,Location,Category,Additional Info
  -> Final schema: Name, Address, Location, Category, Additional Info
  -> Multi-section page detected: ['Officine meccaniche e saldature | Category: Officine meccaniche e saldature', 'Mestre | Location: Mestre', 'Officine riparazioni auto | Category: Officine riparazioni auto', 'Officine riparazioni macchine | Category: Officine riparazioni macchine', 'Officine riparazioni macchine per scrivere | Category: Officine riparazioni macchine per scrivere', 'Officine riparazioni moto | Category: Officine riparazioni moto', 'Oggetti artistici per regali | Category: Oggetti artistici per regali', 'Oggetti artistici specialità veneziane ed affini | Category: Oggetti artistici specialità veneziane ed affini', 'Lido | Location: Lido', 'Murano | Location: Murano']
  -> Image re-pass enabled (complex layout + ads + 10 sections).
  -> Actual CSV columns: Name,Address,Location,Category,Additional Info
  -> WARNING: 7 rows (10%) missing both Address and Location on page_258.jpg
  -> Section state carries address: S. Marco 8555.6.6
Done.
Processing: page_259.jpg
  -> Layout type: COMPLEX_LAYOUT
  -> Ad type: The page contains predominantly structured directory content, yet it includes some entries and formats associated with advertisements or promotional text, such as "Ditta Rigattieri Renato" and the complete office furniture and accessories ad labeled "duse." These are formatted differently and stylized to stand out, indicative of advertising content. Therefore, this page should be classified as PARTIAL_AD.
  -> Page type inferred: 
  -> Inferred schema: Name,Address,Location,Category,Additional Info
  -> Final schema: Name, Address, Location, Category, Additional Info
  -> Multi-section page detected: ['Oggetti di piombo | Category: Oggetti di piombo', 'Oggetti preziosi ed affini | Category: Oggetti preziosi ed affini', 'Oggetti soffiati e pressati | Category: Oggetti soffiati e pressati', 'Oggetti usati | Category: Oggetti usati', 'Lido | Location: Lido', 'Mestre | Location: Mestre', 'Murano | Location: Murano']
  -> Actual CSV columns: Name,Address,Location,Category,Additional Info
  -> WARNING: 3 rows (7%) missing both Address and Location on page_259.jpg
  -> Section state carries address: Cannaregio 2880, Venezia - San Marco - Calle dei Frati - N. 3535
Done.
Processing: page_260.jpg
  -> Layout type: COMPLEX_LAYOUT
  -> Ad type: PARTIAL_AD
  -> Page type inferred: 
  -> Inferred schema: Name,Address,Location,Category,Additional Info
  -> Final schema: Name, Address, Location, Category, Additional Info
  -> Multi-section page detected: ['Olii combustibili | Category: Olii combustibili', 'Mestre | Location: Mestre', 'Marghera | Location: Marghera', 'Olii commestibili ed affini | Category: Olii commestibili ed affini', 'Olii, grassi, carburanti | Category: Olii, grassi, carburanti', 'Olii, grassi lubrificanti | Category: Olii, grassi lubrificanti', 'Olii minerali | Category: Olii minerali', 'Olive | Category: Olive', 'Ombrelli | Category: Ombrelli']
  -> Image re-pass enabled (complex layout + ads + 9 sections).
  -> Actual CSV columns: Name,Address,Location,Category,Additional Info
  -> WARNING: 7 rows (9%) missing both Address and Location on page_260.jpg
  -> Section state carries address: San Luca, 4152 e a
Done.
Processing: page_261.jpg
  -> Layout type: COMPLEX_LAYOUT
  -> Ad type: PARTIAL_AD
  -> Page type inferred: 
  -> Inferred schema: Name,Address,Location,Category,Additional Info
  -> Final schema: Name, Address, Location, Category, Additional Info
  -> Multi-section page detected: ['Oreficerie, Gioiellerie | Category: Oreficerie, Gioiellerie', 'Orologerie | Category: Orologerie', 'Orologi | Category: Orologi', 'Mestre | Location: Mestre', 'Giudecca | Location: Giudecca']
  -> Image re-pass enabled (complex layout + ads + 5 sections).
  -> Actual CSV columns: Name,Address,Location,Category,Additional Info
  -> WARNING: 5 rows (6%) missing both Address and Location on page_261.jpg
  -> Section state carries address: Orologeria, Specialista Cronometri Eberhard & C., San Bartolomeo 5535-36 (vicino Posta Centrale)
Done.
Processing: page_262.jpg
  -> Layout type: COMPLEX_LAYOUT
  -> Ad type: PARTIAL_AD
  -> Page type inferred: 
  -> Inferred schema: Name,Address,Location,Category,Additional Info
  -> Final schema: Name, Address, Location, Category, Additional Info
  -> Multi-section page detected: ['Orologeria tecnica, industriale, scientifica | Category: Orologeria tecnica, industriale, scientifica', 'Ortaggi | Category: Ortaggi', 'Ortaggi e legumi | Category: Ortaggi e legumi', 'Orzo | Category: Orzo', 'Ossidi metallici | Category: Ossidi metallici', 'Ossigeno | Category: Ossigeno', 'Osterie | Category: Osterie', 'Mestre | Location: Mestre', 'Murano | Location: Murano', 'Porto Marghera | Location: Porto Marghera', 'Giudecca | Location: Giudecca', 'Pellestrina | Location: Pellestrina', 'Cannaregio | Location: Cannaregio', 'Dorsoduro | Location: Dorsoduro', 'S. Marco | Location: S. Marco', 'Castello | Location: Castello', 'S. Polo | Location: S. Polo', 'SS. Apostoli | Location: SS. Apostoli', 'S. Elena | Location: S. Elena', 'S. Croce | Location: S. Croce', 'Lido | Location: Lido', 'Marittima | Location: Marittima']
  -> Image re-pass enabled (complex layout + ads + 22 sections).
  -> Actual CSV columns: Name,Address,Location,Category,Additional Info
  -> WARNING: 7 rows (8%) missing both Address and Location on page_262.jpg
  -> Section state carries address: VIA XVII Marzo n. 2225
Done.
Processing: page_263.jpg
  -> Layout type: COMPLEX_LAYOUT
  -> Ad type: PARTIAL_AD
  -> Page type inferred: 
  -> Inferred schema: Name,Address,Location,Category,Additional Info
  -> Final schema: Name, Address, Location, Category, Additional Info
  -> Multi-section page detected: ['Camicerie da uomo | Category: Camicerie da uomo', 'Canapa e Lino | Category: Canapa e Lino', 'Candele | Category: Candele', 'Cantieri Navali | Category: Cantieri Navali', 'Agenzie di trasporto | Category: Agenzie di trasporto', 'Lido | Location: Lido', 'Mestre | Location: Mestre', 'Marghera | Location: Marghera', 'Murano | Location: Murano']
  -> Image re-pass enabled (complex layout + ads + 9 sections).
  -> Actual CSV columns: Name,Address,Location,Category,Additional Info
  -> WARNING: 5 rows (5%) missing both Address and Location on page_263.jpg
  -> Section state carries address: Merceria dell'Orologio, 263
Done.
Processing: page_264.jpg
  -> Layout type: COMPLEX_LAYOUT
  -> Ad type: PARTIAL_AD
  -> Page type inferred: 
  -> Inferred schema: Name,Address,Location,Category,Additional Info
  -> Final schema: Name, Address, Location, Category, Additional Info
  -> Multi-section page detected: ['Camicerie da uomo | Category: Camicerie da uomo', 'Canapa e Lino | Category: Canapa e Lino', 'Candele | Category: Candele', 'Cantieri Navali | Category: Cantieri Navali', 'Agenzie di trasporto | Category: Agenzie di trasporto', 'Lido | Location: Lido', 'Mestre | Location: Mestre', 'Marghera | Location: Marghera']
  -> Image re-pass enabled (complex layout + ads + 8 sections).
  -> Actual CSV columns: Name,Address,Location,Category,Additional Info
  -> WARNING: 8 rows (21%) missing both Address and Location on page_264.jpg
  -> Section state carries address: Rialto Rughetta Ravano, 1052-53
Done.
Processing: page_265.jpg
  -> Layout type: COMPLEX_LAYOUT
  -> Ad type: NO_AD (pure structured directory content)
  -> Page type inferred: 
  -> Inferred schema: Name,Address,Location,Category,Additional Info
  -> Final schema: Name, Address, Location, Category, Additional Info
  -> Multi-section page detected: ['Palombari | Category: Palombari', 'Panelli | Category: Panelli', 'Panifici | Category: Panifici', 'Lido | Location: Lido', 'Mestre | Location: Mestre', 'Marghera | Location: Marghera', 'Murano | Location: Murano', 'Favaro Veneto | Location: Favaro Veneto', 'S. Polo | Location: S. Polo', 'Burano | Location: Burano', 'Giudecca | Location: Giudecca', 'Chirignago | Location: Chirignago', 'Treporti | Location: Treporti', 'Pellestrina | Location: Pellestrina', 'Cavallino | Location: Cavallino']
  -> Actual CSV columns: Name,Address,Location,Category,Additional Info
  -> Section state carries address: Aggredingale 488
Done.
Processing: page_266.jpg
  -> Layout type: COMPLEX_LAYOUT
  -> Ad type: PARTIAL_AD
  -> Page type inferred: 
  -> Inferred schema: Name,Address,Location,Category,Additional Info
  -> Final schema: Name, Address, Location, Category, Additional Info
  -> Multi-section page detected: ['Camicerie da uomo | Category: Camicerie da uomo', 'Canapa e Lino | Category: Canapa e Lino', 'Candele | Category: Candele', 'Cantieri Navali | Category: Cantieri Navali', 'Agenzie di trasporto | Category: Agenzie di trasporto', 'Lido | Location: Lido', 'Mestre | Location: Mestre', 'Marghera | Location: Marghera', 'Murano | Location: Murano', 'Pellestrina | Location: Pellestrina', 'Pantofolai | Category: Pantofolai', 'Pantofolai di sughero | Category: Pantofolai di sughero', 'Paraffina | Category: Paraffina', 'Paranchi e organi | Category: Paranchi e organi', 'Parrucchieri per signora | Category: Parrucchieri per signora', 'Pasticcerie ed affini | Category: Pasticcerie ed affini']
  -> Image re-pass enabled (complex layout + ads + 16 sections).
  -> Actual CSV columns: Name,Address,Location,Category,Additional Info
  -> WARNING: 7 rows (11%) missing both Address and Location on page_266.jpg
  -> Section state carries address: VENEZIA - Via XXI Marzo, 2228
Done.
Processing: page_267.jpg
  -> Layout type: COMPLEX_LAYOUT
  -> Ad type: The page primarily consists of a structured directory listing various names, addresses, and businesses. However, towards the bottom, there is content that resembles an ad: "ANTICA RINOMATA PASTICCERIA VINI CON FETTERIA - LIQUORI DINON VENEZIA CASTELLO SALIZZADA DEI GRECI 3306." This content is visually distinct and promotional, which suggests that it may be an advertisement. Therefore, the correct label for this page is PARTIAL_AD, as there is directory content mixed with advertisement-like content.
  -> Page type inferred: 
  -> Inferred schema: Name,Address,Location,Category,Additional Info
  -> Final schema: Name, Address, Location, Category, Additional Info
  -> Multi-section page detected: ['Camicerie da uomo | Category: Camicerie da uomo', 'Canapa e Lino | Category: Canapa e Lino', 'Candele | Category: Candele', 'Cantieri Navali | Category: Cantieri Navali', 'Agenzie di trasporto | Category: Agenzie di trasporto', 'Lido | Location: Lido', 'Mestre | Location: Mestre', 'Marghera | Location: Marghera', 'Murano | Location: Murano', 'Pasticcerie, Liquori, Vini | Category: Pasticcerie, Liquori, Vini', 'Pastifici | Category: Pastifici', 'Pavimentazioni | Category: Pavimentazioni', 'Peci e estrame | Category: Peci e estrame', 'Pellami e cuoi | Category: Pellami e cuoi']
  -> Actual CSV columns: Name,Address,Location,Category,Additional Info
  -> WARNING: 5 rows (5%) missing both Address and Location on page_267.jpg
  -> Section state carries address: Castello, Salizzada dei Greci, 3306
Done.
Processing: page_268.jpg
  -> Layout type: COMPLEX_LAYOUT
  -> Ad type: PARTIAL_AD
  -> Page type inferred: 
  -> Inferred schema: Name,Address,Location,Category,Additional Info
  -> Final schema: Name, Address, Location, Category, Additional Info
  -> Multi-section page detected: ['Camicerie da uomo | Category: Camicerie da uomo', 'Canapa e Lino | Category: Canapa e Lino', 'Candele | Category: Candele', 'Cantieri Navali | Category: Cantieri Navali', 'Agenzie di trasporto | Category: Agenzie di trasporto', 'Mestre | Location: Mestre']
  -> Image re-pass enabled (complex layout + ads + 6 sections).
  -> Actual CSV columns: Name,Address,Location,Category,Additional Info
  -> WARNING: 6 rows (10%) missing both Address and Location on page_268.jpg
  -> Section state carries address: S. Maria Formosa, 5868
Done.
Processing: page_269.jpg
  -> Layout type: COMPLEX_LAYOUT
  -> Ad type: PARTIAL_AD
  -> Page type inferred: 
  -> Inferred schema: Name,Address,Location,Category,Additional Info
  -> Final schema: Name, Address, Location, Category, Additional Info
  -> Multi-section page detected: ['Camicerie da uomo | Category: Camicerie da uomo', 'Canapa e Lino | Category: Canapa e Lino', 'Candele | Category: Candele', 'Cantieri Navali | Category: Cantieri Navali', 'Agenzie di trasporto | Category: Agenzie di trasporto', 'Lido | Location: Lido', 'Mestre | Location: Mestre', 'Marghera | Location: Marghera', 'Murano | Location: Murano']
  -> Image re-pass enabled (complex layout + ads + 9 sections).
  -> Actual CSV columns: Name,Address,Location,Category,Additional Info
  -> WARNING: 2 rows (3%) missing both Address and Location on page_269.jpg
  -> Section state carries address: S. Polo 979
Done.
Processing: page_270.jpg
  -> Layout type: COMPLEX_LAYOUT
  -> Ad type: PARTIAL_AD
  -> Page type inferred: 
  -> Inferred schema: Name,Address,Location,Category,Additional Info
  -> Final schema: Name, Address, Location, Category, Additional Info
  -> Multi-section page detected: ['Camicerie da uomo | Category: Camicerie da uomo', 'Canapa e Lino | Category: Canapa e Lino', 'Candele | Category: Candele', 'Cantieri Navali | Category: Cantieri Navali', 'Pesce conserva | Category: Pesce conserva', 'Pesce e crostacei | Category: Pesce e crostacei', 'Petrolio, benzina e derivati | Category: Petrolio, benzina e derivati', 'Pianoforti | Category: Pianoforti', 'Picchettaggio o verniciature piroseffi | Category: Picchettaggio o verniciature piroseffi', 'Pietra artificiale | Category: Pietra artificiale', 'Piloti | Category: Piloti', 'Piombo e zinco | Category: Piombo e zinco', 'Pirometri | Category: Pirometri', 'Pescicoltura | Category: Pescicoltura', 'Pittori decoratori | Category: Pittori decoratori', 'Lido | Location: Lido', 'Mestre | Location: Mestre', 'Marghera | Location: Marghera', 'Murano | Location: Murano']
  -> Image re-pass enabled (complex layout + ads + 19 sections).
  -> Actual CSV columns: Name,Address,Location,Category,Additional Info
  -> WARNING: 11 rows (20%) missing both Address and Location on page_270.jpg
  -> Section state carries address: Mestre, Via Garibaldi 54, 3650-A, 1479
Done.
Processing: page_271.jpg
  -> Layout type: COMPLEX_LAYOUT
  -> Ad type: PARTIAL_AD
  -> Page type inferred: 
  -> Inferred schema: Name,Address,Location,Category,Additional Info
  -> Final schema: Name, Address, Location, Category, Additional Info
  -> Multi-section page detected: ['Camicerie da uomo | Category: Camicerie da uomo', 'Canapa e Lino | Category: Canapa e Lino', 'Candele | Category: Candele', 'Cantieri Navali | Category: Cantieri Navali', 'Agenzie di trasporto | Category: Agenzie di trasporto', 'Lido | Location: Lido', 'Mestre | Location: Mestre', 'Marghera | Location: Marghera', 'Murano | Location: Murano', 'Pittori e decoratori industriali | Category: Pittori e decoratori industriali', 'Pitturazioni industriali | Category: Pitturazioni industriali', 'Pizzi e ricami | Category: Pizzi e ricami', 'Pneumatici per auto | Category: Pneumatici per auto', 'Pollerie | Category: Pollerie', 'Pomici, detriti e conglomerati | Category: Pomici, detriti e conglomerati', 'Pompe funebri | Category: Pompe funebri', 'Pompe, motopompe, elettropompe | Category: Pompe, motopompe, elettropompe', 'Macchine per scrivere - Calcolatrici - Duplicatori | Category: Macchine per scrivere - Calcolatrici - Duplicatori']
  -> Image re-pass enabled (complex layout + ads + 18 sections).
  -> Actual CSV columns: Name,Address,Location,Category,Additional Info
  -> Section state carries address: VENEZIA - Via XXII Marzo 2288
Done.
Processing: page_272.jpg
  -> Layout type: COMPLEX_LAYOUT
  -> Ad type: PARTIAL_AD
  -> Page type inferred: 
  -> Inferred schema: Name,Address,Location,Category,Additional Info
  -> Final schema: Name, Address, Location, Category, Additional Info
  -> Multi-section page detected: ['Porcellane | Category: Porcellane', 'Portabagagli | Category: Portabagagli', 'Potature e taglio alberi | Category: Potature e taglio alberi', 'Prefabbricati | Category: Prefabbricati', 'Prodottt agricoli | Category: Prodottt agricoli', 'Prodotri anliparassilari | Category: Prodotri anliparassilari', 'Prodotti antisettifughi | Category: Prodotti antisettifughi', 'Prodotri ozonici | Category: Prodotri ozonici', 'Prodotti chimici | Category: Prodotti chimici', 'Prodotti coloranti | Category: Prodotti coloranti', 'Lido | Location: Lido', 'Mestre | Location: Mestre', 'Marghera | Location: Marghera', 'Murano | Location: Murano']
  -> Image re-pass enabled (complex layout + ads + 14 sections).
  -> Actual CSV columns: Name,Address,Location,Category,Additional Info
  -> WARNING: 12 rows (21%) missing both Address and Location on page_272.jpg
  -> Section state carries address: Cannaregio 3821
Done.
Processing: page_273.jpg
  -> Layout type: COMPLEX_LAYOUT
  -> Ad type: PARTIAL_AD
  -> Page type inferred: 
  -> Inferred schema: Name,Address,Location,Category,Additional Info
  -> Final schema: Name, Address, Location, Category, Additional Info
  -> Multi-section page detected: ['Prodotti farmaceutici | Category: Prodotti farmaceutici', 'Mestre | Location: Mestre', 'Prodotti industriali | Category: Prodotti industriali', 'Prodotti e sottoprodotti petroliferi | Category: Prodotti e sottoprodotti petroliferi', 'Prodotti tessili | Category: Prodotti tessili', 'Prodotti vetrari | Category: Prodotti vetrari', 'Profumerie | Category: Profumerie', 'Lido | Location: Lido', 'Porto Marghera | Location: Porto Marghera']
  -> Image re-pass enabled (complex layout + ads + 9 sections).
  -> Actual CSV columns: Name,Address,Location,Category,Additional Info
  -> WARNING: 1 rows (1%) missing both Address and Location on page_273.jpg
  -> Section state carries address: S. Marco 288
Done.
Processing: page_274.jpg
  -> Layout type: COMPLEX_LAYOUT
  -> Ad type: PARTIAL_AD
  -> Page type inferred: 
  -> Inferred schema: Name,Address,Location,Category,Additional Info
  -> Final schema: Name, Address, Location, Category, Additional Info
  -> Multi-section page detected: ['Camicerie da uomo | Category: Camicerie da uomo', 'Canapa e Lino | Category: Canapa e Lino', 'Candele | Category: Candele', 'Cantieri Navali | Category: Cantieri Navali', 'Profumi e affini | Category: Profumi e affini', 'Provveditori marittimi | Category: Provveditori marittimi', 'Pubblicità | Category: Pubblicità', 'Puli ture vetri e pavimenti | Category: Puli ture vetri e pavimenti', 'Pulizia uffici | Category: Pulizia uffici', 'Pulizia vettura FF. SS. | Category: Pulizia vettura FF. SS.', 'Quadri - riproduzioni ed oggetti artistici | Category: Quadri - riproduzioni ed oggetti artistici', 'Quadri di manovra e comando | Category: Quadri di manovra e comando', 'Recordi ferroviari | Category: Recordi ferroviari', 'Radio e Radiogrammofoni | Category: Radio e Radiogrammofoni', 'Lido | Location: Lido', 'Mestre | Location: Mestre', 'Marghera | Location: Marghera', 'Murano | Location: Murano']
  -> Image re-pass enabled (complex layout + ads + 18 sections).
  -> Actual CSV columns: Name,Address,Location,Category,Additional Info
  -> WARNING: 13 rows (20%) missing both Address and Location on page_274.jpg
  -> Section state carries address: S. Croce 4-B
Done.
Processing: page_275.jpg
  -> Layout type: COMPLEX_LAYOUT
  -> Ad type: PARTIAL_AD
  -> Page type inferred: 
  -> Inferred schema: Name,Address,Location,Category,Additional Info
  -> Final schema: Name, Address, Location, Category, Additional Info
  -> Multi-section page detected: ['Camicerie da uomo | Category: Camicerie da uomo', 'Canapa e Lino | Category: Canapa e Lino', 'Candele | Category: Candele', 'Cantieri Navali | Category: Cantieri Navali', 'Agenzie di trasporto | Category: Agenzie di trasporto', 'Murano | Location: Murano', 'Mestre | Location: Mestre']
  -> Image re-pass enabled (complex layout + ads + 7 sections).
  -> Actual CSV columns: Name,Address,Location,Category,Additional Info
  -> Section state carries address: Dorsoduro 2754
Done.
Processing: page_276.jpg
  -> Layout type: COMPLEX_LAYOUT
  -> Ad type: The page contains a mix of directory content and what appears to be advertisement-like content. Several sections stand out, such as "STUDIO RADIOELETTROTECNICO," "Radio Barguolo," and "Forniture complete MOBILI e ACCESSORI per UFFICIO 'duse'," which are formatted differently or promotional in tone and style. Since there is advertisement-like content present, even if not overwhelming, the page should be labeled as PARTIAL_AD.
  -> Page type inferred: 
  -> Inferred schema: Name,Address,Location,Category,Additional Info
  -> Final schema: Name, Address, Location, Category, Additional Info
  -> Multi-section page detected: ['Camicerie da uomo | Category: Camicerie da uomo', 'Canapa e Lino | Category: Canapa e Lino', 'Candele | Category: Candele', 'Cantieri Navali | Category: Cantieri Navali', 'Agenzie di trasporto | Category: Agenzie di trasporto', 'Lido | Location: Lido', 'Mestre | Location: Mestre', 'Marghera | Location: Marghera', 'Murano | Location: Murano', 'Rappresentanti e comissionisti | Category: Rappresentanti e comissionisti', 'auto, cicli e accessori | Category: auto, cicli e accessori', 'apparecchi e materiale radio | Category: apparecchi e materiale radio', 'articoli casalinghi | Category: articoli casalinghi', 'articoli elettrici | Category: articoli elettrici', 'assicurazioni | Category: assicurazioni', 'articoli in vetro | Category: articoli in vetro', 'calzature | Category: calzature', 'Radio | Category: Radio', 'Radiomeccanica | Category: Radiomeccanica', 'Radiotecnica | Category: Radiotecnica', 'Raffinerie | Category: Raffinerie']
  -> Actual CSV columns: Name,Address,Location,Category,Additional Info
  -> WARNING: 17 rows (25%) missing both Address and Location on page_276.jpg
  -> Section state carries address: Via dei Petroli 4
Done.
Processing: page_277.jpg
  -> Layout type: COMPLEX_LAYOUT
  -> Ad type: PARTIAL_AD
  -> Page type inferred: 
  -> Inferred schema: Name,Address,Location,Category,Additional Info
  -> Final schema: Name, Address, Location, Category, Additional Info
  -> Multi-section page detected: ['camicerie da uomo | Category: camicerie da uomo', 'canapa e lino | Category: canapa e lino', 'candele | Category: candele', 'cantieri navali | Category: cantieri navali', 'agenzie di trasporto | Category: agenzie di trasporto', 'Lido | Location: Lido', 'Mestre | Location: Mestre', 'Marghera | Location: Marghera', 'Murano | Location: Murano']
  -> Image re-pass enabled (complex layout + ads + 9 sections).
  -> Actual CSV columns: Name,Address,Location,Category,Additional Info
  -> WARNING: 12 rows (12%) missing both Address and Location on page_277.jpg
  -> Section state carries address: "Venezia - Via XXII Marzo, 2288"
Done.
Processing: page_278.jpg
  -> Layout type: COMPLEX_LAYOUT
  -> Ad type: PARTIAL_AD
  -> Page type inferred: 
  -> Inferred schema: Name,Address,Location,Category,Additional Info
  -> Final schema: Name, Address, Location, Category, Additional Info
  -> Multi-section page detected: ['macchinari | Category: macchinari', 'materiali edili | Category: materiali edili', 'pellami | Category: pellami', 'prodotti chimici | Category: prodotti chimici', 'Lido | Location: Lido', 'Mestre | Location: Mestre', 'Marghera | Location: Marghera']
  -> Image re-pass enabled (complex layout + ads + 7 sections).
  -> Actual CSV columns: Name,Address,Location,Category,Additional Info
  -> WARNING: 1 rows (1%) missing both Address and Location on page_278.jpg
  -> Section state carries address: VENEZIA - S. Polo, 1479, Telefono 24 - 206
Done.
Processing: page_279.jpg
  -> Layout type: COMPLEX_LAYOUT
  -> Ad type: PARTIAL_AD
  -> Page type inferred: 
  -> Inferred schema: Name,Address,Location,Category,Additional Info
  -> Final schema: Name, Address, Location, Category, Additional Info
  -> Multi-section page detected: ['Camicerie da uomo | Category: Camicerie da uomo', 'Canapa e Lino | Category: Canapa e Lino', 'Candele | Category: Candele', 'Cantieri Navali | Category: Cantieri Navali', 'Officine | Category: Officine', 'profumi | Category: profumi', 'tessuti confezioni filati | Category: tessuti confezioni filati', 'Rappresentanze tecnica | Category: Rappresentanze tecnica', 'Rappresentanze varie | Category: Rappresentanze varie', 'Lido | Location: Lido', 'Mestre | Location: Mestre', 'Marghera | Location: Marghera', 'Murano | Location: Murano']
  -> Image re-pass enabled (complex layout + ads + 13 sections).
  -> Actual CSV columns: Name,Address,Location,Category,Additional Info
  -> WARNING: 3 rows (4%) missing both Address and Location on page_279.jpg
  -> Section state carries address: VENEZIA - Via XXII Marzo, 2288
Done.
Processing: page_280.jpg
  -> Layout type: COMPLEX_LAYOUT
  -> Ad type: PARTIAL_AD
  -> Page type inferred: 
  -> Inferred schema: Name,Address,Location,Category,Additional Info
  -> Final schema: Name, Address, Location, Category, Additional Info
  -> Multi-section page detected: ['Canapa e Lino | Category: Canapa e Lino', 'Cantieri Navali | Category: Cantieri Navali', 'Refrettari | Category: Refrettari', 'Marghera | Location: Marghera', 'Mestre | Location: Mestre', 'Lido | Location: Lido']
  -> Image re-pass enabled (complex layout + ads + 6 sections).
  -> Actual CSV columns: Name,Address,Location,Category,Additional Info
  -> WARNING: 2 rows (2%) missing both Address and Location on page_280.jpg
  -> Section state carries address: San Luca 4182
Done.
Processing: page_281.jpg
  -> Layout type: COMPLEX_LAYOUT
  -> Ad type: PARTIAL_AD
  -> Page type inferred: 
  -> Inferred schema: Name,Address,Location,Category,Additional Info
  -> Final schema: Name, Address, Location, Category, Additional Info
  -> Multi-section page detected: ['Refrattari - laterizi e calce | Category: Refrattari - laterizi e calce', 'Registratori di cassa | Category: Registratori di cassa', 'Regolatori di temperatura | Category: Regolatori di temperatura', 'Reti e articoli da pesca | Category: Reti e articoli da pesca', 'Reti metalliche | Category: Reti metalliche', 'Ricami artistici | Category: Ricami artistici', 'Ricerche | Category: Ricerche', 'Ricerche minerarie | Category: Ricerche minerarie', 'Recuperi autarchici | Category: Recuperi autarchici', 'Recuperi detriti carbone | Category: Recuperi detriti carbone', 'ceneraccio | Category: ceneraccio', 'Ricuperi marittimi | Category: Ricuperi marittimi', 'Ricuperi navali | Category: Ricuperi navali', 'Rimorchiatori | Category: Rimorchiatori', 'Marghera | Location: Marghera', 'Mestre | Location: Mestre', 'Giudecca | Location: Giudecca']
  -> Image re-pass enabled (complex layout + ads + 17 sections).
  -> Actual CSV columns: Name,Address,Location,Category,Additional Info
  -> WARNING: 13 rows (21%) missing both Address and Location on page_281.jpg
  -> Section state carries address: Via XXII Marzo, 2288
Done.
Processing: page_282.jpg
  -> Layout type: COMPLEX_LAYOUT
  -> Ad type: PARTIAL_AD
  -> Page type inferred: 
  -> Inferred schema: Name,Address,Location,Category,Additional Info
  -> Final schema: Name, Address, Location, Category, Additional Info
  -> Multi-section page detected: ['Riparazioni autoveicoli | Category: Riparazioni autoveicoli', 'Riparazioni barche e motori | Category: Riparazioni barche e motori', 'Riparazioni calzature e cappelli | Category: Riparazioni calzature e cappelli', 'Riparazioni carrozzerie per auto | Category: Riparazioni carrozzerie per auto', 'Riparazioni impianti tecnici e igienici | Category: Riparazioni impianti tecnici e igienici', 'Riparazioni riavvolgimenti macchine elettriche | Category: Riparazioni riavvolgimenti macchine elettriche', 'Riparazioni sacchi | Category: Riparazioni sacchi', 'Riscaldamento | Category: Riscaldamento', 'Riscaldamento e fumisterie | Category: Riscaldamento e fumisterie', 'Riscaldamento e termosifoni | Category: Riscaldamento e termosifoni', 'Riserie | Category: Riserie', 'Ristoranti | Category: Ristoranti', 'Marghera | Location: Marghera', 'Mestre | Location: Mestre', 'S. Croce | Location: S. Croce', 'S. Marco | Location: S. Marco', 'San Marco | Location: San Marco', 'Lido | Location: Lido', 'S. Polo | Location: S. Polo', 'Cannaregio | Location: Cannaregio', 'S. Luca | Location: S. Luca', 'Dorsoduro | Location: Dorsoduro']
  -> Image re-pass enabled (complex layout + ads + 22 sections).
  -> Actual CSV columns: Name,Address,Location,Category,Additional Info
  -> Section state carries address: S. Polo, 1479
Done.
Processing: page_283.jpg
  -> Layout type: COMPLEX_LAYOUT
  -> Ad type: PARTIAL_AD
  -> Page type inferred: 
  -> Inferred schema: Name,Address,Location,Category,Additional Info
  -> Final schema: Name, Address, Location, Category, Additional Info
  -> Multi-section page detected: ['Camicerie da uomo | Category: Camicerie da uomo', 'Canapa e Lino | Category: Canapa e Lino', 'Candele | Category: Candele', 'Cantieri Navali | Category: Cantieri Navali', 'Agenzie di trasporto | Category: Agenzie di trasporto', 'Lido | Location: Lido']
  -> Image re-pass enabled (complex layout + ads + 6 sections).
  -> Actual CSV columns: Name,Address,Location,Category,Additional Info
  -> WARNING: 1 rows (3%) missing both Address and Location on page_283.jpg
  -> Section state carries address: San Marco 4514-15
Done.
Processing: page_284.jpg
  -> Layout type: COMPLEX_LAYOUT
  -> Ad type: PARTIAL_AD
  -> Page type inferred: 
  -> Inferred schema: Name,Address,Location,Category,Additional Info
  -> Final schema: Name, Address, Location, Category, Additional Info
  -> Multi-section page detected: ['Ristoranti vegetariani | Category: Ristoranti vegetariani', 'Rivestimenti | Category: Rivestimenti', 'Rosticcerie | Category: Rosticcerie', 'Rottami metallici | Category: Rottami metallici', 'Sabbia | Category: Sabbia', 'Saccherie ed affini | Category: Saccherie ed affini', 'Sacchetti di carta | Category: Sacchetti di carta', 'Saggina | Category: Saggina', 'Saldature autogene elettriche elettrosiacetileniche | Category: Saldature autogene elettriche elettrosiacetileniche', 'Saloni | Category: Saloni', 'Salumi (grossisti) | Category: Salumi (grossisti)', 'Salumi (negozi) | Category: Salumi (negozi)', 'Lido | Location: Lido', 'Mestre | Location: Mestre', 'Marghera | Location: Marghera']
  -> Image re-pass enabled (complex layout + ads + 15 sections).
  -> Actual CSV columns: Name,Address,Location,Category,Additional Info
  -> WARNING: 12 rows (21%) missing both Address and Location on page_284.jpg
  -> Section state carries address: Castello 5411
Done.
Processing: page_285.jpg
  -> Layout type: COMPLEX_LAYOUT
  -> Ad type: PARTIAL_AD
  -> Page type inferred: 
  -> Inferred schema: Name,Address,Location,Category,Additional Info
  -> Final schema: Name, Address, Location, Category, Additional Info
  -> Actual CSV columns: Name,Address,Location,Category,Additional Info
  -> Section state carries address: Via XXII Marzo, 2288
Done.
Processing: page_286.jpg
  -> Layout type: COMPLEX_LAYOUT
  -> Ad type: The page contains a directory content list mixed with text that seems to promote business services involving machines such as typewriters, calculators, and duplicators. The advertisement-like section is visually distinct with different formatting and language indicative of marketing promotions (e.g., "OCCASIONI - CAMBI - RICOSTRUZIONI - NOLEGGI").


Therefore, the appropriate label for this page is PARTIAL_AD.
  -> Page type inferred: 
  -> Inferred schema: Name,Address,Location,Category,Additional Info
  -> Final schema: Name, Address, Location, Category, Additional Info
  -> Multi-section page detected: ['Strti da uomo | Category: Strti da uomo', 'Macchine per scrivere | Category: Macchine per scrivere', 'Mestre | Location: Mestre', 'Carpenedo | Location: Carpenedo', 'Campalto | Location: Campalto']
  -> Actual CSV columns: Name,Address,Location,Category,Additional Info
  -> WARNING: 2 rows (2%) missing both Address and Location on page_286.jpg
  -> Section state carries address: Calle Larga S. Marcon
Done.
Processing: page_287.jpg
  -> Layout type: SIMPLE_LAYOUT
  -> Ad type: NO_AD
  -> Page type inferred: 
  -> Inferred schema: Name,Address,Location,Category,Additional Info
  -> Final schema: Name, Address, Location, Category, Additional Info
  -> Actual CSV columns: Name,Address,Location,Category,Additional Info
  -> Section state carries address: VENEZIA - S. Polo, 1479
Done.
Processing: page_288.jpg
  -> Layout type: COMPLEX_LAYOUT
  -> Ad type: PARTIAL_AD
  -> Page type inferred: 
  -> Inferred schema: Name,Address,Location,Category,Additional Info
  -> Final schema: Name, Address, Location, Category, Additional Info
  -> Multi-section page detected: ['Lido | Location: Lido', 'Mestre | Location: Mestre', 'Malcontenta | Location: Malcontenta', 'Chirignago | Location: Chirignago', 'Murano | Location: Murano', 'Marghera | Location: Marghera', 'Carpenedo | Location: Carpenedo', 'Favaro Veneto | Location: Favaro Veneto', 'Sartorle e confezioni per signora | Category: Sartorle e confezioni per signora', 'Sartorle e confezioni per uomo | Category: Sartorle e confezioni per uomo', 'Scaldabagni elettrici | Category: Scaldabagni elettrici', 'Scatole | Category: Scatole']
  -> Image re-pass enabled (complex layout + ads + 12 sections).
  -> Actual CSV columns: Name,Address,Location,Category,Additional Info
  -> WARNING: 4 rows (4%) missing both Address and Location on page_288.jpg
  -> Section state carries address: S. Polo 2176
Done.
Processing: page_289.jpg
  -> Layout type: COMPLEX_LAYOUT
  -> Ad type: PARTIAL_AD
  -> Page type inferred: 
  -> Inferred schema: Name,Address,Location,Category,Additional Info
  -> Final schema: Name, Address, Location, Category, Additional Info
  -> Multi-section page detected: ['Scedari | Category: Scedari', 'Sciroppi | Category: Sciroppi', 'Scopai | Category: Scopai', 'Scuole di dattilografia | Category: Scuole di dattilografia', 'Scuole di Taglio | Category: Scuole di Taglio', 'Segherie | Category: Segherie', 'Segnalazioni luminose | Category: Segnalazioni luminose', 'Sego | Category: Sego', 'Sementi | Category: Sementi', 'Semi oleosi | Category: Semi oleosi', 'Semiotrica | Category: Semiotrica', 'Serramenti | Category: Serramenti', 'Seterie | Category: Seterie', 'Lido | Location: Lido', 'Mestre | Location: Mestre', 'Murano | Location: Murano', 'Chirignago | Location: Chirignago', 'Zelarino | Location: Zelarino']
  -> Image re-pass enabled (complex layout + ads + 18 sections).
  -> Actual CSV columns: Name,Address,Location,Category,Additional Info
  -> WARNING: 14 rows (24%) missing both Address and Location on page_289.jpg
  -> Section state carries address: San Zulian 788
Done.
Processing: page_290.jpg
  -> Layout type: COMPLEX_LAYOUT
  -> Ad type: PARTIAL_AD
  -> Page type inferred: 
  -> Inferred schema: Name,Address,Location,Category,Additional Info
  -> Final schema: Name, Address, Location, Category, Additional Info
  -> Multi-section page detected: ['setorie e lanerie | Category: setorie e lanerie', 'Smalti | Category: Smalti', 'Smalti e ori per mosaici | Category: Smalti e ori per mosaici', 'Società di assicurazioni | Category: Società di assicurazioni', 'Mestre | Location: Mestre']
  -> Image re-pass enabled (complex layout + ads + 5 sections).
  -> Actual CSV columns: Name,Address,Location,Category,Additional Info
  -> WARNING: 4 rows (11%) missing both Address and Location on page_290.jpg
  -> Section state carries address: Campo Manin 4023
Done.
Processing: page_291.jpg
  -> Layout type: COMPLEX_LAYOUT
  -> Ad type: The page contains a directory listing of various businesses and organizations in Venice, including insurance companies, real estate companies, mining companies, and navigation companies. While most of the content appears to be structured directory entries, there is a section at the end that seems to include promotional content: "Forniture complete MOBILI e ACCESSORI per UFFICIO" along with an address and telephone number for a business in Venice. This section is formatted differently, possibly serving as a business promotion.


Therefore, based on the criteria provided, the page should be labeled as PARTIAL_AD due to the presence of advertisement-like content.
  -> Page type inferred: 
  -> Inferred schema: Name,Address,Location,Category,Additional Info
  -> Final schema: Name, Address, Location, Category, Additional Info
  -> Multi-section page detected: ['Società immobiliari | Category: Società immobiliari', 'Lido | Location: Lido', 'Società minerarie | Category: Società minerarie', 'Porto Marghera | Location: Porto Marghera', 'Società mobiliari e agricole | Category: Società mobiliari e agricole', 'Società di navigazione | Category: Società di navigazione', 'Marghera | Location: Marghera']
  -> Actual CSV columns: Name,Address,Location,Category,Additional Info
  -> WARNING: 10 rows (16%) missing both Address and Location on page_291.jpg
  -> Section state carries address: S. Polo 2999, 1411
Done.
Processing: page_292.jpg
  -> Layout type: COMPLEX_LAYOUT
  -> Ad type: PARTIAL_AD
  -> Page type inferred: 
  -> Inferred schema: Name,Address,Location,Category,Additional Info
  -> Final schema: Name, Address, Location, Category, Additional Info
  -> Multi-section page detected: ['Camicerie da uomo | Category: Camicerie da uomo', 'Canapa e Lino | Category: Canapa e Lino', 'Candele | Category: Candele', 'Cantieri Navali | Category: Cantieri Navali', 'Agenzie di trasporto | Category: Agenzie di trasporto', 'Soffierie | Category: Soffierie', 'Solfato di soda e magnesio | Category: Solfato di soda e magnesio', 'Specchi veneziani | Category: Specchi veneziani', 'Specialisti veneziane | Category: Specialisti veneziane', 'Lido | Location: Lido', 'Murano | Location: Murano', 'Marghera | Location: Marghera']
  -> Image re-pass enabled (complex layout + ads + 12 sections).
  -> Actual CSV columns: Name,Address,Location,Category,Additional Info
  -> WARNING: 10 rows (19%) missing both Address and Location on page_292.jpg
  -> Section state carries address: Via XXII Marzo 2288
Done.
Processing: page_293.jpg
  -> Layout type: COMPLEX_LAYOUT
  -> Ad type: PARTIAL_AD
  -> Page type inferred: 
  -> Inferred schema: Name,Address,Location,Category,Additional Info
  -> Final schema: Name, Address, Location, Category, Additional Info
  -> Multi-section page detected: ['Vetri artistici | Category: Vetri artistici', 'Spedizioni e trasporti | Category: Spedizioni e trasporti', 'Lido | Location: Lido', 'Cannaregio | Location: Cannaregio', 'Castello | Location: Castello', 'San Marco | Location: San Marco', 'Murano | Location: Murano']
  -> Image re-pass enabled (complex layout + ads + 7 sections).
  -> Actual CSV columns: Name,Address,Location,Category,Additional Info
  -> WARNING: 2 rows (2%) missing both Address and Location on page_293.jpg
  -> Section state carries address: San Marco 3941
Done.
Processing: page_294.jpg
  -> Layout type: COMPLEX_LAYOUT
  -> Ad type: PARTIAL_AD
  -> Page type inferred: 
  -> Inferred schema: Name,Address,Location,Category,Additional Info
  -> Final schema: Name, Address, Location, Category, Additional Info
  -> Multi-section page detected: ['Camicerie da uomo | Category: Camicerie da uomo', 'Canapa e Lino | Category: Canapa e Lino', 'Candele | Category: Candele', 'Cantieri Navali | Category: Cantieri Navali', 'Agenzie di trasporto | Category: Agenzie di trasporto', 'Lido | Location: Lido', 'Mestre | Location: Mestre', 'Marghera | Location: Marghera', 'Murano | Location: Murano']
  -> Image re-pass enabled (complex layout + ads + 9 sections).
  -> Actual CSV columns: Name,Address,Location,Category,Additional Info
  -> WARNING: 9 rows (10%) missing both Address and Location on page_294.jpg
  -> Section state carries address: San Luca, 4152 a
Done.
Processing: page_295.jpg
  -> Layout type: COMPLEX_LAYOUT
  -> Ad type: PARTIAL_AD
  -> Page type inferred: 
  -> Inferred schema: Name,Address,Location,Category,Additional Info
  -> Final schema: Name, Address, Location, Category, Additional Info
  -> Multi-section page detected: ['Candele | Category: Candele', 'Cantieri Navali | Category: Cantieri Navali', 'Squero | Category: Squero', 'Lido | Location: Lido', 'Mestre | Location: Mestre', 'Murano | Location: Murano', 'Burano | Location: Burano', 'Dorsoduro | Location: Dorsoduro', 'Stabilimenti bagni e doccie | Category: Stabilimenti bagni e doccie']
  -> Image re-pass enabled (complex layout + ads + 9 sections).
  -> Actual CSV columns: Name,Address,Location,Category,Additional Info
  -> WARNING: 1 rows (3%) missing both Address and Location on page_295.jpg
  -> Section state carries address: "Vial Lepanto 1
Done.
Processing: page_296.jpg
  -> Layout type: COMPLEX_LAYOUT
  -> Ad type: The page contains a mix of structured directory content and advertisement-like elements. There is a prominent advertising section at the end of the page for "SUGHERIFICIO ADRIATICO," which separates itself with decorative formatting, capitalized text, and marketing-style blocks. Additionally, there's another advertisement for "ttducti ZAMPRIONl" featuring different formatting, which promotes various services and includes a phone number.


Therefore, the appropriate label for this page is PARTIAL_AD.
  -> Page type inferred: 
  -> Inferred schema: Name,Address,Location,Category,Additional Info
  -> Final schema: Name, Address, Location, Category, Additional Info
  -> Multi-section page detected: ['Stoffe e Tessuti | Category: Stoffe e Tessuti', 'Stracci | Category: Stracci', 'Strumenti musicali | Category: Strumenti musicali', 'Strucchi | Category: Strucchi', 'Stufe | Category: Stufe', 'Sughero | Category: Sughero', 'Surrogati di caffè | Category: Surrogati di caffè', 'Marghera | Location: Marghera', 'Mestre | Location: Mestre', 'Lido | Location: Lido']
  -> Actual CSV columns: Name,Address,Location,Category,Additional Info
  -> WARNING: 7 rows (11%) missing both Address and Location on page_296.jpg
  -> Section state carries address: S. Giovanni Grisostomo, 5285
Done.
Processing: page_297.jpg
  -> Layout type: COMPLEX_LAYOUT
  -> Ad type: PARTIAL_AD
  -> Page type inferred: 
  -> Inferred schema: Name,Address,Location,Category,Additional Info
  -> Final schema: Name, Address, Location, Category, Additional Info
  -> Multi-section page detected: ['Tabacchi | Category: Tabacchi', 'Tabaccherie | Category: Tabaccherie', 'Marghera | Location: Marghera', 'Mestre | Location: Mestre', 'Pellestrina | Location: Pellestrina', 'Lido | Location: Lido', 'Murano | Location: Murano', 'Burano | Location: Burano', 'Favaro Veneto | Location: Favaro Veneto', 'Carpenedo | Location: Carpenedo', 'Chirignago | Location: Chirignago']
  -> Image re-pass enabled (complex layout + ads + 11 sections).
  -> Actual CSV columns: Name,Address,Location,Category,Additional Info
  -> WARNING: 1 rows (1%) missing both Address and Location on page_297.jpg
  -> Section state carries address: VENTIMOT - SAN LUCA, 4152
Done.
Processing: page_298.jpg
  -> Layout type: COMPLEX_LAYOUT
  -> Ad type: PARTIAL_AD
  -> Page type inferred: 
  -> Inferred schema: Name,Address,Location,Category,Additional Info
  -> Final schema: Name, Address, Location, Category, Additional Info
  -> Multi-section page detected: ['Camicerie da uomo | Category: Camicerie da uomo', 'Canapa e Lino | Category: Canapa e Lino', 'Candele | Category: Candele', 'Cantieri Navali | Category: Cantieri Navali', 'Agenzie di trasporto | Category: Agenzie di trasporto', 'Lido | Location: Lido', 'Mestre | Location: Mestre', 'Marghera | Location: Marghera', 'Murano | Location: Murano', 'Tappeti | Category: Tappeti', 'Tappeti persiani | Category: Tappeti persiani', 'Tappezzerie | Category: Tappezzerie', 'Tappezzieri | Category: Tappezzieri']
  -> Image re-pass enabled (complex layout + ads + 13 sections).
  -> Actual CSV columns: Name,Address,Location,Category,Additional Info
  -> WARNING: 11 rows (11%) missing both Address and Location on page_298.jpg
  -> Section state carries address: Mestre V. Ces. Battisti
Done.
Processing: page_299.jpg
  -> Layout type: COMPLEX_LAYOUT
  -> Ad type: PARTIAL_AD
  -> Page type inferred: 
  -> Inferred schema: Name,Address,Location,Category,Additional Info
  -> Final schema: Name, Address, Location, Category, Additional Info
  -> Multi-section page detected: ['Targhe | Category: Targhe', 'Teatri | Category: Teatri', 'Telefoni | Category: Telefoni', 'Telerie | Category: Telerie', 'Tendaggi | Category: Tendaggi', 'Termometri | Category: Termometri', 'Terraglie, Porcellane e affini | Category: Terraglie, Porcellane e affini', 'Terrazzi | Category: Terrazzi', 'Murano | Location: Murano', 'Mestre | Location: Mestre']
  -> Image re-pass enabled (complex layout + ads + 10 sections).
  -> Actual CSV columns: Name,Address,Location,Category,Additional Info
  -> WARNING: 9 rows (16%) missing both Address and Location on page_299.jpg
  -> Section state carries address: Via XXI Marzo, n. 2288
Done.
Processing: page_300.jpg
  -> Layout type: COMPLEX_LAYOUT
  -> Ad type: PARTIAL_AD
  -> Page type inferred: 
  -> Inferred schema: Name,Address,Location,Category,Additional Info
  -> Final schema: Name, Address, Location, Category, Additional Info
  -> Multi-section page detected: ['Tessili | Category: Tessili', "Tessiture seriche per l'arredamento | Category: Tessiture seriche per l'arredamento", 'Tessuti | Category: Tessuti', "Tessuti d'arte | Category: Tessuti d'arte", 'Tessuti filari | Category: Tessuti filari', 'Mestre | Location: Mestre', 'Lido | Location: Lido']
  -> Image re-pass enabled (complex layout + ads + 7 sections).
  -> Actual CSV columns: Name,Address,Location,Category,Additional Info
  -> WARNING: 6 rows (8%) missing both Address and Location on page_300.jpg
  -> Section state carries address: Piazza S. Marco Procuratie Vecchie, 142
Done.
Processing: page_301.jpg
  -> Layout type: COMPLEX_LAYOUT
  -> Ad type: PARTIAL_AD
  -> Page type inferred: 
  -> Inferred schema: Name,Address,Location,Category,Additional Info
  -> Final schema: Name, Address, Location, Category, Additional Info
  -> Multi-section page detected: ['Camicerie da uomo | Category: Camicerie da uomo', 'Tessuti serici | Category: Tessuti serici', 'Tessuti stampati e artistici | Category: Tessuti stampati e artistici', 'Timbri di gomma, in metallo e Incisioni | Category: Timbri di gomma, in metallo e Incisioni', 'Tintorie e pulliture a secco | Category: Tintorie e pulliture a secco', 'Tinture per abiti, stoffe ecc. | Category: Tinture per abiti, stoffe ecc.', 'Lido | Location: Lido', 'Mestre | Location: Mestre', 'Marghera | Location: Marghera']
  -> Image re-pass enabled (complex layout + ads + 9 sections).
  -> Actual CSV columns: Name,Address,Location,Category,Additional Info
  -> WARNING: 6 rows (13%) missing both Address and Location on page_301.jpg
  -> Section state carries address: Calle Nuova 703
Done.
Processing: page_302.jpg
  -> Layout type: COMPLEX_LAYOUT
  -> Ad type: PARTIAL_AD
  -> Page type inferred: 
  -> Inferred schema: Name,Address,Location,Category,Additional Info
  -> Final schema: Name, Address, Location, Category, Additional Info
  -> Multi-section page detected: ['Camicerie da uomo | Category: Camicerie da uomo', 'Canapa e Lino | Category: Canapa e Lino', 'Candele | Category: Candele', 'Cantieri Navali | Category: Cantieri Navali', 'Agenzie di trasporto | Category: Agenzie di trasporto', 'Lido | Location: Lido', 'Mestre | Location: Mestre', 'Marghera | Location: Marghera', 'Murano | Location: Murano']
  -> Image re-pass enabled (complex layout + ads + 9 sections).
  -> Actual CSV columns: Name,Address,Location,Category,Additional Info
  -> WARNING: 6 rows (11%) missing both Address and Location on page_302.jpg
  -> Section state carries address: Cann. 2362
Done.
Processing: page_303.jpg
  -> Layout type: COMPLEX_LAYOUT
  -> Ad type: PARTIAL_AD
  -> Page type inferred: 
  -> Inferred schema: Name,Address,Location,Category,Additional Info
  -> Final schema: Name, Address, Location, Category, Additional Info
  -> Multi-section page detected: ['COMPRESSORI D’ARIA | Category: COMPRESSORI D’ARIA', 'TRAPANI ELETTRICI | Category: TRAPANI ELETTRICI', 'Trasformatori | Category: Trasformatori', 'Trasporti | Category: Trasporti', 'Trasporti aerei | Category: Trasporti aerei', 'Trasporti carcerari | Category: Trasporti carcerari', 'Trasporti con cisterna | Category: Trasporti con cisterna', 'Trasporti fluviali | Category: Trasporti fluviali', 'Lido | Location: Lido', 'Mestre | Location: Mestre']
  -> Image re-pass enabled (complex layout + ads + 10 sections).
  -> Actual CSV columns: Name,Address,Location,Category,Additional Info
  -> WARNING: 11 rows (42%) missing both Address and Location on page_303.jpg
  -> Section state carries address: Via XXII Marzo, 2288
Done.
Processing: page_304.jpg
  -> Layout type: COMPLEX_LAYOUT
  -> Ad type: PARTIAL_AD
  -> Page type inferred: 
  -> Inferred schema: Name,Address,Location,Category,Additional Info
  -> Final schema: Name, Address, Location, Category, Additional Info
  -> Multi-section page detected: ['Trasporti | Category: Trasporti', 'Trasporti funebri | Category: Trasporti funebri', 'Trasporti marittimi fluviali e terrestri | Category: Trasporti marittimi fluviali e terrestri', 'Trasporti marittimi con motanavi e motovelieri | Category: Trasporti marittimi con motanavi e motovelieri', 'Mestre | Location: Mestre']
  -> Image re-pass enabled (complex layout + ads + 5 sections).
  -> Actual CSV columns: Name,Address,Location,Category,Additional Info
  -> WARNING: 4 rows (25%) missing both Address and Location on page_304.jpg
  -> Section state carries address: Merceria S. Zulian, 232
Done.
Processing: page_305.jpg
  -> Layout type: COMPLEX_LAYOUT
  -> Ad type: PARTIAL_AD
  -> Page type inferred: 
  -> Inferred schema: Name,Address,Location,Category,Additional Info
  -> Final schema: Name, Address, Location, Category, Additional Info
  -> Actual CSV columns: Name,Address,Location,Category,Additional Info
  -> WARNING: 3 rows (9%) missing both Address and Location on page_305.jpg
  -> Section state carries address: Venezia - Via XXII Marzo, 2288
Done.
Processing: page_306.jpg
  -> Layout type: COMPLEX_LAYOUT
  -> Ad type: PARTIAL_AD
  -> Page type inferred: 
  -> Inferred schema: Name,Address,Location,Category,Additional Info
  -> Final schema: Name, Address, Location, Category, Additional Info
  -> Multi-section page detected: ['ARMAZIONI MARITTIME | Category: ARMAZIONI MARITTIME', 'TRASPORTI POSTALI | Category: TRASPORTI POSTALI', 'TRASPORTI SERVIZI PORTUALI | Category: TRASPORTI SERVIZI PORTUALI', 'AGENZIA IMMOBILIARE | Category: AGENZIA IMMOBILIARE', 'MESTRE | Location: MESTRE', 'LIDO | Location: LIDO']
  -> Image re-pass enabled (complex layout + ads + 6 sections).
  -> Actual CSV columns: Name,Address,Location,Category,Additional Info
  -> WARNING: 3 rows (12%) missing both Address and Location on page_306.jpg
  -> Section state carries address: San Luca, 4182 a
Done.
Processing: page_307.jpg
  -> Layout type: COMPLEX_LAYOUT
  -> Ad type: The page contains a mix of structured directory content and advertisement-like content. There are decorative marketing-style blocks promoting "TRATTORIA CON ALLOGGI 'ALLE ANTICHE FIGHIE'" and "SCHEDARI - MOBILI PER UFFICIO - MACCHINE CONTABILI..." which can be categorized as advertisements. Due to the presence of such advertisement-like content, the page should be labeled as PARTIAL_AD.
  -> Page type inferred: 
  -> Inferred schema: Name,Address,Location,Category,Additional Info
  -> Final schema: Name, Address, Location, Category, Additional Info
  -> Multi-section page detected: ['Camicerie da uomo | Category: Camicerie da uomo', 'Canapa e Lino | Category: Canapa e Lino', 'Candele | Category: Candele', 'Cantieri Navali | Category: Cantieri Navali', 'Agenzie di trasporto | Category: Agenzie di trasporto', 'Lido | Location: Lido', 'Mestre | Location: Mestre', 'Murano | Location: Murano']
  -> Actual CSV columns: Name,Address,Location,Category,Additional Info
  -> WARNING: 4 rows (5%) missing both Address and Location on page_307.jpg
  -> Section state carries address: Via F. Grimani 3
Done.
Processing: page_308.jpg
  -> Layout type: COMPLEX_LAYOUT
  -> Ad type: The page includes traditional structured directory content with names and addresses. However, it also contains advertisement-like content such as "Da Nane," "Il Peccato Risorto," "Trattoria «AL PIAVE»," and "Fornitura completa MOBILI e ACCESSORI per UFFICIO." The presence of these advertisements is sufficient to classify the page as PARTIAL_AD due to the mix of directory content and ads.
  -> Page type inferred: 
  -> Inferred schema: Name,Address,Location,Category,Additional Info
  -> Final schema: Name, Address, Location, Category, Additional Info
  -> Actual CSV columns: Name,Address,Location,Category,Additional Info
  -> Section state carries address: Venezia - Via XXII Marzo, 2288
Done.
Processing: page_309.jpg
  -> Layout type: COMPLEX_LAYOUT
  -> Ad type: PARTIAL_AD
  -> Page type inferred: 
  -> Inferred schema: Name,Address,Location,Category,Additional Info
  -> Final schema: Name, Address, Location, Category, Additional Info
  -> Multi-section page detected: ['Murano | Location: Murano', 'Lido | Location: Lido', 'Alberoni | Location: Alberoni']
  -> Image re-pass enabled (complex layout + ads + 3 sections).
  -> Actual CSV columns: Name,Address,Location,Category,Additional Info
  -> Section state carries address: S. POLO, 1479
Done.
Processing: page_310.jpg
  -> Layout type: COMPLEX_LAYOUT
  -> Ad type: PARTIAL_AD
  -> Page type inferred: 
  -> Inferred schema: Name,Address,Location,Category,Additional Info
  -> Final schema: Name, Address, Location, Category, Additional Info
  -> Multi-section page detected: ['Lido | Location: Lido', 'Mestre | Location: Mestre', 'Marghera | Location: Marghera', 'Tubi in cemento | Category: Tubi in cemento', 'Tubi in ferro e acciaio | Category: Tubi in ferro e acciaio', 'Turaccioli | Category: Turaccioli', 'Tubazioni industriali | Category: Tubazioni industriali']
  -> Image re-pass enabled (complex layout + ads + 7 sections).
  -> Actual CSV columns: Name,Address,Location,Category,Additional Info
  -> WARNING: 7 rows (21%) missing both Address and Location on page_310.jpg
  -> Section state carries address: Via XXIII Marzo n. 2288
Done.
Processing: page_311.jpg
  -> Layout type: COMPLEX_LAYOUT
  -> Ad type: PARTIAL_AD
  -> Page type inferred: 
  -> Inferred schema: Name,Address,Location,Category,Additional Info
  -> Final schema: Name, Address, Location, Category, Additional Info
  -> Multi-section page detected: ['Turismo | Category: Turismo', 'Lido | Location: Lido', 'Mestre | Location: Mestre', 'Uova | Category: Uova', 'Utensileria meccanica | Category: Utensileria meccanica', 'Utensili | Category: Utensili', 'Utensili in acciaio | Category: Utensili in acciaio', 'Utensili da taglio | Category: Utensili da taglio', 'Utensili e utensileria in genere | Category: Utensili e utensileria in genere', 'Valigerie, pelletterie articoli da viaggio | Category: Valigerie, pelletterie articoli da viaggio']
  -> Image re-pass enabled (complex layout + ads + 10 sections).
  -> Actual CSV columns: Name,Address,Location,Category,Additional Info
  -> WARNING: 8 rows (18%) missing both Address and Location on page_311.jpg
  -> Section state carries address: Ponte dei Baratteri, 4928
Done.
Processing: page_312.jpg
  -> Layout type: COMPLEX_LAYOUT
  -> Ad type: PARTIAL_AD
  -> Page type inferred: 
  -> Inferred schema: Name,Address,Location,Category,Additional Info
  -> Final schema: Name, Address, Location, Category, Additional Info
  -> Multi-section page detected: ['Vallicultura | Category: Vallicultura', 'Vele e bandiere | Category: Vele e bandiere', 'Vernici e smalti | Category: Vernici e smalti', 'Vernici sottomarine | Category: Vernici sottomarine', 'Vestiario | Category: Vestiario', 'Vetrate artistiche | Category: Vetrate artistiche', 'Murano | Location: Murano', 'Margherà | Location: Margherà']
  -> Image re-pass enabled (complex layout + ads + 8 sections).
  -> Actual CSV columns: Name,Address,Location,Category,Additional Info
  -> WARNING: 7 rows (19%) missing both Address and Location on page_312.jpg
  -> Section state carries address: P. Margherà Via Volta 1
Done.
Processing: page_313.jpg
  -> Layout type: COMPLEX_LAYOUT
  -> Ad type: The page contains a mix of structured directory content and some text that might be considered promotional or decorative, such as different formatting or styles that could be marketing-like. Given the instruction to be conservative and classify any page with even a small indication of advertisement-like content as PARTIAL_AD, this page should be labeled as PARTIAL_AD.
  -> Page type inferred: 
  -> Inferred schema: Name,Address,Location,Category,Additional Info
  -> Final schema: Name, Address, Location, Category, Additional Info
  -> Multi-section page detected: ['Murano | Location: Murano', 'Mestre | Location: Mestre', 'Cannaregio | Location: Cannaregio', 'San Marco | Location: San Marco', 'S. Geremia | Location: S. Geremia', 'S. Giobbe | Location: S. Giobbe', 'Cast. | Location: Cast.', 'S. Croce | Location: S. Croce', 'Vetrerie in genere | Category: Vetrerie in genere', 'e lampadari | Category: e lampadari', 'Vetrerie scientifiche e farmaceutiche | Category: Vetrerie scientifiche e farmaceutiche', 'Vetri artistici | Category: Vetri artistici', 'arte veneziana - fabbrica fiori in vetro e affini - vetri artistici e industriali | Category: arte veneziana - fabbrica fiori in vetro e affini - vetri artistici e industriali']
  -> Actual CSV columns: Name,Address,Location,Category,Additional Info
  -> Section state carries address: S. Marco 88, 233
Done.
Processing: page_314.jpg
  -> Layout type: COMPLEX_LAYOUT
  -> Ad type: PARTIAL_AD
  -> Page type inferred: 
  -> Inferred schema: Name,Address,Location,Category,Additional Info
  -> Final schema: Name, Address, Location, Category, Additional Info
  -> Multi-section page detected: ['VETRERIA ARTISTICA E STAMPATA | Category: VETRERIA ARTISTICA E STAMPATA', 'LAMPADARI e VETRI ARTISTICI di MURANO | Category: LAMPADARI e VETRI ARTISTICI di MURANO', 'LAVORAZIONE FIORI IN VETRO | Category: LAVORAZIONE FIORI IN VETRO', 'Murano | Location: Murano', 'Vetri, cristalli e specchi | Category: Vetri, cristalli e specchi', 'AGENZIA P. BORTOLUZZI | Category: AGENZIA P. BORTOLUZZI', 'COMPRAVENDITA | Category: COMPRAVENDITA']
  -> Image re-pass enabled (complex layout + ads + 7 sections).
  -> Actual CSV columns: Name,Address,Location,Category,Additional Info
  -> WARNING: 5 rows (16%) missing both Address and Location on page_314.jpg
  -> Section state carries address: fdm. Vetrai 6, San Luce 4182
Done.
Processing: page_315.jpg
  -> Layout type: COMPLEX_LAYOUT
  -> Ad type: PARTIAL_AD
  -> Page type inferred: 
  -> Inferred schema: Name,Address,Location,Category,Additional Info
  -> Final schema: Name, Address, Location, Category, Additional Info
  -> Multi-section page detected: ['MANIFATTURA VETRI - CRISTALLI - SPECCHI | Category: MANIFATTURA VETRI - CRISTALLI - SPECCHI', 'MURANO | Location: MURANO', 'Vetri decorati | Category: Vetri decorati', 'Vetri diffusi | Category: Vetri diffusi', 'Vetri incisi | Category: Vetri incisi', 'Vetri industriali | Category: Vetri industriali', 'Mestre | Location: Mestre']
  -> Image re-pass enabled (complex layout + ads + 7 sections).
  -> Actual CSV columns: Name,Address,Location,Category,Additional Info
  -> WARNING: 5 rows (9%) missing both Address and Location on page_315.jpg
  -> Section state carries address: Giudecca 463, Telefono 20260, VENEZIA - Via XXII Marzo, 2288 - Telefono 25-889
Done.
Processing: page_316.jpg
  -> Layout type: COMPLEX_LAYOUT
  -> Ad type: The page contains content that resembles directory listings, with businesses and their contact information related to glass production and wine commerce. However, there are sections that include different formatting and promotional language, such as "Tutti prodotti ZAMPIRONI sono di massima fiducia" and descriptions like "Vetri per applicazioni Scientifiche" that have a more marketing-focused tone. This indicates the presence of advertisement-like content mixed with the directory listings.


Given these observations, the appropriate label for this page is:


PARTIAL_AD
  -> Page type inferred: 
  -> Inferred schema: Name,Address,Location,Category,Additional Info
  -> Final schema: Name, Address, Location, Category, Additional Info
  -> Multi-section page detected: ['Vetri a lume | Category: Vetri a lume', 'Vetri di Murano | Category: Vetri di Murano', 'Vetri neutri | Category: Vetri neutri', 'Vetri sanitari | Category: Vetri sanitari', 'Vetro | Category: Vetro', 'Vetroflex | Category: Vetroflex', 'Vini | Category: Vini', 'Vini dettaglio | Category: Vini dettaglio', 'Vini | Category: Vini', 'Lido | Location: Lido', 'Mestre | Location: Mestre', 'Murano | Location: Murano']
  -> Actual CSV columns: Name,Address,Location,Category,Additional Info
  -> WARNING: 7 rows (14%) missing both Address and Location on page_316.jpg
  -> Section state carries address: Santa Marta
Done.
Processing: page_317.jpg
  -> Layout type: SIMPLE_LAYOUT
  -> Ad type: NO_AD
  -> Page type inferred: 
  -> Inferred schema: Name,Address,Location,Category,Additional Info
  -> Final schema: Name, Address, Location, Category, Additional Info
  -> Multi-section page detected: ['Mestre | Location: Mestre', 'Favaro Veneto | Location: Favaro Veneto', 'Dorsoduro | Location: Dorsoduro', 'S. Polo | Location: S. Polo', 'S. Cassiano | Location: S. Cassiano', 'Cannaregio | Location: Cannaregio', 'Castello | Location: Castello', 'Burano | Location: Burano', 'Murano | Location: Murano', 'Marghera | Location: Marghera', 'Santa Croce | Location: Santa Croce', 'S. Zan Deogia | Location: S. Zan Deogia', 'San Moisè | Location: San Moisè', 'Lido | Location: Lido', 'S. Marco | Location: S. Marco', 'S. Simoneo | Location: S. Simoneo', 'Rialto | Location: Rialto', 'S. Margherita | Location: S. Margherita']
  -> Actual CSV columns: Name,Address,Location,Category,Additional Info
  -> Section state carries address: S. Margherita 3675
Done.
Processing: page_318.jpg
  -> Layout type: COMPLEX_LAYOUT
  -> Ad type: PARTIAL_AD
  -> Page type inferred: 
  -> Inferred schema: Name,Address,Location,Category,Additional Info
  -> Final schema: Name, Address, Location, Category, Additional Info
  -> Multi-section page detected: ['Vulcanizzazione gomma | Category: Vulcanizzazione gomma', 'Zincografie | Category: Zincografie', 'Zolfo | Category: Zolfo', 'Zuccherifici | Category: Zuccherifici', 'Zucchero | Category: Zucchero', 'Mestre | Location: Mestre', 'Marghera | Location: Marghera', 'Lido | Location: Lido']
  -> Image re-pass enabled (complex layout + ads + 8 sections).
  -> Actual CSV columns: Name,Address,Location,Category,Additional Info
  -> WARNING: 5 rows (23%) missing both Address and Location on page_318.jpg
  -> Section state carries address: San Luca, 4152 a
Done.
Processing: page_319.jpg
  -> Layout type: COMPLEX_LAYOUT
  -> Ad type: FULL_AD
Processing: page_320.jpg
  -> Layout type: SIMPLE_LAYOUT
  -> Ad type: FULL_AD
Processing: page_321.jpg
  -> Layout type: COMPLEX_LAYOUT
  -> Ad type: FULL_AD
Processing: page_322.jpg
  -> Layout type: COMPLEX_LAYOUT
  -> Ad type: FULL_AD
Processing: page_323.jpg
  -> Layout type: COMPLEX_LAYOUT
  -> Ad type: FULL_AD
Processing: page_324.jpg
  -> Layout type: COMPLEX_LAYOUT
  -> Ad type: FULL_AD
Processing: page_325.jpg
  -> Layout type: COMPLEX_LAYOUT
  -> Ad type: FULL_AD
Processing: page_326.jpg
  -> Layout type: COMPLEX_LAYOUT
  -> Ad type: FULL_AD
Processing: page_327.jpg
  -> Layout type: COMPLEX_LAYOUT
  -> Ad type: FULL_AD
Processing: page_328.jpg
  -> Layout type: COMPLEX_LAYOUT
  -> Ad type: FULL_AD
Processing: page_329.jpg
  -> Layout type: COMPLEX_LAYOUT
  -> Ad type: FULL_AD
Processing: page_330.jpg
  -> OCR refusal detected, retrying with fallback prompt...
  -> OCR still refused after fallback for page_330.jpg, skipping.
Processing: page_331.jpg
  -> Layout type: SIMPLE_LAYOUT
  -> Ad type: FULL_AD
Processing: page_332.jpg
  -> Layout type: COMPLEX_LAYOUT
  -> Ad type: PARTIAL_AD
  -> Page type inferred: 
  -> Inferred schema: Name,Address,Location,Profession,Additional Info
  -> Final schema: Name,Address,Location,Profession,Additional Info
  -> Multi-section page detected: ['INDICE GENERALE ALFABETICO', 'Macchine per scrivere - Calcolatrici - Duplicatori']
  -> Actual CSV columns: Name,Address,Location,Profession,Additional Info
  -> WARNING: 4 rows (9%) missing both Address and Location on page_332.jpg
  -> Section state reset at document boundary (page 332)
  -> Section state carries address: Via XXI, Marzo 228B
Done.
Processing: page_333.jpg
  -> Layout type: SIMPLE_LAYOUT
  -> Ad type: NO_AD
  -> Page type inferred: 
  -> Inferred schema: Name,Address,Location,Category,Additional Info
  -> Final schema: Name,Address,Location,Category,Additional Info
  -> Actual CSV columns: Name,Address,Location,Category,Additional Info
  -> Section state carries address: Calle Stagnerl 5238
Done.
Processing: page_334.jpg
  -> Layout type: COMPLEX_LAYOUT
  -> Ad type: PARTIAL_AD
  -> Page type inferred: 
  -> Inferred schema: Name,Address,Location,Profession,Role,Additional Info
  -> Final schema: Name, Address, Location, Category, Additional Info, Profession, Role
  -> Actual CSV columns: Name,Address,Location,Category,Additional Info,Profession,Role
  -> WARNING: 4 rows (6%) missing both Address and Location on page_334.jpg
  -> Section state carries address: S. Polo, 1470
Done.
Processing: page_335.jpg
  -> Layout type: COMPLEX_LAYOUT
  -> Ad type: PARTIAL_AD
  -> Page type inferred: 
  -> Inferred schema: Name,Address,Location,Profession,Role,Additional Info
  -> Final schema: Name, Address, Location, Category, Additional Info, Profession, Role
  -> Actual CSV columns: Name,Address,Location,Category,Additional Info,Profession,Role
  -> WARNING: 4 rows (6%) missing both Address and Location on page_335.jpg
  -> Section state carries address: San Lucis, 4198
Done.
Processing: page_336.jpg
  -> Layout type: COMPLEX_LAYOUT
  -> Ad type: PARTIAL_AD
  -> Page type inferred: 
  -> Inferred schema: Name,Address,Location,Category,Additional Info
  -> Final schema: Name, Address, Location, Category, Additional Info, Profession, Role
  -> Multi-section page detected: ['GU DA COMMERC ALE D VENEZ A E PROV NC A | Category: commercio', 'Associazione | Category: Associazione, Raffa rinamento Olii., Ricuperi Affini AURORA, Address: Castel lo 6118', 'A n. Veneziana Indu stria surrogati | Category: surrogati, Address: San Marco 4933', 'App большес apertura Electrico Rizzinalli, A.E.R. Materiali | Category: Electrico Rizzinalli, Address: S Marocco 5025', 'Approvigionamenti Combustibili | Category: Combustibili, dr. G. Messina, Address: S Marco 5042']
  -> Image re-pass enabled (complex layout + ads + 5 sections).
  -> Actual CSV columns: Name,Address,Location,Category,Additional Info,Profession,Role
  -> WARNING: 4 rows (6%) missing both Address and Location on page_336.jpg
  -> Section state carries address: 8. Mols2 2052, S. Polo 74
Done.
Processing: page_337.jpg
  -> Layout type: COMPLEX_LAYOUT
  -> Ad type: The document appears to be a directory listing of businesses and services, with structured entries featuring names, addresses, and service descriptions. However, at the bottom of the text, there seems to be a separate, non-structured block:




SEPADGLUR . taon insaimmum. 1911riOmcoizviso
G MOTE  SchERIVM
VW  DUPLICATORI ■ accesson!
VENEZIA ■ Via XXII Marzo. n. 2288 ■ Telefono n. 25.889




This section is distinct from the main list, seems to have a different formatting style, and could potentially be seen as an advertisement. 


Therefore, the page should be classified as PARTIAL_AD due to the presence of this advertisement-like content.
  -> Page type inferred: 
  -> Inferred schema: Name,Address,Location,Profession,Role
  -> Final schema: Name, Address, Location, Category, Additional Info, Profession, Role
  -> Multi-section page detected: ['ORGANIZATION | Address: Palazzo del Governo - S. Maurizio fondamenta Zaguri 2662', 'Gabinetto', 'PERIODICI DI CARATTERE RELIGIOSO | Character: Periodici di carattere religioso']
  -> Actual CSV columns: Name,Address,Location,Category,Additional Info,Profession,Role
  -> WARNING: 3 rows (5%) missing both Address and Location on page_337.jpg
  -> Section state carries address: S. Polo 2137
Done.
Processing: page_338.jpg
  -> Layout type: COMPLEX_LAYOUT
  -> Ad type: PARTIAL_AD
  -> Page type inferred: 
  -> Inferred schema: Name,Address,Location,Profession,Role,Additional Info
  -> Final schema: Name, Address, Location, Category, Additional Info, Profession, Role
  -> Multi-section page detected: ['GUÏDA COMMERCIALE DI VENEZIA E PROVINCIA']
  -> Actual CSV columns: Name,Address,Location,Category,Additional Info,Profession,Role
  -> WARNING: 2 rows (3%) missing both Address and Location on page_338.jpg
  -> Section state carries address: VENEZIA - Via XXI. Marzo 2288
Done.
Processing: page_339.jpg
  -> Layout type: COMPLEX_LAYOUT
  -> Ad type: PARTIAL_AD
  -> Page type inferred: 
  -> Inferred schema: Name,Address,Location,Profession,Role
  -> Final schema: Name, Address, Location, Category, Additional Info, Profession, Role
  -> Multi-section page detected: ['ORGANIZATION | Address: VENEZIA - Via XXII Marzo, 2288, Telefono: 25-889']
  -> Actual CSV columns: Name,Address,Location,Category,Additional Info,Profession,Role
  -> Section state carries address: "VENEZIA - Via XXII Marzo, 2288"
Done.
Processing: page_340.jpg
  -> Layout type: SIMPLE_LAYOUT
  -> Ad type: NO_AD
  -> Page type inferred: 
  -> Inferred schema: Name,Address,Location,Role,Profession,Additional Info
  -> Final schema: Name, Address, Location, Category, Additional Info, Profession, Role
  -> Multi-section page detected: ['BANCO S. MARCO | Address: Calle Larga S. Marco 383 - Venezia - Tel. 26-190 - 26-191', 'CONSIGLIO DI AMMINISTRAZIONE']
  -> Actual CSV columns: Name,Address,Location,Category,Additional Info,Profession,Role
  -> WARNING: 13 rows (87%) missing both Address and Location on page_340.jpg
  -> Section state carries address: BANCO S. MARCO
Done.
Processing: page_341.jpg
  -> OCR refusal detected, retrying with fallback prompt...
  -> OCR still refused after fallback for page_341.jpg, skipping.
Processing: page_342.jpg
  -> Layout type: COMPLEX_LAYOUT
  -> Ad type: PARTIAL_AD
  -> Page type inferred: 
  -> Inferred schema: Name,Address,Location,Profession,Role,Additional Info
  -> Final schema: Name, Address, Location, Category, Additional Info, Profession, Role
  -> Multi-section page detected: ["The text contains multiple distinct sections, primarily organized by individuals or businesses providing various services or offerings. Each section generally corresponds to an entry in a commercial directory. Here's a listing following your given instructions:", 'This text appears to be a directory listing businesses and professionals, without further clear subdivisions or organizational section titles. Therefore, the above title stands alone for this almanac page. Other lines are entries under this section but do not represent distinct "LEVEL 1: ORGANIZATION" or "LEVEL 2: UNIT" sections/title structures.']
  -> Actual CSV columns: Name,Address,Location,Category,Additional Info,Profession,Role
  -> WARNING: 2 rows (3%) missing both Address and Location on page_342.jpg
  -> Section state carries address: S. Luca 1578-C
Done.
Processing: page_343.jpg
  -> OCR refusal detected, retrying with fallback prompt...
  -> Layout type: COMPLEX_LAYOUT
  -> Ad type: PARTIAL_AD
  -> Page type inferred: 
  -> Inferred schema: Name,Address,Location,Category,Additional Info
  -> Final schema: Name, Address, Location, Category, Additional Info, Profession, Role
  -> Multi-section page detected: ['The text you provided consists of several distinct sections with different structures. Here is a list of each section based on the format you specified:', 'Bardelle Carlo & C., cantieri navali, 360.,A.', 'Bar Bon f. & C., Casa di Spedizioni, Autotrasporti, Traslochi, Spedizoni, Commis., Campo S. Maria del Giglio 3469-53.', 'Baretto A. & I., cicli e motocicli (accessori, riparazioni, vendite), commercio, Mestre.', 'Forniture complete MOBILI e ACCESSORI per UFFICI | Address: VENEZIA - Via XXII Marzo, 2288, Telefono: 25.889']
  -> Image re-pass enabled (complex layout + ads + 5 sections).
  -> Actual CSV columns: Name,Address,Location,Category,Additional Info,Profession,Role
  -> WARNING: 4 rows (6%) missing both Address and Location on page_343.jpg
  -> Section state carries address: VENEZIA - Via XXII Marzo, 2288
Done.
Processing: page_344.jpg
  -> Layout type: COMPLEX_LAYOUT
  -> Ad type: PARTIAL_AD
  -> Page type inferred: 
  -> Inferred schema: Name,Address,Location,Profession,Role,Additional Info
  -> Final schema: Name, Address, Location, Category, Additional Info, Profession, Role
  -> Multi-section page detected: ['«dusa» | Address: Venezia - Via XXII Marzo, 2288, Telefono: 25·889', 'DITTA MIELIO VIRGINIO | Address: Castello, Telefono: 2 2006']
  -> Actual CSV columns: Name,Address,Location,Category,Additional Info,Profession,Role
  -> WARNING: 5 rows (7%) missing both Address and Location on page_344.jpg
  -> Section state carries address: Cannaregio 2933-B
Done.
Processing: page_345.jpg
  -> Layout type: SIMPLE_LAYOUT
  -> Ad type: NO_AD
  -> Page type inferred: 
  -> Inferred schema: Name,Address,Location,Profession,Role
  -> Final schema: Name, Address, Location, Category, Additional Info, Profession, Role
  -> Actual CSV columns: Name,Address,Location,Category,Additional Info,Profession,Role
  -> WARNING: 3 rows (4%) missing both Address and Location on page_345.jpg
  -> Section state carries address: S. Marco 4692
Done.
Processing: page_346.jpg
  -> Layout type: COMPLEX_LAYOUT
  -> Ad type: PARTIAL_AD
  -> Page type inferred: 
  -> Inferred schema: Name,Address,Location,Category,Additional Info
  -> Final schema: Name, Address, Location, Category, Additional Info, Profession, Role
  -> Actual CSV columns: Name,Address,Location,Category,Additional Info,Profession,Role
  -> WARNING: 2 rows (3%) missing both Address and Location on page_346.jpg
  -> Section state carries address: S. Polo, 1470
Done.
Processing: page_347.jpg
  -> Layout type: SIMPLE_LAYOUT
  -> Ad type: NO_AD
  -> Page type inferred: 
  -> Inferred schema: Name,Address,Location,Category,Additional Info
  -> Final schema: Name, Address, Location, Category, Additional Info, Profession, Role
  -> Actual CSV columns: Name,Address,Location,Category,Additional Info,Profession,Role
  -> WARNING: 3 rows (4%) missing both Address and Location on page_347.jpg
  -> Section state carries address: Campo S. Maria Formon, Via XXII Marzo 2288
Done.
Processing: page_348.jpg
  -> Layout type: SIMPLE_LAYOUT
  -> Ad type: NO_AD
  -> Page type inferred: 
  -> Inferred schema: Name,Address,Location,Category
  -> Final schema: Name, Address, Location, Category, Additional Info, Profession, Role
  -> Multi-section page detected: ['DITTA BIADENE | Successor: Citton & Castro, Category: ottica ingegneria fotografia, Address: S. Marco, Ponte del Lovo 4773, Tel: 25-263']
  -> Actual CSV columns: Name,Address,Location,Category,Additional Info,Profession,Role
  -> Section state carries address: S. Marco, Ponte del Lovo 4773
Done.
Processing: page_349.jpg
  -> OCR refusal detected, retrying with fallback prompt...
  -> OCR still refused after fallback for page_349.jpg, skipping.
Processing: page_350.jpg
  -> Layout type: COMPLEX_LAYOUT
  -> Ad type: PARTIAL_AD
  -> Page type inferred: 
  -> Inferred schema: Name,Address,Location,Profession,Role,Additional Info
  -> Final schema: Name, Address, Location, Category, Additional Info, Profession, Role
  -> Multi-section page detected: ['AGENZIA P. BORTOLUZZI | Address: VENEZIA - San. Luco, 4152 - Tel. 23-432']
  -> Actual CSV columns: Name,Address,Location,Category,Additional Info,Profession,Role
  -> Section state carries address: VENEZIA - San. Luco, 4152 - Tel. 23-432
Done.
Processing: page_351.jpg
  -> Layout type: COMPLEX_LAYOUT
  -> Ad type: NO_AD (pure structured directory content)
  -> Page type inferred: 
  -> Inferred schema: Name,Address,Location,Category,Additional Info
  -> Final schema: Name, Address, Location, Category, Additional Info, Profession, Role
  -> Actual CSV columns: Name,Address,Location,Category,Additional Info,Profession,Role
  -> WARNING: 2 rows (3%) missing both Address and Location on page_351.jpg
  -> Section state carries address: VIA Cappuccina 72
Done.
Processing: page_352.jpg
  -> Layout type: COMPLEX_LAYOUT
  -> Ad type: PARTIAL_AD
  -> Page type inferred: 
  -> Inferred schema: Name,Address,Location,Profession,Role
  -> Final schema: Name, Address, Location, Category, Additional Info, Profession, Role
  -> Actual CSV columns: Name,Address,Location,Category,Additional Info,Profession,Role
  -> WARNING: 5 rows (8%) missing both Address and Location on page_352.jpg
  -> Section state carries address: Via XXII Marzo 2288 . Telefono n. 25.889
Done.
Processing: page_353.jpg
  -> Layout type: SIMPLE_LAYOUT
  -> Ad type: NO_AD
  -> Page type inferred: 
  -> Inferred schema: Name,Address,Location,Role,Profession
  -> Final schema: Name, Address, Location, Category, Additional Info, Profession, Role
  -> Actual CSV columns: Name,Address,Location,Category,Additional Info,Profession,Role
  -> WARNING: 2 rows (3%) missing both Address and Location on page_353.jpg
  -> Section state carries address: S. Mar. 213
Done.
Processing: page_354.jpg
  -> Layout type: COMPLEX_LAYOUT
  -> Ad type: PARTIAL_AD
  -> Page type inferred: 
  -> Inferred schema: Name,Address,Location,Role,Profession
  -> Final schema: Name, Address, Location, Category, Additional Info, Profession, Role
  -> Actual CSV columns: Name,Address,Location,Category,Additional Info,Profession,Role
  -> WARNING: 8 rows (12%) missing both Address and Location on page_354.jpg
  -> Section state carries address: Venezia, S. Polo 1479
Done.
Processing: page_355.jpg
  -> Layout type: COMPLEX_LAYOUT
  -> Ad type: PARTIAL_AD
  -> Page type inferred: 
  -> Inferred schema: Name,Address,Location,Category,Additional Info
  -> Final schema: Name, Address, Location, Category, Additional Info, Profession, Role
  -> Multi-section page detected: ['AGENZIA P. BORTOLUZZI | Address: Venezia - S. Luca, 4152, Tel: 23 432', 'ARTI GRAFICHE ESPERIA | Address: Venezia S. Antoni 3579, Tel: 23 558']
  -> Actual CSV columns: Name,Address,Location,Category,Additional Info,Profession,Role
  -> WARNING: 5 rows (7%) missing both Address and Location on page_355.jpg
  -> Section state carries address: Venezia S. Antoni 3579, Tel: 23 558
Done.
Processing: page_356.jpg
  -> Layout type: SIMPLE_LAYOUT
  -> Ad type: NO_AD
  -> Page type inferred: 
  -> Inferred schema: Name,Address,Location,Profession,Role
  -> Final schema: Name, Address, Location, Category, Additional Info, Profession, Role
  -> Actual CSV columns: Name,Address,Location,Category,Additional Info,Profession,Role
  -> WARNING: 6 rows (9%) missing both Address and Location on page_356.jpg
  -> Section state carries address: Giudecca 549
Done.
Processing: page_357.jpg
  -> Layout type: SIMPLE_LAYOUT
  -> Ad type: NO_AD
  -> Page type inferred: 
  -> Inferred schema: Name,Address,Location,Category
  -> Final schema: Name, Address, Location, Category, Additional Info, Profession, Role
  -> Actual CSV columns: Name,Address,Location,Category,Additional Info,Profession,Role
  -> WARNING: 5 rows (8%) missing both Address and Location on page_357.jpg
  -> Section state carries address: S. Marco 2154
Done.
Processing: page_358.jpg
  -> Layout type: SIMPLE_LAYOUT
  -> Ad type: NO_AD
  -> Page type inferred: 
  -> Inferred schema: Name,Address,Location,Profession,Role
  -> Final schema: Name, Address, Location, Category, Additional Info, Profession, Role
  -> Actual CSV columns: Name,Address,Location,Category,Additional Info,Profession,Role
  -> WARNING: 1 rows (1%) missing both Address and Location on page_358.jpg
  -> Section state carries address: S. Marco 725-B
Done.
Processing: page_359.jpg
  -> Layout type: COMPLEX_LAYOUT
  -> Ad type: PARTIAL_AD
  -> Page type inferred: 
  -> Inferred schema: Name,Address,Location,Profession,Role
  -> Final schema: Name, Address, Location, Category, Additional Info, Profession, Role
  -> Actual CSV columns: Name,Address,Location,Category,Additional Info,Profession,Role
  -> WARNING: 4 rows (7%) missing both Address and Location on page_359.jpg
  -> Section state carries address: VENEZIA : Via XXII Marzo, 2288, Telefono 25-889
Done.
Processing: page_360.jpg
  -> Layout type: SIMPLE_LAYOUT
  -> Ad type: NO_AD
  -> Page type inferred: 
  -> Inferred schema: Name,Address,Location,Role,Profession,Additional Info
  -> Final schema: Name, Address, Location, Category, Additional Info, Profession, Role
  -> Actual CSV columns: Name,Address,Location,Category,Additional Info,Profession,Role
  -> WARNING: 2 rows (3%) missing both Address and Location on page_360.jpg
  -> Section state carries address: Castello 5540
Done.
Processing: page_361.jpg
  -> Layout type: SIMPLE_LAYOUT
  -> Ad type: NO_AD
  -> Page type inferred: 
  -> Inferred schema: Name,Address,Location,Profession,Role,Additional Info
  -> Final schema: Name, Address, Location, Category, Additional Info, Profession, Role
  -> Actual CSV columns: Name,Address,Location,Category,Additional Info,Profession,Role
  -> WARNING: 2 rows (3%) missing both Address and Location on page_361.jpg
  -> Section state carries address: P. Marghera, Via Clementi 6
Done.
Processing: page_362.jpg
  -> Layout type: SIMPLE_LAYOUT
  -> Ad type: NO_AD
  -> Page type inferred: 
  -> Inferred schema: Name,Address,Location,Profession,Additional Info
  -> Final schema: Name, Address, Location, Category, Additional Info, Profession, Role
  -> Actual CSV columns: Name,Address,Location,Category,Additional Info,Profession,Role
  -> Section state carries address: Cannaregio 2569
Done.
Processing: page_363.jpg
  -> Layout type: COMPLEX_LAYOUT
  -> Ad type: The text provided is a list containing names, professions, and addresses typically found in a structured directory. There is no visually separated text, business promotion, different formatting from the main list, decorative blocks, nor content at the bottom or edges indicating advertisements. Based on the criteria provided for determining the presence of advertisements, this page should be labeled as:


NO_AD (pure structured directory content)
  -> Page type inferred: 
  -> Inferred schema: Name,Address,Location,Profession,Role
  -> Final schema: Name, Address, Location, Category, Additional Info, Profession, Role
  -> Actual CSV columns: Name,Address,Location,Category,Additional Info,Profession,Role
  -> WARNING: 1 rows (1%) missing both Address and Location on page_363.jpg
  -> Section state carries address: S. Marco Bocca di Piazza
Done.
Processing: page_364.jpg
  -> Layout type: COMPLEX_LAYOUT
  -> Ad type: PARTIAL_AD
  -> Page type inferred: 
  -> Inferred schema: Name,Address,Location,Profession,Role,Additional Info
  -> Final schema: Name, Address, Location, Category, Additional Info, Profession, Role
  -> Multi-section page detected: ['GUlDA COMMERCIALE DI VENEZIA E PROVINCIA', 'ZAGO F.LLI | Address: S. Polo, 1470, Phone: 56-3333']
  -> Actual CSV columns: Name,Address,Location,Category,Additional Info,Profession,Role
  -> WARNING: 11 rows (17%) missing both Address and Location on page_364.jpg
  -> Section state carries address: S. Marco, numero 4586
Done.
Processing: page_365.jpg
  -> Layout type: COMPLEX_LAYOUT
  -> Ad type: PARTIAL_AD
  -> Page type inferred: 
  -> Inferred schema: Name,Address,Location,Category,Role
  -> Final schema: Name, Address, Location, Category, Additional Info, Profession, Role
  -> Actual CSV columns: Name,Address,Location,Category,Additional Info,Profession,Role
  -> WARNING: 3 rows (5%) missing both Address and Location on page_365.jpg
  -> Section state carries address: VENEZIA. Via XXII Marzo, 2288
Done.
Processing: page_366.jpg
  -> Layout type: COMPLEX_LAYOUT
  -> Ad type: PARTIAL_AD
  -> Page type inferred: 
  -> Inferred schema: Name,Address,Location,Profession,Role,Additional Info
  -> Final schema: Name, Address, Location, Category, Additional Info, Profession, Role
  -> Multi-section page detected: ['AGENZIA P. BORTOLUZZI | Address: Luc, 4125, Phone: 23-432, Founded: 1877, Location: Venezia']
  -> Actual CSV columns: Name,Address,Location,Category,Additional Info,Profession,Role
  -> WARNING: 1 rows (1%) missing both Address and Location on page_366.jpg
  -> Section state carries address: Luc, 4125
Done.
Processing: page_367.jpg
  -> OCR refusal detected, retrying with fallback prompt...
  -> OCR still refused after fallback for page_367.jpg, skipping.
Processing: page_368.jpg
  -> Layout type: COMPLEX_LAYOUT
  -> Ad type: PARTIAL_AD
  -> Page type inferred: 
  -> Inferred schema: Name,Address,Location,Profession,Additional Info
  -> Final schema: Name, Address, Location, Category, Additional Info, Profession, Role
  -> Actual CSV columns: Name,Address,Location,Category,Additional Info,Profession,Role
  -> WARNING: 2 rows (3%) missing both Address and Location on page_368.jpg
  -> Section state carries address: San Marco 3728, Via XXI Marzo 2288
Done.
Processing: page_369.jpg
  -> Layout type: SIMPLE_LAYOUT
  -> Ad type: NO_AD
  -> Page type inferred: 
  -> Inferred schema: Name,Address,Location,Category,Additional Info
  -> Final schema: Name, Address, Location, Category, Additional Info, Profession, Role
  -> Actual CSV columns: Name,Address,Location,Category,Additional Info,Profession,Role
  -> WARNING: 5 rows (7%) missing both Address and Location on page_369.jpg
  -> Section state carries address: Via Cattapan 37-A
Done.
Processing: page_370.jpg
  -> Layout type: COMPLEX_LAYOUT
  -> Ad type: PARTIAL_AD
  -> Page type inferred: 
  -> Inferred schema: Name,Address,Location,Category,Additional Info
  -> Final schema: Name, Address, Location, Category, Additional Info, Profession, Role
  -> Multi-section page detected: ['1. Cinema Arcadia, gestione ICSA, cinema (sale di proiezione e gestione) Accademia.', '2. Cinema Astori, Lido Gran Viale.', '3. Cinema Centrale, cinema (sale di proiezione e gestione), Piscina Favaere.', '4. Cinema Estro, Lido Via Simmerle.', '5. Cinema Excelsior di Furlan Giovanni, cinema sale di proiezione e gestione), Mestre.', '6. Cinema Garibaldi di Manganin Giuseppe, cinema (sale di proiezione e gestione), Via Garibaldi.', '... [list continues with similar entries for each cinema] ...', 'ZAGO F.L.I. Ritratti artistici Lavori industriali Reparto e donogratico vendita materiale fotoino - amentae | Address: VENEZIA I. S: Pole; 4778, Phone: Telefono 24-236', 'ZAMPIRONI INSETTICIDI M ESTRE | Brand: Zampironi, Product: Insetticidi', '(Note: The output has been shortened, focusing on the sections with distinct titles, following the description format given by the user. Each entry in the list would signify a section, but not all specific address/operational details have been listed given the format requirements.)']
  -> Image re-pass enabled (complex layout + ads + 10 sections).
  -> Actual CSV columns: Name,Address,Location,Category,Additional Info,Profession,Role
  -> WARNING: 3 rows (6%) missing both Address and Location on page_370.jpg
  -> Section state carries address: Calle (Islavia numero 8
Done.
Processing: page_371.jpg
  -> Layout type: COMPLEX_LAYOUT
  -> Ad type: PARTIAL_AD
  -> Page type inferred: 
  -> Inferred schema: Name,Address,Location,Category,Additional Info
  -> Final schema: Name, Address, Location, Category, Additional Info, Profession, Role
  -> Multi-section page detected: ['Colorificio Veneziano | Character: Colorificio Veneziano, Location: Rovazzono, Products: color e vernici, Location: Cannaregio 3542', 'Colorificio B. Girolio S. A. | Products: Colori e Vernici, Offices: S. Marco 1878, Factory: Castello 88, Location: Giovanni e Paolo, Calle della Testa 3359', 'Calonificio Veneziano | Character: Calonificio Veneziano, From: A. Joggna, Products: Colori e Vernici, Location: Giudecca 882', 'AGENZIA P. BORTOLUZZI FITTI APPARTAMENTI | Founded: 1877, Products: Vendita e Mobilizzi, Location: Castello, Calle Longe, 4182, Tel: 23-432']
  -> Image re-pass enabled (complex layout + ads + 4 sections).
  -> Actual CSV columns: Name,Address,Location,Category,Additional Info,Profession,Role
  -> WARNING: 6 rows (8%) missing both Address and Location on page_371.jpg
  -> Section state carries address: Lido, Via Malen-sovi, 1
Done.
Processing: page_372.jpg
  -> Layout type: COMPLEX_LAYOUT
  -> Ad type: PARTIAL_AD
  -> Page type inferred: 
  -> Inferred schema: Name,Address,Location,Category,Additional Info
  -> Final schema: Name, Address, Location, Category, Additional Info, Profession, Role
  -> Multi-section page detected: ['Colussi Augusto, trattoria | Address: Castello 2158', 'Colussi Emilio dei F.lli Gino, Gildo, Aldo, panificio | Address: San Marco 3727', 'Colussi Emilio, panificio | Address: S. Marco 4579', 'Colussi Emilio, pasticceria | Address: S. Marco 4647', 'Colussi Eugenio & Figli, vini (grossista) | Address: Cannaregio 1697-A', 'Colussi Eugenio, osteria | Address: Cannaregio 1705', 'Colussi Gino, mobili (negozio) | Address: Cannaregio numero 4505', 'Colussi Giovanni, fabbro ferraio e meccanico | Address: San Cassiano 1828', 'Colussi Guido, ingegnere | Address: S. Angelo 3835', 'Colussi Mansueto, osteria | Address: Cannaregio 2945', 'Colussi Senestre e Ettore F.lli, pasticceria | Address: D. Duro 1192', 'Combi Carlo, automologerie e autorimesse | Address: Mestre, Piazza 27 ottobre', 'Combustibili e Aglomerati Soc. a, r. l. combustibili liquidi ed affini | Address: San Marco,1505', 'Comeligo Paolo, impresa edile | Address: D. Duro 2405', 'Comellato Guglielmo, cicli e motocicli (po. steggio noleggio riparazioni) | Address: Chirignago, Via Miranese', 'Comese Marco, detersivi, saponi, affini (vendita) | Address: S. Polo 2745', 'Cometti Cesare di Callisto, elettricista e idraulico | Address: San Marco 264', 'Cometti dr. Vittorio, medicina generale | Address: S. Rocco 3060', 'Cometti Fabrizio d. 585 Anua Ma’na medicina generale | Address: Lido', 'Comin Anna, osteria | Address: D. Duro 2753', 'Comin Berto, rappresentanze varie | Address: S. Marco 1399', 'Comin Luigi, tabaccheria | Address: S. Croce 864', 'Comino Commercio Minerali e Metalli Soc. in acc. sempl, Ing. Alessandro e Marcello Barnabò e C. | Address: San Marco 4090', 'Comini Giovanni, casi di spedizione | Address: Cannaregio 1938', 'Cominotto Teresa, sarta | Address: D. Duro 3529', 'Comirato dr. Giuseppe, medicina generale | Address: S. Silvestro 1129', 'Comis F.lli Giuseppe e Ettore, carpentiere | Address: D. Duro 1314', 'Comitato Nazionale Petroliifero, olii minerali | Address: San Polo 1429-B', 'Commerciale Agricola Industriale, fertilizzanti e anticrittogamici | Address: S. Marco 4232', 'Commerciale Agricola Industriale, prodotti agricoli | Address: San Marco, S. Marco 4232', 'Commercio Naffa, S. A., combustibili liquidi ed affini | Address: San Marco 4232', 'Commercio Prodotti Artistici S. A., oggetti artistici | Address: San Marco 140', 'Comettci Cesare e Radio Marelli, apparecchi e materiale radio | Address: S. Marco 264', 'Commissionaria delle Venezie, S. A., rappresentante generali alimentari | Address: San Marco numero 4242', 'Compagnia Adriatica Commerciale dr. Zavaretti, S. Chaberlotto e C., importazioni ed esportazioni varie | Address: Riva luttoria', 'Compagnia An. Assicurazioni L’meendi di Torino, Società di assicurazioni | Address: S. Marco numero 5110', 'Compagnia Assicurazioni di Milano, Società di assicurazioni | Address: Via 22 marzo 2982', 'Compagnia Elettronico Italiana S. p. A. Impianti elettrici di luce, Forza motrice, Segnalazioni, Telefoni ecc. Impianti di illuminazione pubblica, Impianti di linee florivarie, Costruzioni apparecchiature elettriche e di materiali per linee di contatto | Sedi: Milano, Via Marcvglii 7, Rappresentante per il Veneto: Super Lux S. A., S. Mulo, 2937', 'Compagnia del Gas, gas (industria) | Address: Sottoportico delle Aque', 'Compagnia Generale delle Aque per l’Estero, acqua potabile | Address: San Benedetto 3981', 'Compagnia Italiana Fondiaria G.F.T., compra-venta immobili | Address: San Marco 1322', "Compagnia Italiana Marittima Soc. An. Navigazione Marittima, Società di navigazione | Address: San Marco 161'-A", 'Compagnia Italiana Trasporti Rappresentanze CITRA, rappresentanze varie | Address: S. Marco 1979', 'Compagnia del Phoenix, Società di assicurazioni | Address: San Marco 1341', 'Compagnia Singer, macchine da cucire e accessori | Address: San Marco 4929-130', 'Compagnia Trasporti Terresti Marittimi ed Aerei COTIMA, trasporti aerei | Address: S. Marco numero 1728', 'Compagnia Venezia Murano, oggetti artistici | Address: San Vio 730', 'Compagnia Veneziana fra Portabagagli e Facchini pubblici di Venezia, facchini pubblici | Address: Castello 4419', 'Compagnia Veneziana di Navigazione S. A., trasporti marittimi fluviali e terrestri | Address: S. Marco 3555', 'Compagnia Veneziano delle Spezie ing. Alessandro Barnabò, droghe (commercio) | Address: S. Marco 4000', 'Compagno Alfonso, bottiglieria | Address: S. Polo numero 2273-A', 'Compagno Antonio, bottiglieria | Address: S. Marco numero 665', 'Comunale di S. Elena Gestione Ospedale, Civile, farmacia', 'Comune di Venezia, caffè (esercizi) | Address: S. Elena Gardini Pubblici', 'coni prof. Francesco, Consigliere del Circolo Filologico | Address: S. Stefano 3802', 'Concetto Clotkle, pulizia uffici | Address: S. Marco numero 5295', 'Concinna Angelo, falegname | Address: S. Croce 756']
  -> Image re-pass enabled (complex layout + ads + 57 sections).
  -> Actual CSV columns: Name,Address,Location,Category,Additional Info,Profession,Role
  -> Section state carries address: S. Croce 756, S. Marco 4579, S. Marco 4647, Cannaregio 1697-A, Cannaregio 1705, Cannaregio numero 4505, San Cassiano 1828, S. Angelo 3835, Cannaregio 2945, D. Duro 1192, San Marco,1505, D. Duro 2405, S. Polo 2745, San Marco 264, S. Rocco 3060, D. Duro 2753, S. Marco 1399, S. Croce 864, San Marco 4090, Cannaregio 1938, D. Duro 3529, S. Silvestro 1129, D. Duro 1314, San Polo 1429-B, S. Marco 4232, San Marco, S. Marco 4232, San Marco 4232, San Marco 140, S. Marco 264, San Marco numero 4242, San Marco numero 5110, Via 22 marzo 2982, S. Mulo, 2937, San Benedetto 3981, San Marco 1322, San Marco 161'-A, S. Marco 1979, San Marco 1341, San Marco 4929-130, S. Marco numero 1728, San Vio 730, Castello 4419, S. Marco 3555, S. Marco 4000, S. Polo numero 2273-A, S. Marco numero 665, S. Stefano 3802, S. Marco numero 5295, S. Croce 756
Done.
Processing: page_373.jpg
  -> Layout type: COMPLEX_LAYOUT
  -> Ad type: PARTIAL_AD
  -> Page type inferred: 
  -> Inferred schema: Name,Address,Location,Category,Additional Info
  -> Final schema: Name, Address, Location, Category, Additional Info, Profession, Role
  -> Multi-section page detected: ['Here is the list of distinct sections identified in the text:']
  -> Actual CSV columns: Name,Address,Location,Category,Additional Info,Profession,Role
  -> WARNING: 6 rows (10%) missing both Address and Location on page_373.jpg
  -> Section state carries address: Via XXI Marzo n. 2288, Telefono n: 25-89
Done.
Processing: page_374.jpg
  -> Layout type: COMPLEX_LAYOUT
  -> Ad type: PARTIAL_AD
  -> Page type inferred: 
  -> Inferred schema: Name,Address,Location,Category,Additional Info
  -> Final schema: Name, Address, Location, Category, Additional Info, Profession, Role
  -> Actual CSV columns: Name,Address,Location,Category,Additional Info,Profession,Role
  -> WARNING: 6 rows (10%) missing both Address and Location on page_374.jpg
  -> Section state carries address: Via XXII Marzo 2288
Done.
Processing: page_375.jpg
  -> Layout type: SIMPLE_LAYOUT
  -> Ad type: NO_AD
  -> Page type inferred: 
  -> Inferred schema: Name,Address,Location,Role,Profession,Additional Info
  -> Final schema: Name, Address, Location, Category, Additional Info, Profession, Role
  -> Actual CSV columns: Name,Address,Location,Category,Additional Info,Profession,Role
  -> WARNING: 5 rows (7%) missing both Address and Location on page_375.jpg
  -> Section state carries address: Castello 1379
Done.
Processing: page_376.jpg
  -> Layout type: SIMPLE_LAYOUT
  -> Ad type: NO_AD
  -> Page type inferred: 
  -> Inferred schema: Name,Address,Location,Category,Additional Info
  -> Final schema: Name, Address, Location, Category, Additional Info, Profession, Role
  -> Actual CSV columns: Name,Address,Location,Category,Additional Info,Profession,Role
  -> WARNING: 4 rows (6%) missing both Address and Location on page_376.jpg
  -> Section state carries address: Via Torre Belfredo, Castello 3385, S. Croce 531, S. Croce 439 E, Castello 6043
Done.
Processing: page_377.jpg
  -> Layout type: COMPLEX_LAYOUT
  -> Ad type: PARTIAL_AD
  -> Page type inferred: 
  -> Inferred schema: Name,Address,Location,Role,Profession,Additional Info
  -> Final schema: Name, Address, Location, Category, Additional Info, Profession, Role
  -> Actual CSV columns: Name,Address,Location,Category,Additional Info,Profession,Role
  -> WARNING: 3 rows (5%) missing both Address and Location on page_377.jpg
  -> Section state carries address: Venezia - Via XXII Marzo, 2288 - Telefono 25.889
Done.
Processing: page_378.jpg
  -> Layout type: COMPLEX_LAYOUT
  -> Ad type: PARTIAL_AD
  -> Page type inferred: 
  -> Inferred schema: Name,Address,Location,Profession,Role,Additional Info
  -> Final schema: Name, Address, Location, Category, Additional Info, Profession, Role
  -> Actual CSV columns: Name,Address,Location,Category,Additional Info,Profession,Role
  -> WARNING: 4 rows (6%) missing both Address and Location on page_378.jpg
  -> Section state carries address: Via XXI Marza, 2288
Done.
Processing: page_379.jpg
  -> Layout type: SIMPLE_LAYOUT
  -> Ad type: NO_AD
  -> Page type inferred: 
  -> Inferred schema: Name,Address,Location,Profession,Role
  -> Final schema: Name, Address, Location, Category, Additional Info, Profession, Role
  -> Actual CSV columns: Name,Address,Location,Category,Additional Info,Profession,Role
  -> WARNING: 3 rows (4%) missing both Address and Location on page_379.jpg
  -> Section state carries address: Accademia Belle Arti, Fondazione
Done.
Processing: page_380.jpg
  -> Layout type: COMPLEX_LAYOUT
  -> Ad type: PARTIAL_AD
  -> Page type inferred: 
  -> Inferred schema: Name,Address,Location,Profession,Role,Additional Info
  -> Final schema: Name, Address, Location, Category, Additional Info, Profession, Role
  -> Multi-section page detected: ['GUIA COMMERCIALE DI VENEZIA E PROVINCIA', "ZAGO F.LLI | Address: VENEZIA — S. polo, 1479, Phone: Tele'fono 34553"]
  -> Actual CSV columns: Name,Address,Location,Category,Additional Info,Profession,Role
  -> WARNING: 10 rows (14%) missing both Address and Location on page_380.jpg
  -> Section state carries address: VENEZIA — S. polo, 1479
Done.
Processing: page_381.jpg
  -> OCR refusal detected, retrying with fallback prompt...
  -> Layout type: COMPLEX_LAYOUT
  -> Ad type: PARTIAL_AD.
  -> Page type inferred: 
  -> Inferred schema: Name,Address,Location,Role,Profession
  -> Final schema: Name, Address, Location, Category, Additional Info, Profession, Role
  -> Actual CSV columns: Name,Address,Location,Category,Additional Info,Profession,Role
  -> WARNING: 4 rows (6%) missing both Address and Location on page_381.jpg
  -> Section state carries address: Castello 2185
Done.
Processing: page_382.jpg
  -> Layout type: COMPLEX_LAYOUT
  -> Ad type: PARTIAL_AD
  -> Page type inferred: 
  -> Inferred schema: Name,Address,Location,Profession,Additional Info
  -> Final schema: Name, Address, Location, Category, Additional Info, Profession, Role
  -> Multi-section page detected: ['AGENZIA P. BORTOLUZZI | Founded: 1877, Services: Affitti, Appartamenti, Compra-vendita, Amministrazione, Case, Terreni, Beni Immobili, Address: Venezia - San Luca, 4182, Tel: 23-432']
  -> Actual CSV columns: Name,Address,Location,Category,Additional Info,Profession,Role
  -> WARNING: 7 rows (9%) missing both Address and Location on page_382.jpg
  -> Section state carries address: Venezia - San Luca, 4182
Done.
Processing: page_383.jpg
  -> OCR refusal detected, retrying with fallback prompt...
  -> OCR still refused after fallback for page_383.jpg, skipping.
Processing: page_384.jpg
  -> Layout type: COMPLEX_LAYOUT
  -> Ad type: PARTIAL_AD
  -> Page type inferred: 
  -> Inferred schema: Name,Address,Location,Category,Additional Info
  -> Final schema: Name, Address, Location, Category, Additional Info, Profession, Role
  -> Multi-section page detected: ['GUIA COMMERCIALE DI VENEZIA E PROVINCIA', 'duse | Address: Venezia · Via XXII Marzo, 2288, Telefono: 25-889', 'VISITOSI GUIDO | Address: Mestre, Via Felisati N. 31']
  -> Image re-pass enabled (complex layout + ads + 3 sections).
  -> Actual CSV columns: Name,Address,Location,Category,Additional Info,Profession,Role
  -> WARNING: 4 rows (6%) missing both Address and Location on page_384.jpg
  -> Section state carries address: Lido Via Bragadin 6, S. Polo numero 2799-2777
Done.
Processing: page_385.jpg
  -> Layout type: COMPLEX_LAYOUT
  -> Ad type: NO_AD
  -> Page type inferred: 
  -> Inferred schema: Name,Address,Location,Category,Additional Info
  -> Final schema: Name, Address, Location, Category, Additional Info, Profession, Role
  -> Actual CSV columns: Name,Address,Location,Category,Additional Info,Profession,Role
  -> Section state carries address: S. Marco 4771
Done.
Processing: page_386.jpg
  -> Layout type: COMPLEX_LAYOUT
  -> Ad type: NO_AD
  -> Page type inferred: 
  -> Inferred schema: Name,Address,Location,Profession,Additional Info
  -> Final schema: Name, Address, Location, Category, Additional Info, Profession, Role
  -> Actual CSV columns: Name,Address,Location,Category,Additional Info,Profession,Role
  -> WARNING: 7 rows (10%) missing both Address and Location on page_386.jpg
  -> Section state carries address: S. Polo, 1479
Done.
Processing: page_387.jpg
  -> Layout type: COMPLEX_LAYOUT
  -> Ad type: PARTIAL_AD
  -> Page type inferred: 
  -> Inferred schema: Name,Address,Location,Category,Additional Info
  -> Final schema: Name, Address, Location, Category, Additional Info, Profession, Role
  -> Actual CSV columns: Name,Address,Location,Category,Additional Info,Profession,Role
  -> WARNING: 2 rows (4%) missing both Address and Location on page_387.jpg
  -> Section state carries address: Castello 3013
Done.
Processing: page_388.jpg
  -> Layout type: SIMPLE_LAYOUT
  -> Ad type: NO_AD
  -> Page type inferred: 
  -> Inferred schema: Name,Address,Location,Role,Profession
  -> Final schema: Name, Address, Location, Category, Additional Info, Profession, Role
  -> Actual CSV columns: Name,Address,Location,Category,Additional Info,Profession,Role
  -> WARNING: 1 rows (1%) missing both Address and Location on page_388.jpg
  -> Section state carries address: Castello 1439
Done.
Processing: page_389.jpg
  -> Layout type: COMPLEX_LAYOUT
  -> Ad type: PARTIAL_AD
  -> Page type inferred: 
  -> Inferred schema: Name,Address,Location,Category,Additional Info
  -> Final schema: Name, Address, Location, Category, Additional Info, Profession, Role
  -> Actual CSV columns: Name,Address,Location,Category,Additional Info,Profession,Role
  -> WARNING: 1 rows (2%) missing both Address and Location on page_389.jpg
  -> Section state carries address: San Angelo 3980
Done.
Processing: page_390.jpg
  -> Layout type: COMPLEX_LAYOUT
  -> Ad type: PARTIAL_AD
  -> Page type inferred: 
  -> Inferred schema: Name,Address,Location,Category,Additional Info
  -> Final schema: Name, Address, Location, Category, Additional Info, Profession, Role
  -> Multi-section page detected: ['GUIA COMMERCIALE DI VENEZIA E PROVINCIA | Character: Guia commerciale di Venezia e provincia', 'Macchine per scrivere - Calcolatrici - Duplicatori | Occasions: Occassionati - Cambi - Ricostruzioni - Noleggi, Location: Venezia - Vie XXI Marzo 228B - Telefono n. 25.889']
  -> Actual CSV columns: Name,Address,Location,Category,Additional Info,Profession,Role
  -> WARNING: 6 rows (10%) missing both Address and Location on page_390.jpg
  -> Section state carries address: Calle Fuseri, numero 4289
Done.
Processing: page_391.jpg
  -> Layout type: COMPLEX_LAYOUT
  -> Ad type: PARTIAL_AD
  -> Page type inferred: 
  -> Inferred schema: Name,Address,Location,Category,Additional Info
  -> Final schema: Name, Address, Location, Category, Additional Info, Profession, Role
  -> Actual CSV columns: Name,Address,Location,Category,Additional Info,Profession,Role
  -> WARNING: 3 rows (4%) missing both Address and Location on page_391.jpg
  -> Section state carries address: Venezia, Via XXII Marzo, 2288
Done.
Processing: page_392.jpg
  -> Layout type: COMPLEX_LAYOUT
  -> Ad type: PARTIAL_AD
  -> Page type inferred: 
  -> Inferred schema: Name,Address,Location,Role,Profession,Additional Info
  -> Final schema: Name, Address, Location, Category, Additional Info, Profession, Role
  -> Multi-section page detected: ['S CIIEDARI - MOBILI PER UFFICIO - MACCHINE CONTABILI | Address: VENEZIA - Via XXII Marzo, 2288, Telefono: 25-889', 'VALESE LUIGI | Address: VENEZIA - Calle dei Spechieri 4102 - 46']
  -> Actual CSV columns: Name,Address,Location,Category,Additional Info,Profession,Role
  -> WARNING: 4 rows (6%) missing both Address and Location on page_392.jpg
  -> Section state carries address: VENEZIA - Calle dei Spechieri 4102 - 46
Done.
Processing: page_393.jpg
  -> Layout type: COMPLEX_LAYOUT
  -> Ad type: Based on the text provided, the page contains structured directory content with an extensive list of businesses and individuals indicating their names, professions, and addresses. However, towards the bottom of the list, there is an entry formatted differently: "Forniture complete MOBILI e ACCESSORI per UFFICIO 'duse.' VENEZIA - Via XXII Marzo, 2288 - Telefono 25.889." This entry, due to its distinct style and potential promotional content, suggests an advertisement-like element.


Given the presence of this advertisement-like content on the page, the appropriate label for this page would be:


PARTIAL_AD
  -> Page type inferred: 
  -> Inferred schema: Name,Address,Location,Profession,Role
  -> Final schema: Name, Address, Location, Category, Additional Info, Profession, Role
  -> Multi-section page detected: ['GIUDA COMMERCIALE DI VENEZIA E PROVINCIA']
  -> Actual CSV columns: Name,Address,Location,Category,Additional Info,Profession,Role
  -> WARNING: 1 rows (1%) missing both Address and Location on page_393.jpg
  -> Section state carries address: San Marco 1757, San Polo 2605, San Marco 5228, San Marco numero 4791, S. Croce 1084, Via 22 Marzo numero 2283.A, S. Maria Formosa numero 4778, Via Tessera 445, Cannaregio 3710, San Marco numero 45.46.47, Dorsoduro 948, Via Garibaldi 1386, Castello numero 1455, Cannaregio, numero 3860, S. Polo 43, Cann. 3866, S. Elena 17, S. Angelo 3832, D. Duro 990, Cannaregio 1296, Dorsoduro numero 862, S. Lio 5449, S. Polo 1734, S. Marco 9721, Cannaregio numero 5435, S. Polo 2199, San Marco 4232, San Luca 4779, S. Samuele 3243.B, D. Duro 722, Castello 6655, D. Duro 722, Lido. Gran Viale 82, Castello numero 3495-96, Mestre. Piazza Umberto 1, S. State numero 1851, S. Pantalon 6, S. Barnaba numero 3000, Castello numero 3852, Carpenedo, Via Pasqualigo 29, S. Croce 1157B, S. Marco numero 5292, Cann. 103, S. Marco 24, Mestre, Via 27 Ottobre 30, San Polo 1051, Mestre, Via Piave 80, Santa Croce 1992, Castello 4429, VENEZIA - Via XXII Marzo, 2288
Done.
Processing: page_394.jpg
  -> Layout type: COMPLEX_LAYOUT
  -> Ad type: PARTIAL_AD
  -> Page type inferred: 
  -> Inferred schema: Name,Address,Location,Profession,Additional Info
  -> Final schema: Name, Address, Location, Category, Additional Info, Profession, Role
  -> Actual CSV columns: Name,Address,Location,Category,Additional Info,Profession,Role
  -> WARNING: 2 rows (3%) missing both Address and Location on page_394.jpg
  -> Section state carries address: VENEZIA - Via XXII Marzo, 2288 - Telefono 25-889
Done.
Processing: page_395.jpg
  -> Layout type: COMPLEX_LAYOUT
  -> Ad type: NO_AD
  -> Page type inferred: 
  -> Inferred schema: Name,Address,Location,Profession,Role,Additional Info
  -> Final schema: Name, Address, Location, Category, Additional Info, Profession, Role
  -> Actual CSV columns: Name,Address,Location,Category,Additional Info,Profession,Role
  -> WARNING: 3 rows (5%) missing both Address and Location on page_395.jpg
  -> Section state carries address: Castello 3357
Done.
Processing: page_396.jpg
  -> Layout type: SIMPLE_LAYOUT
  -> Ad type: NO_AD
  -> Page type inferred: 
  -> Inferred schema: Name,Address,Location,Category,Additional Info
  -> Final schema: Name, Address, Location, Category, Additional Info, Profession, Role
  -> Actual CSV columns: Name,Address,Location,Category,Additional Info,Profession,Role
  -> WARNING: 7 rows (11%) missing both Address and Location on page_396.jpg
  -> Section state carries address: S. Marco 3451
Done.
Processing: page_397.jpg
  -> Layout type: COMPLEX_LAYOUT
  -> Ad type: PARTIAL_AD
  -> Page type inferred: 
  -> Inferred schema: Name,Address,Location,Profession,Role,Additional Info
  -> Final schema: Name, Address, Location, Category, Additional Info, Profession, Role
  -> Multi-section page detected: ["PREM. MOBILIFICIO - CASA DELL'ARTIGIANATO | Address: Via Manin, N. 39 - MESTRE, Telefono: N. 51-165", 'OFFICINA RIPARAZIONI MACCHINE PER SCRIVERE | Address: VENEZIA, Via XXII Marzo, 2288, Telefono: 25-889']
  -> Actual CSV columns: Name,Address,Location,Category,Additional Info,Profession,Role
  -> WARNING: 1 rows (2%) missing both Address and Location on page_397.jpg
  -> Section state carries address: D. Duro 1075
Done.
Processing: page_398.jpg
  -> Layout type: COMPLEX_LAYOUT
  -> Ad type: PARTIAL_AD
  -> Page type inferred: 
  -> Inferred schema: Name,Address,Location,Role,Profession,Additional Info
  -> Final schema: Name, Address, Location, Category, Additional Info, Profession, Role
  -> Multi-section page detected: ['AGENZIA P. BORTOLUZZI | Founded: 1877, Address: Venezia - San Luca, 4152, Tel.: 23-432']
  -> Actual CSV columns: Name,Address,Location,Category,Additional Info,Profession,Role
  -> WARNING: 6 rows (9%) missing both Address and Location on page_398.jpg
  -> Section state carries address: Castel. 13 937-A
Done.
Processing: page_399.jpg
  -> Layout type: SIMPLE_LAYOUT
  -> Ad type: NO_AD
  -> Page type inferred: 
  -> Inferred schema: Name,Address,Location,Category,Additional Info
  -> Final schema: Name, Address, Location, Category, Additional Info, Profession, Role
  -> Multi-section page detected: ['Nuova Editoriale S. A. | Address: Zincografia, Calle Stagneri 5238 - telefono 22648']
  -> Actual CSV columns: Name,Address,Location,Category,Additional Info,Profession,Role
  -> WARNING: 2 rows (3%) missing both Address and Location on page_399.jpg
  -> Section state carries address: Castello 494
Done.
Processing: page_400.jpg
  -> Layout type: COMPLEX_LAYOUT
  -> Ad type: PARTIAL_AD
  -> Page type inferred: 
  -> Inferred schema: Name,Address,Location,Role,Profession,Additional Info
  -> Final schema: Name, Address, Location, Category, Additional Info, Profession, Role
  -> Actual CSV columns: Name,Address,Location,Category,Additional Info,Profession,Role
  -> WARNING: 7 rows (10%) missing both Address and Location on page_400.jpg
  -> Section state carries address: S. Cassiana 1912
Done.
Processing: page_401.jpg
  -> Layout type: SIMPLE_LAYOUT
  -> Ad type: NO_AD
  -> Page type inferred: 
  -> Inferred schema: Name,Address,Location,Profession,Role,Additional Info
  -> Final schema: Name, Address, Location, Category, Additional Info, Profession, Role
  -> Actual CSV columns: Name,Address,Location,Category,Additional Info,Profession,Role
  -> WARNING: 4 rows (5%) missing both Address and Location on page_401.jpg
  -> Section state carries address: D. Duro 1138
Done.
Processing: page_402.jpg
  -> Layout type: COMPLEX_LAYOUT
  -> Ad type: PARTIAL_AD
  -> Page type inferred: 
  -> Inferred schema: Name,Address,Location,Profession,Additional Info
  -> Final schema: Name, Address, Location, Category, Additional Info, Profession, Role
  -> Actual CSV columns: Name,Address,Location,Category,Additional Info,Profession,Role
  -> WARNING: 6 rows (8%) missing both Address and Location on page_402.jpg
  -> Section state carries address: Castello 2720
Done.
Processing: page_403.jpg
  -> Layout type: COMPLEX_LAYOUT
  -> Ad type: PARTIAL_AD
  -> Page type inferred: 
  -> Inferred schema: Name,Address,Location,Category,Additional Info
  -> Final schema: Name, Address, Location, Category, Additional Info, Profession, Role
  -> Multi-section page detected: ['Colletlico Italialee | Address: Via Miranese 43, Mestre', 'Comarotto Antonio | Address: S. Polo 222', 'Comoccia Anita Beatrice | Address: Piazza Umberto I, Mestre', 'Gondrand Fratelli & Soc. Naz. di Trasporti, Succ. di Venezia | Address: S. Stefano, Palazzo Morosini, 2803', 'Gondrand fratelli & Soc. Naz. di Trasporti, Casa di Spedizioni, Succ, di Venezia | Address: S. Stefano, Palazzo Morosini, 2803, Capitale soc.: L. 25.000.000', "Gorghetto Ferruccio | Address: Treporti, l'isola della Chiesa 28", 'Goretti Emenegildo (ditta) | Address: SS. Giovanni e Paolo 6308', 'Goretti Linda | Address: Cannaregio 6286', 'Goretti Vincenzo | Address: S. Marco 3999-5401', 'Goranti Giovanni | Address: S. Polo 601', 'Gorin Giovanni | Address: S. Polo, posteggio 21', 'Gorinati Martino | Address: S. Polo 637', 'Gorini Enrico | Address: Cannaregio 5993', 'Gorinia | Address: Calle dei Fab. bri 3697', 'Gorla A. e V. Caselli (ditta) | Address: SSB. Stazione di Venezia', 'Gorleri di Diano Guido | Address: S. Angelo 3688', 'Gorottoi don Alessandro | Address: S. Eustacchio (S. Stae)', 'Gottardi Elisabetta | Address: S. Polo 1476', 'Gottardi Folin Ida | Address: Cannaregio 6270', 'Gottardi Francesco | Address: Cannaregio 6270', 'Gottardi dr. Gottardi | Address: S. Croce numero 2257', 'Gottardi prof. Luigi | Role: insegnante Accademia di Belle Arti', 'Gottardi Dr. Mario | Address: S. Croce n. 2557.A', 'Gottardi Rita | Address: D. Duro 275', 'Gottardo Anselmo | Address: Cannaregio 409', 'Gottardo F.lli | Address: Mestre, Via C. Battisti 515', 'Gottardo Luigi | Address: S. Rocco 3078', 'Gottardo Maria | Address: Castelfo 6015', 'Gottardo Vittorio | Address: Mestre, Via Ospedale', 'Gottipavo y Renato | Address: S. Marco 615', "Gradenigo Co, Arturo | Role: Direttore dell'Associazione fra Proprietari di Fabbricati", 'Gradenigo Costanza ved. Caldura | Address: Giudecca, Ex Campo di Marte 950', 'Gradf Rosina | Address: Rio Terra Farsetto 1463', 'Gramagna Alfredo | Address: S. Marco 2621', 'Gramagna Giuseppe | Address: Cannaregio 1882', 'Gramagna Giuseppe | Address: Cannaregio 1433', 'Gramagna Luciano | Address: Cannaregio 1131', 'Gran Caffe “Chioggia" | Address: Piazzetta S. Marco', 'Granatino Antonio | Address: Mestre, Piazza Umberto I', 'Grand Hotel | Address: S. Marco, Calle del Pestrin 2392-A', 'Grandesso Ettore | Address: Giudecca 427', 'Grandesso Giovanni | Address: Giudecca 173', 'Grandesso Luigia | Address: firma Rossa 2519', 'Grandesso Michele | Role: Consigliere Municipale', 'Grandesso dr. Michele | Role: medico, Location: Pellestrina', 'Grandesso Sergio | Address: Mestre, Corso del Popolo 20', 'Grandi Magazzini Al Canton di Stefania ti Stefano | Address: S. Leonardo 1374', 'Grandi Magazzini della Fabbrica Lombada Biancheria | Address: S. Pantalon 3955, Rialto 270 eBottegon', 'Grandi Magazzini «La Casa» di Taburo Giovanni | Address: S. Marco 4752-45', "Grandis Giovanni | Address: Marghera, via dell'Industria", 'Grano | Address: Ponte dei Barettieri 2490', 'Granziotto Augusto | Address: S. Maurizion n. 2598', 'Granziotto P. Succ. di Menegazzi Cav A. | Address: S. A. posnrl 1921', 'Granzotto dr. Gianni | Address: S. Marco 4843', 'Graspo do Ua. | Address: S. Marco 5987', 'Grassi arch. Enzo | Address: Siazio S. G. Luca', 'Grassi Giuseppe | Address: Giudecca 30', 'Grasso T. Col. Giuseppe | Role: Comandante Lesroione Territ. Guardia di Finanza, Circolo di Mestr:', 'Gr.100 Silvia ved. Andreotto | Location: Lido, S. Maria Elisabetta', 'Grassini Raffaele | Address: Cannaregio n. 2886', 'Grava Maria | Location: Lido, Piazzale S. M. Elisabetta 21', 'Gravidi aw. Ernesto | Address: S. Lio 5780', 'Graziati dr. Beniamino | Address: Mestre, Piazza Umberto I', 'Grazai Dina | Address: S. Marco 608', 'Grazzi Dina | Address: S. Marco 608', 'Grazzi dr. Giovanni | Role: Comm. Agaxit. Ufficio Stranieri dalla Questura', 'Greatti don Marco | Role: vicario S. Barnaba', 'AGENZIA P. BORTOLUZZI | AFFITTI APPARTAMENTI PER COMPRV / VENDITA, Address: VENEZIA - S. LUCIA 4624, Tel: 524032']
  -> Image re-pass enabled (complex layout + ads + 68 sections).
  -> Actual CSV columns: Name,Address,Location,Category,Additional Info,Profession,Role
  -> WARNING: 6 rows (9%) missing both Address and Location on page_403.jpg
  -> Section state carries address: VENEZIA - S. LUCIA 4624
Done.
Processing: page_404.jpg
  -> Layout type: SIMPLE_LAYOUT
  -> Ad type: NO_AD
  -> Page type inferred: 
  -> Inferred schema: Name,Address,Location,Profession,Role
  -> Final schema: Name, Address, Location, Category, Additional Info, Profession, Role
  -> Actual CSV columns: Name,Address,Location,Category,Additional Info,Profession,Role
  -> WARNING: 8 rows (12%) missing both Address and Location on page_404.jpg
  -> Section state carries address: S. Vio 682
Done.
Processing: page_405.jpg
  -> Layout type: COMPLEX_LAYOUT
  -> Ad type: The page contains a list of businesses and individuals, primarily appearing to be a directory for commercial services in the Venice area. However, there are elements that could be considered advertisement-like, such as:


- The repeated listings for hotels, which might have promotional undertones but are still part of directory content.
- The decorative block towards the end: "AGENTI-ARKSILI PER UFFOCIO - MACCHINE CONSULTABILI MACCHINES IN Use - DUPEZIAZIONED - ACCEZOR," which seems separated from the main directory content and formatted differently, suggesting a possible advertisement or special attention grabbing section.
- The listings at the bottom concerning various specific brands or entities, which may not be structured in the same exact way as the rest, such as "Ilva Altì Forni e Accierie d'Italia," could hint at promotional or specific emphasis beyond directory-style listings.


Since there is possible ad-like content present on the page, even though it primarily operates as a directory, it would be best categorized as PARTIAL_AD.
  -> Page type inferred: 
  -> Inferred schema: Name,Address,Location,Category,Additional Info
  -> Final schema: Name, Address, Location, Category, Additional Info, Profession, Role
  -> Actual CSV columns: Name,Address,Location,Category,Additional Info,Profession,Role
  -> WARNING: 2 rows (4%) missing both Address and Location on page_405.jpg
  -> Section state carries address: S. Marco 5206
Done.
Processing: page_406.jpg
  -> Layout type: COMPLEX_LAYOUT
  -> Ad type: PARTIAL_AD
  -> Page type inferred: 
  -> Inferred schema: Name,Address,Location,Category,Additional Info
  -> Final schema: Name, Address, Location, Category, Additional Info, Profession, Role
  -> Multi-section page detected: ['INTREW | Address: Via Mazzini 5110', 'YOUR GAZZETTINO | Character: A il Vostro giornale', 'OCCASIONI — CAMBI - RICOSTRUZIONI - NOLEGGI | Address: VENEZIA - Via XXII Marzo 2288 - Telefono n. 25.889']
  -> Image re-pass enabled (complex layout + ads + 3 sections).
  -> Actual CSV columns: Name,Address,Location,Category,Additional Info,Profession,Role
  -> WARNING: 6 rows (10%) missing both Address and Location on page_406.jpg
  -> Section state carries address: Calle Larga XXII Maro 2399, S. Molsi 1493
Done.
Processing: page_407.jpg
  -> Layout type: COMPLEX_LAYOUT
  -> Ad type: PARTIAL_AD
  -> Page type inferred: 
  -> Inferred schema: Name,Address,Location,Profession,Role,Additional Info
  -> Final schema: Name, Address, Location, Category, Additional Info, Profession, Role
  -> Multi-section page detected: ['ORGANIZATION | Address: Via XXII Marzo, 2288, Telefono: 25-889']
  -> Actual CSV columns: Name,Address,Location,Category,Additional Info,Profession,Role
  -> WARNING: 4 rows (7%) missing both Address and Location on page_407.jpg
  -> Section state carries address: S. Polo 889, Via XXII Marzo 2288
Done.
Processing: page_408.jpg
  -> Layout type: COMPLEX_LAYOUT
  -> Ad type: PARTIAL_AD
  -> Page type inferred: 
  -> Inferred schema: Name,Address,Location,Profession
  -> Final schema: Name, Address, Location, Category, Additional Info, Profession, Role
  -> Actual CSV columns: Name,Address,Location,Category,Additional Info,Profession,Role
  -> Section state carries address: Via XXII Marzo, 2288
Done.
Processing: page_409.jpg
  -> Layout type: SIMPLE_LAYOUT
  -> Ad type: NO_AD
  -> Page type inferred: 
  -> Inferred schema: Name,Address,Location,Role,Profession,Additional Info
  -> Final schema: Name, Address, Location, Category, Additional Info, Profession, Role
  -> Actual CSV columns: Name,Address,Location,Category,Additional Info,Profession,Role
  -> WARNING: 2 rows (3%) missing both Address and Location on page_409.jpg
  -> Section state carries address: Burano, Cavallino, Via Chiesa
Done.
Processing: page_410.jpg
  -> Layout type: COMPLEX_LAYOUT
  -> Ad type: PARTIAL_AD
  -> Page type inferred: 
  -> Inferred schema: Name,Address,Location,Category,Additional Info
  -> Final schema: Name, Address, Location, Category, Additional Info, Profession, Role
  -> Multi-section page detected: ['DU5E | Address: Venezia - Via XXII Marzo, 2288 - Telefono 5-889', 'DITTA J. NIELLO | Character: Cartotecnica e tipografia, Address: Venezia, Telefono 5-7.90']
  -> Actual CSV columns: Name,Address,Location,Category,Additional Info,Profession,Role
  -> WARNING: 1 rows (1%) missing both Address and Location on page_410.jpg
  -> Section state carries address: S. Butrolomco numero 541
Done.
Processing: page_411.jpg
  -> Layout type: COMPLEX_LAYOUT
  -> Ad type: PARTIAL_AD
  -> Page type inferred: 
  -> Inferred schema: Name,Address,Location,Category,Profession,Additional Info
  -> Final schema: Name, Address, Location, Category, Additional Info, Profession, Role
  -> Multi-section page detected: ['The text contains multiple distinct sections. Below is a list of each section:', 'Lezzo Giovanni, frutta e verdura (grossista) | Address: San Polo numero 2001', 'Lehtinen Paolo, rappresentanze generi alimentari | Address: S. Polo 2380', 'Libarna Agenzia Commerciale Marittima | Address: Lavsoro dr. rag. Cesare, S. Marco 3650', 'Liberi Aldo e C. calzature | Address: S. Marco 5327', 'Libertà Cartoleria | Address: D. Duro 2282 B', 'Liberti Francesco, alimentari (dett.) | Address: Cannareggio 5620', 'Liberta Vittorio, drogheria | Address: D. Duro 3232', 'Libertania Maria, alimentari (dett.) | Address: Santa Croce 1991', 'Libreria Antiquaria editrice «La borsa del Libro» | Address: S. Marco numero 323', 'Libreria Cartoleria Moderna: F.lli Franceschi | Address: Mestre, Piazza Umberto I', 'Libreria Emiliana | Address: S. Luca', 'Libreria Emiliana Editrice, industria editoriale | Address: Santa Apneise 909-A', 'Libreria Minerva | Address: Cannareggio 5796', 'Libreria Rigatieri, antiquaria, moderna | Address: Calle della Mandola 3713', 'Libreria del Sansovino S. A. | Address: Piazza San Marco 84', 'Libreria Serenissima | Address: San Marco 739', 'Libreria Tarantola | Address: San Luca 4264', 'Libreria Universitaria Ruggiero Meloni | Address: Calle Forceri, 3259', 'Licari cav. Giovanni, Maggiore di P. S. | Role: Comandante (Questura)', 'Licata Sihone, legumi secchi | Address: Murano, fdm. Sebastiano Venier 47-A', 'Licensed Antonio, sarto da uomo | Address: Chirignago, Catene', '«License» Soc. Coop., imprese edile | Address: Lido, Via Nicosia 7-A', 'Lido Grande Albergo, albergo | Address: Lido, Piazzale S. M. Elisabetta', 'Ligabue Anacleto, caffè (esercizi) | Address: Piazzale Roma 497', 'Ligabue Enzo, Geometra | Address: Mestre, Via Enrico Toti 16', 'Ligieri dr. Concetto, commercialista | Address: San Marco 5074', 'Limentani Francesco, sarto da uomo | Address: Castello 6396', 'Linassi F.lli, sartoria e confezioni per uomo | Address: San Giovanni Grisostomo 5783', 'Linassi Luigi, tessuti | Address: Castello 4698', 'Linassi Narvis, imprese edile | Address: Mestre, Via Dante 4', 'Linetti Guglielmo articoli artistici, chincaglieria | Address: San Marco 2245', 'Linetti Guglielmo, oggetti artistici | Address: San Marco numero 4855', 'Linetti G., pelletterie (negozio) | Address: S. Marco, Mercerie Orologio 280', 'Linetti Profumi Soc. per Az. profumi e sartini | Category: fabbrica', 'Lingueri dr. Riccardo, radiologo | Address: Frezeroia numero 1371', "Linificio Canapificio Nazionale S. A., filati all'ingrosso | Address: San Marco 4706", 'Lion Ilario, farmacia | Address: Frari, S. Stin 2498-A', 'Lion Teresa, sartoria | Address: D. Duro 858', 'Liquigas, S. A. Produzione e commercio gas | Category: industria, Address: Mestre Via Rosa 15, Stabilimento Porto Marghera', 'Lisci Guerino, seccugo | Address: S. Polo 1421-A', 'Lisiola Pietro, fotografie (gabinetto di posa) | Address: Castello 6052', "«Litacrom» S.A.L., per l'indi delle terre decoloranti e affini, industria chimica | Address: Marghera Via Canale Ovest 14-A", "L'Italia Fluviale S. A., per la navigazione interne, autoviatporti | Address: S. Marco 2551", 'Lizzi Lucia ved. Boccalato, calzature | Address: San Marco 2456', 'Lizonzio dr. Giovanni, medicina generale | Address: S. Marco 570', 'Livant Silvio fu Lorenzo, elettricità idraulica e gas | Address: S. Polo 2355', 'Livio Santa, trattoria | Address: S. Croce 1051', 'Lizzi Pietro | Role: Consigliere Municipale', 'Lizza Caterina, ostetria | Address: Cannaregio 5401', "Lloyd Italiano, L'Ancora, Società di assicurazioni | Address: San Luca 4087", 'Lloyd Siciliano, Società di assicurazioni | Address: Calle dei Fabbri 926', 'Lloyd Triestino, S. A. di Navigazione | Address: Zattere 1406, uffici passeggeri Piazza San Marco', 'Lobetti Boboni dr. Mario, conservatore della Conservatoria dei Registri Immobiliari | Address: S. Marco, campiello delle Feltrine', 'Locanda Gobbo | Address: Campo S. Geremia 312', 'Locatelli Mattia, alimentari (gross.) | Address: D. Duro 853-B', 'Locatelli di Tullio Locatelli, farmacia | Address: Calle dei Fabbri 4696', 'Locatelli Umberto, radio (riparazioni) | Address: Mestre, Via Francesco Baracca 7-A', 'Loeffe & C., caffè (importatore) | Address: D. Duro numero 866', 'Loco cap. cav. Attilio, Capo movim. del ACNIL | Address: S. Angelo 3880', "Loiacono avv. Gaetano, vice intendente dell'Intendenza di Finanza | Address: S. Angelo 3538", 'Loi Pietro, stracci, metalli minuti | Address: Cannaregio numero 1220', 'Loly ing. Solone | Address: San Fantin, 1879, Role: Vice Direttore (TELVE)', 'Lolli dr. Leonilda, medicina generale | Address: Ospizio Marino', 'Lombardo Attilio, farmacista | Address: Murano', "Lombardo Ing. Ferruccio | Role: Ufficio Tecnico dell'Amministrazione della Provincia", 'Lombardo Giulia, ostetrica | Address: Cann. 2102', 'Lombardo Regina, lavanderia e stireria | Address: Lido, Via Malamocco 97', 'Lombardini Giuseppina, cantine | Address: Castello numero 6249']
  -> Image re-pass enabled (complex layout + ads + 69 sections).
  -> Actual CSV columns: Name,Address,Location,Category,Additional Info,Profession,Role
  -> WARNING: 3 rows (2%) missing both Address and Location on page_411.jpg
  -> Section state carries address: Castello numero 6249
Done.
Processing: page_412.jpg
  -> Layout type: SIMPLE_LAYOUT
  -> Ad type: NO_AD
  -> Page type inferred: 
  -> Inferred schema: Name,Address,Location,Category,Additional Info
  -> Final schema: Name, Address, Location, Category, Additional Info, Profession, Role
  -> Actual CSV columns: Name,Address,Location,Category,Additional Info,Profession,Role
  -> Section state carries address: Musterena 71
Done.
Processing: page_413.jpg
  -> Layout type: COMPLEX_LAYOUT
  -> Ad type: The page you provided is primarily composed of directory content with listings of individuals and businesses along with their professions and addresses. However, the entry "OFFICINA RIPARAZIONI MACCHINE PER SCRIVERE" at the bottom appears to be formatted differently, similar to an advertisement. Therefore, the appropriate label for this page is PARTIAL_AD, as it includes structured directory content along with some advertisement-like content.
  -> Page type inferred: 
  -> Inferred schema: Name,Address,Location,Role,Profession,Additional Info
  -> Final schema: Name, Address, Location, Category, Additional Info, Profession, Role
  -> Actual CSV columns: Name,Address,Location,Category,Additional Info,Profession,Role
  -> WARNING: 2 rows (5%) missing both Address and Location on page_413.jpg
  -> Section state carries address: VENEZIA - Via XXII Marzo, 2288
Done.
Processing: page_414.jpg
  -> Layout type: COMPLEX_LAYOUT
  -> Ad type: PARTIAL_AD
  -> Page type inferred: 
  -> Inferred schema: Name,Address,Location,Profession,Role
  -> Final schema: Name, Address, Location, Category, Additional Info, Profession, Role
  -> Multi-section page detected: ['AGENZIA P. BORTOLUZZI | Founded: 1877, Category: Affitti Appartamenti, Address: Venezia, San Lucia 482, Tel: 23-432']
  -> Actual CSV columns: Name,Address,Location,Category,Additional Info,Profession,Role
  -> WARNING: 4 rows (5%) missing both Address and Location on page_414.jpg
  -> Section state carries address: Castello 2474, Ca,ampanro. 5041
Done.
Processing: page_415.jpg
  -> Layout type: SIMPLE_LAYOUT
  -> Ad type: NO_AD
  -> Page type inferred: 
  -> Inferred schema: Name,Address,Location,Profession,Role
  -> Final schema: Name, Address, Location, Category, Additional Info, Profession, Role
  -> Actual CSV columns: Name,Address,Location,Category,Additional Info,Profession,Role
  -> WARNING: 11 rows (16%) missing both Address and Location on page_415.jpg
  -> Section state carries address: S. Moisè, 2155
Done.
Processing: page_416.jpg
  -> Layout type: COMPLEX_LAYOUT
  -> Ad type: PARTIAL_AD
  -> Page type inferred: 
  -> Inferred schema: Name,Address,Location,Category,Additional Info
  -> Final schema: Name, Address, Location, Category, Additional Info, Profession, Role
  -> Multi-section page detected: ['VISOTSI GUIDO | Address: Via Felisati n. 31']
  -> Actual CSV columns: Name,Address,Location,Category,Additional Info,Profession,Role
  -> WARNING: 3 rows (4%) missing both Address and Location on page_416.jpg
  -> Section state carries address: Via Felisati n. 31
Done.
Processing: page_417.jpg
  -> Layout type: COMPLEX_LAYOUT
  -> Ad type: PARTIAL_AD
  -> Page type inferred: 
  -> Inferred schema: Name,Address,Location,Category,Additional Info
  -> Final schema: Name, Address, Location, Category, Additional Info, Profession, Role
  -> Actual CSV columns: Name,Address,Location,Category,Additional Info,Profession,Role
  -> WARNING: 4 rows (6%) missing both Address and Location on page_417.jpg
  -> Section state carries address: S. Marco 2845
Done.
Processing: page_418.jpg
  -> Layout type: COMPLEX_LAYOUT
  -> Ad type: PARTIAL_AD
  -> Page type inferred: 
  -> Inferred schema: Name,Address,Location,Profession,Role,Additional Info
  -> Final schema: Name, Address, Location, Category, Additional Info, Profession, Role
  -> Multi-section page detected: ['CITTA COMMERCIALE DI VENEZIA E PROVINCIA', 'ZAGO F.LLI Ritratti artistici - Lavori industriali - Reparto eluci', 'ZAMPIRONI INSETTICIDI']
  -> Image re-pass enabled (complex layout + ads + 3 sections).
  -> Actual CSV columns: Name,Address,Location,Category,Additional Info,Profession,Role
  -> WARNING: 17 rows (24%) missing both Address and Location on page_418.jpg
  -> Section state carries address: S. Marco 3026
Done.
Processing: page_419.jpg
  -> Layout type: COMPLEX_LAYOUT
  -> Ad type: PARTIAL_AD
  -> Page type inferred: 
  -> Inferred schema: Name,Address,Location,Role,Profession,Additional Info
  -> Final schema: Name, Address, Location, Category, Additional Info, Profession, Role
  -> Actual CSV columns: Name,Address,Location,Category,Additional Info,Profession,Role
  -> WARNING: 2 rows (3%) missing both Address and Location on page_419.jpg
  -> Section state carries address: S. Min. Lucia^S18
Done.
Processing: page_420.jpg
  -> Layout type: COMPLEX_LAYOUT
  -> Ad type: NO_AD
  -> Page type inferred: 
  -> Inferred schema: Name,Address,Location,Category,Additional Info
  -> Final schema: Name, Address, Location, Category, Additional Info, Profession, Role
  -> Actual CSV columns: Name,Address,Location,Category,Additional Info,Profession,Role
  -> WARNING: 4 rows (6%) missing both Address and Location on page_420.jpg
  -> Section state carries address: D. Duro 2581
Done.
Processing: page_421.jpg
  -> Layout type: SIMPLE_LAYOUT
  -> Ad type: NO_AD
  -> Page type inferred: 
  -> Inferred schema: Name,Address,Location,Profession,Role
  -> Final schema: Name, Address, Location, Category, Additional Info, Profession, Role
  -> Actual CSV columns: Name,Address,Location,Category,Additional Info,Profession,Role
  -> WARNING: 5 rows (8%) missing both Address and Location on page_421.jpg
  -> Section state carries address: San Marco 4740
Done.
Processing: page_422.jpg
  -> Layout type: COMPLEX_LAYOUT
  -> Ad type: PARTIAL_AD
  -> Page type inferred: 
  -> Inferred schema: Name,Address,Location,Profession,Role,Additional Info
  -> Final schema: Name, Address, Location, Category, Additional Info, Profession, Role
  -> Multi-section page detected: ['"duse" | Address: VENEZIA - Via XXII Marzo 2288, Telefono: 25.889']
  -> Actual CSV columns: Name,Address,Location,Category,Additional Info,Profession,Role
  -> WARNING: 2 rows (3%) missing both Address and Location on page_422.jpg
  -> Section state carries address: S. Croce 470
Done.
Processing: page_423.jpg
  -> Layout type: COMPLEX_LAYOUT
  -> Ad type: PARTIAL_AD
  -> Page type inferred: 
  -> Inferred schema: Name,Address,Location,Profession,Role,Additional Info
  -> Final schema: Name, Address, Location, Category, Additional Info, Profession, Role
  -> Multi-section page detected: ["The text appears to contain multiple distinct sections with different structures. Here's a list of the sections based on the provided rules:", '2. RAZIONI MACCHINE PER SCRIVERE "d u s e" | Address: VENEZIA, Via XXII Marzo, 2288, Telefono: 25-889']
  -> Actual CSV columns: Name,Address,Location,Category,Additional Info,Profession,Role
  -> WARNING: 8 rows (12%) missing both Address and Location on page_423.jpg
  -> Section state carries address: Cannaregio 4459
Done.
Processing: page_424.jpg
  -> Layout type: COMPLEX_LAYOUT
  -> Ad type: PARTIAL_AD
  -> Page type inferred: 
  -> Inferred schema: Name,Address,Location,Profession,Role,Additional Info
  -> Final schema: Name, Address, Location, Category, Additional Info, Profession, Role
  -> Multi-section page detected: ["PREM. MOBILIFICIO - CASA DELL'ARTIGIANATO | Address: Via Manin, N. 39 - MESTRE, Telefono: N. 51-165", '"duse" SCHEDARI - MOBILI PER UFFICIO - MACCHINE CONTABILI', '"duse" | Address: VENEZIA - Via XXII Marzo, 2288, Telefono: 25-889']
  -> Image re-pass enabled (complex layout + ads + 3 sections).
  -> Actual CSV columns: Name,Address,Location,Category,Additional Info,Profession,Role
  -> WARNING: 5 rows (8%) missing both Address and Location on page_424.jpg
  -> Section state carries address: S. Maurizio 2623-A
Done.
Processing: page_425.jpg
  -> Layout type: COMPLEX_LAYOUT
  -> Ad type: PARTIAL_AD
  -> Page type inferred: 
  -> Inferred schema: Name,Address,Location,Category,Additional Info
  -> Final schema: Name, Address, Location, Category, Additional Info, Profession, Role
  -> Actual CSV columns: Name,Address,Location,Category,Additional Info,Profession,Role
  -> WARNING: 5 rows (7%) missing both Address and Location on page_425.jpg
  -> Section state carries address: Alogna 3880
Done.
Processing: page_426.jpg
  -> Layout type: COMPLEX_LAYOUT
  -> Ad type: PARTIAL_AD
  -> Page type inferred: 
  -> Inferred schema: Name,Address,Location,Profession,Role
  -> Final schema: Name, Address, Location, Category, Additional Info, Profession, Role
  -> Actual CSV columns: Name,Address,Location,Category,Additional Info,Profession,Role
  -> WARNING: 4 rows (6%) missing both Address and Location on page_426.jpg
  -> Section state carries address: D . Duro 290
Done.
Processing: page_427.jpg
  -> Layout type: COMPLEX_LAYOUT
  -> Ad type: PARTIAL_AD
  -> Page type inferred: 
  -> Inferred schema: Name,Address,Location,Category,Additional Info
  -> Final schema: Name, Address, Location, Category, Additional Info, Profession, Role
  -> Actual CSV columns: Name,Address,Location,Category,Additional Info,Profession,Role
  -> WARNING: 6 rows (9%) missing both Address and Location on page_427.jpg
  -> Section state carries address: Dorsoduro numero 3440
Done.
Processing: page_428.jpg
  -> Layout type: COMPLEX_LAYOUT
  -> Ad type: PARTIAL_AD
  -> Page type inferred: 
  -> Inferred schema: Name,Address,Location,Role,Profession,Additional Info
  -> Final schema: Name, Address, Location, Category, Additional Info, Profession, Role
  -> Multi-section page detected: ['ZAGO F.LLI | Address: VENEZIA - S. Polo, 4078 - Telefono 2455 3455']
  -> Actual CSV columns: Name,Address,Location,Category,Additional Info,Profession,Role
  -> WARNING: 8 rows (13%) missing both Address and Location on page_428.jpg
  -> Section state carries address: San Marco 3057
Done.
Processing: page_429.jpg
  -> Layout type: COMPLEX_LAYOUT
  -> Ad type: PARTIAL_AD
  -> Page type inferred: 
  -> Inferred schema: Name,Address,Location,Profession,Role
  -> Final schema: Name, Address, Location, Category, Additional Info, Profession, Role
  -> Multi-section page detected: ['ORGANIZZAZIONE RAPPRESENTANZE NAZIONALI ED ESTERE DEL DR. ALBERTO ZINO C.R.N.E. | Address: San Marco 255', 'ORGANIZZAZIONE SITRA | Address: San Marco 5238', 'ORRT. OFFICINA RIPARAZIONI RADIO TELEFONICHE SOC. A. R. L. | Address: Castello numero 6072', 'OFFICINA RIPARAZIONI MACCHINE PER SCRIVERE | Address: Venezia, Via XXII Marzo, 2288, Telefono 25-889']
  -> Image re-pass enabled (complex layout + ads + 4 sections).
  -> Actual CSV columns: Name,Address,Location,Category,Additional Info,Profession,Role
  -> WARNING: 9 rows (12%) missing both Address and Location on page_429.jpg
  -> Section state carries address: San Marco 922
Done.
Processing: page_430.jpg
  -> Layout type: COMPLEX_LAYOUT
  -> Ad type: PARTIAL_AD
  -> Page type inferred: 
  -> Inferred schema: Name,Address,Location,Category,Additional Info
  -> Final schema: Name, Address, Location, Category, Additional Info, Profession, Role
  -> Multi-section page detected: ['GIUDA COMMERCIALE DI VENEZIA E PROVINCIA', 'AGENZIA P. BORTOLUZZI AFFITTI APPARTAMENTI VENDITA E COMMISSIONI CASE E TERRENI AMMINISTRAZIONE BENI IMMOBILI | Fondata nel: 1877, Address: Venezia - San Luca, 4182 - Tel. 23-432']
  -> Actual CSV columns: Name,Address,Location,Category,Additional Info,Profession,Role
  -> WARNING: 5 rows (7%) missing both Address and Location on page_430.jpg
  -> Section state carries address: Venezia - San Luca, 4182 - Tel. 23-432
Done.
Processing: page_431.jpg
  -> Layout type: SIMPLE_LAYOUT
  -> Ad type: NO_AD
  -> Page type inferred: 
  -> Inferred schema: Name,Address,Location,Role,Profession,Additional Info
  -> Final schema: Name, Address, Location, Category, Additional Info, Profession, Role
  -> Multi-section page detected: ['The text contains multiple distinct sections. Here is the list according to the specified format:', 'Paganotto Elsa, carbone e legna (dettagli) | Address: San Polo numero 2865', 'Paganuzzi Luigi, avv. | Address: Cannaregio 2143', 'Pagano dr. Paolo, stomatologo | Address: Calt Larga S. Marco, Ponte Corner', 'Pagano Antonio, fotografie (gabriel ti di posa) | Address: Mestre, 4 Cantoni 7', "Paggioro Celeste & Figli, Premilato laboratorio d'orologeria | Address: Mestre, Via Piave 12 (Piazzale Stazione)", 'Paghani Aldo, rappresentatete colo ric ventu, smalti ecc. | Address: Cannareggio numero 391', 'Pagilarri Ermioio & F., Impresa edilz. | Address: Bunano, S. Martino Sinistra 420', 'Pagliarani Francesco, Impresa Pompe Funebri | Address: Via Giacinto Gallina, 0145', 'Pagliaini Annibale, pasticceria, caffè (esercizi) | Address: Mestre, Via Piave 12-44', 'Pagiacco dr. Domenico, medicina generale | Address: Santa Croce numero 150', 'Pagiacco Giovanni, specialità veneziane | Address: S. Marco numero 231', 'Pagiacco Giovanni, trattoria | Address: Cann. 5865', 'Pagiacco Giovanni, ventri, cristalli e spechi (commercio e lavorazione) | Address: S. Marco 231', 'Pagiacco Giuseppe, biancheria e affini | Address: S. Marco numero 4359', 'Pagiacco Giuseppe, birra (deposito) | Address: Mestre Via Dante numero 117', 'Pagnanelli Virginio, avv. | Address: Castello 5165', 'Pagnun Vittorio falegname, legnam e pali da costruzzioni | Address: Lido, Via Lepanto 1', 'Paina Giuseppe, tappezziere | Address: Castello 840', 'Paiolo Guglielmo, tappezziere | Address: Mestre, Via Cesare Battisti', 'Pais Domenico, avv. | Address: S. Salvador 5081', 'Pais Giovanni, carbon e legna (dettaglio) | Address: Castello numero 4379', 'Pajalich Giovanni, Importazione Esportazione, Agrumi, Frutta, Verdura | Address: Rialto', 'Paia Erminio, Geometra | Address: Mestre, Via Marighera numero 143', 'Paladini Antonio, avv. | Address: S. Marco 1078', 'Paladini Gemma in Nuzzetti, cihingiaglierv in tabaccheria | Address: San Marco 5122', 'Palazzi Bruno, cicli e motocicli (accessori, riparazioni, vendite) | Address: Mestre, Via Piave numero 64', 'Palazzi Teresa, macelleria | Address: Castello 1817', 'Palazzo al Mare, albergo | Address: Lido Lungomar, 7', 'Palazzo Ungheria, albergo | Address: Lido, viale S. Maria Elisabetta', 'Palazzi Nilo, maestro | Address: Mestre, Via B Vec numero 111', 'Palm Anna, carbone e legna (dettaglio) | Address: S. Cancello numero 850', 'Palatoli di Montagna, tessuti | Address: S. Marco 7 72', 'Palma Antonio, elettricita e drolaterra | Address: S. Maria Formosa numero 5266', 'Palma Antonio, materiale corrente, cambio nego | Address: numero 5782', 'Palma & Pernichi, mobiliariatori | Address: Socomenza rra, Porto Marittima', 'Palma Luigi, carbone e legna (dettaglio) | Address: Dorsoduro numero 1646', 'Palma G. di menzo, mediatori generali | Address: Cannareggio numero 223', 'Palmati Fudusvo, avv. | Address: S. Marco 2434', 'Palmeri dr. Carlo, oculista | Address: Castello', 'Palmeri Felice, osteria | Address: Castello 3661', 'Palmini Savino, trattoria | Address: Castello 661', 'Palmineri Vincuzzo, osteria | Address: D. Dury 2341', 'Palmasuni comm. dr. Luigi, Vice Questore', 'Palmasuni Tommaso, panonico | Address: Burano Via Galuppi', 'Palunetti Antonio, barbiere | Address: Castello 3726', 'Paluttoli Italo, articoli casalinghi | Address: Castello numero 1795', 'Palmuth Gaetano, proc. dello uff. Registro, Atti giud. e conlesso governativo | Address: S. Angelo 3553', 'Palumbo Fessari Carlo, avvocato | Address: S. Stefaro no numero 2807', 'Pania Sliilmo, legnami e pali da lavoro | Address: Mestre, Via del Sale numero 47', 'Pan Soc. An. Immobiliare, compra-vendita immobili | Address: S. Marco 4322', 'Panagioti Sergio, lo Cancelliere della Pretura di Mestre', 'Pancera Genremia, chincaglierie | Address: Cann. 6400', 'Panchieri Dino, sarto da uomo | Address: Castello numero 1683C', 'Panciera ing. Benedetto | Address: S. Marco 2761', 'Pancin Ulda, osteria | Address: Lido, Via A. Mannuzio numero 7', 'Pancin, pensione | Address: Lido, Via Manuzio 6', 'Pancino cam. dr. Giulio, Direttore Uff. Indrogrifico Magistrato alle Acque', 'Pancino avv. Angelo | Address: S. Angelo 3359', 'Pancino comm. dr. Giuseppe | Address: S. Stae, 1957', 'Pandiani F.lli, officina meccanica e metallurgica | Address: San Lorenzo 5073', 'Pandiani Pietro, specialità veneziane | Address: San Marco numero 1320', 'Pandolfi Virginio, sarto da uomo | Address: Castello numero 227', 'Pandolfo Luigi, osteria | Address: Castello 6397', 'Pandolfo Teresa, sarta | Address: Cannaregio 4016']
  -> Actual CSV columns: Name,Address,Location,Category,Additional Info,Profession,Role
  -> WARNING: 3 rows (5%) missing both Address and Location on page_431.jpg
  -> Section state carries address: Cannaregio 4016
Done.
Processing: page_432.jpg
  -> Layout type: SIMPLE_LAYOUT
  -> Ad type: NO_AD
  -> Page type inferred: 
  -> Inferred schema: Name,Address,Location,Profession
  -> Final schema: Name, Address, Location, Category, Additional Info, Profession, Role
  -> Multi-section page detected: ['Macchine per scrivere . Calcolatrici - Duplicatori']
  -> Actual CSV columns: Name,Address,Location,Category,Additional Info,Profession,Role
  -> WARNING: 4 rows (5%) missing both Address and Location on page_432.jpg
  -> Section state carries address: Gindeca 9509, Via delle Pila 6, Favaro Veneto 3855, Vin Olivi 9
Done.
Processing: page_433.jpg
  -> Layout type: SIMPLE_LAYOUT
  -> Ad type: NO_AD
  -> Page type inferred: 
  -> Inferred schema: Name,Address,Location,Profession,Role,Additional Info
  -> Final schema: Name, Address, Location, Category, Additional Info, Profession, Role
  -> Actual CSV columns: Name,Address,Location,Category,Additional Info,Profession,Role
  -> WARNING: 8 rows (12%) missing both Address and Location on page_433.jpg
  -> Section state carries address: Via Garibaldi 64-C
Done.
Processing: page_434.jpg
  -> Layout type: COMPLEX_LAYOUT
  -> Ad type: PARTIAL_AD
  -> Page type inferred: 
  -> Inferred schema: Name,Address,Location,Category,Additional Info
  -> Final schema: Name, Address, Location, Category, Additional Info, Profession, Role
  -> Actual CSV columns: Name,Address,Location,Category,Additional Info,Profession,Role
  -> WARNING: 7 rows (10%) missing both Address and Location on page_434.jpg
  -> Section state carries address: S. Polo, 1479
Done.
Processing: page_435.jpg
  -> Layout type: COMPLEX_LAYOUT
  -> Ad type: PARTIAL_AD
  -> Page type inferred: 
  -> Inferred schema: Name,Address,Location,Profession,Role,Additional Info
  -> Final schema: Name, Address, Location, Category, Additional Info, Profession, Role
  -> Actual CSV columns: Name,Address,Location,Category,Additional Info,Profession,Role
  -> WARNING: 4 rows (5%) missing both Address and Location on page_435.jpg
  -> Section state carries address: San Luca, 4152
Done.
Processing: page_436.jpg
  -> Layout type: COMPLEX_LAYOUT
  -> Ad type: The page appears to be a structured directory list of businesses and individuals, with details about their professions and locations. There is no clear indication of visually separated text, business promotions, different formatting, decorative, or marketing-style blocks that are characteristic of advertisements. Therefore, this page is labeled as NO_AD (pure structured directory content).
  -> Page type inferred: 
  -> Inferred schema: Name,Address,Location,Profession,Role,Additional Info
  -> Final schema: Name, Address, Location, Category, Additional Info, Profession, Role
  -> Actual CSV columns: Name,Address,Location,Category,Additional Info,Profession,Role
  -> WARNING: 6 rows (9%) missing both Address and Location on page_436.jpg
  -> Section state carries address: Rio Marin 902
Done.
Processing: page_437.jpg
  -> Layout type: COMPLEX_LAYOUT
  -> Ad type: PARTIAL_AD
  -> Page type inferred: 
  -> Inferred schema: Name,Address,Location,Category,Additional Info
  -> Final schema: Name, Address, Location, Category, Additional Info, Profession, Role
  -> Actual CSV columns: Name,Address,Location,Category,Additional Info,Profession,Role
  -> WARNING: 3 rows (4%) missing both Address and Location on page_437.jpg
  -> Section state carries address: Via XXI I Marzo, 2288
Done.
Processing: page_438.jpg
  -> Layout type: SIMPLE_LAYOUT
  -> Ad type: NO_AD
  -> Page type inferred: 
  -> Inferred schema: Name,Address,Location,Category,Additional Info
  -> Final schema: Name, Address, Location, Category, Additional Info, Profession, Role
  -> Actual CSV columns: Name,Address,Location,Category,Additional Info,Profession,Role
  -> WARNING: 3 rows (4%) missing both Address and Location on page_438.jpg
  -> Section state carries address: Cann. 5945
Done.
Processing: page_439.jpg
  -> Layout type: SIMPLE_LAYOUT
  -> Ad type: NO_AD
  -> Page type inferred: 
  -> Inferred schema: Name,Address,Location,Profession,Role
  -> Final schema: Name, Address, Location, Category, Additional Info, Profession, Role
  -> Actual CSV columns: Name,Address,Location,Category,Additional Info,Profession,Role
  -> WARNING: 3 rows (4%) missing both Address and Location on page_439.jpg
  -> Section state carries address: S. Marco 2670-A
Done.
Processing: page_440.jpg
  -> Layout type: COMPLEX_LAYOUT
  -> Ad type: PARTIAL_AD
  -> Page type inferred: 
  -> Inferred schema: Name,Address,Location,Profession,Role,Additional Info
  -> Final schema: Name, Address, Location, Category, Additional Info, Profession, Role
  -> Multi-section page detected: ['Based on the text provided from the 1947 Venetian almanac page, here is a list of sections with different structures:', 'SGHEDARI – MOBILI PER UFFICO - MACCHINE CONTARILI | Address: VENEZIA - Via XXII Marzo, 2288, Telefono: 25-889']
  -> Actual CSV columns: Name,Address,Location,Category,Additional Info,Profession,Role
  -> WARNING: 4 rows (6%) missing both Address and Location on page_440.jpg
  -> Section state carries address: Castello numero 3912
Done.
Processing: page_441.jpg
  -> Layout type: COMPLEX_LAYOUT
  -> Ad type: PARTIAL_AD
  -> Page type inferred: 
  -> Inferred schema: Name,Address,Location,Profession,Additional Info
  -> Final schema: Name, Address, Location, Category, Additional Info, Profession, Role
  -> Multi-section page detected: ['The text contains multiple distinct sections with different structures. Here is a list of the sections identified:', '2. Forniture complete MOBILI e ACCESSORI per UFFICIO | Address: VENEZIA, Via XXII Marzo, 2288, Telefono: 25.889']
  -> Actual CSV columns: Name,Address,Location,Category,Additional Info,Profession,Role
  -> Section state carries address: Mestre, Via Cesare Battisti, Strada Ospedalea
Done.
Processing: page_442.jpg
  -> Layout type: COMPLEX_LAYOUT
  -> Ad type: PARTIAL_AD
  -> Page type inferred: 
  -> Inferred schema: Name,Address,Location,Category
  -> Final schema: Name, Address, Location, Category, Additional Info, Profession, Role
  -> Multi-section page detected: ['ORGANIZATION | Address: Venezia, S. M.oise, 2053', 'Rappresentanze Generali, s. a. r. l. Rappresentanze Commerciali e Industriali, Importazioni, Esportazioni, Uffici in tutte le principali Città Italiane, Succursale in New York (U.S.A.)', 'ORGANIZATION | Address: Venezia: Cannaregio 5726', 'Rappresentanze Medicinali Ram. Soc. a resp. lim., Rappresentante di case produttrici di medicinali, prodotti dietetici, chimici, sanitari, igienici, ortopedici galenici.', 'ORGANIZATION | Address: Mestre Viale Stazione', 'Rebeschini Vittorio, autonoleggio e autorimessa', 'Macchine per scrivere - Calcolatrici - Duplicatori | Address: VENEZIA - Via XXII Marzo 2288, Phone: 25.889']
  -> Image re-pass enabled (complex layout + ads + 7 sections).
  -> Actual CSV columns: Name,Address,Location,Category,Additional Info,Profession,Role
  -> WARNING: 1 rows (2%) missing both Address and Location on page_442.jpg
  -> Section state carries address: VENEZIA - Via XXII Marzo 2288
Done.
Processing: page_443.jpg
  -> Layout type: SIMPLE_LAYOUT
  -> Ad type: NO_AD
  -> Page type inferred: 
  -> Inferred schema: Name,Address,Location,Profession,Additional Info
  -> Final schema: Name, Address, Location, Category, Additional Info, Profession, Role
  -> Actual CSV columns: Name,Address,Location,Category,Additional Info,Profession,Role
  -> WARNING: 4 rows (7%) missing both Address and Location on page_443.jpg
  -> Section state carries address: Murano fdm. Vetrai numero 69
Done.
Processing: page_444.jpg
  -> Layout type: COMPLEX_LAYOUT
  -> Ad type: NO_AD (pure structured directory content)
  -> Page type inferred: 
  -> Inferred schema: Name,Address,Location,Category,Additional Info
  -> Final schema: Name, Address, Location, Category, Additional Info, Profession, Role
  -> Actual CSV columns: Name,Address,Location,Category,Additional Info,Profession,Role
  -> Section state carries address: VENEZIA - S. Pele, 1479 7, 江’ Polo 1479
Done.
Processing: page_445.jpg
  -> Layout type: SIMPLE_LAYOUT
  -> Ad type: NO_AD
  -> Page type inferred: 
  -> Inferred schema: Name,Address,Location,Role,Profession,Additional Info
  -> Final schema: Name, Address, Location, Category, Additional Info, Profession, Role
  -> Actual CSV columns: Name,Address,Location,Category,Additional Info,Profession,Role
  -> WARNING: 4 rows (5%) missing both Address and Location on page_445.jpg
  -> Section state carries address: S. Zaccria numero 4685
Done.
Processing: page_446.jpg
  -> Layout type: SIMPLE_LAYOUT
  -> Ad type: NO_AD
  -> Page type inferred: 
  -> Inferred schema: Name,Address,Location,Profession,Role,Additional Info
  -> Final schema: Name, Address, Location, Category, Additional Info, Profession, Role
  -> Actual CSV columns: Name,Address,Location,Category,Additional Info,Profession,Role
  -> WARNING: 4 rows (6%) missing both Address and Location on page_446.jpg
  -> Section state carries address: Cannaregio 4291
Done.
Processing: page_447.jpg
  -> Layout type: SIMPLE_LAYOUT
  -> Ad type: NO_AD
  -> Page type inferred: 
  -> Inferred schema: Name,Address,Location,Category,Role,Profession,Additional Info
  -> Final schema: Name, Address, Location, Category, Additional Info, Profession, Role
  -> Actual CSV columns: Name,Address,Location,Category,Additional Info,Profession,Role
  -> WARNING: 7 rows (10%) missing both Address and Location on page_447.jpg
  -> Section state carries address: Via Dandolo numero 41-A
Done.
Processing: page_448.jpg
  -> Layout type: COMPLEX_LAYOUT
  -> Ad type: PARTIAL_AD
  -> Page type inferred: 
  -> Inferred schema: Name,Address,Location,Category,Profession,Role,Additional Info
  -> Final schema: Name, Address, Location, Category, Additional Info, Profession, Role
  -> Multi-section page detected: ['Based on the structure and content of the text provided, the 1947 Venetian almanac page appears to be composed of multiple distinct sections with different structures. Here are the sections listed:', '- GUIDO COMMERCIALE DI VENEZIA E PROVINCIA', '- Ditta Giuseppe Ruffini | Fondata: 1906, FABBRICA TIMBRI: Studio Incisioni, Targhe - Distintivi - Medaglie, Address: S. Mareo - Mercerie S. Salvador 4987, Telefono: 22-352', '- S.ABRIA Soc. Au. Bar Ristoranti e Affini | Address: S. Polo 896, Piazzale Roma', '- S.A.C.A. Soc. Anonima Commerci Automobilistici | Address: Marghera, Via F. M Bandiera, 9', '- SACAAIM | Address: Calle Goldoni numero 4410', '- SCAIVE, Soc. An. | Address: Cannaregio numero 355,C', '- Saccia Edoardo | Address: Mestre, Uffici Via Carducci, 78, Magazzino, Via Carducci, numero 8', '- Sacci Giuseppe | Address: Mestre, Via Piave 63', '- Sacra Salvatore | Address: Mestre, Riviera XX Settembre numero 20', '- Sacca | Address: S. Luca', '- „duse.„ | Address: VENEZIA - Via XXII Marzo, 2288, Telefono: 55-489']
  -> Image re-pass enabled (complex layout + ads + 12 sections).
  -> Actual CSV columns: Name,Address,Location,Category,Additional Info,Profession,Role
  -> WARNING: 4 rows (7%) missing both Address and Location on page_448.jpg
  -> Section state carries address: S. Marco 5128
Done.
Processing: page_449.jpg
  -> Layout type: COMPLEX_LAYOUT
  -> Ad type: PARTIAL_AD
  -> Page type inferred: 
  -> Inferred schema: Name,Address,Location,Category,Additional Info
  -> Final schema: Name, Address, Location, Category, Additional Info, Profession, Role
  -> Multi-section page detected: ['This text contains multiple distinct sections with differing structures. Here are the sections listed accordingly:', '- Sacchet Giuseppe & C., Acer. Sempl. Venezia (Costruzioni Impresa edile, Mestre, Quat. Cantoni L.B.', '- Sacchi Maria, mercerie, filati e affini, San Polo numero 1229.', '- Sacchi Rag. Francesco, Ispettore, Sez. Materiale e Trazione, Ferrovie dello Stato, Direzione Santa Lucia.', '- Saccomani Renato, gonilii (provvista), Marghera, Via Cavour.', '- Sacerdoti Cesare Gino, avv., S. Fantin 2560.', '- Saccomani Lucio, avv., S. Gregorio 182.', '- Saccomarin Renato, carbonaio, Marghera, Via Cavour num. 9.', '- SACRA, esercizio caffè, ristoranti ed affini, San Marco 1183-A.', '- SAD, Vendita e utilizzia, elettricita (pro-dizione distribuzione), S. Lian 4222-A.', '- SADE, Molinari, carbone (importatori e produttori), San Moise 2152.', '- SADIOC, Soc. An. De Vistor, per il Commercio e Torrefazione Caffè, caffè (torrefazione), Mestre, Via Ospedate 8.', '- SAE Societa Applicazioni Elettrotecniche, F.lli Siliprandi, Chiosse & C. Milano, Via Lario 8, regolatori di temperatura, poronetul, Agente Luigi Jagher Venezia, San Lio, 3658.', '- Sacetti prof. Bruno, pittore. Insegnante Accademia di Belle Arti, S. Stefano 2781.', '- SAFA, Soc. An., forniture approvvigiona-menti carbone e legna (grossista). San Angelo 3870, Magazzino :D. Duro 2465.', '- SAFEM Albania Soc. per Az., articoli casalignhi, articoli tecnici e sanitari ferramenta e metalli, cristalli, materiale per costruzioni edilizie, Castello 5386.', '- SAFFA, Milano, Ufficio Commerciale di Venezia San Giobbe 465, Imballaggi, articoli da viaggio, mobili, materiale da cost -ruzione,.chiaracie= fabbrica fiammiferi.', '- Saggiorgi dr Enzo, Direttore e Ass. tra gil Agricoltori della Provincia. S. Fosca 2292.', '- SAIGM, sr. l., l., Com- ne venditi inbombini, esistenti da il medico, prodotti chimici commercio), S Polo 1976-A.', '- Sakomucgeg Giuseppe, oggetti preziosi ed affini, San Marco 4470.', '- SAI, S. Giorgio, Società immobiliare, San Marco numero 4607.', '- SAIBMED. S. A., Introduz. Sestanje ed esercizio maccherie, macellerie, Cannare-gio 991. S. Croce 772, D. Duro 2727, S. Marco 4558, Lido, Via Malamocco 91.', '- SAIFAC, Soc. An. Investimenti Fondiari e Commerciali, e-buranti, Mestre Via Marschera numero 1657 B.', '- SAIM, S. A., Industrie laterizi e affini fornaio da calce ed laterizi, Malcontenta.', '- SAIMFSCO, S. A., Importazione Esportazione Commercio Prodotti del suolo ed el. Industria, ecreali, S. Marco Frezzaria, numero 1197.', '- SAINOM Industrie Navali Officine Meccaniche, mobili (fabbriche), S. Marco 1683.', '- SAIR, S. t. per Az. imprese Riunite Auto trasporti, cicli e motocicli, Mestre, Galleria Matteotti 14, Via Paduero 54.', '- Sala Eurico, acetennia. S. Cannito 2583, Sala Favini, gestione Favini Umberto, cine themis (sale di proiezione e gestione), Burano.', '- Sala Giovanni p. Fabris Umberto, Santa Croce numero 674.', '- Saladini dr. ing., Francesco, impianti telefonici, Mestre, Via Bissuola 1.', '- Salafia Giuseppe, rappresentante prodotti chimici, San Polo 705.', '- Salaini Carnele, lalegnamn, S. Polo 765,', '- Salazar de. Lorenzo, Victor Prefetto.', '- Salle Romb, diede di Mocilotti, Uppegno per leggini riparazioni, Mestre, Viale Garibaldi.', '- Saleta Giovanni, Capo Gestione Cassa, Stazione di Venezia, Santa Lucia.', '- Saletti Stefano, avv., Lido Via Vivaldi 1.', '- Saletti Umberto, mobili (fabbriche). Mestre. Via Torre Belfordio.', '- Sallettri Drioii Giovanni, avv., S. Luca 4616.', '- Salieri Flaminio, fotografia fighiettto di Posa), S. Marco 1046.', '- SALLE Studio Arcs e Labor Industrie Risrite, vetri incisi e decorati, cristalli e specchi. Murano, Fond. Minami 78.', '- Salassa Giuseppina, paificin, Cann. 3543.', '- Salmaso p. nnno, autotrasporti, Cann. 4442.', '- Salminati Magle, spedizioni e trasporti Ca stello 3655.', '- Salminati Nicola, perito, Castello 3655.', '- Salminati Giacomo, imprese edile. Murano Fondamenta San M.', '- Salminati Vittorio, pittore decoratore. Mestre, Via Oberdan 5.', '- Salone Manin di Galante Angelo. barbiero. Campo Manin num. 4238.', '- Salpanvi Soc. per Az., autotrasporti, mac-chine, carboanti, ripermi navali Dofso-duro numero 351.', '- Salsano Ten. Eduardo, Tendona Volante Legione Fertri, Guarda da Pinaura San Polo numero 2128.', '- Salsaiv Exvardo, avv., Castello 6214.', '- Salsilli Vincenzo, ing., S. Marra 2279.', '- Salvador Angelo, osteria, S. Marco 987.', '- Salavalador Massi, osteria, S. Marco 992-1.', '- Salvador Benomino, trattoria, S. Marco numero 1591.', '- Salvadori F.lli Soc. An., spedizioni e traspor. ti marittimi fluviali e terrestri, S. Marco numero 4022.', '- Salvadori G. (Dittat. argenteria orologeria. Merceria S. Salvador 5022-23.', '- Salvadori Dr. Luciano, medicina generale S. Marco numero 4022.', '- Salvadori Mandolino, oggetti vissti, Canar-regio numero 1257.', '- Salvadoi Maria, tabaccheria, cartoleria. :giao-titol, Murano sdm fon, Vetria 39.']
  -> Image re-pass enabled (complex layout + ads + 59 sections).
  -> Actual CSV columns: Name,Address,Location,Category,Additional Info,Profession,Role
  -> WARNING: 3 rows (5%) missing both Address and Location on page_449.jpg
  -> Section state carries address: Cannaregio numero 1257
Done.
Processing: page_450.jpg
  -> Layout type: COMPLEX_LAYOUT
  -> Ad type: PARTIAL_AD
  -> Page type inferred: 
  -> Inferred schema: Name,Address,Location,Category,Additional Info
  -> Final schema: Name, Address, Location, Category, Additional Info, Profession, Role
  -> Actual CSV columns: Name,Address,Location,Category,Additional Info,Profession,Role
  -> WARNING: 1 rows (2%) missing both Address and Location on page_450.jpg
  -> Section state carries address: S. Gerolamo 2973, fi Doi Zennaro Leone
Done.
Processing: page_451.jpg
  -> Layout type: COMPLEX_LAYOUT
  -> Ad type: The page appears to be structured directory content, primarily listing names, professions, and addresses. There doesn't seem to be any visually separated text or content with different formatting from the main list, nor business promotions or marketing-style blocks indicative of ads.


Based on the instructions and the content provided, the label for this page would be:


NO_AD
  -> Page type inferred: 
  -> Inferred schema: Name,Address,Location,Role,Profession,Additional Info
  -> Final schema: Name, Address, Location, Category, Additional Info, Profession, Role
  -> Actual CSV columns: Name,Address,Location,Category,Additional Info,Profession,Role
  -> WARNING: 5 rows (7%) missing both Address and Location on page_451.jpg
  -> Section state carries address: Cannareggio 3788
Done.
Processing: page_452.jpg
  -> Layout type: COMPLEX_LAYOUT
  -> Ad type: PARTIAL_AD
  -> Page type inferred: 
  -> Inferred schema: Name,Address,Location,Profession,Additional Info
  -> Final schema: Name, Address, Location, Category, Additional Info, Profession, Role
  -> Multi-section page detected: ['OFFICINA RIPARAZIONI MACCHINE PER SCRIVERE | Address: Venezia, Via XXII Marzo, 2288, Telefono: 25-889']
  -> Actual CSV columns: Name,Address,Location,Category,Additional Info,Profession,Role
  -> WARNING: 7 rows (11%) missing both Address and Location on page_452.jpg
  -> Section state carries address: Castello 5282
Done.
Processing: page_453.jpg
  -> Layout type: SIMPLE_LAYOUT
  -> Ad type: NO_AD
  -> Page type inferred: 
  -> Inferred schema: Name,Address,Location,Category
  -> Final schema: Name, Address, Location, Category, Additional Info, Profession, Role
  -> Actual CSV columns: Name,Address,Location,Category,Additional Info,Profession,Role
  -> WARNING: 1 rows (1%) missing both Address and Location on page_453.jpg
  -> Section state carries address: Malcontenta numero 118
Done.
Processing: page_454.jpg
  -> Layout type: SIMPLE_LAYOUT
  -> Ad type: NO_AD
  -> Page type inferred: 
  -> Inferred schema: Name,Address,Location,Category,Additional Info
  -> Final schema: Name, Address, Location, Category, Additional Info, Profession, Role
  -> Multi-section page detected: ['The text contains multiple distinct sections. Here is the list:', '- Scattolin Toso Fernando, tipografia, Cannaregio 461.', '- Scattolgia Italia, fiori, piante e sementi, Castello 6836.', '- Scattolin Giuseppe, pellicceria, S. Marco numero 668.', '- Scatola Francesco, fotografia, (gabinetti di posa), San Marco 1341.', '- Scattolin Angelo (ditta), di Leone Umberto Scattolin fu Angelo, impresa di costruzioni, S. Croce 597-A.', '- Scattolin dr. Angelo, architetto (dott.), Ca’ d’Oro 597-A.', '- Scattolin Antonio, alimentari (dett.), Castello 4925.', '- Scattolin Carlo, falegnameria, Cann. 3482.', '- Scattolin Ettore, oggetti artistici, specialità Veneziane, San Marco 1102.', '- Scattolin dr. Gino, architetto, S. Croce, numero 597-A.', '- Scattolin mons. Gioan, arciprete Basiljca S. Marco.', '- Scattolin Giovanni, giornali (rivendita), S. Croce 1598.', '- Scattolin Luigi, carbone e legna, (grossista), Dorsoduro 3453.', '- Scatturin B. & C. (succ. di Gaio Ernengildo), chiavaleserie, giuocattoli, San Marco numero 4988.', '- Scattutin Gino, sarto da uomo, Lido Via Paruta.', '- Scava, dr. Ferruccio, dentista, S. Maria del Giglio numero 2436.', '- Scavo dr. Francesco, medicina generale, San Marco.', '- Scavone fili (Ditta), Rappresentanza, Trasporti, Fornitura mano d’Opera, Recuperi subacquei, Demolizioni navi, Ferro e Metalli, Imprese Marittime, Lavori da Palembro, Carnagaggio Navi, Deposito Esplosivi - Venezia Riva Schiavoni 4132', '- Scavuzzo Paolo, sartoria e confezioni per uomo, mercerie e filati, Via 2 Aprile.', '- S.C.E.L.,S.I.A., cantiere navale, arredamenti Castello 383.', '- Schabettu Giovanni, avv., S. Marco 2425.', '- Schiabetta ing. cav. Giuseppe, Sostituto capo Sez. Materiale Trazione, Ferrovie dello Stato, Direzione, S. Lucia.', '- Schezzari Giovanni, vini (grossista), Cannaregio 3669.', '- Schiaffino Doi Carlo, & f.lli, coll., rappresentante carboni, S. Marco 2407.', '- Schiaffino Gino, carbone e legna (grossista), Accademia numero 877-B.', '- Schiavi dr. Alberto, medicina generale, Castello numero 3569.', '- Schiavi Benedetto, scaprer, S. Pietro In Volta', '- Schicchi Elia, panificio, D. Duro 3118.', '- Schiavini Giuseppe, alimentari (dett.), Castello 1133.', '- Schiavon A. e c. (abbiagliamento tessuti stoffe, San Polo 3015, Castello 1779, Lido Gran Viale 27.', '- Schiavon Adolfo & C. tessuti filati, Lido, Viale S. M. Elisabetta.', '- Schiavon Benedetto, cantiere navale, S. Pietro in Volta.', '- Schiavon dr. Giovanni, Cerioniero del Patriarcato.', '- Schiavo Giorgio, Ragioniere, S. Marco numero 36943.', '- Schierotto Teresa, pelliche, S. Polo 972.', '- Schierato dr. Albino, medicina generale, Cannaregio 1956.', '- Schinelli Maria, calzature, Cann. 314-A.', '- Schittar Aristide, Ragioniere, Mestre, Galleria Matteotti.', '- Schizzi Domenico, alimentari (dett.) Santa Croce 847-D.', '- Schiachi di Sagala Adel. Dina, abitì confezionati, San Marco 50-A.', '- Schiavini Giorg, legnami e pali da costruzioni, Mestre, Via Piave 49.', '- Schwarz Giovanni, strumenti musicali, San Marco 3820.', '- S.C.I.A., Società Carburanti Italiana Anonima, importazioni ed esportazioni varie minerali, San Polo 2580.', '- Schibal di, Dante, Vice Comm. Agg. addetto Squadra Mobile della Questura.', '- Schifitto dr. Angelo, comm. Aggi. Capo Gabinetto della Questura.', '- Schiszi Geminiano, A.l S. Biagio, Farmacia, Via Garibaldi 1792.', '- Scomagnini Ercole rappresentante articoli in vetro, Mestre, Via Felisati 95.', '- Scomagnin Umberto, Pelet (lavor. e commercio), Cannaregio 1469-C.', '- Scolà Giuseppe, com. esecutivo della Cam. Confederale del Lavoro, Strada Nuova,', '- Scomparin Enrico, pittore decoratore, Lido, Via Nicossia 49.', '- Scorla Gino, officina elettromeccanica, avvolgim.-atori motori, S. Croce Lista Vecchia dei Bari 1202.', '- Scorzoni dr. Gaetano, commercialista, San Silvesteo numero 1103.', '- Sorzoni Giovanni, har. s, Polo 313-A.', '- Serronio Giorgio, oggetti artistici, Castello numero 4390.', '- Siorini Antonio, Vice Presid. Sci. Club Veneto, San Marco 876.', '- Sorinzi A., Radio Rialto, Concessionarie Marelli, Apparecchi di tutte le Marche, Dueomi Duenti, Amplificatori, Impianti Cine, Negozio e Laboratorio: Ponte di Rialto, 14 (angolo Palazzo X Sau).', '- Sbrocchi Attilio, cartoline illustrate, S. Marco numero 859.', "- Scolari Diot'ennr, Calle S. giuari 5184.", '- Scuola di Dattilografia, copisteria, Calle Sta. Marcu numero 12484-X.', '- Scuola dei Merletti di Burano Soc. An. Coop. A. e L. Merletti e rinasc. S. Marco 3666.', '- Sossanti Luigi, bandaio e fattirone, Cannaregio 2612.']
  -> Actual CSV columns: Name,Address,Location,Category,Additional Info,Profession,Role
  -> WARNING: 6 rows (10%) missing both Address and Location on page_454.jpg
  -> Section state carries address: Cannaregio 2612
Done.
Processing: page_455.jpg
  -> Layout type: SIMPLE_LAYOUT
  -> Ad type: NO_AD
  -> Page type inferred: 
  -> Inferred schema: Name,Address,Location,Profession,Role
  -> Final schema: Name, Address, Location, Category, Additional Info, Profession, Role
  -> Actual CSV columns: Name,Address,Location,Category,Additional Info,Profession,Role
  -> WARNING: 2 rows (3%) missing both Address and Location on page_455.jpg
  -> Section state carries address: S. Stefano 2902
Done.
Processing: page_456.jpg
  -> Layout type: COMPLEX_LAYOUT
  -> Ad type: PARTIAL_AD
  -> Page type inferred: 
  -> Inferred schema: Name,Address,Location,Category,Additional Info
  -> Final schema: Name, Address, Location, Category, Additional Info, Profession, Role
  -> Actual CSV columns: Name,Address,Location,Category,Additional Info,Profession,Role
  -> WARNING: 6 rows (9%) missing both Address and Location on page_456.jpg
  -> Section state carries address: Via XXII Marzo, 2288
Done.
Processing: page_457.jpg
  -> Layout type: COMPLEX_LAYOUT
  -> Ad type: NO_AD
  -> Page type inferred: 
  -> Inferred schema: Name,Address,Location,Category,Additional Info
  -> Final schema: Name, Address, Location, Category, Additional Info, Profession, Role
  -> Actual CSV columns: Name,Address,Location,Category,Additional Info,Profession,Role
  -> WARNING: 6 rows (10%) missing both Address and Location on page_457.jpg
  -> Section state carries address: S. Moisè, Via Mestre, Via Piave 10, Chioggia, Corso Vitt. Emanuele 1203
Done.
Processing: page_458.jpg
  -> OCR refusal detected, retrying with fallback prompt...
  -> OCR still refused after fallback for page_458.jpg, skipping.
Processing: page_459.jpg
  -> Layout type: COMPLEX_LAYOUT
  -> Ad type: PARTIAL_AD
  -> Page type inferred: 
  -> Inferred schema: Name,Address,Location,Category,Additional Info
  -> Final schema: Name, Address, Location, Category, Additional Info, Profession, Role
  -> Multi-section page detected: ['The text from the almanac page contains multiple distinct sections. Here are the sections listed according to the rules:', 'ARTI GRAFICHE']
  -> Actual CSV columns: Name,Address,Location,Category,Additional Info,Profession,Role
  -> WARNING: 2 rows (4%) missing both Address and Location on page_459.jpg
  -> Section state carries address: S. Croce 1924
Done.
Processing: page_460.jpg
  -> Layout type: SIMPLE_LAYOUT
  -> Ad type: NO_AD
  -> Page type inferred: 
  -> Inferred schema: Name,Address,Location,Profession,Role,Additional Info
  -> Final schema: Name, Address, Location, Category, Additional Info, Profession, Role
  -> Multi-section page detected: ['The text from the 1947 Venetian almanac page contains multiple distinct sections with different structures. Here they are listed according to the given format:', '- S. A. Officine Galileo, materie prime per tecceria | Address: Marghera, Via F.lli Bandiera 5', '- S. A. Officine Specializzate Macchinarí af fili Q.S.M., apparecchi elettromeccanici | Address: Mestre Via Mestrina 61', '- S. A. Oleari Veneta, Comm. cav. Terzo, o lí commestibili (commercio) | Address: S. Marco numero 2281', '- S. A. Olefici e Molini Adriatici, molini, olii | Location: San Giovanni', '- S. A. Olivetti Ing C. A. & C. S.p. A. Filiale di Venezia | Address: Bacino Orsoci, numero 1218', '- S. A. Opera, ond Toilet F. articolo fo lograficie | Address: San Marco 3661', '- S. A. Panificiatori acquisti collettivi SAPA, autocoristi | Address: Cannaregio 229', '- S. A. Paride Di Bassan, imbarc9 o sbarchi | Address: San Marco 2412', '- S. A. Perseveranza Recapito espressi telc grammi, trasporti postali | Address: S. Marco 5547', '- S. A. Pergma, pasticcerria | Locations: S Marco 119, Lido, Gran Viale', '- S. A. Pilla Flli & C, Liquori (fabbrica e de posito) | Address: Murano, ílm. da Mula 154', '- S. A. Porto Industriale di Venezia, accordi ferroviari | Address: S. Marco Calle Tondo', '- S. A. Prodotti Antiparassitari ed affini, (SA PRA), prodotti antiparassitari | Address: S, Marco numero 442', '- S. A. Pubblici Esercizi SAPE, costruzione e gestione alberghi | Location: Ca d Oro', '- S. A. Rudy & C., Conterie e perle Murano, SA, rappresentanze | Address: San Marco 2822', '- S.A.S. Ceretto & C. Cronotecnica | Address: Via Lewngi, AO, Torino', '- S. A. Registratori di Cassa «National» | Location: Ca le dei Fuseri', '- S. A. Ri seen, automobile e automasser | Address: Mestre, Via Cappuccina 141', '- S. A. SC|ppiissma, onolegci, maccriazon | Address: S. Filippo Giacomo 1245', '- S. A. Stabilimenti per Industria della Juta, juta e affini | Address: S. Bartolomeo 2524', '- S. A, Tensor Valbrua, vini e oli commestibili (commercio) | Address: D Duro 1107, Castello numbero 4121', '- S. A. Trasporti Industriali S.A.T.I., autorra, sporti | Address: S. Marco 1925-A', '- S. A. Trevigiana Servizi Urbani, nettezza urbana | Address: Mestre, Via Trento 13', '- S. A. Umberto Giurin e Figli, coloniali | Address: S. Croce 2198', '- S. A. Unec, pasticcerria | Locations: S. Marco 1287, I041, Cannaregio 4382, 3597, Lido S. M. Elisohcrtta 15, Mestre, Piezza Umberto I', '- S. A. Vacuum Oil Company, carburanti olii ed affini | Location: Palazzo della Borsa', '- S. A. Veneta Metalli ed afffini, tubi in ferro e acciaio | Address: Marghera, Via Galvani 20', '- S. A. Vemetano Esercizio Bacini di Carenaggio, imprese ed appalti vari | Address: S. Marco numero 2322', '- S. A. Veneziana Industriale Mobiliere Imobiliere SAVINI, materiali siderurgici | Address: Cannaregio 3828', '- S. A. Veneziana Spedizioni Cotoui, spedizioni e trasporti | Address: S. Marco 3231', '- S. A. Venini, vet:arie artistiche | Address: Murano, fond. Vetrat i42', '- Soc. Addetía alla Navigazione Fluvialė e Marítima SANSEM, spedizioni e trasporti | Address: San Marco 2425', '- Soc. Adriatica Herramenta e Metalli (SAFE M.), metalli grezzi e lavorati | Address: S. M. Formosa numero 5386', '- Soc. Adritura Medicinali S.A.M, di Oaron é Perdibon, acque minerali, prodotti chimici (commercio) | Address: Cannaregio 6125', '- Soc. Adriatica Trasporti Turismo Imbarci, Sbarci, (S.A.T.T.I.S.) | Address: San Mrale, 1474', '- Soc. Agricola del Cavillono, agrumi, frutta e verdura, marmelle, vallicultura | Address: San Polo numero 2998', '- Soc. Agricola Estaturo Veneto, reg Severino Sutter, agrumi, essicazione fruta ed carciagci | Address: San Polo 2998', '- Soc. Alluminium Veneto Anonima, offìcina in dustiria alluminio | Address: Porto Marghera C. P. numero 88', '- Soc. Amministrazione Beni Ürhnaì e Rusticæ, attività immobiliari | Address: Lido, Via Dardancl i 40', '- Soc. Automecana Roma & a. 1., (S.A.R.), Autololegaco e autorimesa | Address: Mestre Via Piave 1', '- Soc. Cementi Armati Centrifùgati G.A.G.C., cemento armato | Address: Stabilimento Porto Marghera, Uffecg Venezia, S. Fantin 1983. A', '- Soc. Comm, Frutta e Verdura Venezia, agrumi | Address: Cannaregio 2292', '- Soc. Commerce, Mario Alberti, carbone e legna (grossista) | Address: S. Marco 2257', '- Soc. Commerciale Anonima Autotrasporti, (G. A. A. T.) autoleggi, autorimesa con lustibili solidi e liquidi | Location: Mestre, Pìazza Statiome', '- Soc. Commerciale cott artistici Veneziani SACAVE, pellicce (fabbrica) | Address: Cannaregiou numbero 385.2', '- Soc. Commerciale in N, coll, Gheller & Kossoc, autónoleggio è autorimesca | Location: Mestre', '- Soc. Coop. Consumo Fossò Telq, Telef: abbiliamento | Location: S. Bartolomeo Fontech Tecchi', '- Soc. Coop. Construzioni Róldi, imprese edili', '- Soc. Coop. Muranese di Consumo, alimentazione | Address: Murano, Via A. Maschio 20']
  -> Actual CSV columns: Name,Address,Location,Category,Additional Info,Profession,Role
  -> WARNING: 3 rows (3%) missing both Address and Location on page_460.jpg
  -> Section state carries address: Murano, Via A. Maschio 20
Done.
Processing: page_461.jpg
  -> Layout type: COMPLEX_LAYOUT
  -> Ad type: NO_AD
  -> Page type inferred: 
  -> Inferred schema: Name,Address,Location,Category,Additional Info
  -> Final schema: Name, Address, Location, Category, Additional Info, Profession, Role
  -> Multi-section page detected: ['Soc. Costruzioni di Ravan Polato R. e C. | Address: Frari 2995', 'Soc. Editoriale a S. Marco | Address: San Marco 5016', 'Soc. Editoriale Veneta, S.E.V | Address: San Marco 5110', 'Soc. Editrice Mario Fantoni | Address: Cannaregio 5486', 'Soc. Editrice Pubblicazioni Periodiche | Address: San Marco 2059-A', 'Soc. Editrice Rimanenze S.E.R. | Address: San Marco 1317', 'Soc. Emulsioni Bitumi Italiani e Colas | Address: Marghera, via delle Macchine', 'Soc. di Esportazione Polegnni Lombardo Iat. | Address: Piazzale Stazione 10, Mestre', 'Soc. Fondiaria Industriale Mobiliare e Immobiliare S.F.I.M.I. | Address: San Polo 3901', 'Soc. Gen. Conserve Alimentari Cirio', 'Soc. Giacomo Molani | Address: Cannaregio 5783', 'Soc. Immobiliare Adriatica S.F.A. | Address: San Marco 2588', 'Soc. Importazioni Esportazioni Rappresentanze SIER s.a.I. | Address: Cannaregio 4683', 'Soc. Industrie Fonderie e Lavorazione Metalli I.F.L.E.M. | Address: San Marco 1155', 'Soc. Industriale es. Marco', 'Soc. Ital. Acciaio Betoni Centrifugato | Address: Amm. S. Leontano 1643-A, Cantiere Marghera, Via A. Votta numero 7', 'Soc. Italiana Acquedotti e Fognature', 'Soc. Italiana Alluminio | Address: Porto Marghera', 'Soc. It. Commercio e Rappresentanze (S.I.C.R.)', 'Soc. Ital. Ernesto Breda | Address: Direzione Venezia S. Samuele (palazzo Stucky)', 'Soc. Italiana Forniture Appalti Costruzioni Rappresentanze s.a.r.I. | Address: S. Marco 1317', 'Soc. It. Ossigeno ed Altri Gas | Address: Marghera', "Soc. It. del Piombo e dello Zinco | Address: Marghera, Via dell'Industria", "Soc. Italiana Rappresentanze Commerciali, 'IRC s.a.r.I. | Address: S. Polo 2237", 'Soc. Italo-Americana pel Petrolio e carburanti olii ed affini | Address: Mestre Casella Postale numero 86', 'Soc. Mantovana Barcari | Address: S. Samuele 913', 'Soc. Marittima Ricuperi Ma.Re.Soc in N. Collett | Address: Mestre, Piazzan Umberto I. 79', "Soc. Montedison per l'industria chimica", 'Soc. Naz. di Trasporti « Fratelli Condrato » | Address: S. Marco 2053', 'Soc. Prodotti Industriali Rappresentanze depositi, Soc. AGESPIDE | Address: S. Marco 1441', 'Soc. Produzione di legnania e cellulosa ed affini S. x. I. | Address: S. Polo 1429', 'Soc. Produzione e Smc-reio Cementi Armati Centrifugati', 'Soc. It. Refrattari Marghera Azionaria S.I.R.M.A. | Address: Marghera, Via delle Industrie 28', 'Soc. S.C.A. Scambi Commerciali Italo Alhanesi di G. Coocon & C, s.A. | Address: S. Croce 1299', 'Soc. Veneta Commerci e Prodotti chimici C.I.T.A., S.A.', 'Soc. Vqnetta Acquedotti Anonima | Address: San Marco 4423-A', 'Soc. Veneziani Concerti Sinfonia | Address: della Fenice 2549', 'Soc. Veneziani Cotone e Cristallerie | Address: S. Marco 41, Murano forn. Navagero 34', "Soc. An. d'Acquisto di materiali | Address: Dorsoduro 715", 'Soc. It. AFER | Address: S. Marco 4232', 'Soc. An. Arturo Junghans | Address: Giudeccà', 'Soc. An. A. Pizzolotto | Address: Giudeccà, S. Biagio', 'Soc. An. Beni Stabili e Terreni S.A.B.S.E.T. | Address: San Marco 126', 'Soc. An. Birra Pedavena Dreher', 'Soc. So. B.P.D.V. | Address: S. Marco 4904', 'Soc. An. Bonifica | Address: S. Marco 1165-B', 'Soc. An. Cavaletto e Doge Orscolo | Address: S. Marco 1107-8', 'Soc. An. Cementi Armanti ing. Mantelli S.A., C.A.I.M. | Address: Calle Goldoni numero 4410', 'Soc. An. Chiari e Forti Mollini', 'Soc. An. Condizione Immobilit | Address: S. Polo 1789', 'Venpria']
  -> Actual CSV columns: Name,Address,Location,Category,Additional Info,Profession,Role
  -> WARNING: 2 rows (2%) missing both Address and Location on page_461.jpg
  -> Section state carries address: Vie XXII Marzo, 2288
Done.
Processing: page_462.jpg
  -> Layout type: COMPLEX_LAYOUT
  -> Ad type: PARTIAL_AD
  -> Page type inferred: 
  -> Inferred schema: Name,Address,Location,Category,Additional Info
  -> Final schema: Name, Address, Location, Category, Additional Info, Profession, Role
  -> Actual CSV columns: Name,Address,Location,Category,Additional Info,Profession,Role
  -> WARNING: 1 rows (2%) missing both Address and Location on page_462.jpg
  -> Section state carries address: VIA XXII Marzo 2288
Done.
Processing: page_463.jpg
  -> Layout type: SIMPLE_LAYOUT
  -> Ad type: NO_AD
  -> Page type inferred: 
  -> Inferred schema: Name,Address,Location,Category,Additional Info
  -> Final schema: Name, Address, Location, Category, Additional Info, Profession, Role
  -> Actual CSV columns: Name,Address,Location,Category,Additional Info,Profession,Role
  -> WARNING: 1 rows (2%) missing both Address and Location on page_463.jpg
  -> Section state carries address: San Moich 1474
Done.
Processing: page_464.jpg
  -> Layout type: COMPLEX_LAYOUT
  -> Ad type: PARTIAL_AD
  -> Page type inferred: 
  -> Inferred schema: Name,Address,Location,Category,Additional Info
  -> Final schema: Name, Address, Location, Category, Additional Info, Profession, Role
  -> Actual CSV columns: Name,Address,Location,Category,Additional Info,Profession,Role
  -> Section state carries address: Via XXII Marzo 2288
Done.
Processing: page_465.jpg
  -> Layout type: COMPLEX_LAYOUT
  -> Ad type: PARTIAL_AD
  -> Page type inferred: 
  -> Inferred schema: Name,Address,Location,Category,Additional Info
  -> Final schema: Name, Address, Location, Category, Additional Info, Profession, Role
  -> Multi-section page detected: ['The text contains multiple distinct sections with different structures. Here are the sections, each listed on a separate line:', '1. Soc. per Az. Istituto Fondiario Nazionale | Address: S. Marco 2292', '2. Soc. per Az. Mobiliare e Agricola SAMEA | Address: S. Polo 2999', '3. Soc. per Az. Odorico Odorico | Location: Mestre, Stabilimento Marghera', '4. Soc. per Az. Verme & Tomaso | Address: San Marco 860', '5. Soc. per Az. Rossi Tranquillo | Location: Marghera', '6. Soc. in N. Coll. Filippo Campesan & F.llì | Address: Mestre, Via Rosa 20', '7. Società in N. coll. Servizi celeri Automobilistici | Address: Cannaregio 4650', '8. Soc. in N. Collett. Toso Campagnol & Bon | Address: Murano fdm. Lorenzo Radi 144 B', '9. Società Abruzzese di Navigazione | Location: S. Marco', '10. Società Acquisto Gestione Miglioramento Edilizio, SAGME | Address: Cannaregio 8131', '11. Società Adriatica di Elettricità, Azienda Idroelettrica, Centrale Termoelettrica | Location: Marghera, Porto Industriale Ovest', '12. Società Adriatica di Elettricità, Azienda Idroelettrica | Address: San Luca 4429-A', '13. Società Adriatica Ferramenta e Metalli S. A.F.E.M. | Address: Castello 5886', '14. Società Adriatica Medicinali S.A.M. di Carbon & Perldhon | Address: Cannaregio 6125', '15. Società Agricola Agco. Sempl | Address: S. Marco 181-A', '16. Società Agricola Valli Immobili | Address: S. Marco 410', '17. Società Articoli Casalinghi\xa0SACE | Address: S. Marco numero 3442', '18. Società Autorimessa Roma | Address: Mestre, Via Piave 17', '19. Società Autotrasporti Saturnia | Address: Marghera, Via Durando Giacomo 7', '20. Società Bunieraggi | Address: S. Marco, numero 1612', '21. Società Cattolica di Assicurazione Verona | Address: S. Bartolomeo, numero 5369', '22. Società Cementi Armati Centrifugati | Location: Marghera', '23. Società Commerciale Frutta e Verdura | Address: Cann. 2292', '24. Società Coop. Luigi Luzzati | Address: S. Polo 3080', '25. Società Cooperativa di Consumo Postale telegrafo telefoni | Location: S. Bartolomeo. Fontego dei Tedeschi', '26. Società Cooperativa Costruzioni Meccaniche a.r.l. | Address: Castello numero 42', '27. Società Cooperativa Lavoranti Trasporto Carni Macello Comunale | Address: Cannaregio 683', '28. Società Cooperativa Lavori e Recuperi Marittimi e Fluviali A. r. l. | Address: Mestre, Via Gaspare Gozzi 14', '29. Società Costruzioni Alberghiere | Address: Cannaregio 3062', '30. Società Edison | Address: Cann. 2382-B', '31. Società Emiliana Costruzioni (S.E.G.C.) | Address: S. Maria del Giglio 2156', '32. Società Esplorug pozzi neri, Boyo & C. | Address: Mestre, Via Rosa B. 10', '33. Società Fabbriche Riunite Neon | Location: S. Moisè 2052', '34. Società Fondiaria Industriale Mobiliare e Immobiliare S.F.I.M.I | Location: S. Polo', '35. Società Gelateria Glacia, Ditta Cecchetti Pradel & C. | Location: C S. Marco Merceria del l’Appiletto', '36. Società Giacomo us Cirker | Location: San Moisè 2052', '37. Società Idroelettrica Cismo | Address: San Marco 4090', '38. Società Idroelettrica Comelda | Location: San Marco', '39. Società Immobiliare Adriatica | Location: D. Duro 9001', '40. Società Immobiliare Lido, Venezia | Address: S. Marco 4155', '41. Società Imprese Africane | Address: S. Polo 2999', '42. Società Italiana Immobiliare Orionc | Location: D. Duro 9001', '43. Società Italiana Acciaio Beton Ferrgifraguto | Address: San Leonardo 1643-A', '44. Società Italiana Ossigeno ed altri gas | Location: Giudecca', '45. Società Italo, Ame-ricana nel Petrolio | Locations: S. Marco 2508, Marghera', '46. Società Italo-Oriental d’idrogenco | Location: Porto di Marghera', '47. Società ITMA | Address: Marghera, Via dell’Elettricità 4', '48. Società lavorazione applicazione Cristalli e L.A.C.S. | Address: Murano fdm. Manin 59', '49. Società Manutenzioni Impianti Termoeici | Address: San Marco 2026', '50. Società MARE | Location: Molo Industriale Marghera']
  -> Image re-pass enabled (complex layout + ads + 51 sections).
  -> Actual CSV columns: Name,Address,Location,Category,Additional Info,Profession,Role
  -> Section state carries address: San Marco 2026
Done.
Processing: page_466.jpg
  -> Layout type: COMPLEX_LAYOUT
  -> Ad type: PARTIAL_AD
  -> Page type inferred: 
  -> Inferred schema: Name,Address,Location,Category,Additional Info
  -> Final schema: Name, Address, Location, Category, Additional Info, Profession, Role
  -> Multi-section page detected: ['OFFICINA RIPARAZIONI VENETIA | Address: Via XII Marzo n. 2248, Telephone: 11-89']
  -> Actual CSV columns: Name,Address,Location,Category,Additional Info,Profession,Role
  -> WARNING: 8 rows (17%) missing both Address and Location on page_466.jpg
  -> Section state carries address: S. Mo-ro 2923
Done.
Processing: page_467.jpg
  -> Layout type: COMPLEX_LAYOUT
  -> Ad type: PARTIAL_AD
  -> Page type inferred: 
  -> Inferred schema: Name,Address,Location,Profession,Role,Additional Info
  -> Final schema: Name, Address, Location, Category, Additional Info, Profession, Role
  -> Multi-section page detected: ['The text contains multiple distinct sections with different structures. Here is the list of sections following the given format:', 'ARTI GRAFICHE ESPERIA | Address: Sant Antonin, 3501A, Telefono: 23-656', '"DUSE" Forniture complete | MOBILI a ACCESSORI per UFFICIO, Address: Venezia, Via XXII Marzo, 2228, Telefono: 25-889']
  -> Image re-pass enabled (complex layout + ads + 3 sections).
  -> Actual CSV columns: Name,Address,Location,Category,Additional Info,Profession,Role
  -> WARNING: 4 rows (6%) missing both Address and Location on page_467.jpg
  -> Section state carries address: Via Olivi 11
Done.
Processing: page_468.jpg
  -> Layout type: SIMPLE_LAYOUT
  -> Ad type: NO_AD
  -> Page type inferred: 
  -> Inferred schema: Name,Address,Location,Profession,Role,Additional Info
  -> Final schema: Name, Address, Location, Category, Additional Info, Profession, Role
  -> Multi-section page detected: ['"duse" OFFICINA RIPARAZIONI MACCHINE PER SCRIVERE | Address: VENEZIA - Via XXII Marzo, 2288, Phone: Telefono 25-889']
  -> Actual CSV columns: Name,Address,Location,Category,Additional Info,Profession,Role
  -> Section state carries address: San Luca 4097
Done.
Processing: page_469.jpg
  -> Layout type: COMPLEX_LAYOUT
  -> Ad type: PARTIAL_AD
  -> Page type inferred: 
  -> Inferred schema: Name,Address,Location,Profession,Role,Additional Info
  -> Final schema: Name, Address, Location, Category, Additional Info, Profession, Role
  -> Actual CSV columns: Name,Address,Location,Category,Additional Info,Profession,Role
  -> WARNING: 2 rows (3%) missing both Address and Location on page_469.jpg
  -> Section state carries address: San Germina, Lista di Spagna, 241
Done.
Processing: page_470.jpg
  -> Layout type: COMPLEX_LAYOUT
  -> Ad type: PARTIAL_AD
  -> Page type inferred: 
  -> Inferred schema: Name,Address,Location,Category,Profession,Additional Info
  -> Final schema: Name, Address, Location, Category, Additional Info, Profession, Role
  -> Multi-section page detected: ['Macchine per scrivere Calcolatoi e Duplicatori', '* duse *', 'OCCASIONI CAMBI RICOSTRUZIONI NOLEGGI | Address: VENEZIA, Via XXII Marzo 2288, Phone: 25.889']
  -> Image re-pass enabled (complex layout + ads + 3 sections).
  -> Actual CSV columns: Name,Address,Location,Category,Additional Info,Profession,Role
  -> WARNING: 8 rows (11%) missing both Address and Location on page_470.jpg
  -> Section state carries address: Castello 992
Done.
Processing: page_471.jpg
  -> Layout type: COMPLEX_LAYOUT
  -> Ad type: PARTIAL_AD
  -> Page type inferred: 
  -> Inferred schema: Name,Address,Location,Profession,Role
  -> Final schema: Name, Address, Location, Category, Additional Info, Profession, Role
  -> Actual CSV columns: Name,Address,Location,Category,Additional Info,Profession,Role
  -> Section state carries address: S. Severo numero 5508
Done.
Processing: page_472.jpg
  -> Layout type: COMPLEX_LAYOUT
  -> Ad type: PARTIAL_AD
  -> Page type inferred: 
  -> Inferred schema: Name,Address,Location,Role,Profession,Additional Info
  -> Final schema: Name, Address, Location, Category, Additional Info, Profession, Role
  -> Actual CSV columns: Name,Address,Location,Category,Additional Info,Profession,Role
  -> WARNING: 9 rows (13%) missing both Address and Location on page_472.jpg
  -> Section state carries address: Castello 1497
Done.
Processing: page_473.jpg
  -> Layout type: COMPLEX_LAYOUT
  -> Ad type: PARTIAL_AD
  -> Page type inferred: 
  -> Inferred schema: Name,Address,Location,Role,Profession
  -> Final schema: Name, Address, Location, Category, Additional Info, Profession, Role
  -> Actual CSV columns: Name,Address,Location,Category,Additional Info,Profession,Role
  -> WARNING: 2 rows (3%) missing both Address and Location on page_473.jpg
  -> Section state carries address: Via XXII Marzo, 2288
Done.
Processing: page_474.jpg
  -> Layout type: COMPLEX_LAYOUT
  -> Ad type: PARTIAL_AD
  -> Page type inferred: 
  -> Inferred schema: Name,Address,Location,Category,Additional Info
  -> Final schema: Name, Address, Location, Category, Additional Info, Profession, Role
  -> Multi-section page detected: ['OFFICINA RIPARAZIONI MACCHINE PER SCRIVERE | Address: Venezia - Via XXIII Marzo, 2288 - Telefono 25-889']
  -> Actual CSV columns: Name,Address,Location,Category,Additional Info,Profession,Role
  -> WARNING: 1 rows (1%) missing both Address and Location on page_474.jpg
  -> Section state carries address: S. Marco 4128
Done.
Processing: page_475.jpg
  -> Layout type: SIMPLE_LAYOUT
  -> Ad type: NO_AD
  -> Page type inferred: 
  -> Inferred schema: Name,Address,Location,Profession,Role,Additional Info
  -> Final schema: Name, Address, Location, Category, Additional Info, Profession, Role
  -> Actual CSV columns: Name,Address,Location,Category,Additional Info,Profession,Role
  -> WARNING: 7 rows (11%) missing both Address and Location on page_475.jpg
  -> Section state carries address: Barbaria delle Tole 6661
Done.
Processing: page_476.jpg
  -> Layout type: COMPLEX_LAYOUT
  -> Ad type: PARTIAL_AD
  -> Page type inferred: 
  -> Inferred schema: Name,Address,Location,Category,Additional Info
  -> Final schema: Name, Address, Location, Category, Additional Info, Profession, Role
  -> Actual CSV columns: Name,Address,Location,Category,Additional Info,Profession,Role
  -> WARNING: 4 rows (6%) missing both Address and Location on page_476.jpg
  -> Section state carries address: VIA XXII Marzo No 2388
Done.
Processing: page_477.jpg
  -> Layout type: SIMPLE_LAYOUT
  -> Ad type: NO_AD
  -> Page type inferred: 
  -> Inferred schema: Name,Address,Location,Role,Profession,Additional Info
  -> Final schema: Name, Address, Location, Category, Additional Info, Profession, Role
  -> Actual CSV columns: Name,Address,Location,Category,Additional Info,Profession,Role
  -> WARNING: 8 rows (13%) missing both Address and Location on page_477.jpg
  -> Section state carries address: San Marco 677
Done.
Processing: page_478.jpg
  -> OCR refusal detected, retrying with fallback prompt...
  -> Layout type: COMPLEX_LAYOUT
  -> Ad type: PARTIAL_AD
  -> Page type inferred: 
  -> Inferred schema: Name,Address,Location,Profession,Role,Additional Info
  -> Final schema: Name, Address, Location, Category, Additional Info, Profession, Role
  -> Multi-section page detected: ['MACCHINE per scrivere -- Calcolatrici - Duplicatori | Address: Venezia - Via XXII Marzo, 2288, Telephone: 25-889']
  -> Actual CSV columns: Name,Address,Location,Category,Additional Info,Profession,Role
  -> WARNING: 7 rows (11%) missing both Address and Location on page_478.jpg
  -> Section state carries address: Murano fdm. Vetrai 92
Done.
Processing: page_479.jpg
  -> Layout type: COMPLEX_LAYOUT
  -> Ad type: PARTIAL_AD
  -> Page type inferred: 
  -> Inferred schema: Name,Address,Location,Category,Additional Info
  -> Final schema: Name, Address, Location, Category, Additional Info, Profession, Role
  -> Actual CSV columns: Name,Address,Location,Category,Additional Info,Profession,Role
  -> WARNING: 3 rows (5%) missing both Address and Location on page_479.jpg
  -> Section state carries address: Castello numero 4299
Done.
Processing: page_480.jpg
  -> Layout type: SIMPLE_LAYOUT
  -> Ad type: NO_AD
  -> Page type inferred: 
  -> Inferred schema: Name,Address,Location,Category
  -> Final schema: Name, Address, Location, Category, Additional Info, Profession, Role
  -> Actual CSV columns: Name,Address,Location,Category,Additional Info,Profession,Role
  -> WARNING: 5 rows (7%) missing both Address and Location on page_480.jpg
  -> Section state carries address: VENEZIA - Via XXII Marzo 2288 - Telefono n. 25.889
Done.
Processing: page_481.jpg
  -> Layout type: SIMPLE_LAYOUT
  -> Ad type: NO_AD
  -> Page type inferred: 
  -> Inferred schema: Name,Address,Location,Category,Additional Info
  -> Final schema: Name, Address, Location, Category, Additional Info, Profession, Role
  -> Actual CSV columns: Name,Address,Location,Category,Additional Info,Profession,Role
  -> WARNING: 6 rows (8%) missing both Address and Location on page_481.jpg
  -> Section state carries address: Castello, numero 918, Via P. Erizzo 5:A, numero 4590
Done.
Processing: page_482.jpg
  -> Layout type: SIMPLE_LAYOUT
  -> Ad type: NO_AD
  -> Page type inferred: 
  -> Inferred schema: Name,Address,Location,Role,Profession
  -> Final schema: Name, Address, Location, Category, Additional Info, Profession, Role
  -> Actual CSV columns: Name,Address,Location,Category,Additional Info,Profession,Role
  -> WARNING: 3 rows (4%) missing both Address and Location on page_482.jpg
  -> Section state carries address: S. Marco 1386
Done.
Processing: page_483.jpg
  -> Layout type: SIMPLE_LAYOUT
  -> Ad type: NO_AD
  -> Page type inferred: 
  -> Inferred schema: Name,Address,Location,Category,Additional Info
  -> Final schema: Name, Address, Location, Category, Additional Info, Profession, Role
  -> Actual CSV columns: Name,Address,Location,Category,Additional Info,Profession,Role
  -> Section state carries address: Cannaregio 2900
Done.
Processing: page_484.jpg
  -> Layout type: COMPLEX_LAYOUT
  -> Ad type: PARTIAL_AD
  -> Page type inferred: 
  -> Inferred schema: Name,Address,Location,Role,Profession
  -> Final schema: Name, Address, Location, Category, Additional Info, Profession, Role
  -> Actual CSV columns: Name,Address,Location,Category,Additional Info,Profession,Role
  -> WARNING: 2 rows (3%) missing both Address and Location on page_484.jpg
  -> Section state carries address: VENEZIA, Via XXI Marzo 2288
Done.
Processing: page_485.jpg
  -> Layout type: COMPLEX_LAYOUT
  -> Ad type: PARTIAL_AD
  -> Page type inferred: 
  -> Inferred schema: Name,Address,Location,Category,Additional Info
  -> Final schema: Name, Address, Location, Category, Additional Info, Profession, Role
  -> Actual CSV columns: Name,Address,Location,Category,Additional Info,Profession,Role
  -> WARNING: 1 rows (1%) missing both Address and Location on page_485.jpg
  -> Section state carries address: S. Polo, numero 1459
Done.
Processing: page_486.jpg
  -> Layout type: COMPLEX_LAYOUT
  -> Ad type: PARTIAL_AD
  -> Page type inferred: 
  -> Inferred schema: Name,Address,Location,Profession,Additional Info
  -> Final schema: Name, Address, Location, Category, Additional Info, Profession, Role
  -> Actual CSV columns: Name,Address,Location,Category,Additional Info,Profession,Role
  -> WARNING: 7 rows (10%) missing both Address and Location on page_486.jpg
  -> Section state carries address: Via VII Marzo N. 2228
Done.
Processing: page_487.jpg
  -> Layout type: COMPLEX_LAYOUT
  -> Ad type: PARTIAL_AD
  -> Page type inferred: 
  -> Inferred schema: Name,Address,Location,Profession,Role,Additional Info
  -> Final schema: Name, Address, Location, Category, Additional Info, Profession, Role
  -> Multi-section page detected: ['ZAGO F.LLI | Address: Venezia S. Polo, 1479, Phone: 26-208']
  -> Actual CSV columns: Name,Address,Location,Category,Additional Info,Profession,Role
  -> WARNING: 7 rows (10%) missing both Address and Location on page_487.jpg
  -> Section state carries address: VENEZIA Via XXI Marzo, 2288
Done.
Processing: page_488.jpg
  -> Layout type: SIMPLE_LAYOUT
  -> Ad type: NO_AD
  -> Page type inferred: 
  -> Inferred schema: Name,Address,Location,Role,Profession,Additional Info
  -> Final schema: Name, Address, Location, Category, Additional Info, Profession, Role
  -> Invalid semantic output (attempt 1), retrying...
  -> Actual CSV columns: Name,Address,Location,Category,Additional Info,Profession,Role
  -> WARNING: 1 rows (100%) missing both Address and Location on page_488.jpg
  -> Section state carries address: VENEZIA Via XXI Marzo, 2288
Done.
Processing: page_489.jpg
  -> Layout type: COMPLEX_LAYOUT
  -> Ad type: PARTIAL_AD
  -> Page type inferred: 
  -> Inferred schema: Name,Address,Location,Additional Info
  -> Final schema: Name, Address, Location, Category, Additional Info, Profession, Role
  -> Multi-section page detected: ['FOTO F. LLI ZAGO | Address: Venezia - S. Polo, Campiello Meloni 1478, Tel: 24-296', 'EDIZIONI', 'REPARTO INDUSTRIALE', 'REPARTO ELIOCIANOGRAFICO', 'REPARTO ARTISTICO']
  -> Image re-pass enabled (complex layout + ads + 5 sections).
  -> Actual CSV columns: Name,Address,Location,Category,Additional Info,Profession,Role
  -> WARNING: 11 rows (85%) missing both Address and Location on page_489.jpg
  -> Section state carries address: Venezia - S. Polo, Campiello Meloni 1478
Done.
Processing: page_490.jpg
  -> Page appears blank or near-empty, skipping semantic processing.
Processing: page_491.jpg
  -> Layout type: SIMPLE_LAYOUT
  -> Ad type: NO_AD
  -> Page type inferred: 
  -> Inferred schema: Name,Address,Location
  -> Final schema: Name,Address,Location
  -> Multi-section page detected: ['ELENCO DEI COMUNI E DELLE FRAZIONI']
  -> Actual CSV columns: Name,Address,Location
  -> WARNING: 11 rows (17%) missing both Address and Location on page_491.jpg
  -> Section state reset at document boundary (page 491)
  -> Section state carries address: S. Maria di Sala
Done.
Processing: page_492.jpg
  -> Layout type: SIMPLE_LAYOUT
  -> Ad type: NO_AD
  -> Page type inferred: 
  -> Inferred schema: Name,Address,Location
  -> Final schema: Name,Address,Location
  -> Actual CSV columns: Name,Address,Location
  -> WARNING: 19 rows (21%) missing both Address and Location on page_492.jpg
  -> Section state carries address: S. Maria di Sala
Done.
Processing: page_493.jpg
  -> Layout type: SIMPLE_LAYOUT
  -> Ad type: NO_AD
  -> Page type inferred: 
  -> Inferred schema: Name,Address,Location
  -> Final schema: Name, Address, Location
  -> Actual CSV columns: Name,Address,Location
  -> Section state carries address: S. Marco, Ascensione 1300
Done.
Processing: page_494.jpg
  -> Provincia ads extracted for page 494.
  -> Provincia data extracted for page 494.
Processing: page_495.jpg
  -> Provincia ads extracted for page 495.
  -> Provincia data extracted for page 495.
Processing: page_496.jpg
  -> Provincia ads extracted for page 496.
  -> Invalid semantic output (attempt 1), retrying...
  -> Invalid semantic output (attempt 2), retrying...
  -> Provincia data extracted for page 496.
  -> Page 496 added to 'CAMPAGNALUPIA' (continuation).
Processing: page_497.jpg
  -> Provincia ads extracted for page 497.
  -> Provincia data extracted for page 497.
Processing: page_498.jpg
  -> Provincia ads extracted for page 498.
  -> Provincia data extracted for page 498.
Processing: page_499.jpg
  -> Provincia ads extracted for page 499.
  -> Invalid semantic output (attempt 1), retrying...
  -> Invalid semantic output (attempt 2), retrying...
  -> Provincia data extracted for page 499.
  -> Page 499 added to 'CAMPONOGARA' (continuation).
Processing: page_500.jpg
  -> Provincia ads extracted for page 500.
  -> Invalid semantic output (attempt 1), retrying...
  -> Invalid semantic output (attempt 2), retrying...
  -> Provincia data extracted for page 500.
  -> Page 500 added to 'CAMPONOGARA' (continuation).
Processing: page_501.jpg
  -> Provincia ads extracted for page 501.
  -> Provincia data extracted for page 501.
Processing: page_502.jpg
  -> Provincia ads extracted for page 502.
  -> Invalid semantic output (attempt 1), retrying...
  -> Invalid semantic output (attempt 2), retrying...
  -> Provincia data extracted for page 502.
  -> Page 502 added to 'CAVARZERE' (continuation).
Processing: page_503.jpg
  -> Provincia ads extracted for page 503.
  -> Invalid semantic output (attempt 1), retrying...
  -> Invalid semantic output (attempt 2), retrying...
  -> Provincia data extracted for page 503.
  -> Page 503 added to 'CAVARZERE' (continuation).
Processing: page_504.jpg
  -> Provincia ads extracted for page 504.
  -> Provincia data extracted for page 504.
Processing: page_505.jpg
  -> Provincia ads extracted for page 505.
  -> Provincia data extracted for page 505.
Processing: page_506.jpg
  -> Provincia ads extracted for page 506.
  -> Invalid semantic output (attempt 1), retrying...
  -> Invalid semantic output (attempt 2), retrying...
  -> Provincia data extracted for page 506.
  -> Page 506 added to 'CHIOGGIA' (continuation).
Processing: page_507.jpg
  -> Provincia ads extracted for page 507.
  -> Invalid semantic output (attempt 1), retrying...
  -> Invalid semantic output (attempt 2), retrying...
  -> Provincia data extracted for page 507.
  -> Page 507 added to 'CHIOGGIA' (continuation).
Processing: page_508.jpg
  -> Provincia ads extracted for page 508.
  -> Invalid semantic output (attempt 1), retrying...
  -> Invalid semantic output (attempt 2), retrying...
  -> Provincia data extracted for page 508.
  -> Page 508 added to 'CHIOGGIA' (continuation).
Processing: page_509.jpg
  -> Provincia ads extracted for page 509.
  -> Invalid semantic output (attempt 1), retrying...
  -> Invalid semantic output (attempt 2), retrying...
  -> Provincia data extracted for page 509.
  -> Page 509 added to 'CHIOGGIA' (continuation).
Processing: page_510.jpg
  -> Provincia ads extracted for page 510.
  -> Invalid semantic output (attempt 1), retrying...
  -> Invalid semantic output (attempt 2), retrying...
  -> Provincia data extracted for page 510.
  -> Page 510 added to 'CHIOGGIA' (continuation).
Processing: page_511.jpg
  -> OCR refusal detected, retrying with fallback prompt...
  -> Provincia ads extracted for page 511.
  -> Invalid semantic output (attempt 1), retrying...
  -> Invalid semantic output (attempt 2), retrying...
  -> Provincia data extracted for page 511.
  -> Page 511 added to 'CHIOGGIA' (continuation).
Processing: page_512.jpg
  -> Provincia ads extracted for page 512.
  -> Invalid semantic output (attempt 1), retrying...
  -> Invalid semantic output (attempt 2), retrying...
  -> Provincia data extracted for page 512.
  -> Page 512 added to 'CHIOGGIA' (continuation).
Processing: page_513.jpg
  -> Provincia ads extracted for page 513.
  -> Invalid semantic output (attempt 1), retrying...
  -> Invalid semantic output (attempt 2), retrying...
  -> Provincia data extracted for page 513.
  -> Page 513 added to 'CHIOGGIA' (continuation).
Processing: page_514.jpg
  -> Provincia ads extracted for page 514.
  -> Invalid semantic output (attempt 1), retrying...
  -> Invalid semantic output (attempt 2), retrying...
  -> Provincia data extracted for page 514.
  -> Page 514 added to 'CHIOGGIA' (continuation).
Processing: page_515.jpg
  -> Provincia ads extracted for page 515.
  -> Provincia data extracted for page 515.
Processing: page_516.jpg
  -> Provincia ads extracted for page 516.
  -> Provincia data extracted for page 516.
Processing: page_517.jpg
  -> Provincia ads extracted for page 517.
  -> Provincia data extracted for page 517.
Processing: page_518.jpg
  -> Provincia ads extracted for page 518.
  -> Provincia data extracted for page 518.
Processing: page_519.jpg
  -> Provincia ads extracted for page 519.
  -> Invalid semantic output (attempt 1), retrying...
  -> Invalid semantic output (attempt 2), retrying...
  -> Provincia data extracted for page 519.
  -> Page 519 added to 'DOLO' (continuation).
Processing: page_520.jpg
  -> Provincia ads extracted for page 520.
  -> Invalid semantic output (attempt 1), retrying...
  -> Invalid semantic output (attempt 2), retrying...
  -> Provincia data extracted for page 520.
  -> Page 520 added to 'DOLO' (continuation).
Processing: page_521.jpg
  -> Provincia ads extracted for page 521.
  -> Invalid semantic output (attempt 1), retrying...
  -> Invalid semantic output (attempt 2), retrying...
  -> Provincia data extracted for page 521.
  -> Page 521 added to 'DOLO' (continuation).
Processing: page_522.jpg
  -> Provincia ads extracted for page 522.
  -> Provincia data extracted for page 522.
Processing: page_523.jpg
  -> Provincia ads extracted for page 523.
  -> Provincia data extracted for page 523.
Processing: page_524.jpg
  -> Provincia ads extracted for page 524.
  -> Provincia data extracted for page 524.
Processing: page_525.jpg
  -> Provincia ads extracted for page 525.
  -> Provincia data extracted for page 525.
Processing: page_526.jpg
  -> Provincia ads extracted for page 526.
  -> Provincia data extracted for page 526.
Processing: page_527.jpg
  -> Provincia ads extracted for page 527.
  -> Provincia data extracted for page 527.
Processing: page_528.jpg
  -> Provincia ads extracted for page 528.
  -> Provincia data extracted for page 528.
Processing: page_529.jpg
  -> Provincia ads extracted for page 529.
  -> Invalid semantic output (attempt 1), retrying...
  -> Invalid semantic output (attempt 2), retrying...
  -> Provincia data extracted for page 529.
  -> Page 529 added to 'JESOLO' (continuation).
Processing: page_530.jpg
  -> Provincia ads extracted for page 530.
  -> Provincia data extracted for page 530.
Processing: page_531.jpg
  -> Provincia ads extracted for page 531.
  -> Provincia data extracted for page 531.
Processing: page_532.jpg
  -> Provincia ads extracted for page 532.
  -> Invalid semantic output (attempt 1), retrying...
  -> Invalid semantic output (attempt 2), retrying...
  -> Provincia data extracted for page 532.
  -> Page 532 added to 'MEOLO' (continuation).
Processing: page_533.jpg
  -> Provincia ads extracted for page 533.
  -> Provincia data extracted for page 533.
Processing: page_534.jpg
  -> Provincia ads extracted for page 534.
  -> Invalid semantic output (attempt 1), retrying...
  -> Invalid semantic output (attempt 2), retrying...
  -> Provincia data extracted for page 534.
  -> Page 534 added to 'MIRA' (continuation).
Processing: page_535.jpg
  -> Provincia ads extracted for page 535.
  -> Invalid semantic output (attempt 1), retrying...
  -> Invalid semantic output (attempt 2), retrying...
  -> Provincia data extracted for page 535.
  -> Page 535 added to 'MIRA' (continuation).
Processing: page_536.jpg
  -> Provincia ads extracted for page 536.
  -> Provincia data extracted for page 536.
Processing: page_537.jpg
  -> Provincia ads extracted for page 537.
  -> Invalid semantic output (attempt 1), retrying...
  -> Invalid semantic output (attempt 2), retrying...
  -> Provincia data extracted for page 537.
  -> Page 537 added to 'MIRANO' (continuation).
Processing: page_538.jpg
  -> OCR refusal detected, retrying with fallback prompt...
  -> OCR still refused after fallback for page_538.jpg, skipping.
Processing: page_539.jpg
  -> Provincia ads extracted for page 539.
  -> Invalid semantic output (attempt 1), retrying...
  -> Invalid semantic output (attempt 2), retrying...
  -> Provincia data extracted for page 539.
  -> Page 539 added to 'MIRANO' (continuation).
Processing: page_540.jpg
  -> Provincia ads extracted for page 540.
  -> Provincia data extracted for page 540.
Processing: page_541.jpg
  -> Provincia ads extracted for page 541.
  -> Provincia data extracted for page 541.
Processing: page_542.jpg
  -> Provincia ads extracted for page 542.
  -> Invalid semantic output (attempt 1), retrying...
  -> Invalid semantic output (attempt 2), retrying...
  -> Provincia data extracted for page 542.
  -> Page 542 added to 'NOALE' (continuation).
Processing: page_543.jpg
  -> Provincia ads extracted for page 543.
  -> Provincia data extracted for page 543.
Processing: page_544.jpg
  -> Provincia ads extracted for page 544.
  -> Invalid semantic output (attempt 1), retrying...
  -> Invalid semantic output (attempt 2), retrying...
  -> Provincia data extracted for page 544.
  -> Page 544 added to 'NOVENTA DI PIAVE' (continuation).
Processing: page_545.jpg
  -> Provincia ads extracted for page 545.
  -> Provincia data extracted for page 545.
Processing: page_546.jpg
  -> Provincia ads extracted for page 546.
  -> Provincia data extracted for page 546.
Processing: page_547.jpg
  -> Provincia ads extracted for page 547.
  -> Invalid semantic output (attempt 1), retrying...
  -> Invalid semantic output (attempt 2), retrying...
  -> Provincia data extracted for page 547.
  -> Page 547 added to 'PORTOGRUARO' (continuation).
Processing: page_548.jpg
  -> Provincia ads extracted for page 548.
  -> Invalid semantic output (attempt 1), retrying...
  -> Invalid semantic output (attempt 2), retrying...
  -> Provincia data extracted for page 548.
  -> Page 548 added to 'PORTOGRUARO' (continuation).
Processing: page_549.jpg
  -> Provincia ads extracted for page 549.
  -> Invalid semantic output (attempt 1), retrying...
  -> Invalid semantic output (attempt 2), retrying...
  -> Provincia data extracted for page 549.
  -> Page 549 added to 'PORTOGRUARO' (continuation).
Processing: page_550.jpg
  -> Provincia ads extracted for page 550.
  -> Invalid semantic output (attempt 1), retrying...
  -> Invalid semantic output (attempt 2), retrying...
  -> Provincia data extracted for page 550.
  -> Page 550 added to 'PORTOGRUARO' (continuation).
Processing: page_551.jpg
  -> Provincia ads extracted for page 551.
  -> Provincia data extracted for page 551.
Processing: page_552.jpg
  -> Provincia ads extracted for page 552.
  -> Provincia data extracted for page 552.
Processing: page_553.jpg
  -> Provincia ads extracted for page 553.
  -> Provincia data extracted for page 553.
Processing: page_554.jpg
  -> Provincia ads extracted for page 554.
  -> Invalid semantic output (attempt 1), retrying...
  -> Invalid semantic output (attempt 2), retrying...
  -> Provincia data extracted for page 554.
  -> Page 554 added to 'S. DONA’ DI PIAVE' (continuation).
Processing: page_555.jpg
  -> Provincia ads extracted for page 555.
  -> Invalid semantic output (attempt 1), retrying...
  -> Invalid semantic output (attempt 2), retrying...
  -> Provincia data extracted for page 555.
  -> Page 555 added to 'S. DONA’ DI PIAVE' (continuation).
Processing: page_556.jpg
  -> Provincia ads extracted for page 556.
  -> Invalid semantic output (attempt 1), retrying...
  -> Invalid semantic output (attempt 2), retrying...
  -> Provincia data extracted for page 556.
  -> Page 556 added to 'S. DONA’ DI PIAVE' (continuation).
Processing: page_557.jpg
  -> Provincia ads extracted for page 557.
  -> Provincia data extracted for page 557.
Processing: page_558.jpg
  -> Provincia ads extracted for page 558.
  -> Provincia data extracted for page 558.
Processing: page_559.jpg
  -> Provincia ads extracted for page 559.
  -> Provincia data extracted for page 559.
Processing: page_560.jpg
  -> Provincia ads extracted for page 560.
  -> Invalid semantic output (attempt 1), retrying...
  -> Invalid semantic output (attempt 2), retrying...
  -> Provincia data extracted for page 560.
  -> Page 560 added to 'S. STINO DI LIVENZA' (continuation).
Processing: page_561.jpg
  -> OCR refusal detected, retrying with fallback prompt...
  -> Provincia ads extracted for page 561.
  -> Provincia data extracted for page 561.
Processing: page_562.jpg
  -> Provincia ads extracted for page 562.
  -> Invalid semantic output (attempt 1), retrying...
  -> Invalid semantic output (attempt 2), retrying...
  -> Provincia data extracted for page 562.
  -> Page 562 added to 'S. MARIA DI SALA' (continuation).
Processing: page_563.jpg
  -> Provincia ads extracted for page 563.
  -> Invalid semantic output (attempt 1), retrying...
  -> Invalid semantic output (attempt 2), retrying...
  -> Provincia data extracted for page 563.
  -> Page 563 added to 'S. MARIA DI SALA' (continuation).
Processing: page_564.jpg
  -> Provincia ads extracted for page 564.
  -> Provincia data extracted for page 564.
Processing: page_565.jpg
  -> Provincia ads extracted for page 565.
  -> Provincia data extracted for page 565.
Processing: page_566.jpg
  -> Provincia ads extracted for page 566.
  -> Invalid semantic output (attempt 1), retrying...
  -> Invalid semantic output (attempt 2), retrying...
  -> Provincia data extracted for page 566.
  -> Page 566 added to 'STRA' (continuation).
Processing: page_567.jpg
  -> Provincia ads extracted for page 567.
  -> Provincia data extracted for page 567.
Processing: page_568.jpg
  -> Provincia ads extracted for page 568.
  -> Provincia data extracted for page 568.
  -> Page 568 added to 'TORRE DI MOSTO' (continuation).
Processing: page_569.jpg
  -> Provincia ads extracted for page 569.
  -> Provincia data extracted for page 569.
Processing: page_570.jpg
  -> Invalid semantic output (attempt 1), retrying...
  -> Invalid semantic output (attempt 2), retrying...
  -> Provincia data extracted for page 570.
  -> Page 570 added to 'VIGONOVO' (continuation).
Processing: page_571.jpg
  -> OCR refusal detected, retrying with fallback prompt...
  -> OCR still refused after fallback for page_571.jpg, skipping.
Processing: page_572.jpg
  -> Layout type: COMPLEX_LAYOUT
  -> Ad type: FULL_AD
Processing: page_573.jpg
  -> Layout type: COMPLEX_LAYOUT
  -> Ad type: FULL_AD
Processing: page_574.jpg
  -> Layout type: SIMPLE_LAYOUT
  -> Ad type: FULL_AD
  -> Invalid semantic output (attempt 1), retrying...
  -> Invalid semantic output (attempt 2), retrying...
Processing: page_575.jpg
  -> Layout type: COMPLEX_LAYOUT
  -> Ad type: FULL_AD
  -> Provincia CSV saved: 40 entries (version 7).
  -> Provincia ads CSV saved: 82 entries (version 7).