file,page_num,column,category,action
all_pages_20260721_1901_geocoded.csv,359,Profession,known_ad_deferred,deferred
all_pages_20260721_1901_geocoded.csv,359,Profession,known_ad_deferred,deferred
all_pages_20260721_1901_geocoded.csv,359,Profession,known_ad_deferred,deferred
all_pages_20260721_1901_geocoded.csv,359,Profession,known_ad_deferred,deferred
all_pages_20260721_1901_geocoded.csv,359,Profession,known_ad_deferred,deferred
all_pages_20260721_1901_geocoded.csv,359,Profession,known_ad_deferred,deferred
all_pages_20260721_1901_geocoded.csv,359,Profession,known_ad_deferred,deferred
all_pages_20260721_1901_geocoded.csv,359,Profession,known_ad_deferred,deferred
all_pages_20260721_1901_geocoded.csv,359,Profession,known_ad_deferred,deferred
all_pages_20260721_1901_geocoded.csv,359,Profession,known_ad_deferred,deferred
all_pages_20260721_1901_geocoded.csv,359,Profession,known_ad_deferred,deferred
all_pages_20260721_1901_geocoded.csv,359,Profession,known_ad_deferred,deferred
all_pages_20260721_1901_geocoded.csv,359,Profession,known_ad_deferred,deferred
all_pages_20260721_1901_geocoded.csv,359,Profession,known_ad_deferred,deferred
all_pages_20260721_1901_geocoded.csv,359,Profession,known_ad_deferred,deferred
all_pages_20260721_1901_geocoded.csv,359,Profession,known_ad_deferred,deferred
all_pages_20260721_1901_geocoded.csv,359,Profession,known_ad_deferred,deferred
all_pages_20260721_1901_geocoded.csv,359,Profession,known_ad_deferred,deferred
all_pages_20260721_1901_geocoded.csv,359,Profession,known_ad_deferred,deferred
all_pages_20260721_1901_geocoded.csv,359,Profession,known_ad_deferred,deferred
all_pages_20260721_1901_geocoded.csv,359,Profession,known_ad_deferred,deferred
all_pages_20260721_1901_geocoded.csv,359,Profession,known_ad_deferred,deferred
all_pages_20260721_1901_geocoded.csv,359,Profession,known_ad_deferred,deferred
all_pages_20260721_1901_geocoded.csv,359,Profession,known_ad_deferred,deferred
all_pages_20260721_1901_geocoded.csv,359,Profession,known_ad_deferred,deferred
all_pages_20260721_1901_geocoded.csv,359,Profession,known_ad_deferred,deferred
all_pages_20260721_1901_geocoded.csv,359,Profession,known_ad_deferred,deferred
all_pages_20260721_1901_geocoded.csv,359,Profession,known_ad_deferred,deferred
all_pages_20260721_1901_geocoded.csv,359,Profession,known_ad_deferred,deferred
all_pages_20260721_1901_geocoded.csv,359,Profession,known_ad_deferred,deferred
all_pages_20260721_1901_geocoded.csv,360,Profession,known_ad_deferred,deferred
all_pages_20260721_1901_geocoded.csv,360,Profession,known_ad_deferred,deferred
all_pages_20260721_1901_geocoded.csv,360,Profession,known_ad_deferred,deferred
all_pages_20260721_1901_geocoded.csv,360,Profession,known_ad_deferred,deferred
all_pages_20260721_1901_geocoded.csv,360,Profession,known_ad_deferred,deferred
all_pages_20260721_1901_geocoded.csv,360,Profession,known_ad_deferred,deferred
all_pages_20260721_1901_geocoded.csv,360,Profession,known_ad_deferred,deferred
all_pages_20260721_1901_geocoded.csv,360,Profession,known_ad_deferred,deferred
all_pages_20260721_1901_geocoded.csv,360,Profession,known_ad_deferred,deferred
all_pages_20260721_1901_geocoded.csv,360,Profession,known_ad_deferred,deferred
all_pages_20260721_1901_geocoded.csv,360,Profession,known_ad_deferred,deferred
all_pages_20260721_1901_geocoded.csv,360,Profession,known_ad_deferred,deferred
all_pages_20260721_1901_geocoded.csv,360,Profession,known_ad_deferred,deferred
all_pages_20260721_1901_geocoded.csv,360,Profession,known_ad_deferred,deferred
all_pages_20260721_1901_geocoded.csv,360,Profession,known_ad_deferred,deferred
all_pages_20260721_1901_geocoded.csv,360,Profession,known_ad_deferred,deferred
all_pages_20260721_1901_geocoded.csv,360,Profession,known_ad_deferred,deferred
all_pages_20260721_1901_geocoded.csv,360,Profession,known_ad_deferred,deferred
all_pages_20260721_1901_geocoded.csv,360,Profession,known_ad_deferred,deferred
all_pages_20260721_1901_geocoded.csv,360,Profession,known_ad_deferred,deferred
all_pages_20260721_1901_geocoded.csv,360,Profession,known_ad_deferred,deferred
all_pages_20260721_1901_geocoded.csv,360,Profession,known_ad_deferred,deferred
all_pages_20260721_1901_geocoded.csv,360,Profession,known_ad_deferred,deferred
all_pages_20260721_1901_geocoded.csv,360,Profession,known_ad_deferred,deferred
all_pages_20260721_1901_geocoded.csv,360,Profession,known_ad_deferred,deferred
all_pages_20260721_1901_geocoded.csv,360,Profession,known_ad_deferred,deferred
all_pages_20260721_1901_geocoded.csv,360,Profession,known_ad_deferred,deferred
all_pages_20260721_1901_geocoded.csv,360,Profession,known_ad_deferred,deferred
all_pages_20260721_1901_geocoded.csv,360,Profession,known_ad_deferred,deferred
all_pages_20260721_1901_geocoded.csv,360,Profession,known_ad_deferred,deferred
all_pages_20260721_1901_geocoded.csv,360,Profession,known_ad_deferred,deferred
all_pages_20260721_1901_geocoded.csv,360,Profession,known_ad_deferred,deferred
all_pages_20260721_1901_geocoded.csv,361,Profession,known_ad_deferred,deferred
all_pages_20260721_1901_geocoded.csv,361,Profession,known_ad_deferred,deferred
all_pages_20260721_1901_geocoded.csv,361,Profession,known_ad_deferred,deferred
all_pages_20260721_1901_geocoded.csv,361,Profession,known_ad_deferred,deferred
all_pages_20260721_1901_geocoded.csv,361,Profession,known_ad_deferred,deferred
all_pages_20260721_1901_geocoded.csv,361,Profession,known_ad_deferred,deferred
all_pages_20260721_1901_geocoded.csv,361,Profession,known_ad_deferred,deferred
all_pages_20260721_1901_geocoded.csv,361,Profession,known_ad_deferred,deferred
all_pages_20260721_1901_geocoded.csv,361,Profession,known_ad_deferred,deferred
all_pages_20260721_1901_geocoded.csv,361,Profession,known_ad_deferred,deferred
all_pages_20260721_1901_geocoded.csv,361,Profession,known_ad_deferred,deferred
all_pages_20260721_1901_geocoded.csv,361,Profession,known_ad_deferred,deferred
all_pages_20260721_1901_geocoded.csv,361,Profession,known_ad_deferred,deferred
all_pages_20260721_1901_geocoded.csv,361,Profession,known_ad_deferred,deferred
all_pages_20260721_1901_geocoded.csv,361,Profession,known_ad_deferred,deferred
all_pages_20260721_1901_geocoded.csv,361,Profession,known_ad_deferred,deferred
all_pages_20260721_1901_geocoded.csv,361,Profession,known_ad_deferred,deferred
all_pages_20260721_1901_geocoded.csv,361,Profession,known_ad_deferred,deferred
all_pages_20260721_1901_geocoded.csv,361,Profession,known_ad_deferred,deferred
all_pages_20260721_1901_geocoded.csv,361,Profession,known_ad_deferred,deferred
all_pages_20260721_1901_geocoded.csv,361,Profession,known_ad_deferred,deferred
all_pages_20260721_1901_geocoded.csv,361,Profession,known_ad_deferred,deferred
all_pages_20260721_1901_geocoded.csv,361,Profession,known_ad_deferred,deferred
all_pages_20260721_1901_geocoded.csv,361,Profession,known_ad_deferred,deferred
all_pages_20260721_1901_geocoded.csv,361,Profession,known_ad_deferred,deferred
all_pages_20260721_1901_geocoded.csv,361,Profession,known_ad_deferred,deferred
all_pages_20260721_1901_geocoded.csv,361,Profession,known_ad_deferred,deferred
all_pages_20260721_1901_geocoded.csv,361,Profession,known_ad_deferred,deferred
all_pages_20260721_1901_geocoded.csv,361,Profession,known_ad_deferred,deferred
all_pages_20260721_1901_geocoded.csv,361,Profession,known_ad_deferred,deferred
all_pages_20260721_1901_geocoded.csv,361,Profession,known_ad_deferred,deferred
all_pages_20260721_1901_geocoded.csv,362,Profession,known_ad_deferred,deferred
all_pages_20260721_1901_geocoded.csv,362,Profession,known_ad_deferred,deferred
all_pages_20260721_1901_geocoded.csv,362,Profession,known_ad_deferred,deferred
all_pages_20260721_1901_geocoded.csv,362,Profession,known_ad_deferred,deferred
all_pages_20260721_1901_geocoded.csv,362,Profession,known_ad_deferred,deferred
all_pages_20260721_1901_geocoded.csv,362,Profession,known_ad_deferred,deferred
all_pages_20260721_1901_geocoded.csv,362,Profession,known_ad_deferred,deferred
all_pages_20260721_1901_geocoded.csv,362,Profession,known_ad_deferred,deferred
all_pages_20260721_1901_geocoded.csv,362,Profession,known_ad_deferred,deferred
all_pages_20260721_1901_geocoded.csv,362,Profession,known_ad_deferred,deferred
all_pages_20260721_1901_geocoded.csv,362,Profession,known_ad_deferred,deferred
all_pages_20260721_1901_geocoded.csv,362,Profession,known_ad_deferred,deferred
all_pages_20260721_1901_geocoded.csv,362,Profession,known_ad_deferred,deferred
all_pages_20260721_1901_geocoded.csv,362,Profession,known_ad_deferred,deferred
all_pages_20260721_1901_geocoded.csv,362,Profession,known_ad_deferred,deferred
all_pages_20260721_1901_geocoded.csv,362,Profession,known_ad_deferred,deferred
all_pages_20260721_1901_geocoded.csv,362,Profession,known_ad_deferred,deferred
all_pages_20260721_1901_geocoded.csv,362,Profession,known_ad_deferred,deferred
all_pages_20260721_1901_geocoded.csv,362,Profession,known_ad_deferred,deferred
all_pages_20260721_1901_geocoded.csv,362,Profession,known_ad_deferred,deferred
all_pages_20260721_1901_geocoded.csv,362,Profession,known_ad_deferred,deferred
all_pages_20260721_1901_geocoded.csv,362,Profession,known_ad_deferred,deferred
all_pages_20260721_1901_geocoded.csv,362,Profession,known_ad_deferred,deferred
all_pages_20260721_1901_geocoded.csv,362,Profession,known_ad_deferred,deferred
all_pages_20260721_1901_geocoded.csv,362,Profession,known_ad_deferred,deferred
all_pages_20260721_1901_geocoded.csv,362,Profession,known_ad_deferred,deferred
all_pages_20260721_1901_geocoded.csv,362,Profession,known_ad_deferred,deferred
all_pages_20260721_1901_geocoded.csv,362,Profession,known_ad_deferred,deferred
all_pages_20260721_1901_geocoded.csv,362,Profession,known_ad_deferred,deferred
all_pages_20260721_1901_geocoded.csv,362,Profession,known_ad_deferred,deferred
all_pages_20260721_1901_geocoded.csv,362,Profession,known_ad_deferred,deferred
all_pages_20260721_1901_geocoded.csv,362,Profession,known_ad_deferred,deferred
all_pages_20260721_1901_geocoded.csv,362,Profession,known_ad_deferred,deferred
all_pages_20260721_1901_geocoded.csv,362,Profession,known_ad_deferred,deferred
all_pages_20260721_1901_geocoded.csv,362,Profession,known_ad_deferred,deferred
all_pages_20260721_1901_geocoded.csv,362,Profession,known_ad_deferred,deferred
all_pages_20260721_1901_geocoded.csv,362,Profession,known_ad_deferred,deferred
all_pages_20260721_1901_geocoded.csv,362,Profession,known_ad_deferred,deferred
all_pages_20260721_1901_geocoded.csv,362,Profession,known_ad_deferred,deferred
all_pages_20260721_1901_geocoded.csv,362,Profession,known_ad_deferred,deferred
all_pages_20260721_1901_geocoded.csv,362,Profession,known_ad_deferred,deferred
all_pages_20260721_1901_geocoded.csv,363,Profession,known_ad_deferred,deferred
all_pages_20260721_1901_geocoded.csv,363,Profession,known_ad_deferred,deferred
all_pages_20260721_1901_geocoded.csv,363,Profession,known_ad_deferred,deferred
all_pages_20260721_1901_geocoded.csv,363,Profession,known_ad_deferred,deferred
all_pages_20260721_1901_geocoded.csv,363,Profession,known_ad_deferred,deferred
all_pages_20260721_1901_geocoded.csv,363,Profession,known_ad_deferred,deferred
all_pages_20260721_1901_geocoded.csv,363,Profession,known_ad_deferred,deferred
all_pages_20260721_1901_geocoded.csv,363,Profession,known_ad_deferred,deferred
all_pages_20260721_1901_geocoded.csv,363,Profession,known_ad_deferred,deferred
all_pages_20260721_1901_geocoded.csv,363,Profession,known_ad_deferred,deferred
all_pages_20260721_1901_geocoded.csv,363,Profession,known_ad_deferred,deferred
all_pages_20260721_1901_geocoded.csv,363,Profession,known_ad_deferred,deferred
all_pages_20260721_1901_geocoded.csv,363,Profession,known_ad_deferred,deferred
all_pages_20260721_1901_geocoded.csv,363,Profession,known_ad_deferred,deferred
all_pages_20260721_1901_geocoded.csv,363,Profession,known_ad_deferred,deferred
all_pages_20260721_1901_geocoded.csv,363,Profession,known_ad_deferred,deferred
all_pages_20260721_1901_geocoded.csv,363,Profession,known_ad_deferred,deferred
all_pages_20260721_1901_geocoded.csv,363,Profession,known_ad_deferred,deferred
all_pages_20260721_1901_geocoded.csv,363,Profession,known_ad_deferred,deferred
all_pages_20260721_1901_geocoded.csv,363,Profession,known_ad_deferred,deferred
all_pages_20260721_1901_geocoded.csv,363,Profession,known_ad_deferred,deferred
all_pages_20260721_1901_geocoded.csv,363,Profession,known_ad_deferred,deferred
all_pages_20260721_1901_geocoded.csv,363,Profession,known_ad_deferred,deferred
all_pages_20260721_1901_geocoded.csv,363,Profession,known_ad_deferred,deferred
all_pages_20260721_1901_geocoded.csv,363,Profession,known_ad_deferred,deferred
all_pages_20260721_1901_geocoded.csv,363,Profession,known_ad_deferred,deferred
all_pages_20260721_1901_geocoded.csv,363,Profession,known_ad_deferred,deferred
all_pages_20260721_1901_geocoded.csv,363,Profession,known_ad_deferred,deferred
all_pages_20260721_1901_geocoded.csv,363,Profession,known_ad_deferred,deferred
all_pages_20260721_1901_geocoded.csv,363,Profession,known_ad_deferred,deferred
all_pages_20260721_1901_geocoded.csv,363,Profession,known_ad_deferred,deferred
all_pages_20260721_1901_geocoded.csv,363,Profession,known_ad_deferred,deferred
all_pages_20260721_1901_geocoded.csv,363,Profession,known_ad_deferred,deferred
all_pages_20260721_1901_geocoded.csv,385,Profession,known_ad_deferred,deferred
all_pages_20260721_1901_geocoded.csv,385,Profession,known_ad_deferred,deferred
all_pages_20260721_1901_geocoded.csv,385,Profession,known_ad_deferred,deferred
all_pages_20260721_1901_geocoded.csv,385,Profession,known_ad_deferred,deferred
all_pages_20260721_1901_geocoded.csv,385,Profession,known_ad_deferred,deferred
all_pages_20260721_1901_geocoded.csv,385,Profession,known_ad_deferred,deferred
all_pages_20260721_1901_geocoded.csv,385,Profession,known_ad_deferred,deferred
all_pages_20260721_1901_geocoded.csv,385,Profession,known_ad_deferred,deferred
all_pages_20260721_1901_geocoded.csv,385,Profession,known_ad_deferred,deferred
all_pages_20260721_1901_geocoded.csv,385,Profession,known_ad_deferred,deferred
all_pages_20260721_1901_geocoded.csv,385,Profession,known_ad_deferred,deferred
all_pages_20260721_1901_geocoded.csv,385,Profession,known_ad_deferred,deferred
all_pages_20260721_1901_geocoded.csv,385,Profession,known_ad_deferred,deferred
all_pages_20260721_1901_geocoded.csv,385,Profession,known_ad_deferred,deferred
all_pages_20260721_1901_geocoded.csv,385,Profession,known_ad_deferred,deferred
all_pages_20260721_1901_geocoded.csv,385,Profession,known_ad_deferred,deferred
all_pages_20260721_1901_geocoded.csv,385,Profession,known_ad_deferred,deferred
all_pages_20260721_1901_geocoded.csv,385,Profession,known_ad_deferred,deferred
all_pages_20260721_1901_geocoded.csv,385,Profession,known_ad_deferred,deferred
all_pages_20260721_1901_geocoded.csv,385,Profession,known_ad_deferred,deferred
all_pages_20260721_1901_geocoded.csv,385,Profession,known_ad_deferred,deferred
all_pages_20260721_1901_geocoded.csv,385,Profession,known_ad_deferred,deferred
all_pages_20260721_1901_geocoded.csv,385,Profession,known_ad_deferred,deferred
all_pages_20260721_1901_geocoded.csv,385,Profession,known_ad_deferred,deferred
all_pages_20260721_1901_geocoded.csv,385,Profession,known_ad_deferred,deferred
all_pages_20260721_1901_geocoded.csv,386,Profession,known_ad_deferred,deferred
all_pages_20260721_1901_geocoded.csv,386,Profession,known_ad_deferred,deferred
all_pages_20260721_1901_geocoded.csv,386,Profession,known_ad_deferred,deferred
all_pages_20260721_1901_geocoded.csv,386,Profession,known_ad_deferred,deferred
all_pages_20260721_1901_geocoded.csv,386,Profession,known_ad_deferred,deferred
all_pages_20260721_1901_geocoded.csv,386,Profession,known_ad_deferred,deferred
all_pages_20260721_1901_geocoded.csv,386,Profession,known_ad_deferred,deferred
all_pages_20260721_1901_geocoded.csv,386,Profession,known_ad_deferred,deferred
all_pages_20260721_1901_geocoded.csv,386,Profession,known_ad_deferred,deferred
all_pages_20260721_1901_geocoded.csv,386,Profession,known_ad_deferred,deferred
all_pages_20260721_1901_geocoded.csv,386,Profession,known_ad_deferred,deferred
all_pages_20260721_1901_geocoded.csv,386,Profession,known_ad_deferred,deferred
all_pages_20260721_1901_geocoded.csv,386,Profession,known_ad_deferred,deferred
all_pages_20260721_1901_geocoded.csv,386,Profession,known_ad_deferred,deferred
all_pages_20260721_1901_geocoded.csv,386,Profession,known_ad_deferred,deferred
all_pages_20260721_1901_geocoded.csv,386,Profession,known_ad_deferred,deferred
all_pages_20260721_1901_geocoded.csv,386,Profession,known_ad_deferred,deferred
all_pages_20260721_1901_geocoded.csv,386,Profession,known_ad_deferred,deferred
all_pages_20260721_1901_geocoded.csv,386,Profession,known_ad_deferred,deferred
all_pages_20260721_1901_geocoded.csv,386,Profession,known_ad_deferred,deferred
all_pages_20260721_1901_geocoded.csv,386,Profession,known_ad_deferred,deferred
all_pages_20260721_1901_geocoded.csv,386,Profession,known_ad_deferred,deferred
all_pages_20260721_1901_geocoded.csv,386,Profession,known_ad_deferred,deferred
all_pages_20260721_1901_geocoded.csv,386,Profession,known_ad_deferred,deferred
all_pages_20260721_1901_geocoded.csv,386,Profession,known_ad_deferred,deferred
all_pages_20260721_1901_geocoded.csv,386,Profession,known_ad_deferred,deferred
all_pages_20260721_1901_geocoded.csv,386,Profession,known_ad_deferred,deferred
all_pages_20260721_1901_geocoded.csv,386,Profession,known_ad_deferred,deferred
all_pages_20260721_1901_geocoded.csv,386,Profession,known_ad_deferred,deferred
all_pages_20260721_1901_geocoded.csv,387,Profession,known_ad_deferred,deferred
all_pages_20260721_1901_geocoded.csv,387,Profession,known_ad_deferred,deferred
all_pages_20260721_1901_geocoded.csv,387,Profession,known_ad_deferred,deferred
all_pages_20260721_1901_geocoded.csv,387,Profession,known_ad_deferred,deferred
all_pages_20260721_1901_geocoded.csv,387,Profession,known_ad_deferred,deferred
all_pages_20260721_1901_geocoded.csv,387,Profession,known_ad_deferred,deferred
all_pages_20260721_1901_geocoded.csv,387,Profession,known_ad_deferred,deferred
all_pages_20260721_1901_geocoded.csv,387,Profession,known_ad_deferred,deferred
all_pages_20260721_1901_geocoded.csv,387,Profession,known_ad_deferred,deferred
all_pages_20260721_1901_geocoded.csv,387,Profession,known_ad_deferred,deferred
all_pages_20260721_1901_geocoded.csv,387,Profession,known_ad_deferred,deferred
all_pages_20260721_1901_geocoded.csv,387,Profession,known_ad_deferred,deferred
all_pages_20260721_1901_geocoded.csv,387,Profession,known_ad_deferred,deferred
all_pages_20260721_1901_geocoded.csv,387,Profession,known_ad_deferred,deferred
all_pages_20260721_1901_geocoded.csv,387,Profession,known_ad_deferred,deferred
all_pages_20260721_1901_geocoded.csv,387,Profession,known_ad_deferred,deferred
all_pages_20260721_1901_geocoded.csv,387,Profession,known_ad_deferred,deferred
all_pages_20260721_1901_geocoded.csv,387,Profession,known_ad_deferred,deferred
all_pages_20260721_1901_geocoded.csv,387,Profession,known_ad_deferred,deferred
all_pages_20260721_1901_geocoded.csv,387,Profession,known_ad_deferred,deferred
all_pages_20260721_1901_geocoded.csv,387,Profession,known_ad_deferred,deferred
all_pages_20260721_1901_geocoded.csv,387,Profession,known_ad_deferred,deferred
all_pages_20260721_1901_geocoded.csv,387,Profession,known_ad_deferred,deferred
all_pages_20260721_1901_geocoded.csv,388,Profession,known_ad_deferred,deferred
all_pages_20260721_1901_geocoded.csv,388,Profession,known_ad_deferred,deferred
all_pages_20260721_1901_geocoded.csv,388,Profession,known_ad_deferred,deferred
all_pages_20260721_1901_geocoded.csv,388,Profession,known_ad_deferred,deferred
all_pages_20260721_1901_geocoded.csv,388,Profession,known_ad_deferred,deferred
all_pages_20260721_1901_geocoded.csv,388,Profession,known_ad_deferred,deferred
all_pages_20260721_1901_geocoded.csv,388,Profession,known_ad_deferred,deferred
all_pages_20260721_1901_geocoded.csv,388,Profession,known_ad_deferred,deferred
all_pages_20260721_1901_geocoded.csv,388,Profession,known_ad_deferred,deferred
all_pages_20260721_1901_geocoded.csv,388,Profession,known_ad_deferred,deferred
all_pages_20260721_1901_geocoded.csv,388,Profession,known_ad_deferred,deferred
all_pages_20260721_1901_geocoded.csv,388,Profession,known_ad_deferred,deferred
all_pages_20260721_1901_geocoded.csv,388,Profession,known_ad_deferred,deferred
all_pages_20260721_1901_geocoded.csv,388,Profession,known_ad_deferred,deferred
all_pages_20260721_1901_geocoded.csv,388,Profession,known_ad_deferred,deferred
all_pages_20260721_1901_geocoded.csv,388,Profession,known_ad_deferred,deferred
all_pages_20260721_1901_geocoded.csv,388,Profession,known_ad_deferred,deferred
all_pages_20260721_1901_geocoded.csv,388,Profession,known_ad_deferred,deferred
all_pages_20260721_1901_geocoded.csv,388,Profession,known_ad_deferred,deferred
all_pages_20260721_1901_geocoded.csv,388,Profession,known_ad_deferred,deferred
all_pages_20260721_1901_geocoded.csv,388,Profession,known_ad_deferred,deferred
all_pages_20260721_1901_geocoded.csv,388,Profession,known_ad_deferred,deferred
all_pages_20260721_1901_geocoded.csv,388,Profession,known_ad_deferred,deferred
all_pages_20260721_1901_geocoded.csv,388,Profession,known_ad_deferred,deferred
all_pages_20260721_1901_geocoded.csv,388,Profession,known_ad_deferred,deferred
all_pages_20260721_1901_geocoded.csv,388,Profession,known_ad_deferred,deferred
all_pages_20260721_1901_geocoded.csv,388,Profession,known_ad_deferred,deferred
all_pages_20260721_1901_geocoded.csv,388,Profession,known_ad_deferred,deferred
all_pages_20260721_1901_geocoded.csv,388,Profession,known_ad_deferred,deferred
all_pages_20260721_1901_geocoded.csv,388,Profession,known_ad_deferred,deferred
all_pages_20260721_1901_geocoded.csv,388,Profession,known_ad_deferred,deferred
all_pages_20260721_1901_geocoded.csv,388,Profession,known_ad_deferred,deferred
all_pages_20260721_1901_geocoded.csv,388,Profession,known_ad_deferred,deferred
all_pages_20260721_1901_geocoded.csv,388,Profession,known_ad_deferred,deferred
all_pages_20260721_1901_geocoded.csv,388,Profession,known_ad_deferred,deferred
all_pages_20260721_1901_geocoded.csv,388,Profession,known_ad_deferred,deferred
all_pages_20260721_1901_geocoded.csv,388,Profession,known_ad_deferred,deferred
all_pages_20260721_1901_geocoded.csv,388,Profession,known_ad_deferred,deferred
all_pages_20260721_1901_geocoded.csv,388,Profession,known_ad_deferred,deferred
all_pages_20260721_1901_geocoded.csv,388,Profession,known_ad_deferred,deferred
all_pages_20260721_1901_geocoded.csv,388,Profession,known_ad_deferred,deferred
all_pages_20260721_1901_geocoded.csv,388,Profession,known_ad_deferred,deferred
all_pages_20260721_1901_geocoded.csv,390,Profession,known_ad_deferred,deferred
all_pages_20260721_1901_geocoded.csv,390,Profession,known_ad_deferred,deferred
all_pages_20260721_1901_geocoded.csv,390,Profession,known_ad_deferred,deferred
all_pages_20260721_1901_geocoded.csv,390,Profession,known_ad_deferred,deferred
all_pages_20260721_1901_geocoded.csv,390,Profession,known_ad_deferred,deferred
all_pages_20260721_1901_geocoded.csv,390,Profession,known_ad_deferred,deferred
all_pages_20260721_1901_geocoded.csv,390,Profession,known_ad_deferred,deferred
all_pages_20260721_1901_geocoded.csv,390,Profession,known_ad_deferred,deferred
all_pages_20260721_1901_geocoded.csv,390,Profession,known_ad_deferred,deferred
all_pages_20260721_1901_geocoded.csv,390,Profession,known_ad_deferred,deferred
all_pages_20260721_1901_geocoded.csv,390,Profession,known_ad_deferred,deferred
all_pages_20260721_1901_geocoded.csv,390,Profession,known_ad_deferred,deferred
all_pages_20260721_1901_geocoded.csv,390,Profession,known_ad_deferred,deferred
all_pages_20260721_1901_geocoded.csv,390,Profession,known_ad_deferred,deferred
all_pages_20260721_1901_geocoded.csv,390,Profession,known_ad_deferred,deferred
all_pages_20260721_1901_geocoded.csv,390,Profession,known_ad_deferred,deferred
all_pages_20260721_1901_geocoded.csv,390,Profession,known_ad_deferred,deferred
all_pages_20260721_1901_geocoded.csv,390,Profession,known_ad_deferred,deferred
all_pages_20260721_1901_geocoded.csv,390,Profession,known_ad_deferred,deferred
all_pages_20260721_1901_geocoded.csv,390,Profession,known_ad_deferred,deferred
all_pages_20260721_1901_geocoded.csv,390,Profession,known_ad_deferred,deferred
all_pages_20260721_1901_geocoded.csv,390,Profession,known_ad_deferred,deferred
all_pages_20260721_1901_geocoded.csv,390,Profession,known_ad_deferred,deferred
all_pages_20260721_1901_geocoded.csv,390,Profession,known_ad_deferred,deferred
all_pages_20260721_1901_geocoded.csv,390,Profession,known_ad_deferred,deferred
all_pages_20260721_1901_geocoded.csv,390,Profession,known_ad_deferred,deferred
all_pages_20260721_1901_geocoded.csv,390,Profession,known_ad_deferred,deferred
all_pages_20260721_1901_geocoded.csv,390,Profession,known_ad_deferred,deferred
all_pages_20260721_1901_geocoded.csv,390,Profession,known_ad_deferred,deferred
all_pages_20260721_1901_geocoded.csv,390,Profession,known_ad_deferred,deferred
all_pages_20260721_1901_geocoded.csv,390,Profession,known_ad_deferred,deferred
all_pages_20260721_1901_geocoded.csv,390,Profession,known_ad_deferred,deferred
all_pages_20260721_1901_geocoded.csv,393,Profession,known_ad_deferred,deferred
all_pages_20260721_1901_geocoded.csv,393,Profession,known_ad_deferred,deferred
all_pages_20260721_1901_geocoded.csv,393,Profession,known_ad_deferred,deferred
all_pages_20260721_1901_geocoded.csv,393,Profession,known_ad_deferred,deferred
all_pages_20260721_1901_geocoded.csv,393,Profession,known_ad_deferred,deferred
all_pages_20260721_1901_geocoded.csv,393,Profession,known_ad_deferred,deferred
all_pages_20260721_1901_geocoded.csv,393,Profession,known_ad_deferred,deferred
all_pages_20260721_1901_geocoded.csv,393,Profession,known_ad_deferred,deferred
all_pages_20260721_1901_geocoded.csv,393,Profession,known_ad_deferred,deferred
all_pages_20260721_1901_geocoded.csv,393,Profession,known_ad_deferred,deferred
all_pages_20260721_1901_geocoded.csv,393,Profession,known_ad_deferred,deferred
all_pages_20260721_1901_geocoded.csv,393,Profession,known_ad_deferred,deferred
all_pages_20260721_1901_geocoded.csv,393,Profession,known_ad_deferred,deferred
all_pages_20260721_1901_geocoded.csv,393,Profession,known_ad_deferred,deferred
all_pages_20260721_1901_geocoded.csv,393,Profession,known_ad_deferred,deferred
all_pages_20260721_1901_geocoded.csv,393,Profession,known_ad_deferred,deferred
all_pages_20260721_1901_geocoded.csv,393,Profession,known_ad_deferred,deferred
all_pages_20260721_1901_geocoded.csv,393,Profession,known_ad_deferred,deferred
all_pages_20260721_1901_geocoded.csv,393,Profession,known_ad_deferred,deferred
all_pages_20260721_1901_geocoded.csv,393,Profession,known_ad_deferred,deferred
all_pages_20260721_1901_geocoded.csv,393,Profession,known_ad_deferred,deferred
all_pages_20260721_1901_geocoded.csv,393,Profession,known_ad_deferred,deferred
all_pages_20260721_1901_geocoded.csv,393,Profession,known_ad_deferred,deferred
all_pages_20260721_1901_geocoded.csv,393,Profession,known_ad_deferred,deferred
all_pages_20260721_1901_geocoded.csv,393,Profession,known_ad_deferred,deferred
all_pages_20260721_1901_geocoded.csv,393,Profession,known_ad_deferred,deferred
all_pages_20260721_1901_geocoded.csv,393,Profession,known_ad_deferred,deferred
all_pages_20260721_1901_geocoded.csv,393,Profession,known_ad_deferred,deferred
all_pages_20260721_1901_geocoded.csv,393,Profession,known_ad_deferred,deferred
all_pages_20260721_1901_geocoded.csv,393,Profession,known_ad_deferred,deferred
all_pages_20260721_1901_geocoded.csv,393,Profession,known_ad_deferred,deferred
all_pages_20260721_1901_geocoded.csv,393,Profession,known_ad_deferred,deferred
all_pages_20260721_1901_geocoded.csv,393,Profession,known_ad_deferred,deferred
all_pages_20260721_1901_geocoded.csv,393,Profession,known_ad_deferred,deferred
all_pages_20260721_1901_geocoded.csv,393,Profession,known_ad_deferred,deferred
all_pages_20260721_1901_geocoded.csv,393,Profession,known_ad_deferred,deferred
all_pages_20260721_1901_geocoded.csv,393,Profession,known_ad_deferred,deferred
all_pages_20260721_1901_geocoded.csv,393,Profession,known_ad_deferred,deferred
all_pages_20260721_1901_geocoded.csv,393,Profession,known_ad_deferred,deferred
all_pages_20260721_1901_geocoded.csv,393,Profession,known_ad_deferred,deferred
all_pages_20260721_1901_geocoded.csv,393,Profession,known_ad_deferred,deferred
all_pages_20260721_1901_geocoded.csv,393,Profession,known_ad_deferred,deferred
all_pages_20260721_1901_geocoded.csv,393,Profession,known_ad_deferred,deferred
all_pages_20260721_1901_geocoded.csv,393,Profession,known_ad_deferred,deferred
all_pages_20260721_1901_geocoded.csv,393,Profession,known_ad_deferred,deferred
all_pages_20260721_1901_geocoded.csv,393,Profession,known_ad_deferred,deferred
all_pages_20260721_1901_geocoded.csv,393,Profession,known_ad_deferred,deferred
all_pages_20260721_1901_geocoded.csv,393,Profession,known_ad_deferred,deferred
all_pages_20260721_1901_geocoded.csv,393,Profession,known_ad_deferred,deferred
all_pages_20260721_1901_geocoded.csv,393,Profession,known_ad_deferred,deferred
all_pages_20260721_1901_geocoded.csv,393,Profession,known_ad_deferred,deferred
all_pages_20260721_1901_geocoded.csv,393,Profession,known_ad_deferred,deferred
all_pages_20260721_1901_geocoded.csv,393,Profession,known_ad_deferred,deferred
all_pages_20260721_1901_geocoded.csv,393,Profession,known_ad_deferred,deferred
all_pages_20260721_1901_geocoded.csv,393,Profession,known_ad_deferred,deferred
all_pages_20260721_1901_geocoded.csv,393,Profession,known_ad_deferred,deferred
all_pages_20260721_1901_geocoded.csv,393,Profession,known_ad_deferred,deferred
all_pages_20260721_1901_geocoded.csv,393,Profession,known_ad_deferred,deferred
all_pages_20260721_1901_geocoded.csv,393,Profession,known_ad_deferred,deferred
all_pages_20260721_1901_geocoded.csv,393,Profession,known_ad_deferred,deferred
all_pages_20260721_1901_geocoded.csv,393,Profession,known_ad_deferred,deferred
all_pages_20260721_1901_geocoded.csv,393,Profession,known_ad_deferred,deferred
all_pages_20260721_1901_geocoded.csv,393,Profession,known_ad_deferred,deferred
all_pages_20260721_1901_geocoded.csv,393,Profession,known_ad_deferred,deferred
all_pages_20260721_1901_geocoded.csv,393,Profession,known_ad_deferred,deferred
all_pages_20260721_1901_geocoded.csv,393,Profession,known_ad_deferred,deferred
all_pages_20260721_1901_geocoded.csv,394,Profession,known_ad_deferred,deferred
all_pages_20260721_1901_geocoded.csv,394,Profession,known_ad_deferred,deferred
all_pages_20260721_1901_geocoded.csv,394,Profession,known_ad_deferred,deferred
all_pages_20260721_1901_geocoded.csv,394,Profession,known_ad_deferred,deferred
all_pages_20260721_1901_geocoded.csv,394,Profession,known_ad_deferred,deferred
all_pages_20260721_1901_geocoded.csv,394,Profession,known_ad_deferred,deferred
all_pages_20260721_1901_geocoded.csv,394,Profession,known_ad_deferred,deferred
all_pages_20260721_1901_geocoded.csv,394,Profession,known_ad_deferred,deferred
all_pages_20260721_1901_geocoded.csv,394,Profession,known_ad_deferred,deferred
all_pages_20260721_1901_geocoded.csv,394,Profession,known_ad_deferred,deferred
all_pages_20260721_1901_geocoded.csv,394,Profession,known_ad_deferred,deferred
all_pages_20260721_1901_geocoded.csv,394,Profession,known_ad_deferred,deferred
all_pages_20260721_1901_geocoded.csv,394,Profession,known_ad_deferred,deferred
all_pages_20260721_1901_geocoded.csv,394,Profession,known_ad_deferred,deferred
all_pages_20260721_1901_geocoded.csv,394,Profession,known_ad_deferred,deferred
all_pages_20260721_1901_geocoded.csv,394,Profession,known_ad_deferred,deferred
all_pages_20260721_1901_geocoded.csv,394,Profession,known_ad_deferred,deferred
all_pages_20260721_1901_geocoded.csv,394,Profession,known_ad_deferred,deferred
all_pages_20260721_1901_geocoded.csv,394,Profession,known_ad_deferred,deferred
all_pages_20260721_1901_geocoded.csv,394,Profession,known_ad_deferred,deferred
all_pages_20260721_1901_geocoded.csv,394,Profession,known_ad_deferred,deferred
all_pages_20260721_1901_geocoded.csv,394,Profession,known_ad_deferred,deferred
all_pages_20260721_1901_geocoded.csv,394,Profession,known_ad_deferred,deferred
all_pages_20260721_1901_geocoded.csv,394,Profession,known_ad_deferred,deferred
all_pages_20260721_1901_geocoded.csv,394,Profession,known_ad_deferred,deferred
all_pages_20260721_1901_geocoded.csv,394,Profession,known_ad_deferred,deferred
all_pages_20260721_1901_geocoded.csv,394,Profession,known_ad_deferred,deferred
all_pages_20260721_1901_geocoded.csv,394,Profession,known_ad_deferred,deferred
all_pages_20260721_1901_geocoded.csv,394,Profession,known_ad_deferred,deferred
all_pages_20260721_1901_geocoded.csv,394,Profession,known_ad_deferred,deferred
all_pages_20260721_1901_geocoded.csv,394,Profession,known_ad_deferred,deferred
all_pages_20260721_1901_geocoded.csv,394,Profession,known_ad_deferred,deferred
all_pages_20260721_1901_geocoded.csv,397,Profession,known_ad_deferred,deferred
all_pages_20260721_1901_geocoded.csv,397,Profession,known_ad_deferred,deferred
all_pages_20260721_1901_geocoded.csv,397,Profession,known_ad_deferred,deferred
all_pages_20260721_1901_geocoded.csv,397,Profession,known_ad_deferred,deferred
all_pages_20260721_1901_geocoded.csv,397,Profession,known_ad_deferred,deferred
all_pages_20260721_1901_geocoded.csv,397,Profession,known_ad_deferred,deferred
all_pages_20260721_1901_geocoded.csv,397,Profession,known_ad_deferred,deferred
all_pages_20260721_1901_geocoded.csv,397,Profession,known_ad_deferred,deferred
all_pages_20260721_1901_geocoded.csv,397,Profession,known_ad_deferred,deferred
all_pages_20260721_1901_geocoded.csv,397,Profession,known_ad_deferred,deferred
all_pages_20260721_1901_geocoded.csv,397,Profession,known_ad_deferred,deferred
all_pages_20260721_1901_geocoded.csv,397,Profession,known_ad_deferred,deferred
all_pages_20260721_1901_geocoded.csv,397,Profession,known_ad_deferred,deferred
all_pages_20260721_1901_geocoded.csv,397,Profession,known_ad_deferred,deferred
all_pages_20260721_1901_geocoded.csv,397,Profession,known_ad_deferred,deferred
all_pages_20260721_1901_geocoded.csv,397,Profession,known_ad_deferred,deferred
all_pages_20260721_1901_geocoded.csv,397,Profession,known_ad_deferred,deferred
all_pages_20260721_1901_geocoded.csv,397,Profession,known_ad_deferred,deferred
all_pages_20260721_1901_geocoded.csv,397,Profession,known_ad_deferred,deferred
all_pages_20260721_1901_geocoded.csv,397,Profession,known_ad_deferred,deferred
all_pages_20260721_1901_geocoded.csv,397,Profession,known_ad_deferred,deferred
all_pages_20260721_1901_geocoded.csv,397,Profession,known_ad_deferred,deferred
all_pages_20260721_1901_geocoded.csv,397,Profession,known_ad_deferred,deferred
all_pages_20260721_1901_geocoded.csv,397,Profession,known_ad_deferred,deferred
all_pages_20260721_1901_geocoded.csv,397,Profession,known_ad_deferred,deferred
all_pages_20260721_1901_geocoded.csv,397,Profession,known_ad_deferred,deferred
all_pages_20260721_1901_geocoded.csv,397,Profession,known_ad_deferred,deferred
all_pages_20260721_1901_geocoded.csv,397,Profession,known_ad_deferred,deferred
all_pages_20260721_1901_geocoded.csv,397,Profession,known_ad_deferred,deferred
all_pages_20260721_1901_geocoded.csv,397,Profession,known_ad_deferred,deferred
all_pages_20260721_1901_geocoded.csv,397,Profession,known_ad_deferred,deferred
all_pages_20260721_1901_geocoded.csv,397,Profession,known_ad_deferred,deferred
all_pages_20260721_1901_geocoded.csv,398,Profession,known_ad_deferred,deferred
all_pages_20260721_1901_geocoded.csv,398,Profession,known_ad_deferred,deferred
all_pages_20260721_1901_geocoded.csv,398,Profession,known_ad_deferred,deferred
all_pages_20260721_1901_geocoded.csv,398,Profession,known_ad_deferred,deferred
all_pages_20260721_1901_geocoded.csv,398,Profession,known_ad_deferred,deferred
all_pages_20260721_1901_geocoded.csv,398,Profession,known_ad_deferred,deferred
all_pages_20260721_1901_geocoded.csv,398,Profession,known_ad_deferred,deferred
all_pages_20260721_1901_geocoded.csv,398,Profession,known_ad_deferred,deferred
all_pages_20260721_1901_geocoded.csv,398,Profession,known_ad_deferred,deferred
all_pages_20260721_1901_geocoded.csv,398,Profession,known_ad_deferred,deferred
all_pages_20260721_1901_geocoded.csv,398,Profession,known_ad_deferred,deferred
all_pages_20260721_1901_geocoded.csv,398,Profession,known_ad_deferred,deferred
all_pages_20260721_1901_geocoded.csv,398,Profession,known_ad_deferred,deferred
all_pages_20260721_1901_geocoded.csv,398,Profession,known_ad_deferred,deferred
all_pages_20260721_1901_geocoded.csv,398,Profession,known_ad_deferred,deferred
all_pages_20260721_1901_geocoded.csv,398,Profession,known_ad_deferred,deferred
all_pages_20260721_1901_geocoded.csv,398,Profession,known_ad_deferred,deferred
all_pages_20260721_1901_geocoded.csv,398,Profession,known_ad_deferred,deferred
all_pages_20260721_1901_geocoded.csv,398,Profession,known_ad_deferred,deferred
all_pages_20260721_1901_geocoded.csv,398,Profession,known_ad_deferred,deferred
all_pages_20260721_1901_geocoded.csv,398,Profession,known_ad_deferred,deferred
all_pages_20260721_1901_geocoded.csv,398,Profession,known_ad_deferred,deferred
all_pages_20260721_1901_geocoded.csv,398,Profession,known_ad_deferred,deferred
all_pages_20260721_1901_geocoded.csv,398,Profession,known_ad_deferred,deferred
all_pages_20260721_1901_geocoded.csv,398,Profession,known_ad_deferred,deferred
all_pages_20260721_1901_geocoded.csv,398,Profession,known_ad_deferred,deferred
all_pages_20260721_1901_geocoded.csv,398,Profession,known_ad_deferred,deferred
all_pages_20260721_1901_geocoded.csv,400,Profession,known_ad_deferred,deferred
all_pages_20260721_1901_geocoded.csv,400,Profession,known_ad_deferred,deferred
all_pages_20260721_1901_geocoded.csv,400,Profession,known_ad_deferred,deferred
all_pages_20260721_1901_geocoded.csv,400,Profession,known_ad_deferred,deferred
all_pages_20260721_1901_geocoded.csv,400,Profession,known_ad_deferred,deferred
all_pages_20260721_1901_geocoded.csv,400,Profession,known_ad_deferred,deferred
all_pages_20260721_1901_geocoded.csv,400,Profession,known_ad_deferred,deferred
all_pages_20260721_1901_geocoded.csv,400,Profession,known_ad_deferred,deferred
all_pages_20260721_1901_geocoded.csv,400,Profession,known_ad_deferred,deferred
all_pages_20260721_1901_geocoded.csv,400,Profession,known_ad_deferred,deferred
all_pages_20260721_1901_geocoded.csv,400,Profession,known_ad_deferred,deferred
all_pages_20260721_1901_geocoded.csv,400,Profession,known_ad_deferred,deferred
all_pages_20260721_1901_geocoded.csv,400,Profession,known_ad_deferred,deferred
all_pages_20260721_1901_geocoded.csv,400,Profession,known_ad_deferred,deferred
all_pages_20260721_1901_geocoded.csv,400,Profession,known_ad_deferred,deferred
all_pages_20260721_1901_geocoded.csv,400,Profession,known_ad_deferred,deferred
all_pages_20260721_1901_geocoded.csv,400,Profession,known_ad_deferred,deferred
all_pages_20260721_1901_geocoded.csv,400,Profession,known_ad_deferred,deferred
all_pages_20260721_1901_geocoded.csv,400,Profession,known_ad_deferred,deferred
all_pages_20260721_1901_geocoded.csv,400,Profession,known_ad_deferred,deferred
all_pages_20260721_1901_geocoded.csv,400,Profession,known_ad_deferred,deferred
all_pages_20260721_1901_geocoded.csv,400,Profession,known_ad_deferred,deferred
all_pages_20260721_1901_geocoded.csv,400,Profession,known_ad_deferred,deferred
all_pages_20260721_1901_geocoded.csv,400,Profession,known_ad_deferred,deferred
all_pages_20260721_1901_geocoded.csv,400,Profession,known_ad_deferred,deferred
all_pages_20260721_1901_geocoded.csv,400,Profession,known_ad_deferred,deferred
all_pages_20260721_1901_geocoded.csv,400,Profession,known_ad_deferred,deferred
all_pages_20260721_1901_geocoded.csv,400,Profession,known_ad_deferred,deferred
all_pages_20260721_1901_geocoded.csv,400,Profession,known_ad_deferred,deferred
all_pages_20260721_1901_geocoded.csv,400,Profession,known_ad_deferred,deferred
all_pages_20260721_1901_geocoded.csv,400,Profession,known_ad_deferred,deferred
all_pages_20260721_1901_geocoded.csv,402,Profession,known_ad_deferred,deferred
all_pages_20260721_1901_geocoded.csv,402,Profession,known_ad_deferred,deferred
all_pages_20260721_1901_geocoded.csv,402,Profession,known_ad_deferred,deferred
all_pages_20260721_1901_geocoded.csv,402,Profession,known_ad_deferred,deferred
all_pages_20260721_1901_geocoded.csv,402,Profession,known_ad_deferred,deferred
all_pages_20260721_1901_geocoded.csv,402,Profession,known_ad_deferred,deferred
all_pages_20260721_1901_geocoded.csv,402,Profession,known_ad_deferred,deferred
all_pages_20260721_1901_geocoded.csv,402,Profession,known_ad_deferred,deferred
all_pages_20260721_1901_geocoded.csv,402,Profession,known_ad_deferred,deferred
all_pages_20260721_1901_geocoded.csv,402,Profession,known_ad_deferred,deferred
all_pages_20260721_1901_geocoded.csv,402,Profession,known_ad_deferred,deferred
all_pages_20260721_1901_geocoded.csv,402,Profession,known_ad_deferred,deferred
all_pages_20260721_1901_geocoded.csv,402,Profession,known_ad_deferred,deferred
all_pages_20260721_1901_geocoded.csv,402,Profession,known_ad_deferred,deferred
all_pages_20260721_1901_geocoded.csv,402,Profession,known_ad_deferred,deferred
all_pages_20260721_1901_geocoded.csv,402,Profession,known_ad_deferred,deferred
all_pages_20260721_1901_geocoded.csv,402,Profession,known_ad_deferred,deferred
all_pages_20260721_1901_geocoded.csv,402,Profession,known_ad_deferred,deferred
all_pages_20260721_1901_geocoded.csv,402,Profession,known_ad_deferred,deferred
all_pages_20260721_1901_geocoded.csv,402,Profession,known_ad_deferred,deferred
all_pages_20260721_1901_geocoded.csv,402,Profession,known_ad_deferred,deferred
all_pages_20260721_1901_geocoded.csv,402,Profession,known_ad_deferred,deferred
all_pages_20260721_1901_geocoded.csv,402,Profession,known_ad_deferred,deferred
all_pages_20260721_1901_geocoded.csv,402,Profession,known_ad_deferred,deferred
all_pages_20260721_1901_geocoded.csv,402,Profession,known_ad_deferred,deferred
all_pages_20260721_1901_geocoded.csv,402,Profession,known_ad_deferred,deferred
all_pages_20260721_1901_geocoded.csv,402,Profession,known_ad_deferred,deferred
all_pages_20260721_1901_geocoded.csv,402,Profession,known_ad_deferred,deferred
all_pages_20260721_1901_geocoded.csv,402,Profession,known_ad_deferred,deferred
all_pages_20260721_1901_geocoded.csv,402,Profession,known_ad_deferred,deferred
all_pages_20260721_1901_geocoded.csv,402,Profession,known_ad_deferred,deferred
all_pages_20260721_1901_geocoded.csv,402,Profession,known_ad_deferred,deferred
all_pages_20260721_1901_geocoded.csv,402,Profession,known_ad_deferred,deferred
all_pages_20260721_1901_geocoded.csv,402,Profession,known_ad_deferred,deferred
all_pages_20260721_1901_geocoded.csv,402,Profession,known_ad_deferred,deferred
all_pages_20260721_1901_geocoded.csv,402,Profession,known_ad_deferred,deferred
all_pages_20260721_1901_geocoded.csv,402,Profession,known_ad_deferred,deferred
all_pages_20260721_1901_geocoded.csv,402,Profession,known_ad_deferred,deferred
all_pages_20260721_1901_geocoded.csv,402,Profession,known_ad_deferred,deferred
all_pages_20260721_1901_geocoded.csv,402,Profession,known_ad_deferred,deferred
all_pages_20260721_1901_geocoded.csv,402,Profession,known_ad_deferred,deferred
all_pages_20260721_1901_geocoded.csv,402,Profession,known_ad_deferred,deferred
all_pages_20260721_1901_geocoded.csv,402,Profession,known_ad_deferred,deferred
all_pages_20260721_1901_geocoded.csv,402,Profession,known_ad_deferred,deferred
all_pages_20260721_1901_geocoded.csv,402,Profession,known_ad_deferred,deferred
all_pages_20260721_1901_geocoded.csv,402,Profession,known_ad_deferred,deferred
all_pages_20260721_1901_geocoded.csv,402,Profession,known_ad_deferred,deferred
all_pages_20260721_1901_geocoded.csv,402,Profession,known_ad_deferred,deferred
all_pages_20260721_1901_geocoded.csv,402,Profession,known_ad_deferred,deferred
all_pages_20260721_1901_geocoded.csv,402,Profession,known_ad_deferred,deferred
all_pages_20260721_1901_geocoded.csv,403,Profession,known_ad_deferred,deferred
all_pages_20260721_1901_geocoded.csv,403,Profession,known_ad_deferred,deferred
all_pages_20260721_1901_geocoded.csv,403,Profession,known_ad_deferred,deferred
all_pages_20260721_1901_geocoded.csv,403,Profession,known_ad_deferred,deferred
all_pages_20260721_1901_geocoded.csv,403,Profession,known_ad_deferred,deferred
all_pages_20260721_1901_geocoded.csv,403,Profession,known_ad_deferred,deferred
all_pages_20260721_1901_geocoded.csv,403,Profession,known_ad_deferred,deferred
all_pages_20260721_1901_geocoded.csv,403,Profession,known_ad_deferred,deferred
all_pages_20260721_1901_geocoded.csv,403,Profession,known_ad_deferred,deferred
all_pages_20260721_1901_geocoded.csv,403,Profession,known_ad_deferred,deferred
all_pages_20260721_1901_geocoded.csv,403,Profession,known_ad_deferred,deferred
all_pages_20260721_1901_geocoded.csv,403,Profession,known_ad_deferred,deferred
all_pages_20260721_1901_geocoded.csv,403,Profession,known_ad_deferred,deferred
all_pages_20260721_1901_geocoded.csv,403,Profession,known_ad_deferred,deferred
all_pages_20260721_1901_geocoded.csv,403,Profession,known_ad_deferred,deferred
all_pages_20260721_1901_geocoded.csv,403,Profession,known_ad_deferred,deferred
all_pages_20260721_1901_geocoded.csv,403,Profession,known_ad_deferred,deferred
all_pages_20260721_1901_geocoded.csv,403,Profession,known_ad_deferred,deferred
all_pages_20260721_1901_geocoded.csv,403,Profession,known_ad_deferred,deferred
all_pages_20260721_1901_geocoded.csv,403,Profession,known_ad_deferred,deferred
all_pages_20260721_1901_geocoded.csv,403,Profession,known_ad_deferred,deferred
all_pages_20260721_1901_geocoded.csv,403,Profession,known_ad_deferred,deferred
all_pages_20260721_1901_geocoded.csv,403,Profession,known_ad_deferred,deferred
all_pages_20260721_1901_geocoded.csv,403,Profession,known_ad_deferred,deferred
all_pages_20260721_1901_geocoded.csv,403,Profession,known_ad_deferred,deferred
all_pages_20260721_1901_geocoded.csv,403,Profession,known_ad_deferred,deferred
all_pages_20260721_1901_geocoded.csv,403,Profession,known_ad_deferred,deferred
all_pages_20260721_1901_geocoded.csv,403,Profession,known_ad_deferred,deferred
all_pages_20260721_1901_geocoded.csv,403,Profession,known_ad_deferred,deferred
all_pages_20260721_1901_geocoded.csv,403,Profession,known_ad_deferred,deferred
all_pages_20260721_1901_geocoded.csv,403,Profession,known_ad_deferred,deferred
all_pages_20260721_1901_geocoded.csv,403,Profession,known_ad_deferred,deferred
all_pages_20260721_1901_geocoded.csv,404,Profession,known_ad_deferred,deferred
all_pages_20260721_1901_geocoded.csv,404,Profession,known_ad_deferred,deferred
all_pages_20260721_1901_geocoded.csv,404,Profession,known_ad_deferred,deferred
all_pages_20260721_1901_geocoded.csv,404,Profession,known_ad_deferred,deferred
all_pages_20260721_1901_geocoded.csv,404,Profession,known_ad_deferred,deferred
all_pages_20260721_1901_geocoded.csv,404,Profession,known_ad_deferred,deferred
all_pages_20260721_1901_geocoded.csv,404,Profession,known_ad_deferred,deferred
all_pages_20260721_1901_geocoded.csv,404,Profession,known_ad_deferred,deferred
all_pages_20260721_1901_geocoded.csv,404,Profession,known_ad_deferred,deferred
all_pages_20260721_1901_geocoded.csv,404,Profession,known_ad_deferred,deferred
all_pages_20260721_1901_geocoded.csv,404,Profession,known_ad_deferred,deferred
all_pages_20260721_1901_geocoded.csv,404,Profession,known_ad_deferred,deferred
all_pages_20260721_1901_geocoded.csv,404,Profession,known_ad_deferred,deferred
all_pages_20260721_1901_geocoded.csv,404,Profession,known_ad_deferred,deferred
all_pages_20260721_1901_geocoded.csv,404,Profession,known_ad_deferred,deferred
all_pages_20260721_1901_geocoded.csv,404,Profession,known_ad_deferred,deferred
all_pages_20260721_1901_geocoded.csv,404,Profession,known_ad_deferred,deferred
all_pages_20260721_1901_geocoded.csv,404,Profession,known_ad_deferred,deferred
all_pages_20260721_1901_geocoded.csv,404,Profession,known_ad_deferred,deferred
all_pages_20260721_1901_geocoded.csv,404,Profession,known_ad_deferred,deferred
all_pages_20260721_1901_geocoded.csv,404,Profession,known_ad_deferred,deferred
all_pages_20260721_1901_geocoded.csv,404,Profession,known_ad_deferred,deferred
all_pages_20260721_1901_geocoded.csv,404,Profession,known_ad_deferred,deferred
all_pages_20260721_1901_geocoded.csv,404,Profession,known_ad_deferred,deferred
all_pages_20260721_1901_geocoded.csv,404,Profession,known_ad_deferred,deferred
all_pages_20260721_1901_geocoded.csv,404,Profession,known_ad_deferred,deferred
all_pages_20260721_1901_geocoded.csv,404,Profession,known_ad_deferred,deferred
all_pages_20260721_1901_geocoded.csv,404,Profession,known_ad_deferred,deferred
all_pages_20260721_1901_geocoded.csv,404,Profession,known_ad_deferred,deferred
all_pages_20260721_1901_geocoded.csv,404,Profession,known_ad_deferred,deferred
all_pages_20260721_1901_geocoded.csv,404,Profession,known_ad_deferred,deferred
all_pages_20260721_1901_geocoded.csv,404,Profession,known_ad_deferred,deferred
all_pages_20260721_1901_geocoded.csv,404,Profession,known_ad_deferred,deferred
all_pages_20260721_1901_geocoded.csv,404,Profession,known_ad_deferred,deferred
all_pages_20260721_1901_geocoded.csv,404,Profession,known_ad_deferred,deferred
all_pages_20260721_1901_geocoded.csv,404,Profession,known_ad_deferred,deferred
all_pages_20260721_1901_geocoded.csv,404,Profession,known_ad_deferred,deferred
all_pages_20260721_1901_geocoded.csv,404,Profession,known_ad_deferred,deferred
all_pages_20260721_1901_geocoded.csv,404,Profession,known_ad_deferred,deferred
all_pages_20260721_1901_geocoded.csv,404,Profession,known_ad_deferred,deferred
all_pages_20260721_1901_geocoded.csv,404,Profession,known_ad_deferred,deferred
all_pages_20260721_1901_geocoded.csv,404,Profession,known_ad_deferred,deferred
all_pages_20260721_1901_geocoded.csv,404,Profession,known_ad_deferred,deferred
all_pages_20260721_1901_geocoded.csv,405,Profession,known_ad_deferred,deferred
all_pages_20260721_1901_geocoded.csv,405,Profession,known_ad_deferred,deferred
all_pages_20260721_1901_geocoded.csv,405,Profession,known_ad_deferred,deferred
all_pages_20260721_1901_geocoded.csv,405,Profession,known_ad_deferred,deferred
all_pages_20260721_1901_geocoded.csv,405,Profession,known_ad_deferred,deferred
all_pages_20260721_1901_geocoded.csv,405,Profession,known_ad_deferred,deferred
all_pages_20260721_1901_geocoded.csv,405,Profession,known_ad_deferred,deferred
all_pages_20260721_1901_geocoded.csv,405,Profession,known_ad_deferred,deferred
all_pages_20260721_1901_geocoded.csv,405,Profession,known_ad_deferred,deferred
all_pages_20260721_1901_geocoded.csv,405,Profession,known_ad_deferred,deferred
all_pages_20260721_1901_geocoded.csv,405,Profession,known_ad_deferred,deferred
all_pages_20260721_1901_geocoded.csv,405,Profession,known_ad_deferred,deferred
all_pages_20260721_1901_geocoded.csv,405,Profession,known_ad_deferred,deferred
all_pages_20260721_1901_geocoded.csv,405,Profession,known_ad_deferred,deferred
all_pages_20260721_1901_geocoded.csv,405,Profession,known_ad_deferred,deferred
all_pages_20260721_1901_geocoded.csv,405,Profession,known_ad_deferred,deferred
all_pages_20260721_1901_geocoded.csv,405,Profession,known_ad_deferred,deferred
all_pages_20260721_1901_geocoded.csv,405,Profession,known_ad_deferred,deferred
all_pages_20260721_1901_geocoded.csv,405,Profession,known_ad_deferred,deferred
all_pages_20260721_1901_geocoded.csv,405,Profession,known_ad_deferred,deferred
all_pages_20260721_1901_geocoded.csv,405,Profession,known_ad_deferred,deferred
all_pages_20260721_1901_geocoded.csv,405,Profession,known_ad_deferred,deferred
all_pages_20260721_1901_geocoded.csv,405,Profession,known_ad_deferred,deferred
all_pages_20260721_1901_geocoded.csv,405,Profession,known_ad_deferred,deferred
all_pages_20260721_1901_geocoded.csv,405,Profession,known_ad_deferred,deferred
all_pages_20260721_1901_geocoded.csv,405,Profession,known_ad_deferred,deferred
all_pages_20260721_1901_geocoded.csv,405,Profession,known_ad_deferred,deferred
all_pages_20260721_1901_geocoded.csv,405,Profession,known_ad_deferred,deferred
all_pages_20260721_1901_geocoded.csv,405,Profession,known_ad_deferred,deferred
all_pages_20260721_1901_geocoded.csv,405,Profession,known_ad_deferred,deferred
all_pages_20260721_1901_geocoded.csv,405,Profession,known_ad_deferred,deferred
all_pages_20260721_1901_geocoded.csv,405,Profession,known_ad_deferred,deferred
all_pages_20260721_1901_geocoded.csv,405,Profession,known_ad_deferred,deferred
all_pages_20260721_1901_geocoded.csv,405,Profession,known_ad_deferred,deferred
all_pages_20260721_1901_ambiguous.csv,359,Profession,known_ad_deferred,deferred
all_pages_20260721_1901_ambiguous.csv,359,Profession,known_ad_deferred,deferred
all_pages_20260721_1901_ambiguous.csv,359,Profession,known_ad_deferred,deferred
all_pages_20260721_1901_ambiguous.csv,359,Profession,known_ad_deferred,deferred
all_pages_20260721_1901_ambiguous.csv,359,Profession,known_ad_deferred,deferred
all_pages_20260721_1901_ambiguous.csv,359,Profession,known_ad_deferred,deferred
all_pages_20260721_1901_ambiguous.csv,359,Profession,known_ad_deferred,deferred
all_pages_20260721_1901_ambiguous.csv,359,Profession,known_ad_deferred,deferred
all_pages_20260721_1901_ambiguous.csv,359,Profession,known_ad_deferred,deferred
all_pages_20260721_1901_ambiguous.csv,359,Profession,known_ad_deferred,deferred
all_pages_20260721_1901_ambiguous.csv,359,Profession,known_ad_deferred,deferred
all_pages_20260721_1901_ambiguous.csv,360,Profession,known_ad_deferred,deferred
all_pages_20260721_1901_ambiguous.csv,360,Profession,known_ad_deferred,deferred
all_pages_20260721_1901_ambiguous.csv,360,Profession,known_ad_deferred,deferred
all_pages_20260721_1901_ambiguous.csv,360,Profession,known_ad_deferred,deferred
all_pages_20260721_1901_ambiguous.csv,360,Profession,known_ad_deferred,deferred
all_pages_20260721_1901_ambiguous.csv,360,Profession,known_ad_deferred,deferred
all_pages_20260721_1901_ambiguous.csv,360,Profession,known_ad_deferred,deferred
all_pages_20260721_1901_ambiguous.csv,361,Profession,known_ad_deferred,deferred
all_pages_20260721_1901_ambiguous.csv,361,Profession,known_ad_deferred,deferred
all_pages_20260721_1901_ambiguous.csv,361,Profession,known_ad_deferred,deferred
all_pages_20260721_1901_ambiguous.csv,361,Profession,known_ad_deferred,deferred
all_pages_20260721_1901_ambiguous.csv,361,Profession,known_ad_deferred,deferred
all_pages_20260721_1901_ambiguous.csv,361,Profession,known_ad_deferred,deferred
all_pages_20260721_1901_ambiguous.csv,362,Profession,known_ad_deferred,deferred
all_pages_20260721_1901_ambiguous.csv,362,Profession,known_ad_deferred,deferred
all_pages_20260721_1901_ambiguous.csv,362,Profession,known_ad_deferred,deferred
all_pages_20260721_1901_ambiguous.csv,362,Profession,known_ad_deferred,deferred
all_pages_20260721_1901_ambiguous.csv,362,Profession,known_ad_deferred,deferred
all_pages_20260721_1901_ambiguous.csv,362,Profession,known_ad_deferred,deferred
all_pages_20260721_1901_ambiguous.csv,362,Profession,known_ad_deferred,deferred
all_pages_20260721_1901_ambiguous.csv,362,Profession,known_ad_deferred,deferred
all_pages_20260721_1901_ambiguous.csv,362,Profession,known_ad_deferred,deferred
all_pages_20260721_1901_ambiguous.csv,362,Profession,known_ad_deferred,deferred
all_pages_20260721_1901_ambiguous.csv,362,Profession,known_ad_deferred,deferred
all_pages_20260721_1901_ambiguous.csv,363,Profession,known_ad_deferred,deferred
all_pages_20260721_1901_ambiguous.csv,363,Profession,known_ad_deferred,deferred
all_pages_20260721_1901_ambiguous.csv,363,Profession,known_ad_deferred,deferred
all_pages_20260721_1901_ambiguous.csv,363,Profession,known_ad_deferred,deferred
all_pages_20260721_1901_ambiguous.csv,363,Profession,known_ad_deferred,deferred
all_pages_20260721_1901_ambiguous.csv,363,Profession,known_ad_deferred,deferred
all_pages_20260721_1901_ambiguous.csv,363,Profession,known_ad_deferred,deferred
all_pages_20260721_1901_ambiguous.csv,363,Profession,known_ad_deferred,deferred
all_pages_20260721_1901_ambiguous.csv,363,Profession,known_ad_deferred,deferred
all_pages_20260721_1901_ambiguous.csv,363,Profession,known_ad_deferred,deferred
all_pages_20260721_1901_ambiguous.csv,385,Profession,known_ad_deferred,deferred
all_pages_20260721_1901_ambiguous.csv,385,Profession,known_ad_deferred,deferred
all_pages_20260721_1901_ambiguous.csv,385,Profession,known_ad_deferred,deferred
all_pages_20260721_1901_ambiguous.csv,385,Profession,known_ad_deferred,deferred
all_pages_20260721_1901_ambiguous.csv,385,Profession,known_ad_deferred,deferred
all_pages_20260721_1901_ambiguous.csv,385,Profession,known_ad_deferred,deferred
all_pages_20260721_1901_ambiguous.csv,385,Profession,known_ad_deferred,deferred
all_pages_20260721_1901_ambiguous.csv,385,Profession,known_ad_deferred,deferred
all_pages_20260721_1901_ambiguous.csv,385,Profession,known_ad_deferred,deferred
all_pages_20260721_1901_ambiguous.csv,385,Profession,known_ad_deferred,deferred
all_pages_20260721_1901_ambiguous.csv,386,Profession,known_ad_deferred,deferred
all_pages_20260721_1901_ambiguous.csv,386,Profession,known_ad_deferred,deferred
all_pages_20260721_1901_ambiguous.csv,386,Profession,known_ad_deferred,deferred
all_pages_20260721_1901_ambiguous.csv,386,Profession,known_ad_deferred,deferred
all_pages_20260721_1901_ambiguous.csv,386,Profession,known_ad_deferred,deferred
all_pages_20260721_1901_ambiguous.csv,387,Profession,known_ad_deferred,deferred
all_pages_20260721_1901_ambiguous.csv,387,Profession,known_ad_deferred,deferred
all_pages_20260721_1901_ambiguous.csv,387,Profession,known_ad_deferred,deferred
all_pages_20260721_1901_ambiguous.csv,387,Profession,known_ad_deferred,deferred
all_pages_20260721_1901_ambiguous.csv,387,Profession,known_ad_deferred,deferred
all_pages_20260721_1901_ambiguous.csv,387,Profession,known_ad_deferred,deferred
all_pages_20260721_1901_ambiguous.csv,387,Profession,known_ad_deferred,deferred
all_pages_20260721_1901_ambiguous.csv,387,Profession,known_ad_deferred,deferred
all_pages_20260721_1901_ambiguous.csv,387,Profession,known_ad_deferred,deferred
all_pages_20260721_1901_ambiguous.csv,388,Profession,known_ad_deferred,deferred
all_pages_20260721_1901_ambiguous.csv,388,Profession,known_ad_deferred,deferred
all_pages_20260721_1901_ambiguous.csv,388,Profession,known_ad_deferred,deferred
all_pages_20260721_1901_ambiguous.csv,388,Profession,known_ad_deferred,deferred
all_pages_20260721_1901_ambiguous.csv,388,Profession,known_ad_deferred,deferred
all_pages_20260721_1901_ambiguous.csv,388,Profession,known_ad_deferred,deferred
all_pages_20260721_1901_ambiguous.csv,388,Profession,known_ad_deferred,deferred
all_pages_20260721_1901_ambiguous.csv,388,Profession,known_ad_deferred,deferred
all_pages_20260721_1901_ambiguous.csv,388,Profession,known_ad_deferred,deferred
all_pages_20260721_1901_ambiguous.csv,388,Profession,known_ad_deferred,deferred
all_pages_20260721_1901_ambiguous.csv,390,Profession,known_ad_deferred,deferred
all_pages_20260721_1901_ambiguous.csv,390,Profession,known_ad_deferred,deferred
all_pages_20260721_1901_ambiguous.csv,390,Profession,known_ad_deferred,deferred
all_pages_20260721_1901_ambiguous.csv,390,Profession,known_ad_deferred,deferred
all_pages_20260721_1901_ambiguous.csv,390,Profession,known_ad_deferred,deferred
all_pages_20260721_1901_ambiguous.csv,390,Profession,known_ad_deferred,deferred
all_pages_20260721_1901_ambiguous.csv,390,Profession,known_ad_deferred,deferred
all_pages_20260721_1901_ambiguous.csv,390,Profession,known_ad_deferred,deferred
all_pages_20260721_1901_ambiguous.csv,390,Profession,known_ad_deferred,deferred
all_pages_20260721_1901_ambiguous.csv,390,Profession,known_ad_deferred,deferred
all_pages_20260721_1901_ambiguous.csv,390,Profession,known_ad_deferred,deferred
all_pages_20260721_1901_ambiguous.csv,390,Profession,known_ad_deferred,deferred
all_pages_20260721_1901_ambiguous.csv,390,Profession,known_ad_deferred,deferred
all_pages_20260721_1901_ambiguous.csv,394,Profession,known_ad_deferred,deferred
all_pages_20260721_1901_ambiguous.csv,394,Profession,known_ad_deferred,deferred
all_pages_20260721_1901_ambiguous.csv,394,Profession,known_ad_deferred,deferred
all_pages_20260721_1901_ambiguous.csv,394,Profession,known_ad_deferred,deferred
all_pages_20260721_1901_ambiguous.csv,394,Profession,known_ad_deferred,deferred
all_pages_20260721_1901_ambiguous.csv,394,Profession,known_ad_deferred,deferred
all_pages_20260721_1901_ambiguous.csv,394,Profession,known_ad_deferred,deferred
all_pages_20260721_1901_ambiguous.csv,394,Profession,known_ad_deferred,deferred
all_pages_20260721_1901_ambiguous.csv,394,Profession,known_ad_deferred,deferred
all_pages_20260721_1901_ambiguous.csv,394,Profession,known_ad_deferred,deferred
all_pages_20260721_1901_ambiguous.csv,394,Profession,known_ad_deferred,deferred
all_pages_20260721_1901_ambiguous.csv,397,Profession,known_ad_deferred,deferred
all_pages_20260721_1901_ambiguous.csv,397,Profession,known_ad_deferred,deferred
all_pages_20260721_1901_ambiguous.csv,397,Profession,known_ad_deferred,deferred
all_pages_20260721_1901_ambiguous.csv,397,Profession,known_ad_deferred,deferred
all_pages_20260721_1901_ambiguous.csv,397,Profession,known_ad_deferred,deferred
all_pages_20260721_1901_ambiguous.csv,397,Profession,known_ad_deferred,deferred
all_pages_20260721_1901_ambiguous.csv,397,Profession,known_ad_deferred,deferred
all_pages_20260721_1901_ambiguous.csv,397,Profession,known_ad_deferred,deferred
all_pages_20260721_1901_ambiguous.csv,397,Profession,known_ad_deferred,deferred
all_pages_20260721_1901_ambiguous.csv,397,Profession,known_ad_deferred,deferred
all_pages_20260721_1901_ambiguous.csv,397,Profession,known_ad_deferred,deferred
all_pages_20260721_1901_ambiguous.csv,398,Profession,known_ad_deferred,deferred
all_pages_20260721_1901_ambiguous.csv,398,Profession,known_ad_deferred,deferred
all_pages_20260721_1901_ambiguous.csv,398,Profession,known_ad_deferred,deferred
all_pages_20260721_1901_ambiguous.csv,398,Profession,known_ad_deferred,deferred
all_pages_20260721_1901_ambiguous.csv,400,Profession,known_ad_deferred,deferred
all_pages_20260721_1901_ambiguous.csv,400,Profession,known_ad_deferred,deferred
all_pages_20260721_1901_ambiguous.csv,400,Profession,known_ad_deferred,deferred
all_pages_20260721_1901_ambiguous.csv,400,Profession,known_ad_deferred,deferred
all_pages_20260721_1901_ambiguous.csv,400,Profession,known_ad_deferred,deferred
all_pages_20260721_1901_ambiguous.csv,400,Profession,known_ad_deferred,deferred
all_pages_20260721_1901_ambiguous.csv,400,Profession,known_ad_deferred,deferred
all_pages_20260721_1901_ambiguous.csv,400,Profession,known_ad_deferred,deferred
all_pages_20260721_1901_ambiguous.csv,400,Profession,known_ad_deferred,deferred
all_pages_20260721_1901_ambiguous.csv,400,Profession,known_ad_deferred,deferred
all_pages_20260721_1901_ambiguous.csv,400,Profession,known_ad_deferred,deferred
all_pages_20260721_1901_ambiguous.csv,400,Profession,known_ad_deferred,deferred
all_pages_20260721_1901_ambiguous.csv,400,Profession,known_ad_deferred,deferred
all_pages_20260721_1901_ambiguous.csv,402,Profession,known_ad_deferred,deferred
all_pages_20260721_1901_ambiguous.csv,402,Profession,known_ad_deferred,deferred
all_pages_20260721_1901_ambiguous.csv,402,Profession,known_ad_deferred,deferred
all_pages_20260721_1901_ambiguous.csv,402,Profession,known_ad_deferred,deferred
all_pages_20260721_1901_ambiguous.csv,402,Profession,known_ad_deferred,deferred
all_pages_20260721_1901_ambiguous.csv,402,Profession,known_ad_deferred,deferred
all_pages_20260721_1901_ambiguous.csv,402,Profession,known_ad_deferred,deferred
all_pages_20260721_1901_ambiguous.csv,402,Profession,known_ad_deferred,deferred
all_pages_20260721_1901_ambiguous.csv,402,Profession,known_ad_deferred,deferred
all_pages_20260721_1901_ambiguous.csv,402,Profession,known_ad_deferred,deferred
all_pages_20260721_1901_ambiguous.csv,402,Profession,known_ad_deferred,deferred
all_pages_20260721_1901_ambiguous.csv,402,Profession,known_ad_deferred,deferred
all_pages_20260721_1901_ambiguous.csv,402,Profession,known_ad_deferred,deferred
all_pages_20260721_1901_ambiguous.csv,402,Profession,known_ad_deferred,deferred
all_pages_20260721_1901_ambiguous.csv,402,Profession,known_ad_deferred,deferred
all_pages_20260721_1901_ambiguous.csv,402,Profession,known_ad_deferred,deferred
all_pages_20260721_1901_ambiguous.csv,402,Profession,known_ad_deferred,deferred
all_pages_20260721_1901_ambiguous.csv,402,Profession,known_ad_deferred,deferred
all_pages_20260721_1901_ambiguous.csv,402,Profession,known_ad_deferred,deferred
all_pages_20260721_1901_ambiguous.csv,402,Profession,known_ad_deferred,deferred
all_pages_20260721_1901_ambiguous.csv,402,Profession,known_ad_deferred,deferred
all_pages_20260721_1901_ambiguous.csv,403,Profession,known_ad_deferred,deferred
all_pages_20260721_1901_ambiguous.csv,403,Profession,known_ad_deferred,deferred
all_pages_20260721_1901_ambiguous.csv,403,Profession,known_ad_deferred,deferred
all_pages_20260721_1901_ambiguous.csv,403,Profession,known_ad_deferred,deferred
all_pages_20260721_1901_ambiguous.csv,403,Profession,known_ad_deferred,deferred
all_pages_20260721_1901_ambiguous.csv,403,Profession,known_ad_deferred,deferred
all_pages_20260721_1901_ambiguous.csv,403,Profession,known_ad_deferred,deferred
all_pages_20260721_1901_ambiguous.csv,403,Profession,known_ad_deferred,deferred
all_pages_20260721_1901_ambiguous.csv,403,Profession,known_ad_deferred,deferred
all_pages_20260721_1901_ambiguous.csv,404,Profession,known_ad_deferred,deferred
all_pages_20260721_1901_ambiguous.csv,404,Profession,known_ad_deferred,deferred
all_pages_20260721_1901_ambiguous.csv,404,Profession,known_ad_deferred,deferred
all_pages_20260721_1901_ambiguous.csv,404,Profession,known_ad_deferred,deferred
all_pages_20260721_1901_ambiguous.csv,404,Profession,known_ad_deferred,deferred
all_pages_20260721_1901_ambiguous.csv,404,Profession,known_ad_deferred,deferred
all_pages_20260721_1901_ambiguous.csv,404,Profession,known_ad_deferred,deferred
all_pages_20260721_1901_ambiguous.csv,404,Profession,known_ad_deferred,deferred
all_pages_20260721_1901_ambiguous.csv,404,Profession,known_ad_deferred,deferred
all_pages_20260721_1901_ambiguous.csv,404,Profession,known_ad_deferred,deferred
all_pages_20260721_1901_ambiguous.csv,405,Profession,known_ad_deferred,deferred
all_pages_20260721_1901_ambiguous.csv,405,Profession,known_ad_deferred,deferred
all_pages_20260721_1901_ambiguous.csv,405,Profession,known_ad_deferred,deferred
all_pages_20260721_1901_ambiguous.csv,405,Profession,known_ad_deferred,deferred
all_pages_20260721_1901_ambiguous.csv,405,Profession,known_ad_deferred,deferred
all_pages_20260721_1901_ambiguous.csv,405,Profession,known_ad_deferred,deferred
all_pages_20260721_1901_ambiguous.csv,405,Profession,known_ad_deferred,deferred
all_pages_20260721_1901_unmatched_sestiere.csv,359,Profession,known_ad_deferred,deferred
all_pages_20260721_1901_unmatched_sestiere.csv,359,Profession,known_ad_deferred,deferred
all_pages_20260721_1901_unmatched_sestiere.csv,359,Profession,known_ad_deferred,deferred
all_pages_20260721_1901_unmatched_sestiere.csv,359,Profession,known_ad_deferred,deferred
all_pages_20260721_1901_unmatched_sestiere.csv,359,Profession,known_ad_deferred,deferred
all_pages_20260721_1901_unmatched_sestiere.csv,359,Profession,known_ad_deferred,deferred
all_pages_20260721_1901_unmatched_sestiere.csv,359,Profession,known_ad_deferred,deferred
all_pages_20260721_1901_unmatched_sestiere.csv,359,Profession,known_ad_deferred,deferred
all_pages_20260721_1901_unmatched_sestiere.csv,359,Profession,known_ad_deferred,deferred
all_pages_20260721_1901_unmatched_sestiere.csv,359,Profession,known_ad_deferred,deferred
all_pages_20260721_1901_unmatched_sestiere.csv,359,Profession,known_ad_deferred,deferred
all_pages_20260721_1901_unmatched_sestiere.csv,359,Profession,known_ad_deferred,deferred
all_pages_20260721_1901_unmatched_sestiere.csv,359,Profession,known_ad_deferred,deferred
all_pages_20260721_1901_unmatched_sestiere.csv,359,Profession,known_ad_deferred,deferred
all_pages_20260721_1901_unmatched_sestiere.csv,359,Profession,known_ad_deferred,deferred
all_pages_20260721_1901_unmatched_sestiere.csv,359,Profession,known_ad_deferred,deferred
all_pages_20260721_1901_unmatched_sestiere.csv,359,Profession,known_ad_deferred,deferred
all_pages_20260721_1901_unmatched_sestiere.csv,359,Profession,known_ad_deferred,deferred
all_pages_20260721_1901_unmatched_sestiere.csv,359,Profession,known_ad_deferred,deferred
all_pages_20260721_1901_unmatched_sestiere.csv,359,Profession,known_ad_deferred,deferred
all_pages_20260721_1901_unmatched_sestiere.csv,359,Profession,known_ad_deferred,deferred
all_pages_20260721_1901_unmatched_sestiere.csv,359,Profession,known_ad_deferred,deferred
all_pages_20260721_1901_unmatched_sestiere.csv,359,Profession,known_ad_deferred,deferred
all_pages_20260721_1901_unmatched_sestiere.csv,359,Profession,known_ad_deferred,deferred
all_pages_20260721_1901_unmatched_sestiere.csv,359,Profession,known_ad_deferred,deferred
all_pages_20260721_1901_unmatched_sestiere.csv,359,Profession,known_ad_deferred,deferred
all_pages_20260721_1901_unmatched_sestiere.csv,359,Profession,known_ad_deferred,deferred
all_pages_20260721_1901_unmatched_sestiere.csv,359,Profession,known_ad_deferred,deferred
all_pages_20260721_1901_unmatched_sestiere.csv,359,Profession,known_ad_deferred,deferred
all_pages_20260721_1901_unmatched_sestiere.csv,360,Profession,known_ad_deferred,deferred
all_pages_20260721_1901_unmatched_sestiere.csv,360,Profession,known_ad_deferred,deferred
all_pages_20260721_1901_unmatched_sestiere.csv,360,Profession,known_ad_deferred,deferred
all_pages_20260721_1901_unmatched_sestiere.csv,360,Profession,known_ad_deferred,deferred
all_pages_20260721_1901_unmatched_sestiere.csv,360,Profession,known_ad_deferred,deferred
all_pages_20260721_1901_unmatched_sestiere.csv,360,Profession,known_ad_deferred,deferred
all_pages_20260721_1901_unmatched_sestiere.csv,360,Profession,known_ad_deferred,deferred
all_pages_20260721_1901_unmatched_sestiere.csv,360,Profession,known_ad_deferred,deferred
all_pages_20260721_1901_unmatched_sestiere.csv,360,Profession,known_ad_deferred,deferred
all_pages_20260721_1901_unmatched_sestiere.csv,360,Profession,known_ad_deferred,deferred
all_pages_20260721_1901_unmatched_sestiere.csv,360,Profession,known_ad_deferred,deferred
all_pages_20260721_1901_unmatched_sestiere.csv,360,Profession,known_ad_deferred,deferred
all_pages_20260721_1901_unmatched_sestiere.csv,360,Profession,known_ad_deferred,deferred
all_pages_20260721_1901_unmatched_sestiere.csv,360,Profession,known_ad_deferred,deferred
all_pages_20260721_1901_unmatched_sestiere.csv,360,Profession,known_ad_deferred,deferred
all_pages_20260721_1901_unmatched_sestiere.csv,360,Profession,known_ad_deferred,deferred
all_pages_20260721_1901_unmatched_sestiere.csv,360,Profession,known_ad_deferred,deferred
all_pages_20260721_1901_unmatched_sestiere.csv,360,Profession,known_ad_deferred,deferred
all_pages_20260721_1901_unmatched_sestiere.csv,360,Profession,known_ad_deferred,deferred
all_pages_20260721_1901_unmatched_sestiere.csv,360,Profession,known_ad_deferred,deferred
all_pages_20260721_1901_unmatched_sestiere.csv,361,Profession,known_ad_deferred,deferred
all_pages_20260721_1901_unmatched_sestiere.csv,361,Profession,known_ad_deferred,deferred
all_pages_20260721_1901_unmatched_sestiere.csv,361,Profession,known_ad_deferred,deferred
all_pages_20260721_1901_unmatched_sestiere.csv,361,Profession,known_ad_deferred,deferred
all_pages_20260721_1901_unmatched_sestiere.csv,361,Profession,known_ad_deferred,deferred
all_pages_20260721_1901_unmatched_sestiere.csv,361,Profession,known_ad_deferred,deferred
all_pages_20260721_1901_unmatched_sestiere.csv,361,Profession,known_ad_deferred,deferred
all_pages_20260721_1901_unmatched_sestiere.csv,361,Profession,known_ad_deferred,deferred
all_pages_20260721_1901_unmatched_sestiere.csv,361,Profession,known_ad_deferred,deferred
all_pages_20260721_1901_unmatched_sestiere.csv,361,Profession,known_ad_deferred,deferred
all_pages_20260721_1901_unmatched_sestiere.csv,361,Profession,known_ad_deferred,deferred
all_pages_20260721_1901_unmatched_sestiere.csv,361,Profession,known_ad_deferred,deferred
all_pages_20260721_1901_unmatched_sestiere.csv,361,Profession,known_ad_deferred,deferred
all_pages_20260721_1901_unmatched_sestiere.csv,361,Profession,known_ad_deferred,deferred
all_pages_20260721_1901_unmatched_sestiere.csv,361,Profession,known_ad_deferred,deferred
all_pages_20260721_1901_unmatched_sestiere.csv,361,Profession,known_ad_deferred,deferred
all_pages_20260721_1901_unmatched_sestiere.csv,361,Profession,known_ad_deferred,deferred
all_pages_20260721_1901_unmatched_sestiere.csv,361,Profession,known_ad_deferred,deferred
all_pages_20260721_1901_unmatched_sestiere.csv,361,Profession,known_ad_deferred,deferred
all_pages_20260721_1901_unmatched_sestiere.csv,361,Profession,known_ad_deferred,deferred
all_pages_20260721_1901_unmatched_sestiere.csv,361,Profession,known_ad_deferred,deferred
all_pages_20260721_1901_unmatched_sestiere.csv,361,Profession,known_ad_deferred,deferred
all_pages_20260721_1901_unmatched_sestiere.csv,361,Profession,known_ad_deferred,deferred
all_pages_20260721_1901_unmatched_sestiere.csv,361,Profession,known_ad_deferred,deferred
all_pages_20260721_1901_unmatched_sestiere.csv,361,Profession,known_ad_deferred,deferred
all_pages_20260721_1901_unmatched_sestiere.csv,361,Profession,known_ad_deferred,deferred
all_pages_20260721_1901_unmatched_sestiere.csv,361,Profession,known_ad_deferred,deferred
all_pages_20260721_1901_unmatched_sestiere.csv,361,Profession,known_ad_deferred,deferred
all_pages_20260721_1901_unmatched_sestiere.csv,361,Profession,known_ad_deferred,deferred
all_pages_20260721_1901_unmatched_sestiere.csv,361,Profession,known_ad_deferred,deferred
all_pages_20260721_1901_unmatched_sestiere.csv,361,Profession,known_ad_deferred,deferred
all_pages_20260721_1901_unmatched_sestiere.csv,361,Profession,known_ad_deferred,deferred
all_pages_20260721_1901_unmatched_sestiere.csv,362,Profession,known_ad_deferred,deferred
all_pages_20260721_1901_unmatched_sestiere.csv,362,Profession,known_ad_deferred,deferred
all_pages_20260721_1901_unmatched_sestiere.csv,362,Profession,known_ad_deferred,deferred
all_pages_20260721_1901_unmatched_sestiere.csv,362,Profession,known_ad_deferred,deferred
all_pages_20260721_1901_unmatched_sestiere.csv,362,Profession,known_ad_deferred,deferred
all_pages_20260721_1901_unmatched_sestiere.csv,362,Profession,known_ad_deferred,deferred
all_pages_20260721_1901_unmatched_sestiere.csv,362,Profession,known_ad_deferred,deferred
all_pages_20260721_1901_unmatched_sestiere.csv,362,Profession,known_ad_deferred,deferred
all_pages_20260721_1901_unmatched_sestiere.csv,362,Profession,known_ad_deferred,deferred
all_pages_20260721_1901_unmatched_sestiere.csv,362,Profession,known_ad_deferred,deferred
all_pages_20260721_1901_unmatched_sestiere.csv,362,Profession,known_ad_deferred,deferred
all_pages_20260721_1901_unmatched_sestiere.csv,362,Profession,known_ad_deferred,deferred
all_pages_20260721_1901_unmatched_sestiere.csv,362,Profession,known_ad_deferred,deferred
all_pages_20260721_1901_unmatched_sestiere.csv,362,Profession,known_ad_deferred,deferred
all_pages_20260721_1901_unmatched_sestiere.csv,362,Profession,known_ad_deferred,deferred
all_pages_20260721_1901_unmatched_sestiere.csv,362,Profession,known_ad_deferred,deferred
all_pages_20260721_1901_unmatched_sestiere.csv,362,Profession,known_ad_deferred,deferred
all_pages_20260721_1901_unmatched_sestiere.csv,362,Profession,known_ad_deferred,deferred
all_pages_20260721_1901_unmatched_sestiere.csv,362,Profession,known_ad_deferred,deferred
all_pages_20260721_1901_unmatched_sestiere.csv,362,Profession,known_ad_deferred,deferred
all_pages_20260721_1901_unmatched_sestiere.csv,362,Profession,known_ad_deferred,deferred
all_pages_20260721_1901_unmatched_sestiere.csv,362,Profession,known_ad_deferred,deferred
all_pages_20260721_1901_unmatched_sestiere.csv,362,Profession,known_ad_deferred,deferred
all_pages_20260721_1901_unmatched_sestiere.csv,363,Profession,known_ad_deferred,deferred
all_pages_20260721_1901_unmatched_sestiere.csv,363,Profession,known_ad_deferred,deferred
all_pages_20260721_1901_unmatched_sestiere.csv,363,Profession,known_ad_deferred,deferred
all_pages_20260721_1901_unmatched_sestiere.csv,363,Profession,known_ad_deferred,deferred
all_pages_20260721_1901_unmatched_sestiere.csv,363,Profession,known_ad_deferred,deferred
all_pages_20260721_1901_unmatched_sestiere.csv,363,Profession,known_ad_deferred,deferred
all_pages_20260721_1901_unmatched_sestiere.csv,363,Profession,known_ad_deferred,deferred
all_pages_20260721_1901_unmatched_sestiere.csv,363,Profession,known_ad_deferred,deferred
all_pages_20260721_1901_unmatched_sestiere.csv,363,Profession,known_ad_deferred,deferred
all_pages_20260721_1901_unmatched_sestiere.csv,363,Profession,known_ad_deferred,deferred
all_pages_20260721_1901_unmatched_sestiere.csv,363,Profession,known_ad_deferred,deferred
all_pages_20260721_1901_unmatched_sestiere.csv,363,Profession,known_ad_deferred,deferred
all_pages_20260721_1901_unmatched_sestiere.csv,363,Profession,known_ad_deferred,deferred
all_pages_20260721_1901_unmatched_sestiere.csv,363,Profession,known_ad_deferred,deferred
all_pages_20260721_1901_unmatched_sestiere.csv,363,Profession,known_ad_deferred,deferred
all_pages_20260721_1901_unmatched_sestiere.csv,363,Profession,known_ad_deferred,deferred
all_pages_20260721_1901_unmatched_sestiere.csv,363,Profession,known_ad_deferred,deferred
all_pages_20260721_1901_unmatched_sestiere.csv,363,Profession,known_ad_deferred,deferred
all_pages_20260721_1901_unmatched_sestiere.csv,363,Profession,known_ad_deferred,deferred
all_pages_20260721_1901_unmatched_sestiere.csv,363,Profession,known_ad_deferred,deferred
all_pages_20260721_1901_unmatched_sestiere.csv,363,Profession,known_ad_deferred,deferred
all_pages_20260721_1901_unmatched_sestiere.csv,363,Profession,known_ad_deferred,deferred
all_pages_20260721_1901_unmatched_sestiere.csv,363,Profession,known_ad_deferred,deferred
all_pages_20260721_1901_unmatched_sestiere.csv,363,Profession,known_ad_deferred,deferred
all_pages_20260721_1901_unmatched_sestiere.csv,363,Profession,known_ad_deferred,deferred
all_pages_20260721_1901_unmatched_sestiere.csv,363,Profession,known_ad_deferred,deferred
all_pages_20260721_1901_unmatched_sestiere.csv,363,Profession,known_ad_deferred,deferred
all_pages_20260721_1901_unmatched_sestiere.csv,363,Profession,known_ad_deferred,deferred
all_pages_20260721_1901_unmatched_sestiere.csv,363,Profession,known_ad_deferred,deferred
all_pages_20260721_1901_unmatched_sestiere.csv,385,Profession,known_ad_deferred,deferred
all_pages_20260721_1901_unmatched_sestiere.csv,385,Profession,known_ad_deferred,deferred
all_pages_20260721_1901_unmatched_sestiere.csv,385,Profession,known_ad_deferred,deferred
all_pages_20260721_1901_unmatched_sestiere.csv,385,Profession,known_ad_deferred,deferred
all_pages_20260721_1901_unmatched_sestiere.csv,385,Profession,known_ad_deferred,deferred
all_pages_20260721_1901_unmatched_sestiere.csv,385,Profession,known_ad_deferred,deferred
all_pages_20260721_1901_unmatched_sestiere.csv,385,Profession,known_ad_deferred,deferred
all_pages_20260721_1901_unmatched_sestiere.csv,385,Profession,known_ad_deferred,deferred
all_pages_20260721_1901_unmatched_sestiere.csv,385,Profession,known_ad_deferred,deferred
all_pages_20260721_1901_unmatched_sestiere.csv,385,Profession,known_ad_deferred,deferred
all_pages_20260721_1901_unmatched_sestiere.csv,385,Profession,known_ad_deferred,deferred
all_pages_20260721_1901_unmatched_sestiere.csv,385,Profession,known_ad_deferred,deferred
all_pages_20260721_1901_unmatched_sestiere.csv,385,Profession,known_ad_deferred,deferred
all_pages_20260721_1901_unmatched_sestiere.csv,385,Profession,known_ad_deferred,deferred
all_pages_20260721_1901_unmatched_sestiere.csv,385,Profession,known_ad_deferred,deferred
all_pages_20260721_1901_unmatched_sestiere.csv,386,Profession,known_ad_deferred,deferred
all_pages_20260721_1901_unmatched_sestiere.csv,386,Profession,known_ad_deferred,deferred
all_pages_20260721_1901_unmatched_sestiere.csv,386,Profession,known_ad_deferred,deferred
all_pages_20260721_1901_unmatched_sestiere.csv,386,Profession,known_ad_deferred,deferred
all_pages_20260721_1901_unmatched_sestiere.csv,386,Profession,known_ad_deferred,deferred
all_pages_20260721_1901_unmatched_sestiere.csv,386,Profession,known_ad_deferred,deferred
all_pages_20260721_1901_unmatched_sestiere.csv,386,Profession,known_ad_deferred,deferred
all_pages_20260721_1901_unmatched_sestiere.csv,386,Profession,known_ad_deferred,deferred
all_pages_20260721_1901_unmatched_sestiere.csv,386,Profession,known_ad_deferred,deferred
all_pages_20260721_1901_unmatched_sestiere.csv,386,Profession,known_ad_deferred,deferred
all_pages_20260721_1901_unmatched_sestiere.csv,386,Profession,known_ad_deferred,deferred
all_pages_20260721_1901_unmatched_sestiere.csv,386,Profession,known_ad_deferred,deferred
all_pages_20260721_1901_unmatched_sestiere.csv,386,Profession,known_ad_deferred,deferred
all_pages_20260721_1901_unmatched_sestiere.csv,386,Profession,known_ad_deferred,deferred
all_pages_20260721_1901_unmatched_sestiere.csv,386,Profession,known_ad_deferred,deferred
all_pages_20260721_1901_unmatched_sestiere.csv,386,Profession,known_ad_deferred,deferred
all_pages_20260721_1901_unmatched_sestiere.csv,386,Profession,known_ad_deferred,deferred
all_pages_20260721_1901_unmatched_sestiere.csv,386,Profession,known_ad_deferred,deferred
all_pages_20260721_1901_unmatched_sestiere.csv,386,Profession,known_ad_deferred,deferred
all_pages_20260721_1901_unmatched_sestiere.csv,386,Profession,known_ad_deferred,deferred
all_pages_20260721_1901_unmatched_sestiere.csv,386,Profession,known_ad_deferred,deferred
all_pages_20260721_1901_unmatched_sestiere.csv,386,Profession,known_ad_deferred,deferred
all_pages_20260721_1901_unmatched_sestiere.csv,386,Profession,known_ad_deferred,deferred
all_pages_20260721_1901_unmatched_sestiere.csv,386,Profession,known_ad_deferred,deferred
all_pages_20260721_1901_unmatched_sestiere.csv,386,Profession,known_ad_deferred,deferred
all_pages_20260721_1901_unmatched_sestiere.csv,387,Profession,known_ad_deferred,deferred
all_pages_20260721_1901_unmatched_sestiere.csv,387,Profession,known_ad_deferred,deferred
all_pages_20260721_1901_unmatched_sestiere.csv,387,Profession,known_ad_deferred,deferred
all_pages_20260721_1901_unmatched_sestiere.csv,387,Profession,known_ad_deferred,deferred
all_pages_20260721_1901_unmatched_sestiere.csv,387,Profession,known_ad_deferred,deferred
all_pages_20260721_1901_unmatched_sestiere.csv,387,Profession,known_ad_deferred,deferred
all_pages_20260721_1901_unmatched_sestiere.csv,387,Profession,known_ad_deferred,deferred
all_pages_20260721_1901_unmatched_sestiere.csv,387,Profession,known_ad_deferred,deferred
all_pages_20260721_1901_unmatched_sestiere.csv,387,Profession,known_ad_deferred,deferred
all_pages_20260721_1901_unmatched_sestiere.csv,387,Profession,known_ad_deferred,deferred
all_pages_20260721_1901_unmatched_sestiere.csv,387,Profession,known_ad_deferred,deferred
all_pages_20260721_1901_unmatched_sestiere.csv,387,Profession,known_ad_deferred,deferred
all_pages_20260721_1901_unmatched_sestiere.csv,387,Profession,known_ad_deferred,deferred
all_pages_20260721_1901_unmatched_sestiere.csv,387,Profession,known_ad_deferred,deferred
all_pages_20260721_1901_unmatched_sestiere.csv,387,Profession,known_ad_deferred,deferred
all_pages_20260721_1901_unmatched_sestiere.csv,387,Profession,known_ad_deferred,deferred
all_pages_20260721_1901_unmatched_sestiere.csv,387,Profession,known_ad_deferred,deferred
all_pages_20260721_1901_unmatched_sestiere.csv,387,Profession,known_ad_deferred,deferred
all_pages_20260721_1901_unmatched_sestiere.csv,387,Profession,known_ad_deferred,deferred
all_pages_20260721_1901_unmatched_sestiere.csv,387,Profession,known_ad_deferred,deferred
all_pages_20260721_1901_unmatched_sestiere.csv,387,Profession,known_ad_deferred,deferred
all_pages_20260721_1901_unmatched_sestiere.csv,388,Profession,known_ad_deferred,deferred
all_pages_20260721_1901_unmatched_sestiere.csv,388,Profession,known_ad_deferred,deferred
all_pages_20260721_1901_unmatched_sestiere.csv,388,Profession,known_ad_deferred,deferred
all_pages_20260721_1901_unmatched_sestiere.csv,388,Profession,known_ad_deferred,deferred
all_pages_20260721_1901_unmatched_sestiere.csv,388,Profession,known_ad_deferred,deferred
all_pages_20260721_1901_unmatched_sestiere.csv,388,Profession,known_ad_deferred,deferred
all_pages_20260721_1901_unmatched_sestiere.csv,388,Profession,known_ad_deferred,deferred
all_pages_20260721_1901_unmatched_sestiere.csv,388,Profession,known_ad_deferred,deferred
all_pages_20260721_1901_unmatched_sestiere.csv,388,Profession,known_ad_deferred,deferred
all_pages_20260721_1901_unmatched_sestiere.csv,388,Profession,known_ad_deferred,deferred
all_pages_20260721_1901_unmatched_sestiere.csv,388,Profession,known_ad_deferred,deferred
all_pages_20260721_1901_unmatched_sestiere.csv,388,Profession,known_ad_deferred,deferred
all_pages_20260721_1901_unmatched_sestiere.csv,388,Profession,known_ad_deferred,deferred
all_pages_20260721_1901_unmatched_sestiere.csv,388,Profession,known_ad_deferred,deferred
all_pages_20260721_1901_unmatched_sestiere.csv,388,Profession,known_ad_deferred,deferred
all_pages_20260721_1901_unmatched_sestiere.csv,388,Profession,known_ad_deferred,deferred
all_pages_20260721_1901_unmatched_sestiere.csv,388,Profession,known_ad_deferred,deferred
all_pages_20260721_1901_unmatched_sestiere.csv,388,Profession,known_ad_deferred,deferred
all_pages_20260721_1901_unmatched_sestiere.csv,388,Profession,known_ad_deferred,deferred
all_pages_20260721_1901_unmatched_sestiere.csv,388,Profession,known_ad_deferred,deferred
all_pages_20260721_1901_unmatched_sestiere.csv,388,Profession,known_ad_deferred,deferred
all_pages_20260721_1901_unmatched_sestiere.csv,390,Profession,known_ad_deferred,deferred
all_pages_20260721_1901_unmatched_sestiere.csv,390,Profession,known_ad_deferred,deferred
all_pages_20260721_1901_unmatched_sestiere.csv,390,Profession,known_ad_deferred,deferred
all_pages_20260721_1901_unmatched_sestiere.csv,390,Profession,known_ad_deferred,deferred
all_pages_20260721_1901_unmatched_sestiere.csv,390,Profession,known_ad_deferred,deferred
all_pages_20260721_1901_unmatched_sestiere.csv,390,Profession,known_ad_deferred,deferred
all_pages_20260721_1901_unmatched_sestiere.csv,390,Profession,known_ad_deferred,deferred
all_pages_20260721_1901_unmatched_sestiere.csv,390,Profession,known_ad_deferred,deferred
all_pages_20260721_1901_unmatched_sestiere.csv,390,Profession,known_ad_deferred,deferred
all_pages_20260721_1901_unmatched_sestiere.csv,390,Profession,known_ad_deferred,deferred
all_pages_20260721_1901_unmatched_sestiere.csv,390,Profession,known_ad_deferred,deferred
all_pages_20260721_1901_unmatched_sestiere.csv,390,Profession,known_ad_deferred,deferred
all_pages_20260721_1901_unmatched_sestiere.csv,390,Profession,known_ad_deferred,deferred
all_pages_20260721_1901_unmatched_sestiere.csv,390,Profession,known_ad_deferred,deferred
all_pages_20260721_1901_unmatched_sestiere.csv,390,Profession,known_ad_deferred,deferred
all_pages_20260721_1901_unmatched_sestiere.csv,390,Profession,known_ad_deferred,deferred
all_pages_20260721_1901_unmatched_sestiere.csv,390,Profession,known_ad_deferred,deferred
all_pages_20260721_1901_unmatched_sestiere.csv,390,Profession,known_ad_deferred,deferred
all_pages_20260721_1901_unmatched_sestiere.csv,390,Profession,known_ad_deferred,deferred
all_pages_20260721_1901_unmatched_sestiere.csv,390,Profession,known_ad_deferred,deferred
all_pages_20260721_1901_unmatched_sestiere.csv,390,Profession,known_ad_deferred,deferred
all_pages_20260721_1901_unmatched_sestiere.csv,390,Profession,known_ad_deferred,deferred
all_pages_20260721_1901_unmatched_sestiere.csv,390,Profession,known_ad_deferred,deferred
all_pages_20260721_1901_unmatched_sestiere.csv,390,Profession,known_ad_deferred,deferred
all_pages_20260721_1901_unmatched_sestiere.csv,394,Profession,known_ad_deferred,deferred
all_pages_20260721_1901_unmatched_sestiere.csv,394,Profession,known_ad_deferred,deferred
all_pages_20260721_1901_unmatched_sestiere.csv,394,Profession,known_ad_deferred,deferred
all_pages_20260721_1901_unmatched_sestiere.csv,394,Profession,known_ad_deferred,deferred
all_pages_20260721_1901_unmatched_sestiere.csv,394,Profession,known_ad_deferred,deferred
all_pages_20260721_1901_unmatched_sestiere.csv,394,Profession,known_ad_deferred,deferred
all_pages_20260721_1901_unmatched_sestiere.csv,394,Profession,known_ad_deferred,deferred
all_pages_20260721_1901_unmatched_sestiere.csv,394,Profession,known_ad_deferred,deferred
all_pages_20260721_1901_unmatched_sestiere.csv,394,Profession,known_ad_deferred,deferred
all_pages_20260721_1901_unmatched_sestiere.csv,394,Profession,known_ad_deferred,deferred
all_pages_20260721_1901_unmatched_sestiere.csv,394,Profession,known_ad_deferred,deferred
all_pages_20260721_1901_unmatched_sestiere.csv,394,Profession,known_ad_deferred,deferred
all_pages_20260721_1901_unmatched_sestiere.csv,394,Profession,known_ad_deferred,deferred
all_pages_20260721_1901_unmatched_sestiere.csv,394,Profession,known_ad_deferred,deferred
all_pages_20260721_1901_unmatched_sestiere.csv,394,Profession,known_ad_deferred,deferred
all_pages_20260721_1901_unmatched_sestiere.csv,394,Profession,known_ad_deferred,deferred
all_pages_20260721_1901_unmatched_sestiere.csv,394,Profession,known_ad_deferred,deferred
all_pages_20260721_1901_unmatched_sestiere.csv,394,Profession,known_ad_deferred,deferred
all_pages_20260721_1901_unmatched_sestiere.csv,394,Profession,known_ad_deferred,deferred
all_pages_20260721_1901_unmatched_sestiere.csv,394,Profession,known_ad_deferred,deferred
all_pages_20260721_1901_unmatched_sestiere.csv,394,Profession,known_ad_deferred,deferred
all_pages_20260721_1901_unmatched_sestiere.csv,394,Profession,known_ad_deferred,deferred
all_pages_20260721_1901_unmatched_sestiere.csv,394,Profession,known_ad_deferred,deferred
all_pages_20260721_1901_unmatched_sestiere.csv,394,Profession,known_ad_deferred,deferred
all_pages_20260721_1901_unmatched_sestiere.csv,394,Profession,known_ad_deferred,deferred
all_pages_20260721_1901_unmatched_sestiere.csv,394,Profession,known_ad_deferred,deferred
all_pages_20260721_1901_unmatched_sestiere.csv,394,Profession,known_ad_deferred,deferred
all_pages_20260721_1901_unmatched_sestiere.csv,394,Profession,known_ad_deferred,deferred
all_pages_20260721_1901_unmatched_sestiere.csv,397,Profession,known_ad_deferred,deferred
all_pages_20260721_1901_unmatched_sestiere.csv,397,Profession,known_ad_deferred,deferred
all_pages_20260721_1901_unmatched_sestiere.csv,397,Profession,known_ad_deferred,deferred
all_pages_20260721_1901_unmatched_sestiere.csv,397,Profession,known_ad_deferred,deferred
all_pages_20260721_1901_unmatched_sestiere.csv,397,Profession,known_ad_deferred,deferred
all_pages_20260721_1901_unmatched_sestiere.csv,397,Profession,known_ad_deferred,deferred
all_pages_20260721_1901_unmatched_sestiere.csv,397,Profession,known_ad_deferred,deferred
all_pages_20260721_1901_unmatched_sestiere.csv,397,Profession,known_ad_deferred,deferred
all_pages_20260721_1901_unmatched_sestiere.csv,397,Profession,known_ad_deferred,deferred
all_pages_20260721_1901_unmatched_sestiere.csv,397,Profession,known_ad_deferred,deferred
all_pages_20260721_1901_unmatched_sestiere.csv,397,Profession,known_ad_deferred,deferred
all_pages_20260721_1901_unmatched_sestiere.csv,397,Profession,known_ad_deferred,deferred
all_pages_20260721_1901_unmatched_sestiere.csv,397,Profession,known_ad_deferred,deferred
all_pages_20260721_1901_unmatched_sestiere.csv,397,Profession,known_ad_deferred,deferred
all_pages_20260721_1901_unmatched_sestiere.csv,397,Profession,known_ad_deferred,deferred
all_pages_20260721_1901_unmatched_sestiere.csv,397,Profession,known_ad_deferred,deferred
all_pages_20260721_1901_unmatched_sestiere.csv,397,Profession,known_ad_deferred,deferred
all_pages_20260721_1901_unmatched_sestiere.csv,397,Profession,known_ad_deferred,deferred
all_pages_20260721_1901_unmatched_sestiere.csv,397,Profession,known_ad_deferred,deferred
all_pages_20260721_1901_unmatched_sestiere.csv,397,Profession,known_ad_deferred,deferred
all_pages_20260721_1901_unmatched_sestiere.csv,397,Profession,known_ad_deferred,deferred
all_pages_20260721_1901_unmatched_sestiere.csv,398,Profession,known_ad_deferred,deferred
all_pages_20260721_1901_unmatched_sestiere.csv,398,Profession,known_ad_deferred,deferred
all_pages_20260721_1901_unmatched_sestiere.csv,398,Profession,known_ad_deferred,deferred
all_pages_20260721_1901_unmatched_sestiere.csv,398,Profession,known_ad_deferred,deferred
all_pages_20260721_1901_unmatched_sestiere.csv,398,Profession,known_ad_deferred,deferred
all_pages_20260721_1901_unmatched_sestiere.csv,398,Profession,known_ad_deferred,deferred
all_pages_20260721_1901_unmatched_sestiere.csv,398,Profession,known_ad_deferred,deferred
all_pages_20260721_1901_unmatched_sestiere.csv,398,Profession,known_ad_deferred,deferred
all_pages_20260721_1901_unmatched_sestiere.csv,398,Profession,known_ad_deferred,deferred
all_pages_20260721_1901_unmatched_sestiere.csv,398,Profession,known_ad_deferred,deferred
all_pages_20260721_1901_unmatched_sestiere.csv,398,Profession,known_ad_deferred,deferred
all_pages_20260721_1901_unmatched_sestiere.csv,398,Profession,known_ad_deferred,deferred
all_pages_20260721_1901_unmatched_sestiere.csv,398,Profession,known_ad_deferred,deferred
all_pages_20260721_1901_unmatched_sestiere.csv,398,Profession,known_ad_deferred,deferred
all_pages_20260721_1901_unmatched_sestiere.csv,398,Profession,known_ad_deferred,deferred
all_pages_20260721_1901_unmatched_sestiere.csv,398,Profession,known_ad_deferred,deferred
all_pages_20260721_1901_unmatched_sestiere.csv,398,Profession,known_ad_deferred,deferred
all_pages_20260721_1901_unmatched_sestiere.csv,398,Profession,known_ad_deferred,deferred
all_pages_20260721_1901_unmatched_sestiere.csv,398,Profession,known_ad_deferred,deferred
all_pages_20260721_1901_unmatched_sestiere.csv,398,Profession,known_ad_deferred,deferred
all_pages_20260721_1901_unmatched_sestiere.csv,398,Profession,known_ad_deferred,deferred
all_pages_20260721_1901_unmatched_sestiere.csv,398,Profession,known_ad_deferred,deferred
all_pages_20260721_1901_unmatched_sestiere.csv,398,Profession,known_ad_deferred,deferred
all_pages_20260721_1901_unmatched_sestiere.csv,398,Profession,known_ad_deferred,deferred
all_pages_20260721_1901_unmatched_sestiere.csv,398,Profession,known_ad_deferred,deferred
all_pages_20260721_1901_unmatched_sestiere.csv,398,Profession,known_ad_deferred,deferred
all_pages_20260721_1901_unmatched_sestiere.csv,398,Profession,known_ad_deferred,deferred
all_pages_20260721_1901_unmatched_sestiere.csv,398,Profession,known_ad_deferred,deferred
all_pages_20260721_1901_unmatched_sestiere.csv,398,Profession,known_ad_deferred,deferred
all_pages_20260721_1901_unmatched_sestiere.csv,398,Profession,known_ad_deferred,deferred
all_pages_20260721_1901_unmatched_sestiere.csv,398,Profession,known_ad_deferred,deferred
all_pages_20260721_1901_unmatched_sestiere.csv,398,Profession,known_ad_deferred,deferred
all_pages_20260721_1901_unmatched_sestiere.csv,398,Profession,known_ad_deferred,deferred
all_pages_20260721_1901_unmatched_sestiere.csv,398,Profession,known_ad_deferred,deferred
all_pages_20260721_1901_unmatched_sestiere.csv,400,Profession,known_ad_deferred,deferred
all_pages_20260721_1901_unmatched_sestiere.csv,400,Profession,known_ad_deferred,deferred
all_pages_20260721_1901_unmatched_sestiere.csv,400,Profession,known_ad_deferred,deferred
all_pages_20260721_1901_unmatched_sestiere.csv,400,Profession,known_ad_deferred,deferred
all_pages_20260721_1901_unmatched_sestiere.csv,400,Profession,known_ad_deferred,deferred
all_pages_20260721_1901_unmatched_sestiere.csv,400,Profession,known_ad_deferred,deferred
all_pages_20260721_1901_unmatched_sestiere.csv,400,Profession,known_ad_deferred,deferred
all_pages_20260721_1901_unmatched_sestiere.csv,400,Profession,known_ad_deferred,deferred
all_pages_20260721_1901_unmatched_sestiere.csv,400,Profession,known_ad_deferred,deferred
all_pages_20260721_1901_unmatched_sestiere.csv,400,Profession,known_ad_deferred,deferred
all_pages_20260721_1901_unmatched_sestiere.csv,400,Profession,known_ad_deferred,deferred
all_pages_20260721_1901_unmatched_sestiere.csv,400,Profession,known_ad_deferred,deferred
all_pages_20260721_1901_unmatched_sestiere.csv,400,Profession,known_ad_deferred,deferred
all_pages_20260721_1901_unmatched_sestiere.csv,400,Profession,known_ad_deferred,deferred
all_pages_20260721_1901_unmatched_sestiere.csv,400,Profession,known_ad_deferred,deferred
all_pages_20260721_1901_unmatched_sestiere.csv,400,Profession,known_ad_deferred,deferred
all_pages_20260721_1901_unmatched_sestiere.csv,402,Profession,known_ad_deferred,deferred
all_pages_20260721_1901_unmatched_sestiere.csv,402,Profession,known_ad_deferred,deferred
all_pages_20260721_1901_unmatched_sestiere.csv,402,Profession,known_ad_deferred,deferred
all_pages_20260721_1901_unmatched_sestiere.csv,402,Profession,known_ad_deferred,deferred
all_pages_20260721_1901_unmatched_sestiere.csv,402,Profession,known_ad_deferred,deferred
all_pages_20260721_1901_unmatched_sestiere.csv,402,Profession,known_ad_deferred,deferred
all_pages_20260721_1901_unmatched_sestiere.csv,402,Profession,known_ad_deferred,deferred
all_pages_20260721_1901_unmatched_sestiere.csv,402,Profession,known_ad_deferred,deferred
all_pages_20260721_1901_unmatched_sestiere.csv,402,Profession,known_ad_deferred,deferred
all_pages_20260721_1901_unmatched_sestiere.csv,402,Profession,known_ad_deferred,deferred
all_pages_20260721_1901_unmatched_sestiere.csv,402,Profession,known_ad_deferred,deferred
all_pages_20260721_1901_unmatched_sestiere.csv,402,Profession,known_ad_deferred,deferred
all_pages_20260721_1901_unmatched_sestiere.csv,402,Profession,known_ad_deferred,deferred
all_pages_20260721_1901_unmatched_sestiere.csv,402,Profession,known_ad_deferred,deferred
all_pages_20260721_1901_unmatched_sestiere.csv,402,Profession,known_ad_deferred,deferred
all_pages_20260721_1901_unmatched_sestiere.csv,402,Profession,known_ad_deferred,deferred
all_pages_20260721_1901_unmatched_sestiere.csv,402,Profession,known_ad_deferred,deferred
all_pages_20260721_1901_unmatched_sestiere.csv,402,Profession,known_ad_deferred,deferred
all_pages_20260721_1901_unmatched_sestiere.csv,402,Profession,known_ad_deferred,deferred
all_pages_20260721_1901_unmatched_sestiere.csv,402,Profession,known_ad_deferred,deferred
all_pages_20260721_1901_unmatched_sestiere.csv,402,Profession,known_ad_deferred,deferred
all_pages_20260721_1901_unmatched_sestiere.csv,402,Profession,known_ad_deferred,deferred
all_pages_20260721_1901_unmatched_sestiere.csv,402,Profession,known_ad_deferred,deferred
all_pages_20260721_1901_unmatched_sestiere.csv,402,Profession,known_ad_deferred,deferred
all_pages_20260721_1901_unmatched_sestiere.csv,402,Profession,known_ad_deferred,deferred
all_pages_20260721_1901_unmatched_sestiere.csv,402,Profession,known_ad_deferred,deferred
all_pages_20260721_1901_unmatched_sestiere.csv,402,Profession,known_ad_deferred,deferred
all_pages_20260721_1901_unmatched_sestiere.csv,403,Profession,known_ad_deferred,deferred
all_pages_20260721_1901_unmatched_sestiere.csv,403,Profession,known_ad_deferred,deferred
all_pages_20260721_1901_unmatched_sestiere.csv,403,Profession,known_ad_deferred,deferred
all_pages_20260721_1901_unmatched_sestiere.csv,403,Profession,known_ad_deferred,deferred
all_pages_20260721_1901_unmatched_sestiere.csv,403,Profession,known_ad_deferred,deferred
all_pages_20260721_1901_unmatched_sestiere.csv,403,Profession,known_ad_deferred,deferred
all_pages_20260721_1901_unmatched_sestiere.csv,403,Profession,known_ad_deferred,deferred
all_pages_20260721_1901_unmatched_sestiere.csv,403,Profession,known_ad_deferred,deferred
all_pages_20260721_1901_unmatched_sestiere.csv,403,Profession,known_ad_deferred,deferred
all_pages_20260721_1901_unmatched_sestiere.csv,403,Profession,known_ad_deferred,deferred
all_pages_20260721_1901_unmatched_sestiere.csv,403,Profession,known_ad_deferred,deferred
all_pages_20260721_1901_unmatched_sestiere.csv,403,Profession,known_ad_deferred,deferred
all_pages_20260721_1901_unmatched_sestiere.csv,403,Profession,known_ad_deferred,deferred
all_pages_20260721_1901_unmatched_sestiere.csv,403,Profession,known_ad_deferred,deferred
all_pages_20260721_1901_unmatched_sestiere.csv,403,Profession,known_ad_deferred,deferred
all_pages_20260721_1901_unmatched_sestiere.csv,403,Profession,known_ad_deferred,deferred
all_pages_20260721_1901_unmatched_sestiere.csv,403,Profession,known_ad_deferred,deferred
all_pages_20260721_1901_unmatched_sestiere.csv,403,Profession,known_ad_deferred,deferred
all_pages_20260721_1901_unmatched_sestiere.csv,403,Profession,known_ad_deferred,deferred
all_pages_20260721_1901_unmatched_sestiere.csv,403,Profession,known_ad_deferred,deferred
all_pages_20260721_1901_unmatched_sestiere.csv,403,Profession,known_ad_deferred,deferred
all_pages_20260721_1901_unmatched_sestiere.csv,403,Profession,known_ad_deferred,deferred
all_pages_20260721_1901_unmatched_sestiere.csv,403,Profession,known_ad_deferred,deferred
all_pages_20260721_1901_unmatched_sestiere.csv,403,Profession,known_ad_deferred,deferred
all_pages_20260721_1901_unmatched_sestiere.csv,403,Profession,known_ad_deferred,deferred
all_pages_20260721_1901_unmatched_sestiere.csv,403,Profession,known_ad_deferred,deferred
all_pages_20260721_1901_unmatched_sestiere.csv,403,Profession,known_ad_deferred,deferred
all_pages_20260721_1901_unmatched_sestiere.csv,403,Profession,known_ad_deferred,deferred
all_pages_20260721_1901_unmatched_sestiere.csv,403,Profession,known_ad_deferred,deferred
all_pages_20260721_1901_unmatched_sestiere.csv,403,Profession,known_ad_deferred,deferred
all_pages_20260721_1901_unmatched_sestiere.csv,404,Profession,known_ad_deferred,deferred
all_pages_20260721_1901_unmatched_sestiere.csv,404,Profession,known_ad_deferred,deferred
all_pages_20260721_1901_unmatched_sestiere.csv,404,Profession,known_ad_deferred,deferred
all_pages_20260721_1901_unmatched_sestiere.csv,404,Profession,known_ad_deferred,deferred
all_pages_20260721_1901_unmatched_sestiere.csv,404,Profession,known_ad_deferred,deferred
all_pages_20260721_1901_unmatched_sestiere.csv,404,Profession,known_ad_deferred,deferred
all_pages_20260721_1901_unmatched_sestiere.csv,404,Profession,known_ad_deferred,deferred
all_pages_20260721_1901_unmatched_sestiere.csv,404,Profession,known_ad_deferred,deferred
all_pages_20260721_1901_unmatched_sestiere.csv,404,Profession,known_ad_deferred,deferred
all_pages_20260721_1901_unmatched_sestiere.csv,404,Profession,known_ad_deferred,deferred
all_pages_20260721_1901_unmatched_sestiere.csv,404,Profession,known_ad_deferred,deferred
all_pages_20260721_1901_unmatched_sestiere.csv,404,Profession,known_ad_deferred,deferred
all_pages_20260721_1901_unmatched_sestiere.csv,404,Profession,known_ad_deferred,deferred
all_pages_20260721_1901_unmatched_sestiere.csv,404,Profession,known_ad_deferred,deferred
all_pages_20260721_1901_unmatched_sestiere.csv,404,Profession,known_ad_deferred,deferred
all_pages_20260721_1901_unmatched_sestiere.csv,404,Profession,known_ad_deferred,deferred
all_pages_20260721_1901_unmatched_sestiere.csv,405,Profession,known_ad_deferred,deferred
all_pages_20260721_1901_unmatched_sestiere.csv,405,Profession,known_ad_deferred,deferred
all_pages_20260721_1901_unmatched_sestiere.csv,405,Profession,known_ad_deferred,deferred
all_pages_20260721_1901_unmatched_sestiere.csv,405,Profession,known_ad_deferred,deferred
all_pages_20260721_1901_unmatched_sestiere.csv,405,Profession,known_ad_deferred,deferred
all_pages_20260721_1901_unmatched_sestiere.csv,405,Profession,known_ad_deferred,deferred
all_pages_20260721_1901_unmatched_sestiere.csv,405,Profession,known_ad_deferred,deferred
all_pages_20260721_1901_unmatched_sestiere.csv,405,Profession,known_ad_deferred,deferred
all_pages_20260721_1901_unmatched_sestiere.csv,405,Profession,known_ad_deferred,deferred
all_pages_20260721_1901_unmatched_sestiere.csv,405,Profession,known_ad_deferred,deferred
all_pages_20260721_1901_unmatched_sestiere.csv,405,Profession,known_ad_deferred,deferred
all_pages_20260721_1901_unmatched_sestiere.csv,405,Profession,known_ad_deferred,deferred
all_pages_20260721_1901_unmatched_sestiere.csv,405,Profession,known_ad_deferred,deferred
all_pages_20260721_1901_unmatched_sestiere.csv,405,Profession,known_ad_deferred,deferred
all_pages_20260721_1901_unmatched_sestiere.csv,405,Profession,known_ad_deferred,deferred
all_pages_20260721_1901_unmatched_sestiere.csv,405,Profession,known_ad_deferred,deferred
all_pages_20260721_1901_unmatched_sestiere.csv,405,Profession,known_ad_deferred,deferred
all_pages_20260721_1901_unmatched_sestiere.csv,405,Profession,known_ad_deferred,deferred
all_pages_20260721_1901_unmatched_sestiere.csv,405,Profession,known_ad_deferred,deferred
all_pages_20260721_1901_unmatched_sestiere.csv,405,Profession,known_ad_deferred,deferred
all_pages_20260721_1901_unmatched_sestiere.csv,406,Profession,known_ad_deferred,deferred
nominatim_20260721_1924_matched_nominatim_outside.csv,359,Profession,known_ad_deferred,deferred
nominatim_20260721_1924_matched_nominatim_outside.csv,359,Profession,known_ad_deferred,deferred
nominatim_20260721_1924_matched_nominatim_outside.csv,359,Profession,known_ad_deferred,deferred
nominatim_20260721_1924_matched_nominatim_outside.csv,359,Profession,known_ad_deferred,deferred
nominatim_20260721_1924_matched_nominatim_outside.csv,359,Profession,known_ad_deferred,deferred
nominatim_20260721_1924_matched_nominatim_outside.csv,359,Profession,known_ad_deferred,deferred
nominatim_20260721_1924_matched_nominatim_outside.csv,359,Profession,known_ad_deferred,deferred
nominatim_20260721_1924_matched_nominatim_outside.csv,360,Profession,known_ad_deferred,deferred
nominatim_20260721_1924_matched_nominatim_outside.csv,360,Profession,known_ad_deferred,deferred
nominatim_20260721_1924_matched_nominatim_outside.csv,360,Profession,known_ad_deferred,deferred
nominatim_20260721_1924_matched_nominatim_outside.csv,360,Profession,known_ad_deferred,deferred
nominatim_20260721_1924_matched_nominatim_outside.csv,360,Profession,known_ad_deferred,deferred
nominatim_20260721_1924_matched_nominatim_outside.csv,360,Profession,known_ad_deferred,deferred
nominatim_20260721_1924_matched_nominatim_outside.csv,360,Profession,known_ad_deferred,deferred
nominatim_20260721_1924_matched_nominatim_outside.csv,360,Profession,known_ad_deferred,deferred
nominatim_20260721_1924_matched_nominatim_outside.csv,360,Profession,known_ad_deferred,deferred
nominatim_20260721_1924_matched_nominatim_outside.csv,361,Profession,known_ad_deferred,deferred
nominatim_20260721_1924_matched_nominatim_outside.csv,361,Profession,known_ad_deferred,deferred
nominatim_20260721_1924_matched_nominatim_outside.csv,361,Profession,known_ad_deferred,deferred
nominatim_20260721_1924_matched_nominatim_outside.csv,361,Profession,known_ad_deferred,deferred
nominatim_20260721_1924_matched_nominatim_outside.csv,361,Profession,known_ad_deferred,deferred
nominatim_20260721_1924_matched_nominatim_outside.csv,362,Profession,known_ad_deferred,deferred
nominatim_20260721_1924_matched_nominatim_outside.csv,362,Profession,known_ad_deferred,deferred
nominatim_20260721_1924_matched_nominatim_outside.csv,362,Profession,known_ad_deferred,deferred
nominatim_20260721_1924_matched_nominatim_outside.csv,363,Profession,known_ad_deferred,deferred
nominatim_20260721_1924_matched_nominatim_outside.csv,363,Profession,known_ad_deferred,deferred
nominatim_20260721_1924_matched_nominatim_outside.csv,363,Profession,known_ad_deferred,deferred
nominatim_20260721_1924_matched_nominatim_outside.csv,363,Profession,known_ad_deferred,deferred
nominatim_20260721_1924_matched_nominatim_outside.csv,363,Profession,known_ad_deferred,deferred
nominatim_20260721_1924_matched_nominatim_outside.csv,385,Profession,known_ad_deferred,deferred
nominatim_20260721_1924_matched_nominatim_outside.csv,385,Profession,known_ad_deferred,deferred
nominatim_20260721_1924_matched_nominatim_outside.csv,385,Profession,known_ad_deferred,deferred
nominatim_20260721_1924_matched_nominatim_outside.csv,385,Profession,known_ad_deferred,deferred
nominatim_20260721_1924_matched_nominatim_outside.csv,385,Profession,known_ad_deferred,deferred
nominatim_20260721_1924_matched_nominatim_outside.csv,386,Profession,known_ad_deferred,deferred
nominatim_20260721_1924_matched_nominatim_outside.csv,386,Profession,known_ad_deferred,deferred
nominatim_20260721_1924_matched_nominatim_outside.csv,386,Profession,known_ad_deferred,deferred
nominatim_20260721_1924_matched_nominatim_outside.csv,386,Profession,known_ad_deferred,deferred
nominatim_20260721_1924_matched_nominatim_outside.csv,387,Profession,known_ad_deferred,deferred
nominatim_20260721_1924_matched_nominatim_outside.csv,387,Profession,known_ad_deferred,deferred
nominatim_20260721_1924_matched_nominatim_outside.csv,387,Profession,known_ad_deferred,deferred
nominatim_20260721_1924_matched_nominatim_outside.csv,387,Profession,known_ad_deferred,deferred
nominatim_20260721_1924_matched_nominatim_outside.csv,387,Profession,known_ad_deferred,deferred
nominatim_20260721_1924_matched_nominatim_outside.csv,387,Profession,known_ad_deferred,deferred
nominatim_20260721_1924_matched_nominatim_outside.csv,388,Profession,known_ad_deferred,deferred
nominatim_20260721_1924_matched_nominatim_outside.csv,388,Profession,known_ad_deferred,deferred
nominatim_20260721_1924_matched_nominatim_outside.csv,388,Profession,known_ad_deferred,deferred
nominatim_20260721_1924_matched_nominatim_outside.csv,388,Profession,known_ad_deferred,deferred
nominatim_20260721_1924_matched_nominatim_outside.csv,388,Profession,known_ad_deferred,deferred
nominatim_20260721_1924_matched_nominatim_outside.csv,390,Profession,known_ad_deferred,deferred
nominatim_20260721_1924_matched_nominatim_outside.csv,390,Profession,known_ad_deferred,deferred
nominatim_20260721_1924_matched_nominatim_outside.csv,390,Profession,known_ad_deferred,deferred
nominatim_20260721_1924_matched_nominatim_outside.csv,390,Profession,known_ad_deferred,deferred
nominatim_20260721_1924_matched_nominatim_outside.csv,390,Profession,known_ad_deferred,deferred
nominatim_20260721_1924_matched_nominatim_outside.csv,394,Profession,known_ad_deferred,deferred
nominatim_20260721_1924_matched_nominatim_outside.csv,394,Profession,known_ad_deferred,deferred
nominatim_20260721_1924_matched_nominatim_outside.csv,394,Profession,known_ad_deferred,deferred
nominatim_20260721_1924_matched_nominatim_outside.csv,397,Profession,known_ad_deferred,deferred
nominatim_20260721_1924_matched_nominatim_outside.csv,397,Profession,known_ad_deferred,deferred
nominatim_20260721_1924_matched_nominatim_outside.csv,398,Profession,known_ad_deferred,deferred
nominatim_20260721_1924_matched_nominatim_outside.csv,398,Profession,known_ad_deferred,deferred
nominatim_20260721_1924_matched_nominatim_outside.csv,398,Profession,known_ad_deferred,deferred
nominatim_20260721_1924_matched_nominatim_outside.csv,400,Profession,known_ad_deferred,deferred
nominatim_20260721_1924_matched_nominatim_outside.csv,402,Profession,known_ad_deferred,deferred
nominatim_20260721_1924_matched_nominatim_outside.csv,402,Profession,known_ad_deferred,deferred
nominatim_20260721_1924_matched_nominatim_outside.csv,402,Profession,known_ad_deferred,deferred
nominatim_20260721_1924_matched_nominatim_outside.csv,402,Profession,known_ad_deferred,deferred
nominatim_20260721_1924_matched_nominatim_outside.csv,402,Profession,known_ad_deferred,deferred
nominatim_20260721_1924_matched_nominatim_outside.csv,402,Profession,known_ad_deferred,deferred
nominatim_20260721_1924_matched_nominatim_outside.csv,402,Profession,known_ad_deferred,deferred
nominatim_20260721_1924_matched_nominatim_outside.csv,403,Profession,known_ad_deferred,deferred
nominatim_20260721_1924_matched_nominatim_outside.csv,403,Profession,known_ad_deferred,deferred
nominatim_20260721_1924_matched_nominatim_outside.csv,403,Profession,known_ad_deferred,deferred
nominatim_20260721_1924_matched_nominatim_outside.csv,403,Profession,known_ad_deferred,deferred
nominatim_20260721_1924_matched_nominatim_outside.csv,403,Profession,known_ad_deferred,deferred
nominatim_20260721_1924_matched_nominatim_outside.csv,403,Profession,known_ad_deferred,deferred
nominatim_20260721_1924_matched_nominatim_outside.csv,404,Profession,known_ad_deferred,deferred
nominatim_20260721_1924_matched_nominatim_outside.csv,404,Profession,known_ad_deferred,deferred
nominatim_20260721_1924_matched_nominatim_outside.csv,404,Profession,known_ad_deferred,deferred
nominatim_20260721_1924_matched_nominatim_outside.csv,404,Profession,known_ad_deferred,deferred
nominatim_20260721_1924_matched_nominatim_outside.csv,404,Profession,known_ad_deferred,deferred
nominatim_20260721_1924_matched_nominatim_outside.csv,404,Profession,known_ad_deferred,deferred
nominatim_20260721_1924_matched_nominatim_outside.csv,404,Profession,known_ad_deferred,deferred
nominatim_20260721_1924_matched_nominatim_outside.csv,404,Profession,known_ad_deferred,deferred
nominatim_20260721_1924_matched_nominatim_outside.csv,405,Profession,known_ad_deferred,deferred
nominatim_20260721_1924_matched_nominatim_outside.csv,405,Profession,known_ad_deferred,deferred
nominatim_20260721_1924_matched_nominatim_outside.csv,405,Profession,known_ad_deferred,deferred
nominatim_20260721_1924_matched_nominatim_outside.csv,405,Profession,known_ad_deferred,deferred
nominatim_20260721_1924_matched_nominatim_outside.csv,405,Profession,known_ad_deferred,deferred
nominatim_20260721_1924_matched_provincia_centroid.csv,359,Profession,known_ad_deferred,deferred
nominatim_20260721_1924_matched_provincia_centroid.csv,359,Profession,known_ad_deferred,deferred
nominatim_20260721_1924_matched_provincia_centroid.csv,359,Profession,known_ad_deferred,deferred
nominatim_20260721_1924_matched_provincia_centroid.csv,359,Profession,known_ad_deferred,deferred
nominatim_20260721_1924_matched_provincia_centroid.csv,359,Profession,known_ad_deferred,deferred
nominatim_20260721_1924_matched_provincia_centroid.csv,360,Profession,known_ad_deferred,deferred
nominatim_20260721_1924_matched_provincia_centroid.csv,360,Profession,known_ad_deferred,deferred
nominatim_20260721_1924_matched_provincia_centroid.csv,360,Profession,known_ad_deferred,deferred
nominatim_20260721_1924_matched_provincia_centroid.csv,360,Profession,known_ad_deferred,deferred
nominatim_20260721_1924_matched_provincia_centroid.csv,361,Profession,known_ad_deferred,deferred
nominatim_20260721_1924_matched_provincia_centroid.csv,361,Profession,known_ad_deferred,deferred
nominatim_20260721_1924_matched_provincia_centroid.csv,361,Profession,known_ad_deferred,deferred
nominatim_20260721_1924_matched_provincia_centroid.csv,361,Profession,known_ad_deferred,deferred
nominatim_20260721_1924_matched_provincia_centroid.csv,361,Profession,known_ad_deferred,deferred
nominatim_20260721_1924_matched_provincia_centroid.csv,361,Profession,known_ad_deferred,deferred
nominatim_20260721_1924_matched_provincia_centroid.csv,361,Profession,known_ad_deferred,deferred
nominatim_20260721_1924_matched_provincia_centroid.csv,361,Profession,known_ad_deferred,deferred
nominatim_20260721_1924_matched_provincia_centroid.csv,361,Profession,known_ad_deferred,deferred
nominatim_20260721_1924_matched_provincia_centroid.csv,361,Profession,known_ad_deferred,deferred
nominatim_20260721_1924_matched_provincia_centroid.csv,361,Profession,known_ad_deferred,deferred
nominatim_20260721_1924_matched_provincia_centroid.csv,361,Profession,known_ad_deferred,deferred
nominatim_20260721_1924_matched_provincia_centroid.csv,361,Profession,known_ad_deferred,deferred
nominatim_20260721_1924_matched_provincia_centroid.csv,361,Profession,known_ad_deferred,deferred
nominatim_20260721_1924_matched_provincia_centroid.csv,361,Profession,known_ad_deferred,deferred
nominatim_20260721_1924_matched_provincia_centroid.csv,362,Profession,known_ad_deferred,deferred
nominatim_20260721_1924_matched_provincia_centroid.csv,362,Profession,known_ad_deferred,deferred
nominatim_20260721_1924_matched_provincia_centroid.csv,362,Profession,known_ad_deferred,deferred
nominatim_20260721_1924_matched_provincia_centroid.csv,362,Profession,known_ad_deferred,deferred
nominatim_20260721_1924_matched_provincia_centroid.csv,362,Profession,known_ad_deferred,deferred
nominatim_20260721_1924_matched_provincia_centroid.csv,362,Profession,known_ad_deferred,deferred
nominatim_20260721_1924_matched_provincia_centroid.csv,363,Profession,known_ad_deferred,deferred
nominatim_20260721_1924_matched_provincia_centroid.csv,363,Profession,known_ad_deferred,deferred
nominatim_20260721_1924_matched_provincia_centroid.csv,363,Profession,known_ad_deferred,deferred
nominatim_20260721_1924_matched_provincia_centroid.csv,363,Profession,known_ad_deferred,deferred
nominatim_20260721_1924_matched_provincia_centroid.csv,363,Profession,known_ad_deferred,deferred
nominatim_20260721_1924_matched_provincia_centroid.csv,363,Profession,known_ad_deferred,deferred
nominatim_20260721_1924_matched_provincia_centroid.csv,363,Profession,known_ad_deferred,deferred
nominatim_20260721_1924_matched_provincia_centroid.csv,385,Profession,known_ad_deferred,deferred
nominatim_20260721_1924_matched_provincia_centroid.csv,385,Profession,known_ad_deferred,deferred
nominatim_20260721_1924_matched_provincia_centroid.csv,385,Profession,known_ad_deferred,deferred
nominatim_20260721_1924_matched_provincia_centroid.csv,385,Profession,known_ad_deferred,deferred
nominatim_20260721_1924_matched_provincia_centroid.csv,385,Profession,known_ad_deferred,deferred
nominatim_20260721_1924_matched_provincia_centroid.csv,385,Profession,known_ad_deferred,deferred
nominatim_20260721_1924_matched_provincia_centroid.csv,385,Profession,known_ad_deferred,deferred
nominatim_20260721_1924_matched_provincia_centroid.csv,385,Profession,known_ad_deferred,deferred
nominatim_20260721_1924_matched_provincia_centroid.csv,385,Profession,known_ad_deferred,deferred
nominatim_20260721_1924_matched_provincia_centroid.csv,385,Profession,known_ad_deferred,deferred
nominatim_20260721_1924_matched_provincia_centroid.csv,386,Profession,known_ad_deferred,deferred
nominatim_20260721_1924_matched_provincia_centroid.csv,386,Profession,known_ad_deferred,deferred
nominatim_20260721_1924_matched_provincia_centroid.csv,386,Profession,known_ad_deferred,deferred
nominatim_20260721_1924_matched_provincia_centroid.csv,386,Profession,known_ad_deferred,deferred
nominatim_20260721_1924_matched_provincia_centroid.csv,386,Profession,known_ad_deferred,deferred
nominatim_20260721_1924_matched_provincia_centroid.csv,386,Profession,known_ad_deferred,deferred
nominatim_20260721_1924_matched_provincia_centroid.csv,386,Profession,known_ad_deferred,deferred
nominatim_20260721_1924_matched_provincia_centroid.csv,386,Profession,known_ad_deferred,deferred
nominatim_20260721_1924_matched_provincia_centroid.csv,386,Profession,known_ad_deferred,deferred
nominatim_20260721_1924_matched_provincia_centroid.csv,386,Profession,known_ad_deferred,deferred
nominatim_20260721_1924_matched_provincia_centroid.csv,386,Profession,known_ad_deferred,deferred
nominatim_20260721_1924_matched_provincia_centroid.csv,386,Profession,known_ad_deferred,deferred
nominatim_20260721_1924_matched_provincia_centroid.csv,386,Profession,known_ad_deferred,deferred
nominatim_20260721_1924_matched_provincia_centroid.csv,386,Profession,known_ad_deferred,deferred
nominatim_20260721_1924_matched_provincia_centroid.csv,386,Profession,known_ad_deferred,deferred
nominatim_20260721_1924_matched_provincia_centroid.csv,386,Profession,known_ad_deferred,deferred
nominatim_20260721_1924_matched_provincia_centroid.csv,386,Profession,known_ad_deferred,deferred
nominatim_20260721_1924_matched_provincia_centroid.csv,387,Profession,known_ad_deferred,deferred
nominatim_20260721_1924_matched_provincia_centroid.csv,387,Profession,known_ad_deferred,deferred
nominatim_20260721_1924_matched_provincia_centroid.csv,387,Profession,known_ad_deferred,deferred
nominatim_20260721_1924_matched_provincia_centroid.csv,387,Profession,known_ad_deferred,deferred
nominatim_20260721_1924_matched_provincia_centroid.csv,387,Profession,known_ad_deferred,deferred
nominatim_20260721_1924_matched_provincia_centroid.csv,387,Profession,known_ad_deferred,deferred
nominatim_20260721_1924_matched_provincia_centroid.csv,387,Profession,known_ad_deferred,deferred
nominatim_20260721_1924_matched_provincia_centroid.csv,387,Profession,known_ad_deferred,deferred
nominatim_20260721_1924_matched_provincia_centroid.csv,387,Profession,known_ad_deferred,deferred
nominatim_20260721_1924_matched_provincia_centroid.csv,387,Profession,known_ad_deferred,deferred
nominatim_20260721_1924_matched_provincia_centroid.csv,387,Profession,known_ad_deferred,deferred
nominatim_20260721_1924_matched_provincia_centroid.csv,388,Profession,known_ad_deferred,deferred
nominatim_20260721_1924_matched_provincia_centroid.csv,388,Profession,known_ad_deferred,deferred
nominatim_20260721_1924_matched_provincia_centroid.csv,388,Profession,known_ad_deferred,deferred
nominatim_20260721_1924_matched_provincia_centroid.csv,388,Profession,known_ad_deferred,deferred
nominatim_20260721_1924_matched_provincia_centroid.csv,388,Profession,known_ad_deferred,deferred
nominatim_20260721_1924_matched_provincia_centroid.csv,388,Profession,known_ad_deferred,deferred
nominatim_20260721_1924_matched_provincia_centroid.csv,388,Profession,known_ad_deferred,deferred
nominatim_20260721_1924_matched_provincia_centroid.csv,388,Profession,known_ad_deferred,deferred
nominatim_20260721_1924_matched_provincia_centroid.csv,388,Profession,known_ad_deferred,deferred
nominatim_20260721_1924_matched_provincia_centroid.csv,388,Profession,known_ad_deferred,deferred
nominatim_20260721_1924_matched_provincia_centroid.csv,388,Profession,known_ad_deferred,deferred
nominatim_20260721_1924_matched_provincia_centroid.csv,390,Profession,known_ad_deferred,deferred
nominatim_20260721_1924_matched_provincia_centroid.csv,390,Profession,known_ad_deferred,deferred
nominatim_20260721_1924_matched_provincia_centroid.csv,390,Profession,known_ad_deferred,deferred
nominatim_20260721_1924_matched_provincia_centroid.csv,390,Profession,known_ad_deferred,deferred
nominatim_20260721_1924_matched_provincia_centroid.csv,390,Profession,known_ad_deferred,deferred
nominatim_20260721_1924_matched_provincia_centroid.csv,390,Profession,known_ad_deferred,deferred
nominatim_20260721_1924_matched_provincia_centroid.csv,390,Profession,known_ad_deferred,deferred
nominatim_20260721_1924_matched_provincia_centroid.csv,394,Profession,known_ad_deferred,deferred
nominatim_20260721_1924_matched_provincia_centroid.csv,394,Profession,known_ad_deferred,deferred
nominatim_20260721_1924_matched_provincia_centroid.csv,394,Profession,known_ad_deferred,deferred
nominatim_20260721_1924_matched_provincia_centroid.csv,394,Profession,known_ad_deferred,deferred
nominatim_20260721_1924_matched_provincia_centroid.csv,394,Profession,known_ad_deferred,deferred
nominatim_20260721_1924_matched_provincia_centroid.csv,397,Profession,known_ad_deferred,deferred
nominatim_20260721_1924_matched_provincia_centroid.csv,397,Profession,known_ad_deferred,deferred
nominatim_20260721_1924_matched_provincia_centroid.csv,397,Profession,known_ad_deferred,deferred
nominatim_20260721_1924_matched_provincia_centroid.csv,398,Profession,known_ad_deferred,deferred
nominatim_20260721_1924_matched_provincia_centroid.csv,398,Profession,known_ad_deferred,deferred
nominatim_20260721_1924_matched_provincia_centroid.csv,398,Profession,known_ad_deferred,deferred
nominatim_20260721_1924_matched_provincia_centroid.csv,398,Profession,known_ad_deferred,deferred
nominatim_20260721_1924_matched_provincia_centroid.csv,398,Profession,known_ad_deferred,deferred
nominatim_20260721_1924_matched_provincia_centroid.csv,398,Profession,known_ad_deferred,deferred
nominatim_20260721_1924_matched_provincia_centroid.csv,398,Profession,known_ad_deferred,deferred
nominatim_20260721_1924_matched_provincia_centroid.csv,398,Profession,known_ad_deferred,deferred
nominatim_20260721_1924_matched_provincia_centroid.csv,398,Profession,known_ad_deferred,deferred
nominatim_20260721_1924_matched_provincia_centroid.csv,400,Profession,known_ad_deferred,deferred
nominatim_20260721_1924_matched_provincia_centroid.csv,400,Profession,known_ad_deferred,deferred
nominatim_20260721_1924_matched_provincia_centroid.csv,402,Profession,known_ad_deferred,deferred
nominatim_20260721_1924_matched_provincia_centroid.csv,402,Profession,known_ad_deferred,deferred
nominatim_20260721_1924_matched_provincia_centroid.csv,402,Profession,known_ad_deferred,deferred
nominatim_20260721_1924_matched_provincia_centroid.csv,403,Profession,known_ad_deferred,deferred
nominatim_20260721_1924_matched_provincia_centroid.csv,403,Profession,known_ad_deferred,deferred
nominatim_20260721_1924_matched_provincia_centroid.csv,403,Profession,known_ad_deferred,deferred
nominatim_20260721_1924_matched_provincia_centroid.csv,403,Profession,known_ad_deferred,deferred
nominatim_20260721_1924_matched_provincia_centroid.csv,403,Profession,known_ad_deferred,deferred
nominatim_20260721_1924_matched_provincia_centroid.csv,403,Profession,known_ad_deferred,deferred
nominatim_20260721_1924_matched_provincia_centroid.csv,403,Profession,known_ad_deferred,deferred
nominatim_20260721_1924_matched_provincia_centroid.csv,403,Profession,known_ad_deferred,deferred
nominatim_20260721_1924_matched_provincia_centroid.csv,403,Profession,known_ad_deferred,deferred
nominatim_20260721_1924_matched_provincia_centroid.csv,403,Profession,known_ad_deferred,deferred
nominatim_20260721_1924_matched_provincia_centroid.csv,403,Profession,known_ad_deferred,deferred
nominatim_20260721_1924_matched_provincia_centroid.csv,403,Profession,known_ad_deferred,deferred
nominatim_20260721_1924_matched_provincia_centroid.csv,403,Profession,known_ad_deferred,deferred
nominatim_20260721_1924_matched_provincia_centroid.csv,403,Profession,known_ad_deferred,deferred
nominatim_20260721_1924_matched_provincia_centroid.csv,403,Profession,known_ad_deferred,deferred
nominatim_20260721_1924_matched_provincia_centroid.csv,403,Profession,known_ad_deferred,deferred
nominatim_20260721_1924_matched_provincia_centroid.csv,403,Profession,known_ad_deferred,deferred
nominatim_20260721_1924_matched_provincia_centroid.csv,403,Profession,known_ad_deferred,deferred
nominatim_20260721_1924_matched_provincia_centroid.csv,403,Profession,known_ad_deferred,deferred
nominatim_20260721_1924_matched_provincia_centroid.csv,403,Profession,known_ad_deferred,deferred
nominatim_20260721_1924_matched_provincia_centroid.csv,403,Profession,known_ad_deferred,deferred
nominatim_20260721_1924_matched_provincia_centroid.csv,403,Profession,known_ad_deferred,deferred
nominatim_20260721_1924_matched_provincia_centroid.csv,403,Profession,known_ad_deferred,deferred
nominatim_20260721_1924_matched_provincia_centroid.csv,403,Profession,known_ad_deferred,deferred
nominatim_20260721_1924_matched_provincia_centroid.csv,404,Profession,known_ad_deferred,deferred
nominatim_20260721_1924_matched_provincia_centroid.csv,404,Profession,known_ad_deferred,deferred
nominatim_20260721_1924_matched_provincia_centroid.csv,404,Profession,known_ad_deferred,deferred
nominatim_20260721_1924_matched_provincia_centroid.csv,404,Profession,known_ad_deferred,deferred
nominatim_20260721_1924_matched_provincia_centroid.csv,404,Profession,known_ad_deferred,deferred
nominatim_20260721_1924_matched_provincia_centroid.csv,404,Profession,known_ad_deferred,deferred
nominatim_20260721_1924_matched_provincia_centroid.csv,404,Profession,known_ad_deferred,deferred
nominatim_20260721_1924_matched_provincia_centroid.csv,404,Profession,known_ad_deferred,deferred
nominatim_20260721_1924_matched_provincia_centroid.csv,405,Profession,known_ad_deferred,deferred
nominatim_20260721_1924_matched_provincia_centroid.csv,405,Profession,known_ad_deferred,deferred
nominatim_20260721_1924_matched_provincia_centroid.csv,405,Profession,known_ad_deferred,deferred
nominatim_20260721_1924_matched_provincia_centroid.csv,405,Profession,known_ad_deferred,deferred
nominatim_20260721_1924_matched_provincia_centroid.csv,405,Profession,known_ad_deferred,deferred
nominatim_20260721_1924_matched_provincia_centroid.csv,405,Profession,known_ad_deferred,deferred
nominatim_20260721_1924_matched_provincia_centroid.csv,405,Profession,known_ad_deferred,deferred
nominatim_20260721_1924_matched_provincia_centroid.csv,405,Profession,known_ad_deferred,deferred
nominatim_20260721_1924_matched_provincia_centroid.csv,405,Profession,known_ad_deferred,deferred
nominatim_20260721_1924_matched_provincia_centroid.csv,405,Profession,known_ad_deferred,deferred
nominatim_20260721_1924_matched_provincia_centroid.csv,405,Profession,known_ad_deferred,deferred
nominatim_20260721_1924_matched_provincia_centroid.csv,405,Profession,known_ad_deferred,deferred
nominatim_20260721_1924_matched_provincia_centroid.csv,405,Profession,known_ad_deferred,deferred
nominatim_20260721_1924_matched_provincia_centroid.csv,405,Profession,known_ad_deferred,deferred
nominatim_20260722_1042_nominatim_unmatched_inside.csv,359,Profession,known_ad_deferred,deferred
nominatim_20260722_1042_nominatim_unmatched_inside.csv,359,Profession,known_ad_deferred,deferred
nominatim_20260722_1042_nominatim_unmatched_inside.csv,359,Profession,known_ad_deferred,deferred
nominatim_20260722_1042_nominatim_unmatched_inside.csv,359,Profession,known_ad_deferred,deferred
nominatim_20260722_1042_nominatim_unmatched_inside.csv,359,Profession,known_ad_deferred,deferred
nominatim_20260722_1042_nominatim_unmatched_inside.csv,359,Profession,known_ad_deferred,deferred
nominatim_20260722_1042_nominatim_unmatched_inside.csv,359,Profession,known_ad_deferred,deferred
nominatim_20260722_1042_nominatim_unmatched_inside.csv,359,Profession,known_ad_deferred,deferred
nominatim_20260722_1042_nominatim_unmatched_inside.csv,359,Profession,known_ad_deferred,deferred
nominatim_20260722_1042_nominatim_unmatched_inside.csv,359,Profession,known_ad_deferred,deferred
nominatim_20260722_1042_nominatim_unmatched_inside.csv,359,Profession,known_ad_deferred,deferred
nominatim_20260722_1042_nominatim_unmatched_inside.csv,360,Profession,known_ad_deferred,deferred
nominatim_20260722_1042_nominatim_unmatched_inside.csv,360,Profession,known_ad_deferred,deferred
nominatim_20260722_1042_nominatim_unmatched_inside.csv,360,Profession,known_ad_deferred,deferred
nominatim_20260722_1042_nominatim_unmatched_inside.csv,360,Profession,known_ad_deferred,deferred
nominatim_20260722_1042_nominatim_unmatched_inside.csv,361,Profession,known_ad_deferred,deferred
nominatim_20260722_1042_nominatim_unmatched_inside.csv,361,Profession,known_ad_deferred,deferred
nominatim_20260722_1042_nominatim_unmatched_inside.csv,361,Profession,known_ad_deferred,deferred
nominatim_20260722_1042_nominatim_unmatched_inside.csv,361,Profession,known_ad_deferred,deferred
nominatim_20260722_1042_nominatim_unmatched_inside.csv,361,Profession,known_ad_deferred,deferred
nominatim_20260722_1042_nominatim_unmatched_inside.csv,361,Profession,known_ad_deferred,deferred
nominatim_20260722_1042_nominatim_unmatched_inside.csv,361,Profession,known_ad_deferred,deferred
nominatim_20260722_1042_nominatim_unmatched_inside.csv,361,Profession,known_ad_deferred,deferred
nominatim_20260722_1042_nominatim_unmatched_inside.csv,361,Profession,known_ad_deferred,deferred
nominatim_20260722_1042_nominatim_unmatched_inside.csv,362,Profession,known_ad_deferred,deferred
nominatim_20260722_1042_nominatim_unmatched_inside.csv,362,Profession,known_ad_deferred,deferred
nominatim_20260722_1042_nominatim_unmatched_inside.csv,362,Profession,known_ad_deferred,deferred
nominatim_20260722_1042_nominatim_unmatched_inside.csv,362,Profession,known_ad_deferred,deferred
nominatim_20260722_1042_nominatim_unmatched_inside.csv,362,Profession,known_ad_deferred,deferred
nominatim_20260722_1042_nominatim_unmatched_inside.csv,362,Profession,known_ad_deferred,deferred
nominatim_20260722_1042_nominatim_unmatched_inside.csv,362,Profession,known_ad_deferred,deferred
nominatim_20260722_1042_nominatim_unmatched_inside.csv,362,Profession,known_ad_deferred,deferred
nominatim_20260722_1042_nominatim_unmatched_inside.csv,363,Profession,known_ad_deferred,deferred
nominatim_20260722_1042_nominatim_unmatched_inside.csv,363,Profession,known_ad_deferred,deferred
nominatim_20260722_1042_nominatim_unmatched_inside.csv,363,Profession,known_ad_deferred,deferred
nominatim_20260722_1042_nominatim_unmatched_inside.csv,363,Profession,known_ad_deferred,deferred
nominatim_20260722_1042_nominatim_unmatched_inside.csv,363,Profession,known_ad_deferred,deferred
nominatim_20260722_1042_nominatim_unmatched_inside.csv,363,Profession,known_ad_deferred,deferred
nominatim_20260722_1042_nominatim_unmatched_inside.csv,363,Profession,known_ad_deferred,deferred
nominatim_20260722_1042_nominatim_unmatched_inside.csv,386,Profession,known_ad_deferred,deferred
nominatim_20260722_1042_nominatim_unmatched_inside.csv,387,Profession,known_ad_deferred,deferred
nominatim_20260722_1042_nominatim_unmatched_inside.csv,387,Profession,known_ad_deferred,deferred
nominatim_20260722_1042_nominatim_unmatched_inside.csv,387,Profession,known_ad_deferred,deferred
nominatim_20260722_1042_nominatim_unmatched_inside.csv,388,Profession,known_ad_deferred,deferred
nominatim_20260722_1042_nominatim_unmatched_inside.csv,390,Profession,known_ad_deferred,deferred
nominatim_20260722_1042_nominatim_unmatched_inside.csv,390,Profession,known_ad_deferred,deferred
nominatim_20260722_1042_nominatim_unmatched_inside.csv,390,Profession,known_ad_deferred,deferred
nominatim_20260722_1042_nominatim_unmatched_inside.csv,390,Profession,known_ad_deferred,deferred
nominatim_20260722_1042_nominatim_unmatched_inside.csv,390,Profession,known_ad_deferred,deferred
nominatim_20260722_1042_nominatim_unmatched_inside.csv,390,Profession,known_ad_deferred,deferred
nominatim_20260722_1042_nominatim_unmatched_inside.csv,390,Profession,known_ad_deferred,deferred
nominatim_20260722_1042_nominatim_unmatched_inside.csv,394,Profession,known_ad_deferred,deferred
nominatim_20260722_1042_nominatim_unmatched_inside.csv,394,Profession,known_ad_deferred,deferred
nominatim_20260722_1042_nominatim_unmatched_inside.csv,394,Profession,known_ad_deferred,deferred
nominatim_20260722_1042_nominatim_unmatched_inside.csv,394,Profession,known_ad_deferred,deferred
nominatim_20260722_1042_nominatim_unmatched_inside.csv,394,Profession,known_ad_deferred,deferred
nominatim_20260722_1042_nominatim_unmatched_inside.csv,394,Profession,known_ad_deferred,deferred
nominatim_20260722_1042_nominatim_unmatched_inside.csv,394,Profession,known_ad_deferred,deferred
nominatim_20260722_1042_nominatim_unmatched_inside.csv,397,Profession,known_ad_deferred,deferred
nominatim_20260722_1042_nominatim_unmatched_inside.csv,397,Profession,known_ad_deferred,deferred
nominatim_20260722_1042_nominatim_unmatched_inside.csv,397,Profession,known_ad_deferred,deferred
nominatim_20260722_1042_nominatim_unmatched_inside.csv,397,Profession,known_ad_deferred,deferred
nominatim_20260722_1042_nominatim_unmatched_inside.csv,397,Profession,known_ad_deferred,deferred
nominatim_20260722_1042_nominatim_unmatched_inside.csv,397,Profession,known_ad_deferred,deferred
nominatim_20260722_1042_nominatim_unmatched_inside.csv,397,Profession,known_ad_deferred,deferred
nominatim_20260722_1042_nominatim_unmatched_inside.csv,397,Profession,known_ad_deferred,deferred
nominatim_20260722_1042_nominatim_unmatched_inside.csv,397,Profession,known_ad_deferred,deferred
nominatim_20260722_1042_nominatim_unmatched_inside.csv,397,Profession,known_ad_deferred,deferred
nominatim_20260722_1042_nominatim_unmatched_inside.csv,397,Profession,known_ad_deferred,deferred
nominatim_20260722_1042_nominatim_unmatched_inside.csv,397,Profession,known_ad_deferred,deferred
nominatim_20260722_1042_nominatim_unmatched_inside.csv,397,Profession,known_ad_deferred,deferred
nominatim_20260722_1042_nominatim_unmatched_inside.csv,398,Profession,known_ad_deferred,deferred
nominatim_20260722_1042_nominatim_unmatched_inside.csv,398,Profession,known_ad_deferred,deferred
nominatim_20260722_1042_nominatim_unmatched_inside.csv,398,Profession,known_ad_deferred,deferred
nominatim_20260722_1042_nominatim_unmatched_inside.csv,398,Profession,known_ad_deferred,deferred
nominatim_20260722_1042_nominatim_unmatched_inside.csv,398,Profession,known_ad_deferred,deferred
nominatim_20260722_1042_nominatim_unmatched_inside.csv,398,Profession,known_ad_deferred,deferred
nominatim_20260722_1042_nominatim_unmatched_inside.csv,398,Profession,known_ad_deferred,deferred
nominatim_20260722_1042_nominatim_unmatched_inside.csv,398,Profession,known_ad_deferred,deferred
nominatim_20260722_1042_nominatim_unmatched_inside.csv,398,Profession,known_ad_deferred,deferred
nominatim_20260722_1042_nominatim_unmatched_inside.csv,398,Profession,known_ad_deferred,deferred
nominatim_20260722_1042_nominatim_unmatched_inside.csv,398,Profession,known_ad_deferred,deferred
nominatim_20260722_1042_nominatim_unmatched_inside.csv,398,Profession,known_ad_deferred,deferred
nominatim_20260722_1042_nominatim_unmatched_inside.csv,398,Profession,known_ad_deferred,deferred
nominatim_20260722_1042_nominatim_unmatched_inside.csv,398,Profession,known_ad_deferred,deferred
nominatim_20260722_1042_nominatim_unmatched_inside.csv,398,Profession,known_ad_deferred,deferred
nominatim_20260722_1042_nominatim_unmatched_inside.csv,400,Profession,known_ad_deferred,deferred
nominatim_20260722_1042_nominatim_unmatched_inside.csv,400,Profession,known_ad_deferred,deferred
nominatim_20260722_1042_nominatim_unmatched_inside.csv,400,Profession,known_ad_deferred,deferred
nominatim_20260722_1042_nominatim_unmatched_inside.csv,400,Profession,known_ad_deferred,deferred
nominatim_20260722_1042_nominatim_unmatched_inside.csv,400,Profession,known_ad_deferred,deferred
nominatim_20260722_1042_nominatim_unmatched_inside.csv,400,Profession,known_ad_deferred,deferred
nominatim_20260722_1042_nominatim_unmatched_inside.csv,400,Profession,known_ad_deferred,deferred
nominatim_20260722_1042_nominatim_unmatched_inside.csv,400,Profession,known_ad_deferred,deferred
nominatim_20260722_1042_nominatim_unmatched_inside.csv,402,Profession,known_ad_deferred,deferred
nominatim_20260722_1042_nominatim_unmatched_inside.csv,402,Profession,known_ad_deferred,deferred
nominatim_20260722_1042_nominatim_unmatched_inside.csv,402,Profession,known_ad_deferred,deferred
nominatim_20260722_1042_nominatim_unmatched_inside.csv,402,Profession,known_ad_deferred,deferred
nominatim_20260722_1042_nominatim_unmatched_inside.csv,402,Profession,known_ad_deferred,deferred
nominatim_20260722_1042_nominatim_unmatched_inside.csv,402,Profession,known_ad_deferred,deferred
nominatim_20260722_1042_nominatim_unmatched_inside.csv,402,Profession,known_ad_deferred,deferred
nominatim_20260722_1042_nominatim_unmatched_inside.csv,402,Profession,known_ad_deferred,deferred
nominatim_20260722_1042_nominatim_unmatched_inside.csv,402,Profession,known_ad_deferred,deferred
nominatim_20260722_1042_nominatim_unmatched_inside.csv,406,Profession,known_ad_deferred,deferred
nominatim_20260722_1042_matched_nominatim_inside.csv,359,Profession,known_ad_deferred,deferred
nominatim_20260722_1042_matched_nominatim_inside.csv,359,Profession,known_ad_deferred,deferred
nominatim_20260722_1042_matched_nominatim_inside.csv,359,Profession,known_ad_deferred,deferred
nominatim_20260722_1042_matched_nominatim_inside.csv,359,Profession,known_ad_deferred,deferred
nominatim_20260722_1042_matched_nominatim_inside.csv,359,Profession,known_ad_deferred,deferred
nominatim_20260722_1042_matched_nominatim_inside.csv,360,Profession,known_ad_deferred,deferred
nominatim_20260722_1042_matched_nominatim_inside.csv,360,Profession,known_ad_deferred,deferred
nominatim_20260722_1042_matched_nominatim_inside.csv,360,Profession,known_ad_deferred,deferred
nominatim_20260722_1042_matched_nominatim_inside.csv,361,Profession,known_ad_deferred,deferred
nominatim_20260722_1042_matched_nominatim_inside.csv,362,Profession,known_ad_deferred,deferred
nominatim_20260722_1042_matched_nominatim_inside.csv,362,Profession,known_ad_deferred,deferred
nominatim_20260722_1042_matched_nominatim_inside.csv,362,Profession,known_ad_deferred,deferred
nominatim_20260722_1042_matched_nominatim_inside.csv,362,Profession,known_ad_deferred,deferred
nominatim_20260722_1042_matched_nominatim_inside.csv,363,Profession,known_ad_deferred,deferred
nominatim_20260722_1042_matched_nominatim_inside.csv,363,Profession,known_ad_deferred,deferred
nominatim_20260722_1042_matched_nominatim_inside.csv,363,Profession,known_ad_deferred,deferred
nominatim_20260722_1042_matched_nominatim_inside.csv,363,Profession,known_ad_deferred,deferred
nominatim_20260722_1042_matched_nominatim_inside.csv,363,Profession,known_ad_deferred,deferred
nominatim_20260722_1042_matched_nominatim_inside.csv,363,Profession,known_ad_deferred,deferred
nominatim_20260722_1042_matched_nominatim_inside.csv,363,Profession,known_ad_deferred,deferred
nominatim_20260722_1042_matched_nominatim_inside.csv,363,Profession,known_ad_deferred,deferred
nominatim_20260722_1042_matched_nominatim_inside.csv,390,Profession,known_ad_deferred,deferred
nominatim_20260722_1042_matched_nominatim_inside.csv,390,Profession,known_ad_deferred,deferred
nominatim_20260722_1042_matched_nominatim_inside.csv,390,Profession,known_ad_deferred,deferred
nominatim_20260722_1042_matched_nominatim_inside.csv,390,Profession,known_ad_deferred,deferred
nominatim_20260722_1042_matched_nominatim_inside.csv,390,Profession,known_ad_deferred,deferred
nominatim_20260722_1042_matched_nominatim_inside.csv,394,Profession,known_ad_deferred,deferred
nominatim_20260722_1042_matched_nominatim_inside.csv,394,Profession,known_ad_deferred,deferred
nominatim_20260722_1042_matched_nominatim_inside.csv,394,Profession,known_ad_deferred,deferred
nominatim_20260722_1042_matched_nominatim_inside.csv,394,Profession,known_ad_deferred,deferred
nominatim_20260722_1042_matched_nominatim_inside.csv,394,Profession,known_ad_deferred,deferred
nominatim_20260722_1042_matched_nominatim_inside.csv,394,Profession,known_ad_deferred,deferred
nominatim_20260722_1042_matched_nominatim_inside.csv,394,Profession,known_ad_deferred,deferred
nominatim_20260722_1042_matched_nominatim_inside.csv,394,Profession,known_ad_deferred,deferred
nominatim_20260722_1042_matched_nominatim_inside.csv,394,Profession,known_ad_deferred,deferred
nominatim_20260722_1042_matched_nominatim_inside.csv,397,Profession,known_ad_deferred,deferred
nominatim_20260722_1042_matched_nominatim_inside.csv,397,Profession,known_ad_deferred,deferred
nominatim_20260722_1042_matched_nominatim_inside.csv,398,Profession,known_ad_deferred,deferred
nominatim_20260722_1042_matched_nominatim_inside.csv,398,Profession,known_ad_deferred,deferred
nominatim_20260722_1042_matched_nominatim_inside.csv,398,Profession,known_ad_deferred,deferred
nominatim_20260722_1042_matched_nominatim_inside.csv,398,Profession,known_ad_deferred,deferred
nominatim_20260722_1042_matched_nominatim_inside.csv,398,Profession,known_ad_deferred,deferred
nominatim_20260722_1042_matched_nominatim_inside.csv,400,Profession,known_ad_deferred,deferred
nominatim_20260722_1042_matched_nominatim_inside.csv,400,Profession,known_ad_deferred,deferred
nominatim_20260722_1042_matched_nominatim_inside.csv,400,Profession,known_ad_deferred,deferred
nominatim_20260722_1042_matched_nominatim_inside.csv,402,Profession,known_ad_deferred,deferred
nominatim_20260722_1042_matched_nominatim_inside.csv,402,Profession,known_ad_deferred,deferred
nominatim_20260722_1042_matched_nominatim_inside.csv,402,Profession,known_ad_deferred,deferred
nominatim_20260722_1042_matched_nominatim_inside.csv,402,Profession,known_ad_deferred,deferred
nominatim_20260722_1042_matched_nominatim_inside.csv,402,Profession,known_ad_deferred,deferred
nominatim_20260722_1042_matched_nominatim_inside.csv,402,Profession,known_ad_deferred,deferred
nominatim_20260722_1042_matched_nominatim_inside.csv,405,Profession,known_ad_deferred,deferred
all_pages_20260721_1901_geocoded.csv,359,Profession,known_ad_deferred,deferred
all_pages_20260721_1901_geocoded.csv,359,Profession,known_ad_deferred,deferred
all_pages_20260721_1901_geocoded.csv,359,Profession,known_ad_deferred,deferred
all_pages_20260721_1901_geocoded.csv,359,Profession,known_ad_deferred,deferred
all_pages_20260721_1901_geocoded.csv,359,Profession,known_ad_deferred,deferred
all_pages_20260721_1901_geocoded.csv,359,Profession,known_ad_deferred,deferred
all_pages_20260721_1901_geocoded.csv,359,Profession,known_ad_deferred,deferred
all_pages_20260721_1901_geocoded.csv,359,Profession,known_ad_deferred,deferred
all_pages_20260721_1901_geocoded.csv,359,Profession,known_ad_deferred,deferred
all_pages_20260721_1901_geocoded.csv,359,Profession,known_ad_deferred,deferred
all_pages_20260721_1901_geocoded.csv,359,Profession,known_ad_deferred,deferred
all_pages_20260721_1901_geocoded.csv,359,Profession,known_ad_deferred,deferred
all_pages_20260721_1901_geocoded.csv,359,Profession,known_ad_deferred,deferred
all_pages_20260721_1901_geocoded.csv,359,Profession,known_ad_deferred,deferred
all_pages_20260721_1901_geocoded.csv,359,Profession,known_ad_deferred,deferred
all_pages_20260721_1901_geocoded.csv,359,Profession,known_ad_deferred,deferred
all_pages_20260721_1901_geocoded.csv,359,Profession,known_ad_deferred,deferred
all_pages_20260721_1901_geocoded.csv,359,Profession,known_ad_deferred,deferred
all_pages_20260721_1901_geocoded.csv,359,Profession,known_ad_deferred,deferred
all_pages_20260721_1901_geocoded.csv,359,Profession,known_ad_deferred,deferred
all_pages_20260721_1901_geocoded.csv,359,Profession,known_ad_deferred,deferred
all_pages_20260721_1901_geocoded.csv,359,Profession,known_ad_deferred,deferred
all_pages_20260721_1901_geocoded.csv,359,Profession,known_ad_deferred,deferred
all_pages_20260721_1901_geocoded.csv,359,Profession,known_ad_deferred,deferred
all_pages_20260721_1901_geocoded.csv,359,Profession,known_ad_deferred,deferred
all_pages_20260721_1901_geocoded.csv,359,Profession,known_ad_deferred,deferred
all_pages_20260721_1901_geocoded.csv,359,Profession,known_ad_deferred,deferred
all_pages_20260721_1901_geocoded.csv,359,Profession,known_ad_deferred,deferred
all_pages_20260721_1901_geocoded.csv,359,Profession,known_ad_deferred,deferred
all_pages_20260721_1901_geocoded.csv,359,Profession,known_ad_deferred,deferred
all_pages_20260721_1901_geocoded.csv,360,Profession,known_ad_deferred,deferred
all_pages_20260721_1901_geocoded.csv,360,Profession,known_ad_deferred,deferred
all_pages_20260721_1901_geocoded.csv,360,Profession,known_ad_deferred,deferred
all_pages_20260721_1901_geocoded.csv,360,Profession,known_ad_deferred,deferred
all_pages_20260721_1901_geocoded.csv,360,Profession,known_ad_deferred,deferred
all_pages_20260721_1901_geocoded.csv,360,Profession,known_ad_deferred,deferred
all_pages_20260721_1901_geocoded.csv,360,Profession,known_ad_deferred,deferred
all_pages_20260721_1901_geocoded.csv,360,Profession,known_ad_deferred,deferred
all_pages_20260721_1901_geocoded.csv,360,Profession,known_ad_deferred,deferred
all_pages_20260721_1901_geocoded.csv,360,Profession,known_ad_deferred,deferred
all_pages_20260721_1901_geocoded.csv,360,Profession,known_ad_deferred,deferred
all_pages_20260721_1901_geocoded.csv,360,Profession,known_ad_deferred,deferred
all_pages_20260721_1901_geocoded.csv,360,Profession,known_ad_deferred,deferred
all_pages_20260721_1901_geocoded.csv,360,Profession,known_ad_deferred,deferred
all_pages_20260721_1901_geocoded.csv,360,Profession,known_ad_deferred,deferred
all_pages_20260721_1901_geocoded.csv,360,Profession,known_ad_deferred,deferred
all_pages_20260721_1901_geocoded.csv,360,Profession,known_ad_deferred,deferred
all_pages_20260721_1901_geocoded.csv,360,Profession,known_ad_deferred,deferred
all_pages_20260721_1901_geocoded.csv,360,Profession,known_ad_deferred,deferred
all_pages_20260721_1901_geocoded.csv,360,Profession,known_ad_deferred,deferred
all_pages_20260721_1901_geocoded.csv,360,Profession,known_ad_deferred,deferred
all_pages_20260721_1901_geocoded.csv,360,Profession,known_ad_deferred,deferred
all_pages_20260721_1901_geocoded.csv,360,Profession,known_ad_deferred,deferred
all_pages_20260721_1901_geocoded.csv,360,Profession,known_ad_deferred,deferred
all_pages_20260721_1901_geocoded.csv,360,Profession,known_ad_deferred,deferred
all_pages_20260721_1901_geocoded.csv,360,Profession,known_ad_deferred,deferred
all_pages_20260721_1901_geocoded.csv,360,Profession,known_ad_deferred,deferred
all_pages_20260721_1901_geocoded.csv,360,Profession,known_ad_deferred,deferred
all_pages_20260721_1901_geocoded.csv,360,Profession,known_ad_deferred,deferred
all_pages_20260721_1901_geocoded.csv,360,Profession,known_ad_deferred,deferred
all_pages_20260721_1901_geocoded.csv,360,Profession,known_ad_deferred,deferred
all_pages_20260721_1901_geocoded.csv,360,Profession,known_ad_deferred,deferred
all_pages_20260721_1901_geocoded.csv,361,Profession,known_ad_deferred,deferred
all_pages_20260721_1901_geocoded.csv,361,Profession,known_ad_deferred,deferred
all_pages_20260721_1901_geocoded.csv,361,Profession,known_ad_deferred,deferred
all_pages_20260721_1901_geocoded.csv,361,Profession,known_ad_deferred,deferred
all_pages_20260721_1901_geocoded.csv,361,Profession,known_ad_deferred,deferred
all_pages_20260721_1901_geocoded.csv,361,Profession,known_ad_deferred,deferred
all_pages_20260721_1901_geocoded.csv,361,Profession,known_ad_deferred,deferred
all_pages_20260721_1901_geocoded.csv,361,Profession,known_ad_deferred,deferred
all_pages_20260721_1901_geocoded.csv,361,Profession,known_ad_deferred,deferred
all_pages_20260721_1901_geocoded.csv,361,Profession,known_ad_deferred,deferred
all_pages_20260721_1901_geocoded.csv,361,Profession,known_ad_deferred,deferred
all_pages_20260721_1901_geocoded.csv,361,Profession,known_ad_deferred,deferred
all_pages_20260721_1901_geocoded.csv,361,Profession,known_ad_deferred,deferred
all_pages_20260721_1901_geocoded.csv,361,Profession,known_ad_deferred,deferred
all_pages_20260721_1901_geocoded.csv,361,Profession,known_ad_deferred,deferred
all_pages_20260721_1901_geocoded.csv,361,Profession,known_ad_deferred,deferred
all_pages_20260721_1901_geocoded.csv,361,Profession,known_ad_deferred,deferred
all_pages_20260721_1901_geocoded.csv,361,Profession,known_ad_deferred,deferred
all_pages_20260721_1901_geocoded.csv,361,Profession,known_ad_deferred,deferred
all_pages_20260721_1901_geocoded.csv,361,Profession,known_ad_deferred,deferred
all_pages_20260721_1901_geocoded.csv,361,Profession,known_ad_deferred,deferred
all_pages_20260721_1901_geocoded.csv,361,Profession,known_ad_deferred,deferred
all_pages_20260721_1901_geocoded.csv,361,Profession,known_ad_deferred,deferred
all_pages_20260721_1901_geocoded.csv,361,Profession,known_ad_deferred,deferred
all_pages_20260721_1901_geocoded.csv,361,Profession,known_ad_deferred,deferred
all_pages_20260721_1901_geocoded.csv,361,Profession,known_ad_deferred,deferred
all_pages_20260721_1901_geocoded.csv,361,Profession,known_ad_deferred,deferred
all_pages_20260721_1901_geocoded.csv,361,Profession,known_ad_deferred,deferred
all_pages_20260721_1901_geocoded.csv,361,Profession,known_ad_deferred,deferred
all_pages_20260721_1901_geocoded.csv,361,Profession,known_ad_deferred,deferred
all_pages_20260721_1901_geocoded.csv,361,Profession,known_ad_deferred,deferred
all_pages_20260721_1901_geocoded.csv,362,Profession,known_ad_deferred,deferred
all_pages_20260721_1901_geocoded.csv,362,Profession,known_ad_deferred,deferred
all_pages_20260721_1901_geocoded.csv,362,Profession,known_ad_deferred,deferred
all_pages_20260721_1901_geocoded.csv,362,Profession,known_ad_deferred,deferred
all_pages_20260721_1901_geocoded.csv,362,Profession,known_ad_deferred,deferred
all_pages_20260721_1901_geocoded.csv,362,Profession,known_ad_deferred,deferred
all_pages_20260721_1901_geocoded.csv,362,Profession,known_ad_deferred,deferred
all_pages_20260721_1901_geocoded.csv,362,Profession,known_ad_deferred,deferred
all_pages_20260721_1901_geocoded.csv,362,Profession,known_ad_deferred,deferred
all_pages_20260721_1901_geocoded.csv,362,Profession,known_ad_deferred,deferred
all_pages_20260721_1901_geocoded.csv,362,Profession,known_ad_deferred,deferred
all_pages_20260721_1901_geocoded.csv,362,Profession,known_ad_deferred,deferred
all_pages_20260721_1901_geocoded.csv,362,Profession,known_ad_deferred,deferred
all_pages_20260721_1901_geocoded.csv,362,Profession,known_ad_deferred,deferred
all_pages_20260721_1901_geocoded.csv,362,Profession,known_ad_deferred,deferred
all_pages_20260721_1901_geocoded.csv,362,Profession,known_ad_deferred,deferred
all_pages_20260721_1901_geocoded.csv,362,Profession,known_ad_deferred,deferred
all_pages_20260721_1901_geocoded.csv,362,Profession,known_ad_deferred,deferred
all_pages_20260721_1901_geocoded.csv,362,Profession,known_ad_deferred,deferred
all_pages_20260721_1901_geocoded.csv,362,Profession,known_ad_deferred,deferred
all_pages_20260721_1901_geocoded.csv,362,Profession,known_ad_deferred,deferred
all_pages_20260721_1901_geocoded.csv,362,Profession,known_ad_deferred,deferred
all_pages_20260721_1901_geocoded.csv,362,Profession,known_ad_deferred,deferred
all_pages_20260721_1901_geocoded.csv,362,Profession,known_ad_deferred,deferred
all_pages_20260721_1901_geocoded.csv,362,Profession,known_ad_deferred,deferred
all_pages_20260721_1901_geocoded.csv,362,Profession,known_ad_deferred,deferred
all_pages_20260721_1901_geocoded.csv,362,Profession,known_ad_deferred,deferred
all_pages_20260721_1901_geocoded.csv,362,Profession,known_ad_deferred,deferred
all_pages_20260721_1901_geocoded.csv,362,Profession,known_ad_deferred,deferred
all_pages_20260721_1901_geocoded.csv,362,Profession,known_ad_deferred,deferred
all_pages_20260721_1901_geocoded.csv,362,Profession,known_ad_deferred,deferred
all_pages_20260721_1901_geocoded.csv,362,Profession,known_ad_deferred,deferred
all_pages_20260721_1901_geocoded.csv,362,Profession,known_ad_deferred,deferred
all_pages_20260721_1901_geocoded.csv,362,Profession,known_ad_deferred,deferred
all_pages_20260721_1901_geocoded.csv,362,Profession,known_ad_deferred,deferred
all_pages_20260721_1901_geocoded.csv,362,Profession,known_ad_deferred,deferred
all_pages_20260721_1901_geocoded.csv,362,Profession,known_ad_deferred,deferred
all_pages_20260721_1901_geocoded.csv,362,Profession,known_ad_deferred,deferred
all_pages_20260721_1901_geocoded.csv,362,Profession,known_ad_deferred,deferred
all_pages_20260721_1901_geocoded.csv,362,Profession,known_ad_deferred,deferred
all_pages_20260721_1901_geocoded.csv,362,Profession,known_ad_deferred,deferred
all_pages_20260721_1901_geocoded.csv,363,Profession,known_ad_deferred,deferred
all_pages_20260721_1901_geocoded.csv,363,Profession,known_ad_deferred,deferred
all_pages_20260721_1901_geocoded.csv,363,Profession,known_ad_deferred,deferred
all_pages_20260721_1901_geocoded.csv,363,Profession,known_ad_deferred,deferred
all_pages_20260721_1901_geocoded.csv,363,Profession,known_ad_deferred,deferred
all_pages_20260721_1901_geocoded.csv,363,Profession,known_ad_deferred,deferred
all_pages_20260721_1901_geocoded.csv,363,Profession,known_ad_deferred,deferred
all_pages_20260721_1901_geocoded.csv,363,Profession,known_ad_deferred,deferred
all_pages_20260721_1901_geocoded.csv,363,Profession,known_ad_deferred,deferred
all_pages_20260721_1901_geocoded.csv,363,Profession,known_ad_deferred,deferred
all_pages_20260721_1901_geocoded.csv,363,Profession,known_ad_deferred,deferred
all_pages_20260721_1901_geocoded.csv,363,Profession,known_ad_deferred,deferred
all_pages_20260721_1901_geocoded.csv,363,Profession,known_ad_deferred,deferred
all_pages_20260721_1901_geocoded.csv,363,Profession,known_ad_deferred,deferred
all_pages_20260721_1901_geocoded.csv,363,Profession,known_ad_deferred,deferred
all_pages_20260721_1901_geocoded.csv,363,Profession,known_ad_deferred,deferred
all_pages_20260721_1901_geocoded.csv,363,Profession,known_ad_deferred,deferred
all_pages_20260721_1901_geocoded.csv,363,Profession,known_ad_deferred,deferred
all_pages_20260721_1901_geocoded.csv,363,Profession,known_ad_deferred,deferred
all_pages_20260721_1901_geocoded.csv,363,Profession,known_ad_deferred,deferred
all_pages_20260721_1901_geocoded.csv,363,Profession,known_ad_deferred,deferred
all_pages_20260721_1901_geocoded.csv,363,Profession,known_ad_deferred,deferred
all_pages_20260721_1901_geocoded.csv,363,Profession,known_ad_deferred,deferred
all_pages_20260721_1901_geocoded.csv,363,Profession,known_ad_deferred,deferred
all_pages_20260721_1901_geocoded.csv,363,Profession,known_ad_deferred,deferred
all_pages_20260721_1901_geocoded.csv,363,Profession,known_ad_deferred,deferred
all_pages_20260721_1901_geocoded.csv,363,Profession,known_ad_deferred,deferred
all_pages_20260721_1901_geocoded.csv,363,Profession,known_ad_deferred,deferred
all_pages_20260721_1901_geocoded.csv,363,Profession,known_ad_deferred,deferred
all_pages_20260721_1901_geocoded.csv,363,Profession,known_ad_deferred,deferred
all_pages_20260721_1901_geocoded.csv,363,Profession,known_ad_deferred,deferred
all_pages_20260721_1901_geocoded.csv,363,Profession,known_ad_deferred,deferred
all_pages_20260721_1901_geocoded.csv,363,Profession,known_ad_deferred,deferred
all_pages_20260721_1901_geocoded.csv,385,Profession,known_ad_deferred,deferred
all_pages_20260721_1901_geocoded.csv,385,Profession,known_ad_deferred,deferred
all_pages_20260721_1901_geocoded.csv,385,Profession,known_ad_deferred,deferred
all_pages_20260721_1901_geocoded.csv,385,Profession,known_ad_deferred,deferred
all_pages_20260721_1901_geocoded.csv,385,Profession,known_ad_deferred,deferred
all_pages_20260721_1901_geocoded.csv,385,Profession,known_ad_deferred,deferred
all_pages_20260721_1901_geocoded.csv,385,Profession,known_ad_deferred,deferred
all_pages_20260721_1901_geocoded.csv,385,Profession,known_ad_deferred,deferred
all_pages_20260721_1901_geocoded.csv,385,Profession,known_ad_deferred,deferred
all_pages_20260721_1901_geocoded.csv,385,Profession,known_ad_deferred,deferred
all_pages_20260721_1901_geocoded.csv,385,Profession,known_ad_deferred,deferred
all_pages_20260721_1901_geocoded.csv,385,Profession,known_ad_deferred,deferred
all_pages_20260721_1901_geocoded.csv,385,Profession,known_ad_deferred,deferred
all_pages_20260721_1901_geocoded.csv,385,Profession,known_ad_deferred,deferred
all_pages_20260721_1901_geocoded.csv,385,Profession,known_ad_deferred,deferred
all_pages_20260721_1901_geocoded.csv,385,Profession,known_ad_deferred,deferred
all_pages_20260721_1901_geocoded.csv,385,Profession,known_ad_deferred,deferred
all_pages_20260721_1901_geocoded.csv,385,Profession,known_ad_deferred,deferred
all_pages_20260721_1901_geocoded.csv,385,Profession,known_ad_deferred,deferred
all_pages_20260721_1901_geocoded.csv,385,Profession,known_ad_deferred,deferred
all_pages_20260721_1901_geocoded.csv,385,Profession,known_ad_deferred,deferred
all_pages_20260721_1901_geocoded.csv,385,Profession,known_ad_deferred,deferred
all_pages_20260721_1901_geocoded.csv,385,Profession,known_ad_deferred,deferred
all_pages_20260721_1901_geocoded.csv,385,Profession,known_ad_deferred,deferred
all_pages_20260721_1901_geocoded.csv,385,Profession,known_ad_deferred,deferred
all_pages_20260721_1901_geocoded.csv,386,Profession,known_ad_deferred,deferred
all_pages_20260721_1901_geocoded.csv,386,Profession,known_ad_deferred,deferred
all_pages_20260721_1901_geocoded.csv,386,Profession,known_ad_deferred,deferred
all_pages_20260721_1901_geocoded.csv,386,Profession,known_ad_deferred,deferred
all_pages_20260721_1901_geocoded.csv,386,Profession,known_ad_deferred,deferred
all_pages_20260721_1901_geocoded.csv,386,Profession,known_ad_deferred,deferred
all_pages_20260721_1901_geocoded.csv,386,Profession,known_ad_deferred,deferred
all_pages_20260721_1901_geocoded.csv,386,Profession,known_ad_deferred,deferred
all_pages_20260721_1901_geocoded.csv,386,Profession,known_ad_deferred,deferred
all_pages_20260721_1901_geocoded.csv,386,Profession,known_ad_deferred,deferred
all_pages_20260721_1901_geocoded.csv,386,Profession,known_ad_deferred,deferred
all_pages_20260721_1901_geocoded.csv,386,Profession,known_ad_deferred,deferred
all_pages_20260721_1901_geocoded.csv,386,Profession,known_ad_deferred,deferred
all_pages_20260721_1901_geocoded.csv,386,Profession,known_ad_deferred,deferred
all_pages_20260721_1901_geocoded.csv,386,Profession,known_ad_deferred,deferred
all_pages_20260721_1901_geocoded.csv,386,Profession,known_ad_deferred,deferred
all_pages_20260721_1901_geocoded.csv,386,Profession,known_ad_deferred,deferred
all_pages_20260721_1901_geocoded.csv,386,Profession,known_ad_deferred,deferred
all_pages_20260721_1901_geocoded.csv,386,Profession,known_ad_deferred,deferred
all_pages_20260721_1901_geocoded.csv,386,Profession,known_ad_deferred,deferred
all_pages_20260721_1901_geocoded.csv,386,Profession,known_ad_deferred,deferred
all_pages_20260721_1901_geocoded.csv,386,Profession,known_ad_deferred,deferred
all_pages_20260721_1901_geocoded.csv,386,Profession,known_ad_deferred,deferred
all_pages_20260721_1901_geocoded.csv,386,Profession,known_ad_deferred,deferred
all_pages_20260721_1901_geocoded.csv,386,Profession,known_ad_deferred,deferred
all_pages_20260721_1901_geocoded.csv,386,Profession,known_ad_deferred,deferred
all_pages_20260721_1901_geocoded.csv,386,Profession,known_ad_deferred,deferred
all_pages_20260721_1901_geocoded.csv,386,Profession,known_ad_deferred,deferred
all_pages_20260721_1901_geocoded.csv,386,Profession,known_ad_deferred,deferred
all_pages_20260721_1901_geocoded.csv,387,Profession,known_ad_deferred,deferred
all_pages_20260721_1901_geocoded.csv,387,Profession,known_ad_deferred,deferred
all_pages_20260721_1901_geocoded.csv,387,Profession,known_ad_deferred,deferred
all_pages_20260721_1901_geocoded.csv,387,Profession,known_ad_deferred,deferred
all_pages_20260721_1901_geocoded.csv,387,Profession,known_ad_deferred,deferred
all_pages_20260721_1901_geocoded.csv,387,Profession,known_ad_deferred,deferred
all_pages_20260721_1901_geocoded.csv,387,Profession,known_ad_deferred,deferred
all_pages_20260721_1901_geocoded.csv,387,Profession,known_ad_deferred,deferred
all_pages_20260721_1901_geocoded.csv,387,Profession,known_ad_deferred,deferred
all_pages_20260721_1901_geocoded.csv,387,Profession,known_ad_deferred,deferred
all_pages_20260721_1901_geocoded.csv,387,Profession,known_ad_deferred,deferred
all_pages_20260721_1901_geocoded.csv,387,Profession,known_ad_deferred,deferred
all_pages_20260721_1901_geocoded.csv,387,Profession,known_ad_deferred,deferred
all_pages_20260721_1901_geocoded.csv,387,Profession,known_ad_deferred,deferred
all_pages_20260721_1901_geocoded.csv,387,Profession,known_ad_deferred,deferred
all_pages_20260721_1901_geocoded.csv,387,Profession,known_ad_deferred,deferred
all_pages_20260721_1901_geocoded.csv,387,Profession,known_ad_deferred,deferred
all_pages_20260721_1901_geocoded.csv,387,Profession,known_ad_deferred,deferred
all_pages_20260721_1901_geocoded.csv,387,Profession,known_ad_deferred,deferred
all_pages_20260721_1901_geocoded.csv,387,Profession,known_ad_deferred,deferred
all_pages_20260721_1901_geocoded.csv,387,Profession,known_ad_deferred,deferred
all_pages_20260721_1901_geocoded.csv,387,Profession,known_ad_deferred,deferred
all_pages_20260721_1901_geocoded.csv,387,Profession,known_ad_deferred,deferred
all_pages_20260721_1901_geocoded.csv,388,Profession,known_ad_deferred,deferred
all_pages_20260721_1901_geocoded.csv,388,Profession,known_ad_deferred,deferred
all_pages_20260721_1901_geocoded.csv,388,Profession,known_ad_deferred,deferred
all_pages_20260721_1901_geocoded.csv,388,Profession,known_ad_deferred,deferred
all_pages_20260721_1901_geocoded.csv,388,Profession,known_ad_deferred,deferred
all_pages_20260721_1901_geocoded.csv,388,Profession,known_ad_deferred,deferred
all_pages_20260721_1901_geocoded.csv,388,Profession,known_ad_deferred,deferred
all_pages_20260721_1901_geocoded.csv,388,Profession,known_ad_deferred,deferred
all_pages_20260721_1901_geocoded.csv,388,Profession,known_ad_deferred,deferred
all_pages_20260721_1901_geocoded.csv,388,Profession,known_ad_deferred,deferred
all_pages_20260721_1901_geocoded.csv,388,Profession,known_ad_deferred,deferred
all_pages_20260721_1901_geocoded.csv,388,Profession,known_ad_deferred,deferred
all_pages_20260721_1901_geocoded.csv,388,Profession,known_ad_deferred,deferred
all_pages_20260721_1901_geocoded.csv,388,Profession,known_ad_deferred,deferred
all_pages_20260721_1901_geocoded.csv,388,Profession,known_ad_deferred,deferred
all_pages_20260721_1901_geocoded.csv,388,Profession,known_ad_deferred,deferred
all_pages_20260721_1901_geocoded.csv,388,Profession,known_ad_deferred,deferred
all_pages_20260721_1901_geocoded.csv,388,Profession,known_ad_deferred,deferred
all_pages_20260721_1901_geocoded.csv,388,Profession,known_ad_deferred,deferred
all_pages_20260721_1901_geocoded.csv,388,Profession,known_ad_deferred,deferred
all_pages_20260721_1901_geocoded.csv,388,Profession,known_ad_deferred,deferred
all_pages_20260721_1901_geocoded.csv,388,Profession,known_ad_deferred,deferred
all_pages_20260721_1901_geocoded.csv,388,Profession,known_ad_deferred,deferred
all_pages_20260721_1901_geocoded.csv,388,Profession,known_ad_deferred,deferred
all_pages_20260721_1901_geocoded.csv,388,Profession,known_ad_deferred,deferred
all_pages_20260721_1901_geocoded.csv,388,Profession,known_ad_deferred,deferred
all_pages_20260721_1901_geocoded.csv,388,Profession,known_ad_deferred,deferred
all_pages_20260721_1901_geocoded.csv,388,Profession,known_ad_deferred,deferred
all_pages_20260721_1901_geocoded.csv,388,Profession,known_ad_deferred,deferred
all_pages_20260721_1901_geocoded.csv,388,Profession,known_ad_deferred,deferred
all_pages_20260721_1901_geocoded.csv,388,Profession,known_ad_deferred,deferred
all_pages_20260721_1901_geocoded.csv,388,Profession,known_ad_deferred,deferred
all_pages_20260721_1901_geocoded.csv,388,Profession,known_ad_deferred,deferred
all_pages_20260721_1901_geocoded.csv,388,Profession,known_ad_deferred,deferred
all_pages_20260721_1901_geocoded.csv,388,Profession,known_ad_deferred,deferred
all_pages_20260721_1901_geocoded.csv,388,Profession,known_ad_deferred,deferred
all_pages_20260721_1901_geocoded.csv,388,Profession,known_ad_deferred,deferred
all_pages_20260721_1901_geocoded.csv,388,Profession,known_ad_deferred,deferred
all_pages_20260721_1901_geocoded.csv,388,Profession,known_ad_deferred,deferred
all_pages_20260721_1901_geocoded.csv,388,Profession,known_ad_deferred,deferred
all_pages_20260721_1901_geocoded.csv,388,Profession,known_ad_deferred,deferred
all_pages_20260721_1901_geocoded.csv,388,Profession,known_ad_deferred,deferred
all_pages_20260721_1901_geocoded.csv,390,Profession,known_ad_deferred,deferred
all_pages_20260721_1901_geocoded.csv,390,Profession,known_ad_deferred,deferred
all_pages_20260721_1901_geocoded.csv,390,Profession,known_ad_deferred,deferred
all_pages_20260721_1901_geocoded.csv,390,Profession,known_ad_deferred,deferred
all_pages_20260721_1901_geocoded.csv,390,Profession,known_ad_deferred,deferred
all_pages_20260721_1901_geocoded.csv,390,Profession,known_ad_deferred,deferred
all_pages_20260721_1901_geocoded.csv,390,Profession,known_ad_deferred,deferred
all_pages_20260721_1901_geocoded.csv,390,Profession,known_ad_deferred,deferred
all_pages_20260721_1901_geocoded.csv,390,Profession,known_ad_deferred,deferred
all_pages_20260721_1901_geocoded.csv,390,Profession,known_ad_deferred,deferred
all_pages_20260721_1901_geocoded.csv,390,Profession,known_ad_deferred,deferred
all_pages_20260721_1901_geocoded.csv,390,Profession,known_ad_deferred,deferred
all_pages_20260721_1901_geocoded.csv,390,Profession,known_ad_deferred,deferred
all_pages_20260721_1901_geocoded.csv,390,Profession,known_ad_deferred,deferred
all_pages_20260721_1901_geocoded.csv,390,Profession,known_ad_deferred,deferred
all_pages_20260721_1901_geocoded.csv,390,Profession,known_ad_deferred,deferred
all_pages_20260721_1901_geocoded.csv,390,Profession,known_ad_deferred,deferred
all_pages_20260721_1901_geocoded.csv,390,Profession,known_ad_deferred,deferred
all_pages_20260721_1901_geocoded.csv,390,Profession,known_ad_deferred,deferred
all_pages_20260721_1901_geocoded.csv,390,Profession,known_ad_deferred,deferred
all_pages_20260721_1901_geocoded.csv,390,Profession,known_ad_deferred,deferred
all_pages_20260721_1901_geocoded.csv,390,Profession,known_ad_deferred,deferred
all_pages_20260721_1901_geocoded.csv,390,Profession,known_ad_deferred,deferred
all_pages_20260721_1901_geocoded.csv,390,Profession,known_ad_deferred,deferred
all_pages_20260721_1901_geocoded.csv,390,Profession,known_ad_deferred,deferred
all_pages_20260721_1901_geocoded.csv,390,Profession,known_ad_deferred,deferred
all_pages_20260721_1901_geocoded.csv,390,Profession,known_ad_deferred,deferred
all_pages_20260721_1901_geocoded.csv,390,Profession,known_ad_deferred,deferred
all_pages_20260721_1901_geocoded.csv,390,Profession,known_ad_deferred,deferred
all_pages_20260721_1901_geocoded.csv,390,Profession,known_ad_deferred,deferred
all_pages_20260721_1901_geocoded.csv,390,Profession,known_ad_deferred,deferred
all_pages_20260721_1901_geocoded.csv,390,Profession,known_ad_deferred,deferred
all_pages_20260721_1901_geocoded.csv,393,Profession,known_ad_deferred,deferred
all_pages_20260721_1901_geocoded.csv,393,Profession,known_ad_deferred,deferred
all_pages_20260721_1901_geocoded.csv,393,Profession,known_ad_deferred,deferred
all_pages_20260721_1901_geocoded.csv,393,Profession,known_ad_deferred,deferred
all_pages_20260721_1901_geocoded.csv,393,Profession,known_ad_deferred,deferred
all_pages_20260721_1901_geocoded.csv,393,Profession,known_ad_deferred,deferred
all_pages_20260721_1901_geocoded.csv,393,Profession,known_ad_deferred,deferred
all_pages_20260721_1901_geocoded.csv,393,Profession,known_ad_deferred,deferred
all_pages_20260721_1901_geocoded.csv,393,Profession,known_ad_deferred,deferred
all_pages_20260721_1901_geocoded.csv,393,Profession,known_ad_deferred,deferred
all_pages_20260721_1901_geocoded.csv,393,Profession,known_ad_deferred,deferred
all_pages_20260721_1901_geocoded.csv,393,Profession,known_ad_deferred,deferred
all_pages_20260721_1901_geocoded.csv,393,Profession,known_ad_deferred,deferred
all_pages_20260721_1901_geocoded.csv,393,Profession,known_ad_deferred,deferred
all_pages_20260721_1901_geocoded.csv,393,Profession,known_ad_deferred,deferred
all_pages_20260721_1901_geocoded.csv,393,Profession,known_ad_deferred,deferred
all_pages_20260721_1901_geocoded.csv,393,Profession,known_ad_deferred,deferred
all_pages_20260721_1901_geocoded.csv,393,Profession,known_ad_deferred,deferred
all_pages_20260721_1901_geocoded.csv,393,Profession,known_ad_deferred,deferred
all_pages_20260721_1901_geocoded.csv,393,Profession,known_ad_deferred,deferred
all_pages_20260721_1901_geocoded.csv,393,Profession,known_ad_deferred,deferred
all_pages_20260721_1901_geocoded.csv,393,Profession,known_ad_deferred,deferred
all_pages_20260721_1901_geocoded.csv,393,Profession,known_ad_deferred,deferred
all_pages_20260721_1901_geocoded.csv,393,Profession,known_ad_deferred,deferred
all_pages_20260721_1901_geocoded.csv,393,Profession,known_ad_deferred,deferred
all_pages_20260721_1901_geocoded.csv,393,Profession,known_ad_deferred,deferred
all_pages_20260721_1901_geocoded.csv,393,Profession,known_ad_deferred,deferred
all_pages_20260721_1901_geocoded.csv,393,Profession,known_ad_deferred,deferred
all_pages_20260721_1901_geocoded.csv,393,Profession,known_ad_deferred,deferred
all_pages_20260721_1901_geocoded.csv,393,Profession,known_ad_deferred,deferred
all_pages_20260721_1901_geocoded.csv,393,Profession,known_ad_deferred,deferred
all_pages_20260721_1901_geocoded.csv,393,Profession,known_ad_deferred,deferred
all_pages_20260721_1901_geocoded.csv,393,Profession,known_ad_deferred,deferred
all_pages_20260721_1901_geocoded.csv,393,Profession,known_ad_deferred,deferred
all_pages_20260721_1901_geocoded.csv,393,Profession,known_ad_deferred,deferred
all_pages_20260721_1901_geocoded.csv,393,Profession,known_ad_deferred,deferred
all_pages_20260721_1901_geocoded.csv,393,Profession,known_ad_deferred,deferred
all_pages_20260721_1901_geocoded.csv,393,Profession,known_ad_deferred,deferred
all_pages_20260721_1901_geocoded.csv,393,Profession,known_ad_deferred,deferred
all_pages_20260721_1901_geocoded.csv,393,Profession,known_ad_deferred,deferred
all_pages_20260721_1901_geocoded.csv,393,Profession,known_ad_deferred,deferred
all_pages_20260721_1901_geocoded.csv,393,Profession,known_ad_deferred,deferred
all_pages_20260721_1901_geocoded.csv,393,Profession,known_ad_deferred,deferred
all_pages_20260721_1901_geocoded.csv,393,Profession,known_ad_deferred,deferred
all_pages_20260721_1901_geocoded.csv,393,Profession,known_ad_deferred,deferred
all_pages_20260721_1901_geocoded.csv,393,Profession,known_ad_deferred,deferred
all_pages_20260721_1901_geocoded.csv,393,Profession,known_ad_deferred,deferred
all_pages_20260721_1901_geocoded.csv,393,Profession,known_ad_deferred,deferred
all_pages_20260721_1901_geocoded.csv,393,Profession,known_ad_deferred,deferred
all_pages_20260721_1901_geocoded.csv,393,Profession,known_ad_deferred,deferred
all_pages_20260721_1901_geocoded.csv,393,Profession,known_ad_deferred,deferred
all_pages_20260721_1901_geocoded.csv,393,Profession,known_ad_deferred,deferred
all_pages_20260721_1901_geocoded.csv,393,Profession,known_ad_deferred,deferred
all_pages_20260721_1901_geocoded.csv,393,Profession,known_ad_deferred,deferred
all_pages_20260721_1901_geocoded.csv,393,Profession,known_ad_deferred,deferred
all_pages_20260721_1901_geocoded.csv,393,Profession,known_ad_deferred,deferred
all_pages_20260721_1901_geocoded.csv,393,Profession,known_ad_deferred,deferred
all_pages_20260721_1901_geocoded.csv,393,Profession,known_ad_deferred,deferred
all_pages_20260721_1901_geocoded.csv,393,Profession,known_ad_deferred,deferred
all_pages_20260721_1901_geocoded.csv,393,Profession,known_ad_deferred,deferred
all_pages_20260721_1901_geocoded.csv,393,Profession,known_ad_deferred,deferred
all_pages_20260721_1901_geocoded.csv,393,Profession,known_ad_deferred,deferred
all_pages_20260721_1901_geocoded.csv,393,Profession,known_ad_deferred,deferred
all_pages_20260721_1901_geocoded.csv,393,Profession,known_ad_deferred,deferred
all_pages_20260721_1901_geocoded.csv,393,Profession,known_ad_deferred,deferred
all_pages_20260721_1901_geocoded.csv,393,Profession,known_ad_deferred,deferred
all_pages_20260721_1901_geocoded.csv,394,Profession,known_ad_deferred,deferred
all_pages_20260721_1901_geocoded.csv,394,Profession,known_ad_deferred,deferred
all_pages_20260721_1901_geocoded.csv,394,Profession,known_ad_deferred,deferred
all_pages_20260721_1901_geocoded.csv,394,Profession,known_ad_deferred,deferred
all_pages_20260721_1901_geocoded.csv,394,Profession,known_ad_deferred,deferred
all_pages_20260721_1901_geocoded.csv,394,Profession,known_ad_deferred,deferred
all_pages_20260721_1901_geocoded.csv,394,Profession,known_ad_deferred,deferred
all_pages_20260721_1901_geocoded.csv,394,Profession,known_ad_deferred,deferred
all_pages_20260721_1901_geocoded.csv,394,Profession,known_ad_deferred,deferred
all_pages_20260721_1901_geocoded.csv,394,Profession,known_ad_deferred,deferred
all_pages_20260721_1901_geocoded.csv,394,Profession,known_ad_deferred,deferred
all_pages_20260721_1901_geocoded.csv,394,Profession,known_ad_deferred,deferred
all_pages_20260721_1901_geocoded.csv,394,Profession,known_ad_deferred,deferred
all_pages_20260721_1901_geocoded.csv,394,Profession,known_ad_deferred,deferred
all_pages_20260721_1901_geocoded.csv,394,Profession,known_ad_deferred,deferred
all_pages_20260721_1901_geocoded.csv,394,Profession,known_ad_deferred,deferred
all_pages_20260721_1901_geocoded.csv,394,Profession,known_ad_deferred,deferred
all_pages_20260721_1901_geocoded.csv,394,Profession,known_ad_deferred,deferred
all_pages_20260721_1901_geocoded.csv,394,Profession,known_ad_deferred,deferred
all_pages_20260721_1901_geocoded.csv,394,Profession,known_ad_deferred,deferred
all_pages_20260721_1901_geocoded.csv,394,Profession,known_ad_deferred,deferred
all_pages_20260721_1901_geocoded.csv,394,Profession,known_ad_deferred,deferred
all_pages_20260721_1901_geocoded.csv,394,Profession,known_ad_deferred,deferred
all_pages_20260721_1901_geocoded.csv,394,Profession,known_ad_deferred,deferred
all_pages_20260721_1901_geocoded.csv,394,Profession,known_ad_deferred,deferred
all_pages_20260721_1901_geocoded.csv,394,Profession,known_ad_deferred,deferred
all_pages_20260721_1901_geocoded.csv,394,Profession,known_ad_deferred,deferred
all_pages_20260721_1901_geocoded.csv,394,Profession,known_ad_deferred,deferred
all_pages_20260721_1901_geocoded.csv,394,Profession,known_ad_deferred,deferred
all_pages_20260721_1901_geocoded.csv,394,Profession,known_ad_deferred,deferred
all_pages_20260721_1901_geocoded.csv,394,Profession,known_ad_deferred,deferred
all_pages_20260721_1901_geocoded.csv,394,Profession,known_ad_deferred,deferred
all_pages_20260721_1901_geocoded.csv,397,Profession,known_ad_deferred,deferred
all_pages_20260721_1901_geocoded.csv,397,Profession,known_ad_deferred,deferred
all_pages_20260721_1901_geocoded.csv,397,Profession,known_ad_deferred,deferred
all_pages_20260721_1901_geocoded.csv,397,Profession,known_ad_deferred,deferred
all_pages_20260721_1901_geocoded.csv,397,Profession,known_ad_deferred,deferred
all_pages_20260721_1901_geocoded.csv,397,Profession,known_ad_deferred,deferred
all_pages_20260721_1901_geocoded.csv,397,Profession,known_ad_deferred,deferred
all_pages_20260721_1901_geocoded.csv,397,Profession,known_ad_deferred,deferred
all_pages_20260721_1901_geocoded.csv,397,Profession,known_ad_deferred,deferred
all_pages_20260721_1901_geocoded.csv,397,Profession,known_ad_deferred,deferred
all_pages_20260721_1901_geocoded.csv,397,Profession,known_ad_deferred,deferred
all_pages_20260721_1901_geocoded.csv,397,Profession,known_ad_deferred,deferred
all_pages_20260721_1901_geocoded.csv,397,Profession,known_ad_deferred,deferred
all_pages_20260721_1901_geocoded.csv,397,Profession,known_ad_deferred,deferred
all_pages_20260721_1901_geocoded.csv,397,Profession,known_ad_deferred,deferred
all_pages_20260721_1901_geocoded.csv,397,Profession,known_ad_deferred,deferred
all_pages_20260721_1901_geocoded.csv,397,Profession,known_ad_deferred,deferred
all_pages_20260721_1901_geocoded.csv,397,Profession,known_ad_deferred,deferred
all_pages_20260721_1901_geocoded.csv,397,Profession,known_ad_deferred,deferred
all_pages_20260721_1901_geocoded.csv,397,Profession,known_ad_deferred,deferred
all_pages_20260721_1901_geocoded.csv,397,Profession,known_ad_deferred,deferred
all_pages_20260721_1901_geocoded.csv,397,Profession,known_ad_deferred,deferred
all_pages_20260721_1901_geocoded.csv,397,Profession,known_ad_deferred,deferred
all_pages_20260721_1901_geocoded.csv,397,Profession,known_ad_deferred,deferred
all_pages_20260721_1901_geocoded.csv,397,Profession,known_ad_deferred,deferred
all_pages_20260721_1901_geocoded.csv,397,Profession,known_ad_deferred,deferred
all_pages_20260721_1901_geocoded.csv,397,Profession,known_ad_deferred,deferred
all_pages_20260721_1901_geocoded.csv,397,Profession,known_ad_deferred,deferred
all_pages_20260721_1901_geocoded.csv,397,Profession,known_ad_deferred,deferred
all_pages_20260721_1901_geocoded.csv,397,Profession,known_ad_deferred,deferred
all_pages_20260721_1901_geocoded.csv,397,Profession,known_ad_deferred,deferred
all_pages_20260721_1901_geocoded.csv,397,Profession,known_ad_deferred,deferred
all_pages_20260721_1901_geocoded.csv,398,Profession,known_ad_deferred,deferred
all_pages_20260721_1901_geocoded.csv,398,Profession,known_ad_deferred,deferred
all_pages_20260721_1901_geocoded.csv,398,Profession,known_ad_deferred,deferred
all_pages_20260721_1901_geocoded.csv,398,Profession,known_ad_deferred,deferred
all_pages_20260721_1901_geocoded.csv,398,Profession,known_ad_deferred,deferred
all_pages_20260721_1901_geocoded.csv,398,Profession,known_ad_deferred,deferred
all_pages_20260721_1901_geocoded.csv,398,Profession,known_ad_deferred,deferred
all_pages_20260721_1901_geocoded.csv,398,Profession,known_ad_deferred,deferred
all_pages_20260721_1901_geocoded.csv,398,Profession,known_ad_deferred,deferred
all_pages_20260721_1901_geocoded.csv,398,Profession,known_ad_deferred,deferred
all_pages_20260721_1901_geocoded.csv,398,Profession,known_ad_deferred,deferred
all_pages_20260721_1901_geocoded.csv,398,Profession,known_ad_deferred,deferred
all_pages_20260721_1901_geocoded.csv,398,Profession,known_ad_deferred,deferred
all_pages_20260721_1901_geocoded.csv,398,Profession,known_ad_deferred,deferred
all_pages_20260721_1901_geocoded.csv,398,Profession,known_ad_deferred,deferred
all_pages_20260721_1901_geocoded.csv,398,Profession,known_ad_deferred,deferred
all_pages_20260721_1901_geocoded.csv,398,Profession,known_ad_deferred,deferred
all_pages_20260721_1901_geocoded.csv,398,Profession,known_ad_deferred,deferred
all_pages_20260721_1901_geocoded.csv,398,Profession,known_ad_deferred,deferred
all_pages_20260721_1901_geocoded.csv,398,Profession,known_ad_deferred,deferred
all_pages_20260721_1901_geocoded.csv,398,Profession,known_ad_deferred,deferred
all_pages_20260721_1901_geocoded.csv,398,Profession,known_ad_deferred,deferred
all_pages_20260721_1901_geocoded.csv,398,Profession,known_ad_deferred,deferred
all_pages_20260721_1901_geocoded.csv,398,Profession,known_ad_deferred,deferred
all_pages_20260721_1901_geocoded.csv,398,Profession,known_ad_deferred,deferred
all_pages_20260721_1901_geocoded.csv,398,Profession,known_ad_deferred,deferred
all_pages_20260721_1901_geocoded.csv,398,Profession,known_ad_deferred,deferred
all_pages_20260721_1901_geocoded.csv,400,Profession,known_ad_deferred,deferred
all_pages_20260721_1901_geocoded.csv,400,Profession,known_ad_deferred,deferred
all_pages_20260721_1901_geocoded.csv,400,Profession,known_ad_deferred,deferred
all_pages_20260721_1901_geocoded.csv,400,Profession,known_ad_deferred,deferred
all_pages_20260721_1901_geocoded.csv,400,Profession,known_ad_deferred,deferred
all_pages_20260721_1901_geocoded.csv,400,Profession,known_ad_deferred,deferred
all_pages_20260721_1901_geocoded.csv,400,Profession,known_ad_deferred,deferred
all_pages_20260721_1901_geocoded.csv,400,Profession,known_ad_deferred,deferred
all_pages_20260721_1901_geocoded.csv,400,Profession,known_ad_deferred,deferred
all_pages_20260721_1901_geocoded.csv,400,Profession,known_ad_deferred,deferred
all_pages_20260721_1901_geocoded.csv,400,Profession,known_ad_deferred,deferred
all_pages_20260721_1901_geocoded.csv,400,Profession,known_ad_deferred,deferred
all_pages_20260721_1901_geocoded.csv,400,Profession,known_ad_deferred,deferred
all_pages_20260721_1901_geocoded.csv,400,Profession,known_ad_deferred,deferred
all_pages_20260721_1901_geocoded.csv,400,Profession,known_ad_deferred,deferred
all_pages_20260721_1901_geocoded.csv,400,Profession,known_ad_deferred,deferred
all_pages_20260721_1901_geocoded.csv,400,Profession,known_ad_deferred,deferred
all_pages_20260721_1901_geocoded.csv,400,Profession,known_ad_deferred,deferred
all_pages_20260721_1901_geocoded.csv,400,Profession,known_ad_deferred,deferred
all_pages_20260721_1901_geocoded.csv,400,Profession,known_ad_deferred,deferred
all_pages_20260721_1901_geocoded.csv,400,Profession,known_ad_deferred,deferred
all_pages_20260721_1901_geocoded.csv,400,Profession,known_ad_deferred,deferred
all_pages_20260721_1901_geocoded.csv,400,Profession,known_ad_deferred,deferred
all_pages_20260721_1901_geocoded.csv,400,Profession,known_ad_deferred,deferred
all_pages_20260721_1901_geocoded.csv,400,Profession,known_ad_deferred,deferred
all_pages_20260721_1901_geocoded.csv,400,Profession,known_ad_deferred,deferred
all_pages_20260721_1901_geocoded.csv,400,Profession,known_ad_deferred,deferred
all_pages_20260721_1901_geocoded.csv,400,Profession,known_ad_deferred,deferred
all_pages_20260721_1901_geocoded.csv,400,Profession,known_ad_deferred,deferred
all_pages_20260721_1901_geocoded.csv,400,Profession,known_ad_deferred,deferred
all_pages_20260721_1901_geocoded.csv,400,Profession,known_ad_deferred,deferred
all_pages_20260721_1901_geocoded.csv,402,Profession,known_ad_deferred,deferred
all_pages_20260721_1901_geocoded.csv,402,Profession,known_ad_deferred,deferred
all_pages_20260721_1901_geocoded.csv,402,Profession,known_ad_deferred,deferred
all_pages_20260721_1901_geocoded.csv,402,Profession,known_ad_deferred,deferred
all_pages_20260721_1901_geocoded.csv,402,Profession,known_ad_deferred,deferred
all_pages_20260721_1901_geocoded.csv,402,Profession,known_ad_deferred,deferred
all_pages_20260721_1901_geocoded.csv,402,Profession,known_ad_deferred,deferred
all_pages_20260721_1901_geocoded.csv,402,Profession,known_ad_deferred,deferred
all_pages_20260721_1901_geocoded.csv,402,Profession,known_ad_deferred,deferred
all_pages_20260721_1901_geocoded.csv,402,Profession,known_ad_deferred,deferred
all_pages_20260721_1901_geocoded.csv,402,Profession,known_ad_deferred,deferred
all_pages_20260721_1901_geocoded.csv,402,Profession,known_ad_deferred,deferred
all_pages_20260721_1901_geocoded.csv,402,Profession,known_ad_deferred,deferred
all_pages_20260721_1901_geocoded.csv,402,Profession,known_ad_deferred,deferred
all_pages_20260721_1901_geocoded.csv,402,Profession,known_ad_deferred,deferred
all_pages_20260721_1901_geocoded.csv,402,Profession,known_ad_deferred,deferred
all_pages_20260721_1901_geocoded.csv,402,Profession,known_ad_deferred,deferred
all_pages_20260721_1901_geocoded.csv,402,Profession,known_ad_deferred,deferred
all_pages_20260721_1901_geocoded.csv,402,Profession,known_ad_deferred,deferred
all_pages_20260721_1901_geocoded.csv,402,Profession,known_ad_deferred,deferred
all_pages_20260721_1901_geocoded.csv,402,Profession,known_ad_deferred,deferred
all_pages_20260721_1901_geocoded.csv,402,Profession,known_ad_deferred,deferred
all_pages_20260721_1901_geocoded.csv,402,Profession,known_ad_deferred,deferred
all_pages_20260721_1901_geocoded.csv,402,Profession,known_ad_deferred,deferred
all_pages_20260721_1901_geocoded.csv,402,Profession,known_ad_deferred,deferred
all_pages_20260721_1901_geocoded.csv,402,Profession,known_ad_deferred,deferred
all_pages_20260721_1901_geocoded.csv,402,Profession,known_ad_deferred,deferred
all_pages_20260721_1901_geocoded.csv,402,Profession,known_ad_deferred,deferred
all_pages_20260721_1901_geocoded.csv,402,Profession,known_ad_deferred,deferred
all_pages_20260721_1901_geocoded.csv,402,Profession,known_ad_deferred,deferred
all_pages_20260721_1901_geocoded.csv,402,Profession,known_ad_deferred,deferred
all_pages_20260721_1901_geocoded.csv,402,Profession,known_ad_deferred,deferred
all_pages_20260721_1901_geocoded.csv,402,Profession,known_ad_deferred,deferred
all_pages_20260721_1901_geocoded.csv,402,Profession,known_ad_deferred,deferred
all_pages_20260721_1901_geocoded.csv,402,Profession,known_ad_deferred,deferred
all_pages_20260721_1901_geocoded.csv,402,Profession,known_ad_deferred,deferred
all_pages_20260721_1901_geocoded.csv,402,Profession,known_ad_deferred,deferred
all_pages_20260721_1901_geocoded.csv,402,Profession,known_ad_deferred,deferred
all_pages_20260721_1901_geocoded.csv,402,Profession,known_ad_deferred,deferred
all_pages_20260721_1901_geocoded.csv,402,Profession,known_ad_deferred,deferred
all_pages_20260721_1901_geocoded.csv,402,Profession,known_ad_deferred,deferred
all_pages_20260721_1901_geocoded.csv,402,Profession,known_ad_deferred,deferred
all_pages_20260721_1901_geocoded.csv,402,Profession,known_ad_deferred,deferred
all_pages_20260721_1901_geocoded.csv,402,Profession,known_ad_deferred,deferred
all_pages_20260721_1901_geocoded.csv,402,Profession,known_ad_deferred,deferred
all_pages_20260721_1901_geocoded.csv,402,Profession,known_ad_deferred,deferred
all_pages_20260721_1901_geocoded.csv,402,Profession,known_ad_deferred,deferred
all_pages_20260721_1901_geocoded.csv,402,Profession,known_ad_deferred,deferred
all_pages_20260721_1901_geocoded.csv,402,Profession,known_ad_deferred,deferred
all_pages_20260721_1901_geocoded.csv,402,Profession,known_ad_deferred,deferred
all_pages_20260721_1901_geocoded.csv,403,Profession,known_ad_deferred,deferred
all_pages_20260721_1901_geocoded.csv,403,Profession,known_ad_deferred,deferred
all_pages_20260721_1901_geocoded.csv,403,Profession,known_ad_deferred,deferred
all_pages_20260721_1901_geocoded.csv,403,Profession,known_ad_deferred,deferred
all_pages_20260721_1901_geocoded.csv,403,Profession,known_ad_deferred,deferred
all_pages_20260721_1901_geocoded.csv,403,Profession,known_ad_deferred,deferred
all_pages_20260721_1901_geocoded.csv,403,Profession,known_ad_deferred,deferred
all_pages_20260721_1901_geocoded.csv,403,Profession,known_ad_deferred,deferred
all_pages_20260721_1901_geocoded.csv,403,Profession,known_ad_deferred,deferred
all_pages_20260721_1901_geocoded.csv,403,Profession,known_ad_deferred,deferred
all_pages_20260721_1901_geocoded.csv,403,Profession,known_ad_deferred,deferred
all_pages_20260721_1901_geocoded.csv,403,Profession,known_ad_deferred,deferred
all_pages_20260721_1901_geocoded.csv,403,Profession,known_ad_deferred,deferred
all_pages_20260721_1901_geocoded.csv,403,Profession,known_ad_deferred,deferred
all_pages_20260721_1901_geocoded.csv,403,Profession,known_ad_deferred,deferred
all_pages_20260721_1901_geocoded.csv,403,Profession,known_ad_deferred,deferred
all_pages_20260721_1901_geocoded.csv,403,Profession,known_ad_deferred,deferred
all_pages_20260721_1901_geocoded.csv,403,Profession,known_ad_deferred,deferred
all_pages_20260721_1901_geocoded.csv,403,Profession,known_ad_deferred,deferred
all_pages_20260721_1901_geocoded.csv,403,Profession,known_ad_deferred,deferred
all_pages_20260721_1901_geocoded.csv,403,Profession,known_ad_deferred,deferred
all_pages_20260721_1901_geocoded.csv,403,Profession,known_ad_deferred,deferred
all_pages_20260721_1901_geocoded.csv,403,Profession,known_ad_deferred,deferred
all_pages_20260721_1901_geocoded.csv,403,Profession,known_ad_deferred,deferred
all_pages_20260721_1901_geocoded.csv,403,Profession,known_ad_deferred,deferred
all_pages_20260721_1901_geocoded.csv,403,Profession,known_ad_deferred,deferred
all_pages_20260721_1901_geocoded.csv,403,Profession,known_ad_deferred,deferred
all_pages_20260721_1901_geocoded.csv,403,Profession,known_ad_deferred,deferred
all_pages_20260721_1901_geocoded.csv,403,Profession,known_ad_deferred,deferred
all_pages_20260721_1901_geocoded.csv,403,Profession,known_ad_deferred,deferred
all_pages_20260721_1901_geocoded.csv,403,Profession,known_ad_deferred,deferred
all_pages_20260721_1901_geocoded.csv,403,Profession,known_ad_deferred,deferred
all_pages_20260721_1901_geocoded.csv,404,Profession,known_ad_deferred,deferred
all_pages_20260721_1901_geocoded.csv,404,Profession,known_ad_deferred,deferred
all_pages_20260721_1901_geocoded.csv,404,Profession,known_ad_deferred,deferred
all_pages_20260721_1901_geocoded.csv,404,Profession,known_ad_deferred,deferred
all_pages_20260721_1901_geocoded.csv,404,Profession,known_ad_deferred,deferred
all_pages_20260721_1901_geocoded.csv,404,Profession,known_ad_deferred,deferred
all_pages_20260721_1901_geocoded.csv,404,Profession,known_ad_deferred,deferred
all_pages_20260721_1901_geocoded.csv,404,Profession,known_ad_deferred,deferred
all_pages_20260721_1901_geocoded.csv,404,Profession,known_ad_deferred,deferred
all_pages_20260721_1901_geocoded.csv,404,Profession,known_ad_deferred,deferred
all_pages_20260721_1901_geocoded.csv,404,Profession,known_ad_deferred,deferred
all_pages_20260721_1901_geocoded.csv,404,Profession,known_ad_deferred,deferred
all_pages_20260721_1901_geocoded.csv,404,Profession,known_ad_deferred,deferred
all_pages_20260721_1901_geocoded.csv,404,Profession,known_ad_deferred,deferred
all_pages_20260721_1901_geocoded.csv,404,Profession,known_ad_deferred,deferred
all_pages_20260721_1901_geocoded.csv,404,Profession,known_ad_deferred,deferred
all_pages_20260721_1901_geocoded.csv,404,Profession,known_ad_deferred,deferred
all_pages_20260721_1901_geocoded.csv,404,Profession,known_ad_deferred,deferred
all_pages_20260721_1901_geocoded.csv,404,Profession,known_ad_deferred,deferred
all_pages_20260721_1901_geocoded.csv,404,Profession,known_ad_deferred,deferred
all_pages_20260721_1901_geocoded.csv,404,Profession,known_ad_deferred,deferred
all_pages_20260721_1901_geocoded.csv,404,Profession,known_ad_deferred,deferred
all_pages_20260721_1901_geocoded.csv,404,Profession,known_ad_deferred,deferred
all_pages_20260721_1901_geocoded.csv,404,Profession,known_ad_deferred,deferred
all_pages_20260721_1901_geocoded.csv,404,Profession,known_ad_deferred,deferred
all_pages_20260721_1901_geocoded.csv,404,Profession,known_ad_deferred,deferred
all_pages_20260721_1901_geocoded.csv,404,Profession,known_ad_deferred,deferred
all_pages_20260721_1901_geocoded.csv,404,Profession,known_ad_deferred,deferred
all_pages_20260721_1901_geocoded.csv,404,Profession,known_ad_deferred,deferred
all_pages_20260721_1901_geocoded.csv,404,Profession,known_ad_deferred,deferred
all_pages_20260721_1901_geocoded.csv,404,Profession,known_ad_deferred,deferred
all_pages_20260721_1901_geocoded.csv,404,Profession,known_ad_deferred,deferred
all_pages_20260721_1901_geocoded.csv,404,Profession,known_ad_deferred,deferred
all_pages_20260721_1901_geocoded.csv,404,Profession,known_ad_deferred,deferred
all_pages_20260721_1901_geocoded.csv,404,Profession,known_ad_deferred,deferred
all_pages_20260721_1901_geocoded.csv,404,Profession,known_ad_deferred,deferred
all_pages_20260721_1901_geocoded.csv,404,Profession,known_ad_deferred,deferred
all_pages_20260721_1901_geocoded.csv,404,Profession,known_ad_deferred,deferred
all_pages_20260721_1901_geocoded.csv,404,Profession,known_ad_deferred,deferred
all_pages_20260721_1901_geocoded.csv,404,Profession,known_ad_deferred,deferred
all_pages_20260721_1901_geocoded.csv,404,Profession,known_ad_deferred,deferred
all_pages_20260721_1901_geocoded.csv,404,Profession,known_ad_deferred,deferred
all_pages_20260721_1901_geocoded.csv,404,Profession,known_ad_deferred,deferred
all_pages_20260721_1901_geocoded.csv,405,Profession,known_ad_deferred,deferred
all_pages_20260721_1901_geocoded.csv,405,Profession,known_ad_deferred,deferred
all_pages_20260721_1901_geocoded.csv,405,Profession,known_ad_deferred,deferred
all_pages_20260721_1901_geocoded.csv,405,Profession,known_ad_deferred,deferred
all_pages_20260721_1901_geocoded.csv,405,Profession,known_ad_deferred,deferred
all_pages_20260721_1901_geocoded.csv,405,Profession,known_ad_deferred,deferred
all_pages_20260721_1901_geocoded.csv,405,Profession,known_ad_deferred,deferred
all_pages_20260721_1901_geocoded.csv,405,Profession,known_ad_deferred,deferred
all_pages_20260721_1901_geocoded.csv,405,Profession,known_ad_deferred,deferred
all_pages_20260721_1901_geocoded.csv,405,Profession,known_ad_deferred,deferred
all_pages_20260721_1901_geocoded.csv,405,Profession,known_ad_deferred,deferred
all_pages_20260721_1901_geocoded.csv,405,Profession,known_ad_deferred,deferred
all_pages_20260721_1901_geocoded.csv,405,Profession,known_ad_deferred,deferred
all_pages_20260721_1901_geocoded.csv,405,Profession,known_ad_deferred,deferred
all_pages_20260721_1901_geocoded.csv,405,Profession,known_ad_deferred,deferred
all_pages_20260721_1901_geocoded.csv,405,Profession,known_ad_deferred,deferred
all_pages_20260721_1901_geocoded.csv,405,Profession,known_ad_deferred,deferred
all_pages_20260721_1901_geocoded.csv,405,Profession,known_ad_deferred,deferred
all_pages_20260721_1901_geocoded.csv,405,Profession,known_ad_deferred,deferred
all_pages_20260721_1901_geocoded.csv,405,Profession,known_ad_deferred,deferred
all_pages_20260721_1901_geocoded.csv,405,Profession,known_ad_deferred,deferred
all_pages_20260721_1901_geocoded.csv,405,Profession,known_ad_deferred,deferred
all_pages_20260721_1901_geocoded.csv,405,Profession,known_ad_deferred,deferred
all_pages_20260721_1901_geocoded.csv,405,Profession,known_ad_deferred,deferred
all_pages_20260721_1901_geocoded.csv,405,Profession,known_ad_deferred,deferred
all_pages_20260721_1901_geocoded.csv,405,Profession,known_ad_deferred,deferred
all_pages_20260721_1901_geocoded.csv,405,Profession,known_ad_deferred,deferred
all_pages_20260721_1901_geocoded.csv,405,Profession,known_ad_deferred,deferred
all_pages_20260721_1901_geocoded.csv,405,Profession,known_ad_deferred,deferred
all_pages_20260721_1901_geocoded.csv,405,Profession,known_ad_deferred,deferred
all_pages_20260721_1901_geocoded.csv,405,Profession,known_ad_deferred,deferred
all_pages_20260721_1901_geocoded.csv,405,Profession,known_ad_deferred,deferred
all_pages_20260721_1901_geocoded.csv,405,Profession,known_ad_deferred,deferred
all_pages_20260721_1901_geocoded.csv,405,Profession,known_ad_deferred,deferred
matched_manual.csv,359,Profession,known_ad_deferred,deferred
unmatched_after_interpolation.csv,402,Profession,known_ad_deferred,deferred
unmatched_after_interpolation.csv,359,Profession,known_ad_deferred,deferred
unmatched_after_interpolation.csv,386,Profession,known_ad_deferred,deferred
unmatched_after_interpolation.csv,398,Profession,known_ad_deferred,deferred
unmatched_after_interpolation.csv,402,Profession,known_ad_deferred,deferred
unmatched_after_interpolation.csv,359,Profession,known_ad_deferred,deferred
unmatched_after_interpolation.csv,359,Profession,known_ad_deferred,deferred
unmatched_after_interpolation.csv,359,Profession,known_ad_deferred,deferred
unmatched_after_interpolation.csv,359,Profession,known_ad_deferred,deferred
unmatched_after_interpolation.csv,360,Profession,known_ad_deferred,deferred
unmatched_after_interpolation.csv,360,Profession,known_ad_deferred,deferred
unmatched_after_interpolation.csv,361,Profession,known_ad_deferred,deferred
unmatched_after_interpolation.csv,361,Profession,known_ad_deferred,deferred
unmatched_after_interpolation.csv,361,Profession,known_ad_deferred,deferred
unmatched_after_interpolation.csv,361,Profession,known_ad_deferred,deferred
unmatched_after_interpolation.csv,361,Profession,known_ad_deferred,deferred
unmatched_after_interpolation.csv,361,Profession,known_ad_deferred,deferred
unmatched_after_interpolation.csv,361,Profession,known_ad_deferred,deferred
unmatched_after_interpolation.csv,362,Profession,known_ad_deferred,deferred
unmatched_after_interpolation.csv,362,Profession,known_ad_deferred,deferred
unmatched_after_interpolation.csv,362,Profession,known_ad_deferred,deferred
unmatched_after_interpolation.csv,362,Profession,known_ad_deferred,deferred
unmatched_after_interpolation.csv,362,Profession,known_ad_deferred,deferred
unmatched_after_interpolation.csv,363,Profession,known_ad_deferred,deferred
unmatched_after_interpolation.csv,363,Profession,known_ad_deferred,deferred
unmatched_after_interpolation.csv,363,Profession,known_ad_deferred,deferred
unmatched_after_interpolation.csv,363,Profession,known_ad_deferred,deferred
unmatched_after_interpolation.csv,387,Profession,known_ad_deferred,deferred
unmatched_after_interpolation.csv,387,Profession,known_ad_deferred,deferred
unmatched_after_interpolation.csv,387,Profession,known_ad_deferred,deferred
unmatched_after_interpolation.csv,388,Profession,known_ad_deferred,deferred
unmatched_after_interpolation.csv,390,Profession,known_ad_deferred,deferred
unmatched_after_interpolation.csv,390,Profession,known_ad_deferred,deferred
unmatched_after_interpolation.csv,390,Profession,known_ad_deferred,deferred
unmatched_after_interpolation.csv,390,Profession,known_ad_deferred,deferred
unmatched_after_interpolation.csv,394,Profession,known_ad_deferred,deferred
unmatched_after_interpolation.csv,394,Profession,known_ad_deferred,deferred
unmatched_after_interpolation.csv,394,Profession,known_ad_deferred,deferred
unmatched_after_interpolation.csv,394,Profession,known_ad_deferred,deferred
unmatched_after_interpolation.csv,394,Profession,known_ad_deferred,deferred
unmatched_after_interpolation.csv,394,Profession,known_ad_deferred,deferred
unmatched_after_interpolation.csv,397,Profession,known_ad_deferred,deferred
unmatched_after_interpolation.csv,397,Profession,known_ad_deferred,deferred
unmatched_after_interpolation.csv,397,Profession,known_ad_deferred,deferred
unmatched_after_interpolation.csv,397,Profession,known_ad_deferred,deferred
unmatched_after_interpolation.csv,397,Profession,known_ad_deferred,deferred
unmatched_after_interpolation.csv,397,Profession,known_ad_deferred,deferred
unmatched_after_interpolation.csv,397,Profession,known_ad_deferred,deferred
unmatched_after_interpolation.csv,397,Profession,known_ad_deferred,deferred
unmatched_after_interpolation.csv,397,Profession,known_ad_deferred,deferred
unmatched_after_interpolation.csv,397,Profession,known_ad_deferred,deferred
unmatched_after_interpolation.csv,397,Profession,known_ad_deferred,deferred
unmatched_after_interpolation.csv,398,Profession,known_ad_deferred,deferred
unmatched_after_interpolation.csv,398,Profession,known_ad_deferred,deferred
unmatched_after_interpolation.csv,398,Profession,known_ad_deferred,deferred
unmatched_after_interpolation.csv,398,Profession,known_ad_deferred,deferred
unmatched_after_interpolation.csv,398,Profession,known_ad_deferred,deferred
unmatched_after_interpolation.csv,398,Profession,known_ad_deferred,deferred
unmatched_after_interpolation.csv,398,Profession,known_ad_deferred,deferred
unmatched_after_interpolation.csv,398,Profession,known_ad_deferred,deferred
unmatched_after_interpolation.csv,398,Profession,known_ad_deferred,deferred
unmatched_after_interpolation.csv,398,Profession,known_ad_deferred,deferred
unmatched_after_interpolation.csv,398,Profession,known_ad_deferred,deferred
unmatched_after_interpolation.csv,398,Profession,known_ad_deferred,deferred
unmatched_after_interpolation.csv,400,Profession,known_ad_deferred,deferred
unmatched_after_interpolation.csv,400,Profession,known_ad_deferred,deferred
unmatched_after_interpolation.csv,400,Profession,known_ad_deferred,deferred
unmatched_after_interpolation.csv,400,Profession,known_ad_deferred,deferred
unmatched_after_interpolation.csv,400,Profession,known_ad_deferred,deferred
unmatched_after_interpolation.csv,400,Profession,known_ad_deferred,deferred
unmatched_after_interpolation.csv,402,Profession,known_ad_deferred,deferred
unmatched_after_interpolation.csv,402,Profession,known_ad_deferred,deferred
unmatched_after_interpolation.csv,406,Profession,known_ad_deferred,deferred
unmatched_after_manual.csv,402,Profession,known_ad_deferred,deferred
unmatched_after_manual.csv,359,Profession,known_ad_deferred,deferred
unmatched_after_manual.csv,386,Profession,known_ad_deferred,deferred
unmatched_after_manual.csv,398,Profession,known_ad_deferred,deferred
unmatched_after_manual.csv,402,Profession,known_ad_deferred,deferred
unmatched_after_manual.csv,359,Profession,known_ad_deferred,deferred
unmatched_after_manual.csv,359,Profession,known_ad_deferred,deferred
unmatched_after_manual.csv,359,Profession,known_ad_deferred,deferred
unmatched_after_manual.csv,360,Profession,known_ad_deferred,deferred
unmatched_after_manual.csv,360,Profession,known_ad_deferred,deferred
unmatched_after_manual.csv,361,Profession,known_ad_deferred,deferred
unmatched_after_manual.csv,361,Profession,known_ad_deferred,deferred
unmatched_after_manual.csv,361,Profession,known_ad_deferred,deferred
unmatched_after_manual.csv,361,Profession,known_ad_deferred,deferred
unmatched_after_manual.csv,361,Profession,known_ad_deferred,deferred
unmatched_after_manual.csv,361,Profession,known_ad_deferred,deferred
unmatched_after_manual.csv,361,Profession,known_ad_deferred,deferred
unmatched_after_manual.csv,362,Profession,known_ad_deferred,deferred
unmatched_after_manual.csv,362,Profession,known_ad_deferred,deferred
unmatched_after_manual.csv,362,Profession,known_ad_deferred,deferred
unmatched_after_manual.csv,362,Profession,known_ad_deferred,deferred
unmatched_after_manual.csv,362,Profession,known_ad_deferred,deferred
unmatched_after_manual.csv,363,Profession,known_ad_deferred,deferred
unmatched_after_manual.csv,363,Profession,known_ad_deferred,deferred
unmatched_after_manual.csv,363,Profession,known_ad_deferred,deferred
unmatched_after_manual.csv,363,Profession,known_ad_deferred,deferred
unmatched_after_manual.csv,387,Profession,known_ad_deferred,deferred
unmatched_after_manual.csv,387,Profession,known_ad_deferred,deferred
unmatched_after_manual.csv,387,Profession,known_ad_deferred,deferred
unmatched_after_manual.csv,388,Profession,known_ad_deferred,deferred
unmatched_after_manual.csv,390,Profession,known_ad_deferred,deferred
unmatched_after_manual.csv,390,Profession,known_ad_deferred,deferred
unmatched_after_manual.csv,390,Profession,known_ad_deferred,deferred
unmatched_after_manual.csv,390,Profession,known_ad_deferred,deferred
unmatched_after_manual.csv,394,Profession,known_ad_deferred,deferred
unmatched_after_manual.csv,394,Profession,known_ad_deferred,deferred
unmatched_after_manual.csv,394,Profession,known_ad_deferred,deferred
unmatched_after_manual.csv,394,Profession,known_ad_deferred,deferred
unmatched_after_manual.csv,394,Profession,known_ad_deferred,deferred
unmatched_after_manual.csv,394,Profession,known_ad_deferred,deferred
unmatched_after_manual.csv,397,Profession,known_ad_deferred,deferred
unmatched_after_manual.csv,397,Profession,known_ad_deferred,deferred
unmatched_after_manual.csv,397,Profession,known_ad_deferred,deferred
unmatched_after_manual.csv,397,Profession,known_ad_deferred,deferred
unmatched_after_manual.csv,397,Profession,known_ad_deferred,deferred
unmatched_after_manual.csv,397,Profession,known_ad_deferred,deferred
unmatched_after_manual.csv,397,Profession,known_ad_deferred,deferred
unmatched_after_manual.csv,397,Profession,known_ad_deferred,deferred
unmatched_after_manual.csv,397,Profession,known_ad_deferred,deferred
unmatched_after_manual.csv,397,Profession,known_ad_deferred,deferred
unmatched_after_manual.csv,397,Profession,known_ad_deferred,deferred
unmatched_after_manual.csv,398,Profession,known_ad_deferred,deferred
unmatched_after_manual.csv,398,Profession,known_ad_deferred,deferred
unmatched_after_manual.csv,398,Profession,known_ad_deferred,deferred
unmatched_after_manual.csv,398,Profession,known_ad_deferred,deferred
unmatched_after_manual.csv,398,Profession,known_ad_deferred,deferred
unmatched_after_manual.csv,398,Profession,known_ad_deferred,deferred
unmatched_after_manual.csv,398,Profession,known_ad_deferred,deferred
unmatched_after_manual.csv,398,Profession,known_ad_deferred,deferred
unmatched_after_manual.csv,398,Profession,known_ad_deferred,deferred
unmatched_after_manual.csv,398,Profession,known_ad_deferred,deferred
unmatched_after_manual.csv,398,Profession,known_ad_deferred,deferred
unmatched_after_manual.csv,398,Profession,known_ad_deferred,deferred
unmatched_after_manual.csv,400,Profession,known_ad_deferred,deferred
unmatched_after_manual.csv,400,Profession,known_ad_deferred,deferred
unmatched_after_manual.csv,400,Profession,known_ad_deferred,deferred
unmatched_after_manual.csv,400,Profession,known_ad_deferred,deferred
unmatched_after_manual.csv,400,Profession,known_ad_deferred,deferred
unmatched_after_manual.csv,400,Profession,known_ad_deferred,deferred
unmatched_after_manual.csv,402,Profession,known_ad_deferred,deferred
unmatched_after_manual.csv,402,Profession,known_ad_deferred,deferred
unmatched_after_manual.csv,406,Profession,known_ad_deferred,deferred
nciv_interpolated_matched.csv,359,Profession,known_ad_deferred,deferred
nciv_interpolated_matched.csv,359,Profession,known_ad_deferred,deferred
nciv_interpolated_matched.csv,359,Profession,known_ad_deferred,deferred
nciv_interpolated_matched.csv,361,Profession,known_ad_deferred,deferred
nciv_interpolated_matched.csv,362,Profession,known_ad_deferred,deferred
nciv_interpolated_matched.csv,362,Profession,known_ad_deferred,deferred
nciv_interpolated_matched.csv,363,Profession,known_ad_deferred,deferred
nciv_interpolated_matched.csv,363,Profession,known_ad_deferred,deferred
nciv_interpolated_matched.csv,390,Profession,known_ad_deferred,deferred
nciv_interpolated_matched.csv,398,Profession,known_ad_deferred,deferred
nciv_interpolated_matched.csv,398,Profession,known_ad_deferred,deferred
nciv_interpolated_matched.csv,400,Profession,known_ad_deferred,deferred
nciv_interpolated_matched.csv,400,Profession,known_ad_deferred,deferred
nciv_interpolated_matched.csv,402,Profession,known_ad_deferred,deferred
nciv_interpolated_matched.csv,402,Profession,known_ad_deferred,deferred
nciv_check_unmatched.csv,359,Profession,known_ad_deferred,deferred
nciv_check_unmatched.csv,359,Profession,known_ad_deferred,deferred
nciv_check_unmatched.csv,359,Profession,known_ad_deferred,deferred
nciv_check_unmatched.csv,359,Profession,known_ad_deferred,deferred
nciv_check_unmatched.csv,359,Profession,known_ad_deferred,deferred
nciv_check_unmatched.csv,359,Profession,known_ad_deferred,deferred
nciv_check_unmatched.csv,359,Profession,known_ad_deferred,deferred
nciv_check_unmatched.csv,359,Profession,known_ad_deferred,deferred
nciv_check_unmatched.csv,360,Profession,known_ad_deferred,deferred
nciv_check_unmatched.csv,360,Profession,known_ad_deferred,deferred
nciv_check_unmatched.csv,361,Profession,known_ad_deferred,deferred
nciv_check_unmatched.csv,361,Profession,known_ad_deferred,deferred
nciv_check_unmatched.csv,361,Profession,known_ad_deferred,deferred
nciv_check_unmatched.csv,361,Profession,known_ad_deferred,deferred
nciv_check_unmatched.csv,361,Profession,known_ad_deferred,deferred
nciv_check_unmatched.csv,361,Profession,known_ad_deferred,deferred
nciv_check_unmatched.csv,361,Profession,known_ad_deferred,deferred
nciv_check_unmatched.csv,361,Profession,known_ad_deferred,deferred
nciv_check_unmatched.csv,362,Profession,known_ad_deferred,deferred
nciv_check_unmatched.csv,362,Profession,known_ad_deferred,deferred
nciv_check_unmatched.csv,362,Profession,known_ad_deferred,deferred
nciv_check_unmatched.csv,362,Profession,known_ad_deferred,deferred
nciv_check_unmatched.csv,362,Profession,known_ad_deferred,deferred
nciv_check_unmatched.csv,362,Profession,known_ad_deferred,deferred
nciv_check_unmatched.csv,362,Profession,known_ad_deferred,deferred
nciv_check_unmatched.csv,363,Profession,known_ad_deferred,deferred
nciv_check_unmatched.csv,363,Profession,known_ad_deferred,deferred
nciv_check_unmatched.csv,363,Profession,known_ad_deferred,deferred
nciv_check_unmatched.csv,363,Profession,known_ad_deferred,deferred
nciv_check_unmatched.csv,363,Profession,known_ad_deferred,deferred
nciv_check_unmatched.csv,363,Profession,known_ad_deferred,deferred
nciv_check_unmatched.csv,386,Profession,known_ad_deferred,deferred
nciv_check_unmatched.csv,387,Profession,known_ad_deferred,deferred
nciv_check_unmatched.csv,387,Profession,known_ad_deferred,deferred
nciv_check_unmatched.csv,387,Profession,known_ad_deferred,deferred
nciv_check_unmatched.csv,388,Profession,known_ad_deferred,deferred
nciv_check_unmatched.csv,390,Profession,known_ad_deferred,deferred
nciv_check_unmatched.csv,390,Profession,known_ad_deferred,deferred
nciv_check_unmatched.csv,390,Profession,known_ad_deferred,deferred
nciv_check_unmatched.csv,390,Profession,known_ad_deferred,deferred
nciv_check_unmatched.csv,390,Profession,known_ad_deferred,deferred
nciv_check_unmatched.csv,394,Profession,known_ad_deferred,deferred
nciv_check_unmatched.csv,394,Profession,known_ad_deferred,deferred
nciv_check_unmatched.csv,394,Profession,known_ad_deferred,deferred
nciv_check_unmatched.csv,394,Profession,known_ad_deferred,deferred
nciv_check_unmatched.csv,394,Profession,known_ad_deferred,deferred
nciv_check_unmatched.csv,394,Profession,known_ad_deferred,deferred
nciv_check_unmatched.csv,397,Profession,known_ad_deferred,deferred
nciv_check_unmatched.csv,397,Profession,known_ad_deferred,deferred
nciv_check_unmatched.csv,397,Profession,known_ad_deferred,deferred
nciv_check_unmatched.csv,397,Profession,known_ad_deferred,deferred
nciv_check_unmatched.csv,397,Profession,known_ad_deferred,deferred
nciv_check_unmatched.csv,397,Profession,known_ad_deferred,deferred
nciv_check_unmatched.csv,397,Profession,known_ad_deferred,deferred
nciv_check_unmatched.csv,397,Profession,known_ad_deferred,deferred
nciv_check_unmatched.csv,397,Profession,known_ad_deferred,deferred
nciv_check_unmatched.csv,397,Profession,known_ad_deferred,deferred
nciv_check_unmatched.csv,397,Profession,known_ad_deferred,deferred
nciv_check_unmatched.csv,398,Profession,known_ad_deferred,deferred
nciv_check_unmatched.csv,398,Profession,known_ad_deferred,deferred
nciv_check_unmatched.csv,398,Profession,known_ad_deferred,deferred
nciv_check_unmatched.csv,398,Profession,known_ad_deferred,deferred
nciv_check_unmatched.csv,398,Profession,known_ad_deferred,deferred
nciv_check_unmatched.csv,398,Profession,known_ad_deferred,deferred
nciv_check_unmatched.csv,398,Profession,known_ad_deferred,deferred
nciv_check_unmatched.csv,398,Profession,known_ad_deferred,deferred
nciv_check_unmatched.csv,398,Profession,known_ad_deferred,deferred
nciv_check_unmatched.csv,398,Profession,known_ad_deferred,deferred
nciv_check_unmatched.csv,398,Profession,known_ad_deferred,deferred
nciv_check_unmatched.csv,398,Profession,known_ad_deferred,deferred
nciv_check_unmatched.csv,398,Profession,known_ad_deferred,deferred
nciv_check_unmatched.csv,398,Profession,known_ad_deferred,deferred
nciv_check_unmatched.csv,398,Profession,known_ad_deferred,deferred
nciv_check_unmatched.csv,400,Profession,known_ad_deferred,deferred
nciv_check_unmatched.csv,400,Profession,known_ad_deferred,deferred
nciv_check_unmatched.csv,400,Profession,known_ad_deferred,deferred
nciv_check_unmatched.csv,400,Profession,known_ad_deferred,deferred
nciv_check_unmatched.csv,400,Profession,known_ad_deferred,deferred
nciv_check_unmatched.csv,400,Profession,known_ad_deferred,deferred
nciv_check_unmatched.csv,400,Profession,known_ad_deferred,deferred
nciv_check_unmatched.csv,400,Profession,known_ad_deferred,deferred
nciv_check_unmatched.csv,402,Profession,known_ad_deferred,deferred
nciv_check_unmatched.csv,402,Profession,known_ad_deferred,deferred
nciv_check_unmatched.csv,402,Profession,known_ad_deferred,deferred
nciv_check_unmatched.csv,402,Profession,known_ad_deferred,deferred
nciv_check_unmatched.csv,402,Profession,known_ad_deferred,deferred
nciv_check_unmatched.csv,402,Profession,known_ad_deferred,deferred
nciv_check_unmatched.csv,406,Profession,known_ad_deferred,deferred
nciv_check_matched.csv,359,Profession,known_ad_deferred,deferred
nciv_check_matched.csv,359,Profession,known_ad_deferred,deferred
nciv_check_matched.csv,359,Profession,known_ad_deferred,deferred
nciv_check_matched.csv,360,Profession,known_ad_deferred,deferred
nciv_check_matched.csv,360,Profession,known_ad_deferred,deferred
nciv_check_matched.csv,361,Profession,known_ad_deferred,deferred
nciv_check_matched.csv,362,Profession,known_ad_deferred,deferred
nciv_check_matched.csv,363,Profession,known_ad_deferred,deferred
nciv_check_matched.csv,390,Profession,known_ad_deferred,deferred
nciv_check_matched.csv,390,Profession,known_ad_deferred,deferred
nciv_check_matched.csv,394,Profession,known_ad_deferred,deferred
nciv_check_matched.csv,397,Profession,known_ad_deferred,deferred
nciv_check_matched.csv,397,Profession,known_ad_deferred,deferred
nciv_check_matched.csv,402,Profession,known_ad_deferred,deferred
nciv_check_matched.csv,402,Profession,known_ad_deferred,deferred
nciv_check_matched.csv,402,Profession,known_ad_deferred,deferred
matched_outside_venice_centroid.csv,359,Profession,known_ad_deferred,deferred
matched_outside_venice_centroid.csv,359,Profession,known_ad_deferred,deferred
matched_outside_venice_centroid.csv,359,Profession,known_ad_deferred,deferred
matched_outside_venice_centroid.csv,359,Profession,known_ad_deferred,deferred
matched_outside_venice_centroid.csv,359,Profession,known_ad_deferred,deferred
matched_outside_venice_centroid.csv,360,Profession,known_ad_deferred,deferred
matched_outside_venice_centroid.csv,360,Profession,known_ad_deferred,deferred
matched_outside_venice_centroid.csv,360,Profession,known_ad_deferred,deferred
matched_outside_venice_centroid.csv,360,Profession,known_ad_deferred,deferred
matched_outside_venice_centroid.csv,361,Profession,known_ad_deferred,deferred
matched_outside_venice_centroid.csv,361,Profession,known_ad_deferred,deferred
matched_outside_venice_centroid.csv,361,Profession,known_ad_deferred,deferred
matched_outside_venice_centroid.csv,361,Profession,known_ad_deferred,deferred
matched_outside_venice_centroid.csv,361,Profession,known_ad_deferred,deferred
matched_outside_venice_centroid.csv,361,Profession,known_ad_deferred,deferred
matched_outside_venice_centroid.csv,361,Profession,known_ad_deferred,deferred
matched_outside_venice_centroid.csv,361,Profession,known_ad_deferred,deferred
matched_outside_venice_centroid.csv,361,Profession,known_ad_deferred,deferred
matched_outside_venice_centroid.csv,361,Profession,known_ad_deferred,deferred
matched_outside_venice_centroid.csv,361,Profession,known_ad_deferred,deferred
matched_outside_venice_centroid.csv,361,Profession,known_ad_deferred,deferred
matched_outside_venice_centroid.csv,361,Profession,known_ad_deferred,deferred
matched_outside_venice_centroid.csv,361,Profession,known_ad_deferred,deferred
matched_outside_venice_centroid.csv,361,Profession,known_ad_deferred,deferred
matched_outside_venice_centroid.csv,362,Profession,known_ad_deferred,deferred
matched_outside_venice_centroid.csv,362,Profession,known_ad_deferred,deferred
matched_outside_venice_centroid.csv,362,Profession,known_ad_deferred,deferred
matched_outside_venice_centroid.csv,362,Profession,known_ad_deferred,deferred
matched_outside_venice_centroid.csv,362,Profession,known_ad_deferred,deferred
matched_outside_venice_centroid.csv,362,Profession,known_ad_deferred,deferred
matched_outside_venice_centroid.csv,363,Profession,known_ad_deferred,deferred
matched_outside_venice_centroid.csv,363,Profession,known_ad_deferred,deferred
matched_outside_venice_centroid.csv,363,Profession,known_ad_deferred,deferred
matched_outside_venice_centroid.csv,363,Profession,known_ad_deferred,deferred
matched_outside_venice_centroid.csv,363,Profession,known_ad_deferred,deferred
matched_outside_venice_centroid.csv,363,Profession,known_ad_deferred,deferred
matched_outside_venice_centroid.csv,363,Profession,known_ad_deferred,deferred
matched_outside_venice_centroid.csv,385,Profession,known_ad_deferred,deferred
matched_outside_venice_centroid.csv,385,Profession,known_ad_deferred,deferred
matched_outside_venice_centroid.csv,385,Profession,known_ad_deferred,deferred
matched_outside_venice_centroid.csv,385,Profession,known_ad_deferred,deferred
matched_outside_venice_centroid.csv,385,Profession,known_ad_deferred,deferred
matched_outside_venice_centroid.csv,385,Profession,known_ad_deferred,deferred
matched_outside_venice_centroid.csv,385,Profession,known_ad_deferred,deferred
matched_outside_venice_centroid.csv,385,Profession,known_ad_deferred,deferred
matched_outside_venice_centroid.csv,385,Profession,known_ad_deferred,deferred
matched_outside_venice_centroid.csv,385,Profession,known_ad_deferred,deferred
matched_outside_venice_centroid.csv,386,Profession,known_ad_deferred,deferred
matched_outside_venice_centroid.csv,386,Profession,known_ad_deferred,deferred
matched_outside_venice_centroid.csv,386,Profession,known_ad_deferred,deferred
matched_outside_venice_centroid.csv,386,Profession,known_ad_deferred,deferred
matched_outside_venice_centroid.csv,386,Profession,known_ad_deferred,deferred
matched_outside_venice_centroid.csv,386,Profession,known_ad_deferred,deferred
matched_outside_venice_centroid.csv,386,Profession,known_ad_deferred,deferred
matched_outside_venice_centroid.csv,386,Profession,known_ad_deferred,deferred
matched_outside_venice_centroid.csv,386,Profession,known_ad_deferred,deferred
matched_outside_venice_centroid.csv,386,Profession,known_ad_deferred,deferred
matched_outside_venice_centroid.csv,386,Profession,known_ad_deferred,deferred
matched_outside_venice_centroid.csv,386,Profession,known_ad_deferred,deferred
matched_outside_venice_centroid.csv,386,Profession,known_ad_deferred,deferred
matched_outside_venice_centroid.csv,386,Profession,known_ad_deferred,deferred
matched_outside_venice_centroid.csv,386,Profession,known_ad_deferred,deferred
matched_outside_venice_centroid.csv,386,Profession,known_ad_deferred,deferred
matched_outside_venice_centroid.csv,386,Profession,known_ad_deferred,deferred
matched_outside_venice_centroid.csv,387,Profession,known_ad_deferred,deferred
matched_outside_venice_centroid.csv,387,Profession,known_ad_deferred,deferred
matched_outside_venice_centroid.csv,387,Profession,known_ad_deferred,deferred
matched_outside_venice_centroid.csv,387,Profession,known_ad_deferred,deferred
matched_outside_venice_centroid.csv,387,Profession,known_ad_deferred,deferred
matched_outside_venice_centroid.csv,387,Profession,known_ad_deferred,deferred
matched_outside_venice_centroid.csv,387,Profession,known_ad_deferred,deferred
matched_outside_venice_centroid.csv,387,Profession,known_ad_deferred,deferred
matched_outside_venice_centroid.csv,387,Profession,known_ad_deferred,deferred
matched_outside_venice_centroid.csv,387,Profession,known_ad_deferred,deferred
matched_outside_venice_centroid.csv,387,Profession,known_ad_deferred,deferred
matched_outside_venice_centroid.csv,388,Profession,known_ad_deferred,deferred
matched_outside_venice_centroid.csv,388,Profession,known_ad_deferred,deferred
matched_outside_venice_centroid.csv,388,Profession,known_ad_deferred,deferred
matched_outside_venice_centroid.csv,388,Profession,known_ad_deferred,deferred
matched_outside_venice_centroid.csv,388,Profession,known_ad_deferred,deferred
matched_outside_venice_centroid.csv,388,Profession,known_ad_deferred,deferred
matched_outside_venice_centroid.csv,388,Profession,known_ad_deferred,deferred
matched_outside_venice_centroid.csv,388,Profession,known_ad_deferred,deferred
matched_outside_venice_centroid.csv,388,Profession,known_ad_deferred,deferred
matched_outside_venice_centroid.csv,388,Profession,known_ad_deferred,deferred
matched_outside_venice_centroid.csv,388,Profession,known_ad_deferred,deferred
matched_outside_venice_centroid.csv,390,Profession,known_ad_deferred,deferred
matched_outside_venice_centroid.csv,390,Profession,known_ad_deferred,deferred
matched_outside_venice_centroid.csv,390,Profession,known_ad_deferred,deferred
matched_outside_venice_centroid.csv,390,Profession,known_ad_deferred,deferred
matched_outside_venice_centroid.csv,390,Profession,known_ad_deferred,deferred
matched_outside_venice_centroid.csv,390,Profession,known_ad_deferred,deferred
matched_outside_venice_centroid.csv,390,Profession,known_ad_deferred,deferred
matched_outside_venice_centroid.csv,394,Profession,known_ad_deferred,deferred
matched_outside_venice_centroid.csv,394,Profession,known_ad_deferred,deferred
matched_outside_venice_centroid.csv,394,Profession,known_ad_deferred,deferred
matched_outside_venice_centroid.csv,394,Profession,known_ad_deferred,deferred
matched_outside_venice_centroid.csv,394,Profession,known_ad_deferred,deferred
matched_outside_venice_centroid.csv,397,Profession,known_ad_deferred,deferred
matched_outside_venice_centroid.csv,397,Profession,known_ad_deferred,deferred
matched_outside_venice_centroid.csv,397,Profession,known_ad_deferred,deferred
matched_outside_venice_centroid.csv,398,Profession,known_ad_deferred,deferred
matched_outside_venice_centroid.csv,398,Profession,known_ad_deferred,deferred
matched_outside_venice_centroid.csv,398,Profession,known_ad_deferred,deferred
matched_outside_venice_centroid.csv,398,Profession,known_ad_deferred,deferred
matched_outside_venice_centroid.csv,398,Profession,known_ad_deferred,deferred
matched_outside_venice_centroid.csv,398,Profession,known_ad_deferred,deferred
matched_outside_venice_centroid.csv,398,Profession,known_ad_deferred,deferred
matched_outside_venice_centroid.csv,398,Profession,known_ad_deferred,deferred
matched_outside_venice_centroid.csv,398,Profession,known_ad_deferred,deferred
matched_outside_venice_centroid.csv,400,Profession,known_ad_deferred,deferred
matched_outside_venice_centroid.csv,400,Profession,known_ad_deferred,deferred
matched_outside_venice_centroid.csv,402,Profession,known_ad_deferred,deferred
matched_outside_venice_centroid.csv,402,Profession,known_ad_deferred,deferred
matched_outside_venice_centroid.csv,402,Profession,known_ad_deferred,deferred
matched_outside_venice_centroid.csv,403,Profession,known_ad_deferred,deferred
matched_outside_venice_centroid.csv,403,Profession,known_ad_deferred,deferred
matched_outside_venice_centroid.csv,403,Profession,known_ad_deferred,deferred
matched_outside_venice_centroid.csv,403,Profession,known_ad_deferred,deferred
matched_outside_venice_centroid.csv,403,Profession,known_ad_deferred,deferred
matched_outside_venice_centroid.csv,403,Profession,known_ad_deferred,deferred
matched_outside_venice_centroid.csv,403,Profession,known_ad_deferred,deferred
matched_outside_venice_centroid.csv,403,Profession,known_ad_deferred,deferred
matched_outside_venice_centroid.csv,403,Profession,known_ad_deferred,deferred
matched_outside_venice_centroid.csv,403,Profession,known_ad_deferred,deferred
matched_outside_venice_centroid.csv,403,Profession,known_ad_deferred,deferred
matched_outside_venice_centroid.csv,403,Profession,known_ad_deferred,deferred
matched_outside_venice_centroid.csv,403,Profession,known_ad_deferred,deferred
matched_outside_venice_centroid.csv,403,Profession,known_ad_deferred,deferred
matched_outside_venice_centroid.csv,403,Profession,known_ad_deferred,deferred
matched_outside_venice_centroid.csv,403,Profession,known_ad_deferred,deferred
matched_outside_venice_centroid.csv,403,Profession,known_ad_deferred,deferred
matched_outside_venice_centroid.csv,403,Profession,known_ad_deferred,deferred
matched_outside_venice_centroid.csv,403,Profession,known_ad_deferred,deferred
matched_outside_venice_centroid.csv,403,Profession,known_ad_deferred,deferred
matched_outside_venice_centroid.csv,403,Profession,known_ad_deferred,deferred
matched_outside_venice_centroid.csv,403,Profession,known_ad_deferred,deferred
matched_outside_venice_centroid.csv,403,Profession,known_ad_deferred,deferred
matched_outside_venice_centroid.csv,403,Profession,known_ad_deferred,deferred
matched_outside_venice_centroid.csv,404,Profession,known_ad_deferred,deferred
matched_outside_venice_centroid.csv,404,Profession,known_ad_deferred,deferred
matched_outside_venice_centroid.csv,404,Profession,known_ad_deferred,deferred
matched_outside_venice_centroid.csv,404,Profession,known_ad_deferred,deferred
matched_outside_venice_centroid.csv,404,Profession,known_ad_deferred,deferred
matched_outside_venice_centroid.csv,404,Profession,known_ad_deferred,deferred
matched_outside_venice_centroid.csv,404,Profession,known_ad_deferred,deferred
matched_outside_venice_centroid.csv,404,Profession,known_ad_deferred,deferred
matched_outside_venice_centroid.csv,405,Profession,known_ad_deferred,deferred
matched_outside_venice_centroid.csv,405,Profession,known_ad_deferred,deferred
matched_outside_venice_centroid.csv,405,Profession,known_ad_deferred,deferred
matched_outside_venice_centroid.csv,405,Profession,known_ad_deferred,deferred
matched_outside_venice_centroid.csv,405,Profession,known_ad_deferred,deferred
matched_outside_venice_centroid.csv,405,Profession,known_ad_deferred,deferred
matched_outside_venice_centroid.csv,405,Profession,known_ad_deferred,deferred
matched_outside_venice_centroid.csv,405,Profession,known_ad_deferred,deferred
matched_outside_venice_centroid.csv,405,Profession,known_ad_deferred,deferred
matched_outside_venice_centroid.csv,405,Profession,known_ad_deferred,deferred
matched_outside_venice_centroid.csv,405,Profession,known_ad_deferred,deferred
matched_outside_venice_centroid.csv,405,Profession,known_ad_deferred,deferred
matched_outside_venice_centroid.csv,405,Profession,known_ad_deferred,deferred
matched_outside_venice_centroid.csv,405,Profession,known_ad_deferred,deferred
all_pages_20260721_1901_unmatched_sestiere.csv,359,Profession,known_ad_deferred,deferred
all_pages_20260721_1901_unmatched_sestiere.csv,359,Profession,known_ad_deferred,deferred
all_pages_20260721_1901_unmatched_sestiere.csv,359,Profession,known_ad_deferred,deferred
all_pages_20260721_1901_unmatched_sestiere.csv,359,Profession,known_ad_deferred,deferred
all_pages_20260721_1901_unmatched_sestiere.csv,359,Profession,known_ad_deferred,deferred
all_pages_20260721_1901_unmatched_sestiere.csv,359,Profession,known_ad_deferred,deferred
all_pages_20260721_1901_unmatched_sestiere.csv,359,Profession,known_ad_deferred,deferred
all_pages_20260721_1901_unmatched_sestiere.csv,359,Profession,known_ad_deferred,deferred
all_pages_20260721_1901_unmatched_sestiere.csv,359,Profession,known_ad_deferred,deferred
all_pages_20260721_1901_unmatched_sestiere.csv,359,Profession,known_ad_deferred,deferred
all_pages_20260721_1901_unmatched_sestiere.csv,359,Profession,known_ad_deferred,deferred
all_pages_20260721_1901_unmatched_sestiere.csv,359,Profession,known_ad_deferred,deferred
all_pages_20260721_1901_unmatched_sestiere.csv,359,Profession,known_ad_deferred,deferred
all_pages_20260721_1901_unmatched_sestiere.csv,359,Profession,known_ad_deferred,deferred
all_pages_20260721_1901_unmatched_sestiere.csv,359,Profession,known_ad_deferred,deferred
all_pages_20260721_1901_unmatched_sestiere.csv,359,Profession,known_ad_deferred,deferred
all_pages_20260721_1901_unmatched_sestiere.csv,359,Profession,known_ad_deferred,deferred
all_pages_20260721_1901_unmatched_sestiere.csv,359,Profession,known_ad_deferred,deferred
all_pages_20260721_1901_unmatched_sestiere.csv,359,Profession,known_ad_deferred,deferred
all_pages_20260721_1901_unmatched_sestiere.csv,359,Profession,known_ad_deferred,deferred
all_pages_20260721_1901_unmatched_sestiere.csv,359,Profession,known_ad_deferred,deferred
all_pages_20260721_1901_unmatched_sestiere.csv,359,Profession,known_ad_deferred,deferred
all_pages_20260721_1901_unmatched_sestiere.csv,359,Profession,known_ad_deferred,deferred
all_pages_20260721_1901_unmatched_sestiere.csv,359,Profession,known_ad_deferred,deferred
all_pages_20260721_1901_unmatched_sestiere.csv,359,Profession,known_ad_deferred,deferred
all_pages_20260721_1901_unmatched_sestiere.csv,359,Profession,known_ad_deferred,deferred
all_pages_20260721_1901_unmatched_sestiere.csv,359,Profession,known_ad_deferred,deferred
all_pages_20260721_1901_unmatched_sestiere.csv,359,Profession,known_ad_deferred,deferred
all_pages_20260721_1901_unmatched_sestiere.csv,359,Profession,known_ad_deferred,deferred
all_pages_20260721_1901_unmatched_sestiere.csv,360,Profession,known_ad_deferred,deferred
all_pages_20260721_1901_unmatched_sestiere.csv,360,Profession,known_ad_deferred,deferred
all_pages_20260721_1901_unmatched_sestiere.csv,360,Profession,known_ad_deferred,deferred
all_pages_20260721_1901_unmatched_sestiere.csv,360,Profession,known_ad_deferred,deferred
all_pages_20260721_1901_unmatched_sestiere.csv,360,Profession,known_ad_deferred,deferred
all_pages_20260721_1901_unmatched_sestiere.csv,360,Profession,known_ad_deferred,deferred
all_pages_20260721_1901_unmatched_sestiere.csv,360,Profession,known_ad_deferred,deferred
all_pages_20260721_1901_unmatched_sestiere.csv,360,Profession,known_ad_deferred,deferred
all_pages_20260721_1901_unmatched_sestiere.csv,360,Profession,known_ad_deferred,deferred
all_pages_20260721_1901_unmatched_sestiere.csv,360,Profession,known_ad_deferred,deferred
all_pages_20260721_1901_unmatched_sestiere.csv,360,Profession,known_ad_deferred,deferred
all_pages_20260721_1901_unmatched_sestiere.csv,360,Profession,known_ad_deferred,deferred
all_pages_20260721_1901_unmatched_sestiere.csv,360,Profession,known_ad_deferred,deferred
all_pages_20260721_1901_unmatched_sestiere.csv,360,Profession,known_ad_deferred,deferred
all_pages_20260721_1901_unmatched_sestiere.csv,360,Profession,known_ad_deferred,deferred
all_pages_20260721_1901_unmatched_sestiere.csv,360,Profession,known_ad_deferred,deferred
all_pages_20260721_1901_unmatched_sestiere.csv,360,Profession,known_ad_deferred,deferred
all_pages_20260721_1901_unmatched_sestiere.csv,360,Profession,known_ad_deferred,deferred
all_pages_20260721_1901_unmatched_sestiere.csv,360,Profession,known_ad_deferred,deferred
all_pages_20260721_1901_unmatched_sestiere.csv,360,Profession,known_ad_deferred,deferred
all_pages_20260721_1901_unmatched_sestiere.csv,361,Profession,known_ad_deferred,deferred
all_pages_20260721_1901_unmatched_sestiere.csv,361,Profession,known_ad_deferred,deferred
all_pages_20260721_1901_unmatched_sestiere.csv,361,Profession,known_ad_deferred,deferred
all_pages_20260721_1901_unmatched_sestiere.csv,361,Profession,known_ad_deferred,deferred
all_pages_20260721_1901_unmatched_sestiere.csv,361,Profession,known_ad_deferred,deferred
all_pages_20260721_1901_unmatched_sestiere.csv,361,Profession,known_ad_deferred,deferred
all_pages_20260721_1901_unmatched_sestiere.csv,361,Profession,known_ad_deferred,deferred
all_pages_20260721_1901_unmatched_sestiere.csv,361,Profession,known_ad_deferred,deferred
all_pages_20260721_1901_unmatched_sestiere.csv,361,Profession,known_ad_deferred,deferred
all_pages_20260721_1901_unmatched_sestiere.csv,361,Profession,known_ad_deferred,deferred
all_pages_20260721_1901_unmatched_sestiere.csv,361,Profession,known_ad_deferred,deferred
all_pages_20260721_1901_unmatched_sestiere.csv,361,Profession,known_ad_deferred,deferred
all_pages_20260721_1901_unmatched_sestiere.csv,361,Profession,known_ad_deferred,deferred
all_pages_20260721_1901_unmatched_sestiere.csv,361,Profession,known_ad_deferred,deferred
all_pages_20260721_1901_unmatched_sestiere.csv,361,Profession,known_ad_deferred,deferred
all_pages_20260721_1901_unmatched_sestiere.csv,361,Profession,known_ad_deferred,deferred
all_pages_20260721_1901_unmatched_sestiere.csv,361,Profession,known_ad_deferred,deferred
all_pages_20260721_1901_unmatched_sestiere.csv,361,Profession,known_ad_deferred,deferred
all_pages_20260721_1901_unmatched_sestiere.csv,361,Profession,known_ad_deferred,deferred
all_pages_20260721_1901_unmatched_sestiere.csv,361,Profession,known_ad_deferred,deferred
all_pages_20260721_1901_unmatched_sestiere.csv,361,Profession,known_ad_deferred,deferred
all_pages_20260721_1901_unmatched_sestiere.csv,361,Profession,known_ad_deferred,deferred
all_pages_20260721_1901_unmatched_sestiere.csv,361,Profession,known_ad_deferred,deferred
all_pages_20260721_1901_unmatched_sestiere.csv,361,Profession,known_ad_deferred,deferred
all_pages_20260721_1901_unmatched_sestiere.csv,361,Profession,known_ad_deferred,deferred
all_pages_20260721_1901_unmatched_sestiere.csv,361,Profession,known_ad_deferred,deferred
all_pages_20260721_1901_unmatched_sestiere.csv,361,Profession,known_ad_deferred,deferred
all_pages_20260721_1901_unmatched_sestiere.csv,361,Profession,known_ad_deferred,deferred
all_pages_20260721_1901_unmatched_sestiere.csv,361,Profession,known_ad_deferred,deferred
all_pages_20260721_1901_unmatched_sestiere.csv,361,Profession,known_ad_deferred,deferred
all_pages_20260721_1901_unmatched_sestiere.csv,361,Profession,known_ad_deferred,deferred
all_pages_20260721_1901_unmatched_sestiere.csv,361,Profession,known_ad_deferred,deferred
all_pages_20260721_1901_unmatched_sestiere.csv,362,Profession,known_ad_deferred,deferred
all_pages_20260721_1901_unmatched_sestiere.csv,362,Profession,known_ad_deferred,deferred
all_pages_20260721_1901_unmatched_sestiere.csv,362,Profession,known_ad_deferred,deferred
all_pages_20260721_1901_unmatched_sestiere.csv,362,Profession,known_ad_deferred,deferred
all_pages_20260721_1901_unmatched_sestiere.csv,362,Profession,known_ad_deferred,deferred
all_pages_20260721_1901_unmatched_sestiere.csv,362,Profession,known_ad_deferred,deferred
all_pages_20260721_1901_unmatched_sestiere.csv,362,Profession,known_ad_deferred,deferred
all_pages_20260721_1901_unmatched_sestiere.csv,362,Profession,known_ad_deferred,deferred
all_pages_20260721_1901_unmatched_sestiere.csv,362,Profession,known_ad_deferred,deferred
all_pages_20260721_1901_unmatched_sestiere.csv,362,Profession,known_ad_deferred,deferred
all_pages_20260721_1901_unmatched_sestiere.csv,362,Profession,known_ad_deferred,deferred
all_pages_20260721_1901_unmatched_sestiere.csv,362,Profession,known_ad_deferred,deferred
all_pages_20260721_1901_unmatched_sestiere.csv,362,Profession,known_ad_deferred,deferred
all_pages_20260721_1901_unmatched_sestiere.csv,362,Profession,known_ad_deferred,deferred
all_pages_20260721_1901_unmatched_sestiere.csv,362,Profession,known_ad_deferred,deferred
all_pages_20260721_1901_unmatched_sestiere.csv,362,Profession,known_ad_deferred,deferred
all_pages_20260721_1901_unmatched_sestiere.csv,362,Profession,known_ad_deferred,deferred
all_pages_20260721_1901_unmatched_sestiere.csv,362,Profession,known_ad_deferred,deferred
all_pages_20260721_1901_unmatched_sestiere.csv,362,Profession,known_ad_deferred,deferred
all_pages_20260721_1901_unmatched_sestiere.csv,362,Profession,known_ad_deferred,deferred
all_pages_20260721_1901_unmatched_sestiere.csv,362,Profession,known_ad_deferred,deferred
all_pages_20260721_1901_unmatched_sestiere.csv,362,Profession,known_ad_deferred,deferred
all_pages_20260721_1901_unmatched_sestiere.csv,362,Profession,known_ad_deferred,deferred
all_pages_20260721_1901_unmatched_sestiere.csv,363,Profession,known_ad_deferred,deferred
all_pages_20260721_1901_unmatched_sestiere.csv,363,Profession,known_ad_deferred,deferred
all_pages_20260721_1901_unmatched_sestiere.csv,363,Profession,known_ad_deferred,deferred
all_pages_20260721_1901_unmatched_sestiere.csv,363,Profession,known_ad_deferred,deferred
all_pages_20260721_1901_unmatched_sestiere.csv,363,Profession,known_ad_deferred,deferred
all_pages_20260721_1901_unmatched_sestiere.csv,363,Profession,known_ad_deferred,deferred
all_pages_20260721_1901_unmatched_sestiere.csv,363,Profession,known_ad_deferred,deferred
all_pages_20260721_1901_unmatched_sestiere.csv,363,Profession,known_ad_deferred,deferred
all_pages_20260721_1901_unmatched_sestiere.csv,363,Profession,known_ad_deferred,deferred
all_pages_20260721_1901_unmatched_sestiere.csv,363,Profession,known_ad_deferred,deferred
all_pages_20260721_1901_unmatched_sestiere.csv,363,Profession,known_ad_deferred,deferred
all_pages_20260721_1901_unmatched_sestiere.csv,363,Profession,known_ad_deferred,deferred
all_pages_20260721_1901_unmatched_sestiere.csv,363,Profession,known_ad_deferred,deferred
all_pages_20260721_1901_unmatched_sestiere.csv,363,Profession,known_ad_deferred,deferred
all_pages_20260721_1901_unmatched_sestiere.csv,363,Profession,known_ad_deferred,deferred
all_pages_20260721_1901_unmatched_sestiere.csv,363,Profession,known_ad_deferred,deferred
all_pages_20260721_1901_unmatched_sestiere.csv,363,Profession,known_ad_deferred,deferred
all_pages_20260721_1901_unmatched_sestiere.csv,363,Profession,known_ad_deferred,deferred
all_pages_20260721_1901_unmatched_sestiere.csv,363,Profession,known_ad_deferred,deferred
all_pages_20260721_1901_unmatched_sestiere.csv,363,Profession,known_ad_deferred,deferred
all_pages_20260721_1901_unmatched_sestiere.csv,363,Profession,known_ad_deferred,deferred
all_pages_20260721_1901_unmatched_sestiere.csv,363,Profession,known_ad_deferred,deferred
all_pages_20260721_1901_unmatched_sestiere.csv,363,Profession,known_ad_deferred,deferred
all_pages_20260721_1901_unmatched_sestiere.csv,363,Profession,known_ad_deferred,deferred
all_pages_20260721_1901_unmatched_sestiere.csv,363,Profession,known_ad_deferred,deferred
all_pages_20260721_1901_unmatched_sestiere.csv,363,Profession,known_ad_deferred,deferred
all_pages_20260721_1901_unmatched_sestiere.csv,363,Profession,known_ad_deferred,deferred
all_pages_20260721_1901_unmatched_sestiere.csv,363,Profession,known_ad_deferred,deferred
all_pages_20260721_1901_unmatched_sestiere.csv,363,Profession,known_ad_deferred,deferred
all_pages_20260721_1901_unmatched_sestiere.csv,385,Profession,known_ad_deferred,deferred
all_pages_20260721_1901_unmatched_sestiere.csv,385,Profession,known_ad_deferred,deferred
all_pages_20260721_1901_unmatched_sestiere.csv,385,Profession,known_ad_deferred,deferred
all_pages_20260721_1901_unmatched_sestiere.csv,385,Profession,known_ad_deferred,deferred
all_pages_20260721_1901_unmatched_sestiere.csv,385,Profession,known_ad_deferred,deferred
all_pages_20260721_1901_unmatched_sestiere.csv,385,Profession,known_ad_deferred,deferred
all_pages_20260721_1901_unmatched_sestiere.csv,385,Profession,known_ad_deferred,deferred
all_pages_20260721_1901_unmatched_sestiere.csv,385,Profession,known_ad_deferred,deferred
all_pages_20260721_1901_unmatched_sestiere.csv,385,Profession,known_ad_deferred,deferred
all_pages_20260721_1901_unmatched_sestiere.csv,385,Profession,known_ad_deferred,deferred
all_pages_20260721_1901_unmatched_sestiere.csv,385,Profession,known_ad_deferred,deferred
all_pages_20260721_1901_unmatched_sestiere.csv,385,Profession,known_ad_deferred,deferred
all_pages_20260721_1901_unmatched_sestiere.csv,385,Profession,known_ad_deferred,deferred
all_pages_20260721_1901_unmatched_sestiere.csv,385,Profession,known_ad_deferred,deferred
all_pages_20260721_1901_unmatched_sestiere.csv,385,Profession,known_ad_deferred,deferred
all_pages_20260721_1901_unmatched_sestiere.csv,386,Profession,known_ad_deferred,deferred
all_pages_20260721_1901_unmatched_sestiere.csv,386,Profession,known_ad_deferred,deferred
all_pages_20260721_1901_unmatched_sestiere.csv,386,Profession,known_ad_deferred,deferred
all_pages_20260721_1901_unmatched_sestiere.csv,386,Profession,known_ad_deferred,deferred
all_pages_20260721_1901_unmatched_sestiere.csv,386,Profession,known_ad_deferred,deferred
all_pages_20260721_1901_unmatched_sestiere.csv,386,Profession,known_ad_deferred,deferred
all_pages_20260721_1901_unmatched_sestiere.csv,386,Profession,known_ad_deferred,deferred
all_pages_20260721_1901_unmatched_sestiere.csv,386,Profession,known_ad_deferred,deferred
all_pages_20260721_1901_unmatched_sestiere.csv,386,Profession,known_ad_deferred,deferred
all_pages_20260721_1901_unmatched_sestiere.csv,386,Profession,known_ad_deferred,deferred
all_pages_20260721_1901_unmatched_sestiere.csv,386,Profession,known_ad_deferred,deferred
all_pages_20260721_1901_unmatched_sestiere.csv,386,Profession,known_ad_deferred,deferred
all_pages_20260721_1901_unmatched_sestiere.csv,386,Profession,known_ad_deferred,deferred
all_pages_20260721_1901_unmatched_sestiere.csv,386,Profession,known_ad_deferred,deferred
all_pages_20260721_1901_unmatched_sestiere.csv,386,Profession,known_ad_deferred,deferred
all_pages_20260721_1901_unmatched_sestiere.csv,386,Profession,known_ad_deferred,deferred
all_pages_20260721_1901_unmatched_sestiere.csv,386,Profession,known_ad_deferred,deferred
all_pages_20260721_1901_unmatched_sestiere.csv,386,Profession,known_ad_deferred,deferred
all_pages_20260721_1901_unmatched_sestiere.csv,386,Profession,known_ad_deferred,deferred
all_pages_20260721_1901_unmatched_sestiere.csv,386,Profession,known_ad_deferred,deferred
all_pages_20260721_1901_unmatched_sestiere.csv,386,Profession,known_ad_deferred,deferred
all_pages_20260721_1901_unmatched_sestiere.csv,386,Profession,known_ad_deferred,deferred
all_pages_20260721_1901_unmatched_sestiere.csv,386,Profession,known_ad_deferred,deferred
all_pages_20260721_1901_unmatched_sestiere.csv,386,Profession,known_ad_deferred,deferred
all_pages_20260721_1901_unmatched_sestiere.csv,386,Profession,known_ad_deferred,deferred
all_pages_20260721_1901_unmatched_sestiere.csv,387,Profession,known_ad_deferred,deferred
all_pages_20260721_1901_unmatched_sestiere.csv,387,Profession,known_ad_deferred,deferred
all_pages_20260721_1901_unmatched_sestiere.csv,387,Profession,known_ad_deferred,deferred
all_pages_20260721_1901_unmatched_sestiere.csv,387,Profession,known_ad_deferred,deferred
all_pages_20260721_1901_unmatched_sestiere.csv,387,Profession,known_ad_deferred,deferred
all_pages_20260721_1901_unmatched_sestiere.csv,387,Profession,known_ad_deferred,deferred
all_pages_20260721_1901_unmatched_sestiere.csv,387,Profession,known_ad_deferred,deferred
all_pages_20260721_1901_unmatched_sestiere.csv,387,Profession,known_ad_deferred,deferred
all_pages_20260721_1901_unmatched_sestiere.csv,387,Profession,known_ad_deferred,deferred
all_pages_20260721_1901_unmatched_sestiere.csv,387,Profession,known_ad_deferred,deferred
all_pages_20260721_1901_unmatched_sestiere.csv,387,Profession,known_ad_deferred,deferred
all_pages_20260721_1901_unmatched_sestiere.csv,387,Profession,known_ad_deferred,deferred
all_pages_20260721_1901_unmatched_sestiere.csv,387,Profession,known_ad_deferred,deferred
all_pages_20260721_1901_unmatched_sestiere.csv,387,Profession,known_ad_deferred,deferred
all_pages_20260721_1901_unmatched_sestiere.csv,387,Profession,known_ad_deferred,deferred
all_pages_20260721_1901_unmatched_sestiere.csv,387,Profession,known_ad_deferred,deferred
all_pages_20260721_1901_unmatched_sestiere.csv,387,Profession,known_ad_deferred,deferred
all_pages_20260721_1901_unmatched_sestiere.csv,387,Profession,known_ad_deferred,deferred
all_pages_20260721_1901_unmatched_sestiere.csv,387,Profession,known_ad_deferred,deferred
all_pages_20260721_1901_unmatched_sestiere.csv,387,Profession,known_ad_deferred,deferred
all_pages_20260721_1901_unmatched_sestiere.csv,387,Profession,known_ad_deferred,deferred
all_pages_20260721_1901_unmatched_sestiere.csv,388,Profession,known_ad_deferred,deferred
all_pages_20260721_1901_unmatched_sestiere.csv,388,Profession,known_ad_deferred,deferred
all_pages_20260721_1901_unmatched_sestiere.csv,388,Profession,known_ad_deferred,deferred
all_pages_20260721_1901_unmatched_sestiere.csv,388,Profession,known_ad_deferred,deferred
all_pages_20260721_1901_unmatched_sestiere.csv,388,Profession,known_ad_deferred,deferred
all_pages_20260721_1901_unmatched_sestiere.csv,388,Profession,known_ad_deferred,deferred
all_pages_20260721_1901_unmatched_sestiere.csv,388,Profession,known_ad_deferred,deferred
all_pages_20260721_1901_unmatched_sestiere.csv,388,Profession,known_ad_deferred,deferred
all_pages_20260721_1901_unmatched_sestiere.csv,388,Profession,known_ad_deferred,deferred
all_pages_20260721_1901_unmatched_sestiere.csv,388,Profession,known_ad_deferred,deferred
all_pages_20260721_1901_unmatched_sestiere.csv,388,Profession,known_ad_deferred,deferred
all_pages_20260721_1901_unmatched_sestiere.csv,388,Profession,known_ad_deferred,deferred
all_pages_20260721_1901_unmatched_sestiere.csv,388,Profession,known_ad_deferred,deferred
all_pages_20260721_1901_unmatched_sestiere.csv,388,Profession,known_ad_deferred,deferred
all_pages_20260721_1901_unmatched_sestiere.csv,388,Profession,known_ad_deferred,deferred
all_pages_20260721_1901_unmatched_sestiere.csv,388,Profession,known_ad_deferred,deferred
all_pages_20260721_1901_unmatched_sestiere.csv,388,Profession,known_ad_deferred,deferred
all_pages_20260721_1901_unmatched_sestiere.csv,388,Profession,known_ad_deferred,deferred
all_pages_20260721_1901_unmatched_sestiere.csv,388,Profession,known_ad_deferred,deferred
all_pages_20260721_1901_unmatched_sestiere.csv,388,Profession,known_ad_deferred,deferred
all_pages_20260721_1901_unmatched_sestiere.csv,388,Profession,known_ad_deferred,deferred
all_pages_20260721_1901_unmatched_sestiere.csv,390,Profession,known_ad_deferred,deferred
all_pages_20260721_1901_unmatched_sestiere.csv,390,Profession,known_ad_deferred,deferred
all_pages_20260721_1901_unmatched_sestiere.csv,390,Profession,known_ad_deferred,deferred
all_pages_20260721_1901_unmatched_sestiere.csv,390,Profession,known_ad_deferred,deferred
all_pages_20260721_1901_unmatched_sestiere.csv,390,Profession,known_ad_deferred,deferred
all_pages_20260721_1901_unmatched_sestiere.csv,390,Profession,known_ad_deferred,deferred
all_pages_20260721_1901_unmatched_sestiere.csv,390,Profession,known_ad_deferred,deferred
all_pages_20260721_1901_unmatched_sestiere.csv,390,Profession,known_ad_deferred,deferred
all_pages_20260721_1901_unmatched_sestiere.csv,390,Profession,known_ad_deferred,deferred
all_pages_20260721_1901_unmatched_sestiere.csv,390,Profession,known_ad_deferred,deferred
all_pages_20260721_1901_unmatched_sestiere.csv,390,Profession,known_ad_deferred,deferred
all_pages_20260721_1901_unmatched_sestiere.csv,390,Profession,known_ad_deferred,deferred
all_pages_20260721_1901_unmatched_sestiere.csv,390,Profession,known_ad_deferred,deferred
all_pages_20260721_1901_unmatched_sestiere.csv,390,Profession,known_ad_deferred,deferred
all_pages_20260721_1901_unmatched_sestiere.csv,390,Profession,known_ad_deferred,deferred
all_pages_20260721_1901_unmatched_sestiere.csv,390,Profession,known_ad_deferred,deferred
all_pages_20260721_1901_unmatched_sestiere.csv,390,Profession,known_ad_deferred,deferred
all_pages_20260721_1901_unmatched_sestiere.csv,390,Profession,known_ad_deferred,deferred
all_pages_20260721_1901_unmatched_sestiere.csv,390,Profession,known_ad_deferred,deferred
all_pages_20260721_1901_unmatched_sestiere.csv,390,Profession,known_ad_deferred,deferred
all_pages_20260721_1901_unmatched_sestiere.csv,390,Profession,known_ad_deferred,deferred
all_pages_20260721_1901_unmatched_sestiere.csv,390,Profession,known_ad_deferred,deferred
all_pages_20260721_1901_unmatched_sestiere.csv,390,Profession,known_ad_deferred,deferred
all_pages_20260721_1901_unmatched_sestiere.csv,390,Profession,known_ad_deferred,deferred
all_pages_20260721_1901_unmatched_sestiere.csv,394,Profession,known_ad_deferred,deferred
all_pages_20260721_1901_unmatched_sestiere.csv,394,Profession,known_ad_deferred,deferred
all_pages_20260721_1901_unmatched_sestiere.csv,394,Profession,known_ad_deferred,deferred
all_pages_20260721_1901_unmatched_sestiere.csv,394,Profession,known_ad_deferred,deferred
all_pages_20260721_1901_unmatched_sestiere.csv,394,Profession,known_ad_deferred,deferred
all_pages_20260721_1901_unmatched_sestiere.csv,394,Profession,known_ad_deferred,deferred
all_pages_20260721_1901_unmatched_sestiere.csv,394,Profession,known_ad_deferred,deferred
all_pages_20260721_1901_unmatched_sestiere.csv,394,Profession,known_ad_deferred,deferred
all_pages_20260721_1901_unmatched_sestiere.csv,394,Profession,known_ad_deferred,deferred
all_pages_20260721_1901_unmatched_sestiere.csv,394,Profession,known_ad_deferred,deferred
all_pages_20260721_1901_unmatched_sestiere.csv,394,Profession,known_ad_deferred,deferred
all_pages_20260721_1901_unmatched_sestiere.csv,394,Profession,known_ad_deferred,deferred
all_pages_20260721_1901_unmatched_sestiere.csv,394,Profession,known_ad_deferred,deferred
all_pages_20260721_1901_unmatched_sestiere.csv,394,Profession,known_ad_deferred,deferred
all_pages_20260721_1901_unmatched_sestiere.csv,394,Profession,known_ad_deferred,deferred
all_pages_20260721_1901_unmatched_sestiere.csv,394,Profession,known_ad_deferred,deferred
all_pages_20260721_1901_unmatched_sestiere.csv,394,Profession,known_ad_deferred,deferred
all_pages_20260721_1901_unmatched_sestiere.csv,394,Profession,known_ad_deferred,deferred
all_pages_20260721_1901_unmatched_sestiere.csv,394,Profession,known_ad_deferred,deferred
all_pages_20260721_1901_unmatched_sestiere.csv,394,Profession,known_ad_deferred,deferred
all_pages_20260721_1901_unmatched_sestiere.csv,394,Profession,known_ad_deferred,deferred
all_pages_20260721_1901_unmatched_sestiere.csv,394,Profession,known_ad_deferred,deferred
all_pages_20260721_1901_unmatched_sestiere.csv,394,Profession,known_ad_deferred,deferred
all_pages_20260721_1901_unmatched_sestiere.csv,394,Profession,known_ad_deferred,deferred
all_pages_20260721_1901_unmatched_sestiere.csv,394,Profession,known_ad_deferred,deferred
all_pages_20260721_1901_unmatched_sestiere.csv,394,Profession,known_ad_deferred,deferred
all_pages_20260721_1901_unmatched_sestiere.csv,394,Profession,known_ad_deferred,deferred
all_pages_20260721_1901_unmatched_sestiere.csv,394,Profession,known_ad_deferred,deferred
all_pages_20260721_1901_unmatched_sestiere.csv,397,Profession,known_ad_deferred,deferred
all_pages_20260721_1901_unmatched_sestiere.csv,397,Profession,known_ad_deferred,deferred
all_pages_20260721_1901_unmatched_sestiere.csv,397,Profession,known_ad_deferred,deferred
all_pages_20260721_1901_unmatched_sestiere.csv,397,Profession,known_ad_deferred,deferred
all_pages_20260721_1901_unmatched_sestiere.csv,397,Profession,known_ad_deferred,deferred
all_pages_20260721_1901_unmatched_sestiere.csv,397,Profession,known_ad_deferred,deferred
all_pages_20260721_1901_unmatched_sestiere.csv,397,Profession,known_ad_deferred,deferred
all_pages_20260721_1901_unmatched_sestiere.csv,397,Profession,known_ad_deferred,deferred
all_pages_20260721_1901_unmatched_sestiere.csv,397,Profession,known_ad_deferred,deferred
all_pages_20260721_1901_unmatched_sestiere.csv,397,Profession,known_ad_deferred,deferred
all_pages_20260721_1901_unmatched_sestiere.csv,397,Profession,known_ad_deferred,deferred
all_pages_20260721_1901_unmatched_sestiere.csv,397,Profession,known_ad_deferred,deferred
all_pages_20260721_1901_unmatched_sestiere.csv,397,Profession,known_ad_deferred,deferred
all_pages_20260721_1901_unmatched_sestiere.csv,397,Profession,known_ad_deferred,deferred
all_pages_20260721_1901_unmatched_sestiere.csv,397,Profession,known_ad_deferred,deferred
all_pages_20260721_1901_unmatched_sestiere.csv,397,Profession,known_ad_deferred,deferred
all_pages_20260721_1901_unmatched_sestiere.csv,397,Profession,known_ad_deferred,deferred
all_pages_20260721_1901_unmatched_sestiere.csv,397,Profession,known_ad_deferred,deferred
all_pages_20260721_1901_unmatched_sestiere.csv,397,Profession,known_ad_deferred,deferred
all_pages_20260721_1901_unmatched_sestiere.csv,397,Profession,known_ad_deferred,deferred
all_pages_20260721_1901_unmatched_sestiere.csv,397,Profession,known_ad_deferred,deferred
all_pages_20260721_1901_unmatched_sestiere.csv,398,Profession,known_ad_deferred,deferred
all_pages_20260721_1901_unmatched_sestiere.csv,398,Profession,known_ad_deferred,deferred
all_pages_20260721_1901_unmatched_sestiere.csv,398,Profession,known_ad_deferred,deferred
all_pages_20260721_1901_unmatched_sestiere.csv,398,Profession,known_ad_deferred,deferred
all_pages_20260721_1901_unmatched_sestiere.csv,398,Profession,known_ad_deferred,deferred
all_pages_20260721_1901_unmatched_sestiere.csv,398,Profession,known_ad_deferred,deferred
all_pages_20260721_1901_unmatched_sestiere.csv,398,Profession,known_ad_deferred,deferred
all_pages_20260721_1901_unmatched_sestiere.csv,398,Profession,known_ad_deferred,deferred
all_pages_20260721_1901_unmatched_sestiere.csv,398,Profession,known_ad_deferred,deferred
all_pages_20260721_1901_unmatched_sestiere.csv,398,Profession,known_ad_deferred,deferred
all_pages_20260721_1901_unmatched_sestiere.csv,398,Profession,known_ad_deferred,deferred
all_pages_20260721_1901_unmatched_sestiere.csv,398,Profession,known_ad_deferred,deferred
all_pages_20260721_1901_unmatched_sestiere.csv,398,Profession,known_ad_deferred,deferred
all_pages_20260721_1901_unmatched_sestiere.csv,398,Profession,known_ad_deferred,deferred
all_pages_20260721_1901_unmatched_sestiere.csv,398,Profession,known_ad_deferred,deferred
all_pages_20260721_1901_unmatched_sestiere.csv,398,Profession,known_ad_deferred,deferred
all_pages_20260721_1901_unmatched_sestiere.csv,398,Profession,known_ad_deferred,deferred
all_pages_20260721_1901_unmatched_sestiere.csv,398,Profession,known_ad_deferred,deferred
all_pages_20260721_1901_unmatched_sestiere.csv,398,Profession,known_ad_deferred,deferred
all_pages_20260721_1901_unmatched_sestiere.csv,398,Profession,known_ad_deferred,deferred
all_pages_20260721_1901_unmatched_sestiere.csv,398,Profession,known_ad_deferred,deferred
all_pages_20260721_1901_unmatched_sestiere.csv,398,Profession,known_ad_deferred,deferred
all_pages_20260721_1901_unmatched_sestiere.csv,398,Profession,known_ad_deferred,deferred
all_pages_20260721_1901_unmatched_sestiere.csv,398,Profession,known_ad_deferred,deferred
all_pages_20260721_1901_unmatched_sestiere.csv,398,Profession,known_ad_deferred,deferred
all_pages_20260721_1901_unmatched_sestiere.csv,398,Profession,known_ad_deferred,deferred
all_pages_20260721_1901_unmatched_sestiere.csv,398,Profession,known_ad_deferred,deferred
all_pages_20260721_1901_unmatched_sestiere.csv,398,Profession,known_ad_deferred,deferred
all_pages_20260721_1901_unmatched_sestiere.csv,398,Profession,known_ad_deferred,deferred
all_pages_20260721_1901_unmatched_sestiere.csv,398,Profession,known_ad_deferred,deferred
all_pages_20260721_1901_unmatched_sestiere.csv,398,Profession,known_ad_deferred,deferred
all_pages_20260721_1901_unmatched_sestiere.csv,398,Profession,known_ad_deferred,deferred
all_pages_20260721_1901_unmatched_sestiere.csv,398,Profession,known_ad_deferred,deferred
all_pages_20260721_1901_unmatched_sestiere.csv,398,Profession,known_ad_deferred,deferred
all_pages_20260721_1901_unmatched_sestiere.csv,400,Profession,known_ad_deferred,deferred
all_pages_20260721_1901_unmatched_sestiere.csv,400,Profession,known_ad_deferred,deferred
all_pages_20260721_1901_unmatched_sestiere.csv,400,Profession,known_ad_deferred,deferred
all_pages_20260721_1901_unmatched_sestiere.csv,400,Profession,known_ad_deferred,deferred
all_pages_20260721_1901_unmatched_sestiere.csv,400,Profession,known_ad_deferred,deferred
all_pages_20260721_1901_unmatched_sestiere.csv,400,Profession,known_ad_deferred,deferred
all_pages_20260721_1901_unmatched_sestiere.csv,400,Profession,known_ad_deferred,deferred
all_pages_20260721_1901_unmatched_sestiere.csv,400,Profession,known_ad_deferred,deferred
all_pages_20260721_1901_unmatched_sestiere.csv,400,Profession,known_ad_deferred,deferred
all_pages_20260721_1901_unmatched_sestiere.csv,400,Profession,known_ad_deferred,deferred
all_pages_20260721_1901_unmatched_sestiere.csv,400,Profession,known_ad_deferred,deferred
all_pages_20260721_1901_unmatched_sestiere.csv,400,Profession,known_ad_deferred,deferred
all_pages_20260721_1901_unmatched_sestiere.csv,400,Profession,known_ad_deferred,deferred
all_pages_20260721_1901_unmatched_sestiere.csv,400,Profession,known_ad_deferred,deferred
all_pages_20260721_1901_unmatched_sestiere.csv,400,Profession,known_ad_deferred,deferred
all_pages_20260721_1901_unmatched_sestiere.csv,400,Profession,known_ad_deferred,deferred
all_pages_20260721_1901_unmatched_sestiere.csv,402,Profession,known_ad_deferred,deferred
all_pages_20260721_1901_unmatched_sestiere.csv,402,Profession,known_ad_deferred,deferred
all_pages_20260721_1901_unmatched_sestiere.csv,402,Profession,known_ad_deferred,deferred
all_pages_20260721_1901_unmatched_sestiere.csv,402,Profession,known_ad_deferred,deferred
all_pages_20260721_1901_unmatched_sestiere.csv,402,Profession,known_ad_deferred,deferred
all_pages_20260721_1901_unmatched_sestiere.csv,402,Profession,known_ad_deferred,deferred
all_pages_20260721_1901_unmatched_sestiere.csv,402,Profession,known_ad_deferred,deferred
all_pages_20260721_1901_unmatched_sestiere.csv,402,Profession,known_ad_deferred,deferred
all_pages_20260721_1901_unmatched_sestiere.csv,402,Profession,known_ad_deferred,deferred
all_pages_20260721_1901_unmatched_sestiere.csv,402,Profession,known_ad_deferred,deferred
all_pages_20260721_1901_unmatched_sestiere.csv,402,Profession,known_ad_deferred,deferred
all_pages_20260721_1901_unmatched_sestiere.csv,402,Profession,known_ad_deferred,deferred
all_pages_20260721_1901_unmatched_sestiere.csv,402,Profession,known_ad_deferred,deferred
all_pages_20260721_1901_unmatched_sestiere.csv,402,Profession,known_ad_deferred,deferred
all_pages_20260721_1901_unmatched_sestiere.csv,402,Profession,known_ad_deferred,deferred
all_pages_20260721_1901_unmatched_sestiere.csv,402,Profession,known_ad_deferred,deferred
all_pages_20260721_1901_unmatched_sestiere.csv,402,Profession,known_ad_deferred,deferred
all_pages_20260721_1901_unmatched_sestiere.csv,402,Profession,known_ad_deferred,deferred
all_pages_20260721_1901_unmatched_sestiere.csv,402,Profession,known_ad_deferred,deferred
all_pages_20260721_1901_unmatched_sestiere.csv,402,Profession,known_ad_deferred,deferred
all_pages_20260721_1901_unmatched_sestiere.csv,402,Profession,known_ad_deferred,deferred
all_pages_20260721_1901_unmatched_sestiere.csv,402,Profession,known_ad_deferred,deferred
all_pages_20260721_1901_unmatched_sestiere.csv,402,Profession,known_ad_deferred,deferred
all_pages_20260721_1901_unmatched_sestiere.csv,402,Profession,known_ad_deferred,deferred
all_pages_20260721_1901_unmatched_sestiere.csv,402,Profession,known_ad_deferred,deferred
all_pages_20260721_1901_unmatched_sestiere.csv,402,Profession,known_ad_deferred,deferred
all_pages_20260721_1901_unmatched_sestiere.csv,402,Profession,known_ad_deferred,deferred
all_pages_20260721_1901_unmatched_sestiere.csv,403,Profession,known_ad_deferred,deferred
all_pages_20260721_1901_unmatched_sestiere.csv,403,Profession,known_ad_deferred,deferred
all_pages_20260721_1901_unmatched_sestiere.csv,403,Profession,known_ad_deferred,deferred
all_pages_20260721_1901_unmatched_sestiere.csv,403,Profession,known_ad_deferred,deferred
all_pages_20260721_1901_unmatched_sestiere.csv,403,Profession,known_ad_deferred,deferred
all_pages_20260721_1901_unmatched_sestiere.csv,403,Profession,known_ad_deferred,deferred
all_pages_20260721_1901_unmatched_sestiere.csv,403,Profession,known_ad_deferred,deferred
all_pages_20260721_1901_unmatched_sestiere.csv,403,Profession,known_ad_deferred,deferred
all_pages_20260721_1901_unmatched_sestiere.csv,403,Profession,known_ad_deferred,deferred
all_pages_20260721_1901_unmatched_sestiere.csv,403,Profession,known_ad_deferred,deferred
all_pages_20260721_1901_unmatched_sestiere.csv,403,Profession,known_ad_deferred,deferred
all_pages_20260721_1901_unmatched_sestiere.csv,403,Profession,known_ad_deferred,deferred
all_pages_20260721_1901_unmatched_sestiere.csv,403,Profession,known_ad_deferred,deferred
all_pages_20260721_1901_unmatched_sestiere.csv,403,Profession,known_ad_deferred,deferred
all_pages_20260721_1901_unmatched_sestiere.csv,403,Profession,known_ad_deferred,deferred
all_pages_20260721_1901_unmatched_sestiere.csv,403,Profession,known_ad_deferred,deferred
all_pages_20260721_1901_unmatched_sestiere.csv,403,Profession,known_ad_deferred,deferred
all_pages_20260721_1901_unmatched_sestiere.csv,403,Profession,known_ad_deferred,deferred
all_pages_20260721_1901_unmatched_sestiere.csv,403,Profession,known_ad_deferred,deferred
all_pages_20260721_1901_unmatched_sestiere.csv,403,Profession,known_ad_deferred,deferred
all_pages_20260721_1901_unmatched_sestiere.csv,403,Profession,known_ad_deferred,deferred
all_pages_20260721_1901_unmatched_sestiere.csv,403,Profession,known_ad_deferred,deferred
all_pages_20260721_1901_unmatched_sestiere.csv,403,Profession,known_ad_deferred,deferred
all_pages_20260721_1901_unmatched_sestiere.csv,403,Profession,known_ad_deferred,deferred
all_pages_20260721_1901_unmatched_sestiere.csv,403,Profession,known_ad_deferred,deferred
all_pages_20260721_1901_unmatched_sestiere.csv,403,Profession,known_ad_deferred,deferred
all_pages_20260721_1901_unmatched_sestiere.csv,403,Profession,known_ad_deferred,deferred
all_pages_20260721_1901_unmatched_sestiere.csv,403,Profession,known_ad_deferred,deferred
all_pages_20260721_1901_unmatched_sestiere.csv,403,Profession,known_ad_deferred,deferred
all_pages_20260721_1901_unmatched_sestiere.csv,403,Profession,known_ad_deferred,deferred
all_pages_20260721_1901_unmatched_sestiere.csv,404,Profession,known_ad_deferred,deferred
all_pages_20260721_1901_unmatched_sestiere.csv,404,Profession,known_ad_deferred,deferred
all_pages_20260721_1901_unmatched_sestiere.csv,404,Profession,known_ad_deferred,deferred
all_pages_20260721_1901_unmatched_sestiere.csv,404,Profession,known_ad_deferred,deferred
all_pages_20260721_1901_unmatched_sestiere.csv,404,Profession,known_ad_deferred,deferred
all_pages_20260721_1901_unmatched_sestiere.csv,404,Profession,known_ad_deferred,deferred
all_pages_20260721_1901_unmatched_sestiere.csv,404,Profession,known_ad_deferred,deferred
all_pages_20260721_1901_unmatched_sestiere.csv,404,Profession,known_ad_deferred,deferred
all_pages_20260721_1901_unmatched_sestiere.csv,404,Profession,known_ad_deferred,deferred
all_pages_20260721_1901_unmatched_sestiere.csv,404,Profession,known_ad_deferred,deferred
all_pages_20260721_1901_unmatched_sestiere.csv,404,Profession,known_ad_deferred,deferred
all_pages_20260721_1901_unmatched_sestiere.csv,404,Profession,known_ad_deferred,deferred
all_pages_20260721_1901_unmatched_sestiere.csv,404,Profession,known_ad_deferred,deferred
all_pages_20260721_1901_unmatched_sestiere.csv,404,Profession,known_ad_deferred,deferred
all_pages_20260721_1901_unmatched_sestiere.csv,404,Profession,known_ad_deferred,deferred
all_pages_20260721_1901_unmatched_sestiere.csv,404,Profession,known_ad_deferred,deferred
all_pages_20260721_1901_unmatched_sestiere.csv,405,Profession,known_ad_deferred,deferred
all_pages_20260721_1901_unmatched_sestiere.csv,405,Profession,known_ad_deferred,deferred
all_pages_20260721_1901_unmatched_sestiere.csv,405,Profession,known_ad_deferred,deferred
all_pages_20260721_1901_unmatched_sestiere.csv,405,Profession,known_ad_deferred,deferred
all_pages_20260721_1901_unmatched_sestiere.csv,405,Profession,known_ad_deferred,deferred
all_pages_20260721_1901_unmatched_sestiere.csv,405,Profession,known_ad_deferred,deferred
all_pages_20260721_1901_unmatched_sestiere.csv,405,Profession,known_ad_deferred,deferred
all_pages_20260721_1901_unmatched_sestiere.csv,405,Profession,known_ad_deferred,deferred
all_pages_20260721_1901_unmatched_sestiere.csv,405,Profession,known_ad_deferred,deferred
all_pages_20260721_1901_unmatched_sestiere.csv,405,Profession,known_ad_deferred,deferred
all_pages_20260721_1901_unmatched_sestiere.csv,405,Profession,known_ad_deferred,deferred
all_pages_20260721_1901_unmatched_sestiere.csv,405,Profession,known_ad_deferred,deferred
all_pages_20260721_1901_unmatched_sestiere.csv,405,Profession,known_ad_deferred,deferred
all_pages_20260721_1901_unmatched_sestiere.csv,405,Profession,known_ad_deferred,deferred
all_pages_20260721_1901_unmatched_sestiere.csv,405,Profession,known_ad_deferred,deferred
all_pages_20260721_1901_unmatched_sestiere.csv,405,Profession,known_ad_deferred,deferred
all_pages_20260721_1901_unmatched_sestiere.csv,405,Profession,known_ad_deferred,deferred
all_pages_20260721_1901_unmatched_sestiere.csv,405,Profession,known_ad_deferred,deferred
all_pages_20260721_1901_unmatched_sestiere.csv,405,Profession,known_ad_deferred,deferred
all_pages_20260721_1901_unmatched_sestiere.csv,405,Profession,known_ad_deferred,deferred
all_pages_20260721_1901_unmatched_sestiere.csv,406,Profession,known_ad_deferred,deferred
nominatim_20260722_1042_matched_nominatim_inside.csv,359,Profession,known_ad_deferred,deferred
nominatim_20260722_1042_matched_nominatim_inside.csv,359,Profession,known_ad_deferred,deferred
nominatim_20260722_1042_matched_nominatim_inside.csv,359,Profession,known_ad_deferred,deferred
nominatim_20260722_1042_matched_nominatim_inside.csv,359,Profession,known_ad_deferred,deferred
nominatim_20260722_1042_matched_nominatim_inside.csv,359,Profession,known_ad_deferred,deferred
nominatim_20260722_1042_matched_nominatim_inside.csv,360,Profession,known_ad_deferred,deferred
nominatim_20260722_1042_matched_nominatim_inside.csv,360,Profession,known_ad_deferred,deferred
nominatim_20260722_1042_matched_nominatim_inside.csv,360,Profession,known_ad_deferred,deferred
nominatim_20260722_1042_matched_nominatim_inside.csv,361,Profession,known_ad_deferred,deferred
nominatim_20260722_1042_matched_nominatim_inside.csv,362,Profession,known_ad_deferred,deferred
nominatim_20260722_1042_matched_nominatim_inside.csv,362,Profession,known_ad_deferred,deferred
nominatim_20260722_1042_matched_nominatim_inside.csv,362,Profession,known_ad_deferred,deferred
nominatim_20260722_1042_matched_nominatim_inside.csv,362,Profession,known_ad_deferred,deferred
nominatim_20260722_1042_matched_nominatim_inside.csv,363,Profession,known_ad_deferred,deferred
nominatim_20260722_1042_matched_nominatim_inside.csv,363,Profession,known_ad_deferred,deferred
nominatim_20260722_1042_matched_nominatim_inside.csv,363,Profession,known_ad_deferred,deferred
nominatim_20260722_1042_matched_nominatim_inside.csv,363,Profession,known_ad_deferred,deferred
nominatim_20260722_1042_matched_nominatim_inside.csv,363,Profession,known_ad_deferred,deferred
nominatim_20260722_1042_matched_nominatim_inside.csv,363,Profession,known_ad_deferred,deferred
nominatim_20260722_1042_matched_nominatim_inside.csv,363,Profession,known_ad_deferred,deferred
nominatim_20260722_1042_matched_nominatim_inside.csv,363,Profession,known_ad_deferred,deferred
nominatim_20260722_1042_matched_nominatim_inside.csv,390,Profession,known_ad_deferred,deferred
nominatim_20260722_1042_matched_nominatim_inside.csv,390,Profession,known_ad_deferred,deferred
nominatim_20260722_1042_matched_nominatim_inside.csv,390,Profession,known_ad_deferred,deferred
nominatim_20260722_1042_matched_nominatim_inside.csv,390,Profession,known_ad_deferred,deferred
nominatim_20260722_1042_matched_nominatim_inside.csv,390,Profession,known_ad_deferred,deferred
nominatim_20260722_1042_matched_nominatim_inside.csv,394,Profession,known_ad_deferred,deferred
nominatim_20260722_1042_matched_nominatim_inside.csv,394,Profession,known_ad_deferred,deferred
nominatim_20260722_1042_matched_nominatim_inside.csv,394,Profession,known_ad_deferred,deferred
nominatim_20260722_1042_matched_nominatim_inside.csv,394,Profession,known_ad_deferred,deferred
nominatim_20260722_1042_matched_nominatim_inside.csv,394,Profession,known_ad_deferred,deferred
nominatim_20260722_1042_matched_nominatim_inside.csv,394,Profession,known_ad_deferred,deferred
nominatim_20260722_1042_matched_nominatim_inside.csv,394,Profession,known_ad_deferred,deferred
nominatim_20260722_1042_matched_nominatim_inside.csv,394,Profession,known_ad_deferred,deferred
nominatim_20260722_1042_matched_nominatim_inside.csv,394,Profession,known_ad_deferred,deferred
nominatim_20260722_1042_matched_nominatim_inside.csv,397,Profession,known_ad_deferred,deferred
nominatim_20260722_1042_matched_nominatim_inside.csv,397,Profession,known_ad_deferred,deferred
nominatim_20260722_1042_matched_nominatim_inside.csv,398,Profession,known_ad_deferred,deferred
nominatim_20260722_1042_matched_nominatim_inside.csv,398,Profession,known_ad_deferred,deferred
nominatim_20260722_1042_matched_nominatim_inside.csv,398,Profession,known_ad_deferred,deferred
nominatim_20260722_1042_matched_nominatim_inside.csv,398,Profession,known_ad_deferred,deferred
nominatim_20260722_1042_matched_nominatim_inside.csv,398,Profession,known_ad_deferred,deferred
nominatim_20260722_1042_matched_nominatim_inside.csv,400,Profession,known_ad_deferred,deferred
nominatim_20260722_1042_matched_nominatim_inside.csv,400,Profession,known_ad_deferred,deferred
nominatim_20260722_1042_matched_nominatim_inside.csv,400,Profession,known_ad_deferred,deferred
nominatim_20260722_1042_matched_nominatim_inside.csv,402,Profession,known_ad_deferred,deferred
nominatim_20260722_1042_matched_nominatim_inside.csv,402,Profession,known_ad_deferred,deferred
nominatim_20260722_1042_matched_nominatim_inside.csv,402,Profession,known_ad_deferred,deferred
nominatim_20260722_1042_matched_nominatim_inside.csv,402,Profession,known_ad_deferred,deferred
nominatim_20260722_1042_matched_nominatim_inside.csv,402,Profession,known_ad_deferred,deferred
nominatim_20260722_1042_matched_nominatim_inside.csv,402,Profession,known_ad_deferred,deferred
nominatim_20260722_1042_matched_nominatim_inside.csv,405,Profession,known_ad_deferred,deferred
nominatim_20260722_1042_nominatim_unmatched_inside.csv,359,Profession,known_ad_deferred,deferred
nominatim_20260722_1042_nominatim_unmatched_inside.csv,359,Profession,known_ad_deferred,deferred
nominatim_20260722_1042_nominatim_unmatched_inside.csv,359,Profession,known_ad_deferred,deferred
nominatim_20260722_1042_nominatim_unmatched_inside.csv,359,Profession,known_ad_deferred,deferred
nominatim_20260722_1042_nominatim_unmatched_inside.csv,359,Profession,known_ad_deferred,deferred
nominatim_20260722_1042_nominatim_unmatched_inside.csv,359,Profession,known_ad_deferred,deferred
nominatim_20260722_1042_nominatim_unmatched_inside.csv,359,Profession,known_ad_deferred,deferred
nominatim_20260722_1042_nominatim_unmatched_inside.csv,359,Profession,known_ad_deferred,deferred
nominatim_20260722_1042_nominatim_unmatched_inside.csv,359,Profession,known_ad_deferred,deferred
nominatim_20260722_1042_nominatim_unmatched_inside.csv,359,Profession,known_ad_deferred,deferred
nominatim_20260722_1042_nominatim_unmatched_inside.csv,359,Profession,known_ad_deferred,deferred
nominatim_20260722_1042_nominatim_unmatched_inside.csv,360,Profession,known_ad_deferred,deferred
nominatim_20260722_1042_nominatim_unmatched_inside.csv,360,Profession,known_ad_deferred,deferred
nominatim_20260722_1042_nominatim_unmatched_inside.csv,360,Profession,known_ad_deferred,deferred
nominatim_20260722_1042_nominatim_unmatched_inside.csv,360,Profession,known_ad_deferred,deferred
nominatim_20260722_1042_nominatim_unmatched_inside.csv,361,Profession,known_ad_deferred,deferred
nominatim_20260722_1042_nominatim_unmatched_inside.csv,361,Profession,known_ad_deferred,deferred
nominatim_20260722_1042_nominatim_unmatched_inside.csv,361,Profession,known_ad_deferred,deferred
nominatim_20260722_1042_nominatim_unmatched_inside.csv,361,Profession,known_ad_deferred,deferred
nominatim_20260722_1042_nominatim_unmatched_inside.csv,361,Profession,known_ad_deferred,deferred
nominatim_20260722_1042_nominatim_unmatched_inside.csv,361,Profession,known_ad_deferred,deferred
nominatim_20260722_1042_nominatim_unmatched_inside.csv,361,Profession,known_ad_deferred,deferred
nominatim_20260722_1042_nominatim_unmatched_inside.csv,361,Profession,known_ad_deferred,deferred
nominatim_20260722_1042_nominatim_unmatched_inside.csv,361,Profession,known_ad_deferred,deferred
nominatim_20260722_1042_nominatim_unmatched_inside.csv,362,Profession,known_ad_deferred,deferred
nominatim_20260722_1042_nominatim_unmatched_inside.csv,362,Profession,known_ad_deferred,deferred
nominatim_20260722_1042_nominatim_unmatched_inside.csv,362,Profession,known_ad_deferred,deferred
nominatim_20260722_1042_nominatim_unmatched_inside.csv,362,Profession,known_ad_deferred,deferred
nominatim_20260722_1042_nominatim_unmatched_inside.csv,362,Profession,known_ad_deferred,deferred
nominatim_20260722_1042_nominatim_unmatched_inside.csv,362,Profession,known_ad_deferred,deferred
nominatim_20260722_1042_nominatim_unmatched_inside.csv,362,Profession,known_ad_deferred,deferred
nominatim_20260722_1042_nominatim_unmatched_inside.csv,362,Profession,known_ad_deferred,deferred
nominatim_20260722_1042_nominatim_unmatched_inside.csv,363,Profession,known_ad_deferred,deferred
nominatim_20260722_1042_nominatim_unmatched_inside.csv,363,Profession,known_ad_deferred,deferred
nominatim_20260722_1042_nominatim_unmatched_inside.csv,363,Profession,known_ad_deferred,deferred
nominatim_20260722_1042_nominatim_unmatched_inside.csv,363,Profession,known_ad_deferred,deferred
nominatim_20260722_1042_nominatim_unmatched_inside.csv,363,Profession,known_ad_deferred,deferred
nominatim_20260722_1042_nominatim_unmatched_inside.csv,363,Profession,known_ad_deferred,deferred
nominatim_20260722_1042_nominatim_unmatched_inside.csv,363,Profession,known_ad_deferred,deferred
nominatim_20260722_1042_nominatim_unmatched_inside.csv,386,Profession,known_ad_deferred,deferred
nominatim_20260722_1042_nominatim_unmatched_inside.csv,387,Profession,known_ad_deferred,deferred
nominatim_20260722_1042_nominatim_unmatched_inside.csv,387,Profession,known_ad_deferred,deferred
nominatim_20260722_1042_nominatim_unmatched_inside.csv,387,Profession,known_ad_deferred,deferred
nominatim_20260722_1042_nominatim_unmatched_inside.csv,388,Profession,known_ad_deferred,deferred
nominatim_20260722_1042_nominatim_unmatched_inside.csv,390,Profession,known_ad_deferred,deferred
nominatim_20260722_1042_nominatim_unmatched_inside.csv,390,Profession,known_ad_deferred,deferred
nominatim_20260722_1042_nominatim_unmatched_inside.csv,390,Profession,known_ad_deferred,deferred
nominatim_20260722_1042_nominatim_unmatched_inside.csv,390,Profession,known_ad_deferred,deferred
nominatim_20260722_1042_nominatim_unmatched_inside.csv,390,Profession,known_ad_deferred,deferred
nominatim_20260722_1042_nominatim_unmatched_inside.csv,390,Profession,known_ad_deferred,deferred
nominatim_20260722_1042_nominatim_unmatched_inside.csv,390,Profession,known_ad_deferred,deferred
nominatim_20260722_1042_nominatim_unmatched_inside.csv,394,Profession,known_ad_deferred,deferred
nominatim_20260722_1042_nominatim_unmatched_inside.csv,394,Profession,known_ad_deferred,deferred
nominatim_20260722_1042_nominatim_unmatched_inside.csv,394,Profession,known_ad_deferred,deferred
nominatim_20260722_1042_nominatim_unmatched_inside.csv,394,Profession,known_ad_deferred,deferred
nominatim_20260722_1042_nominatim_unmatched_inside.csv,394,Profession,known_ad_deferred,deferred
nominatim_20260722_1042_nominatim_unmatched_inside.csv,394,Profession,known_ad_deferred,deferred
nominatim_20260722_1042_nominatim_unmatched_inside.csv,394,Profession,known_ad_deferred,deferred
nominatim_20260722_1042_nominatim_unmatched_inside.csv,397,Profession,known_ad_deferred,deferred
nominatim_20260722_1042_nominatim_unmatched_inside.csv,397,Profession,known_ad_deferred,deferred
nominatim_20260722_1042_nominatim_unmatched_inside.csv,397,Profession,known_ad_deferred,deferred
nominatim_20260722_1042_nominatim_unmatched_inside.csv,397,Profession,known_ad_deferred,deferred
nominatim_20260722_1042_nominatim_unmatched_inside.csv,397,Profession,known_ad_deferred,deferred
nominatim_20260722_1042_nominatim_unmatched_inside.csv,397,Profession,known_ad_deferred,deferred
nominatim_20260722_1042_nominatim_unmatched_inside.csv,397,Profession,known_ad_deferred,deferred
nominatim_20260722_1042_nominatim_unmatched_inside.csv,397,Profession,known_ad_deferred,deferred
nominatim_20260722_1042_nominatim_unmatched_inside.csv,397,Profession,known_ad_deferred,deferred
nominatim_20260722_1042_nominatim_unmatched_inside.csv,397,Profession,known_ad_deferred,deferred
nominatim_20260722_1042_nominatim_unmatched_inside.csv,397,Profession,known_ad_deferred,deferred
nominatim_20260722_1042_nominatim_unmatched_inside.csv,397,Profession,known_ad_deferred,deferred
nominatim_20260722_1042_nominatim_unmatched_inside.csv,397,Profession,known_ad_deferred,deferred
nominatim_20260722_1042_nominatim_unmatched_inside.csv,398,Profession,known_ad_deferred,deferred
nominatim_20260722_1042_nominatim_unmatched_inside.csv,398,Profession,known_ad_deferred,deferred
nominatim_20260722_1042_nominatim_unmatched_inside.csv,398,Profession,known_ad_deferred,deferred
nominatim_20260722_1042_nominatim_unmatched_inside.csv,398,Profession,known_ad_deferred,deferred
nominatim_20260722_1042_nominatim_unmatched_inside.csv,398,Profession,known_ad_deferred,deferred
nominatim_20260722_1042_nominatim_unmatched_inside.csv,398,Profession,known_ad_deferred,deferred
nominatim_20260722_1042_nominatim_unmatched_inside.csv,398,Profession,known_ad_deferred,deferred
nominatim_20260722_1042_nominatim_unmatched_inside.csv,398,Profession,known_ad_deferred,deferred
nominatim_20260722_1042_nominatim_unmatched_inside.csv,398,Profession,known_ad_deferred,deferred
nominatim_20260722_1042_nominatim_unmatched_inside.csv,398,Profession,known_ad_deferred,deferred
nominatim_20260722_1042_nominatim_unmatched_inside.csv,398,Profession,known_ad_deferred,deferred
nominatim_20260722_1042_nominatim_unmatched_inside.csv,398,Profession,known_ad_deferred,deferred
nominatim_20260722_1042_nominatim_unmatched_inside.csv,398,Profession,known_ad_deferred,deferred
nominatim_20260722_1042_nominatim_unmatched_inside.csv,398,Profession,known_ad_deferred,deferred
nominatim_20260722_1042_nominatim_unmatched_inside.csv,398,Profession,known_ad_deferred,deferred
nominatim_20260722_1042_nominatim_unmatched_inside.csv,400,Profession,known_ad_deferred,deferred
nominatim_20260722_1042_nominatim_unmatched_inside.csv,400,Profession,known_ad_deferred,deferred
nominatim_20260722_1042_nominatim_unmatched_inside.csv,400,Profession,known_ad_deferred,deferred
nominatim_20260722_1042_nominatim_unmatched_inside.csv,400,Profession,known_ad_deferred,deferred
nominatim_20260722_1042_nominatim_unmatched_inside.csv,400,Profession,known_ad_deferred,deferred
nominatim_20260722_1042_nominatim_unmatched_inside.csv,400,Profession,known_ad_deferred,deferred
nominatim_20260722_1042_nominatim_unmatched_inside.csv,400,Profession,known_ad_deferred,deferred
nominatim_20260722_1042_nominatim_unmatched_inside.csv,400,Profession,known_ad_deferred,deferred
nominatim_20260722_1042_nominatim_unmatched_inside.csv,402,Profession,known_ad_deferred,deferred
nominatim_20260722_1042_nominatim_unmatched_inside.csv,402,Profession,known_ad_deferred,deferred
nominatim_20260722_1042_nominatim_unmatched_inside.csv,402,Profession,known_ad_deferred,deferred
nominatim_20260722_1042_nominatim_unmatched_inside.csv,402,Profession,known_ad_deferred,deferred
nominatim_20260722_1042_nominatim_unmatched_inside.csv,402,Profession,known_ad_deferred,deferred
nominatim_20260722_1042_nominatim_unmatched_inside.csv,402,Profession,known_ad_deferred,deferred
nominatim_20260722_1042_nominatim_unmatched_inside.csv,402,Profession,known_ad_deferred,deferred
nominatim_20260722_1042_nominatim_unmatched_inside.csv,402,Profession,known_ad_deferred,deferred
nominatim_20260722_1042_nominatim_unmatched_inside.csv,402,Profession,known_ad_deferred,deferred
nominatim_20260722_1042_nominatim_unmatched_inside.csv,406,Profession,known_ad_deferred,deferred
nominatim_20260721_1924_matched_provincia_centroid.csv,359,Profession,known_ad_deferred,deferred
nominatim_20260721_1924_matched_provincia_centroid.csv,359,Profession,known_ad_deferred,deferred
nominatim_20260721_1924_matched_provincia_centroid.csv,359,Profession,known_ad_deferred,deferred
nominatim_20260721_1924_matched_provincia_centroid.csv,359,Profession,known_ad_deferred,deferred
nominatim_20260721_1924_matched_provincia_centroid.csv,359,Profession,known_ad_deferred,deferred
nominatim_20260721_1924_matched_provincia_centroid.csv,360,Profession,known_ad_deferred,deferred
nominatim_20260721_1924_matched_provincia_centroid.csv,360,Profession,known_ad_deferred,deferred
nominatim_20260721_1924_matched_provincia_centroid.csv,360,Profession,known_ad_deferred,deferred
nominatim_20260721_1924_matched_provincia_centroid.csv,360,Profession,known_ad_deferred,deferred
nominatim_20260721_1924_matched_provincia_centroid.csv,361,Profession,known_ad_deferred,deferred
nominatim_20260721_1924_matched_provincia_centroid.csv,361,Profession,known_ad_deferred,deferred
nominatim_20260721_1924_matched_provincia_centroid.csv,361,Profession,known_ad_deferred,deferred
nominatim_20260721_1924_matched_provincia_centroid.csv,361,Profession,known_ad_deferred,deferred
nominatim_20260721_1924_matched_provincia_centroid.csv,361,Profession,known_ad_deferred,deferred
nominatim_20260721_1924_matched_provincia_centroid.csv,361,Profession,known_ad_deferred,deferred
nominatim_20260721_1924_matched_provincia_centroid.csv,361,Profession,known_ad_deferred,deferred
nominatim_20260721_1924_matched_provincia_centroid.csv,361,Profession,known_ad_deferred,deferred
nominatim_20260721_1924_matched_provincia_centroid.csv,361,Profession,known_ad_deferred,deferred
nominatim_20260721_1924_matched_provincia_centroid.csv,361,Profession,known_ad_deferred,deferred
nominatim_20260721_1924_matched_provincia_centroid.csv,361,Profession,known_ad_deferred,deferred
nominatim_20260721_1924_matched_provincia_centroid.csv,361,Profession,known_ad_deferred,deferred
nominatim_20260721_1924_matched_provincia_centroid.csv,361,Profession,known_ad_deferred,deferred
nominatim_20260721_1924_matched_provincia_centroid.csv,361,Profession,known_ad_deferred,deferred
nominatim_20260721_1924_matched_provincia_centroid.csv,361,Profession,known_ad_deferred,deferred
nominatim_20260721_1924_matched_provincia_centroid.csv,362,Profession,known_ad_deferred,deferred
nominatim_20260721_1924_matched_provincia_centroid.csv,362,Profession,known_ad_deferred,deferred
nominatim_20260721_1924_matched_provincia_centroid.csv,362,Profession,known_ad_deferred,deferred
nominatim_20260721_1924_matched_provincia_centroid.csv,362,Profession,known_ad_deferred,deferred
nominatim_20260721_1924_matched_provincia_centroid.csv,362,Profession,known_ad_deferred,deferred
nominatim_20260721_1924_matched_provincia_centroid.csv,362,Profession,known_ad_deferred,deferred
nominatim_20260721_1924_matched_provincia_centroid.csv,363,Profession,known_ad_deferred,deferred
nominatim_20260721_1924_matched_provincia_centroid.csv,363,Profession,known_ad_deferred,deferred
nominatim_20260721_1924_matched_provincia_centroid.csv,363,Profession,known_ad_deferred,deferred
nominatim_20260721_1924_matched_provincia_centroid.csv,363,Profession,known_ad_deferred,deferred
nominatim_20260721_1924_matched_provincia_centroid.csv,363,Profession,known_ad_deferred,deferred
nominatim_20260721_1924_matched_provincia_centroid.csv,363,Profession,known_ad_deferred,deferred
nominatim_20260721_1924_matched_provincia_centroid.csv,363,Profession,known_ad_deferred,deferred
nominatim_20260721_1924_matched_provincia_centroid.csv,385,Profession,known_ad_deferred,deferred
nominatim_20260721_1924_matched_provincia_centroid.csv,385,Profession,known_ad_deferred,deferred
nominatim_20260721_1924_matched_provincia_centroid.csv,385,Profession,known_ad_deferred,deferred
nominatim_20260721_1924_matched_provincia_centroid.csv,385,Profession,known_ad_deferred,deferred
nominatim_20260721_1924_matched_provincia_centroid.csv,385,Profession,known_ad_deferred,deferred
nominatim_20260721_1924_matched_provincia_centroid.csv,385,Profession,known_ad_deferred,deferred
nominatim_20260721_1924_matched_provincia_centroid.csv,385,Profession,known_ad_deferred,deferred
nominatim_20260721_1924_matched_provincia_centroid.csv,385,Profession,known_ad_deferred,deferred
nominatim_20260721_1924_matched_provincia_centroid.csv,385,Profession,known_ad_deferred,deferred
nominatim_20260721_1924_matched_provincia_centroid.csv,385,Profession,known_ad_deferred,deferred
nominatim_20260721_1924_matched_provincia_centroid.csv,386,Profession,known_ad_deferred,deferred
nominatim_20260721_1924_matched_provincia_centroid.csv,386,Profession,known_ad_deferred,deferred
nominatim_20260721_1924_matched_provincia_centroid.csv,386,Profession,known_ad_deferred,deferred
nominatim_20260721_1924_matched_provincia_centroid.csv,386,Profession,known_ad_deferred,deferred
nominatim_20260721_1924_matched_provincia_centroid.csv,386,Profession,known_ad_deferred,deferred
nominatim_20260721_1924_matched_provincia_centroid.csv,386,Profession,known_ad_deferred,deferred
nominatim_20260721_1924_matched_provincia_centroid.csv,386,Profession,known_ad_deferred,deferred
nominatim_20260721_1924_matched_provincia_centroid.csv,386,Profession,known_ad_deferred,deferred
nominatim_20260721_1924_matched_provincia_centroid.csv,386,Profession,known_ad_deferred,deferred
nominatim_20260721_1924_matched_provincia_centroid.csv,386,Profession,known_ad_deferred,deferred
nominatim_20260721_1924_matched_provincia_centroid.csv,386,Profession,known_ad_deferred,deferred
nominatim_20260721_1924_matched_provincia_centroid.csv,386,Profession,known_ad_deferred,deferred
nominatim_20260721_1924_matched_provincia_centroid.csv,386,Profession,known_ad_deferred,deferred
nominatim_20260721_1924_matched_provincia_centroid.csv,386,Profession,known_ad_deferred,deferred
nominatim_20260721_1924_matched_provincia_centroid.csv,386,Profession,known_ad_deferred,deferred
nominatim_20260721_1924_matched_provincia_centroid.csv,386,Profession,known_ad_deferred,deferred
nominatim_20260721_1924_matched_provincia_centroid.csv,386,Profession,known_ad_deferred,deferred
nominatim_20260721_1924_matched_provincia_centroid.csv,387,Profession,known_ad_deferred,deferred
nominatim_20260721_1924_matched_provincia_centroid.csv,387,Profession,known_ad_deferred,deferred
nominatim_20260721_1924_matched_provincia_centroid.csv,387,Profession,known_ad_deferred,deferred
nominatim_20260721_1924_matched_provincia_centroid.csv,387,Profession,known_ad_deferred,deferred
nominatim_20260721_1924_matched_provincia_centroid.csv,387,Profession,known_ad_deferred,deferred
nominatim_20260721_1924_matched_provincia_centroid.csv,387,Profession,known_ad_deferred,deferred
nominatim_20260721_1924_matched_provincia_centroid.csv,387,Profession,known_ad_deferred,deferred
nominatim_20260721_1924_matched_provincia_centroid.csv,387,Profession,known_ad_deferred,deferred
nominatim_20260721_1924_matched_provincia_centroid.csv,387,Profession,known_ad_deferred,deferred
nominatim_20260721_1924_matched_provincia_centroid.csv,387,Profession,known_ad_deferred,deferred
nominatim_20260721_1924_matched_provincia_centroid.csv,387,Profession,known_ad_deferred,deferred
nominatim_20260721_1924_matched_provincia_centroid.csv,388,Profession,known_ad_deferred,deferred
nominatim_20260721_1924_matched_provincia_centroid.csv,388,Profession,known_ad_deferred,deferred
nominatim_20260721_1924_matched_provincia_centroid.csv,388,Profession,known_ad_deferred,deferred
nominatim_20260721_1924_matched_provincia_centroid.csv,388,Profession,known_ad_deferred,deferred
nominatim_20260721_1924_matched_provincia_centroid.csv,388,Profession,known_ad_deferred,deferred
nominatim_20260721_1924_matched_provincia_centroid.csv,388,Profession,known_ad_deferred,deferred
nominatim_20260721_1924_matched_provincia_centroid.csv,388,Profession,known_ad_deferred,deferred
nominatim_20260721_1924_matched_provincia_centroid.csv,388,Profession,known_ad_deferred,deferred
nominatim_20260721_1924_matched_provincia_centroid.csv,388,Profession,known_ad_deferred,deferred
nominatim_20260721_1924_matched_provincia_centroid.csv,388,Profession,known_ad_deferred,deferred
nominatim_20260721_1924_matched_provincia_centroid.csv,388,Profession,known_ad_deferred,deferred
nominatim_20260721_1924_matched_provincia_centroid.csv,390,Profession,known_ad_deferred,deferred
nominatim_20260721_1924_matched_provincia_centroid.csv,390,Profession,known_ad_deferred,deferred
nominatim_20260721_1924_matched_provincia_centroid.csv,390,Profession,known_ad_deferred,deferred
nominatim_20260721_1924_matched_provincia_centroid.csv,390,Profession,known_ad_deferred,deferred
nominatim_20260721_1924_matched_provincia_centroid.csv,390,Profession,known_ad_deferred,deferred
nominatim_20260721_1924_matched_provincia_centroid.csv,390,Profession,known_ad_deferred,deferred
nominatim_20260721_1924_matched_provincia_centroid.csv,390,Profession,known_ad_deferred,deferred
nominatim_20260721_1924_matched_provincia_centroid.csv,394,Profession,known_ad_deferred,deferred
nominatim_20260721_1924_matched_provincia_centroid.csv,394,Profession,known_ad_deferred,deferred
nominatim_20260721_1924_matched_provincia_centroid.csv,394,Profession,known_ad_deferred,deferred
nominatim_20260721_1924_matched_provincia_centroid.csv,394,Profession,known_ad_deferred,deferred
nominatim_20260721_1924_matched_provincia_centroid.csv,394,Profession,known_ad_deferred,deferred
nominatim_20260721_1924_matched_provincia_centroid.csv,397,Profession,known_ad_deferred,deferred
nominatim_20260721_1924_matched_provincia_centroid.csv,397,Profession,known_ad_deferred,deferred
nominatim_20260721_1924_matched_provincia_centroid.csv,397,Profession,known_ad_deferred,deferred
nominatim_20260721_1924_matched_provincia_centroid.csv,398,Profession,known_ad_deferred,deferred
nominatim_20260721_1924_matched_provincia_centroid.csv,398,Profession,known_ad_deferred,deferred
nominatim_20260721_1924_matched_provincia_centroid.csv,398,Profession,known_ad_deferred,deferred
nominatim_20260721_1924_matched_provincia_centroid.csv,398,Profession,known_ad_deferred,deferred
nominatim_20260721_1924_matched_provincia_centroid.csv,398,Profession,known_ad_deferred,deferred
nominatim_20260721_1924_matched_provincia_centroid.csv,398,Profession,known_ad_deferred,deferred
nominatim_20260721_1924_matched_provincia_centroid.csv,398,Profession,known_ad_deferred,deferred
nominatim_20260721_1924_matched_provincia_centroid.csv,398,Profession,known_ad_deferred,deferred
nominatim_20260721_1924_matched_provincia_centroid.csv,398,Profession,known_ad_deferred,deferred
nominatim_20260721_1924_matched_provincia_centroid.csv,400,Profession,known_ad_deferred,deferred
nominatim_20260721_1924_matched_provincia_centroid.csv,400,Profession,known_ad_deferred,deferred
nominatim_20260721_1924_matched_provincia_centroid.csv,402,Profession,known_ad_deferred,deferred
nominatim_20260721_1924_matched_provincia_centroid.csv,402,Profession,known_ad_deferred,deferred
nominatim_20260721_1924_matched_provincia_centroid.csv,402,Profession,known_ad_deferred,deferred
nominatim_20260721_1924_matched_provincia_centroid.csv,403,Profession,known_ad_deferred,deferred
nominatim_20260721_1924_matched_provincia_centroid.csv,403,Profession,known_ad_deferred,deferred
nominatim_20260721_1924_matched_provincia_centroid.csv,403,Profession,known_ad_deferred,deferred
nominatim_20260721_1924_matched_provincia_centroid.csv,403,Profession,known_ad_deferred,deferred
nominatim_20260721_1924_matched_provincia_centroid.csv,403,Profession,known_ad_deferred,deferred
nominatim_20260721_1924_matched_provincia_centroid.csv,403,Profession,known_ad_deferred,deferred
nominatim_20260721_1924_matched_provincia_centroid.csv,403,Profession,known_ad_deferred,deferred
nominatim_20260721_1924_matched_provincia_centroid.csv,403,Profession,known_ad_deferred,deferred
nominatim_20260721_1924_matched_provincia_centroid.csv,403,Profession,known_ad_deferred,deferred
nominatim_20260721_1924_matched_provincia_centroid.csv,403,Profession,known_ad_deferred,deferred
nominatim_20260721_1924_matched_provincia_centroid.csv,403,Profession,known_ad_deferred,deferred
nominatim_20260721_1924_matched_provincia_centroid.csv,403,Profession,known_ad_deferred,deferred
nominatim_20260721_1924_matched_provincia_centroid.csv,403,Profession,known_ad_deferred,deferred
nominatim_20260721_1924_matched_provincia_centroid.csv,403,Profession,known_ad_deferred,deferred
nominatim_20260721_1924_matched_provincia_centroid.csv,403,Profession,known_ad_deferred,deferred
nominatim_20260721_1924_matched_provincia_centroid.csv,403,Profession,known_ad_deferred,deferred
nominatim_20260721_1924_matched_provincia_centroid.csv,403,Profession,known_ad_deferred,deferred
nominatim_20260721_1924_matched_provincia_centroid.csv,403,Profession,known_ad_deferred,deferred
nominatim_20260721_1924_matched_provincia_centroid.csv,403,Profession,known_ad_deferred,deferred
nominatim_20260721_1924_matched_provincia_centroid.csv,403,Profession,known_ad_deferred,deferred
nominatim_20260721_1924_matched_provincia_centroid.csv,403,Profession,known_ad_deferred,deferred
nominatim_20260721_1924_matched_provincia_centroid.csv,403,Profession,known_ad_deferred,deferred
nominatim_20260721_1924_matched_provincia_centroid.csv,403,Profession,known_ad_deferred,deferred
nominatim_20260721_1924_matched_provincia_centroid.csv,403,Profession,known_ad_deferred,deferred
nominatim_20260721_1924_matched_provincia_centroid.csv,404,Profession,known_ad_deferred,deferred
nominatim_20260721_1924_matched_provincia_centroid.csv,404,Profession,known_ad_deferred,deferred
nominatim_20260721_1924_matched_provincia_centroid.csv,404,Profession,known_ad_deferred,deferred
nominatim_20260721_1924_matched_provincia_centroid.csv,404,Profession,known_ad_deferred,deferred
nominatim_20260721_1924_matched_provincia_centroid.csv,404,Profession,known_ad_deferred,deferred
nominatim_20260721_1924_matched_provincia_centroid.csv,404,Profession,known_ad_deferred,deferred
nominatim_20260721_1924_matched_provincia_centroid.csv,404,Profession,known_ad_deferred,deferred
nominatim_20260721_1924_matched_provincia_centroid.csv,404,Profession,known_ad_deferred,deferred
nominatim_20260721_1924_matched_provincia_centroid.csv,405,Profession,known_ad_deferred,deferred
nominatim_20260721_1924_matched_provincia_centroid.csv,405,Profession,known_ad_deferred,deferred
nominatim_20260721_1924_matched_provincia_centroid.csv,405,Profession,known_ad_deferred,deferred
nominatim_20260721_1924_matched_provincia_centroid.csv,405,Profession,known_ad_deferred,deferred
nominatim_20260721_1924_matched_provincia_centroid.csv,405,Profession,known_ad_deferred,deferred
nominatim_20260721_1924_matched_provincia_centroid.csv,405,Profession,known_ad_deferred,deferred
nominatim_20260721_1924_matched_provincia_centroid.csv,405,Profession,known_ad_deferred,deferred
nominatim_20260721_1924_matched_provincia_centroid.csv,405,Profession,known_ad_deferred,deferred
nominatim_20260721_1924_matched_provincia_centroid.csv,405,Profession,known_ad_deferred,deferred
nominatim_20260721_1924_matched_provincia_centroid.csv,405,Profession,known_ad_deferred,deferred
nominatim_20260721_1924_matched_provincia_centroid.csv,405,Profession,known_ad_deferred,deferred
nominatim_20260721_1924_matched_provincia_centroid.csv,405,Profession,known_ad_deferred,deferred
nominatim_20260721_1924_matched_provincia_centroid.csv,405,Profession,known_ad_deferred,deferred
nominatim_20260721_1924_matched_provincia_centroid.csv,405,Profession,known_ad_deferred,deferred
nominatim_20260721_1924_matched_nominatim_outside.csv,359,Profession,known_ad_deferred,deferred
nominatim_20260721_1924_matched_nominatim_outside.csv,359,Profession,known_ad_deferred,deferred
nominatim_20260721_1924_matched_nominatim_outside.csv,359,Profession,known_ad_deferred,deferred
nominatim_20260721_1924_matched_nominatim_outside.csv,359,Profession,known_ad_deferred,deferred
nominatim_20260721_1924_matched_nominatim_outside.csv,359,Profession,known_ad_deferred,deferred
nominatim_20260721_1924_matched_nominatim_outside.csv,359,Profession,known_ad_deferred,deferred
nominatim_20260721_1924_matched_nominatim_outside.csv,359,Profession,known_ad_deferred,deferred
nominatim_20260721_1924_matched_nominatim_outside.csv,360,Profession,known_ad_deferred,deferred
nominatim_20260721_1924_matched_nominatim_outside.csv,360,Profession,known_ad_deferred,deferred
nominatim_20260721_1924_matched_nominatim_outside.csv,360,Profession,known_ad_deferred,deferred
nominatim_20260721_1924_matched_nominatim_outside.csv,360,Profession,known_ad_deferred,deferred
nominatim_20260721_1924_matched_nominatim_outside.csv,360,Profession,known_ad_deferred,deferred
nominatim_20260721_1924_matched_nominatim_outside.csv,360,Profession,known_ad_deferred,deferred
nominatim_20260721_1924_matched_nominatim_outside.csv,360,Profession,known_ad_deferred,deferred
nominatim_20260721_1924_matched_nominatim_outside.csv,360,Profession,known_ad_deferred,deferred
nominatim_20260721_1924_matched_nominatim_outside.csv,360,Profession,known_ad_deferred,deferred
nominatim_20260721_1924_matched_nominatim_outside.csv,361,Profession,known_ad_deferred,deferred
nominatim_20260721_1924_matched_nominatim_outside.csv,361,Profession,known_ad_deferred,deferred
nominatim_20260721_1924_matched_nominatim_outside.csv,361,Profession,known_ad_deferred,deferred
nominatim_20260721_1924_matched_nominatim_outside.csv,361,Profession,known_ad_deferred,deferred
nominatim_20260721_1924_matched_nominatim_outside.csv,361,Profession,known_ad_deferred,deferred
nominatim_20260721_1924_matched_nominatim_outside.csv,362,Profession,known_ad_deferred,deferred
nominatim_20260721_1924_matched_nominatim_outside.csv,362,Profession,known_ad_deferred,deferred
nominatim_20260721_1924_matched_nominatim_outside.csv,362,Profession,known_ad_deferred,deferred
nominatim_20260721_1924_matched_nominatim_outside.csv,363,Profession,known_ad_deferred,deferred
nominatim_20260721_1924_matched_nominatim_outside.csv,363,Profession,known_ad_deferred,deferred
nominatim_20260721_1924_matched_nominatim_outside.csv,363,Profession,known_ad_deferred,deferred
nominatim_20260721_1924_matched_nominatim_outside.csv,363,Profession,known_ad_deferred,deferred
nominatim_20260721_1924_matched_nominatim_outside.csv,363,Profession,known_ad_deferred,deferred
nominatim_20260721_1924_matched_nominatim_outside.csv,385,Profession,known_ad_deferred,deferred
nominatim_20260721_1924_matched_nominatim_outside.csv,385,Profession,known_ad_deferred,deferred
nominatim_20260721_1924_matched_nominatim_outside.csv,385,Profession,known_ad_deferred,deferred
nominatim_20260721_1924_matched_nominatim_outside.csv,385,Profession,known_ad_deferred,deferred
nominatim_20260721_1924_matched_nominatim_outside.csv,385,Profession,known_ad_deferred,deferred
nominatim_20260721_1924_matched_nominatim_outside.csv,386,Profession,known_ad_deferred,deferred
nominatim_20260721_1924_matched_nominatim_outside.csv,386,Profession,known_ad_deferred,deferred
nominatim_20260721_1924_matched_nominatim_outside.csv,386,Profession,known_ad_deferred,deferred
nominatim_20260721_1924_matched_nominatim_outside.csv,386,Profession,known_ad_deferred,deferred
nominatim_20260721_1924_matched_nominatim_outside.csv,387,Profession,known_ad_deferred,deferred
nominatim_20260721_1924_matched_nominatim_outside.csv,387,Profession,known_ad_deferred,deferred
nominatim_20260721_1924_matched_nominatim_outside.csv,387,Profession,known_ad_deferred,deferred
nominatim_20260721_1924_matched_nominatim_outside.csv,387,Profession,known_ad_deferred,deferred
nominatim_20260721_1924_matched_nominatim_outside.csv,387,Profession,known_ad_deferred,deferred
nominatim_20260721_1924_matched_nominatim_outside.csv,387,Profession,known_ad_deferred,deferred
nominatim_20260721_1924_matched_nominatim_outside.csv,388,Profession,known_ad_deferred,deferred
nominatim_20260721_1924_matched_nominatim_outside.csv,388,Profession,known_ad_deferred,deferred
nominatim_20260721_1924_matched_nominatim_outside.csv,388,Profession,known_ad_deferred,deferred
nominatim_20260721_1924_matched_nominatim_outside.csv,388,Profession,known_ad_deferred,deferred
nominatim_20260721_1924_matched_nominatim_outside.csv,388,Profession,known_ad_deferred,deferred
nominatim_20260721_1924_matched_nominatim_outside.csv,390,Profession,known_ad_deferred,deferred
nominatim_20260721_1924_matched_nominatim_outside.csv,390,Profession,known_ad_deferred,deferred
nominatim_20260721_1924_matched_nominatim_outside.csv,390,Profession,known_ad_deferred,deferred
nominatim_20260721_1924_matched_nominatim_outside.csv,390,Profession,known_ad_deferred,deferred
nominatim_20260721_1924_matched_nominatim_outside.csv,390,Profession,known_ad_deferred,deferred
nominatim_20260721_1924_matched_nominatim_outside.csv,394,Profession,known_ad_deferred,deferred
nominatim_20260721_1924_matched_nominatim_outside.csv,394,Profession,known_ad_deferred,deferred
nominatim_20260721_1924_matched_nominatim_outside.csv,394,Profession,known_ad_deferred,deferred
nominatim_20260721_1924_matched_nominatim_outside.csv,397,Profession,known_ad_deferred,deferred
nominatim_20260721_1924_matched_nominatim_outside.csv,397,Profession,known_ad_deferred,deferred
nominatim_20260721_1924_matched_nominatim_outside.csv,398,Profession,known_ad_deferred,deferred
nominatim_20260721_1924_matched_nominatim_outside.csv,398,Profession,known_ad_deferred,deferred
nominatim_20260721_1924_matched_nominatim_outside.csv,398,Profession,known_ad_deferred,deferred
nominatim_20260721_1924_matched_nominatim_outside.csv,400,Profession,known_ad_deferred,deferred
nominatim_20260721_1924_matched_nominatim_outside.csv,402,Profession,known_ad_deferred,deferred
nominatim_20260721_1924_matched_nominatim_outside.csv,402,Profession,known_ad_deferred,deferred
nominatim_20260721_1924_matched_nominatim_outside.csv,402,Profession,known_ad_deferred,deferred
nominatim_20260721_1924_matched_nominatim_outside.csv,402,Profession,known_ad_deferred,deferred
nominatim_20260721_1924_matched_nominatim_outside.csv,402,Profession,known_ad_deferred,deferred
nominatim_20260721_1924_matched_nominatim_outside.csv,402,Profession,known_ad_deferred,deferred
nominatim_20260721_1924_matched_nominatim_outside.csv,402,Profession,known_ad_deferred,deferred
nominatim_20260721_1924_matched_nominatim_outside.csv,403,Profession,known_ad_deferred,deferred
nominatim_20260721_1924_matched_nominatim_outside.csv,403,Profession,known_ad_deferred,deferred
nominatim_20260721_1924_matched_nominatim_outside.csv,403,Profession,known_ad_deferred,deferred
nominatim_20260721_1924_matched_nominatim_outside.csv,403,Profession,known_ad_deferred,deferred
nominatim_20260721_1924_matched_nominatim_outside.csv,403,Profession,known_ad_deferred,deferred
nominatim_20260721_1924_matched_nominatim_outside.csv,403,Profession,known_ad_deferred,deferred
nominatim_20260721_1924_matched_nominatim_outside.csv,404,Profession,known_ad_deferred,deferred
nominatim_20260721_1924_matched_nominatim_outside.csv,404,Profession,known_ad_deferred,deferred
nominatim_20260721_1924_matched_nominatim_outside.csv,404,Profession,known_ad_deferred,deferred
nominatim_20260721_1924_matched_nominatim_outside.csv,404,Profession,known_ad_deferred,deferred
nominatim_20260721_1924_matched_nominatim_outside.csv,404,Profession,known_ad_deferred,deferred
nominatim_20260721_1924_matched_nominatim_outside.csv,404,Profession,known_ad_deferred,deferred
nominatim_20260721_1924_matched_nominatim_outside.csv,404,Profession,known_ad_deferred,deferred
nominatim_20260721_1924_matched_nominatim_outside.csv,404,Profession,known_ad_deferred,deferred
nominatim_20260721_1924_matched_nominatim_outside.csv,405,Profession,known_ad_deferred,deferred
nominatim_20260721_1924_matched_nominatim_outside.csv,405,Profession,known_ad_deferred,deferred
nominatim_20260721_1924_matched_nominatim_outside.csv,405,Profession,known_ad_deferred,deferred
nominatim_20260721_1924_matched_nominatim_outside.csv,405,Profession,known_ad_deferred,deferred
nominatim_20260721_1924_matched_nominatim_outside.csv,405,Profession,known_ad_deferred,deferred
