{
"type": "FeatureCollection",
"name": "matched_manual",
"crs": { "type": "name", "properties": { "name": "urn:ogc:def:crs:OGC:1.3:CRS84" } },
"features": [
{ "type": "Feature", "properties": { "Name": "Dott. Gregorio Notarianni", "Address": "Palazzo del Governo - S. Maurizio, fondamenta Zaguri 2662", "Location": null, "Category": null, "Role": "Prefetto", "Profession": null, "Additional Info": null, "page_num": "42", "source_file": "page_42_semantic.csv", "section": "government", "civic_num": null, "civic_lett": null, "sestiere_parsed": null, "parish_parsed": null, "sestiere_implied": "False", "match_note": "Manually geocoded via Nominatim lookup: Palazzo del Governo - S. Maurizio, fondamenta Zaguri 2662", "location_cleaned": null, "fail_reason": "no_civic_number", "nom_classification": "inside_venice", "nominatim_query": "Palazzo del Governo, Venezia, Italy", "nominatim_flagged": "False", "matched_lat": 45.4326886, "matched_lon": 12.3318999, "match_confidence": "manual_nominatim", "geocoding_tier": "9", "Journal": null, "is_provincia": null, "matched_parish": null, "matched_sestiere": null, "matched_lett": null, "all_doors": null }, "geometry": { "type": "Point", "coordinates": [ 12.3318999, 45.4326886 ] } },
{ "type": "Feature", "properties": { "Name": "Dott. Lorenzo Salazar", "Address": "Palazzo del Governo - S. Maurizio, fondamenta Zaguri 2662", "Location": null, "Category": null, "Role": "Vice Prefetto vicario", "Profession": null, "Additional Info": null, "page_num": "42", "source_file": "page_42_semantic.csv", "section": "government", "civic_num": null, "civic_lett": null, "sestiere_parsed": null, "parish_parsed": null, "sestiere_implied": "False", "match_note": "Manually geocoded via Nominatim lookup: Palazzo del Governo - S. Maurizio, fondamenta Zaguri 2662", "location_cleaned": null, "fail_reason": "no_civic_number", "nom_classification": "inside_venice", "nominatim_query": "Palazzo del Governo, Venezia, Italy", "nominatim_flagged": "False", "matched_lat": 45.4326886, "matched_lon": 12.3318999, "match_confidence": "manual_nominatim", "geocoding_tier": "9", "Journal": null, "is_provincia": null, "matched_parish": null, "matched_sestiere": null, "matched_lett": null, "all_doors": null }, "geometry": { "type": "Point", "coordinates": [ 12.3318999, 45.4326886 ] } },
{ "type": "Feature", "properties": { "Name": "Dott. Domenico Dal Cortivo", "Address": "Palazzo del Governo - S. Maurizio, fondamenta Zaguri 2662", "Location": null, "Category": null, "Role": "Vice Prefetto ispettore", "Profession": null, "Additional Info": null, "page_num": "42", "source_file": "page_42_semantic.csv", "section": "government", "civic_num": null, "civic_lett": null, "sestiere_parsed": null, "parish_parsed": null, "sestiere_implied": "False", "match_note": "Manually geocoded via Nominatim lookup: Palazzo del Governo - S. Maurizio, fondamenta Zaguri 2662", "location_cleaned": null, "fail_reason": "no_civic_number", "nom_classification": "inside_venice", "nominatim_query": "Palazzo del Governo, Venezia, Italy", "nominatim_flagged": "False", "matched_lat": 45.4326886, "matched_lon": 12.3318999, "match_confidence": "manual_nominatim", "geocoding_tier": "9", "Journal": null, "is_provincia": null, "matched_parish": null, "matched_sestiere": null, "matched_lett": null, "all_doors": null }, "geometry": { "type": "Point", "coordinates": [ 12.3318999, 45.4326886 ] } },
{ "type": "Feature", "properties": { "Name": "Dott. Gaetano Marfisa", "Address": "Palazzo del Governo - S. Maurizio, fondamenta Zaguri 2662", "Location": null, "Category": null, "Role": "Capo di Gabinetto", "Profession": "Vice Prefetto ispett.", "Additional Info": null, "page_num": "42", "source_file": "page_42_semantic.csv", "section": "government", "civic_num": null, "civic_lett": null, "sestiere_parsed": null, "parish_parsed": null, "sestiere_implied": "False", "match_note": "Manually geocoded via Nominatim lookup: Palazzo del Governo - S. Maurizio, fondamenta Zaguri 2662", "location_cleaned": null, "fail_reason": "no_civic_number", "nom_classification": "inside_venice", "nominatim_query": "Palazzo del Governo, Venezia, Italy", "nominatim_flagged": "False", "matched_lat": 45.4326886, "matched_lon": 12.3318999, "match_confidence": "manual_nominatim", "geocoding_tier": "9", "Journal": null, "is_provincia": null, "matched_parish": null, "matched_sestiere": null, "matched_lett": null, "all_doors": null }, "geometry": { "type": "Point", "coordinates": [ 12.3318999, 45.4326886 ] } },
{ "type": "Feature", "properties": { "Name": "Dott. Celestino De Bonis", "Address": "Palazzo del Governo - S. Maurizio, fondamenta Zaguri 2662", "Location": null, "Category": null, "Role": "Addetto", "Profession": "Consigliere di l. classe", "Additional Info": null, "page_num": "42", "source_file": "page_42_semantic.csv", "section": "government", "civic_num": null, "civic_lett": null, "sestiere_parsed": null, "parish_parsed": null, "sestiere_implied": "False", "match_note": "Manually geocoded via Nominatim lookup: Palazzo del Governo - S. Maurizio, fondamenta Zaguri 2662", "location_cleaned": null, "fail_reason": "no_civic_number", "nom_classification": "inside_venice", "nominatim_query": "Palazzo del Governo, Venezia, Italy", "nominatim_flagged": "False", "matched_lat": 45.4326886, "matched_lon": 12.3318999, "match_confidence": "manual_nominatim", "geocoding_tier": "9", "Journal": null, "is_provincia": null, "matched_parish": null, "matched_sestiere": null, "matched_lett": null, "all_doors": null }, "geometry": { "type": "Point", "coordinates": [ 12.3318999, 45.4326886 ] } },
{ "type": "Feature", "properties": { "Name": "Rag. Paolo Vasquez", "Address": "Palazzo del Governo - S. Maurizio, fondamenta Zaguri 2662", "Location": null, "Category": null, "Role": "Addetto", "Profession": "I. Ragioniere", "Additional Info": null, "page_num": "42", "source_file": "page_42_semantic.csv", "section": "government", "civic_num": null, "civic_lett": null, "sestiere_parsed": null, "parish_parsed": null, "sestiere_implied": "False", "match_note": "Manually geocoded via Nominatim lookup: Palazzo del Governo - S. Maurizio, fondamenta Zaguri 2662", "location_cleaned": null, "fail_reason": "no_civic_number", "nom_classification": "inside_venice", "nominatim_query": "Palazzo del Governo, Venezia, Italy", "nominatim_flagged": "False", "matched_lat": 45.4326886, "matched_lon": 12.3318999, "match_confidence": "manual_nominatim", "geocoding_tier": "9", "Journal": null, "is_provincia": null, "matched_parish": null, "matched_sestiere": null, "matched_lett": null, "all_doors": null }, "geometry": { "type": "Point", "coordinates": [ 12.3318999, 45.4326886 ] } },
{ "type": "Feature", "properties": { "Name": "Dott. Filipponi Vincenzo", "Address": "Palazzo del Governo - S. Maurizio, fondamenta Zaguri 2662", "Location": null, "Category": null, "Role": "Ufficio Stampa", "Profession": null, "Additional Info": null, "page_num": "42", "source_file": "page_42_semantic.csv", "section": "government", "civic_num": null, "civic_lett": null, "sestiere_parsed": null, "parish_parsed": null, "sestiere_implied": "False", "match_note": "Manually geocoded via Nominatim lookup: Palazzo del Governo - S. Maurizio, fondamenta Zaguri 2662", "location_cleaned": null, "fail_reason": "no_civic_number", "nom_classification": "inside_venice", "nominatim_query": "Palazzo del Governo, Venezia, Italy", "nominatim_flagged": "False", "matched_lat": 45.4326886, "matched_lon": 12.3318999, "match_confidence": "manual_nominatim", "geocoding_tier": "9", "Journal": null, "is_provincia": null, "matched_parish": null, "matched_sestiere": null, "matched_lett": null, "all_doors": null }, "geometry": { "type": "Point", "coordinates": [ 12.3318999, 45.4326886 ] } },
{ "type": "Feature", "properties": { "Name": "Dott. Serrao Francesco Antonio", "Address": "Palazzo del Governo - S. Maurizio, fondamenta Zaguri 2662", "Location": null, "Category": null, "Role": "Ufficio Stampa", "Profession": null, "Additional Info": null, "page_num": "42", "source_file": "page_42_semantic.csv", "section": "government", "civic_num": null, "civic_lett": null, "sestiere_parsed": null, "parish_parsed": null, "sestiere_implied": "False", "match_note": "Manually geocoded via Nominatim lookup: Palazzo del Governo - S. Maurizio, fondamenta Zaguri 2662", "location_cleaned": null, "fail_reason": "no_civic_number", "nom_classification": "inside_venice", "nominatim_query": "Palazzo del Governo, Venezia, Italy", "nominatim_flagged": "False", "matched_lat": 45.4326886, "matched_lon": 12.3318999, "match_confidence": "manual_nominatim", "geocoding_tier": "9", "Journal": null, "is_provincia": null, "matched_parish": null, "matched_sestiere": null, "matched_lett": null, "all_doors": null }, "geometry": { "type": "Point", "coordinates": [ 12.3318999, 45.4326886 ] } },
{ "type": "Feature", "properties": { "Name": "Dott. Gian Luigi Gualandi", "Address": "Palazzo del Governo - S. Maurizio, fondamenta Zaguri 2662", "Location": null, "Category": null, "Role": "Servizi elettorali", "Profession": "V. Prefetto Ispett.", "Additional Info": null, "page_num": "42", "source_file": "page_42_semantic.csv", "section": "government", "civic_num": null, "civic_lett": null, "sestiere_parsed": null, "parish_parsed": null, "sestiere_implied": "False", "match_note": "Manually geocoded via Nominatim lookup: Palazzo del Governo - S. Maurizio, fondamenta Zaguri 2662", "location_cleaned": null, "fail_reason": "no_civic_number", "nom_classification": "inside_venice", "nominatim_query": "Palazzo del Governo, Venezia, Italy", "nominatim_flagged": "False", "matched_lat": 45.4326886, "matched_lon": 12.3318999, "match_confidence": "manual_nominatim", "geocoding_tier": "9", "Journal": null, "is_provincia": null, "matched_parish": null, "matched_sestiere": null, "matched_lett": null, "all_doors": null }, "geometry": { "type": "Point", "coordinates": [ 12.3318999, 45.4326886 ] } },
{ "type": "Feature", "properties": { "Name": "Germanico Ravenna", "Address": "Palazzo del Governo - S. Maurizio, fondamenta Zaguri 2662", "Location": null, "Category": null, "Role": "Economato", "Profession": null, "Additional Info": null, "page_num": "42", "source_file": "page_42_semantic.csv", "section": "government", "civic_num": null, "civic_lett": null, "sestiere_parsed": null, "parish_parsed": null, "sestiere_implied": "False", "match_note": "Manually geocoded via Nominatim lookup: Palazzo del Governo - S. Maurizio, fondamenta Zaguri 2662", "location_cleaned": null, "fail_reason": "no_civic_number", "nom_classification": "inside_venice", "nominatim_query": "Palazzo del Governo, Venezia, Italy", "nominatim_flagged": "False", "matched_lat": 45.4326886, "matched_lon": 12.3318999, "match_confidence": "manual_nominatim", "geocoding_tier": "9", "Journal": null, "is_provincia": null, "matched_parish": null, "matched_sestiere": null, "matched_lett": null, "all_doors": null }, "geometry": { "type": "Point", "coordinates": [ 12.3318999, 45.4326886 ] } },
{ "type": "Feature", "properties": { "Name": "Dott. Gregorio Beltrame", "Address": "Palazzo del Governo - S. Maurizio, fondamenta Zaguri 2662", "Location": null, "Category": null, "Role": "Capo divisione", "Profession": null, "Additional Info": null, "page_num": "42", "source_file": "page_42_semantic.csv", "section": "government", "civic_num": null, "civic_lett": null, "sestiere_parsed": null, "parish_parsed": null, "sestiere_implied": "False", "match_note": "Manually geocoded via Nominatim lookup: Palazzo del Governo - S. Maurizio, fondamenta Zaguri 2662", "location_cleaned": null, "fail_reason": "no_civic_number", "nom_classification": "inside_venice", "nominatim_query": "Palazzo del Governo, Venezia, Italy", "nominatim_flagged": "False", "matched_lat": 45.4326886, "matched_lon": 12.3318999, "match_confidence": "manual_nominatim", "geocoding_tier": "9", "Journal": null, "is_provincia": null, "matched_parish": null, "matched_sestiere": null, "matched_lett": null, "all_doors": null }, "geometry": { "type": "Point", "coordinates": [ 12.3318999, 45.4326886 ] } },
{ "type": "Feature", "properties": { "Name": "Rag. Paolo Vasquez", "Address": "Palazzo del Governo - S. Maurizio, fondamenta Zaguri 2662", "Location": null, "Category": null, "Role": "Dirigente", "Profession": "I. Ragioniere", "Additional Info": null, "page_num": "42", "source_file": "page_42_semantic.csv", "section": "government", "civic_num": null, "civic_lett": null, "sestiere_parsed": null, "parish_parsed": null, "sestiere_implied": "False", "match_note": "Manually geocoded via Nominatim lookup: Palazzo del Governo - S. Maurizio, fondamenta Zaguri 2662", "location_cleaned": null, "fail_reason": "no_civic_number", "nom_classification": "inside_venice", "nominatim_query": "Palazzo del Governo, Venezia, Italy", "nominatim_flagged": "False", "matched_lat": 45.4326886, "matched_lon": 12.3318999, "match_confidence": "manual_nominatim", "geocoding_tier": "9", "Journal": null, "is_provincia": null, "matched_parish": null, "matched_sestiere": null, "matched_lett": null, "all_doors": null }, "geometry": { "type": "Point", "coordinates": [ 12.3318999, 45.4326886 ] } },
{ "type": "Feature", "properties": { "Name": "Dott. Domenico Dal Cortivo", "Address": "Palazzo del Governo - S. Maurizio, fondamenta Zaguri 2662", "Location": null, "Category": null, "Role": "Capo Divisione", "Profession": "Vice Prefetto Ispett.", "Additional Info": null, "page_num": "42", "source_file": "page_42_semantic.csv", "section": "government", "civic_num": null, "civic_lett": null, "sestiere_parsed": null, "parish_parsed": null, "sestiere_implied": "False", "match_note": "Manually geocoded via Nominatim lookup: Palazzo del Governo - S. Maurizio, fondamenta Zaguri 2662", "location_cleaned": null, "fail_reason": "no_civic_number", "nom_classification": "inside_venice", "nominatim_query": "Palazzo del Governo, Venezia, Italy", "nominatim_flagged": "False", "matched_lat": 45.4326886, "matched_lon": 12.3318999, "match_confidence": "manual_nominatim", "geocoding_tier": "9", "Journal": null, "is_provincia": null, "matched_parish": null, "matched_sestiere": null, "matched_lett": null, "all_doors": null }, "geometry": { "type": "Point", "coordinates": [ 12.3318999, 45.4326886 ] } },
{ "type": "Feature", "properties": { "Name": "Dott. Ciro Siragusa", "Address": "Palazzo del Governo - S. Maurizio, fondamenta Zaguri 2662", "Location": null, "Category": null, "Role": "Capo Divisione", "Profession": "Consigliere di I. cl.", "Additional Info": null, "page_num": "42", "source_file": "page_42_semantic.csv", "section": "government", "civic_num": null, "civic_lett": null, "sestiere_parsed": null, "parish_parsed": null, "sestiere_implied": "False", "match_note": "Manually geocoded via Nominatim lookup: Palazzo del Governo - S. Maurizio, fondamenta Zaguri 2662", "location_cleaned": null, "fail_reason": "no_civic_number", "nom_classification": "inside_venice", "nominatim_query": "Palazzo del Governo, Venezia, Italy", "nominatim_flagged": "False", "matched_lat": 45.4326886, "matched_lon": 12.3318999, "match_confidence": "manual_nominatim", "geocoding_tier": "9", "Journal": null, "is_provincia": null, "matched_parish": null, "matched_sestiere": null, "matched_lett": null, "all_doors": null }, "geometry": { "type": "Point", "coordinates": [ 12.3318999, 45.4326886 ] } },
{ "type": "Feature", "properties": { "Name": "Dott. Teofilo Uni", "Address": "Palazzo del Governo - S. Maurizio, fondamenta Zaguri 2662", "Location": null, "Category": null, "Role": "Capo Divisione", "Profession": "Consigliere i. cl.", "Additional Info": "Divisione III.B", "page_num": "43", "source_file": "page_43_semantic.csv", "section": "government", "civic_num": null, "civic_lett": null, "sestiere_parsed": null, "parish_parsed": null, "sestiere_implied": "False", "match_note": "Manually geocoded via Nominatim lookup: Palazzo del Governo - S. Maurizio, fondamenta Zaguri 2662", "location_cleaned": null, "fail_reason": "no_civic_number", "nom_classification": "inside_venice", "nominatim_query": "Palazzo del Governo, Venezia, Italy", "nominatim_flagged": "False", "matched_lat": 45.4326886, "matched_lon": 12.3318999, "match_confidence": "manual_nominatim", "geocoding_tier": "9", "Journal": null, "is_provincia": null, "matched_parish": null, "matched_sestiere": null, "matched_lett": null, "all_doors": null }, "geometry": { "type": "Point", "coordinates": [ 12.3318999, 45.4326886 ] } },
{ "type": "Feature", "properties": { "Name": "Dott. Romolo Bruni", "Address": "Palazzo del Governo - S. Maurizio, fondamenta Zaguri 2662", "Location": null, "Category": null, "Role": "Medico Provinciale", "Profession": "-", "Additional Info": "Divisione III.B", "page_num": "43", "source_file": "page_43_semantic.csv", "section": "government", "civic_num": null, "civic_lett": null, "sestiere_parsed": null, "parish_parsed": null, "sestiere_implied": "False", "match_note": "Manually geocoded via Nominatim lookup: Palazzo del Governo - S. Maurizio, fondamenta Zaguri 2662", "location_cleaned": null, "fail_reason": "no_civic_number", "nom_classification": "inside_venice", "nominatim_query": "Palazzo del Governo, Venezia, Italy", "nominatim_flagged": "False", "matched_lat": 45.4326886, "matched_lon": 12.3318999, "match_confidence": "manual_nominatim", "geocoding_tier": "9", "Journal": null, "is_provincia": null, "matched_parish": null, "matched_sestiere": null, "matched_lett": null, "all_doors": null }, "geometry": { "type": "Point", "coordinates": [ 12.3318999, 45.4326886 ] } },
{ "type": "Feature", "properties": { "Name": "Dott. Aldo Ademollo", "Address": "Palazzo del Governo - S. Maurizio, fondamenta Zaguri 2662", "Location": null, "Category": null, "Role": "Veterinarî prov.", "Profession": "-", "Additional Info": "Divisione III.B", "page_num": "43", "source_file": "page_43_semantic.csv", "section": "government", "civic_num": null, "civic_lett": null, "sestiere_parsed": null, "parish_parsed": null, "sestiere_implied": "False", "match_note": "Manually geocoded via Nominatim lookup: Palazzo del Governo - S. Maurizio, fondamenta Zaguri 2662", "location_cleaned": null, "fail_reason": "no_civic_number", "nom_classification": "inside_venice", "nominatim_query": "Palazzo del Governo, Venezia, Italy", "nominatim_flagged": "False", "matched_lat": 45.4326886, "matched_lon": 12.3318999, "match_confidence": "manual_nominatim", "geocoding_tier": "9", "Journal": null, "is_provincia": null, "matched_parish": null, "matched_sestiere": null, "matched_lett": null, "all_doors": null }, "geometry": { "type": "Point", "coordinates": [ 12.3318999, 45.4326886 ] } },
{ "type": "Feature", "properties": { "Name": "Dott. Carlo Mirza", "Address": "Palazzo del Governo - S. Maurizio, fondamenta Zaguri 2662", "Location": null, "Category": null, "Role": "I.o Segretario", "Profession": "-", "Additional Info": "Divisione III.B", "page_num": "43", "source_file": "page_43_semantic.csv", "section": "government", "civic_num": null, "civic_lett": null, "sestiere_parsed": null, "parish_parsed": null, "sestiere_implied": "False", "match_note": "Manually geocoded via Nominatim lookup: Palazzo del Governo - S. Maurizio, fondamenta Zaguri 2662", "location_cleaned": null, "fail_reason": "no_civic_number", "nom_classification": "inside_venice", "nominatim_query": "Palazzo del Governo, Venezia, Italy", "nominatim_flagged": "False", "matched_lat": 45.4326886, "matched_lon": 12.3318999, "match_confidence": "manual_nominatim", "geocoding_tier": "9", "Journal": null, "is_provincia": null, "matched_parish": null, "matched_sestiere": null, "matched_lett": null, "all_doors": null }, "geometry": { "type": "Point", "coordinates": [ 12.3318999, 45.4326886 ] } },
{ "type": "Feature", "properties": { "Name": "Dott. Teofilo Uni", "Address": "Palazzo del Governo - S. Maurizio, fondamenta Zaguri 2662", "Location": null, "Category": null, "Role": "Capo Divisione", "Profession": "-", "Additional Info": "Divisione III.B", "page_num": "43", "source_file": "page_43_semantic.csv", "section": "government", "civic_num": null, "civic_lett": null, "sestiere_parsed": null, "parish_parsed": null, "sestiere_implied": "False", "match_note": "Manually geocoded via Nominatim lookup: Palazzo del Governo - S. Maurizio, fondamenta Zaguri 2662", "location_cleaned": null, "fail_reason": "no_civic_number", "nom_classification": "inside_venice", "nominatim_query": "Palazzo del Governo, Venezia, Italy", "nominatim_flagged": "False", "matched_lat": 45.4326886, "matched_lon": 12.3318999, "match_confidence": "manual_nominatim", "geocoding_tier": "9", "Journal": null, "is_provincia": null, "matched_parish": null, "matched_sestiere": null, "matched_lett": null, "all_doors": null }, "geometry": { "type": "Point", "coordinates": [ 12.3318999, 45.4326886 ] } },
{ "type": "Feature", "properties": { "Name": "Ig. Rumoio Alliata", "Address": "Palazzo del Governo - S. Maurizio, fondamenta Zaguri 2662", "Location": null, "Category": null, "Role": "Capo Ragioniere", "Profession": "-", "Additional Info": "Divisione III.B", "page_num": "43", "source_file": "page_43_semantic.csv", "section": "government", "civic_num": null, "civic_lett": null, "sestiere_parsed": null, "parish_parsed": null, "sestiere_implied": "False", "match_note": "Manually geocoded via Nominatim lookup: Palazzo del Governo - S. Maurizio, fondamenta Zaguri 2662", "location_cleaned": null, "fail_reason": "no_civic_number", "nom_classification": "inside_venice", "nominatim_query": "Palazzo del Governo, Venezia, Italy", "nominatim_flagged": "False", "matched_lat": 45.4326886, "matched_lon": 12.3318999, "match_confidence": "manual_nominatim", "geocoding_tier": "9", "Journal": null, "is_provincia": null, "matched_parish": null, "matched_sestiere": null, "matched_lett": null, "all_doors": null }, "geometry": { "type": "Point", "coordinates": [ 12.3318999, 45.4326886 ] } },
{ "type": "Feature", "properties": { "Name": "Dr. Sandrino Calcagno", "Address": "Palazzo del Governo - S. Maurizio, fondamenta Zaguri 2662", "Location": null, "Category": null, "Role": "Rag. capi", "Profession": "-", "Additional Info": "Divisione III.B", "page_num": "43", "source_file": "page_43_semantic.csv", "section": "government", "civic_num": null, "civic_lett": null, "sestiere_parsed": null, "parish_parsed": null, "sestiere_implied": "False", "match_note": "Manually geocoded via Nominatim lookup: Palazzo del Governo - S. Maurizio, fondamenta Zaguri 2662", "location_cleaned": null, "fail_reason": "no_civic_number", "nom_classification": "inside_venice", "nominatim_query": "Palazzo del Governo, Venezia, Italy", "nominatim_flagged": "False", "matched_lat": 45.4326886, "matched_lon": 12.3318999, "match_confidence": "manual_nominatim", "geocoding_tier": "9", "Journal": null, "is_provincia": null, "matched_parish": null, "matched_sestiere": null, "matched_lett": null, "all_doors": null }, "geometry": { "type": "Point", "coordinates": [ 12.3318999, 45.4326886 ] } },
{ "type": "Feature", "properties": { "Name": "Rag. Oreste Minneci", "Address": "Palazzo del Governo - S. Maurizio, fondamenta Zaguri 2662", "Location": null, "Category": null, "Role": "Rag. capi", "Profession": "-", "Additional Info": "Divisione III.B", "page_num": "43", "source_file": "page_43_semantic.csv", "section": "government", "civic_num": null, "civic_lett": null, "sestiere_parsed": null, "parish_parsed": null, "sestiere_implied": "False", "match_note": "Manually geocoded via Nominatim lookup: Palazzo del Governo - S. Maurizio, fondamenta Zaguri 2662", "location_cleaned": null, "fail_reason": "no_civic_number", "nom_classification": "inside_venice", "nominatim_query": "Palazzo del Governo, Venezia, Italy", "nominatim_flagged": "False", "matched_lat": 45.4326886, "matched_lon": 12.3318999, "match_confidence": "manual_nominatim", "geocoding_tier": "9", "Journal": null, "is_provincia": null, "matched_parish": null, "matched_sestiere": null, "matched_lett": null, "all_doors": null }, "geometry": { "type": "Point", "coordinates": [ 12.3318999, 45.4326886 ] } },
{ "type": "Feature", "properties": { "Name": "Germanico Ravenna", "Address": "Palazzo del Governo - S. Maurizio, fondamenta Zaguri 2662", "Location": null, "Category": null, "Role": "Amministratore", "Profession": "-", "Additional Info": "Divisione III.B", "page_num": "43", "source_file": "page_43_semantic.csv", "section": "government", "civic_num": null, "civic_lett": null, "sestiere_parsed": null, "parish_parsed": null, "sestiere_implied": "False", "match_note": "Manually geocoded via Nominatim lookup: Palazzo del Governo - S. Maurizio, fondamenta Zaguri 2662", "location_cleaned": null, "fail_reason": "no_civic_number", "nom_classification": "inside_venice", "nominatim_query": "Palazzo del Governo, Venezia, Italy", "nominatim_flagged": "False", "matched_lat": 45.4326886, "matched_lon": 12.3318999, "match_confidence": "manual_nominatim", "geocoding_tier": "9", "Journal": null, "is_provincia": null, "matched_parish": null, "matched_sestiere": null, "matched_lett": null, "all_doors": null }, "geometry": { "type": "Point", "coordinates": [ 12.3318999, 45.4326886 ] } },
{ "type": "Feature", "properties": { "Name": "il Prefetto", "Address": "Palazzo del Governo - S. Maurizio, fondamenta Zaguri 2662", "Location": null, "Category": null, "Role": "Presidente", "Profession": "-", "Additional Info": "In sede di tutela", "page_num": "43", "source_file": "page_43_semantic.csv", "section": "government", "civic_num": null, "civic_lett": null, "sestiere_parsed": null, "parish_parsed": null, "sestiere_implied": "False", "match_note": "Manually geocoded via Nominatim lookup: Palazzo del Governo - S. Maurizio, fondamenta Zaguri 2662", "location_cleaned": null, "fail_reason": "no_civic_number", "nom_classification": "inside_venice", "nominatim_query": "Palazzo del Governo, Venezia, Italy", "nominatim_flagged": "False", "matched_lat": 45.4326886, "matched_lon": 12.3318999, "match_confidence": "manual_nominatim", "geocoding_tier": "9", "Journal": null, "is_provincia": null, "matched_parish": null, "matched_sestiere": null, "matched_lett": null, "all_doors": null }, "geometry": { "type": "Point", "coordinates": [ 12.3318999, 45.4326886 ] } },
{ "type": "Feature", "properties": { "Name": "Dal Cortivo Dr. Domenico", "Address": "Palazzo del Governo - S. Maurizio, fondamenta Zaguri 2662", "Location": null, "Category": null, "Role": "Membri effettivi", "Profession": "-", "Additional Info": "Divisione III.B", "page_num": "43", "source_file": "page_43_semantic.csv", "section": "government", "civic_num": null, "civic_lett": null, "sestiere_parsed": null, "parish_parsed": null, "sestiere_implied": "False", "match_note": "Manually geocoded via Nominatim lookup: Palazzo del Governo - S. Maurizio, fondamenta Zaguri 2662", "location_cleaned": null, "fail_reason": "no_civic_number", "nom_classification": "inside_venice", "nominatim_query": "Palazzo del Governo, Venezia, Italy", "nominatim_flagged": "False", "matched_lat": 45.4326886, "matched_lon": 12.3318999, "match_confidence": "manual_nominatim", "geocoding_tier": "9", "Journal": null, "is_provincia": null, "matched_parish": null, "matched_sestiere": null, "matched_lett": null, "all_doors": null }, "geometry": { "type": "Point", "coordinates": [ 12.3318999, 45.4326886 ] } },
{ "type": "Feature", "properties": { "Name": "Beltrame Dr. Gregorio", "Address": "Palazzo del Governo - S. Maurizio, fondamenta Zaguri 2662", "Location": null, "Category": null, "Role": "Membri effettivi", "Profession": "-", "Additional Info": "Divisione III.B", "page_num": "43", "source_file": "page_43_semantic.csv", "section": "government", "civic_num": null, "civic_lett": null, "sestiere_parsed": null, "parish_parsed": null, "sestiere_implied": "False", "match_note": "Manually geocoded via Nominatim lookup: Palazzo del Governo - S. Maurizio, fondamenta Zaguri 2662", "location_cleaned": null, "fail_reason": "no_civic_number", "nom_classification": "inside_venice", "nominatim_query": "Palazzo del Governo, Venezia, Italy", "nominatim_flagged": "False", "matched_lat": 45.4326886, "matched_lon": 12.3318999, "match_confidence": "manual_nominatim", "geocoding_tier": "9", "Journal": null, "is_provincia": null, "matched_parish": null, "matched_sestiere": null, "matched_lett": null, "all_doors": null }, "geometry": { "type": "Point", "coordinates": [ 12.3318999, 45.4326886 ] } },
{ "type": "Feature", "properties": { "Name": "Siragusa Dr. Ciro", "Address": "Palazzo del Governo - S. Maurizio, fondamenta Zaguri 2662", "Location": null, "Category": null, "Role": "Membri effettivi", "Profession": "-", "Additional Info": "Divisione III.B", "page_num": "43", "source_file": "page_43_semantic.csv", "section": "government", "civic_num": null, "civic_lett": null, "sestiere_parsed": null, "parish_parsed": null, "sestiere_implied": "False", "match_note": "Manually geocoded via Nominatim lookup: Palazzo del Governo - S. Maurizio, fondamenta Zaguri 2662", "location_cleaned": null, "fail_reason": "no_civic_number", "nom_classification": "inside_venice", "nominatim_query": "Palazzo del Governo, Venezia, Italy", "nominatim_flagged": "False", "matched_lat": 45.4326886, "matched_lon": 12.3318999, "match_confidence": "manual_nominatim", "geocoding_tier": "9", "Journal": null, "is_provincia": null, "matched_parish": null, "matched_sestiere": null, "matched_lett": null, "all_doors": null }, "geometry": { "type": "Point", "coordinates": [ 12.3318999, 45.4326886 ] } },
{ "type": "Feature", "properties": { "Name": "Bandarin Avv. Silvestro", "Address": "Palazzo del Governo - S. Maurizio, fondamenta Zaguri 2662", "Location": null, "Category": null, "Role": "Membri effettivi", "Profession": "-", "Additional Info": "Divisione III.B", "page_num": "43", "source_file": "page_43_semantic.csv", "section": "government", "civic_num": null, "civic_lett": null, "sestiere_parsed": null, "parish_parsed": null, "sestiere_implied": "False", "match_note": "Manually geocoded via Nominatim lookup: Palazzo del Governo - S. Maurizio, fondamenta Zaguri 2662", "location_cleaned": null, "fail_reason": "no_civic_number", "nom_classification": "inside_venice", "nominatim_query": "Palazzo del Governo, Venezia, Italy", "nominatim_flagged": "False", "matched_lat": 45.4326886, "matched_lon": 12.3318999, "match_confidence": "manual_nominatim", "geocoding_tier": "9", "Journal": null, "is_provincia": null, "matched_parish": null, "matched_sestiere": null, "matched_lett": null, "all_doors": null }, "geometry": { "type": "Point", "coordinates": [ 12.3318999, 45.4326886 ] } },
{ "type": "Feature", "properties": { "Name": "Frascella Avv. Giuseppe", "Address": "Palazzo del Governo - S. Maurizio, fondamenta Zaguri 2662", "Location": null, "Category": null, "Role": "Membri effettivi", "Profession": "-", "Additional Info": "Divisione III.B", "page_num": "43", "source_file": "page_43_semantic.csv", "section": "government", "civic_num": null, "civic_lett": null, "sestiere_parsed": null, "parish_parsed": null, "sestiere_implied": "False", "match_note": "Manually geocoded via Nominatim lookup: Palazzo del Governo - S. Maurizio, fondamenta Zaguri 2662", "location_cleaned": null, "fail_reason": "no_civic_number", "nom_classification": "inside_venice", "nominatim_query": "Palazzo del Governo, Venezia, Italy", "nominatim_flagged": "False", "matched_lat": 45.4326886, "matched_lon": 12.3318999, "match_confidence": "manual_nominatim", "geocoding_tier": "9", "Journal": null, "is_provincia": null, "matched_parish": null, "matched_sestiere": null, "matched_lett": null, "all_doors": null }, "geometry": { "type": "Point", "coordinates": [ 12.3318999, 45.4326886 ] } },
{ "type": "Feature", "properties": { "Name": "Zennaril Ing. Antonio", "Address": "Palazzo del Governo - S. Maurizio, fondamenta Zaguri 2662", "Location": null, "Category": null, "Role": "Membri effettivi", "Profession": "-", "Additional Info": "Divisione III.B", "page_num": "43", "source_file": "page_43_semantic.csv", "section": "government", "civic_num": null, "civic_lett": null, "sestiere_parsed": null, "parish_parsed": null, "sestiere_implied": "False", "match_note": "Manually geocoded via Nominatim lookup: Palazzo del Governo - S. Maurizio, fondamenta Zaguri 2662", "location_cleaned": null, "fail_reason": "no_civic_number", "nom_classification": "inside_venice", "nominatim_query": "Palazzo del Governo, Venezia, Italy", "nominatim_flagged": "False", "matched_lat": 45.4326886, "matched_lon": 12.3318999, "match_confidence": "manual_nominatim", "geocoding_tier": "9", "Journal": null, "is_provincia": null, "matched_parish": null, "matched_sestiere": null, "matched_lett": null, "all_doors": null }, "geometry": { "type": "Point", "coordinates": [ 12.3318999, 45.4326886 ] } },
{ "type": "Feature", "properties": { "Name": "Sabbadin Rag. Giordano", "Address": "Palazzo del Governo - S. Maurizio, fondamenta Zaguri 2662", "Location": null, "Category": null, "Role": "Membri effettivi", "Profession": "-", "Additional Info": "Divisione III.B", "page_num": "43", "source_file": "page_43_semantic.csv", "section": "government", "civic_num": null, "civic_lett": null, "sestiere_parsed": null, "parish_parsed": null, "sestiere_implied": "False", "match_note": "Manually geocoded via Nominatim lookup: Palazzo del Governo - S. Maurizio, fondamenta Zaguri 2662", "location_cleaned": null, "fail_reason": "no_civic_number", "nom_classification": "inside_venice", "nominatim_query": "Palazzo del Governo, Venezia, Italy", "nominatim_flagged": "False", "matched_lat": 45.4326886, "matched_lon": 12.3318999, "match_confidence": "manual_nominatim", "geocoding_tier": "9", "Journal": null, "is_provincia": null, "matched_parish": null, "matched_sestiere": null, "matched_lett": null, "all_doors": null }, "geometry": { "type": "Point", "coordinates": [ 12.3318999, 45.4326886 ] } },
{ "type": "Feature", "properties": { "Name": "Venchierutti Avv. Iginio", "Address": "Palazzo del Governo - S. Maurizio, fondamenta Zaguri 2662", "Location": null, "Category": null, "Role": "Membri supplenti", "Profession": "-", "Additional Info": "Divisione III.B", "page_num": "43", "source_file": "page_43_semantic.csv", "section": "government", "civic_num": null, "civic_lett": null, "sestiere_parsed": null, "parish_parsed": null, "sestiere_implied": "False", "match_note": "Manually geocoded via Nominatim lookup: Palazzo del Governo - S. Maurizio, fondamenta Zaguri 2662", "location_cleaned": null, "fail_reason": "no_civic_number", "nom_classification": "inside_venice", "nominatim_query": "Palazzo del Governo, Venezia, Italy", "nominatim_flagged": "False", "matched_lat": 45.4326886, "matched_lon": 12.3318999, "match_confidence": "manual_nominatim", "geocoding_tier": "9", "Journal": null, "is_provincia": null, "matched_parish": null, "matched_sestiere": null, "matched_lett": null, "all_doors": null }, "geometry": { "type": "Point", "coordinates": [ 12.3318999, 45.4326886 ] } },
{ "type": "Feature", "properties": { "Name": "Francesconi Ing. Carlo", "Address": "Palazzo del Governo - S. Maurizio, fondamenta Zaguri 2662", "Location": null, "Category": null, "Role": "Membri supplenti", "Profession": "-", "Additional Info": "Divisione III.B", "page_num": "43", "source_file": "page_43_semantic.csv", "section": "government", "civic_num": null, "civic_lett": null, "sestiere_parsed": null, "parish_parsed": null, "sestiere_implied": "False", "match_note": "Manually geocoded via Nominatim lookup: Palazzo del Governo - S. Maurizio, fondamenta Zaguri 2662", "location_cleaned": null, "fail_reason": "no_civic_number", "nom_classification": "inside_venice", "nominatim_query": "Palazzo del Governo, Venezia, Italy", "nominatim_flagged": "False", "matched_lat": 45.4326886, "matched_lon": 12.3318999, "match_confidence": "manual_nominatim", "geocoding_tier": "9", "Journal": null, "is_provincia": null, "matched_parish": null, "matched_sestiere": null, "matched_lett": null, "all_doors": null }, "geometry": { "type": "Point", "coordinates": [ 12.3318999, 45.4326886 ] } },
{ "type": "Feature", "properties": { "Name": "Fano Avv. Luciano", "Address": "Palazzo del Governo - S. Maurizio, fondamenta Zaguri 2662", "Location": null, "Category": null, "Role": "Membri effettivi", "Profession": "-", "Additional Info": "Agregati per la risoluzione dei ricorsi in materia di tributi locali", "page_num": "43", "source_file": "page_43_semantic.csv", "section": "government", "civic_num": null, "civic_lett": null, "sestiere_parsed": null, "parish_parsed": null, "sestiere_implied": "False", "match_note": "Manually geocoded via Nominatim lookup: Palazzo del Governo - S. Maurizio, fondamenta Zaguri 2662", "location_cleaned": null, "fail_reason": "no_civic_number", "nom_classification": "inside_venice", "nominatim_query": "Palazzo del Governo, Venezia, Italy", "nominatim_flagged": "False", "matched_lat": 45.4326886, "matched_lon": 12.3318999, "match_confidence": "manual_nominatim", "geocoding_tier": "9", "Journal": null, "is_provincia": null, "matched_parish": null, "matched_sestiere": null, "matched_lett": null, "all_doors": null }, "geometry": { "type": "Point", "coordinates": [ 12.3318999, 45.4326886 ] } },
{ "type": "Feature", "properties": { "Name": "Chiestiura Corona Michele", "Address": "Palazzo del Governo - S. Maurizio, fondamenta Zaguri 2662", "Location": null, "Category": null, "Role": "Membri effettivi", "Profession": "-", "Additional Info": "Agregati per la risoluzione dei ricorsi in materia di tributi locali", "page_num": "43", "source_file": "page_43_semantic.csv", "section": "government", "civic_num": null, "civic_lett": null, "sestiere_parsed": null, "parish_parsed": null, "sestiere_implied": "False", "match_note": "Manually geocoded via Nominatim lookup: Palazzo del Governo - S. Maurizio, fondamenta Zaguri 2662", "location_cleaned": null, "fail_reason": "no_civic_number", "nom_classification": "inside_venice", "nominatim_query": "Palazzo del Governo, Venezia, Italy", "nominatim_flagged": "False", "matched_lat": 45.4326886, "matched_lon": 12.3318999, "match_confidence": "manual_nominatim", "geocoding_tier": "9", "Journal": null, "is_provincia": null, "matched_parish": null, "matched_sestiere": null, "matched_lett": null, "all_doors": null }, "geometry": { "type": "Point", "coordinates": [ 12.3318999, 45.4326886 ] } },
{ "type": "Feature", "properties": { "Name": "Guerriero Dr. Anello", "Address": "Palazzo del Governo - S. Maurizio, fondamenta Zaguri 2662", "Location": null, "Category": null, "Role": "Membri supplenti", "Profession": "-", "Additional Info": "Divisione III.B", "page_num": "43", "source_file": "page_43_semantic.csv", "section": "government", "civic_num": null, "civic_lett": null, "sestiere_parsed": null, "parish_parsed": null, "sestiere_implied": "False", "match_note": "Manually geocoded via Nominatim lookup: Palazzo del Governo - S. Maurizio, fondamenta Zaguri 2662", "location_cleaned": null, "fail_reason": "no_civic_number", "nom_classification": "inside_venice", "nominatim_query": "Palazzo del Governo, Venezia, Italy", "nominatim_flagged": "False", "matched_lat": 45.4326886, "matched_lon": 12.3318999, "match_confidence": "manual_nominatim", "geocoding_tier": "9", "Journal": null, "is_provincia": null, "matched_parish": null, "matched_sestiere": null, "matched_lett": null, "all_doors": null }, "geometry": { "type": "Point", "coordinates": [ 12.3318999, 45.4326886 ] } },
{ "type": "Feature", "properties": { "Name": "Penzo Ing. Felice", "Address": "Palazzo del Governo - S. Maurizio, fondamenta Zaguri 2662", "Location": null, "Category": null, "Role": "Membri supplenti", "Profession": "-", "Additional Info": "Divisione III.B", "page_num": "43", "source_file": "page_43_semantic.csv", "section": "government", "civic_num": null, "civic_lett": null, "sestiere_parsed": null, "parish_parsed": null, "sestiere_implied": "False", "match_note": "Manually geocoded via Nominatim lookup: Palazzo del Governo - S. Maurizio, fondamenta Zaguri 2662", "location_cleaned": null, "fail_reason": "no_civic_number", "nom_classification": "inside_venice", "nominatim_query": "Palazzo del Governo, Venezia, Italy", "nominatim_flagged": "False", "matched_lat": 45.4326886, "matched_lon": 12.3318999, "match_confidence": "manual_nominatim", "geocoding_tier": "9", "Journal": null, "is_provincia": null, "matched_parish": null, "matched_sestiere": null, "matched_lett": null, "all_doors": null }, "geometry": { "type": "Point", "coordinates": [ 12.3318999, 45.4326886 ] } },
{ "type": "Feature", "properties": { "Name": "Capisani Dario", "Address": "Palazzo del Governo - S. Maurizio, fondamenta Zaguri 2662", "Location": null, "Category": null, "Role": "Segretario", "Profession": "-", "Additional Info": "Divisione III.B", "page_num": "43", "source_file": "page_43_semantic.csv", "section": "government", "civic_num": null, "civic_lett": null, "sestiere_parsed": null, "parish_parsed": null, "sestiere_implied": "False", "match_note": "Manually geocoded via Nominatim lookup: Palazzo del Governo - S. Maurizio, fondamenta Zaguri 2662", "location_cleaned": null, "fail_reason": "no_civic_number", "nom_classification": "inside_venice", "nominatim_query": "Palazzo del Governo, Venezia, Italy", "nominatim_flagged": "False", "matched_lat": 45.4326886, "matched_lon": 12.3318999, "match_confidence": "manual_nominatim", "geocoding_tier": "9", "Journal": null, "is_provincia": null, "matched_parish": null, "matched_sestiere": null, "matched_lett": null, "all_doors": null }, "geometry": { "type": "Point", "coordinates": [ 12.3318999, 45.4326886 ] } },
{ "type": "Feature", "properties": { "Name": "Siragusa Dr. Ciro", "Address": "Palazzo del Governo - S. Maurizio, fondamenta Zaguri 2662", "Location": null, "Category": null, "Role": "Membri effettivi", "Profession": "-", "Additional Info": "In sede giuridizionale", "page_num": "43", "source_file": "page_43_semantic.csv", "section": "government", "civic_num": null, "civic_lett": null, "sestiere_parsed": null, "parish_parsed": null, "sestiere_implied": "False", "match_note": "Manually geocoded via Nominatim lookup: Palazzo del Governo - S. Maurizio, fondamenta Zaguri 2662", "location_cleaned": null, "fail_reason": "no_civic_number", "nom_classification": "inside_venice", "nominatim_query": "Palazzo del Governo, Venezia, Italy", "nominatim_flagged": "False", "matched_lat": 45.4326886, "matched_lon": 12.3318999, "match_confidence": "manual_nominatim", "geocoding_tier": "9", "Journal": null, "is_provincia": null, "matched_parish": null, "matched_sestiere": null, "matched_lett": null, "all_doors": null }, "geometry": { "type": "Point", "coordinates": [ 12.3318999, 45.4326886 ] } },
{ "type": "Feature", "properties": { "Name": "Beltrame Dr. Gregorio", "Address": "Palazzo del Governo - S. Maurizio, fondamenta Zaguri 2662", "Location": null, "Category": null, "Role": "Membri effettivi", "Profession": "-", "Additional Info": "In sede giuridizionale", "page_num": "43", "source_file": "page_43_semantic.csv", "section": "government", "civic_num": null, "civic_lett": null, "sestiere_parsed": null, "parish_parsed": null, "sestiere_implied": "False", "match_note": "Manually geocoded via Nominatim lookup: Palazzo del Governo - S. Maurizio, fondamenta Zaguri 2662", "location_cleaned": null, "fail_reason": "no_civic_number", "nom_classification": "inside_venice", "nominatim_query": "Palazzo del Governo, Venezia, Italy", "nominatim_flagged": "False", "matched_lat": 45.4326886, "matched_lon": 12.3318999, "match_confidence": "manual_nominatim", "geocoding_tier": "9", "Journal": null, "is_provincia": null, "matched_parish": null, "matched_sestiere": null, "matched_lett": null, "all_doors": null }, "geometry": { "type": "Point", "coordinates": [ 12.3318999, 45.4326886 ] } },
{ "type": "Feature", "properties": { "Name": "Frascella Avv. Giuseppe", "Address": "Palazzo del Governo - S. Maurizio, fondamenta Zaguri 2662", "Location": null, "Category": null, "Role": "Membri effettivi", "Profession": "-", "Additional Info": "In sede giuridizionale", "page_num": "43", "source_file": "page_43_semantic.csv", "section": "government", "civic_num": null, "civic_lett": null, "sestiere_parsed": null, "parish_parsed": null, "sestiere_implied": "False", "match_note": "Manually geocoded via Nominatim lookup: Palazzo del Governo - S. Maurizio, fondamenta Zaguri 2662", "location_cleaned": null, "fail_reason": "no_civic_number", "nom_classification": "inside_venice", "nominatim_query": "Palazzo del Governo, Venezia, Italy", "nominatim_flagged": "False", "matched_lat": 45.4326886, "matched_lon": 12.3318999, "match_confidence": "manual_nominatim", "geocoding_tier": "9", "Journal": null, "is_provincia": null, "matched_parish": null, "matched_sestiere": null, "matched_lett": null, "all_doors": null }, "geometry": { "type": "Point", "coordinates": [ 12.3318999, 45.4326886 ] } },
{ "type": "Feature", "properties": { "Name": "Sabbadin Rag. Giordano", "Address": "Palazzo del Governo - S. Maurizio, fondamenta Zaguri 2662", "Location": null, "Category": null, "Role": "Membri effettivi", "Profession": "-", "Additional Info": "In sede giuridizionale", "page_num": "43", "source_file": "page_43_semantic.csv", "section": "government", "civic_num": null, "civic_lett": null, "sestiere_parsed": null, "parish_parsed": null, "sestiere_implied": "False", "match_note": "Manually geocoded via Nominatim lookup: Palazzo del Governo - S. Maurizio, fondamenta Zaguri 2662", "location_cleaned": null, "fail_reason": "no_civic_number", "nom_classification": "inside_venice", "nominatim_query": "Palazzo del Governo, Venezia, Italy", "nominatim_flagged": "False", "matched_lat": 45.4326886, "matched_lon": 12.3318999, "match_confidence": "manual_nominatim", "geocoding_tier": "9", "Journal": null, "is_provincia": null, "matched_parish": null, "matched_sestiere": null, "matched_lett": null, "all_doors": null }, "geometry": { "type": "Point", "coordinates": [ 12.3318999, 45.4326886 ] } },
{ "type": "Feature", "properties": { "Name": "Bandarin rag. Giordano", "Address": "Palazzo del Governo - S. Maurizio, fondamenta Zaguri 2662", "Location": null, "Category": null, "Role": "Membro supplente", "Profession": "-", "Additional Info": "In sede giuridizionale", "page_num": "43", "source_file": "page_43_semantic.csv", "section": "government", "civic_num": null, "civic_lett": null, "sestiere_parsed": null, "parish_parsed": null, "sestiere_implied": "False", "match_note": "Manually geocoded via Nominatim lookup: Palazzo del Governo - S. Maurizio, fondamenta Zaguri 2662", "location_cleaned": null, "fail_reason": "no_civic_number", "nom_classification": "inside_venice", "nominatim_query": "Palazzo del Governo, Venezia, Italy", "nominatim_flagged": "False", "matched_lat": 45.4326886, "matched_lon": 12.3318999, "match_confidence": "manual_nominatim", "geocoding_tier": "9", "Journal": null, "is_provincia": null, "matched_parish": null, "matched_sestiere": null, "matched_lett": null, "all_doors": null }, "geometry": { "type": "Point", "coordinates": [ 12.3318999, 45.4326886 ] } },
{ "type": "Feature", "properties": { "Name": "Spaziantie Dr. Domenico", "Address": "Palazzo del Governo - S. Maurizio, fondamenta Zaguri 2662", "Location": null, "Category": null, "Role": "Segretario", "Profession": "-", "Additional Info": "In sede giuridizionale", "page_num": "43", "source_file": "page_43_semantic.csv", "section": "government", "civic_num": null, "civic_lett": null, "sestiere_parsed": null, "parish_parsed": null, "sestiere_implied": "False", "match_note": "Manually geocoded via Nominatim lookup: Palazzo del Governo - S. Maurizio, fondamenta Zaguri 2662", "location_cleaned": null, "fail_reason": "no_civic_number", "nom_classification": "inside_venice", "nominatim_query": "Palazzo del Governo, Venezia, Italy", "nominatim_flagged": "False", "matched_lat": 45.4326886, "matched_lon": 12.3318999, "match_confidence": "manual_nominatim", "geocoding_tier": "9", "Journal": null, "is_provincia": null, "matched_parish": null, "matched_sestiere": null, "matched_lett": null, "all_doors": null }, "geometry": { "type": "Point", "coordinates": [ 12.3318999, 45.4326886 ] } },
{ "type": "Feature", "properties": { "Name": "Frascino dott. Jerasino", "Address": "Palazzo del Governo - S. Maurizio, fondamenta Zaguri 2662", "Location": null, "Category": null, "Role": "Presidente", "Profession": "-", "Additional Info": "Membri della I.a Sezione", "page_num": "43", "source_file": "page_43_semantic.csv", "section": "government", "civic_num": null, "civic_lett": null, "sestiere_parsed": null, "parish_parsed": null, "sestiere_implied": "False", "match_note": "Manually geocoded via Nominatim lookup: Palazzo del Governo - S. Maurizio, fondamenta Zaguri 2662", "location_cleaned": null, "fail_reason": "no_civic_number", "nom_classification": "inside_venice", "nominatim_query": "Palazzo del Governo, Venezia, Italy", "nominatim_flagged": "False", "matched_lat": 45.4326886, "matched_lon": 12.3318999, "match_confidence": "manual_nominatim", "geocoding_tier": "9", "Journal": null, "is_provincia": null, "matched_parish": null, "matched_sestiere": null, "matched_lett": null, "all_doors": null }, "geometry": { "type": "Point", "coordinates": [ 12.3318999, 45.4326886 ] } },
{ "type": "Feature", "properties": { "Name": "Alberi rag. Giovanni", "Address": "Palazzo del Governo - S. Maurizio, fondamenta Zaguri 2662", "Location": null, "Category": null, "Role": "Membri effettivi", "Profession": "-", "Additional Info": "Membri della I.a Sezione", "page_num": "43", "source_file": "page_43_semantic.csv", "section": "government", "civic_num": null, "civic_lett": null, "sestiere_parsed": null, "parish_parsed": null, "sestiere_implied": "False", "match_note": "Manually geocoded via Nominatim lookup: Palazzo del Governo - S. Maurizio, fondamenta Zaguri 2662", "location_cleaned": null, "fail_reason": "no_civic_number", "nom_classification": "inside_venice", "nominatim_query": "Palazzo del Governo, Venezia, Italy", "nominatim_flagged": "False", "matched_lat": 45.4326886, "matched_lon": 12.3318999, "match_confidence": "manual_nominatim", "geocoding_tier": "9", "Journal": null, "is_provincia": null, "matched_parish": null, "matched_sestiere": null, "matched_lett": null, "all_doors": null }, "geometry": { "type": "Point", "coordinates": [ 12.3318999, 45.4326886 ] } },
{ "type": "Feature", "properties": { "Name": "Adami ing. Mario", "Address": "Palazzo del Governo - S. Maurizio, fondamenta Zaguri 2662", "Location": null, "Category": null, "Role": "Membri effettivi", "Profession": "-", "Additional Info": "Membri della I.a Sezione", "page_num": "43", "source_file": "page_43_semantic.csv", "section": "government", "civic_num": null, "civic_lett": null, "sestiere_parsed": null, "parish_parsed": null, "sestiere_implied": "False", "match_note": "Manually geocoded via Nominatim lookup: Palazzo del Governo - S. Maurizio, fondamenta Zaguri 2662", "location_cleaned": null, "fail_reason": "no_civic_number", "nom_classification": "inside_venice", "nominatim_query": "Palazzo del Governo, Venezia, Italy", "nominatim_flagged": "False", "matched_lat": 45.4326886, "matched_lon": 12.3318999, "match_confidence": "manual_nominatim", "geocoding_tier": "9", "Journal": null, "is_provincia": null, "matched_parish": null, "matched_sestiere": null, "matched_lett": null, "all_doors": null }, "geometry": { "type": "Point", "coordinates": [ 12.3318999, 45.4326886 ] } },
{ "type": "Feature", "properties": { "Name": "Giurii Umberto", "Address": "Palazzo del Governo - S. Maurizio, fondamenta Zaguri 2662", "Location": null, "Category": null, "Role": "Membri effettivi", "Profession": "-", "Additional Info": "Membri della I.a Sezione", "page_num": "43", "source_file": "page_43_semantic.csv", "section": "government", "civic_num": null, "civic_lett": null, "sestiere_parsed": null, "parish_parsed": null, "sestiere_implied": "False", "match_note": "Manually geocoded via Nominatim lookup: Palazzo del Governo - S. Maurizio, fondamenta Zaguri 2662", "location_cleaned": null, "fail_reason": "no_civic_number", "nom_classification": "inside_venice", "nominatim_query": "Palazzo del Governo, Venezia, Italy", "nominatim_flagged": "False", "matched_lat": 45.4326886, "matched_lon": 12.3318999, "match_confidence": "manual_nominatim", "geocoding_tier": "9", "Journal": null, "is_provincia": null, "matched_parish": null, "matched_sestiere": null, "matched_lett": null, "all_doors": null }, "geometry": { "type": "Point", "coordinates": [ 12.3318999, 45.4326886 ] } },
{ "type": "Feature", "properties": { "Name": "Orsoni Angelo", "Address": "Palazzo del Governo - S. Maurizio, fondamenta Zaguri 2662", "Location": null, "Category": null, "Role": "Membri effettivi", "Profession": "-", "Additional Info": "Membri della I.a Sezione", "page_num": "43", "source_file": "page_43_semantic.csv", "section": "government", "civic_num": null, "civic_lett": null, "sestiere_parsed": null, "parish_parsed": null, "sestiere_implied": "False", "match_note": "Manually geocoded via Nominatim lookup: Palazzo del Governo - S. Maurizio, fondamenta Zaguri 2662", "location_cleaned": null, "fail_reason": "no_civic_number", "nom_classification": "inside_venice", "nominatim_query": "Palazzo del Governo, Venezia, Italy", "nominatim_flagged": "False", "matched_lat": 45.4326886, "matched_lon": 12.3318999, "match_confidence": "manual_nominatim", "geocoding_tier": "9", "Journal": null, "is_provincia": null, "matched_parish": null, "matched_sestiere": null, "matched_lett": null, "all_doors": null }, "geometry": { "type": "Point", "coordinates": [ 12.3318999, 45.4326886 ] } },
{ "type": "Feature", "properties": { "Name": "Velatta ing. Massimo", "Address": "Palazzo del Governo - S. Maurizio, fondamenta Zaguri 2662", "Location": null, "Category": null, "Role": "Membri supplenti", "Profession": "-", "Additional Info": "Membri della I.a Sezione", "page_num": "43", "source_file": "page_43_semantic.csv", "section": "government", "civic_num": null, "civic_lett": null, "sestiere_parsed": null, "parish_parsed": null, "sestiere_implied": "False", "match_note": "Manually geocoded via Nominatim lookup: Palazzo del Governo - S. Maurizio, fondamenta Zaguri 2662", "location_cleaned": null, "fail_reason": "no_civic_number", "nom_classification": "inside_venice", "nominatim_query": "Palazzo del Governo, Venezia, Italy", "nominatim_flagged": "False", "matched_lat": 45.4326886, "matched_lon": 12.3318999, "match_confidence": "manual_nominatim", "geocoding_tier": "9", "Journal": null, "is_provincia": null, "matched_parish": null, "matched_sestiere": null, "matched_lett": null, "all_doors": null }, "geometry": { "type": "Point", "coordinates": [ 12.3318999, 45.4326886 ] } },
{ "type": "Feature", "properties": { "Name": "RigoBon Pietro", "Address": "Palazzo del Governo - S. Maurizio, fondamenta Zaguri 2662", "Location": null, "Category": null, "Role": "Membri supplenti", "Profession": "-", "Additional Info": "Membri della I.a Sezione", "page_num": "43", "source_file": "page_43_semantic.csv", "section": "government", "civic_num": null, "civic_lett": null, "sestiere_parsed": null, "parish_parsed": null, "sestiere_implied": "False", "match_note": "Manually geocoded via Nominatim lookup: Palazzo del Governo - S. Maurizio, fondamenta Zaguri 2662", "location_cleaned": null, "fail_reason": "no_civic_number", "nom_classification": "inside_venice", "nominatim_query": "Palazzo del Governo, Venezia, Italy", "nominatim_flagged": "False", "matched_lat": 45.4326886, "matched_lon": 12.3318999, "match_confidence": "manual_nominatim", "geocoding_tier": "9", "Journal": null, "is_provincia": null, "matched_parish": null, "matched_sestiere": null, "matched_lett": null, "all_doors": null }, "geometry": { "type": "Point", "coordinates": [ 12.3318999, 45.4326886 ] } },
{ "type": "Feature", "properties": { "Name": "Sindaco", "Address": "Palazzo del Governo - S. Maurizio, fondamenta Zaguri 2662", "Location": null, "Category": null, "Role": "Membro effettivo", "Profession": "-", "Additional Info": "Divisione III.B", "page_num": "44", "source_file": "page_44_semantic.csv", "section": "government", "civic_num": null, "civic_lett": null, "sestiere_parsed": null, "parish_parsed": null, "sestiere_implied": "False", "match_note": "Manually geocoded via Nominatim lookup: Palazzo del Governo - S. Maurizio, fondamenta Zaguri 2662", "location_cleaned": null, "fail_reason": "no_civic_number", "nom_classification": "inside_venice", "nominatim_query": "Palazzo del Governo, Venezia, Italy", "nominatim_flagged": "False", "matched_lat": 45.4326886, "matched_lon": 12.3318999, "match_confidence": "manual_nominatim", "geocoding_tier": "9", "Journal": null, "is_provincia": null, "matched_parish": null, "matched_sestiere": null, "matched_lett": null, "all_doors": null }, "geometry": { "type": "Point", "coordinates": [ 12.3318999, 45.4326886 ] } },
{ "type": "Feature", "properties": { "Name": "Medico Provinciale", "Address": "Palazzo del Governo - S. Maurizio, fondamenta Zaguri 2662", "Location": null, "Category": null, "Role": "Membro effettivo", "Profession": "-", "Additional Info": "Divisione III.B", "page_num": "44", "source_file": "page_44_semantic.csv", "section": "government", "civic_num": null, "civic_lett": null, "sestiere_parsed": null, "parish_parsed": null, "sestiere_implied": "False", "match_note": "Manually geocoded via Nominatim lookup: Palazzo del Governo - S. Maurizio, fondamenta Zaguri 2662", "location_cleaned": null, "fail_reason": "no_civic_number", "nom_classification": "inside_venice", "nominatim_query": "Palazzo del Governo, Venezia, Italy", "nominatim_flagged": "False", "matched_lat": 45.4326886, "matched_lon": 12.3318999, "match_confidence": "manual_nominatim", "geocoding_tier": "9", "Journal": null, "is_provincia": null, "matched_parish": null, "matched_sestiere": null, "matched_lett": null, "all_doors": null }, "geometry": { "type": "Point", "coordinates": [ 12.3318999, 45.4326886 ] } },
{ "type": "Feature", "properties": { "Name": "Ing. Capo del Genio Civile", "Address": "Palazzo del Governo - S. Maurizio, fondamenta Zaguri 2662", "Location": null, "Category": null, "Role": "Membro effettivo", "Profession": "-", "Additional Info": "Divisione III.B", "page_num": "44", "source_file": "page_44_semantic.csv", "section": "government", "civic_num": null, "civic_lett": null, "sestiere_parsed": null, "parish_parsed": null, "sestiere_implied": "False", "match_note": "Manually geocoded via Nominatim lookup: Palazzo del Governo - S. Maurizio, fondamenta Zaguri 2662", "location_cleaned": null, "fail_reason": "no_civic_number", "nom_classification": "inside_venice", "nominatim_query": "Palazzo del Governo, Venezia, Italy", "nominatim_flagged": "False", "matched_lat": 45.4326886, "matched_lon": 12.3318999, "match_confidence": "manual_nominatim", "geocoding_tier": "9", "Journal": null, "is_provincia": null, "matched_parish": null, "matched_sestiere": null, "matched_lett": null, "all_doors": null }, "geometry": { "type": "Point", "coordinates": [ 12.3318999, 45.4326886 ] } },
{ "type": "Feature", "properties": { "Name": "Comandante Prov. dei Vigili del Fuoco", "Address": "Palazzo del Governo - S. Maurizio, fondamenta Zaguri 2662", "Location": null, "Category": null, "Role": "Membro effettivo", "Profession": "-", "Additional Info": "Divisione III.B", "page_num": "44", "source_file": "page_44_semantic.csv", "section": "government", "civic_num": null, "civic_lett": null, "sestiere_parsed": null, "parish_parsed": null, "sestiere_implied": "False", "match_note": "Manually geocoded via Nominatim lookup: Palazzo del Governo - S. Maurizio, fondamenta Zaguri 2662", "location_cleaned": null, "fail_reason": "no_civic_number", "nom_classification": "inside_venice", "nominatim_query": "Palazzo del Governo, Venezia, Italy", "nominatim_flagged": "False", "matched_lat": 45.4326886, "matched_lon": 12.3318999, "match_confidence": "manual_nominatim", "geocoding_tier": "9", "Journal": null, "is_provincia": null, "matched_parish": null, "matched_sestiere": null, "matched_lett": null, "all_doors": null }, "geometry": { "type": "Point", "coordinates": [ 12.3318999, 45.4326886 ] } },
{ "type": "Feature", "properties": { "Name": "Francesco Baldassari", "Address": "Palazzo del Governo - S. Maurizio, fondamenta Zaguri 2662", "Location": null, "Category": null, "Role": "GIUNTA PROV. AMMINISTRATIVA", "Profession": "esperto elettrotecnico", "Additional Info": "Divisione III.B", "page_num": "44", "source_file": "page_44_semantic.csv", "section": "government", "civic_num": null, "civic_lett": null, "sestiere_parsed": null, "parish_parsed": null, "sestiere_implied": "False", "match_note": "Manually geocoded via Nominatim lookup: Palazzo del Governo - S. Maurizio, fondamenta Zaguri 2662", "location_cleaned": null, "fail_reason": "no_civic_number", "nom_classification": "inside_venice", "nominatim_query": "Palazzo del Governo, Venezia, Italy", "nominatim_flagged": "False", "matched_lat": 45.4326886, "matched_lon": 12.3318999, "match_confidence": "manual_nominatim", "geocoding_tier": "9", "Journal": null, "is_provincia": null, "matched_parish": null, "matched_sestiere": null, "matched_lett": null, "all_doors": null }, "geometry": { "type": "Point", "coordinates": [ 12.3318999, 45.4326886 ] } },
{ "type": "Feature", "properties": { "Name": "Amedeo Solesin", "Address": "Palazzo del Governo - S. Maurizio, fondamenta Zaguri 2662", "Location": null, "Category": null, "Role": "Membro effettivo", "Profession": "rappresentante esercenti cinema e teatri", "Additional Info": "Divisione III.B", "page_num": "44", "source_file": "page_44_semantic.csv", "section": "government", "civic_num": null, "civic_lett": null, "sestiere_parsed": null, "parish_parsed": null, "sestiere_implied": "False", "match_note": "Manually geocoded via Nominatim lookup: Palazzo del Governo - S. Maurizio, fondamenta Zaguri 2662", "location_cleaned": null, "fail_reason": "no_civic_number", "nom_classification": "inside_venice", "nominatim_query": "Palazzo del Governo, Venezia, Italy", "nominatim_flagged": "False", "matched_lat": 45.4326886, "matched_lon": 12.3318999, "match_confidence": "manual_nominatim", "geocoding_tier": "9", "Journal": null, "is_provincia": null, "matched_parish": null, "matched_sestiere": null, "matched_lett": null, "all_doors": null }, "geometry": { "type": "Point", "coordinates": [ 12.3318999, 45.4326886 ] } },
{ "type": "Feature", "properties": { "Name": "Ing. Nicola Mascaro", "Address": "Palazzo del Governo - S. Maurizio, fondamenta Zaguri 2662", "Location": null, "Category": null, "Role": "Membro supplente", "Profession": "-", "Additional Info": "Divisione III.B", "page_num": "44", "source_file": "page_44_semantic.csv", "section": "government", "civic_num": null, "civic_lett": null, "sestiere_parsed": null, "parish_parsed": null, "sestiere_implied": "False", "match_note": "Manually geocoded via Nominatim lookup: Palazzo del Governo - S. Maurizio, fondamenta Zaguri 2662", "location_cleaned": null, "fail_reason": "no_civic_number", "nom_classification": "inside_venice", "nominatim_query": "Palazzo del Governo, Venezia, Italy", "nominatim_flagged": "False", "matched_lat": 45.4326886, "matched_lon": 12.3318999, "match_confidence": "manual_nominatim", "geocoding_tier": "9", "Journal": null, "is_provincia": null, "matched_parish": null, "matched_sestiere": null, "matched_lett": null, "all_doors": null }, "geometry": { "type": "Point", "coordinates": [ 12.3318999, 45.4326886 ] } },
{ "type": "Feature", "properties": { "Name": "Ing. Pietro Scheiari", "Address": "Palazzo del Governo - S. Maurizio, fondamenta Zaguri 2662", "Location": null, "Category": null, "Role": "Membro supplente", "Profession": "esperto elettrotecnico", "Additional Info": "Divisione III.B", "page_num": "44", "source_file": "page_44_semantic.csv", "section": "government", "civic_num": null, "civic_lett": null, "sestiere_parsed": null, "parish_parsed": null, "sestiere_implied": "False", "match_note": "Manually geocoded via Nominatim lookup: Palazzo del Governo - S. Maurizio, fondamenta Zaguri 2662", "location_cleaned": null, "fail_reason": "no_civic_number", "nom_classification": "inside_venice", "nominatim_query": "Palazzo del Governo, Venezia, Italy", "nominatim_flagged": "False", "matched_lat": 45.4326886, "matched_lon": 12.3318999, "match_confidence": "manual_nominatim", "geocoding_tier": "9", "Journal": null, "is_provincia": null, "matched_parish": null, "matched_sestiere": null, "matched_lett": null, "all_doors": null }, "geometry": { "type": "Point", "coordinates": [ 12.3318999, 45.4326886 ] } },
{ "type": "Feature", "properties": { "Name": "Daniele Romano", "Address": "Palazzo del Governo - S. Maurizio, fondamenta Zaguri 2662", "Location": null, "Category": null, "Role": "Segretario", "Profession": "-", "Additional Info": "Divisione III.B", "page_num": "44", "source_file": "page_44_semantic.csv", "section": "government", "civic_num": null, "civic_lett": null, "sestiere_parsed": null, "parish_parsed": null, "sestiere_implied": "False", "match_note": "Manually geocoded via Nominatim lookup: Palazzo del Governo - S. Maurizio, fondamenta Zaguri 2662", "location_cleaned": null, "fail_reason": "no_civic_number", "nom_classification": "inside_venice", "nominatim_query": "Palazzo del Governo, Venezia, Italy", "nominatim_flagged": "False", "matched_lat": 45.4326886, "matched_lon": 12.3318999, "match_confidence": "manual_nominatim", "geocoding_tier": "9", "Journal": null, "is_provincia": null, "matched_parish": null, "matched_sestiere": null, "matched_lett": null, "all_doors": null }, "geometry": { "type": "Point", "coordinates": [ 12.3318999, 45.4326886 ] } },
{ "type": "Feature", "properties": { "Name": "Il Prefetto", "Address": "Palazzo del Governo - S. Maurizio, fondamenta Zaguri 2662", "Location": null, "Category": null, "Role": "Presidente", "Profession": "-", "Additional Info": "Divisione III.B", "page_num": "44", "source_file": "page_44_semantic.csv", "section": "government", "civic_num": null, "civic_lett": null, "sestiere_parsed": null, "parish_parsed": null, "sestiere_implied": "False", "match_note": "Manually geocoded via Nominatim lookup: Palazzo del Governo - S. Maurizio, fondamenta Zaguri 2662", "location_cleaned": null, "fail_reason": "no_civic_number", "nom_classification": "inside_venice", "nominatim_query": "Palazzo del Governo, Venezia, Italy", "nominatim_flagged": "False", "matched_lat": 45.4326886, "matched_lon": 12.3318999, "match_confidence": "manual_nominatim", "geocoding_tier": "9", "Journal": null, "is_provincia": null, "matched_parish": null, "matched_sestiere": null, "matched_lett": null, "all_doors": null }, "geometry": { "type": "Point", "coordinates": [ 12.3318999, 45.4326886 ] } },
{ "type": "Feature", "properties": { "Name": "L'Intendente di Finanza", "Address": "Palazzo del Governo - S. Maurizio, fondamenta Zaguri 2662", "Location": null, "Category": null, "Role": "Membro di diritto", "Profession": "-", "Additional Info": "Divisione III.B", "page_num": "44", "source_file": "page_44_semantic.csv", "section": "government", "civic_num": null, "civic_lett": null, "sestiere_parsed": null, "parish_parsed": null, "sestiere_implied": "False", "match_note": "Manually geocoded via Nominatim lookup: Palazzo del Governo - S. Maurizio, fondamenta Zaguri 2662", "location_cleaned": null, "fail_reason": "no_civic_number", "nom_classification": "inside_venice", "nominatim_query": "Palazzo del Governo, Venezia, Italy", "nominatim_flagged": "False", "matched_lat": 45.4326886, "matched_lon": 12.3318999, "match_confidence": "manual_nominatim", "geocoding_tier": "9", "Journal": null, "is_provincia": null, "matched_parish": null, "matched_sestiere": null, "matched_lett": null, "all_doors": null }, "geometry": { "type": "Point", "coordinates": [ 12.3318999, 45.4326886 ] } },
{ "type": "Feature", "properties": { "Name": "L'Ingegnere Capo del Genio Civile", "Address": "Palazzo del Governo - S. Maurizio, fondamenta Zaguri 2662", "Location": null, "Category": null, "Role": "Membro di diritto", "Profession": "-", "Additional Info": "Divisione III.B", "page_num": "44", "source_file": "page_44_semantic.csv", "section": "government", "civic_num": null, "civic_lett": null, "sestiere_parsed": null, "parish_parsed": null, "sestiere_implied": "False", "match_note": "Manually geocoded via Nominatim lookup: Palazzo del Governo - S. Maurizio, fondamenta Zaguri 2662", "location_cleaned": null, "fail_reason": "no_civic_number", "nom_classification": "inside_venice", "nominatim_query": "Palazzo del Governo, Venezia, Italy", "nominatim_flagged": "False", "matched_lat": 45.4326886, "matched_lon": 12.3318999, "match_confidence": "manual_nominatim", "geocoding_tier": "9", "Journal": null, "is_provincia": null, "matched_parish": null, "matched_sestiere": null, "matched_lett": null, "all_doors": null }, "geometry": { "type": "Point", "coordinates": [ 12.3318999, 45.4326886 ] } },
{ "type": "Feature", "properties": { "Name": "Nicolassi dr. Umberto", "Address": "Palazzo del Governo - S. Maurizio, fondamenta Zaguri 2662", "Location": null, "Category": null, "Role": "Rappresentante", "Profession": "Federaz. Cooperative", "Additional Info": "Divisione III.B", "page_num": "44", "source_file": "page_44_semantic.csv", "section": "government", "civic_num": null, "civic_lett": null, "sestiere_parsed": null, "parish_parsed": null, "sestiere_implied": "False", "match_note": "Manually geocoded via Nominatim lookup: Palazzo del Governo - S. Maurizio, fondamenta Zaguri 2662", "location_cleaned": null, "fail_reason": "no_civic_number", "nom_classification": "inside_venice", "nominatim_query": "Palazzo del Governo, Venezia, Italy", "nominatim_flagged": "False", "matched_lat": 45.4326886, "matched_lon": 12.3318999, "match_confidence": "manual_nominatim", "geocoding_tier": "9", "Journal": null, "is_provincia": null, "matched_parish": null, "matched_sestiere": null, "matched_lett": null, "all_doors": null }, "geometry": { "type": "Point", "coordinates": [ 12.3318999, 45.4326886 ] } },
{ "type": "Feature", "properties": { "Name": "Penzo Antonietta", "Address": "Palazzo del Governo - S. Maurizio, fondamenta Zaguri 2662", "Location": null, "Category": null, "Role": "Segretario", "Profession": "-", "Additional Info": "Divisione III.B", "page_num": "44", "source_file": "page_44_semantic.csv", "section": "government", "civic_num": null, "civic_lett": null, "sestiere_parsed": null, "parish_parsed": null, "sestiere_implied": "False", "match_note": "Manually geocoded via Nominatim lookup: Palazzo del Governo - S. Maurizio, fondamenta Zaguri 2662", "location_cleaned": null, "fail_reason": "no_civic_number", "nom_classification": "inside_venice", "nominatim_query": "Palazzo del Governo, Venezia, Italy", "nominatim_flagged": "False", "matched_lat": 45.4326886, "matched_lon": 12.3318999, "match_confidence": "manual_nominatim", "geocoding_tier": "9", "Journal": null, "is_provincia": null, "matched_parish": null, "matched_sestiere": null, "matched_lett": null, "all_doors": null }, "geometry": { "type": "Point", "coordinates": [ 12.3318999, 45.4326886 ] } },
{ "type": "Feature", "properties": { "Name": "Presidente del Tribunale Civile e Penale", "Address": "Palazzo del Governo - S. Maurizio, fondamenta Zaguri 2662", "Location": null, "Category": null, "Role": "Membro", "Profession": "-", "Additional Info": "Divisione III.B", "page_num": "44", "source_file": "page_44_semantic.csv", "section": "government", "civic_num": null, "civic_lett": null, "sestiere_parsed": null, "parish_parsed": null, "sestiere_implied": "False", "match_note": "Manually geocoded via Nominatim lookup: Palazzo del Governo - S. Maurizio, fondamenta Zaguri 2662", "location_cleaned": null, "fail_reason": "no_civic_number", "nom_classification": "inside_venice", "nominatim_query": "Palazzo del Governo, Venezia, Italy", "nominatim_flagged": "False", "matched_lat": 45.4326886, "matched_lon": 12.3318999, "match_confidence": "manual_nominatim", "geocoding_tier": "9", "Journal": null, "is_provincia": null, "matched_parish": null, "matched_sestiere": null, "matched_lett": null, "all_doors": null }, "geometry": { "type": "Point", "coordinates": [ 12.3318999, 45.4326886 ] } },
{ "type": "Feature", "properties": { "Name": "Medico Provinciale", "Address": "Palazzo del Governo - S. Maurizio, fondamenta Zaguri 2662", "Location": null, "Category": null, "Role": "Membro", "Profession": "-", "Additional Info": "Divisione III.B", "page_num": "44", "source_file": "page_44_semantic.csv", "section": "government", "civic_num": null, "civic_lett": null, "sestiere_parsed": null, "parish_parsed": null, "sestiere_implied": "False", "match_note": "Manually geocoded via Nominatim lookup: Palazzo del Governo - S. Maurizio, fondamenta Zaguri 2662", "location_cleaned": null, "fail_reason": "no_civic_number", "nom_classification": "inside_venice", "nominatim_query": "Palazzo del Governo, Venezia, Italy", "nominatim_flagged": "False", "matched_lat": 45.4326886, "matched_lon": 12.3318999, "match_confidence": "manual_nominatim", "geocoding_tier": "9", "Journal": null, "is_provincia": null, "matched_parish": null, "matched_sestiere": null, "matched_lett": null, "all_doors": null }, "geometry": { "type": "Point", "coordinates": [ 12.3318999, 45.4326886 ] } },
{ "type": "Feature", "properties": { "Name": "Veterinario Provinciale", "Address": "Palazzo del Governo - S. Maurizio, fondamenta Zaguri 2662", "Location": null, "Category": null, "Role": "Membro", "Profession": "-", "Additional Info": "Divisione III.B", "page_num": "44", "source_file": "page_44_semantic.csv", "section": "government", "civic_num": null, "civic_lett": null, "sestiere_parsed": null, "parish_parsed": null, "sestiere_implied": "False", "match_note": "Manually geocoded via Nominatim lookup: Palazzo del Governo - S. Maurizio, fondamenta Zaguri 2662", "location_cleaned": null, "fail_reason": "no_civic_number", "nom_classification": "inside_venice", "nominatim_query": "Palazzo del Governo, Venezia, Italy", "nominatim_flagged": "False", "matched_lat": 45.4326886, "matched_lon": 12.3318999, "match_confidence": "manual_nominatim", "geocoding_tier": "9", "Journal": null, "is_provincia": null, "matched_parish": null, "matched_sestiere": null, "matched_lett": null, "all_doors": null }, "geometry": { "type": "Point", "coordinates": [ 12.3318999, 45.4326886 ] } },
{ "type": "Feature", "properties": { "Name": "Tizanello dr. Giuseppe", "Address": "Palazzo del Governo - S. Maurizio, fondamenta Zaguri 2662", "Location": null, "Category": null, "Role": "Membro", "Profession": "medico chirurgo", "Additional Info": "Divisione III.B", "page_num": "44", "source_file": "page_44_semantic.csv", "section": "government", "civic_num": null, "civic_lett": null, "sestiere_parsed": null, "parish_parsed": null, "sestiere_implied": "False", "match_note": "Manually geocoded via Nominatim lookup: Palazzo del Governo - S. Maurizio, fondamenta Zaguri 2662", "location_cleaned": null, "fail_reason": "no_civic_number", "nom_classification": "inside_venice", "nominatim_query": "Palazzo del Governo, Venezia, Italy", "nominatim_flagged": "False", "matched_lat": 45.4326886, "matched_lon": 12.3318999, "match_confidence": "manual_nominatim", "geocoding_tier": "9", "Journal": null, "is_provincia": null, "matched_parish": null, "matched_sestiere": null, "matched_lett": null, "all_doors": null }, "geometry": { "type": "Point", "coordinates": [ 12.3318999, 45.4326886 ] } },
{ "type": "Feature", "properties": { "Name": "Miotti dr. Prof. Tito", "Address": "Palazzo del Governo - S. Maurizio, fondamenta Zaguri 2662", "Location": null, "Category": null, "Role": "Membro", "Profession": "medico chirurgo", "Additional Info": "Divisione III.B", "page_num": "44", "source_file": "page_44_semantic.csv", "section": "government", "civic_num": null, "civic_lett": null, "sestiere_parsed": null, "parish_parsed": null, "sestiere_implied": "False", "match_note": "Manually geocoded via Nominatim lookup: Palazzo del Governo - S. Maurizio, fondamenta Zaguri 2662", "location_cleaned": null, "fail_reason": "no_civic_number", "nom_classification": "inside_venice", "nominatim_query": "Palazzo del Governo, Venezia, Italy", "nominatim_flagged": "False", "matched_lat": 45.4326886, "matched_lon": 12.3318999, "match_confidence": "manual_nominatim", "geocoding_tier": "9", "Journal": null, "is_provincia": null, "matched_parish": null, "matched_sestiere": null, "matched_lett": null, "all_doors": null }, "geometry": { "type": "Point", "coordinates": [ 12.3318999, 45.4326886 ] } },
{ "type": "Feature", "properties": { "Name": "Angelini dr. Prof. Valentino", "Address": "Palazzo del Governo - S. Maurizio, fondamenta Zaguri 2662", "Location": null, "Category": null, "Role": "Membro", "Profession": "medico pediatra", "Additional Info": "Divisione III.B", "page_num": "44", "source_file": "page_44_semantic.csv", "section": "government", "civic_num": null, "civic_lett": null, "sestiere_parsed": null, "parish_parsed": null, "sestiere_implied": "False", "match_note": "Manually geocoded via Nominatim lookup: Palazzo del Governo - S. Maurizio, fondamenta Zaguri 2662", "location_cleaned": null, "fail_reason": "no_civic_number", "nom_classification": "inside_venice", "nominatim_query": "Palazzo del Governo, Venezia, Italy", "nominatim_flagged": "False", "matched_lat": 45.4326886, "matched_lon": 12.3318999, "match_confidence": "manual_nominatim", "geocoding_tier": "9", "Journal": null, "is_provincia": null, "matched_parish": null, "matched_sestiere": null, "matched_lett": null, "all_doors": null }, "geometry": { "type": "Point", "coordinates": [ 12.3318999, 45.4326886 ] } },
{ "type": "Feature", "properties": { "Name": "Bandarini dr. Silvestro", "Address": "Palazzo del Governo - S. Maurizio, fondamenta Zaguri 2662", "Location": null, "Category": null, "Role": "Membro", "Profession": "esperto materie amministrative", "Additional Info": "Divisione III.B", "page_num": "44", "source_file": "page_44_semantic.csv", "section": "government", "civic_num": null, "civic_lett": null, "sestiere_parsed": null, "parish_parsed": null, "sestiere_implied": "False", "match_note": "Manually geocoded via Nominatim lookup: Palazzo del Governo - S. Maurizio, fondamenta Zaguri 2662", "location_cleaned": null, "fail_reason": "no_civic_number", "nom_classification": "inside_venice", "nominatim_query": "Palazzo del Governo, Venezia, Italy", "nominatim_flagged": "False", "matched_lat": 45.4326886, "matched_lon": 12.3318999, "match_confidence": "manual_nominatim", "geocoding_tier": "9", "Journal": null, "is_provincia": null, "matched_parish": null, "matched_sestiere": null, "matched_lett": null, "all_doors": null }, "geometry": { "type": "Point", "coordinates": [ 12.3318999, 45.4326886 ] } },
{ "type": "Feature", "properties": { "Name": "Cazzozzi dr. Antonio", "Address": "Palazzo del Governo - S. Maurizio, fondamenta Zaguri 2662", "Location": null, "Category": null, "Role": "Membro", "Profession": "esperto scienze guerriere", "Additional Info": "Divisione III.B", "page_num": "44", "source_file": "page_44_semantic.csv", "section": "government", "civic_num": null, "civic_lett": null, "sestiere_parsed": null, "parish_parsed": null, "sestiere_implied": "False", "match_note": "Manually geocoded via Nominatim lookup: Palazzo del Governo - S. Maurizio, fondamenta Zaguri 2662", "location_cleaned": null, "fail_reason": "no_civic_number", "nom_classification": "inside_venice", "nominatim_query": "Palazzo del Governo, Venezia, Italy", "nominatim_flagged": "False", "matched_lat": 45.4326886, "matched_lon": 12.3318999, "match_confidence": "manual_nominatim", "geocoding_tier": "9", "Journal": null, "is_provincia": null, "matched_parish": null, "matched_sestiere": null, "matched_lett": null, "all_doors": null }, "geometry": { "type": "Point", "coordinates": [ 12.3318999, 45.4326886 ] } },
{ "type": "Feature", "properties": { "Name": "Germain dr. Ulderico", "Address": "Palazzo del Governo - S. Maurizio, fondamenta Zaguri 2662", "Location": null, "Category": null, "Role": "Membro", "Profession": "colonnello medico", "Additional Info": "Divisione III.B", "page_num": "44", "source_file": "page_44_semantic.csv", "section": "government", "civic_num": null, "civic_lett": null, "sestiere_parsed": null, "parish_parsed": null, "sestiere_implied": "False", "match_note": "Manually geocoded via Nominatim lookup: Palazzo del Governo - S. Maurizio, fondamenta Zaguri 2662", "location_cleaned": null, "fail_reason": "no_civic_number", "nom_classification": "inside_venice", "nominatim_query": "Palazzo del Governo, Venezia, Italy", "nominatim_flagged": "False", "matched_lat": 45.4326886, "matched_lon": 12.3318999, "match_confidence": "manual_nominatim", "geocoding_tier": "9", "Journal": null, "is_provincia": null, "matched_parish": null, "matched_sestiere": null, "matched_lett": null, "all_doors": null }, "geometry": { "type": "Point", "coordinates": [ 12.3318999, 45.4326886 ] } },
{ "type": "Feature", "properties": { "Name": "Ori dr. prof. Angelo", "Address": "Palazzo del Governo - S. Maurizio, fondamenta Zaguri 2662", "Location": null, "Category": null, "Role": "Membro", "Profession": "rappresentante dei medici", "Additional Info": "Divisione III.B", "page_num": "44", "source_file": "page_44_semantic.csv", "section": "government", "civic_num": null, "civic_lett": null, "sestiere_parsed": null, "parish_parsed": null, "sestiere_implied": "False", "match_note": "Manually geocoded via Nominatim lookup: Palazzo del Governo - S. Maurizio, fondamenta Zaguri 2662", "location_cleaned": null, "fail_reason": "no_civic_number", "nom_classification": "inside_venice", "nominatim_query": "Palazzo del Governo, Venezia, Italy", "nominatim_flagged": "False", "matched_lat": 45.4326886, "matched_lon": 12.3318999, "match_confidence": "manual_nominatim", "geocoding_tier": "9", "Journal": null, "is_provincia": null, "matched_parish": null, "matched_sestiere": null, "matched_lett": null, "all_doors": null }, "geometry": { "type": "Point", "coordinates": [ 12.3318999, 45.4326886 ] } },
{ "type": "Feature", "properties": { "Name": "Romano dr. Aronne", "Address": "Palazzo del Governo - S. Maurizio, fondamenta Zaguri 2662", "Location": null, "Category": null, "Role": "Membro", "Profession": "rappresentante dei veterinari", "Additional Info": "Divisione III.B", "page_num": "44", "source_file": "page_44_semantic.csv", "section": "government", "civic_num": null, "civic_lett": null, "sestiere_parsed": null, "parish_parsed": null, "sestiere_implied": "False", "match_note": "Manually geocoded via Nominatim lookup: Palazzo del Governo - S. Maurizio, fondamenta Zaguri 2662", "location_cleaned": null, "fail_reason": "no_civic_number", "nom_classification": "inside_venice", "nominatim_query": "Palazzo del Governo, Venezia, Italy", "nominatim_flagged": "False", "matched_lat": 45.4326886, "matched_lon": 12.3318999, "match_confidence": "manual_nominatim", "geocoding_tier": "9", "Journal": null, "is_provincia": null, "matched_parish": null, "matched_sestiere": null, "matched_lett": null, "all_doors": null }, "geometry": { "type": "Point", "coordinates": [ 12.3318999, 45.4326886 ] } },
{ "type": "Feature", "properties": { "Name": "Gelmetti dr. mg. Antonio", "Address": "Palazzo del Governo - S. Maurizio, fondamenta Zaguri 2662", "Location": null, "Category": null, "Role": "Membro", "Profession": "-", "Additional Info": "Divisione III.B", "page_num": "44", "source_file": "page_44_semantic.csv", "section": "government", "civic_num": null, "civic_lett": null, "sestiere_parsed": null, "parish_parsed": null, "sestiere_implied": "False", "match_note": "Manually geocoded via Nominatim lookup: Palazzo del Governo - S. Maurizio, fondamenta Zaguri 2662", "location_cleaned": null, "fail_reason": "no_civic_number", "nom_classification": "inside_venice", "nominatim_query": "Palazzo del Governo, Venezia, Italy", "nominatim_flagged": "False", "matched_lat": 45.4326886, "matched_lon": 12.3318999, "match_confidence": "manual_nominatim", "geocoding_tier": "9", "Journal": null, "is_provincia": null, "matched_parish": null, "matched_sestiere": null, "matched_lett": null, "all_doors": null }, "geometry": { "type": "Point", "coordinates": [ 12.3318999, 45.4326886 ] } },
{ "type": "Feature", "properties": { "Name": "Mirza dr. Carlo", "Address": "Palazzo del Governo - S. Maurizio, fondamenta Zaguri 2662", "Location": null, "Category": null, "Role": "Segretario", "Profession": "-", "Additional Info": "Divisione III.B", "page_num": "44", "source_file": "page_44_semantic.csv", "section": "government", "civic_num": null, "civic_lett": null, "sestiere_parsed": null, "parish_parsed": null, "sestiere_implied": "False", "match_note": "Manually geocoded via Nominatim lookup: Palazzo del Governo - S. Maurizio, fondamenta Zaguri 2662", "location_cleaned": null, "fail_reason": "no_civic_number", "nom_classification": "inside_venice", "nominatim_query": "Palazzo del Governo, Venezia, Italy", "nominatim_flagged": "False", "matched_lat": 45.4326886, "matched_lon": 12.3318999, "match_confidence": "manual_nominatim", "geocoding_tier": "9", "Journal": null, "is_provincia": null, "matched_parish": null, "matched_sestiere": null, "matched_lett": null, "all_doors": null }, "geometry": { "type": "Point", "coordinates": [ 12.3318999, 45.4326886 ] } },
{ "type": "Feature", "properties": { "Name": "Martens cav. uff. rag. Carlo", "Address": "Via XXII Marzo n. 2834", "Location": "Palazzo Camera di Commercio", "Category": null, "Role": "Appalto: Società 'Trezza di Verona", "Profession": "Deputazione Borsa valori", "Additional Info": null, "page_num": "53", "source_file": "page_53_semantic.csv", "section": "government", "civic_num": null, "civic_lett": null, "sestiere_parsed": null, "parish_parsed": null, "sestiere_implied": "False", "match_note": "Manually geocoded via Nominatim lookup: Via XXII Marzo n. 2834", "location_cleaned": null, "fail_reason": "no_civic_number", "nom_classification": "inside_venice", "nominatim_query": "Palazzo Camera di Commercio, Venezia, Italy", "nominatim_flagged": "False", "matched_lat": 45.433766, "matched_lon": 12.333982, "match_confidence": "manual_nominatim", "geocoding_tier": "9", "Journal": null, "is_provincia": null, "matched_parish": null, "matched_sestiere": null, "matched_lett": null, "all_doors": null }, "geometry": { "type": "Point", "coordinates": [ 12.333982, 45.433766 ] } },
{ "type": "Feature", "properties": { "Name": "schiavoni Tullio", "Address": "Via XXII Marzo n. 2834", "Location": "Palazzo Camera di Commercio", "Category": null, "Role": "Membro effettivo", "Profession": "CAMERA DI COMMERCIO,  INDUSTRIA ED AGRICOLTURA", "Additional Info": null, "page_num": "53", "source_file": "page_53_semantic.csv", "section": "government", "civic_num": null, "civic_lett": null, "sestiere_parsed": null, "parish_parsed": null, "sestiere_implied": "False", "match_note": "Manually geocoded via Nominatim lookup: Via XXII Marzo n. 2834", "location_cleaned": null, "fail_reason": "no_civic_number", "nom_classification": "inside_venice", "nominatim_query": "Palazzo Camera di Commercio, Venezia, Italy", "nominatim_flagged": "False", "matched_lat": 45.433766, "matched_lon": 12.333982, "match_confidence": "manual_nominatim", "geocoding_tier": "9", "Journal": null, "is_provincia": null, "matched_parish": null, "matched_sestiere": null, "matched_lett": null, "all_doors": null }, "geometry": { "type": "Point", "coordinates": [ 12.333982, 45.433766 ] } },
{ "type": "Feature", "properties": { "Name": "Gianquinto dr. Antonio", "Address": "Via XXII Marzo n. 2834", "Location": "Palazzo Camera di Commercio", "Category": null, "Role": "Membro effettivo", "Profession": "CAMERA DI COMMERCIO,  INDUSTRIA ED AGRICOLTURA", "Additional Info": null, "page_num": "53", "source_file": "page_53_semantic.csv", "section": "government", "civic_num": null, "civic_lett": null, "sestiere_parsed": null, "parish_parsed": null, "sestiere_implied": "False", "match_note": "Manually geocoded via Nominatim lookup: Via XXII Marzo n. 2834", "location_cleaned": null, "fail_reason": "no_civic_number", "nom_classification": "inside_venice", "nominatim_query": "Palazzo Camera di Commercio, Venezia, Italy", "nominatim_flagged": "False", "matched_lat": 45.433766, "matched_lon": 12.333982, "match_confidence": "manual_nominatim", "geocoding_tier": "9", "Journal": null, "is_provincia": null, "matched_parish": null, "matched_sestiere": null, "matched_lett": null, "all_doors": null }, "geometry": { "type": "Point", "coordinates": [ 12.333982, 45.433766 ] } },
{ "type": "Feature", "properties": { "Name": "Boschi dr. Giovanni", "Address": "Via XXII Marzo n. 2834", "Location": "Palazzo Camera di Commercio", "Category": null, "Role": "Membro effettivo", "Profession": "CAMERA DI COMMERCIO,  INDUSTRIA ED AGRICOLTURA", "Additional Info": null, "page_num": "53", "source_file": "page_53_semantic.csv", "section": "government", "civic_num": null, "civic_lett": null, "sestiere_parsed": null, "parish_parsed": null, "sestiere_implied": "False", "match_note": "Manually geocoded via Nominatim lookup: Via XXII Marzo n. 2834", "location_cleaned": null, "fail_reason": "no_civic_number", "nom_classification": "inside_venice", "nominatim_query": "Palazzo Camera di Commercio, Venezia, Italy", "nominatim_flagged": "False", "matched_lat": 45.433766, "matched_lon": 12.333982, "match_confidence": "manual_nominatim", "geocoding_tier": "9", "Journal": null, "is_provincia": null, "matched_parish": null, "matched_sestiere": null, "matched_lett": null, "all_doors": null }, "geometry": { "type": "Point", "coordinates": [ 12.333982, 45.433766 ] } },
{ "type": "Feature", "properties": { "Name": "MarcheUo rag. Virgilio", "Address": "Via XXII Marzo n. 2834", "Location": "Palazzo Camera di Commercio", "Category": null, "Role": "Membro effettivo", "Profession": "CAMERA DI COMMERCIO,  INDUSTRIA ED AGRICOLTURA", "Additional Info": null, "page_num": "53", "source_file": "page_53_semantic.csv", "section": "government", "civic_num": null, "civic_lett": null, "sestiere_parsed": null, "parish_parsed": null, "sestiere_implied": "False", "match_note": "Manually geocoded via Nominatim lookup: Via XXII Marzo n. 2834", "location_cleaned": null, "fail_reason": "no_civic_number", "nom_classification": "inside_venice", "nominatim_query": "Palazzo Camera di Commercio, Venezia, Italy", "nominatim_flagged": "False", "matched_lat": 45.433766, "matched_lon": 12.333982, "match_confidence": "manual_nominatim", "geocoding_tier": "9", "Journal": null, "is_provincia": null, "matched_parish": null, "matched_sestiere": null, "matched_lett": null, "all_doors": null }, "geometry": { "type": "Point", "coordinates": [ 12.333982, 45.433766 ] } },
{ "type": "Feature", "properties": { "Name": "Zattera dr. Giovanni", "Address": "Via XXII Marzo n. 2834", "Location": "Palazzo Camera di Commercio", "Category": null, "Role": "Appalto: Società 'Trezza di Verona", "Profession": "Supplente", "Additional Info": null, "page_num": "53", "source_file": "page_53_semantic.csv", "section": "government", "civic_num": null, "civic_lett": null, "sestiere_parsed": null, "parish_parsed": null, "sestiere_implied": "False", "match_note": "Manually geocoded via Nominatim lookup: Via XXII Marzo n. 2834", "location_cleaned": null, "fail_reason": "no_civic_number", "nom_classification": "inside_venice", "nominatim_query": "Palazzo Camera di Commercio, Venezia, Italy", "nominatim_flagged": "False", "matched_lat": 45.433766, "matched_lon": 12.333982, "match_confidence": "manual_nominatim", "geocoding_tier": "9", "Journal": null, "is_provincia": null, "matched_parish": null, "matched_sestiere": null, "matched_lett": null, "all_doors": null }, "geometry": { "type": "Point", "coordinates": [ 12.333982, 45.433766 ] } },
{ "type": "Feature", "properties": { "Name": "Gianna rag. Giovanni", "Address": "Via XXII Marzo n. 2834", "Location": "Palazzo Camera di Commercio", "Category": null, "Role": "Appalto: Società 'Trezza di Verona", "Profession": "Supplente", "Additional Info": null, "page_num": "53", "source_file": "page_53_semantic.csv", "section": "government", "civic_num": null, "civic_lett": null, "sestiere_parsed": null, "parish_parsed": null, "sestiere_implied": "False", "match_note": "Manually geocoded via Nominatim lookup: Via XXII Marzo n. 2834", "location_cleaned": null, "fail_reason": "no_civic_number", "nom_classification": "inside_venice", "nominatim_query": "Palazzo Camera di Commercio, Venezia, Italy", "nominatim_flagged": "False", "matched_lat": 45.433766, "matched_lon": 12.333982, "match_confidence": "manual_nominatim", "geocoding_tier": "9", "Journal": null, "is_provincia": null, "matched_parish": null, "matched_sestiere": null, "matched_lett": null, "all_doors": null }, "geometry": { "type": "Point", "coordinates": [ 12.333982, 45.433766 ] } },
{ "type": "Feature", "properties": { "Name": "Dal Pahl dr. Giuseppe", "Address": "Via XXII Marzo n. 2834", "Location": "Palazzo Camera di Commercio", "Category": null, "Role": "Appalto: Società 'Trezza di Verona", "Profession": "Supplente", "Additional Info": null, "page_num": "53", "source_file": "page_53_semantic.csv", "section": "government", "civic_num": null, "civic_lett": null, "sestiere_parsed": null, "parish_parsed": null, "sestiere_implied": "False", "match_note": "Manually geocoded via Nominatim lookup: Via XXII Marzo n. 2834", "location_cleaned": null, "fail_reason": "no_civic_number", "nom_classification": "inside_venice", "nominatim_query": "Palazzo Camera di Commercio, Venezia, Italy", "nominatim_flagged": "False", "matched_lat": 45.433766, "matched_lon": 12.333982, "match_confidence": "manual_nominatim", "geocoding_tier": "9", "Journal": null, "is_provincia": null, "matched_parish": null, "matched_sestiere": null, "matched_lett": null, "all_doors": null }, "geometry": { "type": "Point", "coordinates": [ 12.333982, 45.433766 ] } },
{ "type": "Feature", "properties": { "Name": "Pellegrinotti cav. dr. Pietro", "Address": "Via XXII Marzo n. 2834", "Location": "Palazzo Camera di Commercio", "Category": null, "Role": "Presidente", "Profession": "Commissione del Listino", "Additional Info": null, "page_num": "53", "source_file": "page_53_semantic.csv", "section": "government", "civic_num": null, "civic_lett": null, "sestiere_parsed": null, "parish_parsed": null, "sestiere_implied": "False", "match_note": "Manually geocoded via Nominatim lookup: Via XXII Marzo n. 2834", "location_cleaned": null, "fail_reason": "no_civic_number", "nom_classification": "inside_venice", "nominatim_query": "Palazzo Camera di Commercio, Venezia, Italy", "nominatim_flagged": "False", "matched_lat": 45.433766, "matched_lon": 12.333982, "match_confidence": "manual_nominatim", "geocoding_tier": "9", "Journal": null, "is_provincia": null, "matched_parish": null, "matched_sestiere": null, "matched_lett": null, "all_doors": null }, "geometry": { "type": "Point", "coordinates": [ 12.333982, 45.433766 ] } },
{ "type": "Feature", "properties": { "Name": "Bellanca cav. Giovanni", "Address": "Via XXII Marzo n. 2834", "Location": "Palazzo Camera di Commercio", "Category": null, "Role": "Appalto: Società 'Trezza di Verona", "Profession": "Commissione del Listino", "Additional Info": null, "page_num": "53", "source_file": "page_53_semantic.csv", "section": "government", "civic_num": null, "civic_lett": null, "sestiere_parsed": null, "parish_parsed": null, "sestiere_implied": "False", "match_note": "Manually geocoded via Nominatim lookup: Via XXII Marzo n. 2834", "location_cleaned": null, "fail_reason": "no_civic_number", "nom_classification": "inside_venice", "nominatim_query": "Palazzo Camera di Commercio, Venezia, Italy", "nominatim_flagged": "False", "matched_lat": 45.433766, "matched_lon": 12.333982, "match_confidence": "manual_nominatim", "geocoding_tier": "9", "Journal": null, "is_provincia": null, "matched_parish": null, "matched_sestiere": null, "matched_lett": null, "all_doors": null }, "geometry": { "type": "Point", "coordinates": [ 12.333982, 45.433766 ] } },
{ "type": "Feature", "properties": { "Name": "Ghislieri rag. Giorgio", "Address": "Via XXII Marzo n. 2834", "Location": "Palazzo Camera di Commercio", "Category": null, "Role": "Appalto: Società 'Trezza di Verona", "Profession": "Commissione del Listino", "Additional Info": null, "page_num": "53", "source_file": "page_53_semantic.csv", "section": "government", "civic_num": null, "civic_lett": null, "sestiere_parsed": null, "parish_parsed": null, "sestiere_implied": "False", "match_note": "Manually geocoded via Nominatim lookup: Via XXII Marzo n. 2834", "location_cleaned": null, "fail_reason": "no_civic_number", "nom_classification": "inside_venice", "nominatim_query": "Palazzo Camera di Commercio, Venezia, Italy", "nominatim_flagged": "False", "matched_lat": 45.433766, "matched_lon": 12.333982, "match_confidence": "manual_nominatim", "geocoding_tier": "9", "Journal": null, "is_provincia": null, "matched_parish": null, "matched_sestiere": null, "matched_lett": null, "all_doors": null }, "geometry": { "type": "Point", "coordinates": [ 12.333982, 45.433766 ] } },
{ "type": "Feature", "properties": { "Name": "Squarzig cav. Alessandro", "Address": "Via XXII Marzo n. 2834", "Location": "Palazzo Camera di Commercio", "Category": null, "Role": "Appalto: Società 'Trezza di Verona", "Profession": "Commissione del Listino", "Additional Info": null, "page_num": "53", "source_file": "page_53_semantic.csv", "section": "government", "civic_num": null, "civic_lett": null, "sestiere_parsed": null, "parish_parsed": null, "sestiere_implied": "False", "match_note": "Manually geocoded via Nominatim lookup: Via XXII Marzo n. 2834", "location_cleaned": null, "fail_reason": "no_civic_number", "nom_classification": "inside_venice", "nominatim_query": "Palazzo Camera di Commercio, Venezia, Italy", "nominatim_flagged": "False", "matched_lat": 45.433766, "matched_lon": 12.333982, "match_confidence": "manual_nominatim", "geocoding_tier": "9", "Journal": null, "is_provincia": null, "matched_parish": null, "matched_sestiere": null, "matched_lett": null, "all_doors": null }, "geometry": { "type": "Point", "coordinates": [ 12.333982, 45.433766 ] } },
{ "type": "Feature", "properties": { "Name": "Tamburlini Giuseppe", "Address": "Via XXII Marzo n. 2834", "Location": "Palazzo Camera di Commercio", "Category": null, "Role": "Appalto: Società 'Trezza di Verona", "Profession": "Commissione del Listino", "Additional Info": null, "page_num": "53", "source_file": "page_53_semantic.csv", "section": "government", "civic_num": null, "civic_lett": null, "sestiere_parsed": null, "parish_parsed": null, "sestiere_implied": "False", "match_note": "Manually geocoded via Nominatim lookup: Via XXII Marzo n. 2834", "location_cleaned": null, "fail_reason": "no_civic_number", "nom_classification": "inside_venice", "nominatim_query": "Palazzo Camera di Commercio, Venezia, Italy", "nominatim_flagged": "False", "matched_lat": 45.433766, "matched_lon": 12.333982, "match_confidence": "manual_nominatim", "geocoding_tier": "9", "Journal": null, "is_provincia": null, "matched_parish": null, "matched_sestiere": null, "matched_lett": null, "all_doors": null }, "geometry": { "type": "Point", "coordinates": [ 12.333982, 45.433766 ] } },
{ "type": "Feature", "properties": { "Name": "Pr. Ettore Da Molin", "Address": "Via XXII Marzo n. 2834", "Location": "Palazzo Camera di Commercio", "Category": null, "Role": "Presidente", "Profession": "Padova", "Additional Info": null, "page_num": "53", "source_file": "page_53_semantic.csv", "section": "government", "civic_num": null, "civic_lett": null, "sestiere_parsed": null, "parish_parsed": null, "sestiere_implied": "False", "match_note": "Manually geocoded via Nominatim lookup: Via XXII Marzo n. 2834", "location_cleaned": null, "fail_reason": "no_civic_number", "nom_classification": "inside_venice", "nominatim_query": "Palazzo Camera di Commercio, Venezia, Italy", "nominatim_flagged": "False", "matched_lat": 45.433766, "matched_lon": 12.333982, "match_confidence": "manual_nominatim", "geocoding_tier": "9", "Journal": null, "is_provincia": null, "matched_parish": null, "matched_sestiere": null, "matched_lett": null, "all_doors": null }, "geometry": { "type": "Point", "coordinates": [ 12.333982, 45.433766 ] } },
{ "type": "Feature", "properties": { "Name": "Avv. Gastone Polacco", "Address": "Via XXII Marzo n. 2834", "Location": "Ruga de Pozzi", "Category": null, "Role": "Segretario", "Profession": "UNIONE REGIONALE CAMERE DI COMMERCIO DELLE VENEZIE", "Additional Info": null, "page_num": "53", "source_file": "page_53_semantic.csv", "section": "government", "civic_num": null, "civic_lett": null, "sestiere_parsed": null, "parish_parsed": null, "sestiere_implied": "False", "match_note": "Manually geocoded via Nominatim lookup: Via XXII Marzo n. 2834", "location_cleaned": null, "fail_reason": "no_civic_number", "nom_classification": "inside_venice", "nominatim_query": null, "nominatim_flagged": "False", "matched_lat": 45.433766, "matched_lon": 12.333982, "match_confidence": "manual_nominatim", "geocoding_tier": "9", "Journal": null, "is_provincia": null, "matched_parish": null, "matched_sestiere": null, "matched_lett": null, "all_doors": null }, "geometry": { "type": "Point", "coordinates": [ 12.333982, 45.433766 ] } },
{ "type": "Feature", "properties": { "Name": "Lardera rag. Ettore", "Address": "Via XXII Marzo n. 2834", "Location": "Palazzo Camera di Commercio", "Category": null, "Role": "Capo Ufficio", "Profession": "ISTITUTO NAZIONALE PER IL COMMERCIO ESTERO", "Additional Info": null, "page_num": "53", "source_file": "page_53_semantic.csv", "section": "government", "civic_num": null, "civic_lett": null, "sestiere_parsed": null, "parish_parsed": null, "sestiere_implied": "False", "match_note": "Manually geocoded via Nominatim lookup: Via XXII Marzo n. 2834", "location_cleaned": null, "fail_reason": "no_civic_number", "nom_classification": "inside_venice", "nominatim_query": "Palazzo Camera di Commercio, Venezia, Italy", "nominatim_flagged": "False", "matched_lat": 45.433766, "matched_lon": 12.333982, "match_confidence": "manual_nominatim", "geocoding_tier": "9", "Journal": null, "is_provincia": null, "matched_parish": null, "matched_sestiere": null, "matched_lett": null, "all_doors": null }, "geometry": { "type": "Point", "coordinates": [ 12.333982, 45.433766 ] } },
{ "type": "Feature", "properties": { "Name": "Mezza dr. uff. dr. Oreste", "Address": "Fondamenta S. Lorenzo n. 1355", "Location": "Palazzo Camera di Commercio", "Category": null, "Role": "Questore", "Profession": "Questura", "Additional Info": null, "page_num": "53", "source_file": "page_53_semantic.csv", "section": "government", "civic_num": null, "civic_lett": null, "sestiere_parsed": null, "parish_parsed": null, "sestiere_implied": "False", "match_note": "Manually geocoded via Nominatim lookup: Fondamenta S. Lorenzo n. 1355", "location_cleaned": null, "fail_reason": "no_civic_number", "nom_classification": "inside_venice", "nominatim_query": "Palazzo Camera di Commercio, Venezia, Italy", "nominatim_flagged": "False", "matched_lat": 45.4365087, "matched_lon": 12.3442665, "match_confidence": "manual_nominatim", "geocoding_tier": "9", "Journal": null, "is_provincia": null, "matched_parish": null, "matched_sestiere": null, "matched_lett": null, "all_doors": null }, "geometry": { "type": "Point", "coordinates": [ 12.3442665, 45.4365087 ] } },
{ "type": "Feature", "properties": { "Name": "Palmisano Comm. dr. Luigi", "Address": "Fondamenta S. Lorenzo n. 1355", "Location": "Palazzo Camera di Commercio", "Category": null, "Role": "Vice Questore", "Profession": "Questura", "Additional Info": null, "page_num": "53", "source_file": "page_53_semantic.csv", "section": "government", "civic_num": null, "civic_lett": null, "sestiere_parsed": null, "parish_parsed": null, "sestiere_implied": "False", "match_note": "Manually geocoded via Nominatim lookup: Fondamenta S. Lorenzo n. 1355", "location_cleaned": null, "fail_reason": "no_civic_number", "nom_classification": "inside_venice", "nominatim_query": "Palazzo Camera di Commercio, Venezia, Italy", "nominatim_flagged": "False", "matched_lat": 45.4365087, "matched_lon": 12.3442665, "match_confidence": "manual_nominatim", "geocoding_tier": "9", "Journal": null, "is_provincia": null, "matched_parish": null, "matched_sestiere": null, "matched_lett": null, "all_doors": null }, "geometry": { "type": "Point", "coordinates": [ 12.3442665, 45.4365087 ] } },
{ "type": "Feature", "properties": { "Name": "Comm. Agg. Serta dr. Angelo", "Address": "Fondamenta S. Lorenzo n. 1355", "Location": "Palazzo Camera di Commercio", "Category": null, "Role": "Capo Gabinetto", "Profession": "Divisione I.a", "Additional Info": null, "page_num": "53", "source_file": "page_53_semantic.csv", "section": "government", "civic_num": null, "civic_lett": null, "sestiere_parsed": null, "parish_parsed": null, "sestiere_implied": "False", "match_note": "Manually geocoded via Nominatim lookup: Fondamenta S. Lorenzo n. 1355", "location_cleaned": null, "fail_reason": "no_civic_number", "nom_classification": "inside_venice", "nominatim_query": "Palazzo Camera di Commercio, Venezia, Italy", "nominatim_flagged": "False", "matched_lat": 45.4365087, "matched_lon": 12.3442665, "match_confidence": "manual_nominatim", "geocoding_tier": "9", "Journal": null, "is_provincia": null, "matched_parish": null, "matched_sestiere": null, "matched_lett": null, "all_doors": null }, "geometry": { "type": "Point", "coordinates": [ 12.3442665, 45.4365087 ] } },
{ "type": "Feature", "properties": { "Name": "V. Comm. Turr dr. Davide", "Address": "Fondamenta S. Lorenzo n. 1355", "Location": "Palazzo Camera di Commercio", "Category": null, "Role": "Addetto Gabinetto", "Profession": "Divisione I.a", "Additional Info": null, "page_num": "53", "source_file": "page_53_semantic.csv", "section": "government", "civic_num": null, "civic_lett": null, "sestiere_parsed": null, "parish_parsed": null, "sestiere_implied": "False", "match_note": "Manually geocoded via Nominatim lookup: Fondamenta S. Lorenzo n. 1355", "location_cleaned": null, "fail_reason": "no_civic_number", "nom_classification": "inside_venice", "nominatim_query": "Palazzo Camera di Commercio, Venezia, Italy", "nominatim_flagged": "False", "matched_lat": 45.4365087, "matched_lon": 12.3442665, "match_confidence": "manual_nominatim", "geocoding_tier": "9", "Journal": null, "is_provincia": null, "matched_parish": null, "matched_sestiere": null, "matched_lett": null, "all_doors": null }, "geometry": { "type": "Point", "coordinates": [ 12.3442665, 45.4365087 ] } },
{ "type": "Feature", "properties": { "Name": "V. Comm. Urbano dr. Vincenzo", "Address": "Fondamenta S. Lorenzo n. 1355", "Location": "Palazzo Camera di Commercio", "Category": null, "Role": "Dirigente", "Profession": "Ufficio Politico", "Additional Info": null, "page_num": "53", "source_file": "page_53_semantic.csv", "section": "government", "civic_num": null, "civic_lett": null, "sestiere_parsed": null, "parish_parsed": null, "sestiere_implied": "False", "match_note": "Manually geocoded via Nominatim lookup: Fondamenta S. Lorenzo n. 1355", "location_cleaned": null, "fail_reason": "no_civic_number", "nom_classification": "inside_venice", "nominatim_query": "Palazzo Camera di Commercio, Venezia, Italy", "nominatim_flagged": "False", "matched_lat": 45.4365087, "matched_lon": 12.3442665, "match_confidence": "manual_nominatim", "geocoding_tier": "9", "Journal": null, "is_provincia": null, "matched_parish": null, "matched_sestiere": null, "matched_lett": null, "all_doors": null }, "geometry": { "type": "Point", "coordinates": [ 12.3442665, 45.4365087 ] } },
{ "type": "Feature", "properties": { "Name": "V. Comm. Agg. Martorana dr. Celestino", "Address": "Fondamenta S. Lorenzo n. 1355", "Location": "Palazzo Camera di Commercio", "Category": null, "Role": "Addetto", "Profession": "Ufficio Politico", "Additional Info": null, "page_num": "53", "source_file": "page_53_semantic.csv", "section": "government", "civic_num": null, "civic_lett": null, "sestiere_parsed": null, "parish_parsed": null, "sestiere_implied": "False", "match_note": "Manually geocoded via Nominatim lookup: Fondamenta S. Lorenzo n. 1355", "location_cleaned": null, "fail_reason": "no_civic_number", "nom_classification": "inside_venice", "nominatim_query": "Palazzo Camera di Commercio, Venezia, Italy", "nominatim_flagged": "False", "matched_lat": 45.4365087, "matched_lon": 12.3442665, "match_confidence": "manual_nominatim", "geocoding_tier": "9", "Journal": null, "is_provincia": null, "matched_parish": null, "matched_sestiere": null, "matched_lett": null, "all_doors": null }, "geometry": { "type": "Point", "coordinates": [ 12.3442665, 45.4365087 ] } },
{ "type": "Feature", "properties": { "Name": "V. Comm. Agg. Zaurno dr. Giovanni", "Address": "Fondamenta S. Lorenzo n. 1355", "Location": "Palazzo Camera di Commercio", "Category": null, "Role": "Addetto", "Profession": "Ufficio Politico", "Additional Info": null, "page_num": "53", "source_file": "page_53_semantic.csv", "section": "government", "civic_num": null, "civic_lett": null, "sestiere_parsed": null, "parish_parsed": null, "sestiere_implied": "False", "match_note": "Manually geocoded via Nominatim lookup: Fondamenta S. Lorenzo n. 1355", "location_cleaned": null, "fail_reason": "no_civic_number", "nom_classification": "inside_venice", "nominatim_query": "Palazzo Camera di Commercio, Venezia, Italy", "nominatim_flagged": "False", "matched_lat": 45.4365087, "matched_lon": 12.3442665, "match_confidence": "manual_nominatim", "geocoding_tier": "9", "Journal": null, "is_provincia": null, "matched_parish": null, "matched_sestiere": null, "matched_lett": null, "all_doors": null }, "geometry": { "type": "Point", "coordinates": [ 12.3442665, 45.4365087 ] } },
{ "type": "Feature", "properties": { "Name": "Grazzi dr. Giovanni", "Address": "Fondamenta S. Lorenzo n. 1355", "Location": "Palazzo Camera di Commercio", "Category": null, "Role": "Ufficio Stranieri", "Profession": "Comm. Agg.", "Additional Info": null, "page_num": "53", "source_file": "page_53_semantic.csv", "section": "government", "civic_num": null, "civic_lett": null, "sestiere_parsed": null, "parish_parsed": null, "sestiere_implied": "False", "match_note": "Manually geocoded via Nominatim lookup: Fondamenta S. Lorenzo n. 1355", "location_cleaned": null, "fail_reason": "no_civic_number", "nom_classification": "inside_venice", "nominatim_query": "Palazzo Camera di Commercio, Venezia, Italy", "nominatim_flagged": "False", "matched_lat": 45.4365087, "matched_lon": 12.3442665, "match_confidence": "manual_nominatim", "geocoding_tier": "9", "Journal": null, "is_provincia": null, "matched_parish": null, "matched_sestiere": null, "matched_lett": null, "all_doors": null }, "geometry": { "type": "Point", "coordinates": [ 12.3442665, 45.4365087 ] } },
{ "type": "Feature", "properties": { "Name": "Comm. Vianelli dr. Umberto", "Address": "Fondamenta S. Lorenzo n. 1355", "Location": "Palazzo Camera di Commercio", "Category": null, "Role": "Dirigente", "Profession": "Divisione II.a", "Additional Info": null, "page_num": "53", "source_file": "page_53_semantic.csv", "section": "government", "civic_num": null, "civic_lett": null, "sestiere_parsed": null, "parish_parsed": null, "sestiere_implied": "False", "match_note": "Manually geocoded via Nominatim lookup: Fondamenta S. Lorenzo n. 1355", "location_cleaned": null, "fail_reason": "no_civic_number", "nom_classification": "inside_venice", "nominatim_query": "Palazzo Camera di Commercio, Venezia, Italy", "nominatim_flagged": "False", "matched_lat": 45.4365087, "matched_lon": 12.3442665, "match_confidence": "manual_nominatim", "geocoding_tier": "9", "Journal": null, "is_provincia": null, "matched_parish": null, "matched_sestiere": null, "matched_lett": null, "all_doors": null }, "geometry": { "type": "Point", "coordinates": [ 12.3442665, 45.4365087 ] } },
{ "type": "Feature", "properties": { "Name": "Comm. Dattilo dr. Gustavo", "Address": "Fondamenta S. Lorenzo n. 1355", "Location": "Palazzo Camera di Commercio", "Category": null, "Role": "Dirigente", "Profession": "Squadra Mobile", "Additional Info": null, "page_num": "53", "source_file": "page_53_semantic.csv", "section": "government", "civic_num": null, "civic_lett": null, "sestiere_parsed": null, "parish_parsed": null, "sestiere_implied": "False", "match_note": "Manually geocoded via Nominatim lookup: Fondamenta S. Lorenzo n. 1355", "location_cleaned": null, "fail_reason": "no_civic_number", "nom_classification": "inside_venice", "nominatim_query": "Palazzo Camera di Commercio, Venezia, Italy", "nominatim_flagged": "False", "matched_lat": 45.4365087, "matched_lon": 12.3442665, "match_confidence": "manual_nominatim", "geocoding_tier": "9", "Journal": null, "is_provincia": null, "matched_parish": null, "matched_sestiere": null, "matched_lett": null, "all_doors": null }, "geometry": { "type": "Point", "coordinates": [ 12.3442665, 45.4365087 ] } },
{ "type": "Feature", "properties": { "Name": "V. Comm. Musumeci dr. Angelo", "Address": "Fondamenta S. Lorenzo n. 1355", "Location": "Palazzo Camera di Commercio", "Category": null, "Role": "Addetto", "Profession": "Seconda Divisione", "Additional Info": null, "page_num": "53", "source_file": "page_53_semantic.csv", "section": "government", "civic_num": null, "civic_lett": null, "sestiere_parsed": null, "parish_parsed": null, "sestiere_implied": "False", "match_note": "Manually geocoded via Nominatim lookup: Fondamenta S. Lorenzo n. 1355", "location_cleaned": null, "fail_reason": "no_civic_number", "nom_classification": "inside_venice", "nominatim_query": "Palazzo Camera di Commercio, Venezia, Italy", "nominatim_flagged": "False", "matched_lat": 45.4365087, "matched_lon": 12.3442665, "match_confidence": "manual_nominatim", "geocoding_tier": "9", "Journal": null, "is_provincia": null, "matched_parish": null, "matched_sestiere": null, "matched_lett": null, "all_doors": null }, "geometry": { "type": "Point", "coordinates": [ 12.3442665, 45.4365087 ] } },
{ "type": "Feature", "properties": { "Name": "V. Comm. Agg. Gebillia dr. Dante", "Address": "Fondamenta S. Lorenzo n. 1355", "Location": "Palazzo Camera di Commercio", "Category": null, "Role": "Addetto", "Profession": "Squadra Mobile", "Additional Info": null, "page_num": "53", "source_file": "page_53_semantic.csv", "section": "government", "civic_num": null, "civic_lett": null, "sestiere_parsed": null, "parish_parsed": null, "sestiere_implied": "False", "match_note": "Manually geocoded via Nominatim lookup: Fondamenta S. Lorenzo n. 1355", "location_cleaned": null, "fail_reason": "no_civic_number", "nom_classification": "inside_venice", "nominatim_query": "Palazzo Camera di Commercio, Venezia, Italy", "nominatim_flagged": "False", "matched_lat": 45.4365087, "matched_lon": 12.3442665, "match_confidence": "manual_nominatim", "geocoding_tier": "9", "Journal": null, "is_provincia": null, "matched_parish": null, "matched_sestiere": null, "matched_lett": null, "all_doors": null }, "geometry": { "type": "Point", "coordinates": [ 12.3442665, 45.4365087 ] } },
{ "type": "Feature", "properties": { "Name": "V. Comm. Agg. Giorgio dr. Bernardino", "Address": "Fondamenta S. Lorenzo n. 1355", "Location": "Palazzo Camera di Commercio", "Category": null, "Role": "Addetto", "Profession": "Squadra Mobile", "Additional Info": null, "page_num": "53", "source_file": "page_53_semantic.csv", "section": "government", "civic_num": null, "civic_lett": null, "sestiere_parsed": null, "parish_parsed": null, "sestiere_implied": "False", "match_note": "Manually geocoded via Nominatim lookup: Fondamenta S. Lorenzo n. 1355", "location_cleaned": null, "fail_reason": "no_civic_number", "nom_classification": "inside_venice", "nominatim_query": "Palazzo Camera di Commercio, Venezia, Italy", "nominatim_flagged": "False", "matched_lat": 45.4365087, "matched_lon": 12.3442665, "match_confidence": "manual_nominatim", "geocoding_tier": "9", "Journal": null, "is_provincia": null, "matched_parish": null, "matched_sestiere": null, "matched_lett": null, "all_doors": null }, "geometry": { "type": "Point", "coordinates": [ 12.3442665, 45.4365087 ] } },
{ "type": "Feature", "properties": { "Name": "Comm. Agg. Di Rienzo dr. Pasquale", "Address": "Fondamenta S. Lorenzo n. 1355", "Location": "Palazzo Camera di Commercio", "Category": null, "Role": "Dirigente", "Profession": "Divisione III.a", "Additional Info": null, "page_num": "53", "source_file": "page_53_semantic.csv", "section": "government", "civic_num": null, "civic_lett": null, "sestiere_parsed": null, "parish_parsed": null, "sestiere_implied": "False", "match_note": "Manually geocoded via Nominatim lookup: Fondamenta S. Lorenzo n. 1355", "location_cleaned": null, "fail_reason": "no_civic_number", "nom_classification": "inside_venice", "nominatim_query": "Palazzo Camera di Commercio, Venezia, Italy", "nominatim_flagged": "False", "matched_lat": 45.4365087, "matched_lon": 12.3442665, "match_confidence": "manual_nominatim", "geocoding_tier": "9", "Journal": null, "is_provincia": null, "matched_parish": null, "matched_sestiere": null, "matched_lett": null, "all_doors": null }, "geometry": { "type": "Point", "coordinates": [ 12.3442665, 45.4365087 ] } },
{ "type": "Feature", "properties": { "Name": "Licari Cav. Giovanni", "Address": "Fondamenta S. Lorenzo n. 1355", "Location": "Palazzo Camera di Commercio", "Category": null, "Role": "Comandante", "Profession": "Maggiore di P.S. in S.P.E.", "Additional Info": null, "page_num": "53", "source_file": "page_53_semantic.csv", "section": "government", "civic_num": null, "civic_lett": null, "sestiere_parsed": null, "parish_parsed": null, "sestiere_implied": "False", "match_note": "Manually geocoded via Nominatim lookup: Fondamenta S. Lorenzo n. 1355", "location_cleaned": null, "fail_reason": "no_civic_number", "nom_classification": "inside_venice", "nominatim_query": "Palazzo Camera di Commercio, Venezia, Italy", "nominatim_flagged": "False", "matched_lat": 45.4365087, "matched_lon": 12.3442665, "match_confidence": "manual_nominatim", "geocoding_tier": "9", "Journal": null, "is_provincia": null, "matched_parish": null, "matched_sestiere": null, "matched_lett": null, "all_doors": null }, "geometry": { "type": "Point", "coordinates": [ 12.3442665, 45.4365087 ] } },
{ "type": "Feature", "properties": { "Name": "Maffei Sig. Giuseppe", "Address": "Fondamenta S. Lorenzo n. 1355", "Location": "Palazzo Camera di Commercio", "Category": null, "Role": "V. Comandante", "Profession": "Capitano di P.S. in S.P.E.", "Additional Info": null, "page_num": "53", "source_file": "page_53_semantic.csv", "section": "government", "civic_num": null, "civic_lett": null, "sestiere_parsed": null, "parish_parsed": null, "sestiere_implied": "False", "match_note": "Manually geocoded via Nominatim lookup: Fondamenta S. Lorenzo n. 1355", "location_cleaned": null, "fail_reason": "no_civic_number", "nom_classification": "inside_venice", "nominatim_query": "Palazzo Camera di Commercio, Venezia, Italy", "nominatim_flagged": "False", "matched_lat": 45.4365087, "matched_lon": 12.3442665, "match_confidence": "manual_nominatim", "geocoding_tier": "9", "Journal": null, "is_provincia": null, "matched_parish": null, "matched_sestiere": null, "matched_lett": null, "all_doors": null }, "geometry": { "type": "Point", "coordinates": [ 12.3442665, 45.4365087 ] } },
{ "type": "Feature", "properties": { "Name": "Del Donno Cav. Gaetano", "Address": "Fondamenta S. Lorenzo n. 1355", "Location": "Palazzo Camera di Commercio", "Category": null, "Role": "Comandante", "Profession": "Capitano di P.S. in S.P.E.", "Additional Info": null, "page_num": "53", "source_file": "page_53_semantic.csv", "section": "government", "civic_num": null, "civic_lett": null, "sestiere_parsed": null, "parish_parsed": null, "sestiere_implied": "False", "match_note": "Manually geocoded via Nominatim lookup: Fondamenta S. Lorenzo n. 1355", "location_cleaned": null, "fail_reason": "no_civic_number", "nom_classification": "inside_venice", "nominatim_query": "Palazzo Camera di Commercio, Venezia, Italy", "nominatim_flagged": "False", "matched_lat": 45.4365087, "matched_lon": 12.3442665, "match_confidence": "manual_nominatim", "geocoding_tier": "9", "Journal": null, "is_provincia": null, "matched_parish": null, "matched_sestiere": null, "matched_lett": null, "all_doors": null }, "geometry": { "type": "Point", "coordinates": [ 12.3442665, 45.4365087 ] } },
{ "type": "Feature", "properties": { "Name": "Comm. Piozzi Giancane dr. Federico", "Address": "Fondamenta S. Lorenzo n. 1355", "Location": "Palazzo Camera di Commercio", "Category": null, "Role": "Dirigente", "Profession": "Commissariato di S. Marco", "Additional Info": null, "page_num": "53", "source_file": "page_53_semantic.csv", "section": "government", "civic_num": null, "civic_lett": null, "sestiere_parsed": null, "parish_parsed": null, "sestiere_implied": "False", "match_note": "Manually geocoded via Nominatim lookup: Fondamenta S. Lorenzo n. 1355", "location_cleaned": null, "fail_reason": "no_civic_number", "nom_classification": "inside_venice", "nominatim_query": "Palazzo Camera di Commercio, Venezia, Italy", "nominatim_flagged": "False", "matched_lat": 45.4365087, "matched_lon": 12.3442665, "match_confidence": "manual_nominatim", "geocoding_tier": "9", "Journal": null, "is_provincia": null, "matched_parish": null, "matched_sestiere": null, "matched_lett": null, "all_doors": null }, "geometry": { "type": "Point", "coordinates": [ 12.3442665, 45.4365087 ] } },
{ "type": "Feature", "properties": { "Name": "Comm. Ianellini dr. Donenno", "Address": "Fondamenta S. Lorenzo n. 1355", "Location": "Palazzo Camera di Commercio", "Category": null, "Role": "Dirigente", "Profession": "Commissariato di Cannaregio", "Additional Info": null, "page_num": "53", "source_file": "page_53_semantic.csv", "section": "government", "civic_num": null, "civic_lett": null, "sestiere_parsed": null, "parish_parsed": null, "sestiere_implied": "False", "match_note": "Manually geocoded via Nominatim lookup: Fondamenta S. Lorenzo n. 1355", "location_cleaned": null, "fail_reason": "no_civic_number", "nom_classification": "inside_venice", "nominatim_query": "Palazzo Camera di Commercio, Venezia, Italy", "nominatim_flagged": "False", "matched_lat": 45.4365087, "matched_lon": 12.3442665, "match_confidence": "manual_nominatim", "geocoding_tier": "9", "Journal": null, "is_provincia": null, "matched_parish": null, "matched_sestiere": null, "matched_lett": null, "all_doors": null }, "geometry": { "type": "Point", "coordinates": [ 12.3442665, 45.4365087 ] } },
{ "type": "Feature", "properties": { "Name": "Comm. Capo Venuto Cav. Uff. Domenico", "Address": "Fondamenta S. Lorenzo n. 1355", "Location": "Palazzo Camera di Commercio", "Category": null, "Role": "Dirigente", "Profession": "Commissariato di S. Polo e S. Croce", "Additional Info": null, "page_num": "53", "source_file": "page_53_semantic.csv", "section": "government", "civic_num": null, "civic_lett": null, "sestiere_parsed": null, "parish_parsed": null, "sestiere_implied": "False", "match_note": "Manually geocoded via Nominatim lookup: Fondamenta S. Lorenzo n. 1355", "location_cleaned": null, "fail_reason": "no_civic_number", "nom_classification": "inside_venice", "nominatim_query": "Palazzo Camera di Commercio, Venezia, Italy", "nominatim_flagged": "False", "matched_lat": 45.4365087, "matched_lon": 12.3442665, "match_confidence": "manual_nominatim", "geocoding_tier": "9", "Journal": null, "is_provincia": null, "matched_parish": null, "matched_sestiere": null, "matched_lett": null, "all_doors": null }, "geometry": { "type": "Point", "coordinates": [ 12.3442665, 45.4365087 ] } },
{ "type": "Feature", "properties": { "Name": "V. Comm. Cavvari dr. Tommaso", "Address": "Fondamenta S. Lorenzo n. 1355", "Location": "Palazzo Camera di Commercio", "Category": null, "Role": "Dirigente", "Profession": "Commissariato di Castello", "Additional Info": null, "page_num": "53", "source_file": "page_53_semantic.csv", "section": "government", "civic_num": null, "civic_lett": null, "sestiere_parsed": null, "parish_parsed": null, "sestiere_implied": "False", "match_note": "Manually geocoded via Nominatim lookup: Fondamenta S. Lorenzo n. 1355", "location_cleaned": null, "fail_reason": "no_civic_number", "nom_classification": "inside_venice", "nominatim_query": "Palazzo Camera di Commercio, Venezia, Italy", "nominatim_flagged": "False", "matched_lat": 45.4365087, "matched_lon": 12.3442665, "match_confidence": "manual_nominatim", "geocoding_tier": "9", "Journal": null, "is_provincia": null, "matched_parish": null, "matched_sestiere": null, "matched_lett": null, "all_doors": null }, "geometry": { "type": "Point", "coordinates": [ 12.3442665, 45.4365087 ] } },
{ "type": "Feature", "properties": { "Name": "Comm. Morsolin dr. Vittorio", "Address": "Fondamenta S. Lorenzo n. 1355", "Location": "Palazzo Camera di Commercio", "Category": null, "Role": "Dirigente", "Profession": "Commissariato di Dorsoduro", "Additional Info": null, "page_num": "53", "source_file": "page_53_semantic.csv", "section": "government", "civic_num": null, "civic_lett": null, "sestiere_parsed": null, "parish_parsed": null, "sestiere_implied": "False", "match_note": "Manually geocoded via Nominatim lookup: Fondamenta S. Lorenzo n. 1355", "location_cleaned": null, "fail_reason": "no_civic_number", "nom_classification": "inside_venice", "nominatim_query": "Palazzo Camera di Commercio, Venezia, Italy", "nominatim_flagged": "False", "matched_lat": 45.4365087, "matched_lon": 12.3442665, "match_confidence": "manual_nominatim", "geocoding_tier": "9", "Journal": null, "is_provincia": null, "matched_parish": null, "matched_sestiere": null, "matched_lett": null, "all_doors": null }, "geometry": { "type": "Point", "coordinates": [ 12.3442665, 45.4365087 ] } },
{ "type": "Feature", "properties": { "Name": "Comm. Agg. Bruno dr. Oscar", "Address": "Fondamenta S. Lorenzo n. 1355", "Location": "Palazzo Camera di Commercio", "Category": null, "Role": "Dirigente", "Profession": "Commissariato di S. Elena", "Additional Info": null, "page_num": "53", "source_file": "page_53_semantic.csv", "section": "government", "civic_num": null, "civic_lett": null, "sestiere_parsed": null, "parish_parsed": null, "sestiere_implied": "False", "match_note": "Manually geocoded via Nominatim lookup: Fondamenta S. Lorenzo n. 1355", "location_cleaned": null, "fail_reason": "no_civic_number", "nom_classification": "inside_venice", "nominatim_query": "Palazzo Camera di Commercio, Venezia, Italy", "nominatim_flagged": "False", "matched_lat": 45.4365087, "matched_lon": 12.3442665, "match_confidence": "manual_nominatim", "geocoding_tier": "9", "Journal": null, "is_provincia": null, "matched_parish": null, "matched_sestiere": null, "matched_lett": null, "all_doors": null }, "geometry": { "type": "Point", "coordinates": [ 12.3442665, 45.4365087 ] } },
{ "type": "Feature", "properties": { "Name": "Fazzani Antonio", "Address": "V E N E Z I A - S. LIO", "Location": null, "Category": null, "Role": "Cancelliere", "Profession": "al Porto di Venezia", "Additional Info": ",", "page_num": "56", "source_file": "page_56_semantic.csv", "section": "government", "civic_num": null, "civic_lett": null, "sestiere_parsed": "CASTELLO", "parish_parsed": null, "sestiere_implied": "True", "match_note": "Manually geocoded via Nominatim lookup: V E N E Z I A - S. LIO", "location_cleaned": null, "fail_reason": "no_civic_number", "nom_classification": "inside_venice", "nominatim_query": null, "nominatim_flagged": "False", "matched_lat": 45.4375614, "matched_lon": 12.3385856, "match_confidence": "manual_nominatim", "geocoding_tier": "9", "Journal": null, "is_provincia": null, "matched_parish": null, "matched_sestiere": null, "matched_lett": null, "all_doors": null }, "geometry": { "type": "Point", "coordinates": [ 12.3385856, 45.4375614 ] } },
{ "type": "Feature", "properties": { "Name": "Rossi Edmondo", "Address": "V E N E Z I A - S. LIO", "Location": null, "Category": null, "Role": "Cancelliere", "Profession": "al Porto di Venezia", "Additional Info": ",", "page_num": "56", "source_file": "page_56_semantic.csv", "section": "government", "civic_num": null, "civic_lett": null, "sestiere_parsed": "CASTELLO", "parish_parsed": null, "sestiere_implied": "True", "match_note": "Manually geocoded via Nominatim lookup: V E N E Z I A - S. LIO", "location_cleaned": null, "fail_reason": "no_civic_number", "nom_classification": "inside_venice", "nominatim_query": null, "nominatim_flagged": "False", "matched_lat": 45.4375614, "matched_lon": 12.3385856, "match_confidence": "manual_nominatim", "geocoding_tier": "9", "Journal": null, "is_provincia": null, "matched_parish": null, "matched_sestiere": null, "matched_lett": null, "all_doors": null }, "geometry": { "type": "Point", "coordinates": [ 12.3385856, 45.4375614 ] } },
{ "type": "Feature", "properties": { "Name": "Vicentini Mario", "Address": "V E N E Z I A - S. LIO", "Location": null, "Category": null, "Role": "Cancelliere", "Profession": "al Porto di Venezia", "Additional Info": ",", "page_num": "56", "source_file": "page_56_semantic.csv", "section": "government", "civic_num": null, "civic_lett": null, "sestiere_parsed": "CASTELLO", "parish_parsed": null, "sestiere_implied": "True", "match_note": "Manually geocoded via Nominatim lookup: V E N E Z I A - S. LIO", "location_cleaned": null, "fail_reason": "no_civic_number", "nom_classification": "inside_venice", "nominatim_query": null, "nominatim_flagged": "False", "matched_lat": 45.4375614, "matched_lon": 12.3385856, "match_confidence": "manual_nominatim", "geocoding_tier": "9", "Journal": null, "is_provincia": null, "matched_parish": null, "matched_sestiere": null, "matched_lett": null, "all_doors": null }, "geometry": { "type": "Point", "coordinates": [ 12.3385856, 45.4375614 ] } },
{ "type": "Feature", "properties": { "Name": "Caminiti Sante Alfonso", "Address": "V E N E Z I A - S. LIO", "Location": null, "Category": null, "Role": "Cancelliere", "Profession": "al Porto di Venezia", "Additional Info": ",", "page_num": "56", "source_file": "page_56_semantic.csv", "section": "government", "civic_num": null, "civic_lett": null, "sestiere_parsed": "CASTELLO", "parish_parsed": null, "sestiere_implied": "True", "match_note": "Manually geocoded via Nominatim lookup: V E N E Z I A - S. LIO", "location_cleaned": null, "fail_reason": "no_civic_number", "nom_classification": "inside_venice", "nominatim_query": null, "nominatim_flagged": "False", "matched_lat": 45.4375614, "matched_lon": 12.3385856, "match_confidence": "manual_nominatim", "geocoding_tier": "9", "Journal": null, "is_provincia": null, "matched_parish": null, "matched_sestiere": null, "matched_lett": null, "all_doors": null }, "geometry": { "type": "Point", "coordinates": [ 12.3385856, 45.4375614 ] } },
{ "type": "Feature", "properties": { "Name": "Piatti Gelindo", "Address": "V E N E Z I A - S. LIO", "Location": null, "Category": null, "Role": "Cancelliere", "Profession": "al Porto di Venezia", "Additional Info": ",", "page_num": "56", "source_file": "page_56_semantic.csv", "section": "government", "civic_num": null, "civic_lett": null, "sestiere_parsed": "CASTELLO", "parish_parsed": null, "sestiere_implied": "True", "match_note": "Manually geocoded via Nominatim lookup: V E N E Z I A - S. LIO", "location_cleaned": null, "fail_reason": "no_civic_number", "nom_classification": "inside_venice", "nominatim_query": null, "nominatim_flagged": "False", "matched_lat": 45.4375614, "matched_lon": 12.3385856, "match_confidence": "manual_nominatim", "geocoding_tier": "9", "Journal": null, "is_provincia": null, "matched_parish": null, "matched_sestiere": null, "matched_lett": null, "all_doors": null }, "geometry": { "type": "Point", "coordinates": [ 12.3385856, 45.4375614 ] } },
{ "type": "Feature", "properties": { "Name": "Prosdocimi", "Address": "V E N E Z I A - S. LIO", "Location": null, "Category": null, "Role": "Cancelliere", "Profession": "al Porto di Venezia", "Additional Info": ",", "page_num": "56", "source_file": "page_56_semantic.csv", "section": "government", "civic_num": null, "civic_lett": null, "sestiere_parsed": "CASTELLO", "parish_parsed": null, "sestiere_implied": "True", "match_note": "Manually geocoded via Nominatim lookup: V E N E Z I A - S. LIO", "location_cleaned": null, "fail_reason": "no_civic_number", "nom_classification": "inside_venice", "nominatim_query": null, "nominatim_flagged": "False", "matched_lat": 45.4375614, "matched_lon": 12.3385856, "match_confidence": "manual_nominatim", "geocoding_tier": "9", "Journal": null, "is_provincia": null, "matched_parish": null, "matched_sestiere": null, "matched_lett": null, "all_doors": null }, "geometry": { "type": "Point", "coordinates": [ 12.3385856, 45.4375614 ] } },
{ "type": "Feature", "properties": { "Name": "Ruggeri Giovanni", "Address": "V E N E Z I A - S. LIO", "Location": null, "Category": null, "Role": "Cancelliere", "Profession": "al Porto di Venezia", "Additional Info": ",", "page_num": "56", "source_file": "page_56_semantic.csv", "section": "government", "civic_num": null, "civic_lett": null, "sestiere_parsed": "CASTELLO", "parish_parsed": null, "sestiere_implied": "True", "match_note": "Manually geocoded via Nominatim lookup: V E N E Z I A - S. LIO", "location_cleaned": null, "fail_reason": "no_civic_number", "nom_classification": "inside_venice", "nominatim_query": null, "nominatim_flagged": "False", "matched_lat": 45.4375614, "matched_lon": 12.3385856, "match_confidence": "manual_nominatim", "geocoding_tier": "9", "Journal": null, "is_provincia": null, "matched_parish": null, "matched_sestiere": null, "matched_lett": null, "all_doors": null }, "geometry": { "type": "Point", "coordinates": [ 12.3385856, 45.4375614 ] } },
{ "type": "Feature", "properties": { "Name": "Facchini Tancredi", "Address": "V E N E Z I A - S. LIO", "Location": null, "Category": null, "Role": "Cancelliere", "Profession": "al Porto di Venezia", "Additional Info": ",", "page_num": "56", "source_file": "page_56_semantic.csv", "section": "government", "civic_num": null, "civic_lett": null, "sestiere_parsed": "CASTELLO", "parish_parsed": null, "sestiere_implied": "True", "match_note": "Manually geocoded via Nominatim lookup: V E N E Z I A - S. LIO", "location_cleaned": null, "fail_reason": "no_civic_number", "nom_classification": "inside_venice", "nominatim_query": null, "nominatim_flagged": "False", "matched_lat": 45.4375614, "matched_lon": 12.3385856, "match_confidence": "manual_nominatim", "geocoding_tier": "9", "Journal": null, "is_provincia": null, "matched_parish": null, "matched_sestiere": null, "matched_lett": null, "all_doors": null }, "geometry": { "type": "Point", "coordinates": [ 12.3385856, 45.4375614 ] } },
{ "type": "Feature", "properties": { "Name": "Giacomi Vittorio", "Address": "V E N E Z I A - S. LIO", "Location": null, "Category": null, "Role": "Aiutante di Cancelleria", "Profession": "al Porto di Venezia", "Additional Info": ",", "page_num": "56", "source_file": "page_56_semantic.csv", "section": "government", "civic_num": null, "civic_lett": null, "sestiere_parsed": "CASTELLO", "parish_parsed": null, "sestiere_implied": "True", "match_note": "Manually geocoded via Nominatim lookup: V E N E Z I A - S. LIO", "location_cleaned": null, "fail_reason": "no_civic_number", "nom_classification": "inside_venice", "nominatim_query": null, "nominatim_flagged": "False", "matched_lat": 45.4375614, "matched_lon": 12.3385856, "match_confidence": "manual_nominatim", "geocoding_tier": "9", "Journal": null, "is_provincia": null, "matched_parish": null, "matched_sestiere": null, "matched_lett": null, "all_doors": null }, "geometry": { "type": "Point", "coordinates": [ 12.3385856, 45.4375614 ] } },
{ "type": "Feature", "properties": { "Name": "Piovesan Francesco", "Address": "V E N E Z I A - S. LIO", "Location": null, "Category": null, "Role": "Ufficiali Giudiziari", "Profession": "al Porto di Venezia", "Additional Info": ",", "page_num": "56", "source_file": "page_56_semantic.csv", "section": "government", "civic_num": null, "civic_lett": null, "sestiere_parsed": "CASTELLO", "parish_parsed": null, "sestiere_implied": "True", "match_note": "Manually geocoded via Nominatim lookup: V E N E Z I A - S. LIO", "location_cleaned": null, "fail_reason": "no_civic_number", "nom_classification": "inside_venice", "nominatim_query": null, "nominatim_flagged": "False", "matched_lat": 45.4375614, "matched_lon": 12.3385856, "match_confidence": "manual_nominatim", "geocoding_tier": "9", "Journal": null, "is_provincia": null, "matched_parish": null, "matched_sestiere": null, "matched_lett": null, "all_doors": null }, "geometry": { "type": "Point", "coordinates": [ 12.3385856, 45.4375614 ] } },
{ "type": "Feature", "properties": { "Name": "Brosio Annibale", "Address": "V E N E Z I A - S. LIO", "Location": null, "Category": null, "Role": "Ufficiali Giudiziari", "Profession": "al Porto di Venezia", "Additional Info": ",", "page_num": "56", "source_file": "page_56_semantic.csv", "section": "government", "civic_num": null, "civic_lett": null, "sestiere_parsed": "CASTELLO", "parish_parsed": null, "sestiere_implied": "True", "match_note": "Manually geocoded via Nominatim lookup: V E N E Z I A - S. LIO", "location_cleaned": null, "fail_reason": "no_civic_number", "nom_classification": "inside_venice", "nominatim_query": null, "nominatim_flagged": "False", "matched_lat": 45.4375614, "matched_lon": 12.3385856, "match_confidence": "manual_nominatim", "geocoding_tier": "9", "Journal": null, "is_provincia": null, "matched_parish": null, "matched_sestiere": null, "matched_lett": null, "all_doors": null }, "geometry": { "type": "Point", "coordinates": [ 12.3385856, 45.4375614 ] } },
{ "type": "Feature", "properties": { "Name": "Lo Savio Giuseppe", "Address": "V E N E Z I A - S. LIO", "Location": null, "Category": null, "Role": "Ufficiali Giudiziari", "Profession": "al Porto di Venezia", "Additional Info": ",", "page_num": "56", "source_file": "page_56_semantic.csv", "section": "government", "civic_num": null, "civic_lett": null, "sestiere_parsed": "CASTELLO", "parish_parsed": null, "sestiere_implied": "True", "match_note": "Manually geocoded via Nominatim lookup: V E N E Z I A - S. LIO", "location_cleaned": null, "fail_reason": "no_civic_number", "nom_classification": "inside_venice", "nominatim_query": null, "nominatim_flagged": "False", "matched_lat": 45.4375614, "matched_lon": 12.3385856, "match_confidence": "manual_nominatim", "geocoding_tier": "9", "Journal": null, "is_provincia": null, "matched_parish": null, "matched_sestiere": null, "matched_lett": null, "all_doors": null }, "geometry": { "type": "Point", "coordinates": [ 12.3385856, 45.4375614 ] } },
{ "type": "Feature", "properties": { "Name": "Sambo Carlo", "Address": "V E N E Z I A - S. LIO", "Location": null, "Category": null, "Role": "Ufficiali Giudiziari", "Profession": "al Porto di Venezia", "Additional Info": ",", "page_num": "56", "source_file": "page_56_semantic.csv", "section": "government", "civic_num": null, "civic_lett": null, "sestiere_parsed": "CASTELLO", "parish_parsed": null, "sestiere_implied": "True", "match_note": "Manually geocoded via Nominatim lookup: V E N E Z I A - S. LIO", "location_cleaned": null, "fail_reason": "no_civic_number", "nom_classification": "inside_venice", "nominatim_query": null, "nominatim_flagged": "False", "matched_lat": 45.4375614, "matched_lon": 12.3385856, "match_confidence": "manual_nominatim", "geocoding_tier": "9", "Journal": null, "is_provincia": null, "matched_parish": null, "matched_sestiere": null, "matched_lett": null, "all_doors": null }, "geometry": { "type": "Point", "coordinates": [ 12.3385856, 45.4375614 ] } },
{ "type": "Feature", "properties": { "Name": "Scuccimarri dr. Orazio", "Address": "V E N E Z I A - S. LIO", "Location": null, "Category": null, "Role": "Presidente", "Profession": "al Porto di Venezia", "Additional Info": ",", "page_num": "56", "source_file": "page_56_semantic.csv", "section": "government", "civic_num": null, "civic_lett": null, "sestiere_parsed": "CASTELLO", "parish_parsed": null, "sestiere_implied": "True", "match_note": "Manually geocoded via Nominatim lookup: V E N E Z I A - S. LIO", "location_cleaned": null, "fail_reason": "no_civic_number", "nom_classification": "inside_venice", "nominatim_query": null, "nominatim_flagged": "False", "matched_lat": 45.4375614, "matched_lon": 12.3385856, "match_confidence": "manual_nominatim", "geocoding_tier": "9", "Journal": null, "is_provincia": null, "matched_parish": null, "matched_sestiere": null, "matched_lett": null, "all_doors": null }, "geometry": { "type": "Point", "coordinates": [ 12.3385856, 45.4375614 ] } },
{ "type": "Feature", "properties": { "Name": "Falchi prof. cav. Giuseppina", "Address": "V E N E Z I A - S. LIO", "Location": null, "Category": null, "Role": "Giudice", "Profession": "al Porto di Venezia", "Additional Info": ",", "page_num": "56", "source_file": "page_56_semantic.csv", "section": "government", "civic_num": null, "civic_lett": null, "sestiere_parsed": "CASTELLO", "parish_parsed": null, "sestiere_implied": "True", "match_note": "Manually geocoded via Nominatim lookup: V E N E Z I A - S. LIO", "location_cleaned": null, "fail_reason": "no_civic_number", "nom_classification": "inside_venice", "nominatim_query": null, "nominatim_flagged": "False", "matched_lat": 45.4375614, "matched_lon": 12.3385856, "match_confidence": "manual_nominatim", "geocoding_tier": "9", "Journal": null, "is_provincia": null, "matched_parish": null, "matched_sestiere": null, "matched_lett": null, "all_doors": null }, "geometry": { "type": "Point", "coordinates": [ 12.3385856, 45.4375614 ] } },
{ "type": "Feature", "properties": { "Name": "Vasari dr. Andrea", "Address": "V E N E Z I A - S. LIO", "Location": null, "Category": null, "Role": "Giudice Supplente", "Profession": "al Porto di Venezia", "Additional Info": ",", "page_num": "56", "source_file": "page_56_semantic.csv", "section": "government", "civic_num": null, "civic_lett": null, "sestiere_parsed": "CASTELLO", "parish_parsed": null, "sestiere_implied": "True", "match_note": "Manually geocoded via Nominatim lookup: V E N E Z I A - S. LIO", "location_cleaned": null, "fail_reason": "no_civic_number", "nom_classification": "inside_venice", "nominatim_query": null, "nominatim_flagged": "False", "matched_lat": 45.4375614, "matched_lon": 12.3385856, "match_confidence": "manual_nominatim", "geocoding_tier": "9", "Journal": null, "is_provincia": null, "matched_parish": null, "matched_sestiere": null, "matched_lett": null, "all_doors": null }, "geometry": { "type": "Point", "coordinates": [ 12.3385856, 45.4375614 ] } },
{ "type": "Feature", "properties": { "Name": "Fattovich dr. Giovanni", "Address": "V E N E Z I A - S. LIO", "Location": null, "Category": null, "Role": "Medico Primario Manicomio", "Profession": "al Porto di Venezia", "Additional Info": ",", "page_num": "56", "source_file": "page_56_semantic.csv", "section": "government", "civic_num": null, "civic_lett": null, "sestiere_parsed": "CASTELLO", "parish_parsed": null, "sestiere_implied": "True", "match_note": "Manually geocoded via Nominatim lookup: V E N E Z I A - S. LIO", "location_cleaned": null, "fail_reason": "no_civic_number", "nom_classification": "inside_venice", "nominatim_query": null, "nominatim_flagged": "False", "matched_lat": 45.4375614, "matched_lon": 12.3385856, "match_confidence": "manual_nominatim", "geocoding_tier": "9", "Journal": null, "is_provincia": null, "matched_parish": null, "matched_sestiere": null, "matched_lett": null, "all_doors": null }, "geometry": { "type": "Point", "coordinates": [ 12.3385856, 45.4375614 ] } },
{ "type": "Feature", "properties": { "Name": "Borri cav. Emilio", "Address": "Fondamenta S. Lucia", "Location": "Venezia", "Category": null, "Role": "Segretario, Direzione", "Profession": "FERROVIE DELLO STATO", "Additional Info": null, "page_num": "61", "source_file": "page_61_semantic.csv", "section": "government", "civic_num": null, "civic_lett": null, "sestiere_parsed": null, "parish_parsed": null, "sestiere_implied": "False", "match_note": "Manually geocoded via Nominatim lookup: Fondamenta S. Lucia", "location_cleaned": null, "fail_reason": "no_civic_number", "nom_classification": "inside_venice", "nominatim_query": null, "nominatim_flagged": "False", "matched_lat": 45.4407929, "matched_lon": 12.3214558, "match_confidence": "manual_nominatim", "geocoding_tier": "9", "Journal": null, "is_provincia": null, "matched_parish": null, "matched_sestiere": null, "matched_lett": null, "all_doors": null }, "geometry": { "type": "Point", "coordinates": [ 12.3214558, 45.4407929 ] } },
{ "type": "Feature", "properties": { "Name": "Tommasini Raffaele", "Address": "Fondamenta S. Lucia", "Location": "Venezia", "Category": null, "Role": "Ispettore Capo, Ufficio Personale Compartimentale", "Profession": "FERROVIE DELLO STATO", "Additional Info": null, "page_num": "61", "source_file": "page_61_semantic.csv", "section": "government", "civic_num": null, "civic_lett": null, "sestiere_parsed": null, "parish_parsed": null, "sestiere_implied": "False", "match_note": "Manually geocoded via Nominatim lookup: Fondamenta S. Lucia", "location_cleaned": null, "fail_reason": "no_civic_number", "nom_classification": "inside_venice", "nominatim_query": null, "nominatim_flagged": "False", "matched_lat": 45.4407929, "matched_lon": 12.3214558, "match_confidence": "manual_nominatim", "geocoding_tier": "9", "Journal": null, "is_provincia": null, "matched_parish": null, "matched_sestiere": null, "matched_lett": null, "all_doors": null }, "geometry": { "type": "Point", "coordinates": [ 12.3214558, 45.4407929 ] } },
{ "type": "Feature", "properties": { "Name": "Barettón Silvio", "Address": "Fondamenta S. Lucia", "Location": "Venezia", "Category": null, "Role": "Capo reparto", "Profession": "FERROVIE DELLO STATO", "Additional Info": null, "page_num": "61", "source_file": "page_61_semantic.csv", "section": "government", "civic_num": null, "civic_lett": null, "sestiere_parsed": null, "parish_parsed": null, "sestiere_implied": "False", "match_note": "Manually geocoded via Nominatim lookup: Fondamenta S. Lucia", "location_cleaned": null, "fail_reason": "no_civic_number", "nom_classification": "inside_venice", "nominatim_query": null, "nominatim_flagged": "False", "matched_lat": 45.4407929, "matched_lon": 12.3214558, "match_confidence": "manual_nominatim", "geocoding_tier": "9", "Journal": null, "is_provincia": null, "matched_parish": null, "matched_sestiere": null, "matched_lett": null, "all_doors": null }, "geometry": { "type": "Point", "coordinates": [ 12.3214558, 45.4407929 ] } },
{ "type": "Feature", "properties": { "Name": "Dirtòni Gio Batta", "Address": "Fondamenta S. Lucia", "Location": "Venezia", "Category": null, "Role": "Capo reparto", "Profession": "FERROVIE DELLO STATO", "Additional Info": null, "page_num": "61", "source_file": "page_61_semantic.csv", "section": "government", "civic_num": null, "civic_lett": null, "sestiere_parsed": null, "parish_parsed": null, "sestiere_implied": "False", "match_note": "Manually geocoded via Nominatim lookup: Fondamenta S. Lucia", "location_cleaned": null, "fail_reason": "no_civic_number", "nom_classification": "inside_venice", "nominatim_query": null, "nominatim_flagged": "False", "matched_lat": 45.4407929, "matched_lon": 12.3214558, "match_confidence": "manual_nominatim", "geocoding_tier": "9", "Journal": null, "is_provincia": null, "matched_parish": null, "matched_sestiere": null, "matched_lett": null, "all_doors": null }, "geometry": { "type": "Point", "coordinates": [ 12.3214558, 45.4407929 ] } },
{ "type": "Feature", "properties": { "Name": "Oldani Antonio", "Address": "Fondamenta S. Lucia", "Location": "Venezia", "Category": null, "Role": "Capo reparto", "Profession": "FERROVIE DELLO STATO", "Additional Info": null, "page_num": "61", "source_file": "page_61_semantic.csv", "section": "government", "civic_num": null, "civic_lett": null, "sestiere_parsed": null, "parish_parsed": null, "sestiere_implied": "False", "match_note": "Manually geocoded via Nominatim lookup: Fondamenta S. Lucia", "location_cleaned": null, "fail_reason": "no_civic_number", "nom_classification": "inside_venice", "nominatim_query": null, "nominatim_flagged": "False", "matched_lat": 45.4407929, "matched_lon": 12.3214558, "match_confidence": "manual_nominatim", "geocoding_tier": "9", "Journal": null, "is_provincia": null, "matched_parish": null, "matched_sestiere": null, "matched_lett": null, "all_doors": null }, "geometry": { "type": "Point", "coordinates": [ 12.3214558, 45.4407929 ] } },
{ "type": "Feature", "properties": { "Name": "Itzzo Germano", "Address": "Fondamenta S. Lucia", "Location": "Venezia", "Category": null, "Role": "Capo reparto", "Profession": "FERROVIE DELLO STATO", "Additional Info": null, "page_num": "61", "source_file": "page_61_semantic.csv", "section": "government", "civic_num": null, "civic_lett": null, "sestiere_parsed": null, "parish_parsed": null, "sestiere_implied": "False", "match_note": "Manually geocoded via Nominatim lookup: Fondamenta S. Lucia", "location_cleaned": null, "fail_reason": "no_civic_number", "nom_classification": "inside_venice", "nominatim_query": null, "nominatim_flagged": "False", "matched_lat": 45.4407929, "matched_lon": 12.3214558, "match_confidence": "manual_nominatim", "geocoding_tier": "9", "Journal": null, "is_provincia": null, "matched_parish": null, "matched_sestiere": null, "matched_lett": null, "all_doors": null }, "geometry": { "type": "Point", "coordinates": [ 12.3214558, 45.4407929 ] } },
{ "type": "Feature", "properties": { "Name": "Marsoni Arturo", "Address": "Fondamenta S. Lucia", "Location": "Venezia", "Category": null, "Role": "Capo reparto", "Profession": "FERROVIE DELLO STATO", "Additional Info": null, "page_num": "61", "source_file": "page_61_semantic.csv", "section": "government", "civic_num": null, "civic_lett": null, "sestiere_parsed": null, "parish_parsed": null, "sestiere_implied": "False", "match_note": "Manually geocoded via Nominatim lookup: Fondamenta S. Lucia", "location_cleaned": null, "fail_reason": "no_civic_number", "nom_classification": "inside_venice", "nominatim_query": null, "nominatim_flagged": "False", "matched_lat": 45.4407929, "matched_lon": 12.3214558, "match_confidence": "manual_nominatim", "geocoding_tier": "9", "Journal": null, "is_provincia": null, "matched_parish": null, "matched_sestiere": null, "matched_lett": null, "all_doors": null }, "geometry": { "type": "Point", "coordinates": [ 12.3214558, 45.4407929 ] } },
{ "type": "Feature", "properties": { "Name": "Risica dr. cav. Placido", "Address": "Fondamenta S. Lucia", "Location": "Venezia", "Category": null, "Role": "Capo della Sezione princ, Sezione Movimento", "Profession": "FERROVIE DELLO STATO", "Additional Info": null, "page_num": "61", "source_file": "page_61_semantic.csv", "section": "government", "civic_num": null, "civic_lett": null, "sestiere_parsed": null, "parish_parsed": null, "sestiere_implied": "False", "match_note": "Manually geocoded via Nominatim lookup: Fondamenta S. Lucia", "location_cleaned": null, "fail_reason": "no_civic_number", "nom_classification": "inside_venice", "nominatim_query": null, "nominatim_flagged": "False", "matched_lat": 45.4407929, "matched_lon": 12.3214558, "match_confidence": "manual_nominatim", "geocoding_tier": "9", "Journal": null, "is_provincia": null, "matched_parish": null, "matched_sestiere": null, "matched_lett": null, "all_doors": null }, "geometry": { "type": "Point", "coordinates": [ 12.3214558, 45.4407929 ] } },
{ "type": "Feature", "properties": { "Name": "Bonesso ing. Plino", "Address": "Fondamenta S. Lucia", "Location": "Venezia", "Category": null, "Role": "Reparto movimento", "Profession": "FERROVIE DELLO STATO", "Additional Info": null, "page_num": "61", "source_file": "page_61_semantic.csv", "section": "government", "civic_num": null, "civic_lett": null, "sestiere_parsed": null, "parish_parsed": null, "sestiere_implied": "False", "match_note": "Manually geocoded via Nominatim lookup: Fondamenta S. Lucia", "location_cleaned": null, "fail_reason": "no_civic_number", "nom_classification": "inside_venice", "nominatim_query": null, "nominatim_flagged": "False", "matched_lat": 45.4407929, "matched_lon": 12.3214558, "match_confidence": "manual_nominatim", "geocoding_tier": "9", "Journal": null, "is_provincia": null, "matched_parish": null, "matched_sestiere": null, "matched_lett": null, "all_doors": null }, "geometry": { "type": "Point", "coordinates": [ 12.3214558, 45.4407929 ] } },
{ "type": "Feature", "properties": { "Name": "Bufa-ale Beltramino", "Address": "Fondamenta S. Lucia", "Location": "Venezia", "Category": null, "Role": "Riparto Circolaz. Vei. coli.", "Profession": "FERROVIE DELLO STATO", "Additional Info": null, "page_num": "61", "source_file": "page_61_semantic.csv", "section": "government", "civic_num": null, "civic_lett": null, "sestiere_parsed": null, "parish_parsed": null, "sestiere_implied": "False", "match_note": "Manually geocoded via Nominatim lookup: Fondamenta S. Lucia", "location_cleaned": null, "fail_reason": "no_civic_number", "nom_classification": "inside_venice", "nominatim_query": null, "nominatim_flagged": "False", "matched_lat": 45.4407929, "matched_lon": 12.3214558, "match_confidence": "manual_nominatim", "geocoding_tier": "9", "Journal": null, "is_provincia": null, "matched_parish": null, "matched_sestiere": null, "matched_lett": null, "all_doors": null }, "geometry": { "type": "Point", "coordinates": [ 12.3214558, 45.4407929 ] } },
{ "type": "Feature", "properties": { "Name": "Giunchi rag. Turbilio", "Address": "Fondamenta S. Lucia", "Location": "Venezia", "Category": null, "Role": "Ispettore, Capo Uff. Contabilità", "Profession": "FERROVIE DELLO STATO", "Additional Info": null, "page_num": "61", "source_file": "page_61_semantic.csv", "section": "government", "civic_num": null, "civic_lett": null, "sestiere_parsed": null, "parish_parsed": null, "sestiere_implied": "False", "match_note": "Manually geocoded via Nominatim lookup: Fondamenta S. Lucia", "location_cleaned": null, "fail_reason": "no_civic_number", "nom_classification": "inside_venice", "nominatim_query": null, "nominatim_flagged": "False", "matched_lat": 45.4407929, "matched_lon": 12.3214558, "match_confidence": "manual_nominatim", "geocoding_tier": "9", "Journal": null, "is_provincia": null, "matched_parish": null, "matched_sestiere": null, "matched_lett": null, "all_doors": null }, "geometry": { "type": "Point", "coordinates": [ 12.3214558, 45.4407929 ] } },
{ "type": "Feature", "properties": { "Name": "Agostinis Leone", "Address": "Fondamenta S. Lucia", "Location": "Venezia", "Category": null, "Role": "Segreteria e Capo Personale Rip. Utilizzo personale", "Profession": "FERROVIE DELLO STATO", "Additional Info": null, "page_num": "61", "source_file": "page_61_semantic.csv", "section": "government", "civic_num": null, "civic_lett": null, "sestiere_parsed": null, "parish_parsed": null, "sestiere_implied": "False", "match_note": "Manually geocoded via Nominatim lookup: Fondamenta S. Lucia", "location_cleaned": null, "fail_reason": "no_civic_number", "nom_classification": "inside_venice", "nominatim_query": null, "nominatim_flagged": "False", "matched_lat": 45.4407929, "matched_lon": 12.3214558, "match_confidence": "manual_nominatim", "geocoding_tier": "9", "Journal": null, "is_provincia": null, "matched_parish": null, "matched_sestiere": null, "matched_lett": null, "all_doors": null }, "geometry": { "type": "Point", "coordinates": [ 12.3214558, 45.4407929 ] } },
{ "type": "Feature", "properties": { "Name": "Pozzana Giuseppe", "Address": "Fondamenta S. Lucia", "Location": "Venezia", "Category": null, "Role": "Orari", "Profession": "FERROVIE DELLO STATO", "Additional Info": null, "page_num": "61", "source_file": "page_61_semantic.csv", "section": "government", "civic_num": null, "civic_lett": null, "sestiere_parsed": null, "parish_parsed": null, "sestiere_implied": "False", "match_note": "Manually geocoded via Nominatim lookup: Fondamenta S. Lucia", "location_cleaned": null, "fail_reason": "no_civic_number", "nom_classification": "inside_venice", "nominatim_query": null, "nominatim_flagged": "False", "matched_lat": 45.4407929, "matched_lon": 12.3214558, "match_confidence": "manual_nominatim", "geocoding_tier": "9", "Journal": null, "is_provincia": null, "matched_parish": null, "matched_sestiere": null, "matched_lett": null, "all_doors": null }, "geometry": { "type": "Point", "coordinates": [ 12.3214558, 45.4407929 ] } },
{ "type": "Feature", "properties": { "Name": "Alberti Augusto", "Address": "Fondamenta S. Lucia", "Location": "Venezia", "Category": null, "Role": "Sotto Capo Ufficio Contabilità", "Profession": "FERROVIE DELLO STATO", "Additional Info": null, "page_num": "61", "source_file": "page_61_semantic.csv", "section": "government", "civic_num": null, "civic_lett": null, "sestiere_parsed": null, "parish_parsed": null, "sestiere_implied": "False", "match_note": "Manually geocoded via Nominatim lookup: Fondamenta S. Lucia", "location_cleaned": null, "fail_reason": "no_civic_number", "nom_classification": "inside_venice", "nominatim_query": null, "nominatim_flagged": "False", "matched_lat": 45.4407929, "matched_lon": 12.3214558, "match_confidence": "manual_nominatim", "geocoding_tier": "9", "Journal": null, "is_provincia": null, "matched_parish": null, "matched_sestiere": null, "matched_lett": null, "all_doors": null }, "geometry": { "type": "Point", "coordinates": [ 12.3214558, 45.4407929 ] } },
{ "type": "Feature", "properties": { "Name": "Druid Giuseppe", "Address": "Fondamenta S. Lucia", "Location": "Venezia", "Category": null, "Role": "Utilizzazione materiali mer ci", "Profession": "FERROVIE DELLO STATO", "Additional Info": null, "page_num": "61", "source_file": "page_61_semantic.csv", "section": "government", "civic_num": null, "civic_lett": null, "sestiere_parsed": null, "parish_parsed": null, "sestiere_implied": "False", "match_note": "Manually geocoded via Nominatim lookup: Fondamenta S. Lucia", "location_cleaned": null, "fail_reason": "no_civic_number", "nom_classification": "inside_venice", "nominatim_query": null, "nominatim_flagged": "False", "matched_lat": 45.4407929, "matched_lon": 12.3214558, "match_confidence": "manual_nominatim", "geocoding_tier": "9", "Journal": null, "is_provincia": null, "matched_parish": null, "matched_sestiere": null, "matched_lett": null, "all_doors": null }, "geometry": { "type": "Point", "coordinates": [ 12.3214558, 45.4407929 ] } },
{ "type": "Feature", "properties": { "Name": "Villa Giuseppe", "Address": "Fondamenta S. Lucia", "Location": "Venezia", "Category": null, "Role": "Andamento treni", "Profession": "FERROVIE DELLO STATO", "Additional Info": null, "page_num": "61", "source_file": "page_61_semantic.csv", "section": "government", "civic_num": null, "civic_lett": null, "sestiere_parsed": null, "parish_parsed": null, "sestiere_implied": "False", "match_note": "Manually geocoded via Nominatim lookup: Fondamenta S. Lucia", "location_cleaned": null, "fail_reason": "no_civic_number", "nom_classification": "inside_venice", "nominatim_query": null, "nominatim_flagged": "False", "matched_lat": 45.4407929, "matched_lon": 12.3214558, "match_confidence": "manual_nominatim", "geocoding_tier": "9", "Journal": null, "is_provincia": null, "matched_parish": null, "matched_sestiere": null, "matched_lett": null, "all_doors": null }, "geometry": { "type": "Point", "coordinates": [ 12.3214558, 45.4407929 ] } },
{ "type": "Feature", "properties": { "Name": "Lastucci avv. cav. uff. Gennaro", "Address": "Fondamenta S. Lucia", "Location": "Venezia", "Category": null, "Role": "Capo della Sezione ispettore capo, Sezione Commerciale e del Traffico", "Profession": "FERROVIE DELLO STATO", "Additional Info": null, "page_num": "61", "source_file": "page_61_semantic.csv", "section": "government", "civic_num": null, "civic_lett": null, "sestiere_parsed": null, "parish_parsed": null, "sestiere_implied": "False", "match_note": "Manually geocoded via Nominatim lookup: Fondamenta S. Lucia", "location_cleaned": null, "fail_reason": "no_civic_number", "nom_classification": "inside_venice", "nominatim_query": null, "nominatim_flagged": "False", "matched_lat": 45.4407929, "matched_lon": 12.3214558, "match_confidence": "manual_nominatim", "geocoding_tier": "9", "Journal": null, "is_provincia": null, "matched_parish": null, "matched_sestiere": null, "matched_lett": null, "all_doors": null }, "geometry": { "type": "Point", "coordinates": [ 12.3214558, 45.4407929 ] } },
{ "type": "Feature", "properties": { "Name": "Orsi dr. Prof. Mario", "Address": "Fondamenta S. Lucia", "Location": "Venezia", "Category": null, "Role": "Sostituto Capo Sezione, Ispettore La Classe", "Profession": "FERROVIE DELLO STATO", "Additional Info": null, "page_num": "61", "source_file": "page_61_semantic.csv", "section": "government", "civic_num": null, "civic_lett": null, "sestiere_parsed": null, "parish_parsed": null, "sestiere_implied": "False", "match_note": "Manually geocoded via Nominatim lookup: Fondamenta S. Lucia", "location_cleaned": null, "fail_reason": "no_civic_number", "nom_classification": "inside_venice", "nominatim_query": null, "nominatim_flagged": "False", "matched_lat": 45.4407929, "matched_lon": 12.3214558, "match_confidence": "manual_nominatim", "geocoding_tier": "9", "Journal": null, "is_provincia": null, "matched_parish": null, "matched_sestiere": null, "matched_lett": null, "all_doors": null }, "geometry": { "type": "Point", "coordinates": [ 12.3214558, 45.4407929 ] } },
{ "type": "Feature", "properties": { "Name": "Amici Grossi dr. Vittorio", "Address": "Fondamenta S. Lucia", "Location": "Venezia", "Category": null, "Role": "Ispettore La Classe", "Profession": "FERROVIE DELLO STATO", "Additional Info": null, "page_num": "61", "source_file": "page_61_semantic.csv", "section": "government", "civic_num": null, "civic_lett": null, "sestiere_parsed": null, "parish_parsed": null, "sestiere_implied": "False", "match_note": "Manually geocoded via Nominatim lookup: Fondamenta S. Lucia", "location_cleaned": null, "fail_reason": "no_civic_number", "nom_classification": "inside_venice", "nominatim_query": null, "nominatim_flagged": "False", "matched_lat": 45.4407929, "matched_lon": 12.3214558, "match_confidence": "manual_nominatim", "geocoding_tier": "9", "Journal": null, "is_provincia": null, "matched_parish": null, "matched_sestiere": null, "matched_lett": null, "all_doors": null }, "geometry": { "type": "Point", "coordinates": [ 12.3214558, 45.4407929 ] } },
{ "type": "Feature", "properties": { "Name": "Ghezzi Arcangelo", "Address": "Fondamenta S. Lucia", "Location": "Venezia", "Category": null, "Role": "Capo Gestione la cl.", "Profession": "FERROVIE DELLO STATO", "Additional Info": null, "page_num": "61", "source_file": "page_61_semantic.csv", "section": "government", "civic_num": null, "civic_lett": null, "sestiere_parsed": null, "parish_parsed": null, "sestiere_implied": "False", "match_note": "Manually geocoded via Nominatim lookup: Fondamenta S. Lucia", "location_cleaned": null, "fail_reason": "no_civic_number", "nom_classification": "inside_venice", "nominatim_query": null, "nominatim_flagged": "False", "matched_lat": 45.4407929, "matched_lon": 12.3214558, "match_confidence": "manual_nominatim", "geocoding_tier": "9", "Journal": null, "is_provincia": null, "matched_parish": null, "matched_sestiere": null, "matched_lett": null, "all_doors": null }, "geometry": { "type": "Point", "coordinates": [ 12.3214558, 45.4407929 ] } },
{ "type": "Feature", "properties": { "Name": "Baffo cav. Luigi", "Address": "Fondamenta S. Lucia", "Location": "Venezia", "Category": null, "Role": "Segretari capi: Contenzioso", "Profession": "FERROVIE DELLO STATO", "Additional Info": null, "page_num": "61", "source_file": "page_61_semantic.csv", "section": "government", "civic_num": null, "civic_lett": null, "sestiere_parsed": null, "parish_parsed": null, "sestiere_implied": "False", "match_note": "Manually geocoded via Nominatim lookup: Fondamenta S. Lucia", "location_cleaned": null, "fail_reason": "no_civic_number", "nom_classification": "inside_venice", "nominatim_query": null, "nominatim_flagged": "False", "matched_lat": 45.4407929, "matched_lon": 12.3214558, "match_confidence": "manual_nominatim", "geocoding_tier": "9", "Journal": null, "is_provincia": null, "matched_parish": null, "matched_sestiere": null, "matched_lett": null, "all_doors": null }, "geometry": { "type": "Point", "coordinates": [ 12.3214558, 45.4407929 ] } },
{ "type": "Feature", "properties": { "Name": "Borato Pietro", "Address": "Fondamenta S. Lucia", "Location": "Venezia", "Category": null, "Role": "Segretari capi: Segreteria", "Profession": "FERROVIE DELLO STATO", "Additional Info": null, "page_num": "61", "source_file": "page_61_semantic.csv", "section": "government", "civic_num": null, "civic_lett": null, "sestiere_parsed": null, "parish_parsed": null, "sestiere_implied": "False", "match_note": "Manually geocoded via Nominatim lookup: Fondamenta S. Lucia", "location_cleaned": null, "fail_reason": "no_civic_number", "nom_classification": "inside_venice", "nominatim_query": null, "nominatim_flagged": "False", "matched_lat": 45.4407929, "matched_lon": 12.3214558, "match_confidence": "manual_nominatim", "geocoding_tier": "9", "Journal": null, "is_provincia": null, "matched_parish": null, "matched_sestiere": null, "matched_lett": null, "all_doors": null }, "geometry": { "type": "Point", "coordinates": [ 12.3214558, 45.4407929 ] } },
{ "type": "Feature", "properties": { "Name": "Montagna ing cav. Mario", "Address": "Fondamenta S. Lucia", "Location": "Venezia", "Category": null, "Role": "Capo della Sezione, Sezione Materiale e Trazione", "Profession": "FERROVIE DELLO STATO", "Additional Info": null, "page_num": "61", "source_file": "page_61_semantic.csv", "section": "government", "civic_num": null, "civic_lett": null, "sestiere_parsed": null, "parish_parsed": null, "sestiere_implied": "False", "match_note": "Manually geocoded via Nominatim lookup: Fondamenta S. Lucia", "location_cleaned": null, "fail_reason": "no_civic_number", "nom_classification": "inside_venice", "nominatim_query": null, "nominatim_flagged": "False", "matched_lat": 45.4407929, "matched_lon": 12.3214558, "match_confidence": "manual_nominatim", "geocoding_tier": "9", "Journal": null, "is_provincia": null, "matched_parish": null, "matched_sestiere": null, "matched_lett": null, "all_doors": null }, "geometry": { "type": "Point", "coordinates": [ 12.3214558, 45.4407929 ] } },
{ "type": "Feature", "properties": { "Name": "Ispett. Ple Scheneti ing. cav. uff. Giuseppe", "Address": "Fondamenta S. Lucia", "Location": "Venezia", "Category": null, "Role": "Sostituto capo sezione", "Profession": "FERROVIE DELLO STATO", "Additional Info": null, "page_num": "61", "source_file": "page_61_semantic.csv", "section": "government", "civic_num": null, "civic_lett": null, "sestiere_parsed": null, "parish_parsed": null, "sestiere_implied": "False", "match_note": "Manually geocoded via Nominatim lookup: Fondamenta S. Lucia", "location_cleaned": null, "fail_reason": "no_civic_number", "nom_classification": "inside_venice", "nominatim_query": null, "nominatim_flagged": "False", "matched_lat": 45.4407929, "matched_lon": 12.3214558, "match_confidence": "manual_nominatim", "geocoding_tier": "9", "Journal": null, "is_provincia": null, "matched_parish": null, "matched_sestiere": null, "matched_lett": null, "all_doors": null }, "geometry": { "type": "Point", "coordinates": [ 12.3214558, 45.4407929 ] } },
{ "type": "Feature", "properties": { "Name": "Bolognin ing. Carlo", "Address": "Fondamenta S. Lucia", "Location": "Venezia", "Category": null, "Role": "Ispettori PlI", "Profession": "FERROVIE DELLO STATO", "Additional Info": null, "page_num": "61", "source_file": "page_61_semantic.csv", "section": "government", "civic_num": null, "civic_lett": null, "sestiere_parsed": null, "parish_parsed": null, "sestiere_implied": "False", "match_note": "Manually geocoded via Nominatim lookup: Fondamenta S. Lucia", "location_cleaned": null, "fail_reason": "no_civic_number", "nom_classification": "inside_venice", "nominatim_query": null, "nominatim_flagged": "False", "matched_lat": 45.4407929, "matched_lon": 12.3214558, "match_confidence": "manual_nominatim", "geocoding_tier": "9", "Journal": null, "is_provincia": null, "matched_parish": null, "matched_sestiere": null, "matched_lett": null, "all_doors": null }, "geometry": { "type": "Point", "coordinates": [ 12.3214558, 45.4407929 ] } },
{ "type": "Feature", "properties": { "Name": "Sgreva rag. cav. uff. Tiziano", "Address": "Fondamenta S. Lucia", "Location": "Venezia", "Category": null, "Role": "Ispettori PlI", "Profession": "FERROVIE DELLO STATO", "Additional Info": null, "page_num": "61", "source_file": "page_61_semantic.csv", "section": "government", "civic_num": null, "civic_lett": null, "sestiere_parsed": null, "parish_parsed": null, "sestiere_implied": "False", "match_note": "Manually geocoded via Nominatim lookup: Fondamenta S. Lucia", "location_cleaned": null, "fail_reason": "no_civic_number", "nom_classification": "inside_venice", "nominatim_query": null, "nominatim_flagged": "False", "matched_lat": 45.4407929, "matched_lon": 12.3214558, "match_confidence": "manual_nominatim", "geocoding_tier": "9", "Journal": null, "is_provincia": null, "matched_parish": null, "matched_sestiere": null, "matched_lett": null, "all_doors": null }, "geometry": { "type": "Point", "coordinates": [ 12.3214558, 45.4407929 ] } },
{ "type": "Feature", "properties": { "Name": "Sacco ing. Francesco", "Address": "Fondamenta S. Lucia", "Location": "Venezia", "Category": null, "Role": "Ispettore di La classe", "Profession": "FERROVIE DELLO STATO", "Additional Info": null, "page_num": "61", "source_file": "page_61_semantic.csv", "section": "government", "civic_num": null, "civic_lett": null, "sestiere_parsed": null, "parish_parsed": null, "sestiere_implied": "False", "match_note": "Manually geocoded via Nominatim lookup: Fondamenta S. Lucia", "location_cleaned": null, "fail_reason": "no_civic_number", "nom_classification": "inside_venice", "nominatim_query": null, "nominatim_flagged": "False", "matched_lat": 45.4407929, "matched_lon": 12.3214558, "match_confidence": "manual_nominatim", "geocoding_tier": "9", "Journal": null, "is_provincia": null, "matched_parish": null, "matched_sestiere": null, "matched_lett": null, "all_doors": null }, "geometry": { "type": "Point", "coordinates": [ 12.3214558, 45.4407929 ] } },
{ "type": "Feature", "properties": { "Name": "Peretti ing. comm. Ubaldino", "Address": "Fondamenta S. Lucia", "Location": "Venezia", "Category": null, "Role": "Capo della sezione, Sezione Lavori di Venezia", "Profession": "FERROVIE DELLO STATO", "Additional Info": null, "page_num": "61", "source_file": "page_61_semantic.csv", "section": "government", "civic_num": null, "civic_lett": null, "sestiere_parsed": null, "parish_parsed": null, "sestiere_implied": "False", "match_note": "Manually geocoded via Nominatim lookup: Fondamenta S. Lucia", "location_cleaned": null, "fail_reason": "no_civic_number", "nom_classification": "inside_venice", "nominatim_query": null, "nominatim_flagged": "False", "matched_lat": 45.4407929, "matched_lon": 12.3214558, "match_confidence": "manual_nominatim", "geocoding_tier": "9", "Journal": null, "is_provincia": null, "matched_parish": null, "matched_sestiere": null, "matched_lett": null, "all_doors": null }, "geometry": { "type": "Point", "coordinates": [ 12.3214558, 45.4407929 ] } },
{ "type": "Feature", "properties": { "Name": "Frezzini ing cav. uff. Ferdinando", "Address": "Fondamenta S. Lucia", "Location": "Venezia", "Category": null, "Role": "Ispettori Capi", "Profession": "FERROVIE DELLO STATO", "Additional Info": null, "page_num": "61", "source_file": "page_61_semantic.csv", "section": "government", "civic_num": null, "civic_lett": null, "sestiere_parsed": null, "parish_parsed": null, "sestiere_implied": "False", "match_note": "Manually geocoded via Nominatim lookup: Fondamenta S. Lucia", "location_cleaned": null, "fail_reason": "no_civic_number", "nom_classification": "inside_venice", "nominatim_query": null, "nominatim_flagged": "False", "matched_lat": 45.4407929, "matched_lon": 12.3214558, "match_confidence": "manual_nominatim", "geocoding_tier": "9", "Journal": null, "is_provincia": null, "matched_parish": null, "matched_sestiere": null, "matched_lett": null, "all_doors": null }, "geometry": { "type": "Point", "coordinates": [ 12.3214558, 45.4407929 ] } },
{ "type": "Feature", "properties": { "Name": "Padoan ing. cav. uff. Italo", "Address": "Fondamenta S. Lucia", "Location": "Venezia", "Category": null, "Role": "Ispettori Capi", "Profession": "FERROVIE DELLO STATO", "Additional Info": null, "page_num": "61", "source_file": "page_61_semantic.csv", "section": "government", "civic_num": null, "civic_lett": null, "sestiere_parsed": null, "parish_parsed": null, "sestiere_implied": "False", "match_note": "Manually geocoded via Nominatim lookup: Fondamenta S. Lucia", "location_cleaned": null, "fail_reason": "no_civic_number", "nom_classification": "inside_venice", "nominatim_query": null, "nominatim_flagged": "False", "matched_lat": 45.4407929, "matched_lon": 12.3214558, "match_confidence": "manual_nominatim", "geocoding_tier": "9", "Journal": null, "is_provincia": null, "matched_parish": null, "matched_sestiere": null, "matched_lett": null, "all_doors": null }, "geometry": { "type": "Point", "coordinates": [ 12.3214558, 45.4407929 ] } },
{ "type": "Feature", "properties": { "Name": "Assorbito dall’uff. Corrispondenza e Pacchi", "Address": "Riva dell'Olio numero 1781", "Location": null, "Category": null, "Role": "Titolare", "Profession": null, "Additional Info": null, "page_num": "62", "source_file": "page_62_semantic.csv", "section": "government", "civic_num": null, "civic_lett": null, "sestiere_parsed": null, "parish_parsed": null, "sestiere_implied": "False", "match_note": "Manually geocoded via Nominatim lookup: Riva dell'Olio numero 1781", "location_cleaned": null, "fail_reason": "no_civic_number", "nom_classification": "inside_venice", "nominatim_query": null, "nominatim_flagged": "False", "matched_lat": 45.4375002, "matched_lon": 12.3345911, "match_confidence": "manual_nominatim", "geocoding_tier": "9", "Journal": null, "is_provincia": null, "matched_parish": null, "matched_sestiere": null, "matched_lett": null, "all_doors": null }, "geometry": { "type": "Point", "coordinates": [ 12.3345911, 45.4375002 ] } },
{ "type": "Feature", "properties": { "Name": "Momo cav. rag", "Address": "Riva dell'Olio numero 1781", "Location": null, "Category": null, "Role": "Direttore", "Profession": null, "Additional Info": null, "page_num": "62", "source_file": "page_62_semantic.csv", "section": "government", "civic_num": null, "civic_lett": null, "sestiere_parsed": null, "parish_parsed": null, "sestiere_implied": "False", "match_note": "Manually geocoded via Nominatim lookup: Riva dell'Olio numero 1781", "location_cleaned": null, "fail_reason": "no_civic_number", "nom_classification": "inside_venice", "nominatim_query": null, "nominatim_flagged": "False", "matched_lat": 45.4375002, "matched_lon": 12.3345911, "match_confidence": "manual_nominatim", "geocoding_tier": "9", "Journal": null, "is_provincia": null, "matched_parish": null, "matched_sestiere": null, "matched_lett": null, "all_doors": null }, "geometry": { "type": "Point", "coordinates": [ 12.3345911, 45.4375002 ] } },
{ "type": "Feature", "properties": { "Name": "De Lorenzo cav. Enrico", "Address": "Riva dell'Olio numero 1781", "Location": null, "Category": null, "Role": "Direttore", "Profession": null, "Additional Info": null, "page_num": "62", "source_file": "page_62_semantic.csv", "section": "government", "civic_num": null, "civic_lett": null, "sestiere_parsed": null, "parish_parsed": null, "sestiere_implied": "False", "match_note": "Manually geocoded via Nominatim lookup: Riva dell'Olio numero 1781", "location_cleaned": null, "fail_reason": "no_civic_number", "nom_classification": "inside_venice", "nominatim_query": null, "nominatim_flagged": "False", "matched_lat": 45.4375002, "matched_lon": 12.3345911, "match_confidence": "manual_nominatim", "geocoding_tier": "9", "Journal": null, "is_provincia": null, "matched_parish": null, "matched_sestiere": null, "matched_lett": null, "all_doors": null }, "geometry": { "type": "Point", "coordinates": [ 12.3345911, 45.4375002 ] } },
{ "type": "Feature", "properties": { "Name": "Albanese gr. uff. Giovanni", "Address": "Ponte della Canonica", "Location": "Campo dei Frari", "Category": null, "Role": "Avvocato dello Stato", "Profession": "Archivio di Stato", "Additional Info": "CONSORZIO DI BONIFICA— DEL LITORALE DI CAVALLINO", "page_num": "64", "source_file": "page_64_semantic.csv", "section": "government", "civic_num": null, "civic_lett": null, "sestiere_parsed": null, "parish_parsed": "Santa Maria Gloriosa", "sestiere_implied": "False", "match_note": "Manually geocoded via Nominatim lookup: Ponte della Canonica", "location_cleaned": null, "fail_reason": "no_civic_number", "nom_classification": "inside_venice", "nominatim_query": "Ponte della Canonica, Venezia, Italy", "nominatim_flagged": "False", "matched_lat": 45.43494, "matched_lon": 12.34056, "match_confidence": "manual_nominatim", "geocoding_tier": "9", "Journal": null, "is_provincia": null, "matched_parish": null, "matched_sestiere": null, "matched_lett": null, "all_doors": null }, "geometry": { "type": "Point", "coordinates": [ 12.34056, 45.43494 ] } },
{ "type": "Feature", "properties": { "Name": "Di Filippo comm. Antenore", "Address": "Ponte della Canonica", "Location": "Campo dei Frari", "Category": null, "Role": "Vice Avvocato dello Stato", "Profession": "Archivio di Stato", "Additional Info": "CONSORZIO DI BONIFICA— DEL LITORALE DI CAVALLINO", "page_num": "64", "source_file": "page_64_semantic.csv", "section": "government", "civic_num": null, "civic_lett": null, "sestiere_parsed": null, "parish_parsed": "Santa Maria Gloriosa", "sestiere_implied": "False", "match_note": "Manually geocoded via Nominatim lookup: Ponte della Canonica", "location_cleaned": null, "fail_reason": "no_civic_number", "nom_classification": "inside_venice", "nominatim_query": "Ponte della Canonica, Venezia, Italy", "nominatim_flagged": "False", "matched_lat": 45.43494, "matched_lon": 12.34056, "match_confidence": "manual_nominatim", "geocoding_tier": "9", "Journal": null, "is_provincia": null, "matched_parish": null, "matched_sestiere": null, "matched_lett": null, "all_doors": null }, "geometry": { "type": "Point", "coordinates": [ 12.34056, 45.43494 ] } },
{ "type": "Feature", "properties": { "Name": "Nista avv. Armando", "Address": "Ponte della Canonica", "Location": "Campo dei Frari", "Category": null, "Role": "Sostituto Avvocato dello Stato", "Profession": "Archivio di Stato", "Additional Info": "CONSORZIO DI BONIFICA— DEL LITORALE DI CAVALLINO", "page_num": "64", "source_file": "page_64_semantic.csv", "section": "government", "civic_num": null, "civic_lett": null, "sestiere_parsed": null, "parish_parsed": "Santa Maria Gloriosa", "sestiere_implied": "False", "match_note": "Manually geocoded via Nominatim lookup: Ponte della Canonica", "location_cleaned": null, "fail_reason": "no_civic_number", "nom_classification": "inside_venice", "nominatim_query": "Ponte della Canonica, Venezia, Italy", "nominatim_flagged": "False", "matched_lat": 45.43494, "matched_lon": 12.34056, "match_confidence": "manual_nominatim", "geocoding_tier": "9", "Journal": null, "is_provincia": null, "matched_parish": null, "matched_sestiere": null, "matched_lett": null, "all_doors": null }, "geometry": { "type": "Point", "coordinates": [ 12.34056, 45.43494 ] } },
{ "type": "Feature", "properties": { "Name": "Borgo cav. dr. Mario", "Address": "Ponte della Canonica", "Location": "Campo dei Frari", "Category": null, "Role": "Aggiunto di Procura", "Profession": "Archivio di Stato", "Additional Info": "CONSORZIO DI BONIFICA— DEL LITORALE DI CAVALLINO", "page_num": "64", "source_file": "page_64_semantic.csv", "section": "government", "civic_num": null, "civic_lett": null, "sestiere_parsed": null, "parish_parsed": "Santa Maria Gloriosa", "sestiere_implied": "False", "match_note": "Manually geocoded via Nominatim lookup: Ponte della Canonica", "location_cleaned": null, "fail_reason": "no_civic_number", "nom_classification": "inside_venice", "nominatim_query": "Ponte della Canonica, Venezia, Italy", "nominatim_flagged": "False", "matched_lat": 45.43494, "matched_lon": 12.34056, "match_confidence": "manual_nominatim", "geocoding_tier": "9", "Journal": null, "is_provincia": null, "matched_parish": null, "matched_sestiere": null, "matched_lett": null, "all_doors": null }, "geometry": { "type": "Point", "coordinates": [ 12.34056, 45.43494 ] } },
{ "type": "Feature", "properties": { "Name": "Sioni cav. Emanuele, Capuzzo cav. Ferruccio", "Address": "Ponte della Canonica", "Location": "Campo dei Frari", "Category": null, "Role": "Archivisti", "Profession": "Archivio di Stato", "Additional Info": "CONSORZIO DI BONIFICA— DEL LITORALE DI CAVALLINO", "page_num": "64", "source_file": "page_64_semantic.csv", "section": "government", "civic_num": null, "civic_lett": null, "sestiere_parsed": null, "parish_parsed": "Santa Maria Gloriosa", "sestiere_implied": "False", "match_note": "Manually geocoded via Nominatim lookup: Ponte della Canonica", "location_cleaned": null, "fail_reason": "no_civic_number", "nom_classification": "inside_venice", "nominatim_query": "Ponte della Canonica, Venezia, Italy", "nominatim_flagged": "False", "matched_lat": 45.43494, "matched_lon": 12.34056, "match_confidence": "manual_nominatim", "geocoding_tier": "9", "Journal": null, "is_provincia": null, "matched_parish": null, "matched_sestiere": null, "matched_lett": null, "all_doors": null }, "geometry": { "type": "Point", "coordinates": [ 12.34056, 45.43494 ] } },
{ "type": "Feature", "properties": { "Name": "Zennaro Giulia", "Address": "Ponte della Canonica", "Location": "Campo dei Frari", "Category": null, "Role": "Al. Applicati", "Profession": "Archivio di Stato", "Additional Info": "CONSORZIO DI BONIFICA— DEL LITORALE DI CAVALLINO", "page_num": "64", "source_file": "page_64_semantic.csv", "section": "government", "civic_num": null, "civic_lett": null, "sestiere_parsed": null, "parish_parsed": "Santa Maria Gloriosa", "sestiere_implied": "False", "match_note": "Manually geocoded via Nominatim lookup: Ponte della Canonica", "location_cleaned": null, "fail_reason": "no_civic_number", "nom_classification": "inside_venice", "nominatim_query": "Ponte della Canonica, Venezia, Italy", "nominatim_flagged": "False", "matched_lat": 45.43494, "matched_lon": 12.34056, "match_confidence": "manual_nominatim", "geocoding_tier": "9", "Journal": null, "is_provincia": null, "matched_parish": null, "matched_sestiere": null, "matched_lett": null, "all_doors": null }, "geometry": { "type": "Point", "coordinates": [ 12.34056, 45.43494 ] } },
{ "type": "Feature", "properties": { "Name": "Costantini Cesira", "Address": "Ponte della Canonica", "Location": "Campo dei Frari", "Category": null, "Role": "Al. ord.", "Profession": "Archivio di Stato", "Additional Info": "CONSORZIO DI BONIFICA— DEL LITORALE DI CAVALLINO", "page_num": "64", "source_file": "page_64_semantic.csv", "section": "government", "civic_num": null, "civic_lett": null, "sestiere_parsed": null, "parish_parsed": "Santa Maria Gloriosa", "sestiere_implied": "False", "match_note": "Manually geocoded via Nominatim lookup: Ponte della Canonica", "location_cleaned": null, "fail_reason": "no_civic_number", "nom_classification": "inside_venice", "nominatim_query": "Ponte della Canonica, Venezia, Italy", "nominatim_flagged": "False", "matched_lat": 45.43494, "matched_lon": 12.34056, "match_confidence": "manual_nominatim", "geocoding_tier": "9", "Journal": null, "is_provincia": null, "matched_parish": null, "matched_sestiere": null, "matched_lett": null, "all_doors": null }, "geometry": { "type": "Point", "coordinates": [ 12.34056, 45.43494 ] } },
{ "type": "Feature", "properties": { "Name": "Biasetto Massimiliano, Bzaccooschi Crescentino, Carretta Ermenegildo, Barisoni Guglielmo", "Address": "Ponte della Canonica", "Location": "Campo dei Frari", "Category": null, "Role": "Usceri", "Profession": "Archivio di Stato", "Additional Info": "CONSORZIO DI BONIFICA— DEL LITORALE DI CAVALLINO", "page_num": "64", "source_file": "page_64_semantic.csv", "section": "government", "civic_num": null, "civic_lett": null, "sestiere_parsed": null, "parish_parsed": "Santa Maria Gloriosa", "sestiere_implied": "False", "match_note": "Manually geocoded via Nominatim lookup: Ponte della Canonica", "location_cleaned": null, "fail_reason": "no_civic_number", "nom_classification": "inside_venice", "nominatim_query": "Ponte della Canonica, Venezia, Italy", "nominatim_flagged": "False", "matched_lat": 45.43494, "matched_lon": 12.34056, "match_confidence": "manual_nominatim", "geocoding_tier": "9", "Journal": null, "is_provincia": null, "matched_parish": null, "matched_sestiere": null, "matched_lett": null, "all_doors": null }, "geometry": { "type": "Point", "coordinates": [ 12.34056, 45.43494 ] } },
{ "type": "Feature", "properties": { "Name": "Dott. Lino Scabello", "Address": " Campo dei Carmini 2613", "Location": "Calle Giustinia", "Category": null, "Role": "ISPETTOR. PROV. DELL'AGRICOLTURA", "Profession": "Sezione specializzata di Zootecnia", "Additional Info": "COLTIVATORI DIRETTI E MEZZADRI, ,", "page_num": "65", "source_file": "page_65_semantic.csv", "section": "government", "civic_num": null, "civic_lett": null, "sestiere_parsed": null, "parish_parsed": null, "sestiere_implied": "False", "match_note": "Recovered from Role/Profession, geocoded via Nominatim:  Campo dei Carmini 2613, Venezia, Italia", "location_cleaned": null, "fail_reason": "no_civic_number", "nom_classification": "inside_venice", "nominatim_query": null, "nominatim_flagged": "False", "matched_lat": 45.4337699, "matched_lon": 12.3220079, "match_confidence": "role_profession_address_recovery", "geocoding_tier": "10", "Journal": null, "is_provincia": null, "matched_parish": null, "matched_sestiere": null, "matched_lett": null, "all_doors": null }, "geometry": { "type": "Point", "coordinates": [ 12.3220079, 45.4337699 ] } },
{ "type": "Feature", "properties": { "Name": "Speri Ing. Mario", "Address": "Campo S. Stefano", "Location": null, "Category": null, "Role": "Vice Presidente", "Profession": "AFFITTAVOLI", "Additional Info": ",", "page_num": "66", "source_file": "page_66_semantic.csv", "section": "government", "civic_num": null, "civic_lett": null, "sestiere_parsed": null, "parish_parsed": "Santo Stefano", "sestiere_implied": "False", "match_note": "Manually geocoded via Nominatim lookup: Campo S. Stefano", "location_cleaned": null, "fail_reason": "no_civic_number", "nom_classification": "inside_venice", "nominatim_query": "Campo San Stefano, Venezia, Italy", "nominatim_flagged": "False", "matched_lat": 45.4328097, "matched_lon": 12.3300846, "match_confidence": "manual_nominatim", "geocoding_tier": "9", "Journal": null, "is_provincia": null, "matched_parish": null, "matched_sestiere": null, "matched_lett": null, "all_doors": null }, "geometry": { "type": "Point", "coordinates": [ 12.3300846, 45.4328097 ] } },
{ "type": "Feature", "properties": { "Name": "Ambrosini ing. Pietro", "Address": "Campo S. Stefano", "Location": null, "Category": null, "Role": "Membro", "Profession": "AFFITTAVOLI", "Additional Info": ",", "page_num": "66", "source_file": "page_66_semantic.csv", "section": "government", "civic_num": null, "civic_lett": null, "sestiere_parsed": null, "parish_parsed": "Santo Stefano", "sestiere_implied": "False", "match_note": "Manually geocoded via Nominatim lookup: Campo S. Stefano", "location_cleaned": null, "fail_reason": "no_civic_number", "nom_classification": "inside_venice", "nominatim_query": "Campo San Stefano, Venezia, Italy", "nominatim_flagged": "False", "matched_lat": 45.4328097, "matched_lon": 12.3300846, "match_confidence": "manual_nominatim", "geocoding_tier": "9", "Journal": null, "is_provincia": null, "matched_parish": null, "matched_sestiere": null, "matched_lett": null, "all_doors": null }, "geometry": { "type": "Point", "coordinates": [ 12.3300846, 45.4328097 ] } },
{ "type": "Feature", "properties": { "Name": "Braida gr. uff. Nicola", "Address": "Campo S. Stefano", "Location": null, "Category": null, "Role": "Membro", "Profession": "AFFITTAVOLI", "Additional Info": ",", "page_num": "66", "source_file": "page_66_semantic.csv", "section": "government", "civic_num": null, "civic_lett": null, "sestiere_parsed": null, "parish_parsed": "Santo Stefano", "sestiere_implied": "False", "match_note": "Manually geocoded via Nominatim lookup: Campo S. Stefano", "location_cleaned": null, "fail_reason": "no_civic_number", "nom_classification": "inside_venice", "nominatim_query": "Campo San Stefano, Venezia, Italy", "nominatim_flagged": "False", "matched_lat": 45.4328097, "matched_lon": 12.3300846, "match_confidence": "manual_nominatim", "geocoding_tier": "9", "Journal": null, "is_provincia": null, "matched_parish": null, "matched_sestiere": null, "matched_lett": null, "all_doors": null }, "geometry": { "type": "Point", "coordinates": [ 12.3300846, 45.4328097 ] } },
{ "type": "Feature", "properties": { "Name": "Cottica avv. Alberto", "Address": "Campo S. Stefano", "Location": null, "Category": null, "Role": "Membro", "Profession": "AFFITTAVOLI", "Additional Info": ",", "page_num": "66", "source_file": "page_66_semantic.csv", "section": "government", "civic_num": null, "civic_lett": null, "sestiere_parsed": null, "parish_parsed": "Santo Stefano", "sestiere_implied": "False", "match_note": "Manually geocoded via Nominatim lookup: Campo S. Stefano", "location_cleaned": null, "fail_reason": "no_civic_number", "nom_classification": "inside_venice", "nominatim_query": "Campo San Stefano, Venezia, Italy", "nominatim_flagged": "False", "matched_lat": 45.4328097, "matched_lon": 12.3300846, "match_confidence": "manual_nominatim", "geocoding_tier": "9", "Journal": null, "is_provincia": null, "matched_parish": null, "matched_sestiere": null, "matched_lett": null, "all_doors": null }, "geometry": { "type": "Point", "coordinates": [ 12.3300846, 45.4328097 ] } },
{ "type": "Feature", "properties": { "Name": "Ghett-ing. Ottaviano", "Address": "Campo S. Stefano", "Location": null, "Category": null, "Role": "Membro", "Profession": "AFFITTAVOLI", "Additional Info": ",", "page_num": "66", "source_file": "page_66_semantic.csv", "section": "government", "civic_num": null, "civic_lett": null, "sestiere_parsed": null, "parish_parsed": "Santo Stefano", "sestiere_implied": "False", "match_note": "Manually geocoded via Nominatim lookup: Campo S. Stefano", "location_cleaned": null, "fail_reason": "no_civic_number", "nom_classification": "inside_venice", "nominatim_query": "Campo San Stefano, Venezia, Italy", "nominatim_flagged": "False", "matched_lat": 45.4328097, "matched_lon": 12.3300846, "match_confidence": "manual_nominatim", "geocoding_tier": "9", "Journal": null, "is_provincia": null, "matched_parish": null, "matched_sestiere": null, "matched_lett": null, "all_doors": null }, "geometry": { "type": "Point", "coordinates": [ 12.3300846, 45.4328097 ] } },
{ "type": "Feature", "properties": { "Name": "Maurodini ing. Mario", "Address": "Campo S. Stefano", "Location": null, "Category": null, "Role": "Membro", "Profession": "AFFITTAVOLI", "Additional Info": ",", "page_num": "66", "source_file": "page_66_semantic.csv", "section": "government", "civic_num": null, "civic_lett": null, "sestiere_parsed": null, "parish_parsed": "Santo Stefano", "sestiere_implied": "False", "match_note": "Manually geocoded via Nominatim lookup: Campo S. Stefano", "location_cleaned": null, "fail_reason": "no_civic_number", "nom_classification": "inside_venice", "nominatim_query": "Campo San Stefano, Venezia, Italy", "nominatim_flagged": "False", "matched_lat": 45.4328097, "matched_lon": 12.3300846, "match_confidence": "manual_nominatim", "geocoding_tier": "9", "Journal": null, "is_provincia": null, "matched_parish": null, "matched_sestiere": null, "matched_lett": null, "all_doors": null }, "geometry": { "type": "Point", "coordinates": [ 12.3300846, 45.4328097 ] } },
{ "type": "Feature", "properties": { "Name": "Gandini ing. Giorgio", "Address": "Campo S. Stefano", "Location": null, "Category": null, "Role": "Membro", "Profession": "AFFITTAVOLI", "Additional Info": ",", "page_num": "66", "source_file": "page_66_semantic.csv", "section": "government", "civic_num": null, "civic_lett": null, "sestiere_parsed": null, "parish_parsed": "Santo Stefano", "sestiere_implied": "False", "match_note": "Manually geocoded via Nominatim lookup: Campo S. Stefano", "location_cleaned": null, "fail_reason": "no_civic_number", "nom_classification": "inside_venice", "nominatim_query": "Campo San Stefano, Venezia, Italy", "nominatim_flagged": "False", "matched_lat": 45.4328097, "matched_lon": 12.3300846, "match_confidence": "manual_nominatim", "geocoding_tier": "9", "Journal": null, "is_provincia": null, "matched_parish": null, "matched_sestiere": null, "matched_lett": null, "all_doors": null }, "geometry": { "type": "Point", "coordinates": [ 12.3300846, 45.4328097 ] } },
{ "type": "Feature", "properties": { "Name": "Nardo ing. Flavio", "Address": "Campo S. Stefano", "Location": null, "Category": null, "Role": "Membro", "Profession": "AFFITTAVOLI", "Additional Info": ",", "page_num": "66", "source_file": "page_66_semantic.csv", "section": "government", "civic_num": null, "civic_lett": null, "sestiere_parsed": null, "parish_parsed": "Santo Stefano", "sestiere_implied": "False", "match_note": "Manually geocoded via Nominatim lookup: Campo S. Stefano", "location_cleaned": null, "fail_reason": "no_civic_number", "nom_classification": "inside_venice", "nominatim_query": "Campo San Stefano, Venezia, Italy", "nominatim_flagged": "False", "matched_lat": 45.4328097, "matched_lon": 12.3300846, "match_confidence": "manual_nominatim", "geocoding_tier": "9", "Journal": null, "is_provincia": null, "matched_parish": null, "matched_sestiere": null, "matched_lett": null, "all_doors": null }, "geometry": { "type": "Point", "coordinates": [ 12.3300846, 45.4328097 ] } },
{ "type": "Feature", "properties": { "Name": "Queo-Car. Antonio", "Address": "Campo S. Stefano", "Location": null, "Category": null, "Role": "Membro", "Profession": "AFFITTAVOLI", "Additional Info": ",", "page_num": "66", "source_file": "page_66_semantic.csv", "section": "government", "civic_num": null, "civic_lett": null, "sestiere_parsed": null, "parish_parsed": "Santo Stefano", "sestiere_implied": "False", "match_note": "Manually geocoded via Nominatim lookup: Campo S. Stefano", "location_cleaned": null, "fail_reason": "no_civic_number", "nom_classification": "inside_venice", "nominatim_query": "Campo San Stefano, Venezia, Italy", "nominatim_flagged": "False", "matched_lat": 45.4328097, "matched_lon": 12.3300846, "match_confidence": "manual_nominatim", "geocoding_tier": "9", "Journal": null, "is_provincia": null, "matched_parish": null, "matched_sestiere": null, "matched_lett": null, "all_doors": null }, "geometry": { "type": "Point", "coordinates": [ 12.3300846, 45.4328097 ] } },
{ "type": "Feature", "properties": { "Name": "Respi di Cervia ing. Adedoato", "Address": "Campo S. Stefano", "Location": null, "Category": null, "Role": "Membro", "Profession": "AFFITTAVOLI", "Additional Info": ",", "page_num": "66", "source_file": "page_66_semantic.csv", "section": "government", "civic_num": null, "civic_lett": null, "sestiere_parsed": null, "parish_parsed": "Santo Stefano", "sestiere_implied": "False", "match_note": "Manually geocoded via Nominatim lookup: Campo S. Stefano", "location_cleaned": null, "fail_reason": "no_civic_number", "nom_classification": "inside_venice", "nominatim_query": "Campo San Stefano, Venezia, Italy", "nominatim_flagged": "False", "matched_lat": 45.4328097, "matched_lon": 12.3300846, "match_confidence": "manual_nominatim", "geocoding_tier": "9", "Journal": null, "is_provincia": null, "matched_parish": null, "matched_sestiere": null, "matched_lett": null, "all_doors": null }, "geometry": { "type": "Point", "coordinates": [ 12.3300846, 45.4328097 ] } },
{ "type": "Feature", "properties": { "Name": "Cristina dr. Giuseppe", "Address": "Campo S. Stefano", "Location": null, "Category": null, "Role": "Direttore", "Profession": "AFFITTAVOLI", "Additional Info": ",", "page_num": "66", "source_file": "page_66_semantic.csv", "section": "government", "civic_num": null, "civic_lett": null, "sestiere_parsed": null, "parish_parsed": "Santo Stefano", "sestiere_implied": "False", "match_note": "Manually geocoded via Nominatim lookup: Campo S. Stefano", "location_cleaned": null, "fail_reason": "no_civic_number", "nom_classification": "inside_venice", "nominatim_query": "Campo San Stefano, Venezia, Italy", "nominatim_flagged": "False", "matched_lat": 45.4328097, "matched_lon": 12.3300846, "match_confidence": "manual_nominatim", "geocoding_tier": "9", "Journal": null, "is_provincia": null, "matched_parish": null, "matched_sestiere": null, "matched_lett": null, "all_doors": null }, "geometry": { "type": "Point", "coordinates": [ 12.3300846, 45.4328097 ] } },
{ "type": "Feature", "properties": { "Name": "Fontana Armando", "Address": "S. Luca - Calle Bembo", "Location": null, "Category": null, "Role": "Presidente", "Profession": "AFFITTAVOLI", "Additional Info": ",", "page_num": "66", "source_file": "page_66_semantic.csv", "section": "government", "civic_num": null, "civic_lett": null, "sestiere_parsed": null, "parish_parsed": "San Luca", "sestiere_implied": "False", "match_note": "Manually geocoded via Nominatim lookup: S. Luca - Calle Bembo", "location_cleaned": null, "fail_reason": "no_civic_number", "nom_classification": "inside_venice", "nominatim_query": null, "nominatim_flagged": "False", "matched_lat": 45.4367016, "matched_lon": 12.3352261, "match_confidence": "manual_nominatim", "geocoding_tier": "9", "Journal": null, "is_provincia": null, "matched_parish": null, "matched_sestiere": null, "matched_lett": null, "all_doors": null }, "geometry": { "type": "Point", "coordinates": [ 12.3352261, 45.4367016 ] } },
{ "type": "Feature", "properties": { "Name": "Ratti Dr. Donato", "Address": "S. Luca - Calle Bembo", "Location": null, "Category": null, "Role": "V. Presidente", "Profession": "AFFITTAVOLI", "Additional Info": ",", "page_num": "66", "source_file": "page_66_semantic.csv", "section": "government", "civic_num": null, "civic_lett": null, "sestiere_parsed": null, "parish_parsed": "San Luca", "sestiere_implied": "False", "match_note": "Manually geocoded via Nominatim lookup: S. Luca - Calle Bembo", "location_cleaned": null, "fail_reason": "no_civic_number", "nom_classification": "inside_venice", "nominatim_query": null, "nominatim_flagged": "False", "matched_lat": 45.4367016, "matched_lon": 12.3352261, "match_confidence": "manual_nominatim", "geocoding_tier": "9", "Journal": null, "is_provincia": null, "matched_parish": null, "matched_sestiere": null, "matched_lett": null, "all_doors": null }, "geometry": { "type": "Point", "coordinates": [ 12.3352261, 45.4367016 ] } },
{ "type": "Feature", "properties": { "Name": "Bettinello Comm. Antonio", "Address": "S. Luca - Calle Bembo", "Location": null, "Category": null, "Role": "V. Presidente", "Profession": "AFFITTAVOLI", "Additional Info": ",", "page_num": "66", "source_file": "page_66_semantic.csv", "section": "government", "civic_num": null, "civic_lett": null, "sestiere_parsed": null, "parish_parsed": "San Luca", "sestiere_implied": "False", "match_note": "Manually geocoded via Nominatim lookup: S. Luca - Calle Bembo", "location_cleaned": null, "fail_reason": "no_civic_number", "nom_classification": "inside_venice", "nominatim_query": null, "nominatim_flagged": "False", "matched_lat": 45.4367016, "matched_lon": 12.3352261, "match_confidence": "manual_nominatim", "geocoding_tier": "9", "Journal": null, "is_provincia": null, "matched_parish": null, "matched_sestiere": null, "matched_lett": null, "all_doors": null }, "geometry": { "type": "Point", "coordinates": [ 12.3352261, 45.4367016 ] } },
{ "type": "Feature", "properties": { "Name": "Accorsi Aldo", "Address": "S. Luca - Calle Bembo", "Location": null, "Category": null, "Role": "Consigliere", "Profession": "AFFITTAVOLI", "Additional Info": ",", "page_num": "66", "source_file": "page_66_semantic.csv", "section": "government", "civic_num": null, "civic_lett": null, "sestiere_parsed": null, "parish_parsed": "San Luca", "sestiere_implied": "False", "match_note": "Manually geocoded via Nominatim lookup: S. Luca - Calle Bembo", "location_cleaned": null, "fail_reason": "no_civic_number", "nom_classification": "inside_venice", "nominatim_query": null, "nominatim_flagged": "False", "matched_lat": 45.4367016, "matched_lon": 12.3352261, "match_confidence": "manual_nominatim", "geocoding_tier": "9", "Journal": null, "is_provincia": null, "matched_parish": null, "matched_sestiere": null, "matched_lett": null, "all_doors": null }, "geometry": { "type": "Point", "coordinates": [ 12.3352261, 45.4367016 ] } },
{ "type": "Feature", "properties": { "Name": "Alverà dr. Luigi", "Address": "S. Luca - Calle Bembo", "Location": null, "Category": null, "Role": "Consigliere", "Profession": "AFFITTAVOLI", "Additional Info": ",", "page_num": "66", "source_file": "page_66_semantic.csv", "section": "government", "civic_num": null, "civic_lett": null, "sestiere_parsed": null, "parish_parsed": "San Luca", "sestiere_implied": "False", "match_note": "Manually geocoded via Nominatim lookup: S. Luca - Calle Bembo", "location_cleaned": null, "fail_reason": "no_civic_number", "nom_classification": "inside_venice", "nominatim_query": null, "nominatim_flagged": "False", "matched_lat": 45.4367016, "matched_lon": 12.3352261, "match_confidence": "manual_nominatim", "geocoding_tier": "9", "Journal": null, "is_provincia": null, "matched_parish": null, "matched_sestiere": null, "matched_lett": null, "all_doors": null }, "geometry": { "type": "Point", "coordinates": [ 12.3352261, 45.4367016 ] } },
{ "type": "Feature", "properties": { "Name": "Caffi Marcello", "Address": "S. Luca - Calle Bembo", "Location": null, "Category": null, "Role": "Consigliere", "Profession": "AFFITTAVOLI", "Additional Info": ",", "page_num": "66", "source_file": "page_66_semantic.csv", "section": "government", "civic_num": null, "civic_lett": null, "sestiere_parsed": null, "parish_parsed": "San Luca", "sestiere_implied": "False", "match_note": "Manually geocoded via Nominatim lookup: S. Luca - Calle Bembo", "location_cleaned": null, "fail_reason": "no_civic_number", "nom_classification": "inside_venice", "nominatim_query": null, "nominatim_flagged": "False", "matched_lat": 45.4367016, "matched_lon": 12.3352261, "match_confidence": "manual_nominatim", "geocoding_tier": "9", "Journal": null, "is_provincia": null, "matched_parish": null, "matched_sestiere": null, "matched_lett": null, "all_doors": null }, "geometry": { "type": "Point", "coordinates": [ 12.3352261, 45.4367016 ] } },
{ "type": "Feature", "properties": { "Name": "Cappellin Manlio", "Address": "S. Luca - Calle Bembo", "Location": null, "Category": null, "Role": "Consigliere", "Profession": "AFFITTAVOLI", "Additional Info": ",", "page_num": "66", "source_file": "page_66_semantic.csv", "section": "government", "civic_num": null, "civic_lett": null, "sestiere_parsed": null, "parish_parsed": "San Luca", "sestiere_implied": "False", "match_note": "Manually geocoded via Nominatim lookup: S. Luca - Calle Bembo", "location_cleaned": null, "fail_reason": "no_civic_number", "nom_classification": "inside_venice", "nominatim_query": null, "nominatim_flagged": "False", "matched_lat": 45.4367016, "matched_lon": 12.3352261, "match_confidence": "manual_nominatim", "geocoding_tier": "9", "Journal": null, "is_provincia": null, "matched_parish": null, "matched_sestiere": null, "matched_lett": null, "all_doors": null }, "geometry": { "type": "Point", "coordinates": [ 12.3352261, 45.4367016 ] } },
{ "type": "Feature", "properties": { "Name": "Friedenberg dr. Mario", "Address": "S. Luca - Calle Bembo", "Location": null, "Category": null, "Role": "Consigliere", "Profession": "AFFITTAVOLI", "Additional Info": ",", "page_num": "66", "source_file": "page_66_semantic.csv", "section": "government", "civic_num": null, "civic_lett": null, "sestiere_parsed": null, "parish_parsed": "San Luca", "sestiere_implied": "False", "match_note": "Manually geocoded via Nominatim lookup: S. Luca - Calle Bembo", "location_cleaned": null, "fail_reason": "no_civic_number", "nom_classification": "inside_venice", "nominatim_query": null, "nominatim_flagged": "False", "matched_lat": 45.4367016, "matched_lon": 12.3352261, "match_confidence": "manual_nominatim", "geocoding_tier": "9", "Journal": null, "is_provincia": null, "matched_parish": null, "matched_sestiere": null, "matched_lett": null, "all_doors": null }, "geometry": { "type": "Point", "coordinates": [ 12.3352261, 45.4367016 ] } },
{ "type": "Feature", "properties": { "Name": "Gaggio Riccardo", "Address": "S. Luca - Calle Bembo", "Location": null, "Category": null, "Role": "Consigliere", "Profession": "AFFITTAVOLI", "Additional Info": ",", "page_num": "66", "source_file": "page_66_semantic.csv", "section": "government", "civic_num": null, "civic_lett": null, "sestiere_parsed": null, "parish_parsed": "San Luca", "sestiere_implied": "False", "match_note": "Manually geocoded via Nominatim lookup: S. Luca - Calle Bembo", "location_cleaned": null, "fail_reason": "no_civic_number", "nom_classification": "inside_venice", "nominatim_query": null, "nominatim_flagged": "False", "matched_lat": 45.4367016, "matched_lon": 12.3352261, "match_confidence": "manual_nominatim", "geocoding_tier": "9", "Journal": null, "is_provincia": null, "matched_parish": null, "matched_sestiere": null, "matched_lett": null, "all_doors": null }, "geometry": { "type": "Point", "coordinates": [ 12.3352261, 45.4367016 ] } },
{ "type": "Feature", "properties": { "Name": "Lunetti Giulio", "Address": "S. Luca - Calle Bembo", "Location": null, "Category": null, "Role": "Consigliere", "Profession": "AFFITTAVOLI", "Additional Info": ",", "page_num": "66", "source_file": "page_66_semantic.csv", "section": "government", "civic_num": null, "civic_lett": null, "sestiere_parsed": null, "parish_parsed": "San Luca", "sestiere_implied": "False", "match_note": "Manually geocoded via Nominatim lookup: S. Luca - Calle Bembo", "location_cleaned": null, "fail_reason": "no_civic_number", "nom_classification": "inside_venice", "nominatim_query": null, "nominatim_flagged": "False", "matched_lat": 45.4367016, "matched_lon": 12.3352261, "match_confidence": "manual_nominatim", "geocoding_tier": "9", "Journal": null, "is_provincia": null, "matched_parish": null, "matched_sestiere": null, "matched_lett": null, "all_doors": null }, "geometry": { "type": "Point", "coordinates": [ 12.3352261, 45.4367016 ] } },
{ "type": "Feature", "properties": { "Name": "Pelizzari Luigi", "Address": "S. Luca - Calle Bembo", "Location": null, "Category": null, "Role": "Consigliere", "Profession": "AFFITTAVOLI", "Additional Info": ",", "page_num": "66", "source_file": "page_66_semantic.csv", "section": "government", "civic_num": null, "civic_lett": null, "sestiere_parsed": null, "parish_parsed": "San Luca", "sestiere_implied": "False", "match_note": "Manually geocoded via Nominatim lookup: S. Luca - Calle Bembo", "location_cleaned": null, "fail_reason": "no_civic_number", "nom_classification": "inside_venice", "nominatim_query": null, "nominatim_flagged": "False", "matched_lat": 45.4367016, "matched_lon": 12.3352261, "match_confidence": "manual_nominatim", "geocoding_tier": "9", "Journal": null, "is_provincia": null, "matched_parish": null, "matched_sestiere": null, "matched_lett": null, "all_doors": null }, "geometry": { "type": "Point", "coordinates": [ 12.3352261, 45.4367016 ] } },
{ "type": "Feature", "properties": { "Name": "Penzin ing. Felice", "Address": "S. Luca - Calle Bembo", "Location": null, "Category": null, "Role": "Consigliere", "Profession": "AFFITTAVOLI", "Additional Info": ",", "page_num": "66", "source_file": "page_66_semantic.csv", "section": "government", "civic_num": null, "civic_lett": null, "sestiere_parsed": null, "parish_parsed": "San Luca", "sestiere_implied": "False", "match_note": "Manually geocoded via Nominatim lookup: S. Luca - Calle Bembo", "location_cleaned": null, "fail_reason": "no_civic_number", "nom_classification": "inside_venice", "nominatim_query": null, "nominatim_flagged": "False", "matched_lat": 45.4367016, "matched_lon": 12.3352261, "match_confidence": "manual_nominatim", "geocoding_tier": "9", "Journal": null, "is_provincia": null, "matched_parish": null, "matched_sestiere": null, "matched_lett": null, "all_doors": null }, "geometry": { "type": "Point", "coordinates": [ 12.3352261, 45.4367016 ] } },
{ "type": "Feature", "properties": { "Name": "Testolini dr. Adelchi", "Address": "S. Luca - Calle Bembo", "Location": null, "Category": null, "Role": "Consigliere", "Profession": "AFFITTAVOLI", "Additional Info": ",", "page_num": "66", "source_file": "page_66_semantic.csv", "section": "government", "civic_num": null, "civic_lett": null, "sestiere_parsed": null, "parish_parsed": "San Luca", "sestiere_implied": "False", "match_note": "Manually geocoded via Nominatim lookup: S. Luca - Calle Bembo", "location_cleaned": null, "fail_reason": "no_civic_number", "nom_classification": "inside_venice", "nominatim_query": null, "nominatim_flagged": "False", "matched_lat": 45.4367016, "matched_lon": 12.3352261, "match_confidence": "manual_nominatim", "geocoding_tier": "9", "Journal": null, "is_provincia": null, "matched_parish": null, "matched_sestiere": null, "matched_lett": null, "all_doors": null }, "geometry": { "type": "Point", "coordinates": [ 12.3352261, 45.4367016 ] } },
{ "type": "Feature", "properties": { "Name": "Da Molin rag. Domenico", "Address": "S. Luca - Calle Bembo", "Location": null, "Category": null, "Role": "Revisore dei conti", "Profession": "AFFITTAVOLI", "Additional Info": ",", "page_num": "66", "source_file": "page_66_semantic.csv", "section": "government", "civic_num": null, "civic_lett": null, "sestiere_parsed": null, "parish_parsed": "San Luca", "sestiere_implied": "False", "match_note": "Manually geocoded via Nominatim lookup: S. Luca - Calle Bembo", "location_cleaned": null, "fail_reason": "no_civic_number", "nom_classification": "inside_venice", "nominatim_query": null, "nominatim_flagged": "False", "matched_lat": 45.4367016, "matched_lon": 12.3352261, "match_confidence": "manual_nominatim", "geocoding_tier": "9", "Journal": null, "is_provincia": null, "matched_parish": null, "matched_sestiere": null, "matched_lett": null, "all_doors": null }, "geometry": { "type": "Point", "coordinates": [ 12.3352261, 45.4367016 ] } },
{ "type": "Feature", "properties": { "Name": "Franchi dr. Mario", "Address": "S. Luca - Calle Bembo", "Location": null, "Category": null, "Role": "Revisore dei conti", "Profession": "AFFITTAVOLI", "Additional Info": ",", "page_num": "66", "source_file": "page_66_semantic.csv", "section": "government", "civic_num": null, "civic_lett": null, "sestiere_parsed": null, "parish_parsed": "San Luca", "sestiere_implied": "False", "match_note": "Manually geocoded via Nominatim lookup: S. Luca - Calle Bembo", "location_cleaned": null, "fail_reason": "no_civic_number", "nom_classification": "inside_venice", "nominatim_query": null, "nominatim_flagged": "False", "matched_lat": 45.4367016, "matched_lon": 12.3352261, "match_confidence": "manual_nominatim", "geocoding_tier": "9", "Journal": null, "is_provincia": null, "matched_parish": null, "matched_sestiere": null, "matched_lett": null, "all_doors": null }, "geometry": { "type": "Point", "coordinates": [ 12.3352261, 45.4367016 ] } },
{ "type": "Feature", "properties": { "Name": "Zavagno cav. Aureliano", "Address": "S. Luca - Calle Bembo", "Location": null, "Category": null, "Role": "Revisore dei conti", "Profession": "AFFITTAVOLI", "Additional Info": ",", "page_num": "66", "source_file": "page_66_semantic.csv", "section": "government", "civic_num": null, "civic_lett": null, "sestiere_parsed": null, "parish_parsed": "San Luca", "sestiere_implied": "False", "match_note": "Manually geocoded via Nominatim lookup: S. Luca - Calle Bembo", "location_cleaned": null, "fail_reason": "no_civic_number", "nom_classification": "inside_venice", "nominatim_query": null, "nominatim_flagged": "False", "matched_lat": 45.4367016, "matched_lon": 12.3352261, "match_confidence": "manual_nominatim", "geocoding_tier": "9", "Journal": null, "is_provincia": null, "matched_parish": null, "matched_sestiere": null, "matched_lett": null, "all_doors": null }, "geometry": { "type": "Point", "coordinates": [ 12.3352261, 45.4367016 ] } },
{ "type": "Feature", "properties": { "Name": "Gaggio Riccardo", "Address": "S. Luca - Calle Bembo", "Location": null, "Category": null, "Role": "Cassiere-Economi", "Profession": "AFFITTAVOLI", "Additional Info": ",", "page_num": "66", "source_file": "page_66_semantic.csv", "section": "government", "civic_num": null, "civic_lett": null, "sestiere_parsed": null, "parish_parsed": "San Luca", "sestiere_implied": "False", "match_note": "Manually geocoded via Nominatim lookup: S. Luca - Calle Bembo", "location_cleaned": null, "fail_reason": "no_civic_number", "nom_classification": "inside_venice", "nominatim_query": null, "nominatim_flagged": "False", "matched_lat": 45.4367016, "matched_lon": 12.3352261, "match_confidence": "manual_nominatim", "geocoding_tier": "9", "Journal": null, "is_provincia": null, "matched_parish": null, "matched_sestiere": null, "matched_lett": null, "all_doors": null }, "geometry": { "type": "Point", "coordinates": [ 12.3352261, 45.4367016 ] } },
{ "type": "Feature", "properties": { "Name": "Lorenzini Leonardo", "Address": "S. Luca - Calle Bembo", "Location": null, "Category": null, "Role": "Segretario", "Profession": "AFFITTAVOLI", "Additional Info": ",", "page_num": "66", "source_file": "page_66_semantic.csv", "section": "government", "civic_num": null, "civic_lett": null, "sestiere_parsed": null, "parish_parsed": "San Luca", "sestiere_implied": "False", "match_note": "Manually geocoded via Nominatim lookup: S. Luca - Calle Bembo", "location_cleaned": null, "fail_reason": "no_civic_number", "nom_classification": "inside_venice", "nominatim_query": null, "nominatim_flagged": "False", "matched_lat": 45.4367016, "matched_lon": 12.3352261, "match_confidence": "manual_nominatim", "geocoding_tier": "9", "Journal": null, "is_provincia": null, "matched_parish": null, "matched_sestiere": null, "matched_lett": null, "all_doors": null }, "geometry": { "type": "Point", "coordinates": [ 12.3352261, 45.4367016 ] } },
{ "type": "Feature", "properties": { "Name": "Del Prà cav. Giacomo", "Address": "S. Luca - Calle Bembo", "Location": "Grossisti tessili", "Category": null, "Role": "Capo di Gruppo o Categoria", "Profession": "AFFITTAVOLI", "Additional Info": ",", "page_num": "66", "source_file": "page_66_semantic.csv", "section": "government", "civic_num": null, "civic_lett": null, "sestiere_parsed": null, "parish_parsed": "San Luca", "sestiere_implied": "False", "match_note": "Manually geocoded via Nominatim lookup: S. Luca - Calle Bembo", "location_cleaned": null, "fail_reason": "no_civic_number", "nom_classification": "inside_venice", "nominatim_query": null, "nominatim_flagged": "False", "matched_lat": 45.4367016, "matched_lon": 12.3352261, "match_confidence": "manual_nominatim", "geocoding_tier": "9", "Journal": null, "is_provincia": null, "matched_parish": null, "matched_sestiere": null, "matched_lett": null, "all_doors": null }, "geometry": { "type": "Point", "coordinates": [ 12.3352261, 45.4367016 ] } },
{ "type": "Feature", "properties": { "Name": "Montagna Giovanni", "Address": "S. Luca - Calle Bembo", "Location": "dettaglianti tessili", "Category": null, "Role": "Capo di Gruppo o Categoria", "Profession": "AFFITTAVOLI", "Additional Info": ",", "page_num": "66", "source_file": "page_66_semantic.csv", "section": "government", "civic_num": null, "civic_lett": null, "sestiere_parsed": null, "parish_parsed": "San Luca", "sestiere_implied": "False", "match_note": "Manually geocoded via Nominatim lookup: S. Luca - Calle Bembo", "location_cleaned": null, "fail_reason": "no_civic_number", "nom_classification": "inside_venice", "nominatim_query": null, "nominatim_flagged": "False", "matched_lat": 45.4367016, "matched_lon": 12.3352261, "match_confidence": "manual_nominatim", "geocoding_tier": "9", "Journal": null, "is_provincia": null, "matched_parish": null, "matched_sestiere": null, "matched_lett": null, "all_doors": null }, "geometry": { "type": "Point", "coordinates": [ 12.3352261, 45.4367016 ] } },
{ "type": "Feature", "properties": { "Name": "Fedel Egidio", "Address": "S. Luca - Calle Bembo", "Location": "arredamenti", "Category": null, "Role": "Capo di Gruppo o Categoria", "Profession": "AFFITTAVOLI", "Additional Info": ",", "page_num": "66", "source_file": "page_66_semantic.csv", "section": "government", "civic_num": null, "civic_lett": null, "sestiere_parsed": null, "parish_parsed": "San Luca", "sestiere_implied": "False", "match_note": "Manually geocoded via Nominatim lookup: S. Luca - Calle Bembo", "location_cleaned": null, "fail_reason": "no_civic_number", "nom_classification": "inside_venice", "nominatim_query": null, "nominatim_flagged": "False", "matched_lat": 45.4367016, "matched_lon": 12.3352261, "match_confidence": "manual_nominatim", "geocoding_tier": "9", "Journal": null, "is_provincia": null, "matched_parish": null, "matched_sestiere": null, "matched_lett": null, "all_doors": null }, "geometry": { "type": "Point", "coordinates": [ 12.3352261, 45.4367016 ] } },
{ "type": "Feature", "properties": { "Name": "Squellati-ni Manlio", "Address": "S. Luca - Calle Bembo", "Location": "confezioni", "Category": null, "Role": "Capo di Gruppo o Categoria", "Profession": "AFFITTAVOLI", "Additional Info": ",", "page_num": "66", "source_file": "page_66_semantic.csv", "section": "government", "civic_num": null, "civic_lett": null, "sestiere_parsed": null, "parish_parsed": "San Luca", "sestiere_implied": "False", "match_note": "Manually geocoded via Nominatim lookup: S. Luca - Calle Bembo", "location_cleaned": null, "fail_reason": "no_civic_number", "nom_classification": "inside_venice", "nominatim_query": null, "nominatim_flagged": "False", "matched_lat": 45.4367016, "matched_lon": 12.3352261, "match_confidence": "manual_nominatim", "geocoding_tier": "9", "Journal": null, "is_provincia": null, "matched_parish": null, "matched_sestiere": null, "matched_lett": null, "all_doors": null }, "geometry": { "type": "Point", "coordinates": [ 12.3352261, 45.4367016 ] } },
{ "type": "Feature", "properties": { "Name": "Pelizzari Luigi", "Address": "S. Luca - Calle Bembo", "Location": null, "Category": null, "Role": "mercierie, lingere, maglierie ed affini", "Profession": "Capo di Gruppo o Categoria", "Additional Info": ",", "page_num": "66", "source_file": "page_66_semantic.csv", "section": "government", "civic_num": null, "civic_lett": null, "sestiere_parsed": null, "parish_parsed": "San Luca", "sestiere_implied": "False", "match_note": "Manually geocoded via Nominatim lookup: S. Luca - Calle Bembo", "location_cleaned": null, "fail_reason": "no_civic_number", "nom_classification": "inside_venice", "nominatim_query": null, "nominatim_flagged": "False", "matched_lat": 45.4367016, "matched_lon": 12.3352261, "match_confidence": "manual_nominatim", "geocoding_tier": "9", "Journal": null, "is_provincia": null, "matched_parish": null, "matched_sestiere": null, "matched_lett": null, "all_doors": null }, "geometry": { "type": "Point", "coordinates": [ 12.3352261, 45.4367016 ] } },
{ "type": "Feature", "properties": { "Name": "Barbasio Bruno", "Address": "S. Luca - Calle Bembo", "Location": "Cappelliere", "Category": null, "Role": "Capo di Gruppo o Categoria", "Profession": "AFFITTAVOLI", "Additional Info": ",", "page_num": "66", "source_file": "page_66_semantic.csv", "section": "government", "civic_num": null, "civic_lett": null, "sestiere_parsed": null, "parish_parsed": "San Luca", "sestiere_implied": "False", "match_note": "Manually geocoded via Nominatim lookup: S. Luca - Calle Bembo", "location_cleaned": null, "fail_reason": "no_civic_number", "nom_classification": "inside_venice", "nominatim_query": null, "nominatim_flagged": "False", "matched_lat": 45.4367016, "matched_lon": 12.3352261, "match_confidence": "manual_nominatim", "geocoding_tier": "9", "Journal": null, "is_provincia": null, "matched_parish": null, "matched_sestiere": null, "matched_lett": null, "all_doors": null }, "geometry": { "type": "Point", "coordinates": [ 12.3352261, 45.4367016 ] } },
{ "type": "Feature", "properties": { "Name": "Falcier Bruno", "Address": "S. Luca - Calle Bembo", "Location": "pelliccerie", "Category": null, "Role": "Capo di Gruppo o Categoria", "Profession": "AFFITTAVOLI", "Additional Info": ",", "page_num": "66", "source_file": "page_66_semantic.csv", "section": "government", "civic_num": null, "civic_lett": null, "sestiere_parsed": null, "parish_parsed": "San Luca", "sestiere_implied": "False", "match_note": "Manually geocoded via Nominatim lookup: S. Luca - Calle Bembo", "location_cleaned": null, "fail_reason": "no_civic_number", "nom_classification": "inside_venice", "nominatim_query": null, "nominatim_flagged": "False", "matched_lat": 45.4367016, "matched_lon": 12.3352261, "match_confidence": "manual_nominatim", "geocoding_tier": "9", "Journal": null, "is_provincia": null, "matched_parish": null, "matched_sestiere": null, "matched_lett": null, "all_doors": null }, "geometry": { "type": "Point", "coordinates": [ 12.3352261, 45.4367016 ] } },
{ "type": "Feature", "properties": { "Name": "Petulinelli Orazio", "Address": "S. Luca - Calle Bembo", "Location": "articoli sportivi, pelletterie, valigerie ed affini", "Category": null, "Role": "Capo di Gruppo o Categoria", "Profession": "AFFITTAVOLI", "Additional Info": ",", "page_num": "66", "source_file": "page_66_semantic.csv", "section": "government", "civic_num": null, "civic_lett": null, "sestiere_parsed": null, "parish_parsed": "San Luca", "sestiere_implied": "False", "match_note": "Manually geocoded via Nominatim lookup: S. Luca - Calle Bembo", "location_cleaned": null, "fail_reason": "no_civic_number", "nom_classification": "inside_venice", "nominatim_query": null, "nominatim_flagged": "False", "matched_lat": 45.4367016, "matched_lon": 12.3352261, "match_confidence": "manual_nominatim", "geocoding_tier": "9", "Journal": null, "is_provincia": null, "matched_parish": null, "matched_sestiere": null, "matched_lett": null, "all_doors": null }, "geometry": { "type": "Point", "coordinates": [ 12.3352261, 45.4367016 ] } },
{ "type": "Feature", "properties": { "Name": "Accorsi Aldo", "Address": "S. Luca - Calle Bembo", "Location": "calzolerie", "Category": null, "Role": "Capo di Gruppo o Categoria", "Profession": "AFFITTAVOLI", "Additional Info": ",", "page_num": "66", "source_file": "page_66_semantic.csv", "section": "government", "civic_num": null, "civic_lett": null, "sestiere_parsed": null, "parish_parsed": "San Luca", "sestiere_implied": "False", "match_note": "Manually geocoded via Nominatim lookup: S. Luca - Calle Bembo", "location_cleaned": null, "fail_reason": "no_civic_number", "nom_classification": "inside_venice", "nominatim_query": null, "nominatim_flagged": "False", "matched_lat": 45.4367016, "matched_lon": 12.3352261, "match_confidence": "manual_nominatim", "geocoding_tier": "9", "Journal": null, "is_provincia": null, "matched_parish": null, "matched_sestiere": null, "matched_lett": null, "all_doors": null }, "geometry": { "type": "Point", "coordinates": [ 12.3352261, 45.4367016 ] } },
{ "type": "Feature", "properties": { "Name": "Lunetti Giulio", "Address": "S. Luca - Calle Bembo", "Location": "profumerie e giocattoli", "Category": null, "Role": "Capo di Gruppo o Categoria", "Profession": "AFFITTAVOLI", "Additional Info": ",", "page_num": "66", "source_file": "page_66_semantic.csv", "section": "government", "civic_num": null, "civic_lett": null, "sestiere_parsed": null, "parish_parsed": "San Luca", "sestiere_implied": "False", "match_note": "Manually geocoded via Nominatim lookup: S. Luca - Calle Bembo", "location_cleaned": null, "fail_reason": "no_civic_number", "nom_classification": "inside_venice", "nominatim_query": null, "nominatim_flagged": "False", "matched_lat": 45.4367016, "matched_lon": 12.3352261, "match_confidence": "manual_nominatim", "geocoding_tier": "9", "Journal": null, "is_provincia": null, "matched_parish": null, "matched_sestiere": null, "matched_lett": null, "all_doors": null }, "geometry": { "type": "Point", "coordinates": [ 12.3352261, 45.4367016 ] } },
{ "type": "Feature", "properties": { "Name": "Testolini dr. Adelchi", "Address": "S. Luca - Calle Bembo", "Location": "cartolerie", "Category": null, "Role": "Capo di Gruppo o Categoria", "Profession": "AFFITTAVOLI", "Additional Info": ",", "page_num": "66", "source_file": "page_66_semantic.csv", "section": "government", "civic_num": null, "civic_lett": null, "sestiere_parsed": null, "parish_parsed": "San Luca", "sestiere_implied": "False", "match_note": "Manually geocoded via Nominatim lookup: S. Luca - Calle Bembo", "location_cleaned": null, "fail_reason": "no_civic_number", "nom_classification": "inside_venice", "nominatim_query": null, "nominatim_flagged": "False", "matched_lat": 45.4367016, "matched_lon": 12.3352261, "match_confidence": "manual_nominatim", "geocoding_tier": "9", "Journal": null, "is_provincia": null, "matched_parish": null, "matched_sestiere": null, "matched_lett": null, "all_doors": null }, "geometry": { "type": "Point", "coordinates": [ 12.3352261, 45.4367016 ] } },
{ "type": "Feature", "properties": { "Name": "Alfieri Vittorio", "Address": "S. Luca - Calle Bembo", "Location": "Aligheri", "Category": null, "Role": "Capo di Gruppo o Categoria", "Profession": "AFFITTAVOLI", "Additional Info": ",", "page_num": "66", "source_file": "page_66_semantic.csv", "section": "government", "civic_num": null, "civic_lett": null, "sestiere_parsed": null, "parish_parsed": "San Luca", "sestiere_implied": "False", "match_note": "Manually geocoded via Nominatim lookup: S. Luca - Calle Bembo", "location_cleaned": null, "fail_reason": "no_civic_number", "nom_classification": "inside_venice", "nominatim_query": null, "nominatim_flagged": "False", "matched_lat": 45.4367016, "matched_lon": 12.3352261, "match_confidence": "manual_nominatim", "geocoding_tier": "9", "Journal": null, "is_provincia": null, "matched_parish": null, "matched_sestiere": null, "matched_lett": null, "all_doors": null }, "geometry": { "type": "Point", "coordinates": [ 12.3352261, 45.4367016 ] } },
{ "type": "Feature", "properties": { "Name": "Gaggio Gjanni", "Address": "S. Luca - Calle Bembo", "Location": "grossisti, cartai, e cartoni", "Category": null, "Role": "Capo di Gruppo o Categoria", "Profession": "AFFITTAVOLI", "Additional Info": ",", "page_num": "66", "source_file": "page_66_semantic.csv", "section": "government", "civic_num": null, "civic_lett": null, "sestiere_parsed": null, "parish_parsed": "San Luca", "sestiere_implied": "False", "match_note": "Manually geocoded via Nominatim lookup: S. Luca - Calle Bembo", "location_cleaned": null, "fail_reason": "no_civic_number", "nom_classification": "inside_venice", "nominatim_query": null, "nominatim_flagged": "False", "matched_lat": 45.4367016, "matched_lon": 12.3352261, "match_confidence": "manual_nominatim", "geocoding_tier": "9", "Journal": null, "is_provincia": null, "matched_parish": null, "matched_sestiere": null, "matched_lett": null, "all_doors": null }, "geometry": { "type": "Point", "coordinates": [ 12.3352261, 45.4367016 ] } },
{ "type": "Feature", "properties": { "Name": "Scattferin Bruno", "Address": "Via Manin", "Location": null, "Category": null, "Role": "- GUIDA COMMERCIALE 01 VENEZIA E PROVINCIA", "Profession": "arte antica", "Additional Info": ",", "page_num": "67", "source_file": "page_67_semantic.csv", "section": "government", "civic_num": null, "civic_lett": null, "sestiere_parsed": null, "parish_parsed": null, "sestiere_implied": "False", "match_note": "Manually geocoded via Nominatim lookup: Via Manin", "location_cleaned": null, "fail_reason": "no_civic_number", "nom_classification": "inside_venice", "nominatim_query": null, "nominatim_flagged": "False", "matched_lat": 45.2607, "matched_lon": 12.2003, "match_confidence": "manual_nominatim", "geocoding_tier": "9", "Journal": null, "is_provincia": null, "matched_parish": null, "matched_sestiere": null, "matched_lett": null, "all_doors": null }, "geometry": { "type": "Point", "coordinates": [ 12.2003, 45.2607 ] } },
{ "type": "Feature", "properties": { "Name": "Martiniuzzi Giorgio", "Address": "Via Manin", "Location": null, "Category": null, "Role": "- GUIDA COMMERCIALE 01 VENEZIA E PROVINCIA", "Profession": "Società in NOME COLLETTIVO", "Additional Info": "merletti", "page_num": "67", "source_file": "page_67_semantic.csv", "section": "government", "civic_num": null, "civic_lett": null, "sestiere_parsed": null, "parish_parsed": null, "sestiere_implied": "False", "match_note": "Manually geocoded via Nominatim lookup: Via Manin", "location_cleaned": null, "fail_reason": "no_civic_number", "nom_classification": "inside_venice", "nominatim_query": null, "nominatim_flagged": "False", "matched_lat": 45.2607, "matched_lon": 12.2003, "match_confidence": "manual_nominatim", "geocoding_tier": "9", "Journal": null, "is_provincia": null, "matched_parish": null, "matched_sestiere": null, "matched_lett": null, "all_doors": null }, "geometry": { "type": "Point", "coordinates": [ 12.2003, 45.2607 ] } },
{ "type": "Feature", "properties": { "Name": "Ceccato Amedeo", "Address": "Via Manin", "Location": null, "Category": null, "Role": "- GUIDA COMMERCIALE 01 VENEZIA E PROVINCIA", "Profession": "orologie", "Additional Info": " argenterie,  orologerie", "page_num": "67", "source_file": "page_67_semantic.csv", "section": "government", "civic_num": null, "civic_lett": null, "sestiere_parsed": null, "parish_parsed": null, "sestiere_implied": "False", "match_note": "Manually geocoded via Nominatim lookup: Via Manin", "location_cleaned": null, "fail_reason": "no_civic_number", "nom_classification": "inside_venice", "nominatim_query": null, "nominatim_flagged": "False", "matched_lat": 45.2607, "matched_lon": 12.2003, "match_confidence": "manual_nominatim", "geocoding_tier": "9", "Journal": null, "is_provincia": null, "matched_parish": null, "matched_sestiere": null, "matched_lett": null, "all_doors": null }, "geometry": { "type": "Point", "coordinates": [ 12.2003, 45.2607 ] } },
{ "type": "Feature", "properties": { "Name": "Ratti dr. Donato", "Address": "Via Manin", "Location": null, "Category": null, "Role": "- GUIDA COMMERCIALE 01 VENEZIA E PROVINCIA", "Profession": "prodotti siderurgici e metallurgici", "Additional Info": ",", "page_num": "67", "source_file": "page_67_semantic.csv", "section": "government", "civic_num": null, "civic_lett": null, "sestiere_parsed": null, "parish_parsed": null, "sestiere_implied": "False", "match_note": "Manually geocoded via Nominatim lookup: Via Manin", "location_cleaned": null, "fail_reason": "no_civic_number", "nom_classification": "inside_venice", "nominatim_query": null, "nominatim_flagged": "False", "matched_lat": 45.2607, "matched_lon": 12.2003, "match_confidence": "manual_nominatim", "geocoding_tier": "9", "Journal": null, "is_provincia": null, "matched_parish": null, "matched_sestiere": null, "matched_lett": null, "all_doors": null }, "geometry": { "type": "Point", "coordinates": [ 12.2003, 45.2607 ] } },
{ "type": "Feature", "properties": { "Name": "Badida Giovanni", "Address": "Via Manin", "Location": null, "Category": null, "Role": "- GUIDA COMMERCIALE 01 VENEZIA E PROVINCIA", "Profession": "materiali ferrosi da riutilizzo", "Additional Info": ",", "page_num": "67", "source_file": "page_67_semantic.csv", "section": "government", "civic_num": null, "civic_lett": null, "sestiere_parsed": null, "parish_parsed": null, "sestiere_implied": "False", "match_note": "Manually geocoded via Nominatim lookup: Via Manin", "location_cleaned": null, "fail_reason": "no_civic_number", "nom_classification": "inside_venice", "nominatim_query": null, "nominatim_flagged": "False", "matched_lat": 45.2607, "matched_lon": 12.2003, "match_confidence": "manual_nominatim", "geocoding_tier": "9", "Journal": null, "is_provincia": null, "matched_parish": null, "matched_sestiere": null, "matched_lett": null, "all_doors": null }, "geometry": { "type": "Point", "coordinates": [ 12.2003, 45.2607 ] } },
{ "type": "Feature", "properties": { "Name": "Pellegrini Giuseppe", "Address": "Via Manin", "Location": null, "Category": null, "Role": "- GUIDA COMMERCIALE 01 VENEZIA E PROVINCIA", "Profession": "Società in NOME COLLETTIVO", "Additional Info": "macchine per ufficio", "page_num": "67", "source_file": "page_67_semantic.csv", "section": "government", "civic_num": null, "civic_lett": null, "sestiere_parsed": null, "parish_parsed": null, "sestiere_implied": "False", "match_note": "Manually geocoded via Nominatim lookup: Via Manin", "location_cleaned": null, "fail_reason": "no_civic_number", "nom_classification": "inside_venice", "nominatim_query": null, "nominatim_flagged": "False", "matched_lat": 45.2607, "matched_lon": 12.2003, "match_confidence": "manual_nominatim", "geocoding_tier": "9", "Journal": null, "is_provincia": null, "matched_parish": null, "matched_sestiere": null, "matched_lett": null, "all_doors": null }, "geometry": { "type": "Point", "coordinates": [ 12.2003, 45.2607 ] } },
{ "type": "Feature", "properties": { "Name": "Da Molin rag. Domenico", "Address": "Via Manin", "Location": null, "Category": null, "Role": "- GUIDA COMMERCIALE 01 VENEZIA E PROVINCIA", "Profession": "vetro e ceramica", "Additional Info": ",", "page_num": "67", "source_file": "page_67_semantic.csv", "section": "government", "civic_num": null, "civic_lett": null, "sestiere_parsed": null, "parish_parsed": null, "sestiere_implied": "False", "match_note": "Manually geocoded via Nominatim lookup: Via Manin", "location_cleaned": null, "fail_reason": "no_civic_number", "nom_classification": "inside_venice", "nominatim_query": null, "nominatim_flagged": "False", "matched_lat": 45.2607, "matched_lon": 12.2003, "match_confidence": "manual_nominatim", "geocoding_tier": "9", "Journal": null, "is_provincia": null, "matched_parish": null, "matched_sestiere": null, "matched_lett": null, "all_doors": null }, "geometry": { "type": "Point", "coordinates": [ 12.2003, 45.2607 ] } },
{ "type": "Feature", "properties": { "Name": "Tolotti Ferruccio", "Address": "Via Manin", "Location": null, "Category": null, "Role": "- GUIDA COMMERCIALE 01 VENEZIA E PROVINCIA", "Profession": "Società in NOME COLLETTIVO", "Additional Info": "ottica", "page_num": "67", "source_file": "page_67_semantic.csv", "section": "government", "civic_num": null, "civic_lett": null, "sestiere_parsed": null, "parish_parsed": null, "sestiere_implied": "False", "match_note": "Manually geocoded via Nominatim lookup: Via Manin", "location_cleaned": null, "fail_reason": "no_civic_number", "nom_classification": "inside_venice", "nominatim_query": null, "nominatim_flagged": "False", "matched_lat": 45.2607, "matched_lon": 12.2003, "match_confidence": "manual_nominatim", "geocoding_tier": "9", "Journal": null, "is_provincia": null, "matched_parish": null, "matched_sestiere": null, "matched_lett": null, "all_doors": null }, "geometry": { "type": "Point", "coordinates": [ 12.2003, 45.2607 ] } },
{ "type": "Feature", "properties": { "Name": "Ferruzzi Giuseppe", "Address": "Via Manin", "Location": null, "Category": null, "Role": "- GUIDA COMMERCIALE 01 VENEZIA E PROVINCIA", "Profession": "Società in NOME COLLETTIVO", "Additional Info": "fotografia", "page_num": "67", "source_file": "page_67_semantic.csv", "section": "government", "civic_num": null, "civic_lett": null, "sestiere_parsed": null, "parish_parsed": null, "sestiere_implied": "False", "match_note": "Manually geocoded via Nominatim lookup: Via Manin", "location_cleaned": null, "fail_reason": "no_civic_number", "nom_classification": "inside_venice", "nominatim_query": null, "nominatim_flagged": "False", "matched_lat": 45.2607, "matched_lon": 12.2003, "match_confidence": "manual_nominatim", "geocoding_tier": "9", "Journal": null, "is_provincia": null, "matched_parish": null, "matched_sestiere": null, "matched_lett": null, "all_doors": null }, "geometry": { "type": "Point", "coordinates": [ 12.2003, 45.2607 ] } },
{ "type": "Feature", "properties": { "Name": "Ricordi Peicle", "Address": "Via Manin", "Location": null, "Category": null, "Role": "- GUIDA COMMERCIALE 01 VENEZIA E PROVINCIA", "Profession": "radio e accessorii", "Additional Info": ",", "page_num": "67", "source_file": "page_67_semantic.csv", "section": "government", "civic_num": null, "civic_lett": null, "sestiere_parsed": null, "parish_parsed": null, "sestiere_implied": "False", "match_note": "Manually geocoded via Nominatim lookup: Via Manin", "location_cleaned": null, "fail_reason": "no_civic_number", "nom_classification": "inside_venice", "nominatim_query": null, "nominatim_flagged": "False", "matched_lat": 45.2607, "matched_lon": 12.2003, "match_confidence": "manual_nominatim", "geocoding_tier": "9", "Journal": null, "is_provincia": null, "matched_parish": null, "matched_sestiere": null, "matched_lett": null, "all_doors": null }, "geometry": { "type": "Point", "coordinates": [ 12.2003, 45.2607 ] } },
{ "type": "Feature", "properties": { "Name": "Bortol6 cav. Effote", "Address": "Via Manin", "Location": null, "Category": null, "Role": "- GUIDA COMMERCIALE 01 VENEZIA E PROVINCIA", "Profession": "elettricità ed idraulica", "Additional Info": ",", "page_num": "67", "source_file": "page_67_semantic.csv", "section": "government", "civic_num": null, "civic_lett": null, "sestiere_parsed": null, "parish_parsed": null, "sestiere_implied": "False", "match_note": "Manually geocoded via Nominatim lookup: Via Manin", "location_cleaned": null, "fail_reason": "no_civic_number", "nom_classification": "inside_venice", "nominatim_query": null, "nominatim_flagged": "False", "matched_lat": 45.2607, "matched_lon": 12.2003, "match_confidence": "manual_nominatim", "geocoding_tier": "9", "Journal": null, "is_provincia": null, "matched_parish": null, "matched_sestiere": null, "matched_lett": null, "all_doors": null }, "geometry": { "type": "Point", "coordinates": [ 12.2003, 45.2607 ] } },
{ "type": "Feature", "properties": { "Name": "Bagatrotto Ernesto", "Address": "Via Manin", "Location": null, "Category": null, "Role": "- GUIDA COMMERCIALE 01 VENEZIA E PROVINCIA", "Profession": "Società in NOME COLLETTIVO", "Additional Info": "legnami da lavoro", "page_num": "67", "source_file": "page_67_semantic.csv", "section": "government", "civic_num": null, "civic_lett": null, "sestiere_parsed": null, "parish_parsed": null, "sestiere_implied": "False", "match_note": "Manually geocoded via Nominatim lookup: Via Manin", "location_cleaned": null, "fail_reason": "no_civic_number", "nom_classification": "inside_venice", "nominatim_query": null, "nominatim_flagged": "False", "matched_lat": 45.2607, "matched_lon": 12.2003, "match_confidence": "manual_nominatim", "geocoding_tier": "9", "Journal": null, "is_provincia": null, "matched_parish": null, "matched_sestiere": null, "matched_lett": null, "all_doors": null }, "geometry": { "type": "Point", "coordinates": [ 12.2003, 45.2607 ] } },
{ "type": "Feature", "properties": { "Name": "Nunoa Vais Ercole", "Address": "Via Manin", "Location": null, "Category": null, "Role": "- GUIDA COMMERCIALE 01 VENEZIA E PROVINCIA", "Profession": "materiali da costruzione", "Additional Info": ",", "page_num": "67", "source_file": "page_67_semantic.csv", "section": "government", "civic_num": null, "civic_lett": null, "sestiere_parsed": null, "parish_parsed": null, "sestiere_implied": "False", "match_note": "Manually geocoded via Nominatim lookup: Via Manin", "location_cleaned": null, "fail_reason": "no_civic_number", "nom_classification": "inside_venice", "nominatim_query": null, "nominatim_flagged": "False", "matched_lat": 45.2607, "matched_lon": 12.2003, "match_confidence": "manual_nominatim", "geocoding_tier": "9", "Journal": null, "is_provincia": null, "matched_parish": null, "matched_sestiere": null, "matched_lett": null, "all_doors": null }, "geometry": { "type": "Point", "coordinates": [ 12.2003, 45.2607 ] } },
{ "type": "Feature", "properties": { "Name": "cav. Segusio Alberto", "Address": "Via Manin", "Location": null, "Category": null, "Role": "- GUIDA COMMERCIALE 01 VENEZIA E PROVINCIA", "Profession": "mobili", "Additional Info": ",", "page_num": "67", "source_file": "page_67_semantic.csv", "section": "government", "civic_num": null, "civic_lett": null, "sestiere_parsed": null, "parish_parsed": null, "sestiere_implied": "False", "match_note": "Manually geocoded via Nominatim lookup: Via Manin", "location_cleaned": null, "fail_reason": "no_civic_number", "nom_classification": "inside_venice", "nominatim_query": null, "nominatim_flagged": "False", "matched_lat": 45.2607, "matched_lon": 12.2003, "match_confidence": "manual_nominatim", "geocoding_tier": "9", "Journal": null, "is_provincia": null, "matched_parish": null, "matched_sestiere": null, "matched_lett": null, "all_doors": null }, "geometry": { "type": "Point", "coordinates": [ 12.2003, 45.2607 ] } },
{ "type": "Feature", "properties": { "Name": "Franco Angelo", "Address": "Via Manin", "Location": null, "Category": null, "Role": "pelli", "Profession": " cuoi ed affini", "Additional Info": ",", "page_num": "67", "source_file": "page_67_semantic.csv", "section": "government", "civic_num": null, "civic_lett": null, "sestiere_parsed": null, "parish_parsed": null, "sestiere_implied": "False", "match_note": "Manually geocoded via Nominatim lookup: Via Manin", "location_cleaned": null, "fail_reason": "no_civic_number", "nom_classification": "inside_venice", "nominatim_query": null, "nominatim_flagged": "False", "matched_lat": 45.2607, "matched_lon": 12.2003, "match_confidence": "manual_nominatim", "geocoding_tier": "9", "Journal": null, "is_provincia": null, "matched_parish": null, "matched_sestiere": null, "matched_lett": null, "all_doors": null }, "geometry": { "type": "Point", "coordinates": [ 12.2003, 45.2607 ] } },
{ "type": "Feature", "properties": { "Name": "Fontana Armando", "Address": "Via Manin", "Location": null, "Category": null, "Role": "- GUIDA COMMERCIALE 01 VENEZIA E PROVINCIA", "Profession": "rivieditori zenergi ni Monopolio", "Additional Info": ",", "page_num": "67", "source_file": "page_67_semantic.csv", "section": "government", "civic_num": null, "civic_lett": null, "sestiere_parsed": null, "parish_parsed": null, "sestiere_implied": "False", "match_note": "Manually geocoded via Nominatim lookup: Via Manin", "location_cleaned": null, "fail_reason": "no_civic_number", "nom_classification": "inside_venice", "nominatim_query": null, "nominatim_flagged": "False", "matched_lat": 45.2607, "matched_lon": 12.2003, "match_confidence": "manual_nominatim", "geocoding_tier": "9", "Journal": null, "is_provincia": null, "matched_parish": null, "matched_sestiere": null, "matched_lett": null, "all_doors": null }, "geometry": { "type": "Point", "coordinates": [ 12.2003, 45.2607 ] } },
{ "type": "Feature", "properties": { "Name": "Patesio Guattero", "Address": "Via Manin", "Location": null, "Category": null, "Role": "- GUIDA COMMERCIALE 01 VENEZIA E PROVINCIA", "Profession": "grossisti combustibili e solidi", "Additional Info": ",", "page_num": "67", "source_file": "page_67_semantic.csv", "section": "government", "civic_num": null, "civic_lett": null, "sestiere_parsed": null, "parish_parsed": null, "sestiere_implied": "False", "match_note": "Manually geocoded via Nominatim lookup: Via Manin", "location_cleaned": null, "fail_reason": "no_civic_number", "nom_classification": "inside_venice", "nominatim_query": null, "nominatim_flagged": "False", "matched_lat": 45.2607, "matched_lon": 12.2003, "match_confidence": "manual_nominatim", "geocoding_tier": "9", "Journal": null, "is_provincia": null, "matched_parish": null, "matched_sestiere": null, "matched_lett": null, "all_doors": null }, "geometry": { "type": "Point", "coordinates": [ 12.2003, 45.2607 ] } },
{ "type": "Feature", "properties": { "Name": "Vianello Carlo", "Address": "Via Manin", "Location": null, "Category": null, "Role": "- GUIDA COMMERCIALE 01 VENEZIA E PROVINCIA", "Profession": "detàglian- ti legna e charbonc", "Additional Info": ",", "page_num": "67", "source_file": "page_67_semantic.csv", "section": "government", "civic_num": null, "civic_lett": null, "sestiere_parsed": null, "parish_parsed": null, "sestiere_implied": "False", "match_note": "Manually geocoded via Nominatim lookup: Via Manin", "location_cleaned": null, "fail_reason": "no_civic_number", "nom_classification": "inside_venice", "nominatim_query": null, "nominatim_flagged": "False", "matched_lat": 45.2607, "matched_lon": 12.2003, "match_confidence": "manual_nominatim", "geocoding_tier": "9", "Journal": null, "is_provincia": null, "matched_parish": null, "matched_sestiere": null, "matched_lett": null, "all_doors": null }, "geometry": { "type": "Point", "coordinates": [ 12.2003, 45.2607 ] } },
{ "type": "Feature", "properties": { "Name": "Gramaglia Giusepp", "Address": "Via Manin", "Location": null, "Category": null, "Role": "colori e vernici", "Profession": "Società in NOME COLLETTIVO", "Additional Info": ",", "page_num": "67", "source_file": "page_67_semantic.csv", "section": "government", "civic_num": null, "civic_lett": null, "sestiere_parsed": null, "parish_parsed": null, "sestiere_implied": "False", "match_note": "Manually geocoded via Nominatim lookup: Via Manin", "location_cleaned": null, "fail_reason": "no_civic_number", "nom_classification": "inside_venice", "nominatim_query": null, "nominatim_flagged": "False", "matched_lat": 45.2607, "matched_lon": 12.2003, "match_confidence": "manual_nominatim", "geocoding_tier": "9", "Journal": null, "is_provincia": null, "matched_parish": null, "matched_sestiere": null, "matched_lett": null, "all_doors": null }, "geometry": { "type": "Point", "coordinates": [ 12.2003, 45.2607 ] } },
{ "type": "Feature", "properties": { "Name": "Perdibon rag. Luiggi", "Address": "Via Manin", "Location": null, "Category": null, "Role": "- GUIDA COMMERCIALE 01 VENEZIA E PROVINCIA", "Profession": "grossisti spettaclli medicinali", "Additional Info": ",", "page_num": "67", "source_file": "page_67_semantic.csv", "section": "government", "civic_num": null, "civic_lett": null, "sestiere_parsed": null, "parish_parsed": null, "sestiere_implied": "False", "match_note": "Manually geocoded via Nominatim lookup: Via Manin", "location_cleaned": null, "fail_reason": "no_civic_number", "nom_classification": "inside_venice", "nominatim_query": null, "nominatim_flagged": "False", "matched_lat": 45.2607, "matched_lon": 12.2003, "match_confidence": "manual_nominatim", "geocoding_tier": "9", "Journal": null, "is_provincia": null, "matched_parish": null, "matched_sestiere": null, "matched_lett": null, "all_doors": null }, "geometry": { "type": "Point", "coordinates": [ 12.2003, 45.2607 ] } },
{ "type": "Feature", "properties": { "Name": "Ferardi üinsto", "Address": "Via Manin", "Location": null, "Category": null, "Role": "- GUIDA COMMERCIALE 01 VENEZIA E PROVINCIA", "Profession": "Società in NOME COLLETTIVO", "Additional Info": "stacce i edundenti usati.", "page_num": "67", "source_file": "page_67_semantic.csv", "section": "government", "civic_num": null, "civic_lett": null, "sestiere_parsed": null, "parish_parsed": null, "sestiere_implied": "False", "match_note": "Manually geocoded via Nominatim lookup: Via Manin", "location_cleaned": null, "fail_reason": "no_civic_number", "nom_classification": "inside_venice", "nominatim_query": null, "nominatim_flagged": "False", "matched_lat": 45.2607, "matched_lon": 12.2003, "match_confidence": "manual_nominatim", "geocoding_tier": "9", "Journal": null, "is_provincia": null, "matched_parish": null, "matched_sestiere": null, "matched_lett": null, "all_doors": null }, "geometry": { "type": "Point", "coordinates": [ 12.2003, 45.2607 ] } },
{ "type": "Feature", "properties": { "Name": "Cadorin prof. Guido", "Address": "Accademia di Belle Arti e Liceo Artistico", "Location": null, "Category": null, "Role": "Provveditore agli studi (reggente)", "Profession": "Pittura", "Additional Info": "Lanzillo Azionista", "page_num": "76", "source_file": "page_76_semantic.csv", "section": "government", "civic_num": null, "civic_lett": null, "sestiere_parsed": null, "parish_parsed": null, "sestiere_implied": "False", "match_note": "Manually geocoded via Nominatim lookup: Accademia di Belle Arti e Liceo Artistico", "location_cleaned": "False", "fail_reason": "no_civic_number", "nom_classification": "inside_venice", "nominatim_query": "Accademia di Belle Arti e Liceo Artistico, Venezia, Italy", "nominatim_flagged": "False", "matched_lat": 45.4286325, "matched_lon": 12.330488, "match_confidence": "manual_nominatim", "geocoding_tier": "9", "Journal": null, "is_provincia": null, "matched_parish": null, "matched_sestiere": null, "matched_lett": null, "all_doors": null }, "geometry": { "type": "Point", "coordinates": [ 12.330488, 45.4286325 ] } },
{ "type": "Feature", "properties": { "Name": "Cassetti prof. Giuseppe", "Address": "Accademia di Belle Arti e Liceo Artistico", "Location": null, "Category": null, "Role": "Provveditore agli studi (reggente)", "Profession": "Pittura", "Additional Info": "Lanzillo Azionista", "page_num": "76", "source_file": "page_76_semantic.csv", "section": "government", "civic_num": null, "civic_lett": null, "sestiere_parsed": null, "parish_parsed": null, "sestiere_implied": "False", "match_note": "Manually geocoded via Nominatim lookup: Accademia di Belle Arti e Liceo Artistico", "location_cleaned": "False", "fail_reason": "no_civic_number", "nom_classification": "inside_venice", "nominatim_query": "Accademia di Belle Arti e Liceo Artistico, Venezia, Italy", "nominatim_flagged": "False", "matched_lat": 45.4286325, "matched_lon": 12.330488, "match_confidence": "manual_nominatim", "geocoding_tier": "9", "Journal": null, "is_provincia": null, "matched_parish": null, "matched_sestiere": null, "matched_lett": null, "all_doors": null }, "geometry": { "type": "Point", "coordinates": [ 12.330488, 45.4286325 ] } },
{ "type": "Feature", "properties": { "Name": "Saetti prof. Bruno", "Address": "Accademia di Belle Arti e Liceo Artistico", "Location": null, "Category": null, "Role": "Provveditore agli studi (reggente)", "Profession": "Decorazione", "Additional Info": "Lanzillo Azionista", "page_num": "76", "source_file": "page_76_semantic.csv", "section": "government", "civic_num": null, "civic_lett": null, "sestiere_parsed": null, "parish_parsed": null, "sestiere_implied": "False", "match_note": "Manually geocoded via Nominatim lookup: Accademia di Belle Arti e Liceo Artistico", "location_cleaned": "False", "fail_reason": "no_civic_number", "nom_classification": "inside_venice", "nominatim_query": "Accademia di Belle Arti e Liceo Artistico, Venezia, Italy", "nominatim_flagged": "False", "matched_lat": 45.4286325, "matched_lon": 12.330488, "match_confidence": "manual_nominatim", "geocoding_tier": "9", "Journal": null, "is_provincia": null, "matched_parish": null, "matched_sestiere": null, "matched_lett": null, "all_doors": null }, "geometry": { "type": "Point", "coordinates": [ 12.330488, 45.4286325 ] } },
{ "type": "Feature", "properties": { "Name": "Giuliani prof. Giovanni", "Address": "Accademia di Belle Arti e Liceo Artistico", "Location": null, "Category": null, "Role": "Provveditore agli studi (reggente)", "Profession": "Tecniche dell'incisione", "Additional Info": "Lanzillo Azionista", "page_num": "76", "source_file": "page_76_semantic.csv", "section": "government", "civic_num": null, "civic_lett": null, "sestiere_parsed": null, "parish_parsed": null, "sestiere_implied": "False", "match_note": "Manually geocoded via Nominatim lookup: Accademia di Belle Arti e Liceo Artistico", "location_cleaned": "False", "fail_reason": "no_civic_number", "nom_classification": "inside_venice", "nominatim_query": "Accademia di Belle Arti e Liceo Artistico, Venezia, Italy", "nominatim_flagged": "False", "matched_lat": 45.4286325, "matched_lon": 12.330488, "match_confidence": "manual_nominatim", "geocoding_tier": "9", "Journal": null, "is_provincia": null, "matched_parish": null, "matched_sestiere": null, "matched_lett": null, "all_doors": null }, "geometry": { "type": "Point", "coordinates": [ 12.330488, 45.4286325 ] } },
{ "type": "Feature", "properties": { "Name": "Lotti prof. Carlo", "Address": "Accademia di Belle Arti e Liceo Artistico", "Location": null, "Category": null, "Role": "Provveditore agli studi (reggente)", "Profession": "Anatomia", "Additional Info": "Lanzillo Azionista", "page_num": "76", "source_file": "page_76_semantic.csv", "section": "government", "civic_num": null, "civic_lett": null, "sestiere_parsed": null, "parish_parsed": null, "sestiere_implied": "False", "match_note": "Manually geocoded via Nominatim lookup: Accademia di Belle Arti e Liceo Artistico", "location_cleaned": "False", "fail_reason": "no_civic_number", "nom_classification": "inside_venice", "nominatim_query": "Accademia di Belle Arti e Liceo Artistico, Venezia, Italy", "nominatim_flagged": "False", "matched_lat": 45.4286325, "matched_lon": 12.330488, "match_confidence": "manual_nominatim", "geocoding_tier": "9", "Journal": null, "is_provincia": null, "matched_parish": null, "matched_sestiere": null, "matched_lett": null, "all_doors": null }, "geometry": { "type": "Point", "coordinates": [ 12.330488, 45.4286325 ] } },
{ "type": "Feature", "properties": { "Name": "Gottardi prof. Luigi", "Address": "Accademia di Belle Arti e Liceo Artistico", "Location": null, "Category": null, "Role": "Provveditore agli studi (reggente)", "Profession": "Plastica Ornamentale", "Additional Info": "Lanzillo Azionista", "page_num": "76", "source_file": "page_76_semantic.csv", "section": "government", "civic_num": null, "civic_lett": null, "sestiere_parsed": null, "parish_parsed": null, "sestiere_implied": "False", "match_note": "Manually geocoded via Nominatim lookup: Accademia di Belle Arti e Liceo Artistico", "location_cleaned": "False", "fail_reason": "no_civic_number", "nom_classification": "inside_venice", "nominatim_query": "Accademia di Belle Arti e Liceo Artistico, Venezia, Italy", "nominatim_flagged": "False", "matched_lat": 45.4286325, "matched_lon": 12.330488, "match_confidence": "manual_nominatim", "geocoding_tier": "9", "Journal": null, "is_provincia": null, "matched_parish": null, "matched_sestiere": null, "matched_lett": null, "all_doors": null }, "geometry": { "type": "Point", "coordinates": [ 12.330488, 45.4286325 ] } },
{ "type": "Feature", "properties": { "Name": "Delogu prof. Giuseppe", "Address": "Accademia di Belle Arti e Liceo Artistico", "Location": null, "Category": null, "Role": "Provveditore agli studi (reggente)", "Profession": "Storia dell’arte", "Additional Info": "Lanzillo Azionista", "page_num": "76", "source_file": "page_76_semantic.csv", "section": "government", "civic_num": null, "civic_lett": null, "sestiere_parsed": null, "parish_parsed": null, "sestiere_implied": "False", "match_note": "Manually geocoded via Nominatim lookup: Accademia di Belle Arti e Liceo Artistico", "location_cleaned": "False", "fail_reason": "no_civic_number", "nom_classification": "inside_venice", "nominatim_query": "Accademia di Belle Arti e Liceo Artistico, Venezia, Italy", "nominatim_flagged": "False", "matched_lat": 45.4286325, "matched_lon": 12.330488, "match_confidence": "manual_nominatim", "geocoding_tier": "9", "Journal": null, "is_provincia": null, "matched_parish": null, "matched_sestiere": null, "matched_lett": null, "all_doors": null }, "geometry": { "type": "Point", "coordinates": [ 12.330488, 45.4286325 ] } },
{ "type": "Feature", "properties": { "Name": "Isera prof. Gastone", "Address": "Accademia di Belle Arti e Liceo Artistico", "Location": null, "Category": null, "Role": "Provveditore agli studi (reggente)", "Profession": "Architettura", "Additional Info": "Lanzillo Azionista", "page_num": "76", "source_file": "page_76_semantic.csv", "section": "government", "civic_num": null, "civic_lett": null, "sestiere_parsed": null, "parish_parsed": null, "sestiere_implied": "False", "match_note": "Manually geocoded via Nominatim lookup: Accademia di Belle Arti e Liceo Artistico", "location_cleaned": "False", "fail_reason": "no_civic_number", "nom_classification": "inside_venice", "nominatim_query": "Accademia di Belle Arti e Liceo Artistico, Venezia, Italy", "nominatim_flagged": "False", "matched_lat": 45.4286325, "matched_lon": 12.330488, "match_confidence": "manual_nominatim", "geocoding_tier": "9", "Journal": null, "is_provincia": null, "matched_parish": null, "matched_sestiere": null, "matched_lett": null, "all_doors": null }, "geometry": { "type": "Point", "coordinates": [ 12.330488, 45.4286325 ] } },
{ "type": "Feature", "properties": { "Name": "Bozio prof. Guido", "Address": "Accademia di Belle Arti e Liceo Artistico", "Location": null, "Category": null, "Role": "Provveditore agli studi (reggente)", "Profession": "Architettura disegno geometrico e prospettiva", "Additional Info": "Lanzillo Azionista", "page_num": "76", "source_file": "page_76_semantic.csv", "section": "government", "civic_num": null, "civic_lett": null, "sestiere_parsed": null, "parish_parsed": null, "sestiere_implied": "False", "match_note": "Manually geocoded via Nominatim lookup: Accademia di Belle Arti e Liceo Artistico", "location_cleaned": "False", "fail_reason": "no_civic_number", "nom_classification": "inside_venice", "nominatim_query": "Accademia di Belle Arti e Liceo Artistico, Venezia, Italy", "nominatim_flagged": "False", "matched_lat": 45.4286325, "matched_lon": 12.330488, "match_confidence": "manual_nominatim", "geocoding_tier": "9", "Journal": null, "is_provincia": null, "matched_parish": null, "matched_sestiere": null, "matched_lett": null, "all_doors": null }, "geometry": { "type": "Point", "coordinates": [ 12.330488, 45.4286325 ] } },
{ "type": "Feature", "properties": { "Name": "Varagnolo prof. Mario", "Address": "Accademia di Belle Arti e Liceo Artistico", "Location": null, "Category": null, "Role": "Provveditore agli studi (reggente)", "Profession": "Ornato disegnato", "Additional Info": "Lanzillo Azionista", "page_num": "76", "source_file": "page_76_semantic.csv", "section": "government", "civic_num": null, "civic_lett": null, "sestiere_parsed": null, "parish_parsed": null, "sestiere_implied": "False", "match_note": "Manually geocoded via Nominatim lookup: Accademia di Belle Arti e Liceo Artistico", "location_cleaned": "False", "fail_reason": "no_civic_number", "nom_classification": "inside_venice", "nominatim_query": "Accademia di Belle Arti e Liceo Artistico, Venezia, Italy", "nominatim_flagged": "False", "matched_lat": 45.4286325, "matched_lon": 12.330488, "match_confidence": "manual_nominatim", "geocoding_tier": "9", "Journal": null, "is_provincia": null, "matched_parish": null, "matched_sestiere": null, "matched_lett": null, "all_doors": null }, "geometry": { "type": "Point", "coordinates": [ 12.330488, 45.4286325 ] } },
{ "type": "Feature", "properties": { "Name": "De Luigi prof. Mario", "Address": "Accademia di Belle Arti e Liceo Artistico", "Location": null, "Category": null, "Role": "Provveditore agli studi (reggente)", "Profession": "Ornato modellato", "Additional Info": "Lanzillo Azionista", "page_num": "76", "source_file": "page_76_semantic.csv", "section": "government", "civic_num": null, "civic_lett": null, "sestiere_parsed": null, "parish_parsed": null, "sestiere_implied": "False", "match_note": "Manually geocoded via Nominatim lookup: Accademia di Belle Arti e Liceo Artistico", "location_cleaned": "False", "fail_reason": "no_civic_number", "nom_classification": "inside_venice", "nominatim_query": "Accademia di Belle Arti e Liceo Artistico, Venezia, Italy", "nominatim_flagged": "False", "matched_lat": 45.4286325, "matched_lon": 12.330488, "match_confidence": "manual_nominatim", "geocoding_tier": "9", "Journal": null, "is_provincia": null, "matched_parish": null, "matched_sestiere": null, "matched_lett": null, "all_doors": null }, "geometry": { "type": "Point", "coordinates": [ 12.330488, 45.4286325 ] } },
{ "type": "Feature", "properties": { "Name": "Cignarini prof. Gaetano", "Address": "Accademia di Belle Arti e Liceo Artistico", "Location": null, "Category": null, "Role": "Provveditore agli studi (reggente)", "Profession": "Figura e ornato modellato", "Additional Info": "Lanzillo Azionista", "page_num": "76", "source_file": "page_76_semantic.csv", "section": "government", "civic_num": null, "civic_lett": null, "sestiere_parsed": null, "parish_parsed": null, "sestiere_implied": "False", "match_note": "Manually geocoded via Nominatim lookup: Accademia di Belle Arti e Liceo Artistico", "location_cleaned": "False", "fail_reason": "no_civic_number", "nom_classification": "inside_venice", "nominatim_query": "Accademia di Belle Arti e Liceo Artistico, Venezia, Italy", "nominatim_flagged": "False", "matched_lat": 45.4286325, "matched_lon": 12.330488, "match_confidence": "manual_nominatim", "geocoding_tier": "9", "Journal": null, "is_provincia": null, "matched_parish": null, "matched_sestiere": null, "matched_lett": null, "all_doors": null }, "geometry": { "type": "Point", "coordinates": [ 12.330488, 45.4286325 ] } },
{ "type": "Feature", "properties": { "Name": "Torresini prof. Attilio", "Address": "Accademia di Belle Arti e Liceo Artistico", "Location": null, "Category": null, "Role": "Provveditore agli studi (reggente)", "Profession": "Figura e ornato modellato", "Additional Info": "Lanzillo Azionista", "page_num": "76", "source_file": "page_76_semantic.csv", "section": "government", "civic_num": null, "civic_lett": null, "sestiere_parsed": null, "parish_parsed": null, "sestiere_implied": "False", "match_note": "Manually geocoded via Nominatim lookup: Accademia di Belle Arti e Liceo Artistico", "location_cleaned": "False", "fail_reason": "no_civic_number", "nom_classification": "inside_venice", "nominatim_query": "Accademia di Belle Arti e Liceo Artistico, Venezia, Italy", "nominatim_flagged": "False", "matched_lat": 45.4286325, "matched_lon": 12.330488, "match_confidence": "manual_nominatim", "geocoding_tier": "9", "Journal": null, "is_provincia": null, "matched_parish": null, "matched_sestiere": null, "matched_lett": null, "all_doors": null }, "geometry": { "type": "Point", "coordinates": [ 12.330488, 45.4286325 ] } },
{ "type": "Feature", "properties": { "Name": "Cobianzo prof. Vincenzo", "Address": "Accademia di Belle Arti e Liceo Artistico", "Location": null, "Category": null, "Role": "Provveditore agli studi (reggente)", "Profession": "Ornato disegnato", "Additional Info": "Lanzillo Azionista", "page_num": "76", "source_file": "page_76_semantic.csv", "section": "government", "civic_num": null, "civic_lett": null, "sestiere_parsed": null, "parish_parsed": null, "sestiere_implied": "False", "match_note": "Manually geocoded via Nominatim lookup: Accademia di Belle Arti e Liceo Artistico", "location_cleaned": "False", "fail_reason": "no_civic_number", "nom_classification": "inside_venice", "nominatim_query": "Accademia di Belle Arti e Liceo Artistico, Venezia, Italy", "nominatim_flagged": "False", "matched_lat": 45.4286325, "matched_lon": 12.330488, "match_confidence": "manual_nominatim", "geocoding_tier": "9", "Journal": null, "is_provincia": null, "matched_parish": null, "matched_sestiere": null, "matched_lett": null, "all_doors": null }, "geometry": { "type": "Point", "coordinates": [ 12.330488, 45.4286325 ] } },
{ "type": "Feature", "properties": { "Name": "Majoli prof. Giovanni", "Address": "Accademia di Belle Arti e Liceo Artistico", "Location": null, "Category": null, "Role": "Provveditore agli studi (reggente)", "Profession": "Figura disegnata", "Additional Info": "Lanzillo Azionista", "page_num": "76", "source_file": "page_76_semantic.csv", "section": "government", "civic_num": null, "civic_lett": null, "sestiere_parsed": null, "parish_parsed": null, "sestiere_implied": "False", "match_note": "Manually geocoded via Nominatim lookup: Accademia di Belle Arti e Liceo Artistico", "location_cleaned": "False", "fail_reason": "no_civic_number", "nom_classification": "inside_venice", "nominatim_query": "Accademia di Belle Arti e Liceo Artistico, Venezia, Italy", "nominatim_flagged": "False", "matched_lat": 45.4286325, "matched_lon": 12.330488, "match_confidence": "manual_nominatim", "geocoding_tier": "9", "Journal": null, "is_provincia": null, "matched_parish": null, "matched_sestiere": null, "matched_lett": null, "all_doors": null }, "geometry": { "type": "Point", "coordinates": [ 12.330488, 45.4286325 ] } },
{ "type": "Feature", "properties": { "Name": "Bassadella prof. Afro", "Address": "Accademia di Belle Arti e Liceo Artistico", "Location": null, "Category": null, "Role": "Provveditore agli studi (reggente)", "Profession": "Figura disegnata", "Additional Info": "Lanzillo Azionista", "page_num": "76", "source_file": "page_76_semantic.csv", "section": "government", "civic_num": null, "civic_lett": null, "sestiere_parsed": null, "parish_parsed": null, "sestiere_implied": "False", "match_note": "Manually geocoded via Nominatim lookup: Accademia di Belle Arti e Liceo Artistico", "location_cleaned": "False", "fail_reason": "no_civic_number", "nom_classification": "inside_venice", "nominatim_query": "Accademia di Belle Arti e Liceo Artistico, Venezia, Italy", "nominatim_flagged": "False", "matched_lat": 45.4286325, "matched_lon": 12.330488, "match_confidence": "manual_nominatim", "geocoding_tier": "9", "Journal": null, "is_provincia": null, "matched_parish": null, "matched_sestiere": null, "matched_lett": null, "all_doors": null }, "geometry": { "type": "Point", "coordinates": [ 12.330488, 45.4286325 ] } },
{ "type": "Feature", "properties": { "Name": "Tedeschi p.prof. Cleonice", "Address": "Accademia di Belle Arti e Liceo Artistico", "Location": null, "Category": null, "Role": "Provveditore agli studi (reggente)", "Profession": "Matematica e fisica", "Additional Info": "Lanzillo Azionista", "page_num": "76", "source_file": "page_76_semantic.csv", "section": "government", "civic_num": null, "civic_lett": null, "sestiere_parsed": null, "parish_parsed": null, "sestiere_implied": "False", "match_note": "Manually geocoded via Nominatim lookup: Accademia di Belle Arti e Liceo Artistico", "location_cleaned": "False", "fail_reason": "no_civic_number", "nom_classification": "inside_venice", "nominatim_query": "Accademia di Belle Arti e Liceo Artistico, Venezia, Italy", "nominatim_flagged": "False", "matched_lat": 45.4286325, "matched_lon": 12.330488, "match_confidence": "manual_nominatim", "geocoding_tier": "9", "Journal": null, "is_provincia": null, "matched_parish": null, "matched_sestiere": null, "matched_lett": null, "all_doors": null }, "geometry": { "type": "Point", "coordinates": [ 12.330488, 45.4286325 ] } },
{ "type": "Feature", "properties": { "Name": "Bassi prof. Elena", "Address": "Accademia di Belle Arti e Liceo Artistico", "Location": null, "Category": null, "Role": "Provveditore agli studi (reggente)", "Profession": "Storia dell'arte", "Additional Info": "Lanzillo Azionista", "page_num": "76", "source_file": "page_76_semantic.csv", "section": "government", "civic_num": null, "civic_lett": null, "sestiere_parsed": null, "parish_parsed": null, "sestiere_implied": "False", "match_note": "Manually geocoded via Nominatim lookup: Accademia di Belle Arti e Liceo Artistico", "location_cleaned": "False", "fail_reason": "no_civic_number", "nom_classification": "inside_venice", "nominatim_query": "Accademia di Belle Arti e Liceo Artistico, Venezia, Italy", "nominatim_flagged": "False", "matched_lat": 45.4286325, "matched_lon": 12.330488, "match_confidence": "manual_nominatim", "geocoding_tier": "9", "Journal": null, "is_provincia": null, "matched_parish": null, "matched_sestiere": null, "matched_lett": null, "all_doors": null }, "geometry": { "type": "Point", "coordinates": [ 12.330488, 45.4286325 ] } },
{ "type": "Feature", "properties": { "Name": "Dazzi prof. Manlio", "Address": "Accademia di Belle Arti e Liceo Artistico", "Location": null, "Category": null, "Role": "Provveditore agli studi (reggente)", "Profession": "Letteratura italiana e storia", "Additional Info": "Lanzillo Azionista", "page_num": "76", "source_file": "page_76_semantic.csv", "section": "government", "civic_num": null, "civic_lett": null, "sestiere_parsed": null, "parish_parsed": null, "sestiere_implied": "False", "match_note": "Manually geocoded via Nominatim lookup: Accademia di Belle Arti e Liceo Artistico", "location_cleaned": "False", "fail_reason": "no_civic_number", "nom_classification": "inside_venice", "nominatim_query": "Accademia di Belle Arti e Liceo Artistico, Venezia, Italy", "nominatim_flagged": "False", "matched_lat": 45.4286325, "matched_lon": 12.330488, "match_confidence": "manual_nominatim", "geocoding_tier": "9", "Journal": null, "is_provincia": null, "matched_parish": null, "matched_sestiere": null, "matched_lett": null, "all_doors": null }, "geometry": { "type": "Point", "coordinates": [ 12.330488, 45.4286325 ] } },
{ "type": "Feature", "properties": { "Name": "Poli prof. Giovanni", "Address": "Accademia di Belle Arti e Liceo Artistico", "Location": null, "Category": null, "Role": "Provveditore agli studi (reggente)", "Profession": "Letteratura Italiana e storia", "Additional Info": "Lanzillo Azionista", "page_num": "76", "source_file": "page_76_semantic.csv", "section": "government", "civic_num": null, "civic_lett": null, "sestiere_parsed": null, "parish_parsed": null, "sestiere_implied": "False", "match_note": "Manually geocoded via Nominatim lookup: Accademia di Belle Arti e Liceo Artistico", "location_cleaned": "False", "fail_reason": "no_civic_number", "nom_classification": "inside_venice", "nominatim_query": "Accademia di Belle Arti e Liceo Artistico, Venezia, Italy", "nominatim_flagged": "False", "matched_lat": 45.4286325, "matched_lon": 12.330488, "match_confidence": "manual_nominatim", "geocoding_tier": "9", "Journal": null, "is_provincia": null, "matched_parish": null, "matched_sestiere": null, "matched_lett": null, "all_doors": null }, "geometry": { "type": "Point", "coordinates": [ 12.330488, 45.4286325 ] } },
{ "type": "Feature", "properties": { "Name": "Contarello prof. Enrico", "Address": "Accademia di Belle Arti e Liceo Artistico", "Location": null, "Category": null, "Role": "Provveditore agli studi (reggente)", "Profession": "Scienze naturali chimica e geografia", "Additional Info": "Lanzillo Azionista", "page_num": "76", "source_file": "page_76_semantic.csv", "section": "government", "civic_num": null, "civic_lett": null, "sestiere_parsed": null, "parish_parsed": null, "sestiere_implied": "False", "match_note": "Manually geocoded via Nominatim lookup: Accademia di Belle Arti e Liceo Artistico", "location_cleaned": "False", "fail_reason": "no_civic_number", "nom_classification": "inside_venice", "nominatim_query": "Accademia di Belle Arti e Liceo Artistico, Venezia, Italy", "nominatim_flagged": "False", "matched_lat": 45.4286325, "matched_lon": 12.330488, "match_confidence": "manual_nominatim", "geocoding_tier": "9", "Journal": null, "is_provincia": null, "matched_parish": null, "matched_sestiere": null, "matched_lett": null, "all_doors": null }, "geometry": { "type": "Point", "coordinates": [ 12.330488, 45.4286325 ] } },
{ "type": "Feature", "properties": { "Name": "Pacher prof. Marcello", "Address": "Accademia di Belle Arti e Liceo Artistico", "Location": null, "Category": null, "Role": "Provveditore agli studi (reggente)", "Profession": "Educazione fisica", "Additional Info": "Lanzillo Azionista", "page_num": "76", "source_file": "page_76_semantic.csv", "section": "government", "civic_num": null, "civic_lett": null, "sestiere_parsed": null, "parish_parsed": null, "sestiere_implied": "False", "match_note": "Manually geocoded via Nominatim lookup: Accademia di Belle Arti e Liceo Artistico", "location_cleaned": "False", "fail_reason": "no_civic_number", "nom_classification": "inside_venice", "nominatim_query": "Accademia di Belle Arti e Liceo Artistico, Venezia, Italy", "nominatim_flagged": "False", "matched_lat": 45.4286325, "matched_lon": 12.330488, "match_confidence": "manual_nominatim", "geocoding_tier": "9", "Journal": null, "is_provincia": null, "matched_parish": null, "matched_sestiere": null, "matched_lett": null, "all_doors": null }, "geometry": { "type": "Point", "coordinates": [ 12.330488, 45.4286325 ] } },
{ "type": "Feature", "properties": { "Name": "Gina Violato Meneghetti", "Address": "Accademia di Belle Arti e Liceo Artistico", "Location": null, "Category": null, "Role": "Provveditore agli studi (reggente)", "Profession": "Educazione fisica", "Additional Info": "Lanzillo Azionista", "page_num": "76", "source_file": "page_76_semantic.csv", "section": "government", "civic_num": null, "civic_lett": null, "sestiere_parsed": null, "parish_parsed": null, "sestiere_implied": "False", "match_note": "Manually geocoded via Nominatim lookup: Accademia di Belle Arti e Liceo Artistico", "location_cleaned": "False", "fail_reason": "no_civic_number", "nom_classification": "inside_venice", "nominatim_query": "Accademia di Belle Arti e Liceo Artistico, Venezia, Italy", "nominatim_flagged": "False", "matched_lat": 45.4286325, "matched_lon": 12.330488, "match_confidence": "manual_nominatim", "geocoding_tier": "9", "Journal": null, "is_provincia": null, "matched_parish": null, "matched_sestiere": null, "matched_lett": null, "all_doors": null }, "geometry": { "type": "Point", "coordinates": [ 12.330488, 45.4286325 ] } },
{ "type": "Feature", "properties": { "Name": "Bacci prof. Edmonlo", "Address": "Accademia di Belle Arti e Liceo Artistico", "Location": null, "Category": null, "Role": "Provveditore agli studi (reggente)", "Profession": "Figura disegnata", "Additional Info": "Lanzillo Azionista", "page_num": "76", "source_file": "page_76_semantic.csv", "section": "government", "civic_num": null, "civic_lett": null, "sestiere_parsed": null, "parish_parsed": null, "sestiere_implied": "False", "match_note": "Manually geocoded via Nominatim lookup: Accademia di Belle Arti e Liceo Artistico", "location_cleaned": "False", "fail_reason": "no_civic_number", "nom_classification": "inside_venice", "nominatim_query": "Accademia di Belle Arti e Liceo Artistico, Venezia, Italy", "nominatim_flagged": "False", "matched_lat": 45.4286325, "matched_lon": 12.330488, "match_confidence": "manual_nominatim", "geocoding_tier": "9", "Journal": null, "is_provincia": null, "matched_parish": null, "matched_sestiere": null, "matched_lett": null, "all_doors": null }, "geometry": { "type": "Point", "coordinates": [ 12.330488, 45.4286325 ] } },
{ "type": "Feature", "properties": { "Name": "Gaspari prof. Luciano", "Address": "Accademia di Belle Arti e Liceo Artistico", "Location": null, "Category": null, "Role": "Provveditore agli studi (reggente)", "Profession": "Figura disegnata", "Additional Info": "Lanzillo Azionista", "page_num": "76", "source_file": "page_76_semantic.csv", "section": "government", "civic_num": null, "civic_lett": null, "sestiere_parsed": null, "parish_parsed": null, "sestiere_implied": "False", "match_note": "Manually geocoded via Nominatim lookup: Accademia di Belle Arti e Liceo Artistico", "location_cleaned": "False", "fail_reason": "no_civic_number", "nom_classification": "inside_venice", "nominatim_query": "Accademia di Belle Arti e Liceo Artistico, Venezia, Italy", "nominatim_flagged": "False", "matched_lat": 45.4286325, "matched_lon": 12.330488, "match_confidence": "manual_nominatim", "geocoding_tier": "9", "Journal": null, "is_provincia": null, "matched_parish": null, "matched_sestiere": null, "matched_lett": null, "all_doors": null }, "geometry": { "type": "Point", "coordinates": [ 12.330488, 45.4286325 ] } },
{ "type": "Feature", "properties": { "Name": "Don Ugo Manfrin", "Address": "Accademia di Belle Arti e Liceo Artistico", "Location": null, "Category": null, "Role": "Provveditore agli studi (reggente)", "Profession": "religione", "Additional Info": "Lanzillo Azionista", "page_num": "76", "source_file": "page_76_semantic.csv", "section": "government", "civic_num": null, "civic_lett": null, "sestiere_parsed": null, "parish_parsed": null, "sestiere_implied": "False", "match_note": "Manually geocoded via Nominatim lookup: Accademia di Belle Arti e Liceo Artistico", "location_cleaned": "False", "fail_reason": "no_civic_number", "nom_classification": "inside_venice", "nominatim_query": "Accademia di Belle Arti e Liceo Artistico, Venezia, Italy", "nominatim_flagged": "False", "matched_lat": 45.4286325, "matched_lon": 12.330488, "match_confidence": "manual_nominatim", "geocoding_tier": "9", "Journal": null, "is_provincia": null, "matched_parish": null, "matched_sestiere": null, "matched_lett": null, "all_doors": null }, "geometry": { "type": "Point", "coordinates": [ 12.330488, 45.4286325 ] } },
{ "type": "Feature", "properties": { "Name": "Gran uff. dr. Ulisse Guido Ringler", "Address": "Accademia di Belle Arti e Liceo Artistico", "Location": null, "Category": null, "Role": "Presidente", "Profession": "Vanoni Ezio", "Additional Info": ",", "page_num": "76", "source_file": "page_76_semantic.csv", "section": "government", "civic_num": null, "civic_lett": null, "sestiere_parsed": null, "parish_parsed": null, "sestiere_implied": "False", "match_note": "Manually geocoded via Nominatim lookup: Accademia di Belle Arti e Liceo Artistico", "location_cleaned": "False", "fail_reason": "no_civic_number", "nom_classification": "inside_venice", "nominatim_query": "Accademia di Belle Arti e Liceo Artistico, Venezia, Italy", "nominatim_flagged": "False", "matched_lat": 45.4286325, "matched_lon": 12.330488, "match_confidence": "manual_nominatim", "geocoding_tier": "9", "Journal": null, "is_provincia": null, "matched_parish": null, "matched_sestiere": null, "matched_lett": null, "all_doors": null }, "geometry": { "type": "Point", "coordinates": [ 12.330488, 45.4286325 ] } },
{ "type": "Feature", "properties": { "Name": "Gr. uff. Giuseppe Dell’Oro", "Address": "Accademia di Belle Arti e Liceo Artistico", "Location": null, "Category": null, "Role": "Direttore", "Profession": "Vanoni Ezio", "Additional Info": ",", "page_num": "76", "source_file": "page_76_semantic.csv", "section": "government", "civic_num": null, "civic_lett": null, "sestiere_parsed": null, "parish_parsed": null, "sestiere_implied": "False", "match_note": "Manually geocoded via Nominatim lookup: Accademia di Belle Arti e Liceo Artistico", "location_cleaned": "False", "fail_reason": "no_civic_number", "nom_classification": "inside_venice", "nominatim_query": "Accademia di Belle Arti e Liceo Artistico, Venezia, Italy", "nominatim_flagged": "False", "matched_lat": 45.4286325, "matched_lon": 12.330488, "match_confidence": "manual_nominatim", "geocoding_tier": "9", "Journal": null, "is_provincia": null, "matched_parish": null, "matched_sestiere": null, "matched_lett": null, "all_doors": null }, "geometry": { "type": "Point", "coordinates": [ 12.330488, 45.4286325 ] } },
{ "type": "Feature", "properties": { "Name": "S. E. Rev.ma Jeremich mons. dr. Giovanni", "Address": "TRIBUNALE DIOCESANO E METROPOLITANO", "Location": "Curia Patriarcale", "Category": null, "Role": "Officiale", "Profession": null, "Additional Info": "TRIBUNALE DIOCESANO E METROPOLITANO", "page_num": "86", "source_file": "page_86_semantic.csv", "section": "religious", "civic_num": null, "civic_lett": null, "sestiere_parsed": null, "parish_parsed": null, "sestiere_implied": "False", "match_note": "Manually geocoded via Nominatim lookup: TRIBUNALE DIOCESANO E METROPOLITANO", "location_cleaned": null, "fail_reason": "no_civic_number", "nom_classification": "inside_venice", "nominatim_query": "Tribunale Diocesano e Metropolitano, Venezia, Italy", "nominatim_flagged": "False", "matched_lat": 45.526, "matched_lon": 12.203, "match_confidence": "manual_nominatim", "geocoding_tier": "9", "Journal": null, "is_provincia": null, "matched_parish": null, "matched_sestiere": null, "matched_lett": null, "all_doors": null }, "geometry": { "type": "Point", "coordinates": [ 12.203, 45.526 ] } },
{ "type": "Feature", "properties": { "Name": "Tandelli dr. mons. Evelio", "Address": "TRIBUNALE DIOCESANO E METROPOLITANO", "Location": "S. Toma", "Category": null, "Role": "Giudice", "Profession": null, "Additional Info": "TRIBUNALE DIOCESANO E METROPOLITANO", "page_num": "86", "source_file": "page_86_semantic.csv", "section": "religious", "civic_num": null, "civic_lett": null, "sestiere_parsed": "SAN POLO", "parish_parsed": null, "sestiere_implied": "True", "match_note": "Manually geocoded via Nominatim lookup: TRIBUNALE DIOCESANO E METROPOLITANO", "location_cleaned": null, "fail_reason": "no_civic_number", "nom_classification": "inside_venice", "nominatim_query": "Tribunale Diocesano e Metropolitano, Venezia, Italy", "nominatim_flagged": "False", "matched_lat": 45.526, "matched_lon": 12.203, "match_confidence": "manual_nominatim", "geocoding_tier": "9", "Journal": null, "is_provincia": null, "matched_parish": null, "matched_sestiere": null, "matched_lett": null, "all_doors": null }, "geometry": { "type": "Point", "coordinates": [ 12.203, 45.526 ] } },
{ "type": "Feature", "properties": { "Name": "Petich can. Francesco", "Address": "TRIBUNALE DIOCESANO E METROPOLITANO", "Location": "S. Marco", "Category": null, "Role": "Giudice", "Profession": null, "Additional Info": "TRIBUNALE DIOCESANO E METROPOLITANO", "page_num": "86", "source_file": "page_86_semantic.csv", "section": "religious", "civic_num": null, "civic_lett": null, "sestiere_parsed": "SAN MARCO", "parish_parsed": null, "sestiere_implied": "False", "match_note": "Manually geocoded via Nominatim lookup: TRIBUNALE DIOCESANO E METROPOLITANO", "location_cleaned": null, "fail_reason": "no_civic_number", "nom_classification": "inside_venice", "nominatim_query": "Tribunale Diocesano e Metropolitano, Venezia, Italy", "nominatim_flagged": "False", "matched_lat": 45.526, "matched_lon": 12.203, "match_confidence": "manual_nominatim", "geocoding_tier": "9", "Journal": null, "is_provincia": null, "matched_parish": null, "matched_sestiere": null, "matched_lett": null, "all_doors": null }, "geometry": { "type": "Point", "coordinates": [ 12.203, 45.526 ] } },
{ "type": "Feature", "properties": { "Name": "Scattolon mons. Giosuè", "Address": "TRIBUNALE DIOCESANO E METROPOLITANO", "Location": "S. Marco", "Category": null, "Role": "Giudice", "Profession": null, "Additional Info": "TRIBUNALE DIOCESANO E METROPOLITANO", "page_num": "86", "source_file": "page_86_semantic.csv", "section": "religious", "civic_num": null, "civic_lett": null, "sestiere_parsed": "SAN MARCO", "parish_parsed": null, "sestiere_implied": "False", "match_note": "Manually geocoded via Nominatim lookup: TRIBUNALE DIOCESANO E METROPOLITANO", "location_cleaned": null, "fail_reason": "no_civic_number", "nom_classification": "inside_venice", "nominatim_query": "Tribunale Diocesano e Metropolitano, Venezia, Italy", "nominatim_flagged": "False", "matched_lat": 45.526, "matched_lon": 12.203, "match_confidence": "manual_nominatim", "geocoding_tier": "9", "Journal": null, "is_provincia": null, "matched_parish": null, "matched_sestiere": null, "matched_lett": null, "all_doors": null }, "geometry": { "type": "Point", "coordinates": [ 12.203, 45.526 ] } },
{ "type": "Feature", "properties": { "Name": "Spanio mons. dr. Giuseppe", "Address": "TRIBUNALE DIOCESANO E METROPOLITANO", "Location": "S. Marco", "Category": null, "Role": "Giudice", "Profession": null, "Additional Info": "TRIBUNALE DIOCESANO E METROPOLITANO", "page_num": "86", "source_file": "page_86_semantic.csv", "section": "religious", "civic_num": null, "civic_lett": null, "sestiere_parsed": "SAN MARCO", "parish_parsed": null, "sestiere_implied": "False", "match_note": "Manually geocoded via Nominatim lookup: TRIBUNALE DIOCESANO E METROPOLITANO", "location_cleaned": null, "fail_reason": "no_civic_number", "nom_classification": "inside_venice", "nominatim_query": "Tribunale Diocesano e Metropolitano, Venezia, Italy", "nominatim_flagged": "False", "matched_lat": 45.526, "matched_lon": 12.203, "match_confidence": "manual_nominatim", "geocoding_tier": "9", "Journal": null, "is_provincia": null, "matched_parish": null, "matched_sestiere": null, "matched_lett": null, "all_doors": null }, "geometry": { "type": "Point", "coordinates": [ 12.203, 45.526 ] } },
{ "type": "Feature", "properties": { "Name": "Trevisiol don Giov. Battista", "Address": "TRIBUNALE DIOCESANO E METROPOLITANO", "Location": "Tolentini", "Category": null, "Role": "Giudice", "Profession": null, "Additional Info": "TRIBUNALE DIOCESANO E METROPOLITANO", "page_num": "86", "source_file": "page_86_semantic.csv", "section": "religious", "civic_num": null, "civic_lett": null, "sestiere_parsed": null, "parish_parsed": null, "sestiere_implied": "False", "match_note": "Manually geocoded via Nominatim lookup: TRIBUNALE DIOCESANO E METROPOLITANO", "location_cleaned": null, "fail_reason": "no_civic_number", "nom_classification": "inside_venice", "nominatim_query": "Tribunale Diocesano e Metropolitano, Venezia, Italy", "nominatim_flagged": "False", "matched_lat": 45.526, "matched_lon": 12.203, "match_confidence": "manual_nominatim", "geocoding_tier": "9", "Journal": null, "is_provincia": null, "matched_parish": null, "matched_sestiere": null, "matched_lett": null, "all_doors": null }, "geometry": { "type": "Point", "coordinates": [ 12.203, 45.526 ] } },
{ "type": "Feature", "properties": { "Name": "Padre Francesco Saverio Zanon dei Cavanis", "Address": "TRIBUNALE DIOCESANO E METROPOLITANO", "Location": "Curia Patriarcale", "Category": null, "Role": "Giudice", "Profession": null, "Additional Info": "TRIBUNALE DIOCESANO E METROPOLITANO", "page_num": "86", "source_file": "page_86_semantic.csv", "section": "religious", "civic_num": null, "civic_lett": null, "sestiere_parsed": null, "parish_parsed": null, "sestiere_implied": "False", "match_note": "Manually geocoded via Nominatim lookup: TRIBUNALE DIOCESANO E METROPOLITANO", "location_cleaned": null, "fail_reason": "no_civic_number", "nom_classification": "inside_venice", "nominatim_query": "Tribunale Diocesano e Metropolitano, Venezia, Italy", "nominatim_flagged": "False", "matched_lat": 45.526, "matched_lon": 12.203, "match_confidence": "manual_nominatim", "geocoding_tier": "9", "Journal": null, "is_provincia": null, "matched_parish": null, "matched_sestiere": null, "matched_lett": null, "all_doors": null }, "geometry": { "type": "Point", "coordinates": [ 12.203, 45.526 ] } },
{ "type": "Feature", "properties": { "Name": "Padre Basilio Camerra", "Address": "TRIBUNALE DIOCESANO E METROPOLITANO", "Location": "Curia Patriarcale", "Category": null, "Role": "Giudice", "Profession": null, "Additional Info": "TRIBUNALE DIOCESANO E METROPOLITANO", "page_num": "86", "source_file": "page_86_semantic.csv", "section": "religious", "civic_num": null, "civic_lett": null, "sestiere_parsed": null, "parish_parsed": null, "sestiere_implied": "False", "match_note": "Manually geocoded via Nominatim lookup: TRIBUNALE DIOCESANO E METROPOLITANO", "location_cleaned": null, "fail_reason": "no_civic_number", "nom_classification": "inside_venice", "nominatim_query": "Curia Patriarcale, Venezia, Italy", "nominatim_flagged": "False", "matched_lat": 45.526, "matched_lon": 12.203, "match_confidence": "manual_nominatim", "geocoding_tier": "9", "Journal": null, "is_provincia": null, "matched_parish": null, "matched_sestiere": null, "matched_lett": null, "all_doors": null }, "geometry": { "type": "Point", "coordinates": [ 12.203, 45.526 ] } },
{ "type": "Feature", "properties": { "Name": "Padre Leone Blasiol", "Address": "TRIBUNALE DIOCESANO E METROPOLITANO", "Location": "Curia Patriarcale", "Category": null, "Role": "Giudice", "Profession": null, "Additional Info": "TRIBUNALE DIOCESANO E METROPOLITANO", "page_num": "86", "source_file": "page_86_semantic.csv", "section": "religious", "civic_num": null, "civic_lett": null, "sestiere_parsed": null, "parish_parsed": null, "sestiere_implied": "False", "match_note": "Manually geocoded via Nominatim lookup: TRIBUNALE DIOCESANO E METROPOLITANO", "location_cleaned": null, "fail_reason": "no_civic_number", "nom_classification": "inside_venice", "nominatim_query": "Curia Patriarcale, Venezia, Italy", "nominatim_flagged": "False", "matched_lat": 45.526, "matched_lon": 12.203, "match_confidence": "manual_nominatim", "geocoding_tier": "9", "Journal": null, "is_provincia": null, "matched_parish": null, "matched_sestiere": null, "matched_lett": null, "all_doors": null }, "geometry": { "type": "Point", "coordinates": [ 12.203, 45.526 ] } },
{ "type": "Feature", "properties": { "Name": "P. Albino del Bam. Gesù O. C. D.", "Address": "TRIBUNALE DIOCESANO E METROPOLITANO", "Location": "Curia Patriarcale", "Category": null, "Role": "Giudice", "Profession": null, "Additional Info": "TRIBUNALE DIOCESANO E METROPOLITANO", "page_num": "86", "source_file": "page_86_semantic.csv", "section": "religious", "civic_num": null, "civic_lett": null, "sestiere_parsed": null, "parish_parsed": null, "sestiere_implied": "False", "match_note": "Manually geocoded via Nominatim lookup: TRIBUNALE DIOCESANO E METROPOLITANO", "location_cleaned": null, "fail_reason": "no_civic_number", "nom_classification": "inside_venice", "nominatim_query": "Curia Patriarcale, Venezia, Italy", "nominatim_flagged": "False", "matched_lat": 45.526, "matched_lon": 12.203, "match_confidence": "manual_nominatim", "geocoding_tier": "9", "Journal": null, "is_provincia": null, "matched_parish": null, "matched_sestiere": null, "matched_lett": null, "all_doors": null }, "geometry": { "type": "Point", "coordinates": [ 12.203, 45.526 ] } },
{ "type": "Feature", "properties": { "Name": "P. Angelico in Enego F. M. Capp.", "Address": "TRIBUNALE DIOCESANO E METROPOLITANO", "Location": "Curia Patriarcale", "Category": null, "Role": "Giudice", "Profession": null, "Additional Info": "TRIBUNALE DIOCESANO E METROPOLITANO", "page_num": "86", "source_file": "page_86_semantic.csv", "section": "religious", "civic_num": null, "civic_lett": null, "sestiere_parsed": null, "parish_parsed": null, "sestiere_implied": "False", "match_note": "Manually geocoded via Nominatim lookup: TRIBUNALE DIOCESANO E METROPOLITANO", "location_cleaned": null, "fail_reason": "no_civic_number", "nom_classification": "inside_venice", "nominatim_query": "Curia Patriarcale, Venezia, Italy", "nominatim_flagged": "False", "matched_lat": 45.526, "matched_lon": 12.203, "match_confidence": "manual_nominatim", "geocoding_tier": "9", "Journal": null, "is_provincia": null, "matched_parish": null, "matched_sestiere": null, "matched_lett": null, "all_doors": null }, "geometry": { "type": "Point", "coordinates": [ 12.203, 45.526 ] } },
{ "type": "Feature", "properties": { "Name": "Urbani Mons. dr. Giovanni", "Address": "TRIBUNALE DIOCESANO E METROPOLITANO", "Location": "S. Fantino", "Category": null, "Role": "Promotore di giustizia", "Profession": null, "Additional Info": "TRIBUNALE DIOCESANO E METROPOLITANO", "page_num": "86", "source_file": "page_86_semantic.csv", "section": "religious", "civic_num": null, "civic_lett": null, "sestiere_parsed": null, "parish_parsed": null, "sestiere_implied": "False", "match_note": "Manually geocoded via Nominatim lookup: TRIBUNALE DIOCESANO E METROPOLITANO", "location_cleaned": null, "fail_reason": "no_civic_number", "nom_classification": "inside_venice", "nominatim_query": "Chiesa di San Fantino, Venezia, Italy", "nominatim_flagged": "False", "matched_lat": 45.526, "matched_lon": 12.203, "match_confidence": "manual_nominatim", "geocoding_tier": "9", "Journal": null, "is_provincia": null, "matched_parish": null, "matched_sestiere": null, "matched_lett": null, "all_doors": null }, "geometry": { "type": "Point", "coordinates": [ 12.203, 45.526 ] } },
{ "type": "Feature", "properties": { "Name": "Tosi Don Giorgio", "Address": "TRIBUNALE DIOCESANO E METROPOLITANO", "Location": "S. Antonino", "Category": null, "Role": "Direttore", "Profession": null, "Additional Info": "UFFICIO MISSIONARIO DIOCESANO", "page_num": "86", "source_file": "page_86_semantic.csv", "section": "religious", "civic_num": null, "civic_lett": null, "sestiere_parsed": null, "parish_parsed": null, "sestiere_implied": "False", "match_note": "Manually geocoded via Nominatim lookup: TRIBUNALE DIOCESANO E METROPOLITANO", "location_cleaned": null, "fail_reason": "no_civic_number", "nom_classification": "inside_venice", "nominatim_query": "Chiesa di Sant'Antonino, Venezia, Italy", "nominatim_flagged": "False", "matched_lat": 45.526, "matched_lon": 12.203, "match_confidence": "manual_nominatim", "geocoding_tier": "9", "Journal": null, "is_provincia": null, "matched_parish": null, "matched_sestiere": null, "matched_lett": null, "all_doors": null }, "geometry": { "type": "Point", "coordinates": [ 12.203, 45.526 ] } },
{ "type": "Feature", "properties": { "Name": "Jandelli dr. Mons. Evelio", "Address": "TRIBUNALE DIOCESANO E METROPOLITANO", "Location": "S. Tomà", "Category": null, "Role": null, "Profession": null, "Additional Info": "ESAMINATORI PROSIONALDI", "page_num": "86", "source_file": "page_86_semantic.csv", "section": "religious", "civic_num": null, "civic_lett": null, "sestiere_parsed": "SAN POLO", "parish_parsed": null, "sestiere_implied": "True", "match_note": "Manually geocoded via Nominatim lookup: TRIBUNALE DIOCESANO E METROPOLITANO", "location_cleaned": null, "fail_reason": "no_civic_number", "nom_classification": "inside_venice", "nominatim_query": "Chiesa di San Tomà, Venezia, Italy", "nominatim_flagged": "False", "matched_lat": 45.526, "matched_lon": 12.203, "match_confidence": "manual_nominatim", "geocoding_tier": "9", "Journal": null, "is_provincia": null, "matched_parish": null, "matched_sestiere": null, "matched_lett": null, "all_doors": null }, "geometry": { "type": "Point", "coordinates": [ 12.203, 45.526 ] } },
{ "type": "Feature", "properties": { "Name": "Menegazzi mons. Carlo", "Address": "TRIBUNALE DIOCESANO E METROPOLITANO", "Location": "S. Marco", "Category": null, "Role": null, "Profession": null, "Additional Info": "ESAMINATORI PROSIONALDI", "page_num": "86", "source_file": "page_86_semantic.csv", "section": "religious", "civic_num": null, "civic_lett": null, "sestiere_parsed": "SAN MARCO", "parish_parsed": null, "sestiere_implied": "False", "match_note": "Manually geocoded via Nominatim lookup: TRIBUNALE DIOCESANO E METROPOLITANO", "location_cleaned": null, "fail_reason": "no_civic_number", "nom_classification": "inside_venice", "nominatim_query": "Tribunale Diocesano e Metropolitano, Venezia, Italy", "nominatim_flagged": "False", "matched_lat": 45.526, "matched_lon": 12.203, "match_confidence": "manual_nominatim", "geocoding_tier": "9", "Journal": null, "is_provincia": null, "matched_parish": null, "matched_sestiere": null, "matched_lett": null, "all_doors": null }, "geometry": { "type": "Point", "coordinates": [ 12.203, 45.526 ] } },
{ "type": "Feature", "properties": { "Name": "Spagno padre Ferdinando", "Address": "TRIBUNALE DIOCESANO E METROPOLITANO", "Location": "Curia Patriarcale", "Category": null, "Role": null, "Profession": null, "Additional Info": "ESAMINATORI PROSIONALDI", "page_num": "86", "source_file": "page_86_semantic.csv", "section": "religious", "civic_num": null, "civic_lett": null, "sestiere_parsed": null, "parish_parsed": null, "sestiere_implied": "False", "match_note": "Manually geocoded via Nominatim lookup: TRIBUNALE DIOCESANO E METROPOLITANO", "location_cleaned": null, "fail_reason": "no_civic_number", "nom_classification": "inside_venice", "nominatim_query": "Tribunale Diocesano e Metropolitano, Venezia, Italy", "nominatim_flagged": "False", "matched_lat": 45.526, "matched_lon": 12.203, "match_confidence": "manual_nominatim", "geocoding_tier": "9", "Journal": null, "is_provincia": null, "matched_parish": null, "matched_sestiere": null, "matched_lett": null, "all_doors": null }, "geometry": { "type": "Point", "coordinates": [ 12.203, 45.526 ] } },
{ "type": "Feature", "properties": { "Name": "Spanio mons. dr. Giuseppe", "Address": "TRIBUNALE DIOCESANO E METROPOLITANO", "Location": "S. Marco", "Category": null, "Role": null, "Profession": null, "Additional Info": "ESAMINATORI PROSIONALDI", "page_num": "86", "source_file": "page_86_semantic.csv", "section": "religious", "civic_num": null, "civic_lett": null, "sestiere_parsed": "SAN MARCO", "parish_parsed": null, "sestiere_implied": "False", "match_note": "Manually geocoded via Nominatim lookup: TRIBUNALE DIOCESANO E METROPOLITANO", "location_cleaned": null, "fail_reason": "no_civic_number", "nom_classification": "inside_venice", "nominatim_query": "Tribunale Diocesano e Metropolitano, Venezia, Italy", "nominatim_flagged": "False", "matched_lat": 45.526, "matched_lon": 12.203, "match_confidence": "manual_nominatim", "geocoding_tier": "9", "Journal": null, "is_provincia": null, "matched_parish": null, "matched_sestiere": null, "matched_lett": null, "all_doors": null }, "geometry": { "type": "Point", "coordinates": [ 12.203, 45.526 ] } },
{ "type": "Feature", "properties": { "Name": "Zanon padre Saverio", "Address": "TRIBUNALE DIOCESANO E METROPOLITANO", "Location": "Curia Patriarcale", "Category": null, "Role": null, "Profession": null, "Additional Info": "delle Scuole di Carità Cavanis", "page_num": "86", "source_file": "page_86_semantic.csv", "section": "religious", "civic_num": null, "civic_lett": null, "sestiere_parsed": null, "parish_parsed": null, "sestiere_implied": "False", "match_note": "Manually geocoded via Nominatim lookup: TRIBUNALE DIOCESANO E METROPOLITANO", "location_cleaned": null, "fail_reason": "no_civic_number", "nom_classification": "inside_venice", "nominatim_query": "Tribunale Diocesano e Metropolitano, Venezia, Italy", "nominatim_flagged": "False", "matched_lat": 45.526, "matched_lon": 12.203, "match_confidence": "manual_nominatim", "geocoding_tier": "9", "Journal": null, "is_provincia": null, "matched_parish": null, "matched_sestiere": null, "matched_lett": null, "all_doors": null }, "geometry": { "type": "Point", "coordinates": [ 12.203, 45.526 ] } },
{ "type": "Feature", "properties": { "Name": "Bortoli P. Modesto O. F. M,", "Address": "TRIBUNALE DIOCESANO E METROPOLITANO", "Location": "Curia Patriarcale", "Category": null, "Role": null, "Profession": null, "Additional Info": "ESAMINATORI PROSIONALDI", "page_num": "86", "source_file": "page_86_semantic.csv", "section": "religious", "civic_num": null, "civic_lett": null, "sestiere_parsed": null, "parish_parsed": null, "sestiere_implied": "False", "match_note": "Manually geocoded via Nominatim lookup: TRIBUNALE DIOCESANO E METROPOLITANO", "location_cleaned": null, "fail_reason": "no_civic_number", "nom_classification": "inside_venice", "nominatim_query": "Tribunale Diocesano e Metropolitano, Venezia, Italy", "nominatim_flagged": "False", "matched_lat": 45.526, "matched_lon": 12.203, "match_confidence": "manual_nominatim", "geocoding_tier": "9", "Journal": null, "is_provincia": null, "matched_parish": null, "matched_sestiere": null, "matched_lett": null, "all_doors": null }, "geometry": { "type": "Point", "coordinates": [ 12.203, 45.526 ] } },
{ "type": "Feature", "properties": { "Name": "Bressan Mons. Ettore", "Address": "TRIBUNALE DIOCESANO E METROPOLITANO", "Location": "Seminario Patriarcale", "Category": null, "Role": null, "Profession": null, "Additional Info": "ESAMINATORI PROSIONALDI", "page_num": "86", "source_file": "page_86_semantic.csv", "section": "religious", "civic_num": null, "civic_lett": null, "sestiere_parsed": null, "parish_parsed": null, "sestiere_implied": "False", "match_note": "Manually geocoded via Nominatim lookup: TRIBUNALE DIOCESANO E METROPOLITANO", "location_cleaned": null, "fail_reason": "no_civic_number", "nom_classification": "inside_venice", "nominatim_query": "Tribunale Diocesano e Metropolitano, Venezia, Italy", "nominatim_flagged": "False", "matched_lat": 45.526, "matched_lon": 12.203, "match_confidence": "manual_nominatim", "geocoding_tier": "9", "Journal": null, "is_provincia": null, "matched_parish": null, "matched_sestiere": null, "matched_lett": null, "all_doors": null }, "geometry": { "type": "Point", "coordinates": [ 12.203, 45.526 ] } },
{ "type": "Feature", "properties": { "Name": "Chialina P. Vittore O. F. M. Conv.", "Address": "TRIBUNALE DIOCESANO E METROPOLITANO", "Location": "Frari", "Category": null, "Role": null, "Profession": null, "Additional Info": "ESAMINATORI PROSIONALDI", "page_num": "86", "source_file": "page_86_semantic.csv", "section": "religious", "civic_num": null, "civic_lett": null, "sestiere_parsed": null, "parish_parsed": "Santa Maria Gloriosa", "sestiere_implied": "False", "match_note": "Manually geocoded via Nominatim lookup: TRIBUNALE DIOCESANO E METROPOLITANO", "location_cleaned": null, "fail_reason": "no_civic_number", "nom_classification": "inside_venice", "nominatim_query": "Tribunale Diocesano e Metropolitano, Venezia, Italy", "nominatim_flagged": "False", "matched_lat": 45.526, "matched_lon": 12.203, "match_confidence": "manual_nominatim", "geocoding_tier": "9", "Journal": null, "is_provincia": null, "matched_parish": null, "matched_sestiere": null, "matched_lett": null, "all_doors": null }, "geometry": { "type": "Point", "coordinates": [ 12.203, 45.526 ] } },
{ "type": "Feature", "properties": { "Name": "Gusso Mons. Giovanni", "Address": "TRIBUNALE DIOCESANO E METROPOLITANO", "Location": "S. Martino", "Category": null, "Role": null, "Profession": null, "Additional Info": "ESAMINATORI PROSIONALDI", "page_num": "86", "source_file": "page_86_semantic.csv", "section": "religious", "civic_num": null, "civic_lett": null, "sestiere_parsed": null, "parish_parsed": "San Martino", "sestiere_implied": "False", "match_note": "Manually geocoded via Nominatim lookup: TRIBUNALE DIOCESANO E METROPOLITANO", "location_cleaned": null, "fail_reason": "no_civic_number", "nom_classification": "inside_venice", "nominatim_query": "Tribunale Diocesano e Metropolitano, Venezia, Italy", "nominatim_flagged": "False", "matched_lat": 45.526, "matched_lon": 12.203, "match_confidence": "manual_nominatim", "geocoding_tier": "9", "Journal": null, "is_provincia": null, "matched_parish": null, "matched_sestiere": null, "matched_lett": null, "all_doors": null }, "geometry": { "type": "Point", "coordinates": [ 12.203, 45.526 ] } },
{ "type": "Feature", "properties": { "Name": "Chialina P. Vittore O F. M. Conv.", "Address": "TRIBUNALE DIOCESANO E METROPOLITANO", "Location": "Curia Patriarcale", "Category": null, "Role": null, "Profession": null, "Additional Info": "CONSULTORI DEI PARROCI", "page_num": "86", "source_file": "page_86_semantic.csv", "section": "religious", "civic_num": null, "civic_lett": null, "sestiere_parsed": null, "parish_parsed": null, "sestiere_implied": "False", "match_note": "Manually geocoded via Nominatim lookup: TRIBUNALE DIOCESANO E METROPOLITANO", "location_cleaned": null, "fail_reason": "no_civic_number", "nom_classification": "inside_venice", "nominatim_query": "Tribunale Diocesano e Metropolitano, Venezia, Italy", "nominatim_flagged": "False", "matched_lat": 45.526, "matched_lon": 12.203, "match_confidence": "manual_nominatim", "geocoding_tier": "9", "Journal": null, "is_provincia": null, "matched_parish": null, "matched_sestiere": null, "matched_lett": null, "all_doors": null }, "geometry": { "type": "Point", "coordinates": [ 12.203, 45.526 ] } },
{ "type": "Feature", "properties": { "Name": "Galimberti Mons. Attilio", "Address": "TRIBUNALE DIOCESANO E METROPOLITANO", "Location": "Curia Patriarcale", "Category": null, "Role": null, "Profession": null, "Additional Info": "CONSULTORI DEI PARROCI", "page_num": "86", "source_file": "page_86_semantic.csv", "section": "religious", "civic_num": null, "civic_lett": null, "sestiere_parsed": null, "parish_parsed": null, "sestiere_implied": "False", "match_note": "Manually geocoded via Nominatim lookup: TRIBUNALE DIOCESANO E METROPOLITANO", "location_cleaned": null, "fail_reason": "no_civic_number", "nom_classification": "inside_venice", "nominatim_query": "Tribunale Diocesano e Metropolitano, Curia Patriarcale, Venezia, Italy", "nominatim_flagged": "False", "matched_lat": 45.526, "matched_lon": 12.203, "match_confidence": "manual_nominatim", "geocoding_tier": "9", "Journal": null, "is_provincia": null, "matched_parish": null, "matched_sestiere": null, "matched_lett": null, "all_doors": null }, "geometry": { "type": "Point", "coordinates": [ 12.203, 45.526 ] } },
{ "type": "Feature", "properties": { "Name": "Gusso Mons. Giovanni", "Address": "TRIBUNALE DIOCESANO E METROPOLITANO", "Location": "Curia Patriarcale", "Category": null, "Role": null, "Profession": null, "Additional Info": "CONSULTORI DEI PARROCI", "page_num": "86", "source_file": "page_86_semantic.csv", "section": "religious", "civic_num": null, "civic_lett": null, "sestiere_parsed": null, "parish_parsed": null, "sestiere_implied": "False", "match_note": "Manually geocoded via Nominatim lookup: TRIBUNALE DIOCESANO E METROPOLITANO", "location_cleaned": null, "fail_reason": "no_civic_number", "nom_classification": "inside_venice", "nominatim_query": "Tribunale Diocesano e Metropolitano, Curia Patriarcale, Venezia, Italy", "nominatim_flagged": "False", "matched_lat": 45.526, "matched_lon": 12.203, "match_confidence": "manual_nominatim", "geocoding_tier": "9", "Journal": null, "is_provincia": null, "matched_parish": null, "matched_sestiere": null, "matched_lett": null, "all_doors": null }, "geometry": { "type": "Point", "coordinates": [ 12.203, 45.526 ] } },
{ "type": "Feature", "properties": { "Name": "Mezzaraba dr. Umberto", "Address": "TRIBUNALE DIOCESANO E METROPOLITANO", "Location": "Curia Patriarcale", "Category": null, "Role": null, "Profession": null, "Additional Info": "CONSULTORI DEI PARROCI", "page_num": "86", "source_file": "page_86_semantic.csv", "section": "religious", "civic_num": null, "civic_lett": null, "sestiere_parsed": null, "parish_parsed": null, "sestiere_implied": "False", "match_note": "Manually geocoded via Nominatim lookup: TRIBUNALE DIOCESANO E METROPOLITANO", "location_cleaned": null, "fail_reason": "no_civic_number", "nom_classification": "inside_venice", "nominatim_query": "Tribunale Diocesano e Metropolitano, Curia Patriarcale, Venezia, Italy", "nominatim_flagged": "False", "matched_lat": 45.526, "matched_lon": 12.203, "match_confidence": "manual_nominatim", "geocoding_tier": "9", "Journal": null, "is_provincia": null, "matched_parish": null, "matched_sestiere": null, "matched_lett": null, "all_doors": null }, "geometry": { "type": "Point", "coordinates": [ 12.203, 45.526 ] } },
{ "type": "Feature", "properties": { "Name": "Selmo P. Michele O. S. M.", "Address": "TRIBUNALE DIOCESANO E METROPOLITANO", "Location": "Curia Patriarcale", "Category": null, "Role": null, "Profession": null, "Additional Info": "CONSULTORI DEI PARROCI", "page_num": "86", "source_file": "page_86_semantic.csv", "section": "religious", "civic_num": null, "civic_lett": null, "sestiere_parsed": null, "parish_parsed": null, "sestiere_implied": "False", "match_note": "Manually geocoded via Nominatim lookup: TRIBUNALE DIOCESANO E METROPOLITANO", "location_cleaned": null, "fail_reason": "no_civic_number", "nom_classification": "inside_venice", "nominatim_query": "Tribunale Diocesano e Metropolitano, Curia Patriarcale, Venezia, Italy", "nominatim_flagged": "False", "matched_lat": 45.526, "matched_lon": 12.203, "match_confidence": "manual_nominatim", "geocoding_tier": "9", "Journal": null, "is_provincia": null, "matched_parish": null, "matched_sestiere": null, "matched_lett": null, "all_doors": null }, "geometry": { "type": "Point", "coordinates": [ 12.203, 45.526 ] } },
{ "type": "Feature", "properties": { "Name": "Vidai Mons. Arturo", "Address": "TRIBUNALE DIOCESANO E METROPOLITANO", "Location": "Curia Patriarcale", "Category": null, "Role": null, "Profession": null, "Additional Info": "CONSULTORI DEI PARROCI", "page_num": "86", "source_file": "page_86_semantic.csv", "section": "religious", "civic_num": null, "civic_lett": null, "sestiere_parsed": null, "parish_parsed": null, "sestiere_implied": "False", "match_note": "Manually geocoded via Nominatim lookup: TRIBUNALE DIOCESANO E METROPOLITANO", "location_cleaned": null, "fail_reason": "no_civic_number", "nom_classification": "inside_venice", "nominatim_query": "Tribunale Diocesano e Metropolitano, Curia Patriarcale, Venezia, Italy", "nominatim_flagged": "False", "matched_lat": 45.526, "matched_lon": 12.203, "match_confidence": "manual_nominatim", "geocoding_tier": "9", "Journal": null, "is_provincia": null, "matched_parish": null, "matched_sestiere": null, "matched_lett": null, "all_doors": null }, "geometry": { "type": "Point", "coordinates": [ 12.203, 45.526 ] } },
{ "type": "Feature", "properties": { "Name": "Spanio mons. dr. Giuseppe", "Address": "TRIBUNALE DIOCESANO E METROPOLITANO", "Location": "Curia Patriarcale", "Category": null, "Role": null, "Profession": null, "Additional Info": "CENSORI DEI LIBRI", "page_num": "86", "source_file": "page_86_semantic.csv", "section": "religious", "civic_num": null, "civic_lett": null, "sestiere_parsed": null, "parish_parsed": null, "sestiere_implied": "False", "match_note": "Manually geocoded via Nominatim lookup: TRIBUNALE DIOCESANO E METROPOLITANO", "location_cleaned": null, "fail_reason": "no_civic_number", "nom_classification": "inside_venice", "nominatim_query": "Tribunale Diocesano e Metropolitano, Curia Patriarcale, Venezia, Italy", "nominatim_flagged": "False", "matched_lat": 45.526, "matched_lon": 12.203, "match_confidence": "manual_nominatim", "geocoding_tier": "9", "Journal": null, "is_provincia": null, "matched_parish": null, "matched_sestiere": null, "matched_lett": null, "all_doors": null }, "geometry": { "type": "Point", "coordinates": [ 12.203, 45.526 ] } },
{ "type": "Feature", "properties": { "Name": "Zanon padre Francesco dei Cavanis", "Address": "TRIBUNALE DIOCESANO E METROPOLITANO", "Location": "Curia Patriarcale", "Category": null, "Role": null, "Profession": null, "Additional Info": "CENSORI DEI LIBRI", "page_num": "86", "source_file": "page_86_semantic.csv", "section": "religious", "civic_num": null, "civic_lett": null, "sestiere_parsed": null, "parish_parsed": null, "sestiere_implied": "False", "match_note": "Manually geocoded via Nominatim lookup: TRIBUNALE DIOCESANO E METROPOLITANO", "location_cleaned": null, "fail_reason": "no_civic_number", "nom_classification": "inside_venice", "nominatim_query": "Tribunale Diocesano e Metropolitano, Curia Patriarcale, Venezia, Italy", "nominatim_flagged": "False", "matched_lat": 45.526, "matched_lon": 12.203, "match_confidence": "manual_nominatim", "geocoding_tier": "9", "Journal": null, "is_provincia": null, "matched_parish": null, "matched_sestiere": null, "matched_lett": null, "all_doors": null }, "geometry": { "type": "Point", "coordinates": [ 12.203, 45.526 ] } },
{ "type": "Feature", "properties": { "Name": "Aucher Padre Giovanni dei Mechitaristi", "Address": "TRIBUNALE DIOCESANO E METROPOLITANO", "Location": "Curia Patriarcale", "Category": null, "Role": null, "Profession": null, "Additional Info": "CENSORI DEI LIBRI", "page_num": "86", "source_file": "page_86_semantic.csv", "section": "religious", "civic_num": null, "civic_lett": null, "sestiere_parsed": null, "parish_parsed": null, "sestiere_implied": "False", "match_note": "Manually geocoded via Nominatim lookup: TRIBUNALE DIOCESANO E METROPOLITANO", "location_cleaned": null, "fail_reason": "no_civic_number", "nom_classification": "inside_venice", "nominatim_query": "Tribunale Diocesano e Metropolitano, Curia Patriarcale, Venezia, Italy", "nominatim_flagged": "False", "matched_lat": 45.526, "matched_lon": 12.203, "match_confidence": "manual_nominatim", "geocoding_tier": "9", "Journal": null, "is_provincia": null, "matched_parish": null, "matched_sestiere": null, "matched_lett": null, "all_doors": null }, "geometry": { "type": "Point", "coordinates": [ 12.203, 45.526 ] } },
{ "type": "Feature", "properties": { "Name": "Ambruizzi Padre dei Cappuccini", "Address": "TRIBUNALE DIOCESANO E METROPOLITANO", "Location": "Curia Patriarcale", "Category": null, "Role": null, "Profession": null, "Additional Info": "CENSORI DEI LIBRI", "page_num": "86", "source_file": "page_86_semantic.csv", "section": "religious", "civic_num": null, "civic_lett": null, "sestiere_parsed": null, "parish_parsed": null, "sestiere_implied": "False", "match_note": "Manually geocoded via Nominatim lookup: TRIBUNALE DIOCESANO E METROPOLITANO", "location_cleaned": null, "fail_reason": "no_civic_number", "nom_classification": "inside_venice", "nominatim_query": "Tribunale Diocesano e Metropolitano, Curia Patriarcale, Venezia, Italy", "nominatim_flagged": "False", "matched_lat": 45.526, "matched_lon": 12.203, "match_confidence": "manual_nominatim", "geocoding_tier": "9", "Journal": null, "is_provincia": null, "matched_parish": null, "matched_sestiere": null, "matched_lett": null, "all_doors": null }, "geometry": { "type": "Point", "coordinates": [ 12.203, 45.526 ] } },
{ "type": "Feature", "properties": { "Name": "Bressan Mons. Ettore", "Address": "TRIBUNALE DIOCESANO E METROPOLITANO", "Location": "Curia Patriarcale", "Category": null, "Role": null, "Profession": null, "Additional Info": "CENSORI DEI LIBRI", "page_num": "86", "source_file": "page_86_semantic.csv", "section": "religious", "civic_num": null, "civic_lett": null, "sestiere_parsed": null, "parish_parsed": null, "sestiere_implied": "False", "match_note": "Manually geocoded via Nominatim lookup: TRIBUNALE DIOCESANO E METROPOLITANO", "location_cleaned": null, "fail_reason": "no_civic_number", "nom_classification": "inside_venice", "nominatim_query": "Tribunale Diocesano e Metropolitano, Curia Patriarcale, Venezia, Italy", "nominatim_flagged": "False", "matched_lat": 45.526, "matched_lon": 12.203, "match_confidence": "manual_nominatim", "geocoding_tier": "9", "Journal": null, "is_provincia": null, "matched_parish": null, "matched_sestiere": null, "matched_lett": null, "all_doors": null }, "geometry": { "type": "Point", "coordinates": [ 12.203, 45.526 ] } },
{ "type": "Feature", "properties": { "Name": "De Luigi S. J.", "Address": "TRIBUNALE DIOCESANO E METROPOLITANO", "Location": "Curia Patriarcale", "Category": null, "Role": null, "Profession": null, "Additional Info": "CENSORI DEI LIBRI", "page_num": "86", "source_file": "page_86_semantic.csv", "section": "religious", "civic_num": null, "civic_lett": null, "sestiere_parsed": null, "parish_parsed": null, "sestiere_implied": "False", "match_note": "Manually geocoded via Nominatim lookup: TRIBUNALE DIOCESANO E METROPOLITANO", "location_cleaned": null, "fail_reason": "no_civic_number", "nom_classification": "inside_venice", "nominatim_query": "Tribunale Diocesano e Metropolitano, Venezia, Italy", "nominatim_flagged": "False", "matched_lat": 45.526, "matched_lon": 12.203, "match_confidence": "manual_nominatim", "geocoding_tier": "9", "Journal": null, "is_provincia": null, "matched_parish": null, "matched_sestiere": null, "matched_lett": null, "all_doors": null }, "geometry": { "type": "Point", "coordinates": [ 12.203, 45.526 ] } },
{ "type": "Feature", "properties": { "Name": "Padre Basilio", "Address": "TRIBUNALE DIOCESANO E METROPOLITANO", "Location": "Curia Patriarcale", "Category": null, "Role": null, "Profession": null, "Additional Info": "CENSORI DEI LIBRI", "page_num": "86", "source_file": "page_86_semantic.csv", "section": "religious", "civic_num": null, "civic_lett": null, "sestiere_parsed": null, "parish_parsed": null, "sestiere_implied": "False", "match_note": "Manually geocoded via Nominatim lookup: TRIBUNALE DIOCESANO E METROPOLITANO", "location_cleaned": null, "fail_reason": "no_civic_number", "nom_classification": "inside_venice", "nominatim_query": "Tribunale Diocesano e Metropolitano, Venezia, Italy", "nominatim_flagged": "False", "matched_lat": 45.526, "matched_lon": 12.203, "match_confidence": "manual_nominatim", "geocoding_tier": "9", "Journal": null, "is_provincia": null, "matched_parish": null, "matched_sestiere": null, "matched_lett": null, "all_doors": null }, "geometry": { "type": "Point", "coordinates": [ 12.203, 45.526 ] } },
{ "type": "Feature", "properties": { "Name": "da Montecchio Luca Mons. Attilio", "Address": "TRIBUNALE DIOCESANO E METROPOLITANO", "Location": "Curia Patriarcale", "Category": null, "Role": null, "Profession": null, "Additional Info": "CENSORI DEI LIBRI", "page_num": "86", "source_file": "page_86_semantic.csv", "section": "religious", "civic_num": null, "civic_lett": null, "sestiere_parsed": null, "parish_parsed": null, "sestiere_implied": "False", "match_note": "Manually geocoded via Nominatim lookup: TRIBUNALE DIOCESANO E METROPOLITANO", "location_cleaned": null, "fail_reason": "no_civic_number", "nom_classification": "inside_venice", "nominatim_query": "Tribunale Diocesano e Metropolitano, Venezia, Italy", "nominatim_flagged": "False", "matched_lat": 45.526, "matched_lon": 12.203, "match_confidence": "manual_nominatim", "geocoding_tier": "9", "Journal": null, "is_provincia": null, "matched_parish": null, "matched_sestiere": null, "matched_lett": null, "all_doors": null }, "geometry": { "type": "Point", "coordinates": [ 12.203, 45.526 ] } },
{ "type": "Feature", "properties": { "Name": "Rizzi Padre Ernesto S. J.", "Address": "TRIBUNALE DIOCESANO E METROPOLITANO", "Location": "Curia Patriarcale", "Category": null, "Role": null, "Profession": null, "Additional Info": "CENSORI DEI LIBRI", "page_num": "86", "source_file": "page_86_semantic.csv", "section": "religious", "civic_num": null, "civic_lett": null, "sestiere_parsed": null, "parish_parsed": null, "sestiere_implied": "False", "match_note": "Manually geocoded via Nominatim lookup: TRIBUNALE DIOCESANO E METROPOLITANO", "location_cleaned": null, "fail_reason": "no_civic_number", "nom_classification": "inside_venice", "nominatim_query": "Tribunale Diocesano e Metropolitano, Venezia, Italy", "nominatim_flagged": "False", "matched_lat": 45.526, "matched_lon": 12.203, "match_confidence": "manual_nominatim", "geocoding_tier": "9", "Journal": null, "is_provincia": null, "matched_parish": null, "matched_sestiere": null, "matched_lett": null, "all_doors": null }, "geometry": { "type": "Point", "coordinates": [ 12.203, 45.526 ] } },
{ "type": "Feature", "properties": { "Name": "Scarpa Padre Filippo O. F. M.", "Address": "TRIBUNALE DIOCESANO E METROPOLITANO", "Location": "Curia Patriarcale", "Category": null, "Role": null, "Profession": null, "Additional Info": "CENSORI DEI LIBRI", "page_num": "86", "source_file": "page_86_semantic.csv", "section": "religious", "civic_num": null, "civic_lett": null, "sestiere_parsed": null, "parish_parsed": null, "sestiere_implied": "False", "match_note": "Manually geocoded via Nominatim lookup: TRIBUNALE DIOCESANO E METROPOLITANO", "location_cleaned": null, "fail_reason": "no_civic_number", "nom_classification": "inside_venice", "nominatim_query": "Tribunale Diocesano e Metropolitano, Venezia, Italy", "nominatim_flagged": "False", "matched_lat": 45.526, "matched_lon": 12.203, "match_confidence": "manual_nominatim", "geocoding_tier": "9", "Journal": null, "is_provincia": null, "matched_parish": null, "matched_sestiere": null, "matched_lett": null, "all_doors": null }, "geometry": { "type": "Point", "coordinates": [ 12.203, 45.526 ] } },
{ "type": "Feature", "properties": { "Name": "Scarpa mons. Giuseppe", "Address": "TRIBUNALE DIOCESANO E METROPOLITANO", "Location": "Curia Patriarcale", "Category": null, "Role": null, "Profession": null, "Additional Info": "CENSORI DEI LIBRI", "page_num": "86", "source_file": "page_86_semantic.csv", "section": "religious", "civic_num": null, "civic_lett": null, "sestiere_parsed": null, "parish_parsed": null, "sestiere_implied": "False", "match_note": "Manually geocoded via Nominatim lookup: TRIBUNALE DIOCESANO E METROPOLITANO", "location_cleaned": null, "fail_reason": "no_civic_number", "nom_classification": "inside_venice", "nominatim_query": "Tribunale Diocesano e Metropolitano, Venezia, Italy", "nominatim_flagged": "False", "matched_lat": 45.526, "matched_lon": 12.203, "match_confidence": "manual_nominatim", "geocoding_tier": "9", "Journal": null, "is_provincia": null, "matched_parish": null, "matched_sestiere": null, "matched_lett": null, "all_doors": null }, "geometry": { "type": "Point", "coordinates": [ 12.203, 45.526 ] } },
{ "type": "Feature", "properties": { "Name": "Spagno Padre Ferdinando dei Carmelitani", "Address": "TRIBUNALE DIOCESANO E METROPOLITANO", "Location": "Curia Patriarcale", "Category": null, "Role": null, "Profession": null, "Additional Info": "CENSORI DEI LIBRI", "page_num": "86", "source_file": "page_86_semantic.csv", "section": "religious", "civic_num": null, "civic_lett": null, "sestiere_parsed": null, "parish_parsed": null, "sestiere_implied": "False", "match_note": "Manually geocoded via Nominatim lookup: TRIBUNALE DIOCESANO E METROPOLITANO", "location_cleaned": null, "fail_reason": "no_civic_number", "nom_classification": "inside_venice", "nominatim_query": "Tribunale Diocesano e Metropolitano, Venezia, Italy", "nominatim_flagged": "False", "matched_lat": 45.526, "matched_lon": 12.203, "match_confidence": "manual_nominatim", "geocoding_tier": "9", "Journal": null, "is_provincia": null, "matched_parish": null, "matched_sestiere": null, "matched_lett": null, "all_doors": null }, "geometry": { "type": "Point", "coordinates": [ 12.203, 45.526 ] } },
{ "type": "Feature", "properties": { "Name": "Marchini don Giovanni", "Address": "SANTA MARIA DEGLI ANGELI", "Location": "DONATO E CIPRIANO", "Category": null, "Role": "Vicario", "Profession": null, "Additional Info": ",", "page_num": "92", "source_file": "page_92_semantic.csv", "section": "religious", "civic_num": null, "civic_lett": null, "sestiere_parsed": null, "parish_parsed": null, "sestiere_implied": "False", "match_note": "Manually geocoded via Nominatim lookup: SANTA MARIA DEGLI ANGELI", "location_cleaned": null, "fail_reason": "no_civic_number", "nom_classification": "inside_venice", "nominatim_query": null, "nominatim_flagged": "False", "matched_lat": 45.4585721, "matched_lon": 12.3487909, "match_confidence": "manual_nominatim", "geocoding_tier": "9", "Journal": null, "is_provincia": null, "matched_parish": null, "matched_sestiere": null, "matched_lett": null, "all_doors": null }, "geometry": { "type": "Point", "coordinates": [ 12.3487909, 45.4585721 ] } },
{ "type": "Feature", "properties": { "Name": "Tagliapietra don Francesco", "Address": "SANTA MARIA DEGLI ANGELI", "Location": "S. MARIA ASSUNTA", "Category": null, "Role": "Arciprete", "Profession": null, "Additional Info": "Edificata nel 639. Fu cattedrale fino al 1818.", "page_num": "92", "source_file": "page_92_semantic.csv", "section": "religious", "civic_num": null, "civic_lett": null, "sestiere_parsed": null, "parish_parsed": null, "sestiere_implied": "False", "match_note": "Manually geocoded via Nominatim lookup: SANTA MARIA DEGLI ANGELI", "location_cleaned": null, "fail_reason": "no_civic_number", "nom_classification": "inside_venice", "nominatim_query": null, "nominatim_flagged": "False", "matched_lat": 45.4585721, "matched_lon": 12.3487909, "match_confidence": "manual_nominatim", "geocoding_tier": "9", "Journal": null, "is_provincia": null, "matched_parish": null, "matched_sestiere": null, "matched_lett": null, "all_doors": null }, "geometry": { "type": "Point", "coordinates": [ 12.3487909, 45.4585721 ] } },
{ "type": "Feature", "properties": { "Name": "Ferretto don Luigi", "Address": "SANTA MARIA DEGLI ANGELI", "Location": "S. Maria ad Nives (Lio Picolo)", "Category": null, "Role": "Cappellano-curato", "Profession": null, "Additional Info": "Abitanti 410", "page_num": "93", "source_file": "page_93_semantic.csv", "section": "religious", "civic_num": null, "civic_lett": null, "sestiere_parsed": null, "parish_parsed": null, "sestiere_implied": "False", "match_note": "Manually geocoded via Nominatim lookup: SANTA MARIA DEGLI ANGELI", "location_cleaned": null, "fail_reason": "no_civic_number", "nom_classification": "inside_venice", "nominatim_query": null, "nominatim_flagged": "False", "matched_lat": 45.4585721, "matched_lon": 12.3487909, "match_confidence": "manual_nominatim", "geocoding_tier": "9", "Journal": null, "is_provincia": null, "matched_parish": null, "matched_sestiere": null, "matched_lett": null, "all_doors": null }, "geometry": { "type": "Point", "coordinates": [ 12.3487909, 45.4585721 ] } },
{ "type": "Feature", "properties": { "Name": "Spolaor don Emilio", "Address": "SANTA MARIA DEGLI ANGELI", "Location": "S. Maria Elisabetta", "Category": null, "Role": "Parroco", "Profession": null, "Additional Info": "Edificata nel 639. Fu cattedrale fino al 1818.", "page_num": "93", "source_file": "page_93_semantic.csv", "section": "religious", "civic_num": null, "civic_lett": null, "sestiere_parsed": null, "parish_parsed": null, "sestiere_implied": "False", "match_note": "Manually geocoded via Nominatim lookup: SANTA MARIA DEGLI ANGELI", "location_cleaned": null, "fail_reason": "no_civic_number", "nom_classification": "inside_venice", "nominatim_query": null, "nominatim_flagged": "False", "matched_lat": 45.4585721, "matched_lon": 12.3487909, "match_confidence": "manual_nominatim", "geocoding_tier": "9", "Journal": null, "is_provincia": null, "matched_parish": null, "matched_sestiere": null, "matched_lett": null, "all_doors": null }, "geometry": { "type": "Point", "coordinates": [ 12.3487909, 45.4585721 ] } },
{ "type": "Feature", "properties": { "Name": "Giorda don Angelo", "Address": "SANTA MARIA DEGLI ANGELI", "Location": "Mazzorbo", "Category": null, "Role": "Parroco", "Profession": null, "Additional Info": "Edificata nel 639. Fu cattedrale fino al 1818.", "page_num": "93", "source_file": "page_93_semantic.csv", "section": "religious", "civic_num": null, "civic_lett": null, "sestiere_parsed": null, "parish_parsed": null, "sestiere_implied": "False", "match_note": "Manually geocoded via Nominatim lookup: SANTA MARIA DEGLI ANGELI", "location_cleaned": null, "fail_reason": "no_civic_number", "nom_classification": "inside_venice", "nominatim_query": null, "nominatim_flagged": "False", "matched_lat": 45.4585721, "matched_lon": 12.3487909, "match_confidence": "manual_nominatim", "geocoding_tier": "9", "Journal": null, "is_provincia": null, "matched_parish": null, "matched_sestiere": null, "matched_lett": null, "all_doors": null }, "geometry": { "type": "Point", "coordinates": [ 12.3487909, 45.4585721 ] } },
{ "type": "Feature", "properties": { "Name": "Pasquini don Giuseppe", "Address": "SANTA MARIA DEGLI ANGELI", "Location": "Tre Pallade (Portograndi)", "Category": null, "Role": "Parroco", "Profession": null, "Additional Info": "Edificata nel 639. Fu cattedrale fino al 1818.", "page_num": "93", "source_file": "page_93_semantic.csv", "section": "religious", "civic_num": null, "civic_lett": null, "sestiere_parsed": null, "parish_parsed": null, "sestiere_implied": "False", "match_note": "Manually geocoded via Nominatim lookup: SANTA MARIA DEGLI ANGELI", "location_cleaned": null, "fail_reason": "no_civic_number", "nom_classification": "inside_venice", "nominatim_query": null, "nominatim_flagged": "False", "matched_lat": 45.4585721, "matched_lon": 12.3487909, "match_confidence": "manual_nominatim", "geocoding_tier": "9", "Journal": null, "is_provincia": null, "matched_parish": null, "matched_sestiere": null, "matched_lett": null, "all_doors": null }, "geometry": { "type": "Point", "coordinates": [ 12.3487909, 45.4585721 ] } },
{ "type": "Feature", "properties": { "Name": "Petuggia don Giuseppe", "Address": "SANTA MARIA DEGLI ANGELI", "Location": "Ca' Cattoni", "Category": null, "Role": "Vicario parrocchiale", "Profession": null, "Additional Info": "Parrocchia unita a quella di Carole", "page_num": "93", "source_file": "page_93_semantic.csv", "section": "religious", "civic_num": null, "civic_lett": null, "sestiere_parsed": null, "parish_parsed": null, "sestiere_implied": "False", "match_note": "Manually geocoded via Nominatim lookup: SANTA MARIA DEGLI ANGELI", "location_cleaned": null, "fail_reason": "no_civic_number", "nom_classification": "inside_venice", "nominatim_query": null, "nominatim_flagged": "False", "matched_lat": 45.4585721, "matched_lon": 12.3487909, "match_confidence": "manual_nominatim", "geocoding_tier": "9", "Journal": null, "is_provincia": null, "matched_parish": null, "matched_sestiere": null, "matched_lett": null, "all_doors": null }, "geometry": { "type": "Point", "coordinates": [ 12.3487909, 45.4585721 ] } },
{ "type": "Feature", "properties": { "Name": "Scattolin don Carlo", "Address": "SANTA MARIA DEGLI ANGELI", "Location": "San’ Miolvela del Quarto", "Category": null, "Role": "Parroco", "Profession": null, "Additional Info": "Edificata nel 639. Fu cattedrale fino al 1818.", "page_num": "93", "source_file": "page_93_semantic.csv", "section": "religious", "civic_num": null, "civic_lett": null, "sestiere_parsed": null, "parish_parsed": null, "sestiere_implied": "False", "match_note": "Manually geocoded via Nominatim lookup: SANTA MARIA DEGLI ANGELI", "location_cleaned": null, "fail_reason": "no_civic_number", "nom_classification": "inside_venice", "nominatim_query": null, "nominatim_flagged": "False", "matched_lat": 45.4585721, "matched_lon": 12.3487909, "match_confidence": "manual_nominatim", "geocoding_tier": "9", "Journal": null, "is_provincia": null, "matched_parish": null, "matched_sestiere": null, "matched_lett": null, "all_doors": null }, "geometry": { "type": "Point", "coordinates": [ 12.3487909, 45.4585721 ] } },
{ "type": "Feature", "properties": { "Name": "De Felice don Luigi", "Address": "SANTA MARIA DEGLI ANGELI", "Location": "Torre di Fine", "Category": null, "Role": "Curato", "Profession": null, "Additional Info": "Edificata nel 639. Fu cattedrale fino al 1818.", "page_num": "93", "source_file": "page_93_semantic.csv", "section": "religious", "civic_num": null, "civic_lett": null, "sestiere_parsed": null, "parish_parsed": null, "sestiere_implied": "False", "match_note": "Manually geocoded via Nominatim lookup: SANTA MARIA DEGLI ANGELI", "location_cleaned": null, "fail_reason": "no_civic_number", "nom_classification": "inside_venice", "nominatim_query": null, "nominatim_flagged": "False", "matched_lat": 45.4585721, "matched_lon": 12.3487909, "match_confidence": "manual_nominatim", "geocoding_tier": "9", "Journal": null, "is_provincia": null, "matched_parish": null, "matched_sestiere": null, "matched_lett": null, "all_doors": null }, "geometry": { "type": "Point", "coordinates": [ 12.3487909, 45.4585721 ] } },
{ "type": "Feature", "properties": { "Name": "Voltolina don Roberto", "Address": "SANTA MARIA DEGLI ANGELI", "Location": "Stretti", "Category": null, "Role": "Curato", "Profession": null, "Additional Info": "Edificata nel 639. Fu cattedrale fino al 1818.", "page_num": "93", "source_file": "page_93_semantic.csv", "section": "religious", "civic_num": null, "civic_lett": null, "sestiere_parsed": null, "parish_parsed": null, "sestiere_implied": "False", "match_note": "Manually geocoded via Nominatim lookup: SANTA MARIA DEGLI ANGELI", "location_cleaned": null, "fail_reason": "no_civic_number", "nom_classification": "inside_venice", "nominatim_query": "Chiesa di Santa Maria degli Angeli, Venezia, Italy", "nominatim_flagged": "False", "matched_lat": 45.4585721, "matched_lon": 12.3487909, "match_confidence": "manual_nominatim", "geocoding_tier": "9", "Journal": null, "is_provincia": null, "matched_parish": null, "matched_sestiere": null, "matched_lett": null, "all_doors": null }, "geometry": { "type": "Point", "coordinates": [ 12.3487909, 45.4585721 ] } },
{ "type": "Feature", "properties": { "Name": "Associazione Nazionale Mutilati ed Invalidi di Guerra", "Address": "Sezione di Venezia - (ex Palazzo Reale)", "Location": null, "Category": null, "Role": null, "Profession": null, "Additional Info": ",; SEZIONE DI VENEZIA", "page_num": "97", "source_file": "page_97_semantic.csv", "section": "religious", "civic_num": null, "civic_lett": null, "sestiere_parsed": null, "parish_parsed": null, "sestiere_implied": "False", "match_note": "Manually geocoded via Nominatim lookup: Sezione di Venezia - (ex Palazzo Reale)", "location_cleaned": "True", "fail_reason": "no_civic_number", "nom_classification": "inside_venice", "nominatim_query": "Palazzo ex Reale, Venezia, Italy", "nominatim_flagged": "False", "matched_lat": 45.433611, "matched_lon": 12.337222, "match_confidence": "manual_nominatim", "geocoding_tier": "9", "Journal": null, "is_provincia": null, "matched_parish": null, "matched_sestiere": null, "matched_lett": null, "all_doors": null }, "geometry": { "type": "Point", "coordinates": [ 12.337222, 45.433611 ] } },
{ "type": "Feature", "properties": { "Name": "Pezzutti Renato", "Address": "Sezione di Venezia - (ex Palazzo Reale)", "Location": null, "Category": null, "Role": "Presidente", "Profession": null, "Additional Info": ",; SEZIONE DI VENEZIA", "page_num": "97", "source_file": "page_97_semantic.csv", "section": "religious", "civic_num": null, "civic_lett": null, "sestiere_parsed": null, "parish_parsed": null, "sestiere_implied": "False", "match_note": "Manually geocoded via Nominatim lookup: Sezione di Venezia - (ex Palazzo Reale)", "location_cleaned": "True", "fail_reason": "no_civic_number", "nom_classification": "inside_venice", "nominatim_query": "Palazzo ex Reale, Venezia, Italy", "nominatim_flagged": "False", "matched_lat": 45.433611, "matched_lon": 12.337222, "match_confidence": "manual_nominatim", "geocoding_tier": "9", "Journal": null, "is_provincia": null, "matched_parish": null, "matched_sestiere": null, "matched_lett": null, "all_doors": null }, "geometry": { "type": "Point", "coordinates": [ 12.337222, 45.433611 ] } },
{ "type": "Feature", "properties": { "Name": "Fabrizio Pier Costantino", "Address": "Sezione di Venezia - (ex Palazzo Reale)", "Location": null, "Category": null, "Role": "Vice Pres.", "Profession": null, "Additional Info": ",; SEZIONE DI VENEZIA", "page_num": "97", "source_file": "page_97_semantic.csv", "section": "religious", "civic_num": null, "civic_lett": null, "sestiere_parsed": null, "parish_parsed": null, "sestiere_implied": "False", "match_note": "Manually geocoded via Nominatim lookup: Sezione di Venezia - (ex Palazzo Reale)", "location_cleaned": "True", "fail_reason": "no_civic_number", "nom_classification": "inside_venice", "nominatim_query": "Palazzo ex Reale, Venezia, Italy", "nominatim_flagged": "False", "matched_lat": 45.433611, "matched_lon": 12.337222, "match_confidence": "manual_nominatim", "geocoding_tier": "9", "Journal": null, "is_provincia": null, "matched_parish": null, "matched_sestiere": null, "matched_lett": null, "all_doors": null }, "geometry": { "type": "Point", "coordinates": [ 12.337222, 45.433611 ] } },
{ "type": "Feature", "properties": { "Name": "Lazzaro Paolo", "Address": "Sezione di Venezia - (ex Palazzo Reale)", "Location": null, "Category": null, "Role": "Segretario del Consiglio", "Profession": null, "Additional Info": ",; SEZIONE DI VENEZIA", "page_num": "97", "source_file": "page_97_semantic.csv", "section": "religious", "civic_num": null, "civic_lett": null, "sestiere_parsed": null, "parish_parsed": null, "sestiere_implied": "False", "match_note": "Manually geocoded via Nominatim lookup: Sezione di Venezia - (ex Palazzo Reale)", "location_cleaned": "True", "fail_reason": "no_civic_number", "nom_classification": "inside_venice", "nominatim_query": "Palazzo ex Reale, Venezia, Italy", "nominatim_flagged": "False", "matched_lat": 45.433611, "matched_lon": 12.337222, "match_confidence": "manual_nominatim", "geocoding_tier": "9", "Journal": null, "is_provincia": null, "matched_parish": null, "matched_sestiere": null, "matched_lett": null, "all_doors": null }, "geometry": { "type": "Point", "coordinates": [ 12.337222, 45.433611 ] } },
{ "type": "Feature", "properties": { "Name": "Salvalaggio Ernesto", "Address": "Sezione di Venezia - (ex Palazzo Reale)", "Location": null, "Category": null, "Role": "Economo", "Profession": null, "Additional Info": ",; SEZIONE DI VENEZIA", "page_num": "97", "source_file": "page_97_semantic.csv", "section": "religious", "civic_num": null, "civic_lett": null, "sestiere_parsed": null, "parish_parsed": null, "sestiere_implied": "False", "match_note": "Manually geocoded via Nominatim lookup: Sezione di Venezia - (ex Palazzo Reale)", "location_cleaned": "True", "fail_reason": "no_civic_number", "nom_classification": "inside_venice", "nominatim_query": "Palazzo ex Reale, Venezia, Italy", "nominatim_flagged": "False", "matched_lat": 45.433611, "matched_lon": 12.337222, "match_confidence": "manual_nominatim", "geocoding_tier": "9", "Journal": null, "is_provincia": null, "matched_parish": null, "matched_sestiere": null, "matched_lett": null, "all_doors": null }, "geometry": { "type": "Point", "coordinates": [ 12.337222, 45.433611 ] } },
{ "type": "Feature", "properties": { "Name": "Cossar Benven", "Address": "Sezione di Venezia - (ex Palazzo Reale)", "Location": null, "Category": null, "Role": "Consiglieri", "Profession": null, "Additional Info": ",; SEZIONE DI VENEZIA", "page_num": "97", "source_file": "page_97_semantic.csv", "section": "religious", "civic_num": null, "civic_lett": null, "sestiere_parsed": null, "parish_parsed": null, "sestiere_implied": "False", "match_note": "Manually geocoded via Nominatim lookup: Sezione di Venezia - (ex Palazzo Reale)", "location_cleaned": "True", "fail_reason": "no_civic_number", "nom_classification": "inside_venice", "nominatim_query": "Palazzo ex Reale, Venezia, Italy", "nominatim_flagged": "False", "matched_lat": 45.433611, "matched_lon": 12.337222, "match_confidence": "manual_nominatim", "geocoding_tier": "9", "Journal": null, "is_provincia": null, "matched_parish": null, "matched_sestiere": null, "matched_lett": null, "all_doors": null }, "geometry": { "type": "Point", "coordinates": [ 12.337222, 45.433611 ] } },
{ "type": "Feature", "properties": { "Name": "Campato Silvio", "Address": "Sezione di Venezia - (ex Palazzo Reale)", "Location": null, "Category": null, "Role": "Consiglieri", "Profession": null, "Additional Info": ",; SEZIONE DI VENEZIA", "page_num": "97", "source_file": "page_97_semantic.csv", "section": "religious", "civic_num": null, "civic_lett": null, "sestiere_parsed": null, "parish_parsed": null, "sestiere_implied": "False", "match_note": "Manually geocoded via Nominatim lookup: Sezione di Venezia - (ex Palazzo Reale)", "location_cleaned": "True", "fail_reason": "no_civic_number", "nom_classification": "inside_venice", "nominatim_query": "Palazzo ex Reale, Venezia, Italy", "nominatim_flagged": "False", "matched_lat": 45.433611, "matched_lon": 12.337222, "match_confidence": "manual_nominatim", "geocoding_tier": "9", "Journal": null, "is_provincia": null, "matched_parish": null, "matched_sestiere": null, "matched_lett": null, "all_doors": null }, "geometry": { "type": "Point", "coordinates": [ 12.337222, 45.433611 ] } },
{ "type": "Feature", "properties": { "Name": "Carlon Eugenio", "Address": "Sezione di Venezia - (ex Palazzo Reale)", "Location": null, "Category": null, "Role": "Consiglieri", "Profession": null, "Additional Info": ",; SEZIONE DI VENEZIA", "page_num": "97", "source_file": "page_97_semantic.csv", "section": "religious", "civic_num": null, "civic_lett": null, "sestiere_parsed": null, "parish_parsed": null, "sestiere_implied": "False", "match_note": "Manually geocoded via Nominatim lookup: Sezione di Venezia - (ex Palazzo Reale)", "location_cleaned": "True", "fail_reason": "no_civic_number", "nom_classification": "inside_venice", "nominatim_query": "Palazzo ex Reale, Venezia, Italy", "nominatim_flagged": "False", "matched_lat": 45.433611, "matched_lon": 12.337222, "match_confidence": "manual_nominatim", "geocoding_tier": "9", "Journal": null, "is_provincia": null, "matched_parish": null, "matched_sestiere": null, "matched_lett": null, "all_doors": null }, "geometry": { "type": "Point", "coordinates": [ 12.337222, 45.433611 ] } },
{ "type": "Feature", "properties": { "Name": "Coletti Attilio", "Address": "Sezione di Venezia - (ex Palazzo Reale)", "Location": null, "Category": null, "Role": "Consiglieri", "Profession": null, "Additional Info": ",; SEZIONE DI VENEZIA", "page_num": "97", "source_file": "page_97_semantic.csv", "section": "religious", "civic_num": null, "civic_lett": null, "sestiere_parsed": null, "parish_parsed": null, "sestiere_implied": "False", "match_note": "Manually geocoded via Nominatim lookup: Sezione di Venezia - (ex Palazzo Reale)", "location_cleaned": "True", "fail_reason": "no_civic_number", "nom_classification": "inside_venice", "nominatim_query": null, "nominatim_flagged": "False", "matched_lat": 45.433611, "matched_lon": 12.337222, "match_confidence": "manual_nominatim", "geocoding_tier": "9", "Journal": null, "is_provincia": null, "matched_parish": null, "matched_sestiere": null, "matched_lett": null, "all_doors": null }, "geometry": { "type": "Point", "coordinates": [ 12.337222, 45.433611 ] } },
{ "type": "Feature", "properties": { "Name": "Lamberti Giorgio", "Address": "Sezione di Venezia - (ex Palazzo Reale)", "Location": null, "Category": null, "Role": "Consiglieri", "Profession": null, "Additional Info": ",; SEZIONE DI VENEZIA", "page_num": "97", "source_file": "page_97_semantic.csv", "section": "religious", "civic_num": null, "civic_lett": null, "sestiere_parsed": null, "parish_parsed": null, "sestiere_implied": "False", "match_note": "Manually geocoded via Nominatim lookup: Sezione di Venezia - (ex Palazzo Reale)", "location_cleaned": "True", "fail_reason": "no_civic_number", "nom_classification": "inside_venice", "nominatim_query": null, "nominatim_flagged": "False", "matched_lat": 45.433611, "matched_lon": 12.337222, "match_confidence": "manual_nominatim", "geocoding_tier": "9", "Journal": null, "is_provincia": null, "matched_parish": null, "matched_sestiere": null, "matched_lett": null, "all_doors": null }, "geometry": { "type": "Point", "coordinates": [ 12.337222, 45.433611 ] } },
{ "type": "Feature", "properties": { "Name": "Levi Raffaello", "Address": "Sezione di Venezia - (ex Palazzo Reale)", "Location": null, "Category": null, "Role": "Consiglieri", "Profession": null, "Additional Info": ",; SEZIONE DI VENEZIA", "page_num": "97", "source_file": "page_97_semantic.csv", "section": "religious", "civic_num": null, "civic_lett": null, "sestiere_parsed": null, "parish_parsed": null, "sestiere_implied": "False", "match_note": "Manually geocoded via Nominatim lookup: Sezione di Venezia - (ex Palazzo Reale)", "location_cleaned": "True", "fail_reason": "no_civic_number", "nom_classification": "inside_venice", "nominatim_query": null, "nominatim_flagged": "False", "matched_lat": 45.433611, "matched_lon": 12.337222, "match_confidence": "manual_nominatim", "geocoding_tier": "9", "Journal": null, "is_provincia": null, "matched_parish": null, "matched_sestiere": null, "matched_lett": null, "all_doors": null }, "geometry": { "type": "Point", "coordinates": [ 12.337222, 45.433611 ] } },
{ "type": "Feature", "properties": { "Name": "Mariotti Murio", "Address": "Sezione di Venezia - (ex Palazzo Reale)", "Location": null, "Category": null, "Role": "Consiglieri", "Profession": null, "Additional Info": ",; SEZIONE DI VENEZIA", "page_num": "97", "source_file": "page_97_semantic.csv", "section": "religious", "civic_num": null, "civic_lett": null, "sestiere_parsed": null, "parish_parsed": null, "sestiere_implied": "False", "match_note": "Manually geocoded via Nominatim lookup: Sezione di Venezia - (ex Palazzo Reale)", "location_cleaned": "True", "fail_reason": "no_civic_number", "nom_classification": "inside_venice", "nominatim_query": null, "nominatim_flagged": "False", "matched_lat": 45.433611, "matched_lon": 12.337222, "match_confidence": "manual_nominatim", "geocoding_tier": "9", "Journal": null, "is_provincia": null, "matched_parish": null, "matched_sestiere": null, "matched_lett": null, "all_doors": null }, "geometry": { "type": "Point", "coordinates": [ 12.337222, 45.433611 ] } },
{ "type": "Feature", "properties": { "Name": "Marchini Giorgio", "Address": "Sezione di Venezia - (ex Palazzo Reale)", "Location": null, "Category": null, "Role": "Consiglieri", "Profession": null, "Additional Info": ",; SEZIONE DI VENEZIA", "page_num": "97", "source_file": "page_97_semantic.csv", "section": "religious", "civic_num": null, "civic_lett": null, "sestiere_parsed": null, "parish_parsed": null, "sestiere_implied": "False", "match_note": "Manually geocoded via Nominatim lookup: Sezione di Venezia - (ex Palazzo Reale)", "location_cleaned": "True", "fail_reason": "no_civic_number", "nom_classification": "inside_venice", "nominatim_query": null, "nominatim_flagged": "False", "matched_lat": 45.433611, "matched_lon": 12.337222, "match_confidence": "manual_nominatim", "geocoding_tier": "9", "Journal": null, "is_provincia": null, "matched_parish": null, "matched_sestiere": null, "matched_lett": null, "all_doors": null }, "geometry": { "type": "Point", "coordinates": [ 12.337222, 45.433611 ] } },
{ "type": "Feature", "properties": { "Name": "Pastega Giorgio", "Address": "Sezione di Venezia - (ex Palazzo Reale)", "Location": null, "Category": null, "Role": "Consiglieri", "Profession": null, "Additional Info": ",; SEZIONE DI VENEZIA", "page_num": "97", "source_file": "page_97_semantic.csv", "section": "religious", "civic_num": null, "civic_lett": null, "sestiere_parsed": null, "parish_parsed": null, "sestiere_implied": "False", "match_note": "Manually geocoded via Nominatim lookup: Sezione di Venezia - (ex Palazzo Reale)", "location_cleaned": "True", "fail_reason": "no_civic_number", "nom_classification": "inside_venice", "nominatim_query": null, "nominatim_flagged": "False", "matched_lat": 45.433611, "matched_lon": 12.337222, "match_confidence": "manual_nominatim", "geocoding_tier": "9", "Journal": null, "is_provincia": null, "matched_parish": null, "matched_sestiere": null, "matched_lett": null, "all_doors": null }, "geometry": { "type": "Point", "coordinates": [ 12.337222, 45.433611 ] } },
{ "type": "Feature", "properties": { "Name": "Scarpa Stefano", "Address": "Sezione di Venezia - (ex Palazzo Reale)", "Location": null, "Category": null, "Role": "Consiglieri", "Profession": null, "Additional Info": ",; SEZIONE DI VENEZIA", "page_num": "97", "source_file": "page_97_semantic.csv", "section": "religious", "civic_num": null, "civic_lett": null, "sestiere_parsed": null, "parish_parsed": null, "sestiere_implied": "False", "match_note": "Manually geocoded via Nominatim lookup: Sezione di Venezia - (ex Palazzo Reale)", "location_cleaned": "True", "fail_reason": "no_civic_number", "nom_classification": "inside_venice", "nominatim_query": null, "nominatim_flagged": "False", "matched_lat": 45.433611, "matched_lon": 12.337222, "match_confidence": "manual_nominatim", "geocoding_tier": "9", "Journal": null, "is_provincia": null, "matched_parish": null, "matched_sestiere": null, "matched_lett": null, "all_doors": null }, "geometry": { "type": "Point", "coordinates": [ 12.337222, 45.433611 ] } },
{ "type": "Feature", "properties": { "Name": "Zanotto Giuseppe", "Address": "Sezione di Venezia - (ex Palazzo Reale)", "Location": null, "Category": null, "Role": "Consiglieri", "Profession": null, "Additional Info": ",; SEZIONE DI VENEZIA", "page_num": "97", "source_file": "page_97_semantic.csv", "section": "religious", "civic_num": null, "civic_lett": null, "sestiere_parsed": null, "parish_parsed": null, "sestiere_implied": "False", "match_note": "Manually geocoded via Nominatim lookup: Sezione di Venezia - (ex Palazzo Reale)", "location_cleaned": "True", "fail_reason": "no_civic_number", "nom_classification": "inside_venice", "nominatim_query": null, "nominatim_flagged": "False", "matched_lat": 45.433611, "matched_lon": 12.337222, "match_confidence": "manual_nominatim", "geocoding_tier": "9", "Journal": null, "is_provincia": null, "matched_parish": null, "matched_sestiere": null, "matched_lett": null, "all_doors": null }, "geometry": { "type": "Point", "coordinates": [ 12.337222, 45.433611 ] } },
{ "type": "Feature", "properties": { "Name": "Fuga Mario", "Address": "Sezione di Venezia - (ex Palazzo Reale)", "Location": null, "Category": null, "Role": "Sindaci", "Profession": null, "Additional Info": ",; SEZIONE DI VENEZIA", "page_num": "97", "source_file": "page_97_semantic.csv", "section": "religious", "civic_num": null, "civic_lett": null, "sestiere_parsed": null, "parish_parsed": null, "sestiere_implied": "False", "match_note": "Manually geocoded via Nominatim lookup: Sezione di Venezia - (ex Palazzo Reale)", "location_cleaned": "True", "fail_reason": "no_civic_number", "nom_classification": "inside_venice", "nominatim_query": null, "nominatim_flagged": "False", "matched_lat": 45.433611, "matched_lon": 12.337222, "match_confidence": "manual_nominatim", "geocoding_tier": "9", "Journal": null, "is_provincia": null, "matched_parish": null, "matched_sestiere": null, "matched_lett": null, "all_doors": null }, "geometry": { "type": "Point", "coordinates": [ 12.337222, 45.433611 ] } },
{ "type": "Feature", "properties": { "Name": "Valentini Elio", "Address": "Sezione di Venezia - (ex Palazzo Reale)", "Location": null, "Category": null, "Role": "Sindaci", "Profession": null, "Additional Info": ",; SEZIONE DI VENEZIA", "page_num": "97", "source_file": "page_97_semantic.csv", "section": "religious", "civic_num": null, "civic_lett": null, "sestiere_parsed": null, "parish_parsed": null, "sestiere_implied": "False", "match_note": "Manually geocoded via Nominatim lookup: Sezione di Venezia - (ex Palazzo Reale)", "location_cleaned": "True", "fail_reason": "no_civic_number", "nom_classification": "inside_venice", "nominatim_query": null, "nominatim_flagged": "False", "matched_lat": 45.433611, "matched_lon": 12.337222, "match_confidence": "manual_nominatim", "geocoding_tier": "9", "Journal": null, "is_provincia": null, "matched_parish": null, "matched_sestiere": null, "matched_lett": null, "all_doors": null }, "geometry": { "type": "Point", "coordinates": [ 12.337222, 45.433611 ] } },
{ "type": "Feature", "properties": { "Name": "Paolini Riccardo", "Address": "Sezione di Venezia - (ex Palazzo Reale)", "Location": null, "Category": null, "Role": "Sindaci", "Profession": null, "Additional Info": ",; SEZIONE DI VENEZIA", "page_num": "97", "source_file": "page_97_semantic.csv", "section": "religious", "civic_num": null, "civic_lett": null, "sestiere_parsed": null, "parish_parsed": null, "sestiere_implied": "False", "match_note": "Manually geocoded via Nominatim lookup: Sezione di Venezia - (ex Palazzo Reale)", "location_cleaned": "True", "fail_reason": "no_civic_number", "nom_classification": "inside_venice", "nominatim_query": "Palazzo Reale, Venezia, Italy", "nominatim_flagged": "False", "matched_lat": 45.433611, "matched_lon": 12.337222, "match_confidence": "manual_nominatim", "geocoding_tier": "9", "Journal": null, "is_provincia": null, "matched_parish": null, "matched_sestiere": null, "matched_lett": null, "all_doors": null }, "geometry": { "type": "Point", "coordinates": [ 12.337222, 45.433611 ] } },
{ "type": "Feature", "properties": { "Name": "Cadel Rodolfo", "Address": "Sezione di Venezia - (ex Palazzo Reale)", "Location": null, "Category": null, "Role": "Sindaci supplenti.", "Profession": null, "Additional Info": ",; SEZIONE DI VENEZIA", "page_num": "97", "source_file": "page_97_semantic.csv", "section": "religious", "civic_num": null, "civic_lett": null, "sestiere_parsed": null, "parish_parsed": null, "sestiere_implied": "False", "match_note": "Manually geocoded via Nominatim lookup: Sezione di Venezia - (ex Palazzo Reale)", "location_cleaned": "True", "fail_reason": "no_civic_number", "nom_classification": "inside_venice", "nominatim_query": "Palazzo Reale, Venezia, Italy", "nominatim_flagged": "False", "matched_lat": 45.433611, "matched_lon": 12.337222, "match_confidence": "manual_nominatim", "geocoding_tier": "9", "Journal": null, "is_provincia": null, "matched_parish": null, "matched_sestiere": null, "matched_lett": null, "all_doors": null }, "geometry": { "type": "Point", "coordinates": [ 12.337222, 45.433611 ] } },
{ "type": "Feature", "properties": { "Name": "Seguso Guido", "Address": "Sezione di Venezia - (ex Palazzo Reale)", "Location": null, "Category": null, "Role": "Sindaci supplenti.", "Profession": null, "Additional Info": ",; SEZIONE DI VENEZIA", "page_num": "97", "source_file": "page_97_semantic.csv", "section": "religious", "civic_num": null, "civic_lett": null, "sestiere_parsed": null, "parish_parsed": null, "sestiere_implied": "False", "match_note": "Manually geocoded via Nominatim lookup: Sezione di Venezia - (ex Palazzo Reale)", "location_cleaned": "True", "fail_reason": "no_civic_number", "nom_classification": "inside_venice", "nominatim_query": "Palazzo Reale, Venezia, Italy", "nominatim_flagged": "False", "matched_lat": 45.433611, "matched_lon": 12.337222, "match_confidence": "manual_nominatim", "geocoding_tier": "9", "Journal": null, "is_provincia": null, "matched_parish": null, "matched_sestiere": null, "matched_lett": null, "all_doors": null }, "geometry": { "type": "Point", "coordinates": [ 12.337222, 45.433611 ] } },
{ "type": "Feature", "properties": { "Name": "Associazione Nazionale Reduci, Federazione Provinciale di Venezia", "Address": "Palazzo ex Reale", "Location": null, "Category": null, "Role": null, "Profession": null, "Additional Info": ",; SEZIONE DI VENEZIA", "page_num": "97", "source_file": "page_97_semantic.csv", "section": "religious", "civic_num": null, "civic_lett": null, "sestiere_parsed": null, "parish_parsed": null, "sestiere_implied": "False", "match_note": "Manually geocoded via Nominatim lookup: Palazzo ex Reale", "location_cleaned": "True", "fail_reason": "no_civic_number", "nom_classification": "inside_venice", "nominatim_query": "Palazzo Reale, Venezia, Italy", "nominatim_flagged": "False", "matched_lat": 45.433611, "matched_lon": 12.337222, "match_confidence": "manual_nominatim", "geocoding_tier": "9", "Journal": null, "is_provincia": null, "matched_parish": null, "matched_sestiere": null, "matched_lett": null, "all_doors": null }, "geometry": { "type": "Point", "coordinates": [ 12.337222, 45.433611 ] } },
{ "type": "Feature", "properties": { "Name": "Rossi dr. Giuseppe Ferruccio", "Address": "Palazzo ex Reale", "Location": null, "Category": null, "Role": "Presidente", "Profession": null, "Additional Info": ",; SEZIONE DI VENEZIA", "page_num": "97", "source_file": "page_97_semantic.csv", "section": "religious", "civic_num": null, "civic_lett": null, "sestiere_parsed": null, "parish_parsed": null, "sestiere_implied": "False", "match_note": "Manually geocoded via Nominatim lookup: Palazzo ex Reale", "location_cleaned": "True", "fail_reason": "no_civic_number", "nom_classification": "inside_venice", "nominatim_query": "Palazzo Reale, Venezia, Italy", "nominatim_flagged": "False", "matched_lat": 45.433611, "matched_lon": 12.337222, "match_confidence": "manual_nominatim", "geocoding_tier": "9", "Journal": null, "is_provincia": null, "matched_parish": null, "matched_sestiere": null, "matched_lett": null, "all_doors": null }, "geometry": { "type": "Point", "coordinates": [ 12.337222, 45.433611 ] } },
{ "type": "Feature", "properties": { "Name": "Marconi dr. Mario", "Address": "Palazzo ex Reale", "Location": null, "Category": null, "Role": "V. Pres.", "Profession": null, "Additional Info": ",; SEZIONE DI VENEZIA", "page_num": "97", "source_file": "page_97_semantic.csv", "section": "religious", "civic_num": null, "civic_lett": null, "sestiere_parsed": null, "parish_parsed": null, "sestiere_implied": "False", "match_note": "Manually geocoded via Nominatim lookup: Palazzo ex Reale", "location_cleaned": "True", "fail_reason": "no_civic_number", "nom_classification": "inside_venice", "nominatim_query": "Palazzo Reale, Venezia, Italy", "nominatim_flagged": "False", "matched_lat": 45.433611, "matched_lon": 12.337222, "match_confidence": "manual_nominatim", "geocoding_tier": "9", "Journal": null, "is_provincia": null, "matched_parish": null, "matched_sestiere": null, "matched_lett": null, "all_doors": null }, "geometry": { "type": "Point", "coordinates": [ 12.337222, 45.433611 ] } },
{ "type": "Feature", "properties": { "Name": "Marconatti avv. Guglielmo", "Address": "Palazzo ex Reale", "Location": null, "Category": null, "Role": "Segretario", "Profession": null, "Additional Info": ",; SEZIONE DI VENEZIA", "page_num": "97", "source_file": "page_97_semantic.csv", "section": "religious", "civic_num": null, "civic_lett": null, "sestiere_parsed": null, "parish_parsed": null, "sestiere_implied": "False", "match_note": "Manually geocoded via Nominatim lookup: Palazzo ex Reale", "location_cleaned": "True", "fail_reason": "no_civic_number", "nom_classification": "inside_venice", "nominatim_query": "Palazzo Reale, Venezia, Italy", "nominatim_flagged": "False", "matched_lat": 45.433611, "matched_lon": 12.337222, "match_confidence": "manual_nominatim", "geocoding_tier": "9", "Journal": null, "is_provincia": null, "matched_parish": null, "matched_sestiere": null, "matched_lett": null, "all_doors": null }, "geometry": { "type": "Point", "coordinates": [ 12.337222, 45.433611 ] } },
{ "type": "Feature", "properties": { "Name": "Campi Giovanni", "Address": "Palazzo ex Reale", "Location": null, "Category": null, "Role": "Membri", "Profession": null, "Additional Info": ",; SEZIONE DI VENEZIA", "page_num": "97", "source_file": "page_97_semantic.csv", "section": "religious", "civic_num": null, "civic_lett": null, "sestiere_parsed": null, "parish_parsed": null, "sestiere_implied": "False", "match_note": "Manually geocoded via Nominatim lookup: Palazzo ex Reale", "location_cleaned": "True", "fail_reason": "no_civic_number", "nom_classification": "inside_venice", "nominatim_query": "Palazzo Reale, Venezia, Italy", "nominatim_flagged": "False", "matched_lat": 45.433611, "matched_lon": 12.337222, "match_confidence": "manual_nominatim", "geocoding_tier": "9", "Journal": null, "is_provincia": null, "matched_parish": null, "matched_sestiere": null, "matched_lett": null, "all_doors": null }, "geometry": { "type": "Point", "coordinates": [ 12.337222, 45.433611 ] } },
{ "type": "Feature", "properties": { "Name": "Russo Ettore", "Address": "Palazzo ex Reale", "Location": null, "Category": null, "Role": "Membri", "Profession": null, "Additional Info": ",; SEZIONE DI VENEZIA", "page_num": "97", "source_file": "page_97_semantic.csv", "section": "religious", "civic_num": null, "civic_lett": null, "sestiere_parsed": null, "parish_parsed": null, "sestiere_implied": "False", "match_note": "Manually geocoded via Nominatim lookup: Palazzo ex Reale", "location_cleaned": "True", "fail_reason": "no_civic_number", "nom_classification": "inside_venice", "nominatim_query": "Palazzo ex Reale, Venezia, Italy", "nominatim_flagged": "False", "matched_lat": 45.433611, "matched_lon": 12.337222, "match_confidence": "manual_nominatim", "geocoding_tier": "9", "Journal": null, "is_provincia": null, "matched_parish": null, "matched_sestiere": null, "matched_lett": null, "all_doors": null }, "geometry": { "type": "Point", "coordinates": [ 12.337222, 45.433611 ] } },
{ "type": "Feature", "properties": { "Name": "Bellavitis Michele", "Address": "Palazzo ex Reale", "Location": null, "Category": null, "Role": "Membri", "Profession": null, "Additional Info": ",; SEZIONE DI VENEZIA", "page_num": "97", "source_file": "page_97_semantic.csv", "section": "religious", "civic_num": null, "civic_lett": null, "sestiere_parsed": null, "parish_parsed": null, "sestiere_implied": "False", "match_note": "Manually geocoded via Nominatim lookup: Palazzo ex Reale", "location_cleaned": "True", "fail_reason": "no_civic_number", "nom_classification": "inside_venice", "nominatim_query": "Palazzo ex Reale, Venezia, Italy", "nominatim_flagged": "False", "matched_lat": 45.433611, "matched_lon": 12.337222, "match_confidence": "manual_nominatim", "geocoding_tier": "9", "Journal": null, "is_provincia": null, "matched_parish": null, "matched_sestiere": null, "matched_lett": null, "all_doors": null }, "geometry": { "type": "Point", "coordinates": [ 12.337222, 45.433611 ] } },
{ "type": "Feature", "properties": { "Name": "Sartori Olindo", "Address": "Palazzo ex Reale", "Location": null, "Category": null, "Role": "Membri", "Profession": null, "Additional Info": ",; SEZIONE DI VENEZIA", "page_num": "97", "source_file": "page_97_semantic.csv", "section": "religious", "civic_num": null, "civic_lett": null, "sestiere_parsed": null, "parish_parsed": null, "sestiere_implied": "False", "match_note": "Manually geocoded via Nominatim lookup: Palazzo ex Reale", "location_cleaned": "True", "fail_reason": "no_civic_number", "nom_classification": "inside_venice", "nominatim_query": "Palazzo ex Reale, Venezia, Italy", "nominatim_flagged": "False", "matched_lat": 45.433611, "matched_lon": 12.337222, "match_confidence": "manual_nominatim", "geocoding_tier": "9", "Journal": null, "is_provincia": null, "matched_parish": null, "matched_sestiere": null, "matched_lett": null, "all_doors": null }, "geometry": { "type": "Point", "coordinates": [ 12.337222, 45.433611 ] } },
{ "type": "Feature", "properties": { "Name": "Pres.: Scarpa col. Angelo Paolo", "Address": "Palazzo ex Reale", "Location": null, "Category": null, "Role": null, "Profession": null, "Additional Info": "Portogruaro; SEZIONE DI VENEZIA", "page_num": "97", "source_file": "page_97_semantic.csv", "section": "religious", "civic_num": null, "civic_lett": null, "sestiere_parsed": null, "parish_parsed": null, "sestiere_implied": "False", "match_note": "Manually geocoded via Nominatim lookup: Palazzo ex Reale", "location_cleaned": "True", "fail_reason": "no_civic_number", "nom_classification": "inside_venice", "nominatim_query": "Palazzo ex Reale, Venezia, Italy", "nominatim_flagged": "False", "matched_lat": 45.433611, "matched_lon": 12.337222, "match_confidence": "manual_nominatim", "geocoding_tier": "9", "Journal": null, "is_provincia": null, "matched_parish": null, "matched_sestiere": null, "matched_lett": null, "all_doors": null }, "geometry": { "type": "Point", "coordinates": [ 12.337222, 45.433611 ] } },
{ "type": "Feature", "properties": { "Name": "Pres.: Galassini Ezio", "Address": "Palazzo ex Reale", "Location": null, "Category": null, "Role": null, "Profession": null, "Additional Info": "S. Donà di Piave; SEZIONE DI VENEZIA", "page_num": "97", "source_file": "page_97_semantic.csv", "section": "religious", "civic_num": null, "civic_lett": null, "sestiere_parsed": null, "parish_parsed": null, "sestiere_implied": "False", "match_note": "Manually geocoded via Nominatim lookup: Palazzo ex Reale", "location_cleaned": "True", "fail_reason": "no_civic_number", "nom_classification": "inside_venice", "nominatim_query": "Palazzo ex Reale, Venezia, Italy", "nominatim_flagged": "False", "matched_lat": 45.433611, "matched_lon": 12.337222, "match_confidence": "manual_nominatim", "geocoding_tier": "9", "Journal": null, "is_provincia": null, "matched_parish": null, "matched_sestiere": null, "matched_lett": null, "all_doors": null }, "geometry": { "type": "Point", "coordinates": [ 12.337222, 45.433611 ] } },
{ "type": "Feature", "properties": { "Name": "Pres.; Borto Bruno", "Address": "Palazzo ex Reale", "Location": null, "Category": null, "Role": null, "Profession": null, "Additional Info": "Dolo; SEZIONE DI VENEZIA", "page_num": "97", "source_file": "page_97_semantic.csv", "section": "religious", "civic_num": null, "civic_lett": null, "sestiere_parsed": null, "parish_parsed": null, "sestiere_implied": "False", "match_note": "Manually geocoded via Nominatim lookup: Palazzo ex Reale", "location_cleaned": "True", "fail_reason": "no_civic_number", "nom_classification": "inside_venice", "nominatim_query": "Palazzo ex Reale, Venezia, Italy", "nominatim_flagged": "False", "matched_lat": 45.433611, "matched_lon": 12.337222, "match_confidence": "manual_nominatim", "geocoding_tier": "9", "Journal": null, "is_provincia": null, "matched_parish": null, "matched_sestiere": null, "matched_lett": null, "all_doors": null }, "geometry": { "type": "Point", "coordinates": [ 12.337222, 45.433611 ] } },
{ "type": "Feature", "properties": { "Name": "Campi Giovanni", "Address": "Palazzo ex Reale", "Location": null, "Category": null, "Role": "V. Pres.", "Profession": null, "Additional Info": ",; SEZIONE DI VENEZIA", "page_num": "97", "source_file": "page_97_semantic.csv", "section": "religious", "civic_num": null, "civic_lett": null, "sestiere_parsed": null, "parish_parsed": null, "sestiere_implied": "False", "match_note": "Manually geocoded via Nominatim lookup: Palazzo ex Reale", "location_cleaned": "True", "fail_reason": "no_civic_number", "nom_classification": "inside_venice", "nominatim_query": "Palazzo ex Reale, Venezia, Italy", "nominatim_flagged": "False", "matched_lat": 45.433611, "matched_lon": 12.337222, "match_confidence": "manual_nominatim", "geocoding_tier": "9", "Journal": null, "is_provincia": null, "matched_parish": null, "matched_sestiere": null, "matched_lett": null, "all_doors": null }, "geometry": { "type": "Point", "coordinates": [ 12.337222, 45.433611 ] } },
{ "type": "Feature", "properties": { "Name": "Marconi dr. Mario", "Address": "Palazzo ex Reale", "Location": null, "Category": null, "Role": "Membri", "Profession": null, "Additional Info": ",; SEZIONE DI VENEZIA", "page_num": "97", "source_file": "page_97_semantic.csv", "section": "religious", "civic_num": null, "civic_lett": null, "sestiere_parsed": null, "parish_parsed": null, "sestiere_implied": "False", "match_note": "Manually geocoded via Nominatim lookup: Palazzo ex Reale", "location_cleaned": "True", "fail_reason": "no_civic_number", "nom_classification": "inside_venice", "nominatim_query": "Palazzo ex Reale, Venezia, Italy", "nominatim_flagged": "False", "matched_lat": 45.433611, "matched_lon": 12.337222, "match_confidence": "manual_nominatim", "geocoding_tier": "9", "Journal": null, "is_provincia": null, "matched_parish": null, "matched_sestiere": null, "matched_lett": null, "all_doors": null }, "geometry": { "type": "Point", "coordinates": [ 12.337222, 45.433611 ] } },
{ "type": "Feature", "properties": { "Name": "Gini Guido", "Address": "Palazzo ex Reale", "Location": null, "Category": null, "Role": "Membri", "Profession": null, "Additional Info": ",; SEZIONE DI VENEZIA", "page_num": "97", "source_file": "page_97_semantic.csv", "section": "religious", "civic_num": null, "civic_lett": null, "sestiere_parsed": null, "parish_parsed": null, "sestiere_implied": "False", "match_note": "Manually geocoded via Nominatim lookup: Palazzo ex Reale", "location_cleaned": "True", "fail_reason": "no_civic_number", "nom_classification": "inside_venice", "nominatim_query": "Palazzo ex Reale, Venezia, Italy", "nominatim_flagged": "False", "matched_lat": 45.433611, "matched_lon": 12.337222, "match_confidence": "manual_nominatim", "geocoding_tier": "9", "Journal": null, "is_provincia": null, "matched_parish": null, "matched_sestiere": null, "matched_lett": null, "all_doors": null }, "geometry": { "type": "Point", "coordinates": [ 12.337222, 45.433611 ] } },
{ "type": "Feature", "properties": { "Name": "Russo Aldo", "Address": "Palazzo ex Reale", "Location": null, "Category": null, "Role": "Membri", "Profession": null, "Additional Info": ",; SEZIONE DI VENEZIA", "page_num": "97", "source_file": "page_97_semantic.csv", "section": "religious", "civic_num": null, "civic_lett": null, "sestiere_parsed": null, "parish_parsed": null, "sestiere_implied": "False", "match_note": "Manually geocoded via Nominatim lookup: Palazzo ex Reale", "location_cleaned": "True", "fail_reason": "no_civic_number", "nom_classification": "inside_venice", "nominatim_query": "Palazzo ex Reale, Venezia, Italy", "nominatim_flagged": "False", "matched_lat": 45.433611, "matched_lon": 12.337222, "match_confidence": "manual_nominatim", "geocoding_tier": "9", "Journal": null, "is_provincia": null, "matched_parish": null, "matched_sestiere": null, "matched_lett": null, "all_doors": null }, "geometry": { "type": "Point", "coordinates": [ 12.337222, 45.433611 ] } },
{ "type": "Feature", "properties": { "Name": "Valente Mario", "Address": "Palazzo ex Reale", "Location": null, "Category": null, "Role": "Membri", "Profession": null, "Additional Info": ",; SEZIONE DI VENEZIA", "page_num": "97", "source_file": "page_97_semantic.csv", "section": "religious", "civic_num": null, "civic_lett": null, "sestiere_parsed": null, "parish_parsed": null, "sestiere_implied": "False", "match_note": "Manually geocoded via Nominatim lookup: Palazzo ex Reale", "location_cleaned": "True", "fail_reason": "no_civic_number", "nom_classification": "inside_venice", "nominatim_query": "Palazzo ex Reale, Venezia, Italy", "nominatim_flagged": "False", "matched_lat": 45.433611, "matched_lon": 12.337222, "match_confidence": "manual_nominatim", "geocoding_tier": "9", "Journal": null, "is_provincia": null, "matched_parish": null, "matched_sestiere": null, "matched_lett": null, "all_doors": null }, "geometry": { "type": "Point", "coordinates": [ 12.337222, 45.433611 ] } },
{ "type": "Feature", "properties": { "Name": "Gino Gazzini", "Address": "S. Marco - Palazzo ex Prigioni", "Location": null, "Category": null, "Role": "Segretario", "Profession": "CIRCOLO ARTISTICO DI VENEZIA", "Additional Info": "SEZIONE DI VENEZIA", "page_num": "98", "source_file": "page_98_semantic.csv", "section": "other", "civic_num": null, "civic_lett": null, "sestiere_parsed": "SAN MARCO", "parish_parsed": null, "sestiere_implied": "False", "match_note": "Manually geocoded via Nominatim lookup: S. Marco - Palazzo ex Prigioni", "location_cleaned": "True", "fail_reason": "no_civic_number", "nom_classification": "inside_venice", "nominatim_query": "Palazzo ex Prigioni, Venezia, Italy", "nominatim_flagged": "False", "matched_lat": 45.43379, "matched_lon": 12.341367, "match_confidence": "manual_nominatim", "geocoding_tier": "9", "Journal": null, "is_provincia": null, "matched_parish": null, "matched_sestiere": null, "matched_lett": null, "all_doors": null }, "geometry": { "type": "Point", "coordinates": [ 12.341367, 45.43379 ] } },
{ "type": "Feature", "properties": { "Name": "Arcangeli Ing. Olivero", "Address": "S. Marco - Palazzo ex Prigioni", "Location": null, "Category": null, "Role": "Consiglio Direttivo", "Profession": "CIRCOLO ARTISTICO DI VENEZIA", "Additional Info": "SEZIONE DI VENEZIA", "page_num": "98", "source_file": "page_98_semantic.csv", "section": "other", "civic_num": null, "civic_lett": null, "sestiere_parsed": "SAN MARCO", "parish_parsed": null, "sestiere_implied": "False", "match_note": "Manually geocoded via Nominatim lookup: S. Marco - Palazzo ex Prigioni", "location_cleaned": "True", "fail_reason": "no_civic_number", "nom_classification": "inside_venice", "nominatim_query": "Palazzo ex Prigioni, Venezia, Italy", "nominatim_flagged": "False", "matched_lat": 45.43379, "matched_lon": 12.341367, "match_confidence": "manual_nominatim", "geocoding_tier": "9", "Journal": null, "is_provincia": null, "matched_parish": null, "matched_sestiere": null, "matched_lett": null, "all_doors": null }, "geometry": { "type": "Point", "coordinates": [ 12.341367, 45.43379 ] } },
{ "type": "Feature", "properties": { "Name": "Franceschinis avv. Guido", "Address": "S. Marco - Palazzo ex Prigioni", "Location": null, "Category": null, "Role": "Consiglio Direttivo", "Profession": "CIRCOLO ARTISTICO DI VENEZIA", "Additional Info": "SEZIONE DI VENEZIA", "page_num": "98", "source_file": "page_98_semantic.csv", "section": "other", "civic_num": null, "civic_lett": null, "sestiere_parsed": "SAN MARCO", "parish_parsed": null, "sestiere_implied": "False", "match_note": "Manually geocoded via Nominatim lookup: S. Marco - Palazzo ex Prigioni", "location_cleaned": "True", "fail_reason": "no_civic_number", "nom_classification": "inside_venice", "nominatim_query": "Palazzo ex Prigioni, Venezia, Italy", "nominatim_flagged": "False", "matched_lat": 45.43379, "matched_lon": 12.341367, "match_confidence": "manual_nominatim", "geocoding_tier": "9", "Journal": null, "is_provincia": null, "matched_parish": null, "matched_sestiere": null, "matched_lett": null, "all_doors": null }, "geometry": { "type": "Point", "coordinates": [ 12.341367, 45.43379 ] } },
{ "type": "Feature", "properties": { "Name": "Gazzini Gino", "Address": "S. Marco - Palazzo ex Prigioni", "Location": null, "Category": null, "Role": "Consiglio Direttivo", "Profession": "CIRCOLO ARTISTICO DI VENEZIA", "Additional Info": "SEZIONE DI VENEZIA", "page_num": "98", "source_file": "page_98_semantic.csv", "section": "other", "civic_num": null, "civic_lett": null, "sestiere_parsed": "SAN MARCO", "parish_parsed": null, "sestiere_implied": "False", "match_note": "Manually geocoded via Nominatim lookup: S. Marco - Palazzo ex Prigioni", "location_cleaned": "True", "fail_reason": "no_civic_number", "nom_classification": "inside_venice", "nominatim_query": "Palazzo ex Prigioni, Venezia, Italy", "nominatim_flagged": "False", "matched_lat": 45.43379, "matched_lon": 12.341367, "match_confidence": "manual_nominatim", "geocoding_tier": "9", "Journal": null, "is_provincia": null, "matched_parish": null, "matched_sestiere": null, "matched_lett": null, "all_doors": null }, "geometry": { "type": "Point", "coordinates": [ 12.341367, 45.43379 ] } },
{ "type": "Feature", "properties": { "Name": "Giandomenici avv. Manlio", "Address": "S. Marco - Palazzo ex Prigioni", "Location": null, "Category": null, "Role": "Consiglio Direttivo", "Profession": "CIRCOLO ARTISTICO DI VENEZIA", "Additional Info": "SEZIONE DI VENEZIA", "page_num": "98", "source_file": "page_98_semantic.csv", "section": "other", "civic_num": null, "civic_lett": null, "sestiere_parsed": "SAN MARCO", "parish_parsed": null, "sestiere_implied": "False", "match_note": "Manually geocoded via Nominatim lookup: S. Marco - Palazzo ex Prigioni", "location_cleaned": "True", "fail_reason": "no_civic_number", "nom_classification": "inside_venice", "nominatim_query": "Palazzo ex Prigioni, Venezia, Italy", "nominatim_flagged": "False", "matched_lat": 45.43379, "matched_lon": 12.341367, "match_confidence": "manual_nominatim", "geocoding_tier": "9", "Journal": null, "is_provincia": null, "matched_parish": null, "matched_sestiere": null, "matched_lett": null, "all_doors": null }, "geometry": { "type": "Point", "coordinates": [ 12.341367, 45.43379 ] } },
{ "type": "Feature", "properties": { "Name": "Martinuzzi prof. Napoleone", "Address": "S. Marco - Palazzo ex Prigioni", "Location": null, "Category": null, "Role": "Consiglio Direttivo", "Profession": "CIRCOLO ARTISTICO DI VENEZIA", "Additional Info": "SEZIONE DI VENEZIA", "page_num": "98", "source_file": "page_98_semantic.csv", "section": "other", "civic_num": null, "civic_lett": null, "sestiere_parsed": "SAN MARCO", "parish_parsed": null, "sestiere_implied": "False", "match_note": "Manually geocoded via Nominatim lookup: S. Marco - Palazzo ex Prigioni", "location_cleaned": "True", "fail_reason": "no_civic_number", "nom_classification": "inside_venice", "nominatim_query": "Palazzo ex Prigioni, Venezia, Italy", "nominatim_flagged": "False", "matched_lat": 45.43379, "matched_lon": 12.341367, "match_confidence": "manual_nominatim", "geocoding_tier": "9", "Journal": null, "is_provincia": null, "matched_parish": null, "matched_sestiere": null, "matched_lett": null, "all_doors": null }, "geometry": { "type": "Point", "coordinates": [ 12.341367, 45.43379 ] } },
{ "type": "Feature", "properties": { "Name": "Matter dr. Camillo", "Address": "S. Marco - Palazzo ex Prigioni", "Location": null, "Category": null, "Role": "Consiglio Direttivo", "Profession": "CIRCOLO ARTISTICO DI VENEZIA", "Additional Info": "SEZIONE DI VENEZIA", "page_num": "98", "source_file": "page_98_semantic.csv", "section": "other", "civic_num": null, "civic_lett": null, "sestiere_parsed": "SAN MARCO", "parish_parsed": null, "sestiere_implied": "False", "match_note": "Manually geocoded via Nominatim lookup: S. Marco - Palazzo ex Prigioni", "location_cleaned": "True", "fail_reason": "no_civic_number", "nom_classification": "inside_venice", "nominatim_query": "Palazzo ex Prigioni, Venezia, Italy", "nominatim_flagged": "False", "matched_lat": 45.43379, "matched_lon": 12.341367, "match_confidence": "manual_nominatim", "geocoding_tier": "9", "Journal": null, "is_provincia": null, "matched_parish": null, "matched_sestiere": null, "matched_lett": null, "all_doors": null }, "geometry": { "type": "Point", "coordinates": [ 12.341367, 45.43379 ] } },
{ "type": "Feature", "properties": { "Name": "Neri Ilario", "Address": "S. Marco - Palazzo ex Prigioni", "Location": null, "Category": null, "Role": "Consiglio Direttivo", "Profession": "CIRCOLO ARTISTICO DI VENEZIA", "Additional Info": "SEZIONE DI VENEZIA", "page_num": "98", "source_file": "page_98_semantic.csv", "section": "other", "civic_num": null, "civic_lett": null, "sestiere_parsed": "SAN MARCO", "parish_parsed": null, "sestiere_implied": "False", "match_note": "Manually geocoded via Nominatim lookup: S. Marco - Palazzo ex Prigioni", "location_cleaned": "True", "fail_reason": "no_civic_number", "nom_classification": "inside_venice", "nominatim_query": "Palazzo ex Prigioni, Venezia, Italy", "nominatim_flagged": "False", "matched_lat": 45.43379, "matched_lon": 12.341367, "match_confidence": "manual_nominatim", "geocoding_tier": "9", "Journal": null, "is_provincia": null, "matched_parish": null, "matched_sestiere": null, "matched_lett": null, "all_doors": null }, "geometry": { "type": "Point", "coordinates": [ 12.341367, 45.43379 ] } },
{ "type": "Feature", "properties": { "Name": "Pomi Prof. Alessandro", "Address": "S. Marco - Palazzo ex Prigioni", "Location": null, "Category": null, "Role": "Consiglio Direttivo", "Profession": "CIRCOLO ARTISTICO DI VENEZIA", "Additional Info": "SEZIONE DI VENEZIA", "page_num": "98", "source_file": "page_98_semantic.csv", "section": "other", "civic_num": null, "civic_lett": null, "sestiere_parsed": "SAN MARCO", "parish_parsed": null, "sestiere_implied": "False", "match_note": "Manually geocoded via Nominatim lookup: S. Marco - Palazzo ex Prigioni", "location_cleaned": "True", "fail_reason": "no_civic_number", "nom_classification": "inside_venice", "nominatim_query": "Palazzo ex Prigioni, Venezia, Italy", "nominatim_flagged": "False", "matched_lat": 45.43379, "matched_lon": 12.341367, "match_confidence": "manual_nominatim", "geocoding_tier": "9", "Journal": null, "is_provincia": null, "matched_parish": null, "matched_sestiere": null, "matched_lett": null, "all_doors": null }, "geometry": { "type": "Point", "coordinates": [ 12.341367, 45.43379 ] } },
{ "type": "Feature", "properties": { "Name": "Renosto prof. Renato", "Address": "S. Marco - Palazzo ex Prigioni", "Location": null, "Category": null, "Role": "Consiglio Direttivo", "Profession": "CIRCOLO ARTISTICO DI VENEZIA", "Additional Info": "SEZIONE DI VENEZIA", "page_num": "98", "source_file": "page_98_semantic.csv", "section": "other", "civic_num": null, "civic_lett": null, "sestiere_parsed": "SAN MARCO", "parish_parsed": null, "sestiere_implied": "False", "match_note": "Manually geocoded via Nominatim lookup: S. Marco - Palazzo ex Prigioni", "location_cleaned": "True", "fail_reason": "no_civic_number", "nom_classification": "inside_venice", "nominatim_query": "Palazzo ex Prigioni, Venezia, Italy", "nominatim_flagged": "False", "matched_lat": 45.43379, "matched_lon": 12.341367, "match_confidence": "manual_nominatim", "geocoding_tier": "9", "Journal": null, "is_provincia": null, "matched_parish": null, "matched_sestiere": null, "matched_lett": null, "all_doors": null }, "geometry": { "type": "Point", "coordinates": [ 12.341367, 45.43379 ] } },
{ "type": "Feature", "properties": { "Name": "Vallot prof. Virgilio", "Address": "S. Marco - Palazzo ex Prigioni", "Location": null, "Category": null, "Role": "Consiglio Direttivo", "Profession": "CIRCOLO ARTISTICO DI VENEZIA", "Additional Info": "SEZIONE DI VENEZIA", "page_num": "98", "source_file": "page_98_semantic.csv", "section": "other", "civic_num": null, "civic_lett": null, "sestiere_parsed": "SAN MARCO", "parish_parsed": null, "sestiere_implied": "False", "match_note": "Manually geocoded via Nominatim lookup: S. Marco - Palazzo ex Prigioni", "location_cleaned": "True", "fail_reason": "no_civic_number", "nom_classification": "inside_venice", "nominatim_query": "Palazzo ex Prigioni, Venezia, Italy", "nominatim_flagged": "False", "matched_lat": 45.43379, "matched_lon": 12.341367, "match_confidence": "manual_nominatim", "geocoding_tier": "9", "Journal": null, "is_provincia": null, "matched_parish": null, "matched_sestiere": null, "matched_lett": null, "all_doors": null }, "geometry": { "type": "Point", "coordinates": [ 12.341367, 45.43379 ] } },
{ "type": "Feature", "properties": { "Name": "Zuffelato maestro Guido", "Address": "S. Marco - Palazzo ex Prigioni", "Location": null, "Category": null, "Role": "Consiglio Direttivo", "Profession": "CIRCOLO ARTISTICO DI VENEZIA", "Additional Info": "SEZIONE DI VENEZIA", "page_num": "98", "source_file": "page_98_semantic.csv", "section": "other", "civic_num": null, "civic_lett": null, "sestiere_parsed": "SAN MARCO", "parish_parsed": null, "sestiere_implied": "False", "match_note": "Manually geocoded via Nominatim lookup: S. Marco - Palazzo ex Prigioni", "location_cleaned": "True", "fail_reason": "no_civic_number", "nom_classification": "inside_venice", "nominatim_query": "Palazzo ex Prigioni, Venezia, Italy", "nominatim_flagged": "False", "matched_lat": 45.43379, "matched_lon": 12.341367, "match_confidence": "manual_nominatim", "geocoding_tier": "9", "Journal": null, "is_provincia": null, "matched_parish": null, "matched_sestiere": null, "matched_lett": null, "all_doors": null }, "geometry": { "type": "Point", "coordinates": [ 12.341367, 45.43379 ] } },
{ "type": "Feature", "properties": { "Name": "dr. Riccardo Forte", "Address": "S. Salvador, Palazzo Faccanon", "Location": null, "Category": null, "Role": "Direttore", "Profession": "Agenzia Nazionale Stampa Associata", "Additional Info": null, "page_num": "101", "source_file": "page_101_semantic.csv", "section": "other", "civic_num": null, "civic_lett": null, "sestiere_parsed": null, "parish_parsed": "San Salvador", "sestiere_implied": "False", "match_note": "Manually geocoded via Nominatim lookup: S. Salvador, Palazzo Faccanon", "location_cleaned": null, "fail_reason": "no_civic_number", "nom_classification": "inside_venice", "nominatim_query": "Palazzo Faccanon, Venezia, Italy", "nominatim_flagged": "False", "matched_lat": 45.4368846, "matched_lon": 12.3361736, "match_confidence": "manual_nominatim", "geocoding_tier": "9", "Journal": null, "is_provincia": null, "matched_parish": null, "matched_sestiere": null, "matched_lett": null, "all_doors": null }, "geometry": { "type": "Point", "coordinates": [ 12.3361736, 45.4368846 ] } },
{ "type": "Feature", "properties": { "Name": "Bertolini Alberto", "Address": "S. Salvador, Palazzo Faccanon", "Location": null, "Category": null, "Role": "IL GAZZETTINO", "Profession": "Agenzia Nazionale Stampa Associata", "Additional Info": "Elenco dei giornalisti professionisti de « Il Gazzettino »", "page_num": "101", "source_file": "page_101_semantic.csv", "section": "other", "civic_num": null, "civic_lett": null, "sestiere_parsed": null, "parish_parsed": "San Salvador", "sestiere_implied": "False", "match_note": "Manually geocoded via Nominatim lookup: S. Salvador, Palazzo Faccanon", "location_cleaned": null, "fail_reason": "no_civic_number", "nom_classification": "inside_venice", "nominatim_query": "Palazzo Faccanon, Venezia, Italy", "nominatim_flagged": "False", "matched_lat": 45.4368846, "matched_lon": 12.3361736, "match_confidence": "manual_nominatim", "geocoding_tier": "9", "Journal": null, "is_provincia": null, "matched_parish": null, "matched_sestiere": null, "matched_lett": null, "all_doors": null }, "geometry": { "type": "Point", "coordinates": [ 12.3361736, 45.4368846 ] } },
{ "type": "Feature", "properties": { "Name": "Bonzio Giuseppe", "Address": "S. Salvador, Palazzo Faccanon", "Location": null, "Category": null, "Role": "IL GAZZETTINO", "Profession": "Agenzia Nazionale Stampa Associata", "Additional Info": "Elenco dei giornalisti professionisti de « Il Gazzettino »", "page_num": "101", "source_file": "page_101_semantic.csv", "section": "other", "civic_num": null, "civic_lett": null, "sestiere_parsed": null, "parish_parsed": "San Salvador", "sestiere_implied": "False", "match_note": "Manually geocoded via Nominatim lookup: S. Salvador, Palazzo Faccanon", "location_cleaned": null, "fail_reason": "no_civic_number", "nom_classification": "inside_venice", "nominatim_query": "Palazzo Faccanon, Venezia, Italy", "nominatim_flagged": "False", "matched_lat": 45.4368846, "matched_lon": 12.3361736, "match_confidence": "manual_nominatim", "geocoding_tier": "9", "Journal": null, "is_provincia": null, "matched_parish": null, "matched_sestiere": null, "matched_lett": null, "all_doors": null }, "geometry": { "type": "Point", "coordinates": [ 12.3361736, 45.4368846 ] } },
{ "type": "Feature", "properties": { "Name": "Branzi Silvio", "Address": "S. Salvador, Palazzo Faccanon", "Location": null, "Category": null, "Role": "IL GAZZETTINO", "Profession": "Agenzia Nazionale Stampa Associata", "Additional Info": "Elenco dei giornalisti professionisti de « Il Gazzettino »", "page_num": "101", "source_file": "page_101_semantic.csv", "section": "other", "civic_num": null, "civic_lett": null, "sestiere_parsed": null, "parish_parsed": "San Salvador", "sestiere_implied": "False", "match_note": "Manually geocoded via Nominatim lookup: S. Salvador, Palazzo Faccanon", "location_cleaned": null, "fail_reason": "no_civic_number", "nom_classification": "inside_venice", "nominatim_query": "Palazzo Faccanon, Venezia, Italy", "nominatim_flagged": "False", "matched_lat": 45.4368846, "matched_lon": 12.3361736, "match_confidence": "manual_nominatim", "geocoding_tier": "9", "Journal": null, "is_provincia": null, "matched_parish": null, "matched_sestiere": null, "matched_lett": null, "all_doors": null }, "geometry": { "type": "Point", "coordinates": [ 12.3361736, 45.4368846 ] } },
{ "type": "Feature", "properties": { "Name": "Brocchi Jolanda", "Address": "S. Salvador, Palazzo Faccanon", "Location": null, "Category": null, "Role": "IL GAZZETTINO", "Profession": "Agenzia Nazionale Stampa Associata", "Additional Info": "Elenco dei giornalisti professionisti de « Il Gazzettino » (collaboratrice)", "page_num": "101", "source_file": "page_101_semantic.csv", "section": "other", "civic_num": null, "civic_lett": null, "sestiere_parsed": null, "parish_parsed": "San Salvador", "sestiere_implied": "False", "match_note": "Manually geocoded via Nominatim lookup: S. Salvador, Palazzo Faccanon", "location_cleaned": null, "fail_reason": "no_civic_number", "nom_classification": "inside_venice", "nominatim_query": "Palazzo Faccanon, Venezia, Italy", "nominatim_flagged": "False", "matched_lat": 45.4368846, "matched_lon": 12.3361736, "match_confidence": "manual_nominatim", "geocoding_tier": "9", "Journal": null, "is_provincia": null, "matched_parish": null, "matched_sestiere": null, "matched_lett": null, "all_doors": null }, "geometry": { "type": "Point", "coordinates": [ 12.3361736, 45.4368846 ] } },
{ "type": "Feature", "properties": { "Name": "Castellani Federico", "Address": "S. Salvador, Palazzo Faccanon", "Location": null, "Category": null, "Role": "IL GAZZETTINO", "Profession": "Agenzia Nazionale Stampa Associata", "Additional Info": "Elenco dei giornalisti professionisti de « Il Gazzettino »", "page_num": "101", "source_file": "page_101_semantic.csv", "section": "other", "civic_num": null, "civic_lett": null, "sestiere_parsed": null, "parish_parsed": "San Salvador", "sestiere_implied": "False", "match_note": "Manually geocoded via Nominatim lookup: S. Salvador, Palazzo Faccanon", "location_cleaned": null, "fail_reason": "no_civic_number", "nom_classification": "inside_venice", "nominatim_query": "Palazzo Faccanon, Venezia, Italy", "nominatim_flagged": "False", "matched_lat": 45.4368846, "matched_lon": 12.3361736, "match_confidence": "manual_nominatim", "geocoding_tier": "9", "Journal": null, "is_provincia": null, "matched_parish": null, "matched_sestiere": null, "matched_lett": null, "all_doors": null }, "geometry": { "type": "Point", "coordinates": [ 12.3361736, 45.4368846 ] } },
{ "type": "Feature", "properties": { "Name": "Fantin Gino", "Address": "S. Salvador, Palazzo Faccanon", "Location": null, "Category": null, "Role": "IL GAZZETTINO", "Profession": "Agenzia Nazionale Stampa Associata", "Additional Info": "Elenco dei giornalisti professionisti de « Il Gazzettino »", "page_num": "101", "source_file": "page_101_semantic.csv", "section": "other", "civic_num": null, "civic_lett": null, "sestiere_parsed": null, "parish_parsed": "San Salvador", "sestiere_implied": "False", "match_note": "Manually geocoded via Nominatim lookup: S. Salvador, Palazzo Faccanon", "location_cleaned": null, "fail_reason": "no_civic_number", "nom_classification": "inside_venice", "nominatim_query": "Palazzo Faccanon, Venezia, Italy", "nominatim_flagged": "False", "matched_lat": 45.4368846, "matched_lon": 12.3361736, "match_confidence": "manual_nominatim", "geocoding_tier": "9", "Journal": null, "is_provincia": null, "matched_parish": null, "matched_sestiere": null, "matched_lett": null, "all_doors": null }, "geometry": { "type": "Point", "coordinates": [ 12.3361736, 45.4368846 ] } },
{ "type": "Feature", "properties": { "Name": "Fugagnollo Ugo", "Address": "S. Salvador, Palazzo Faccanon", "Location": null, "Category": null, "Role": "IL GAZZETTINO", "Profession": "Agenzia Nazionale Stampa Associata", "Additional Info": "Elenco dei giornalisti professionisti de « Il Gazzettino »", "page_num": "101", "source_file": "page_101_semantic.csv", "section": "other", "civic_num": null, "civic_lett": null, "sestiere_parsed": null, "parish_parsed": "San Salvador", "sestiere_implied": "False", "match_note": "Manually geocoded via Nominatim lookup: S. Salvador, Palazzo Faccanon", "location_cleaned": null, "fail_reason": "no_civic_number", "nom_classification": "inside_venice", "nominatim_query": "Palazzo Faccanon, Venezia, Italy", "nominatim_flagged": "False", "matched_lat": 45.4368846, "matched_lon": 12.3361736, "match_confidence": "manual_nominatim", "geocoding_tier": "9", "Journal": null, "is_provincia": null, "matched_parish": null, "matched_sestiere": null, "matched_lett": null, "all_doors": null }, "geometry": { "type": "Point", "coordinates": [ 12.3361736, 45.4368846 ] } },
{ "type": "Feature", "properties": { "Name": "Farinati Nino", "Address": "S. Salvador, Palazzo Faccanon", "Location": null, "Category": null, "Role": "IL GAZZETTINO", "Profession": "Agenzia Nazionale Stampa Associata", "Additional Info": "Elenco dei giornalisti professionisti de « Il Gazzettino »", "page_num": "101", "source_file": "page_101_semantic.csv", "section": "other", "civic_num": null, "civic_lett": null, "sestiere_parsed": null, "parish_parsed": "San Salvador", "sestiere_implied": "False", "match_note": "Manually geocoded via Nominatim lookup: S. Salvador, Palazzo Faccanon", "location_cleaned": null, "fail_reason": "no_civic_number", "nom_classification": "inside_venice", "nominatim_query": "Palazzo Faccanon, Venezia, Italy", "nominatim_flagged": "False", "matched_lat": 45.4368846, "matched_lon": 12.3361736, "match_confidence": "manual_nominatim", "geocoding_tier": "9", "Journal": null, "is_provincia": null, "matched_parish": null, "matched_sestiere": null, "matched_lett": null, "all_doors": null }, "geometry": { "type": "Point", "coordinates": [ 12.3361736, 45.4368846 ] } },
{ "type": "Feature", "properties": { "Name": "Gavagnin Danilo", "Address": "S. Salvador, Palazzo Faccanon", "Location": null, "Category": null, "Role": "IL GAZZETTINO", "Profession": "Agenzia Nazionale Stampa Associata", "Additional Info": "Elenco dei giornalisti professionisti de « Il Gazzettino »", "page_num": "101", "source_file": "page_101_semantic.csv", "section": "other", "civic_num": null, "civic_lett": null, "sestiere_parsed": null, "parish_parsed": "San Salvador", "sestiere_implied": "False", "match_note": "Manually geocoded via Nominatim lookup: S. Salvador, Palazzo Faccanon", "location_cleaned": null, "fail_reason": "no_civic_number", "nom_classification": "inside_venice", "nominatim_query": "Palazzo Faccanon, Venezia, Italy", "nominatim_flagged": "False", "matched_lat": 45.4368846, "matched_lon": 12.3361736, "match_confidence": "manual_nominatim", "geocoding_tier": "9", "Journal": null, "is_provincia": null, "matched_parish": null, "matched_sestiere": null, "matched_lett": null, "all_doors": null }, "geometry": { "type": "Point", "coordinates": [ 12.3361736, 45.4368846 ] } },
{ "type": "Feature", "properties": { "Name": "Lunardi Tullio", "Address": "S. Salvador, Palazzo Faccanon", "Location": null, "Category": null, "Role": "IL GAZZETTINO", "Profession": "Agenzia Nazionale Stampa Associata", "Additional Info": "Elenco dei giornalisti professionisti de « Il Gazzettino »", "page_num": "101", "source_file": "page_101_semantic.csv", "section": "other", "civic_num": null, "civic_lett": null, "sestiere_parsed": null, "parish_parsed": "San Salvador", "sestiere_implied": "False", "match_note": "Manually geocoded via Nominatim lookup: S. Salvador, Palazzo Faccanon", "location_cleaned": null, "fail_reason": "no_civic_number", "nom_classification": "inside_venice", "nominatim_query": "Palazzo Faccanon, Venezia, Italy", "nominatim_flagged": "False", "matched_lat": 45.4368846, "matched_lon": 12.3361736, "match_confidence": "manual_nominatim", "geocoding_tier": "9", "Journal": null, "is_provincia": null, "matched_parish": null, "matched_sestiere": null, "matched_lett": null, "all_doors": null }, "geometry": { "type": "Point", "coordinates": [ 12.3361736, 45.4368846 ] } },
{ "type": "Feature", "properties": { "Name": "Malenza Arrigo", "Address": "S. Salvador, Palazzo Faccanon", "Location": null, "Category": null, "Role": "IL GAZZETTINO", "Profession": "Agenzia Nazionale Stampa Associata", "Additional Info": "Elenco dei giornalisti professionisti de « Il Gazzettino »", "page_num": "101", "source_file": "page_101_semantic.csv", "section": "other", "civic_num": null, "civic_lett": null, "sestiere_parsed": null, "parish_parsed": "San Salvador", "sestiere_implied": "False", "match_note": "Manually geocoded via Nominatim lookup: S. Salvador, Palazzo Faccanon", "location_cleaned": null, "fail_reason": "no_civic_number", "nom_classification": "inside_venice", "nominatim_query": "Palazzo Faccanon, Venezia, Italy", "nominatim_flagged": "False", "matched_lat": 45.4368846, "matched_lon": 12.3361736, "match_confidence": "manual_nominatim", "geocoding_tier": "9", "Journal": null, "is_provincia": null, "matched_parish": null, "matched_sestiere": null, "matched_lett": null, "all_doors": null }, "geometry": { "type": "Point", "coordinates": [ 12.3361736, 45.4368846 ] } },
{ "type": "Feature", "properties": { "Name": "Mariotti Deho", "Address": "S. Salvador, Palazzo Faccanon", "Location": null, "Category": null, "Role": "IL GAZZETTINO", "Profession": "Agenzia Nazionale Stampa Associata", "Additional Info": "Elenco dei giornalisti professionisti de « Il Gazzettino »", "page_num": "101", "source_file": "page_101_semantic.csv", "section": "other", "civic_num": null, "civic_lett": null, "sestiere_parsed": null, "parish_parsed": "San Salvador", "sestiere_implied": "False", "match_note": "Manually geocoded via Nominatim lookup: S. Salvador, Palazzo Faccanon", "location_cleaned": null, "fail_reason": "no_civic_number", "nom_classification": "inside_venice", "nominatim_query": "Palazzo Faccanon, Venezia, Italy", "nominatim_flagged": "False", "matched_lat": 45.4368846, "matched_lon": 12.3361736, "match_confidence": "manual_nominatim", "geocoding_tier": "9", "Journal": null, "is_provincia": null, "matched_parish": null, "matched_sestiere": null, "matched_lett": null, "all_doors": null }, "geometry": { "type": "Point", "coordinates": [ 12.3361736, 45.4368846 ] } },
{ "type": "Feature", "properties": { "Name": "Minazzi Alberto", "Address": "S. Salvador, Palazzo Faccanon", "Location": null, "Category": null, "Role": "IL GAZZETTINO", "Profession": "Agenzia Nazionale Stampa Associata", "Additional Info": "Elenco dei giornalisti professionisti de « Il Gazzettino »", "page_num": "101", "source_file": "page_101_semantic.csv", "section": "other", "civic_num": null, "civic_lett": null, "sestiere_parsed": null, "parish_parsed": "San Salvador", "sestiere_implied": "False", "match_note": "Manually geocoded via Nominatim lookup: S. Salvador, Palazzo Faccanon", "location_cleaned": null, "fail_reason": "no_civic_number", "nom_classification": "inside_venice", "nominatim_query": "Palazzo Faccanon, Venezia, Italy", "nominatim_flagged": "False", "matched_lat": 45.4368846, "matched_lon": 12.3361736, "match_confidence": "manual_nominatim", "geocoding_tier": "9", "Journal": null, "is_provincia": null, "matched_parish": null, "matched_sestiere": null, "matched_lett": null, "all_doors": null }, "geometry": { "type": "Point", "coordinates": [ 12.3361736, 45.4368846 ] } },
{ "type": "Feature", "properties": { "Name": "Mirabello Mario", "Address": "S. Salvador, Palazzo Faccanon", "Location": null, "Category": null, "Role": "IL GAZZETTINO", "Profession": "Agenzia Nazionale Stampa Associata", "Additional Info": "Elenco dei giornalisti professionisti de « Il Gazzettino »", "page_num": "101", "source_file": "page_101_semantic.csv", "section": "other", "civic_num": null, "civic_lett": null, "sestiere_parsed": null, "parish_parsed": "San Salvador", "sestiere_implied": "False", "match_note": "Manually geocoded via Nominatim lookup: S. Salvador, Palazzo Faccanon", "location_cleaned": null, "fail_reason": "no_civic_number", "nom_classification": "inside_venice", "nominatim_query": "Palazzo Faccanon, Venezia, Italy", "nominatim_flagged": "False", "matched_lat": 45.4368846, "matched_lon": 12.3361736, "match_confidence": "manual_nominatim", "geocoding_tier": "9", "Journal": null, "is_provincia": null, "matched_parish": null, "matched_sestiere": null, "matched_lett": null, "all_doors": null }, "geometry": { "type": "Point", "coordinates": [ 12.3361736, 45.4368846 ] } },
{ "type": "Feature", "properties": { "Name": "Motta Enrico", "Address": "S. Salvador, Palazzo Faccanon", "Location": null, "Category": null, "Role": "IL GAZZETTINO", "Profession": "Agenzia Nazionale Stampa Associata", "Additional Info": "Elenco dei giornalisti professionisti de « Il Gazzettino »", "page_num": "101", "source_file": "page_101_semantic.csv", "section": "other", "civic_num": null, "civic_lett": null, "sestiere_parsed": null, "parish_parsed": "San Salvador", "sestiere_implied": "False", "match_note": "Manually geocoded via Nominatim lookup: S. Salvador, Palazzo Faccanon", "location_cleaned": null, "fail_reason": "no_civic_number", "nom_classification": "inside_venice", "nominatim_query": "Palazzo Faccanon, Venezia, Italy", "nominatim_flagged": "False", "matched_lat": 45.4368846, "matched_lon": 12.3361736, "match_confidence": "manual_nominatim", "geocoding_tier": "9", "Journal": null, "is_provincia": null, "matched_parish": null, "matched_sestiere": null, "matched_lett": null, "all_doors": null }, "geometry": { "type": "Point", "coordinates": [ 12.3361736, 45.4368846 ] } },
{ "type": "Feature", "properties": { "Name": "Nordio Mario", "Address": "S. Salvador, Palazzo Faccanon", "Location": null, "Category": null, "Role": "IL GAZZETTINO", "Profession": "Agenzia Nazionale Stampa Associata", "Additional Info": "Elenco dei giornalisti professionisti de « Il Gazzettino »", "page_num": "101", "source_file": "page_101_semantic.csv", "section": "other", "civic_num": null, "civic_lett": null, "sestiere_parsed": null, "parish_parsed": "San Salvador", "sestiere_implied": "False", "match_note": "Manually geocoded via Nominatim lookup: S. Salvador, Palazzo Faccanon", "location_cleaned": null, "fail_reason": "no_civic_number", "nom_classification": "inside_venice", "nominatim_query": "Palazzo Faccanon, Venezia, Italy", "nominatim_flagged": "False", "matched_lat": 45.4368846, "matched_lon": 12.3361736, "match_confidence": "manual_nominatim", "geocoding_tier": "9", "Journal": null, "is_provincia": null, "matched_parish": null, "matched_sestiere": null, "matched_lett": null, "all_doors": null }, "geometry": { "type": "Point", "coordinates": [ 12.3361736, 45.4368846 ] } },
{ "type": "Feature", "properties": { "Name": "Nofo Mgada", "Address": "S. Salvador, Palazzo Faccanon", "Location": null, "Category": null, "Role": "IL GAZZETTINO", "Profession": "Agenzia Nazionale Stampa Associata", "Additional Info": "Elenco dei giornalisti professionisti de « Il Gazzettino »", "page_num": "101", "source_file": "page_101_semantic.csv", "section": "other", "civic_num": null, "civic_lett": null, "sestiere_parsed": null, "parish_parsed": "San Salvador", "sestiere_implied": "False", "match_note": "Manually geocoded via Nominatim lookup: S. Salvador, Palazzo Faccanon", "location_cleaned": null, "fail_reason": "no_civic_number", "nom_classification": "inside_venice", "nominatim_query": "Palazzo Faccanon, Venezia, Italy", "nominatim_flagged": "False", "matched_lat": 45.4368846, "matched_lon": 12.3361736, "match_confidence": "manual_nominatim", "geocoding_tier": "9", "Journal": null, "is_provincia": null, "matched_parish": null, "matched_sestiere": null, "matched_lett": null, "all_doors": null }, "geometry": { "type": "Point", "coordinates": [ 12.3361736, 45.4368846 ] } },
{ "type": "Feature", "properties": { "Name": "Marino Bon.", "Address": "S. Salvador, Palazzo Faccanon", "Location": null, "Category": null, "Role": "IL GAZZETTINO", "Profession": "Segretario", "Additional Info": null, "page_num": "101", "source_file": "page_101_semantic.csv", "section": "other", "civic_num": null, "civic_lett": null, "sestiere_parsed": null, "parish_parsed": "San Salvador", "sestiere_implied": "False", "match_note": "Manually geocoded via Nominatim lookup: S. Salvador, Palazzo Faccanon", "location_cleaned": null, "fail_reason": "no_civic_number", "nom_classification": "inside_venice", "nominatim_query": "Palazzo Faccanon, Venezia, Italy", "nominatim_flagged": "False", "matched_lat": 45.4368846, "matched_lon": 12.3361736, "match_confidence": "manual_nominatim", "geocoding_tier": "9", "Journal": null, "is_provincia": null, "matched_parish": null, "matched_sestiere": null, "matched_lett": null, "all_doors": null }, "geometry": { "type": "Point", "coordinates": [ 12.3361736, 45.4368846 ] } },
{ "type": "Feature", "properties": { "Name": "Gatto Arturo", "Address": "San Lio. calle delle Bande", "Location": null, "Category": null, "Role": "ASSOCIAZIONE REGIONALE VENETA PER LA TUTELA DELLE VITTIME DEL FASCISMO", "Profession": "Presidente", "Additional Info": null, "page_num": "101", "source_file": "page_101_semantic.csv", "section": "other", "civic_num": null, "civic_lett": null, "sestiere_parsed": "CASTELLO", "parish_parsed": null, "sestiere_implied": "True", "match_note": "Manually geocoded via Nominatim lookup: San Lio. calle delle Bande", "location_cleaned": null, "fail_reason": "no_civic_number", "nom_classification": "inside_venice", "nominatim_query": "Calle delle Bande, San Lio, Venezia, Italy", "nominatim_flagged": "False", "matched_lat": 45.4354, "matched_lon": 12.3387, "match_confidence": "manual_nominatim", "geocoding_tier": "9", "Journal": null, "is_provincia": null, "matched_parish": null, "matched_sestiere": null, "matched_lett": null, "all_doors": null }, "geometry": { "type": "Point", "coordinates": [ 12.3387, 45.4354 ] } },
{ "type": "Feature", "properties": { "Name": "Troneon avv. Mario", "Address": "San Lio. calle delle Bande", "Location": null, "Category": null, "Role": "ASSOCIAZIONE REGIONALE VENETA PER LA TUTELA DELLE VITTIME DEL FASCISMO", "Profession": "Segretario", "Additional Info": null, "page_num": "101", "source_file": "page_101_semantic.csv", "section": "other", "civic_num": null, "civic_lett": null, "sestiere_parsed": "CASTELLO", "parish_parsed": null, "sestiere_implied": "True", "match_note": "Manually geocoded via Nominatim lookup: San Lio. calle delle Bande", "location_cleaned": null, "fail_reason": "no_civic_number", "nom_classification": "inside_venice", "nominatim_query": "Calle delle Bande, San Lio, Venezia, Italy", "nominatim_flagged": "False", "matched_lat": 45.4354, "matched_lon": 12.3387, "match_confidence": "manual_nominatim", "geocoding_tier": "9", "Journal": null, "is_provincia": null, "matched_parish": null, "matched_sestiere": null, "matched_lett": null, "all_doors": null }, "geometry": { "type": "Point", "coordinates": [ 12.3387, 45.4354 ] } },
{ "type": "Feature", "properties": { "Name": "Pase Giuseppe", "Address": "San Lio. calle delle Bande", "Location": null, "Category": null, "Role": "ASSOCIAZIONE REGIONALE VENETA PER LA TUTELA DELLE VITTIME DEL FASCISMO", "Profession": "aderenti all’ « A.P.P.I.A. » di Milano", "Additional Info": null, "page_num": "101", "source_file": "page_101_semantic.csv", "section": "other", "civic_num": null, "civic_lett": null, "sestiere_parsed": "CASTELLO", "parish_parsed": null, "sestiere_implied": "True", "match_note": "Manually geocoded via Nominatim lookup: San Lio. calle delle Bande", "location_cleaned": null, "fail_reason": "no_civic_number", "nom_classification": "inside_venice", "nominatim_query": "Calle delle Bande, San Lio, Venezia, Italy", "nominatim_flagged": "False", "matched_lat": 45.4354, "matched_lon": 12.3387, "match_confidence": "manual_nominatim", "geocoding_tier": "9", "Journal": null, "is_provincia": null, "matched_parish": null, "matched_sestiere": null, "matched_lett": null, "all_doors": null }, "geometry": { "type": "Point", "coordinates": [ 12.3387, 45.4354 ] } },
{ "type": "Feature", "properties": { "Name": "Pesante M. Maria", "Address": "San Lio. calle delle Bande", "Location": null, "Category": null, "Role": "ASSOCIAZIONE REGIONALE VENETA PER LA TUTELA DELLE VITTIME DEL FASCISMO", "Profession": "aderenti all’ « A.P.P.I.A. » di Milano", "Additional Info": null, "page_num": "101", "source_file": "page_101_semantic.csv", "section": "other", "civic_num": null, "civic_lett": null, "sestiere_parsed": "CASTELLO", "parish_parsed": null, "sestiere_implied": "True", "match_note": "Manually geocoded via Nominatim lookup: San Lio. calle delle Bande", "location_cleaned": null, "fail_reason": "no_civic_number", "nom_classification": "inside_venice", "nominatim_query": "Calle delle Bande, San Lio, Venezia, Italy", "nominatim_flagged": "False", "matched_lat": 45.4354, "matched_lon": 12.3387, "match_confidence": "manual_nominatim", "geocoding_tier": "9", "Journal": null, "is_provincia": null, "matched_parish": null, "matched_sestiere": null, "matched_lett": null, "all_doors": null }, "geometry": { "type": "Point", "coordinates": [ 12.3387, 45.4354 ] } },
{ "type": "Feature", "properties": { "Name": "Ramot Bruno", "Address": "San Lio. calle delle Bande", "Location": null, "Category": null, "Role": "ASSOCIAZIONE REGIONALE VENETA PER LA TUTELA DELLE VITTIME DEL FASCISMO", "Profession": "aderenti all’ « A.P.P.I.A. » di Milano", "Additional Info": null, "page_num": "101", "source_file": "page_101_semantic.csv", "section": "other", "civic_num": null, "civic_lett": null, "sestiere_parsed": "CASTELLO", "parish_parsed": null, "sestiere_implied": "True", "match_note": "Manually geocoded via Nominatim lookup: San Lio. calle delle Bande", "location_cleaned": null, "fail_reason": "no_civic_number", "nom_classification": "inside_venice", "nominatim_query": "Calle delle Bande, San Lio, Venezia, Italy", "nominatim_flagged": "False", "matched_lat": 45.4354, "matched_lon": 12.3387, "match_confidence": "manual_nominatim", "geocoding_tier": "9", "Journal": null, "is_provincia": null, "matched_parish": null, "matched_sestiere": null, "matched_lett": null, "all_doors": null }, "geometry": { "type": "Point", "coordinates": [ 12.3387, 45.4354 ] } },
{ "type": "Feature", "properties": { "Name": "Ravazzolo Walter", "Address": "San Lio. calle delle Bande", "Location": null, "Category": null, "Role": "ASSOCIAZIONE REGIONALE VENETA PER LA TUTELA DELLE VITTIME DEL FASCISMO", "Profession": "aderenti all’ « A.P.P.I.A. » di Milano", "Additional Info": null, "page_num": "101", "source_file": "page_101_semantic.csv", "section": "other", "civic_num": null, "civic_lett": null, "sestiere_parsed": "CASTELLO", "parish_parsed": null, "sestiere_implied": "True", "match_note": "Manually geocoded via Nominatim lookup: San Lio. calle delle Bande", "location_cleaned": null, "fail_reason": "no_civic_number", "nom_classification": "inside_venice", "nominatim_query": "Calle delle Bande, San Lio, Venezia, Italy", "nominatim_flagged": "False", "matched_lat": 45.4354, "matched_lon": 12.3387, "match_confidence": "manual_nominatim", "geocoding_tier": "9", "Journal": null, "is_provincia": null, "matched_parish": null, "matched_sestiere": null, "matched_lett": null, "all_doors": null }, "geometry": { "type": "Point", "coordinates": [ 12.3387, 45.4354 ] } },
{ "type": "Feature", "properties": { "Name": "Scarpa Giobatta", "Address": "San Lio. calle delle Bande", "Location": null, "Category": null, "Role": "ASSOCIAZIONE REGIONALE VENETA PER LA TUTELA DELLE VITTIME DEL FASCISMO", "Profession": "aderenti all’ « A.P.P.I.A. » di Milano", "Additional Info": null, "page_num": "101", "source_file": "page_101_semantic.csv", "section": "other", "civic_num": null, "civic_lett": null, "sestiere_parsed": "CASTELLO", "parish_parsed": null, "sestiere_implied": "True", "match_note": "Manually geocoded via Nominatim lookup: San Lio. calle delle Bande", "location_cleaned": null, "fail_reason": "no_civic_number", "nom_classification": "inside_venice", "nominatim_query": "Calle delle Bande, San Lio, Venezia, Italy", "nominatim_flagged": "False", "matched_lat": 45.4354, "matched_lon": 12.3387, "match_confidence": "manual_nominatim", "geocoding_tier": "9", "Journal": null, "is_provincia": null, "matched_parish": null, "matched_sestiere": null, "matched_lett": null, "all_doors": null }, "geometry": { "type": "Point", "coordinates": [ 12.3387, 45.4354 ] } },
{ "type": "Feature", "properties": { "Name": "Toffoletti Antonio", "Address": "San Lio. calle delle Bande", "Location": null, "Category": null, "Role": "ASSOCIAZIONE REGIONALE VENETA PER LA TUTELA DELLE VITTIME DEL FASCISMO", "Profession": "aderenti all’ « A.P.P.I.A. » di Milano", "Additional Info": null, "page_num": "101", "source_file": "page_101_semantic.csv", "section": "other", "civic_num": null, "civic_lett": null, "sestiere_parsed": "CASTELLO", "parish_parsed": null, "sestiere_implied": "True", "match_note": "Manually geocoded via Nominatim lookup: San Lio. calle delle Bande", "location_cleaned": null, "fail_reason": "no_civic_number", "nom_classification": "inside_venice", "nominatim_query": "Calle delle Bande, San Lio, Venezia, Italy", "nominatim_flagged": "False", "matched_lat": 45.4354, "matched_lon": 12.3387, "match_confidence": "manual_nominatim", "geocoding_tier": "9", "Journal": null, "is_provincia": null, "matched_parish": null, "matched_sestiere": null, "matched_lett": null, "all_doors": null }, "geometry": { "type": "Point", "coordinates": [ 12.3387, 45.4354 ] } },
{ "type": "Feature", "properties": { "Name": "Toniolo Anna", "Address": "San Lio. calle delle Bande", "Location": null, "Category": null, "Role": "ASSOCIAZIONE REGIONALE VENETA PER LA TUTELA DELLE VITTIME DEL FASCISMO", "Profession": "aderenti all’ « A.P.P.I.A. » di Milano", "Additional Info": null, "page_num": "101", "source_file": "page_101_semantic.csv", "section": "other", "civic_num": null, "civic_lett": null, "sestiere_parsed": "CASTELLO", "parish_parsed": null, "sestiere_implied": "True", "match_note": "Manually geocoded via Nominatim lookup: San Lio. calle delle Bande", "location_cleaned": null, "fail_reason": "no_civic_number", "nom_classification": "inside_venice", "nominatim_query": "Calle delle Bande, San Lio, Venezia, Italy", "nominatim_flagged": "False", "matched_lat": 45.4354, "matched_lon": 12.3387, "match_confidence": "manual_nominatim", "geocoding_tier": "9", "Journal": null, "is_provincia": null, "matched_parish": null, "matched_sestiere": null, "matched_lett": null, "all_doors": null }, "geometry": { "type": "Point", "coordinates": [ 12.3387, 45.4354 ] } },
{ "type": "Feature", "properties": { "Name": "Torresin Augusto", "Address": "San Lio. calle delle Bande", "Location": null, "Category": null, "Role": "ASSOCIAZIONE REGIONALE VENETA PER LA TUTELA DELLE VITTIME DEL FASCISMO", "Profession": "aderenti all’ « A.P.P.I.A. » di Milano", "Additional Info": "collaboratore", "page_num": "101", "source_file": "page_101_semantic.csv", "section": "other", "civic_num": null, "civic_lett": null, "sestiere_parsed": "CASTELLO", "parish_parsed": null, "sestiere_implied": "True", "match_note": "Manually geocoded via Nominatim lookup: San Lio. calle delle Bande", "location_cleaned": null, "fail_reason": "no_civic_number", "nom_classification": "inside_venice", "nominatim_query": "Calle delle Bande, San Lio, Venezia, Italy", "nominatim_flagged": "False", "matched_lat": 45.4354, "matched_lon": 12.3387, "match_confidence": "manual_nominatim", "geocoding_tier": "9", "Journal": null, "is_provincia": null, "matched_parish": null, "matched_sestiere": null, "matched_lett": null, "all_doors": null }, "geometry": { "type": "Point", "coordinates": [ 12.3387, 45.4354 ] } },
{ "type": "Feature", "properties": { "Name": "Viviani Carlo", "Address": "San Lio. calle delle Bande", "Location": null, "Category": null, "Role": "ASSOCIAZIONE REGIONALE VENETA PER LA TUTELA DELLE VITTIME DEL FASCISMO", "Profession": "aderenti all’ « A.P.P.I.A. » di Milano", "Additional Info": null, "page_num": "101", "source_file": "page_101_semantic.csv", "section": "other", "civic_num": null, "civic_lett": null, "sestiere_parsed": "CASTELLO", "parish_parsed": null, "sestiere_implied": "True", "match_note": "Manually geocoded via Nominatim lookup: San Lio. calle delle Bande", "location_cleaned": null, "fail_reason": "no_civic_number", "nom_classification": "inside_venice", "nominatim_query": "Calle delle Bande, San Lio, Venezia, Italy", "nominatim_flagged": "False", "matched_lat": 45.4354, "matched_lon": 12.3387, "match_confidence": "manual_nominatim", "geocoding_tier": "9", "Journal": null, "is_provincia": null, "matched_parish": null, "matched_sestiere": null, "matched_lett": null, "all_doors": null }, "geometry": { "type": "Point", "coordinates": [ 12.3387, 45.4354 ] } },
{ "type": "Feature", "properties": { "Name": "Wulten Oscar", "Address": "San Lio. calle delle Bande", "Location": null, "Category": null, "Role": "ASSOCIAZIONE REGIONALE VENETA PER LA TUTELA DELLE VITTIME DEL FASCISMO", "Profession": "aderenti all’ « A.P.P.I.A. » di Milano", "Additional Info": null, "page_num": "101", "source_file": "page_101_semantic.csv", "section": "other", "civic_num": null, "civic_lett": null, "sestiere_parsed": "CASTELLO", "parish_parsed": null, "sestiere_implied": "True", "match_note": "Manually geocoded via Nominatim lookup: San Lio. calle delle Bande", "location_cleaned": null, "fail_reason": "no_civic_number", "nom_classification": "inside_venice", "nominatim_query": "Calle delle Bande, San Lio, Venezia, Italy", "nominatim_flagged": "False", "matched_lat": 45.4354, "matched_lon": 12.3387, "match_confidence": "manual_nominatim", "geocoding_tier": "9", "Journal": null, "is_provincia": null, "matched_parish": null, "matched_sestiere": null, "matched_lett": null, "all_doors": null }, "geometry": { "type": "Point", "coordinates": [ 12.3387, 45.4354 ] } },
{ "type": "Feature", "properties": { "Name": "Zuffellato Guido", "Address": "San Lio. calle delle Bande", "Location": null, "Category": null, "Role": "ASSOCIAZIONE REGIONALE VENETA PER LA TUTELA DELLE VITTIME DEL FASCISMO", "Profession": "aderenti all’ « A.P.P.I.A. » di Milano", "Additional Info": null, "page_num": "101", "source_file": "page_101_semantic.csv", "section": "other", "civic_num": null, "civic_lett": null, "sestiere_parsed": "CASTELLO", "parish_parsed": null, "sestiere_implied": "True", "match_note": "Manually geocoded via Nominatim lookup: San Lio. calle delle Bande", "location_cleaned": null, "fail_reason": "no_civic_number", "nom_classification": "inside_venice", "nominatim_query": "Calle delle Bande, San Lio, Venezia, Italy", "nominatim_flagged": "False", "matched_lat": 45.4354, "matched_lon": 12.3387, "match_confidence": "manual_nominatim", "geocoding_tier": "9", "Journal": null, "is_provincia": null, "matched_parish": null, "matched_sestiere": null, "matched_lett": null, "all_doors": null }, "geometry": { "type": "Point", "coordinates": [ 12.3387, 45.4354 ] } },
{ "type": "Feature", "properties": { "Name": "Battaggia Giulio", "Address": "San Lio. calle delle Bande", "Location": null, "Category": null, "Role": "ASSOCIAZIONE REGIONALE VENETA PER LA TUTELA DELLE VITTIME DEL FASCISMO", "Profession": "aderenti all’ « A.P.P.I.A. » di Milano", "Additional Info": null, "page_num": "101", "source_file": "page_101_semantic.csv", "section": "other", "civic_num": null, "civic_lett": null, "sestiere_parsed": "CASTELLO", "parish_parsed": null, "sestiere_implied": "True", "match_note": "Manually geocoded via Nominatim lookup: San Lio. calle delle Bande", "location_cleaned": null, "fail_reason": "no_civic_number", "nom_classification": "inside_venice", "nominatim_query": "Calle delle Bande, San Lio, Venezia, Italy", "nominatim_flagged": "False", "matched_lat": 45.4354, "matched_lon": 12.3387, "match_confidence": "manual_nominatim", "geocoding_tier": "9", "Journal": null, "is_provincia": null, "matched_parish": null, "matched_sestiere": null, "matched_lett": null, "all_doors": null }, "geometry": { "type": "Point", "coordinates": [ 12.3387, 45.4354 ] } },
{ "type": "Feature", "properties": { "Name": "Fassio Anneris", "Address": "San Lio. calle delle Bande", "Location": null, "Category": null, "Role": "ASSOCIAZIONE REGIONALE VENETA PER LA TUTELA DELLE VITTIME DEL FASCISMO", "Profession": "aderenti all’ « A.P.P.I.A. » di Milano", "Additional Info": null, "page_num": "101", "source_file": "page_101_semantic.csv", "section": "other", "civic_num": null, "civic_lett": null, "sestiere_parsed": "CASTELLO", "parish_parsed": null, "sestiere_implied": "True", "match_note": "Manually geocoded via Nominatim lookup: San Lio. calle delle Bande", "location_cleaned": null, "fail_reason": "no_civic_number", "nom_classification": "inside_venice", "nominatim_query": "Calle delle Bande, San Lio, Venezia, Italy", "nominatim_flagged": "False", "matched_lat": 45.4354, "matched_lon": 12.3387, "match_confidence": "manual_nominatim", "geocoding_tier": "9", "Journal": null, "is_provincia": null, "matched_parish": null, "matched_sestiere": null, "matched_lett": null, "all_doors": null }, "geometry": { "type": "Point", "coordinates": [ 12.3387, 45.4354 ] } },
{ "type": "Feature", "properties": { "Name": "Gherro Anna", "Address": "San Lio. calle delle Bande", "Location": null, "Category": null, "Role": "ASSOCIAZIONE REGIONALE VENETA PER LA TUTELA DELLE VITTIME DEL FASCISMO", "Profession": "aderenti all’ « A.P.P.I.A. » di Milano", "Additional Info": null, "page_num": "101", "source_file": "page_101_semantic.csv", "section": "other", "civic_num": null, "civic_lett": null, "sestiere_parsed": "CASTELLO", "parish_parsed": null, "sestiere_implied": "True", "match_note": "Manually geocoded via Nominatim lookup: San Lio. calle delle Bande", "location_cleaned": null, "fail_reason": "no_civic_number", "nom_classification": "inside_venice", "nominatim_query": "Calle delle Bande, San Lio, Venezia, Italy", "nominatim_flagged": "False", "matched_lat": 45.4354, "matched_lon": 12.3387, "match_confidence": "manual_nominatim", "geocoding_tier": "9", "Journal": null, "is_provincia": null, "matched_parish": null, "matched_sestiere": null, "matched_lett": null, "all_doors": null }, "geometry": { "type": "Point", "coordinates": [ 12.3387, 45.4354 ] } },
{ "type": "Feature", "properties": { "Name": "Lotti Piero", "Address": "San Lio. calle delle Bande", "Location": null, "Category": null, "Role": "ASSOCIAZIONE REGIONALE VENETA PER LA TUTELA DELLE VITTIME DEL FASCISMO", "Profession": "aderenti all’ « A.P.P.I.A. » di Milano", "Additional Info": null, "page_num": "101", "source_file": "page_101_semantic.csv", "section": "other", "civic_num": null, "civic_lett": null, "sestiere_parsed": "CASTELLO", "parish_parsed": null, "sestiere_implied": "True", "match_note": "Manually geocoded via Nominatim lookup: San Lio. calle delle Bande", "location_cleaned": null, "fail_reason": "no_civic_number", "nom_classification": "inside_venice", "nominatim_query": "Calle delle Bande, San Lio, Venezia, Italy", "nominatim_flagged": "False", "matched_lat": 45.4354, "matched_lon": 12.3387, "match_confidence": "manual_nominatim", "geocoding_tier": "9", "Journal": null, "is_provincia": null, "matched_parish": null, "matched_sestiere": null, "matched_lett": null, "all_doors": null }, "geometry": { "type": "Point", "coordinates": [ 12.3387, 45.4354 ] } },
{ "type": "Feature", "properties": { "Name": "Specchia Gino", "Address": "San Lio. calle delle Bande", "Location": null, "Category": null, "Role": "ASSOCIAZIONE REGIONALE VENETA PER LA TUTELA DELLE VITTIME DEL FASCISMO", "Profession": "aderenti all’ « A.P.P.I.A. » di Milano", "Additional Info": null, "page_num": "101", "source_file": "page_101_semantic.csv", "section": "other", "civic_num": null, "civic_lett": null, "sestiere_parsed": "CASTELLO", "parish_parsed": null, "sestiere_implied": "True", "match_note": "Manually geocoded via Nominatim lookup: San Lio. calle delle Bande", "location_cleaned": null, "fail_reason": "no_civic_number", "nom_classification": "inside_venice", "nominatim_query": "Calle delle Bande, San Lio, Venezia, Italy", "nominatim_flagged": "False", "matched_lat": 45.4354, "matched_lon": 12.3387, "match_confidence": "manual_nominatim", "geocoding_tier": "9", "Journal": null, "is_provincia": null, "matched_parish": null, "matched_sestiere": null, "matched_lett": null, "all_doors": null }, "geometry": { "type": "Point", "coordinates": [ 12.3387, 45.4354 ] } },
{ "type": "Feature", "properties": { "Name": "Korompay Francesco", "Address": "San Lio. calle delle Bande", "Location": null, "Category": null, "Role": "ASSOCIAZIONE REGIONALE VENETA PER LA TUTELA DELLE VITTIME DEL FASCISMO", "Profession": "aderenti all’ « A.P.P.I.A. » di Milano", "Additional Info": null, "page_num": "101", "source_file": "page_101_semantic.csv", "section": "other", "civic_num": null, "civic_lett": null, "sestiere_parsed": "CASTELLO", "parish_parsed": null, "sestiere_implied": "True", "match_note": "Manually geocoded via Nominatim lookup: San Lio. calle delle Bande", "location_cleaned": null, "fail_reason": "no_civic_number", "nom_classification": "inside_venice", "nominatim_query": "Calle delle Bande, San Lio, Venezia, Italy", "nominatim_flagged": "False", "matched_lat": 45.4354, "matched_lon": 12.3387, "match_confidence": "manual_nominatim", "geocoding_tier": "9", "Journal": null, "is_provincia": null, "matched_parish": null, "matched_sestiere": null, "matched_lett": null, "all_doors": null }, "geometry": { "type": "Point", "coordinates": [ 12.3387, 45.4354 ] } },
{ "type": "Feature", "properties": { "Name": "Da Venezia Mario", "Address": "San Lio. calle delle Bande", "Location": null, "Category": null, "Role": "ASSOCIAZIONE REGIONALE VENETA PER LA TUTELA DELLE VITTIME DEL FASCISMO", "Profession": "aderenti all’ « A.P.P.I.A. » di Milano", "Additional Info": "praticante giornalista", "page_num": "101", "source_file": "page_101_semantic.csv", "section": "other", "civic_num": null, "civic_lett": null, "sestiere_parsed": "CASTELLO", "parish_parsed": null, "sestiere_implied": "True", "match_note": "Manually geocoded via Nominatim lookup: San Lio. calle delle Bande", "location_cleaned": null, "fail_reason": "no_civic_number", "nom_classification": "inside_venice", "nominatim_query": "Calle delle Bande, San Lio, Venezia, Italy", "nominatim_flagged": "False", "matched_lat": 45.4354, "matched_lon": 12.3387, "match_confidence": "manual_nominatim", "geocoding_tier": "9", "Journal": null, "is_provincia": null, "matched_parish": null, "matched_sestiere": null, "matched_lett": null, "all_doors": null }, "geometry": { "type": "Point", "coordinates": [ 12.3387, 45.4354 ] } },
{ "type": "Feature", "properties": { "Name": "Galimberti Carlo", "Address": "San Lio. calle delle Bande", "Location": null, "Category": null, "Role": "ASSOCIAZIONE REGIONALE VENETA PER LA TUTELA DELLE VITTIME DEL FASCISMO", "Profession": "aderenti all’ « A.P.P.I.A. » di Milano", "Additional Info": "praticante giornalista", "page_num": "101", "source_file": "page_101_semantic.csv", "section": "other", "civic_num": null, "civic_lett": null, "sestiere_parsed": "CASTELLO", "parish_parsed": null, "sestiere_implied": "True", "match_note": "Manually geocoded via Nominatim lookup: San Lio. calle delle Bande", "location_cleaned": null, "fail_reason": "no_civic_number", "nom_classification": "inside_venice", "nominatim_query": "Calle delle Bande, San Lio, Venezia, Italy", "nominatim_flagged": "False", "matched_lat": 45.4354, "matched_lon": 12.3387, "match_confidence": "manual_nominatim", "geocoding_tier": "9", "Journal": null, "is_provincia": null, "matched_parish": null, "matched_sestiere": null, "matched_lett": null, "all_doors": null }, "geometry": { "type": "Point", "coordinates": [ 12.3387, 45.4354 ] } },
{ "type": "Feature", "properties": { "Name": "Da Ponte Marco", "Address": "San Lio. calle delle Bande", "Location": null, "Category": null, "Role": "ASSOCIAZIONE REGIONALE VENETA PER LA TUTELA DELLE VITTIME DEL FASCISMO", "Profession": "aderenti all’ « A.P.P.I.A. » di Milano", "Additional Info": "Redazione de «Il Gazzettino» nelle province (Belluno), ", "page_num": "101", "source_file": "page_101_semantic.csv", "section": "other", "civic_num": null, "civic_lett": null, "sestiere_parsed": "CASTELLO", "parish_parsed": null, "sestiere_implied": "True", "match_note": "Manually geocoded via Nominatim lookup: San Lio. calle delle Bande", "location_cleaned": null, "fail_reason": "no_civic_number", "nom_classification": "inside_venice", "nominatim_query": "Calle delle Bande, San Lio, Venezia, Italy", "nominatim_flagged": "False", "matched_lat": 45.4354, "matched_lon": 12.3387, "match_confidence": "manual_nominatim", "geocoding_tier": "9", "Journal": null, "is_provincia": null, "matched_parish": null, "matched_sestiere": null, "matched_lett": null, "all_doors": null }, "geometry": { "type": "Point", "coordinates": [ 12.3387, 45.4354 ] } },
{ "type": "Feature", "properties": { "Name": "Rigamo Rosario", "Address": "San Lio. calle delle Bande", "Location": null, "Category": null, "Role": "ASSOCIAZIONE REGIONALE VENETA PER LA TUTELA DELLE VITTIME DEL FASCISMO", "Profession": "aderenti all’ « A.P.P.I.A. » di Milano", "Additional Info": "Redazione de «Il Gazzettino» nelle province (Padova), ", "page_num": "101", "source_file": "page_101_semantic.csv", "section": "other", "civic_num": null, "civic_lett": null, "sestiere_parsed": "CASTELLO", "parish_parsed": null, "sestiere_implied": "True", "match_note": "Manually geocoded via Nominatim lookup: San Lio. calle delle Bande", "location_cleaned": null, "fail_reason": "no_civic_number", "nom_classification": "inside_venice", "nominatim_query": "Calle delle Bande, San Lio, Venezia, Italy", "nominatim_flagged": "False", "matched_lat": 45.4354, "matched_lon": 12.3387, "match_confidence": "manual_nominatim", "geocoding_tier": "9", "Journal": null, "is_provincia": null, "matched_parish": null, "matched_sestiere": null, "matched_lett": null, "all_doors": null }, "geometry": { "type": "Point", "coordinates": [ 12.3387, 45.4354 ] } },
{ "type": "Feature", "properties": { "Name": "Ventura Bruno", "Address": "San Lio. calle delle Bande", "Location": null, "Category": null, "Role": "ASSOCIAZIONE REGIONALE VENETA PER LA TUTELA DELLE VITTIME DEL FASCISMO", "Profession": "aderenti all’ « A.P.P.I.A. » di Milano", "Additional Info": "Redazione de «Il Gazzettino» nelle province (Padova), ", "page_num": "101", "source_file": "page_101_semantic.csv", "section": "other", "civic_num": null, "civic_lett": null, "sestiere_parsed": "CASTELLO", "parish_parsed": null, "sestiere_implied": "True", "match_note": "Manually geocoded via Nominatim lookup: San Lio. calle delle Bande", "location_cleaned": null, "fail_reason": "no_civic_number", "nom_classification": "inside_venice", "nominatim_query": "Calle delle Bande, San Lio, Venezia, Italy", "nominatim_flagged": "False", "matched_lat": 45.4354, "matched_lon": 12.3387, "match_confidence": "manual_nominatim", "geocoding_tier": "9", "Journal": null, "is_provincia": null, "matched_parish": null, "matched_sestiere": null, "matched_lett": null, "all_doors": null }, "geometry": { "type": "Point", "coordinates": [ 12.3387, 45.4354 ] } },
{ "type": "Feature", "properties": { "Name": "Rossoni Tommaso", "Address": "San Lio. calle delle Bande", "Location": null, "Category": null, "Role": "ASSOCIAZIONE REGIONALE VENETA PER LA TUTELA DELLE VITTIME DEL FASCISMO", "Profession": "aderenti all’ « A.P.P.I.A. » di Milano", "Additional Info": "Redazione de «Il Gazzettino» nelle province (Padova), ", "page_num": "101", "source_file": "page_101_semantic.csv", "section": "other", "civic_num": null, "civic_lett": null, "sestiere_parsed": "CASTELLO", "parish_parsed": null, "sestiere_implied": "True", "match_note": "Manually geocoded via Nominatim lookup: San Lio. calle delle Bande", "location_cleaned": null, "fail_reason": "no_civic_number", "nom_classification": "inside_venice", "nominatim_query": "Calle delle Bande, San Lio, Venezia, Italy", "nominatim_flagged": "False", "matched_lat": 45.4354, "matched_lon": 12.3387, "match_confidence": "manual_nominatim", "geocoding_tier": "9", "Journal": null, "is_provincia": null, "matched_parish": null, "matched_sestiere": null, "matched_lett": null, "all_doors": null }, "geometry": { "type": "Point", "coordinates": [ 12.3387, 45.4354 ] } },
{ "type": "Feature", "properties": { "Name": "Zanessini Achille", "Address": "San Lio. calle delle Bande", "Location": null, "Category": null, "Role": "ASSOCIAZIONE REGIONALE VENETA PER LA TUTELA DELLE VITTIME DEL FASCISMO", "Profession": "aderenti all’ « A.P.P.I.A. » di Milano", "Additional Info": "Redazione de «Il Gazzettino» nelle province (Treviso), ", "page_num": "101", "source_file": "page_101_semantic.csv", "section": "other", "civic_num": null, "civic_lett": null, "sestiere_parsed": "CASTELLO", "parish_parsed": null, "sestiere_implied": "True", "match_note": "Manually geocoded via Nominatim lookup: San Lio. calle delle Bande", "location_cleaned": null, "fail_reason": "no_civic_number", "nom_classification": "inside_venice", "nominatim_query": "Calle delle Bande, Venezia, Italy", "nominatim_flagged": "False", "matched_lat": 45.4354, "matched_lon": 12.3387, "match_confidence": "manual_nominatim", "geocoding_tier": "9", "Journal": null, "is_provincia": null, "matched_parish": null, "matched_sestiere": null, "matched_lett": null, "all_doors": null }, "geometry": { "type": "Point", "coordinates": [ 12.3387, 45.4354 ] } },
{ "type": "Feature", "properties": { "Name": "Susai Gino", "Address": "San Lio. calle delle Bande", "Location": null, "Category": null, "Role": "ASSOCIAZIONE REGIONALE VENETA PER LA TUTELA DELLE VITTIME DEL FASCISMO", "Profession": "aderenti all’ « A.P.P.I.A. » di Milano", "Additional Info": "Redazione de «Il Gazzettino» nelle province (Trento), ", "page_num": "101", "source_file": "page_101_semantic.csv", "section": "other", "civic_num": null, "civic_lett": null, "sestiere_parsed": "CASTELLO", "parish_parsed": null, "sestiere_implied": "True", "match_note": "Manually geocoded via Nominatim lookup: San Lio. calle delle Bande", "location_cleaned": null, "fail_reason": "no_civic_number", "nom_classification": "inside_venice", "nominatim_query": "Calle delle Bande, Venezia, Italy", "nominatim_flagged": "False", "matched_lat": 45.4354, "matched_lon": 12.3387, "match_confidence": "manual_nominatim", "geocoding_tier": "9", "Journal": null, "is_provincia": null, "matched_parish": null, "matched_sestiere": null, "matched_lett": null, "all_doors": null }, "geometry": { "type": "Point", "coordinates": [ 12.3387, 45.4354 ] } },
{ "type": "Feature", "properties": { "Name": "Scorza Elio", "Address": "San Lio. calle delle Bande", "Location": null, "Category": null, "Role": "ASSOCIAZIONE REGIONALE VENETA PER LA TUTELA DELLE VITTIME DEL FASCISMO", "Profession": "aderenti all’ « A.P.P.I.A. » di Milano", "Additional Info": "Redazione de «Il Gazzettino» nelle province (Trento),; collaboratore", "page_num": "101", "source_file": "page_101_semantic.csv", "section": "other", "civic_num": null, "civic_lett": null, "sestiere_parsed": "CASTELLO", "parish_parsed": null, "sestiere_implied": "True", "match_note": "Manually geocoded via Nominatim lookup: San Lio. calle delle Bande", "location_cleaned": null, "fail_reason": "no_civic_number", "nom_classification": "inside_venice", "nominatim_query": "Calle delle Bande, Venezia, Italy", "nominatim_flagged": "False", "matched_lat": 45.4354, "matched_lon": 12.3387, "match_confidence": "manual_nominatim", "geocoding_tier": "9", "Journal": null, "is_provincia": null, "matched_parish": null, "matched_sestiere": null, "matched_lett": null, "all_doors": null }, "geometry": { "type": "Point", "coordinates": [ 12.3387, 45.4354 ] } },
{ "type": "Feature", "properties": { "Name": "Cojutti G. Maria", "Address": "San Lio. calle delle Bande", "Location": null, "Category": null, "Role": "ASSOCIAZIONE REGIONALE VENETA PER LA TUTELA DELLE VITTIME DEL FASCISMO", "Profession": "aderenti all’ « A.P.P.I.A. » di Milano", "Additional Info": "Redazione de «Il Gazzettino» nelle province (Udine), ", "page_num": "101", "source_file": "page_101_semantic.csv", "section": "other", "civic_num": null, "civic_lett": null, "sestiere_parsed": "CASTELLO", "parish_parsed": null, "sestiere_implied": "True", "match_note": "Manually geocoded via Nominatim lookup: San Lio. calle delle Bande", "location_cleaned": null, "fail_reason": "no_civic_number", "nom_classification": "inside_venice", "nominatim_query": "Calle delle Bande, Venezia, Italy", "nominatim_flagged": "False", "matched_lat": 45.4354, "matched_lon": 12.3387, "match_confidence": "manual_nominatim", "geocoding_tier": "9", "Journal": null, "is_provincia": null, "matched_parish": null, "matched_sestiere": null, "matched_lett": null, "all_doors": null }, "geometry": { "type": "Point", "coordinates": [ 12.3387, 45.4354 ] } },
{ "type": "Feature", "properties": { "Name": "Ermacora Chino", "Address": "San Lio. calle delle Bande", "Location": null, "Category": null, "Role": "ASSOCIAZIONE REGIONALE VENETA PER LA TUTELA DELLE VITTIME DEL FASCISMO", "Profession": "aderenti all’ « A.P.P.I.A. » di Milano", "Additional Info": "Redazione de «Il Gazzettino» nelle province (Udine), ", "page_num": "101", "source_file": "page_101_semantic.csv", "section": "other", "civic_num": null, "civic_lett": null, "sestiere_parsed": "CASTELLO", "parish_parsed": null, "sestiere_implied": "True", "match_note": "Manually geocoded via Nominatim lookup: San Lio. calle delle Bande", "location_cleaned": null, "fail_reason": "no_civic_number", "nom_classification": "inside_venice", "nominatim_query": "Calle delle Bande, Venezia, Italy", "nominatim_flagged": "False", "matched_lat": 45.4354, "matched_lon": 12.3387, "match_confidence": "manual_nominatim", "geocoding_tier": "9", "Journal": null, "is_provincia": null, "matched_parish": null, "matched_sestiere": null, "matched_lett": null, "all_doors": null }, "geometry": { "type": "Point", "coordinates": [ 12.3387, 45.4354 ] } },
{ "type": "Feature", "properties": { "Name": "Piccolo Antonio", "Address": "San Lio. calle delle Bande", "Location": null, "Category": null, "Role": "ASSOCIAZIONE REGIONALE VENETA PER LA TUTELA DELLE VITTIME DEL FASCISMO", "Profession": "aderenti all’ « A.P.P.I.A. » di Milano", "Additional Info": "Redazione de «Il Gazzettino» nelle province (Udine), ", "page_num": "101", "source_file": "page_101_semantic.csv", "section": "other", "civic_num": null, "civic_lett": null, "sestiere_parsed": "CASTELLO", "parish_parsed": null, "sestiere_implied": "True", "match_note": "Manually geocoded via Nominatim lookup: San Lio. calle delle Bande", "location_cleaned": null, "fail_reason": "no_civic_number", "nom_classification": "inside_venice", "nominatim_query": "Calle delle Bande, Venezia, Italy", "nominatim_flagged": "False", "matched_lat": 45.4354, "matched_lon": 12.3387, "match_confidence": "manual_nominatim", "geocoding_tier": "9", "Journal": null, "is_provincia": null, "matched_parish": null, "matched_sestiere": null, "matched_lett": null, "all_doors": null }, "geometry": { "type": "Point", "coordinates": [ 12.3387, 45.4354 ] } },
{ "type": "Feature", "properties": { "Name": "Conciini Lodovico", "Address": "San Lio. calle delle Bande", "Location": null, "Category": null, "Role": "ASSOCIAZIONE REGIONALE VENETA PER LA TUTELA DELLE VITTIME DEL FASCISMO", "Profession": "aderenti all’ « A.P.P.I.A. » di Milano", "Additional Info": "Redazione de «Il Gazzettino» nelle province (Conegliano), ", "page_num": "101", "source_file": "page_101_semantic.csv", "section": "other", "civic_num": null, "civic_lett": null, "sestiere_parsed": "CASTELLO", "parish_parsed": null, "sestiere_implied": "True", "match_note": "Manually geocoded via Nominatim lookup: San Lio. calle delle Bande", "location_cleaned": null, "fail_reason": "no_civic_number", "nom_classification": "inside_venice", "nominatim_query": "Calle delle Bande, Venezia, Italy", "nominatim_flagged": "False", "matched_lat": 45.4354, "matched_lon": 12.3387, "match_confidence": "manual_nominatim", "geocoding_tier": "9", "Journal": null, "is_provincia": null, "matched_parish": null, "matched_sestiere": null, "matched_lett": null, "all_doors": null }, "geometry": { "type": "Point", "coordinates": [ 12.3387, 45.4354 ] } },
{ "type": "Feature", "properties": { "Name": "Maffone Rita", "Address": "Via Roma", "Location": "Carole", "Category": null, "Role": null, "Profession": "Farmacista", "Additional Info": ",", "page_num": "114", "source_file": "page_114_semantic.csv", "section": "professionisti", "civic_num": null, "civic_lett": null, "sestiere_parsed": null, "parish_parsed": null, "sestiere_implied": "False", "match_note": "Manually geocoded via Nominatim lookup: Via Roma", "location_cleaned": "False", "fail_reason": "no_civic_number", "nom_classification": "inside_venice", "nominatim_query": null, "nominatim_flagged": "False", "matched_lat": 45.4923, "matched_lon": 12.2359, "match_confidence": "manual_nominatim", "geocoding_tier": "9", "Journal": null, "is_provincia": null, "matched_parish": null, "matched_sestiere": null, "matched_lett": null, "all_doors": null }, "geometry": { "type": "Point", "coordinates": [ 12.2359, 45.4923 ] } },
{ "type": "Feature", "properties": { "Name": "Moretto Lejola", "Address": "Via Roma", "Location": "S. Stino Livenzu", "Category": null, "Role": null, "Profession": "Farmacista", "Additional Info": ",", "page_num": "114", "source_file": "page_114_semantic.csv", "section": "professionisti", "civic_num": null, "civic_lett": null, "sestiere_parsed": null, "parish_parsed": null, "sestiere_implied": "False", "match_note": "Manually geocoded via Nominatim lookup: Via Roma", "location_cleaned": "False", "fail_reason": "no_civic_number", "nom_classification": "inside_venice", "nominatim_query": null, "nominatim_flagged": "False", "matched_lat": 45.4923, "matched_lon": 12.2359, "match_confidence": "manual_nominatim", "geocoding_tier": "9", "Journal": null, "is_provincia": null, "matched_parish": null, "matched_sestiere": null, "matched_lett": null, "all_doors": null }, "geometry": { "type": "Point", "coordinates": [ 12.2359, 45.4923 ] } },
{ "type": "Feature", "properties": { "Name": "Rigobelli Mori Maria", "Address": "Via Roma", "Location": "Strà", "Category": null, "Role": null, "Profession": "Farmacista", "Additional Info": ",", "page_num": "114", "source_file": "page_114_semantic.csv", "section": "professionisti", "civic_num": null, "civic_lett": null, "sestiere_parsed": null, "parish_parsed": null, "sestiere_implied": "False", "match_note": "Manually geocoded via Nominatim lookup: Via Roma", "location_cleaned": "False", "fail_reason": "no_civic_number", "nom_classification": "inside_venice", "nominatim_query": null, "nominatim_flagged": "False", "matched_lat": 45.4923, "matched_lon": 12.2359, "match_confidence": "manual_nominatim", "geocoding_tier": "9", "Journal": null, "is_provincia": null, "matched_parish": null, "matched_sestiere": null, "matched_lett": null, "all_doors": null }, "geometry": { "type": "Point", "coordinates": [ 12.2359, 45.4923 ] } },
{ "type": "Feature", "properties": { "Name": "Trivellato Celio", "Address": "Via Roma", "Location": "S. Donà di Piave", "Category": null, "Role": null, "Profession": "Farmacista", "Additional Info": ",", "page_num": "114", "source_file": "page_114_semantic.csv", "section": "professionisti", "civic_num": null, "civic_lett": null, "sestiere_parsed": null, "parish_parsed": null, "sestiere_implied": "False", "match_note": "Manually geocoded via Nominatim lookup: Via Roma", "location_cleaned": "False", "fail_reason": "no_civic_number", "nom_classification": "inside_venice", "nominatim_query": null, "nominatim_flagged": "False", "matched_lat": 45.4923, "matched_lon": 12.2359, "match_confidence": "manual_nominatim", "geocoding_tier": "9", "Journal": null, "is_provincia": null, "matched_parish": null, "matched_sestiere": null, "matched_lett": null, "all_doors": null }, "geometry": { "type": "Point", "coordinates": [ 12.2359, 45.4923 ] } },
{ "type": "Feature", "properties": { "Name": "Zuccella Alessandro", "Address": "Via Roma", "Location": "Cavatazere", "Category": null, "Role": null, "Profession": "Farmacista", "Additional Info": ",", "page_num": "114", "source_file": "page_114_semantic.csv", "section": "professionisti", "civic_num": null, "civic_lett": null, "sestiere_parsed": null, "parish_parsed": null, "sestiere_implied": "False", "match_note": "Manually geocoded via Nominatim lookup: Via Roma", "location_cleaned": "False", "fail_reason": "no_civic_number", "nom_classification": "inside_venice", "nominatim_query": null, "nominatim_flagged": "False", "matched_lat": 45.4923, "matched_lon": 12.2359, "match_confidence": "manual_nominatim", "geocoding_tier": "9", "Journal": null, "is_provincia": null, "matched_parish": null, "matched_sestiere": null, "matched_lett": null, "all_doors": null }, "geometry": { "type": "Point", "coordinates": [ 12.2359, 45.4923 ] } },
{ "type": "Feature", "properties": { "Name": "Faroni Ant.", "Address": " Cannaregio 3051", "Location": " Burro e Conserve", "Category": null, "Role": null, "Profession": null, "Additional Info": "Formaggio", "page_num": "140", "source_file": "page_140_semantic.csv", "section": "industria", "civic_num": null, "civic_lett": null, "sestiere_parsed": null, "parish_parsed": null, "sestiere_implied": "False", "match_note": "Recovered from Category, geocoded via Nominatim:  Cannaregio 3051, Venezia, Italia", "location_cleaned": "False", "fail_reason": "no_civic_number", "nom_classification": "inside_venice", "nominatim_query": null, "nominatim_flagged": "False", "matched_lat": 45.4438257, "matched_lon": 12.3270367, "match_confidence": "category_address_recovery", "geocoding_tier": "10", "Journal": null, "is_provincia": null, "matched_parish": null, "matched_sestiere": null, "matched_lett": null, "all_doors": null }, "geometry": { "type": "Point", "coordinates": [ 12.3270367, 45.4438257 ] } },
{ "type": "Feature", "properties": { "Name": "duse.\" Fornitura completo MOBILI e ACCESSORI per UFFICIO\"", "Address": "Via XXII Marzo, 2288", "Location": "VENEZIA", "Category": "LA VELOCE..", "Role": null, "Profession": null, "Additional Info": "Deposito di VENEZIA", "page_num": "152", "source_file": "page_152_semantic.csv", "section": "industria", "civic_num": null, "civic_lett": null, "sestiere_parsed": null, "parish_parsed": null, "sestiere_implied": "False", "match_note": "Manually geocoded via Nominatim lookup: Via XXII Marzo, 2288", "location_cleaned": "False", "fail_reason": "no_civic_number", "nom_classification": "inside_venice", "nominatim_query": "Via XXII Marzo, Venezia, Italy", "nominatim_flagged": "False", "matched_lat": 45.4328825, "matched_lon": 12.3341704, "match_confidence": "manual_nominatim", "geocoding_tier": "9", "Journal": null, "is_provincia": null, "matched_parish": null, "matched_sestiere": null, "matched_lett": null, "all_doors": null }, "geometry": { "type": "Point", "coordinates": [ 12.3341704, 45.4328825 ] } },
{ "type": "Feature", "properties": { "Name": "dusc", "Address": "Via XXII Marzo, 2288", "Location": "VENEZIA", "Category": "Macchine per scrivere", "Role": null, "Profession": null, "Additional Info": "Occasioni, Cambi, Ricostruzioni, Noleggi", "page_num": "166", "source_file": "page_166_semantic.csv", "section": "industria", "civic_num": null, "civic_lett": null, "sestiere_parsed": null, "parish_parsed": null, "sestiere_implied": "False", "match_note": "Manually geocoded via Nominatim lookup: Via XXII Marzo, 2288", "location_cleaned": "False", "fail_reason": "no_civic_number", "nom_classification": "inside_venice", "nominatim_query": null, "nominatim_flagged": "False", "matched_lat": 45.4328825, "matched_lon": 12.3341704, "match_confidence": "manual_nominatim", "geocoding_tier": "9", "Journal": null, "is_provincia": null, "matched_parish": null, "matched_sestiere": null, "matched_lett": null, "all_doors": null }, "geometry": { "type": "Point", "coordinates": [ 12.3341704, 45.4328825 ] } },
{ "type": "Feature", "properties": { "Name": "SCHEDEARI - MOBILI PER UFFICIO - MACCHINE CONTABILI", "Address": "Via XXII Marzo, 2288", "Location": "Venezia", "Category": "Cicli e Motocicli", "Role": null, "Profession": null, "Additional Info": "Telefono 2.5-889", "page_num": "184", "source_file": "page_184_semantic.csv", "section": "industria", "civic_num": null, "civic_lett": null, "sestiere_parsed": null, "parish_parsed": null, "sestiere_implied": "False", "match_note": "Manually geocoded via Nominatim lookup: Via XXII Marzo, 2288", "location_cleaned": null, "fail_reason": "no_civic_number", "nom_classification": "inside_venice", "nominatim_query": null, "nominatim_flagged": "False", "matched_lat": 45.4328825, "matched_lon": 12.3341704, "match_confidence": "manual_nominatim", "geocoding_tier": "9", "Journal": null, "is_provincia": null, "matched_parish": null, "matched_sestiere": null, "matched_lett": null, "all_doors": null }, "geometry": { "type": "Point", "coordinates": [ 12.3341704, 45.4328825 ] } },
{ "type": "Feature", "properties": { "Name": "Superarco", "Address": "Cannaregio 4726", "Location": " V. B. di Vicentini dr. ing. Bruno", "Category": null, "Role": null, "Profession": null, "Additional Info": "Cannaregio, , | Elettrodi", "page_num": "199", "source_file": "page_199_semantic.csv", "section": "industria", "civic_num": null, "civic_lett": null, "sestiere_parsed": null, "parish_parsed": null, "sestiere_implied": "False", "match_note": "Recovered from Category, geocoded via Nominatim: Cannaregio 4726, Venezia, Italia", "location_cleaned": "False", "fail_reason": "no_civic_number", "nom_classification": "inside_venice", "nominatim_query": null, "nominatim_flagged": "False", "matched_lat": 45.4438257, "matched_lon": 12.3270367, "match_confidence": "category_address_recovery", "geocoding_tier": "10", "Journal": null, "is_provincia": null, "matched_parish": null, "matched_sestiere": null, "matched_lett": null, "all_doors": null }, "geometry": { "type": "Point", "coordinates": [ 12.3270367, 45.4438257 ] } },
{ "type": "Feature", "properties": { "Name": "d’Duse", "Address": "Via XXII Marzo, 2288", "Location": "Venezia", "Category": "Forniture complete mobili e accessori per ufficio", "Role": null, "Profession": null, "Additional Info": "Telefono 2-589", "page_num": "229", "source_file": "page_229_semantic.csv", "section": "industria", "civic_num": null, "civic_lett": null, "sestiere_parsed": null, "parish_parsed": null, "sestiere_implied": "False", "match_note": "Manually geocoded via Nominatim lookup: Via XXII Marzo, 2288", "location_cleaned": "False", "fail_reason": "no_civic_number", "nom_classification": "inside_venice", "nominatim_query": "Via XXII Marzo, Venezia, Italy", "nominatim_flagged": "False", "matched_lat": 45.4328825, "matched_lon": 12.3341704, "match_confidence": "manual_nominatim", "geocoding_tier": "9", "Journal": null, "is_provincia": null, "matched_parish": null, "matched_sestiere": null, "matched_lett": null, "all_doors": null }, "geometry": { "type": "Point", "coordinates": [ 12.3341704, 45.4328825 ] } },
{ "type": "Feature", "properties": { "Name": "“d u s e” OFFICINA RIPARAZION MACCHINE PER SCRIVERE", "Address": "Via XXII Marzo, 2288", "Location": "Venezia", "Category": "Salumi (negozi)", "Role": null, "Profession": null, "Additional Info": "Ristoranti", "page_num": "285", "source_file": "page_285_semantic.csv", "section": "industria", "civic_num": null, "civic_lett": null, "sestiere_parsed": null, "parish_parsed": null, "sestiere_implied": "False", "match_note": "Manually geocoded via Nominatim lookup: Via XXII Marzo, 2288", "location_cleaned": "False", "fail_reason": "no_civic_number", "nom_classification": "inside_venice", "nominatim_query": null, "nominatim_flagged": "False", "matched_lat": 45.4328825, "matched_lon": 12.3341704, "match_confidence": "manual_nominatim", "geocoding_tier": "9", "Journal": null, "is_provincia": null, "matched_parish": null, "matched_sestiere": null, "matched_lett": null, "all_doors": null }, "geometry": { "type": "Point", "coordinates": [ 12.3341704, 45.4328825 ] } },
{ "type": "Feature", "properties": { "Name": "Gagginio Nino", "Address": "Campo S. Stefano", "Location": "Campalto", "Category": "Macchine per scrivere", "Role": null, "Profession": null, "Additional Info": "Ristoranti", "page_num": "287", "source_file": "page_287_semantic.csv", "section": "industria", "civic_num": null, "civic_lett": null, "sestiere_parsed": null, "parish_parsed": "Santo Stefano", "sestiere_implied": "False", "match_note": "Manually geocoded via Nominatim lookup: Campo S. Stefano", "location_cleaned": null, "fail_reason": "no_civic_number", "nom_classification": "inside_venice", "nominatim_query": null, "nominatim_flagged": "False", "matched_lat": 45.4328097, "matched_lon": 12.3300846, "match_confidence": "manual_nominatim", "geocoding_tier": "9", "Journal": null, "is_provincia": null, "matched_parish": null, "matched_sestiere": null, "matched_lett": null, "all_doors": null }, "geometry": { "type": "Point", "coordinates": [ 12.3300846, 45.4328097 ] } },
{ "type": "Feature", "properties": { "Name": "Cerleio Giovanni", "Address": "S. Filippo e Giacomo, 4275", "Location": "Malcontenta", "Category": "Sartorie e confezioni per uomo", "Role": null, "Profession": null, "Additional Info": ",", "page_num": "288", "source_file": "page_288_semantic.csv", "section": "industria", "civic_num": "4275.0", "civic_lett": null, "sestiere_parsed": "CASTELLO", "parish_parsed": "San Giacomo dell'Orio", "sestiere_implied": "False", "match_note": "Sestiere resolved from 'S. Filippo e Giacomo, 4275' → CASTELLO. n_civ direct match.", "location_cleaned": "False", "fail_reason": "number_not_in_reference", "nom_classification": "inside_venice", "nominatim_query": "Chiesa di San Filippo e Giacomo, Venezia, Italy", "nominatim_flagged": "False", "matched_lat": 45.435053722769943, "matched_lon": 12.341324404654957, "match_confidence": "nciv_direct_sestiere_patched", "geocoding_tier": "1b", "Journal": null, "is_provincia": null, "matched_parish": null, "matched_sestiere": null, "matched_lett": null, "all_doors": null }, "geometry": { "type": "Point", "coordinates": [ 12.341324404654957, 45.435053722769943 ] } },
{ "type": "Feature", "properties": { "Name": "duse", "Address": "Via XXII Marzo, 2288", "Location": "VENEZIA", "Category": "Trasporti fluviali", "Role": null, "Profession": null, "Additional Info": "OFFICINA RIPARAZIONI MACCHINE PER SCRIVERE", "page_num": "303", "source_file": "page_303_semantic.csv", "section": "industria", "civic_num": null, "civic_lett": null, "sestiere_parsed": null, "parish_parsed": null, "sestiere_implied": "False", "match_note": "Manually geocoded via Nominatim lookup: Via XXII Marzo, 2288", "location_cleaned": "False", "fail_reason": "no_civic_number", "nom_classification": "inside_venice", "nominatim_query": "Via XXII Marzo, Venezia, Italy", "nominatim_flagged": "False", "matched_lat": 45.4328825, "matched_lon": 12.3341704, "match_confidence": "manual_nominatim", "geocoding_tier": "9", "Journal": null, "is_provincia": null, "matched_parish": null, "matched_sestiere": null, "matched_lett": null, "all_doors": null }, "geometry": { "type": "Point", "coordinates": [ 12.3341704, 45.4328825 ] } },
{ "type": "Feature", "properties": { "Name": "Pilot Bona", "Address": "Riva dei Sette Martiri", "Location": "Alberoni", "Category": "Trattorie", "Role": null, "Profession": null, "Additional Info": "Torroni", "page_num": "309", "source_file": "page_309_semantic.csv", "section": "industria", "civic_num": null, "civic_lett": null, "sestiere_parsed": null, "parish_parsed": null, "sestiere_implied": "False", "match_note": "Manually geocoded via Nominatim lookup: Riva dei Sette Martiri", "location_cleaned": "False", "fail_reason": "no_civic_number", "nom_classification": "inside_venice", "nominatim_query": null, "nominatim_flagged": "False", "matched_lat": 45.4310715, "matched_lon": 12.352603, "match_confidence": "manual_nominatim", "geocoding_tier": "9", "Journal": null, "is_provincia": null, "matched_parish": null, "matched_sestiere": null, "matched_lett": null, "all_doors": null }, "geometry": { "type": "Point", "coordinates": [ 12.352603, 45.4310715 ] } },
{ "type": "Feature", "properties": { "Name": "Piovesan Ampelio", "Address": "S. Marco 3965", "Location": "S. Marco", "Category": "Trattorie", "Role": null, "Profession": null, "Additional Info": "Torroni", "page_num": "309", "source_file": "page_309_semantic.csv", "section": "industria", "civic_num": "3965", "civic_lett": null, "sestiere_parsed": "SAN MARCO", "parish_parsed": null, "sestiere_implied": "False", "match_note": "num=3965, sestiere=SAN MARCO (direct), single door", "location_cleaned": "False", "fail_reason": "no_civic_number", "nom_classification": "inside_venice", "nominatim_query": "Riva dei Sette Martiri, San Marco, Venezia, Italy", "nominatim_flagged": "False", "matched_lat": 45.435287008559754, "matched_lon": 12.332756303212175, "match_confidence": "exact_sestiere_direct", "geocoding_tier": "1", "Journal": null, "is_provincia": null, "matched_parish": "San Luca", "matched_sestiere": "SAN MARCO", "matched_lett": null, "all_doors": null }, "geometry": { "type": "Point", "coordinates": [ 12.332756303212175, 45.435287008559754 ] } },
{ "type": "Feature", "properties": { "Name": "Piotti Francesco", "Address": "S. Marco 3709", "Location": "S. Marco", "Category": "Trattorie", "Role": null, "Profession": null, "Additional Info": "Torroni", "page_num": "309", "source_file": "page_309_semantic.csv", "section": "industria", "civic_num": "3709", "civic_lett": null, "sestiere_parsed": "SAN MARCO", "parish_parsed": null, "sestiere_implied": "False", "match_note": "num=3709, sestiere=SAN MARCO (direct), no letter match; used first of 2 variants", "location_cleaned": "False", "fail_reason": "no_civic_number", "nom_classification": "inside_venice", "nominatim_query": "Riva dei Sette Martiri, San Marco, Venezia, Italy", "nominatim_flagged": "False", "matched_lat": 45.434890323894088, "matched_lon": 12.333084540887173, "match_confidence": "approximate_sestiere_first_variant_direct", "geocoding_tier": "3", "Journal": null, "is_provincia": null, "matched_parish": "Santa Maria Zobenigo", "matched_sestiere": "SAN MARCO", "matched_lett": null, "all_doors": [ { "lett": "", "lat": 45.43489, "lon": 12.333085 }, { "lett": "", "lat": 45.43489, "lon": 12.333085 } ] }, "geometry": { "type": "Point", "coordinates": [ 12.333084540887173, 45.434890323894088 ] } },
{ "type": "Feature", "properties": { "Name": "Polo Pietro", "Address": "S. Polo 250", "Location": "S. Polo", "Category": "Trattorie", "Role": null, "Profession": null, "Additional Info": "Torroni", "page_num": "309", "source_file": "page_309_semantic.csv", "section": "industria", "civic_num": "250", "civic_lett": null, "sestiere_parsed": "SAN POLO", "parish_parsed": null, "sestiere_implied": "False", "match_note": "num=250, sestiere=SAN POLO (direct), single door", "location_cleaned": "False", "fail_reason": "no_civic_number", "nom_classification": "inside_venice", "nominatim_query": "Riva dei Sette Martiri, San Polo, Venezia, Italy", "nominatim_flagged": "False", "matched_lat": 45.439230015050398, "matched_lon": 12.334327255441025, "match_confidence": "exact_sestiere_direct", "geocoding_tier": "1", "Journal": null, "is_provincia": null, "matched_parish": "San Silvestro", "matched_sestiere": "SAN POLO", "matched_lett": null, "all_doors": null }, "geometry": { "type": "Point", "coordinates": [ 12.334327255441025, 45.439230015050398 ] } },
{ "type": "Feature", "properties": { "Name": "Pontini Domenico", "Address": "Cann. 1268", "Location": "Cann.", "Category": "Trattorie", "Role": null, "Profession": null, "Additional Info": "Torroni", "page_num": "309", "source_file": "page_309_semantic.csv", "section": "industria", "civic_num": "1268", "civic_lett": null, "sestiere_parsed": "CANNAREGIO", "parish_parsed": null, "sestiere_implied": "False", "match_note": "num=1268, sestiere=CANNAREGIO (direct), no letter match; used first of 2 variants", "location_cleaned": "False", "fail_reason": "no_civic_number", "nom_classification": "inside_venice", "nominatim_query": "Riva dei Sette Martiri, Cannaregio, Venezia, Italy", "nominatim_flagged": "False", "matched_lat": 45.441948611289199, "matched_lon": 12.326146886152046, "match_confidence": "approximate_sestiere_first_variant_direct", "geocoding_tier": "3", "Journal": null, "is_provincia": null, "matched_parish": "San Geremia", "matched_sestiere": "CANNAREGIO", "matched_lett": null, "all_doors": [ { "lett": "", "lat": 45.441949, "lon": 12.326147 }, { "lett": "", "lat": 45.44401, "lon": 12.325302 } ] }, "geometry": { "type": "Point", "coordinates": [ 12.326146886152046, 45.441948611289199 ] } },
{ "type": "Feature", "properties": { "Name": "Prando Emilia", "Address": "S. Polo 1544", "Location": "S. Polo", "Category": "Trattorie", "Role": null, "Profession": null, "Additional Info": "Torroni", "page_num": "309", "source_file": "page_309_semantic.csv", "section": "industria", "civic_num": "1544", "civic_lett": null, "sestiere_parsed": "SAN POLO", "parish_parsed": null, "sestiere_implied": "False", "match_note": "num=1544, sestiere=SAN POLO (direct), single door", "location_cleaned": "False", "fail_reason": "no_civic_number", "nom_classification": "inside_venice", "nominatim_query": "Riva dei Sette Martiri, San Polo, Venezia, Italy", "nominatim_flagged": "False", "matched_lat": 45.439344376965586, "matched_lon": 12.32751661467386, "match_confidence": "exact_sestiere_direct", "geocoding_tier": "1", "Journal": null, "is_provincia": null, "matched_parish": "Santa Maria Gloriosa", "matched_sestiere": "SAN POLO", "matched_lett": null, "all_doors": null }, "geometry": { "type": "Point", "coordinates": [ 12.32751661467386, 45.439344376965586 ] } },
{ "type": "Feature", "properties": { "Name": "Priori Rita", "Address": "S. Marco 4346", "Location": "S. Marco", "Category": "Trattorie", "Role": null, "Profession": null, "Additional Info": "Torroni", "page_num": "309", "source_file": "page_309_semantic.csv", "section": "industria", "civic_num": "4346", "civic_lett": null, "sestiere_parsed": "SAN MARCO", "parish_parsed": null, "sestiere_implied": "False", "match_note": "num=4346, sestiere=SAN MARCO (direct), used unlettered row; 2 letter variants exist", "location_cleaned": "False", "fail_reason": "no_civic_number", "nom_classification": "inside_venice", "nominatim_query": "Riva dei Sette Martiri, San Marco, Venezia, Italy", "nominatim_flagged": "False", "matched_lat": 45.435059918960768, "matched_lon": 12.33510908945591, "match_confidence": "exact_sestiere_main_entrance_direct", "geocoding_tier": "2", "Journal": null, "is_provincia": null, "matched_parish": "San Luca", "matched_sestiere": "SAN MARCO", "matched_lett": null, "all_doors": [ { "lett": "", "lat": 45.43506, "lon": 12.335109 }, { "lett": "A", "lat": 45.435057, "lon": 12.33505 } ] }, "geometry": { "type": "Point", "coordinates": [ 12.33510908945591, 45.435059918960768 ] } },
{ "type": "Feature", "properties": { "Name": "Provvisionato Mauro", "Address": "Cann. 5597", "Location": "Cann.", "Category": "Trattorie", "Role": null, "Profession": null, "Additional Info": "Torroni", "page_num": "309", "source_file": "page_309_semantic.csv", "section": "industria", "civic_num": "5597", "civic_lett": null, "sestiere_parsed": "CANNAREGIO", "parish_parsed": null, "sestiere_implied": "False", "match_note": "num=5597, sestiere=CANNAREGIO (direct), no letter match; used first of 3 variants", "location_cleaned": "False", "fail_reason": "no_civic_number", "nom_classification": "inside_venice", "nominatim_query": "Riva dei Sette Martiri, Cannaregio, Venezia, Italy", "nominatim_flagged": "False", "matched_lat": 45.440032297614877, "matched_lon": 12.337022376507225, "match_confidence": "approximate_sestiere_first_variant_direct", "geocoding_tier": "3", "Journal": null, "is_provincia": null, "matched_parish": "Santi Apostoli", "matched_sestiere": "CANNAREGIO", "matched_lett": null, "all_doors": [ { "lett": "", "lat": 45.440032, "lon": 12.337022 }, { "lett": "", "lat": 45.440032, "lon": 12.337022 }, { "lett": "A", "lat": 45.43994, "lon": 12.337116 } ] }, "geometry": { "type": "Point", "coordinates": [ 12.337022376507225, 45.440032297614877 ] } },
{ "type": "Feature", "properties": { "Name": "Rizzetto Vespasiano", "Address": "S. Marco 5242", "Location": "S. Marco", "Category": "Trattorie", "Role": null, "Profession": null, "Additional Info": "Torroni", "page_num": "309", "source_file": "page_309_semantic.csv", "section": "industria", "civic_num": "5242", "civic_lett": null, "sestiere_parsed": "SAN MARCO", "parish_parsed": null, "sestiere_implied": "False", "match_note": "num=5242, sestiere=SAN MARCO (direct), single door", "location_cleaned": "False", "fail_reason": "no_civic_number", "nom_classification": "inside_venice", "nominatim_query": "Riva dei Sette Martiri, San Marco, Venezia, Italy", "nominatim_flagged": "False", "matched_lat": 45.437208869842657, "matched_lon": 12.337243802718289, "match_confidence": "exact_sestiere_direct", "geocoding_tier": "1", "Journal": null, "is_provincia": null, "matched_parish": "San Salvador", "matched_sestiere": "SAN MARCO", "matched_lett": null, "all_doors": null }, "geometry": { "type": "Point", "coordinates": [ 12.337243802718289, 45.437208869842657 ] } },
{ "type": "Feature", "properties": { "Name": "Rocchetto Elena", "Address": "S. Croce 548", "Location": "S. Croce", "Category": "Trattorie", "Role": null, "Profession": null, "Additional Info": "Torroni", "page_num": "309", "source_file": "page_309_semantic.csv", "section": "industria", "civic_num": "548", "civic_lett": null, "sestiere_parsed": "SANTA CROCE", "parish_parsed": null, "sestiere_implied": "False", "match_note": "num=548, sestiere=SANTA CROCE (direct), used unlettered row; 5 letter variants exist", "location_cleaned": "False", "fail_reason": "no_civic_number", "nom_classification": "inside_venice", "nominatim_query": "Riva dei Sette Martiri, Sestiere Santa Croce, Venezia, Italy", "nominatim_flagged": "False", "matched_lat": 45.438360359290463, "matched_lon": 12.31950670051245, "match_confidence": "exact_sestiere_main_entrance_direct", "geocoding_tier": "2", "Journal": null, "is_provincia": null, "matched_parish": "San Nicola da Tolentino", "matched_sestiere": "SANTA CROCE", "matched_lett": null, "all_doors": [ { "lett": "", "lat": 45.43836, "lon": 12.319507 }, { "lett": "G", "lat": 45.438162, "lon": 12.319412 }, { "lett": "F", "lat": 45.438128, "lon": 12.319404 }, { "lett": "H", "lat": 45.438203, "lon": 12.319416 }, { "lett": "E", "lat": 45.438062, "lon": 12.319409 } ] }, "geometry": { "type": "Point", "coordinates": [ 12.31950670051245, 45.438360359290463 ] } },
{ "type": "Feature", "properties": { "Name": "Rocco Maria", "Address": "S. Marco 5261", "Location": "S. Marco", "Category": "Trattorie", "Role": null, "Profession": null, "Additional Info": "Torroni", "page_num": "309", "source_file": "page_309_semantic.csv", "section": "industria", "civic_num": "5261", "civic_lett": null, "sestiere_parsed": "SAN MARCO", "parish_parsed": null, "sestiere_implied": "False", "match_note": "num=5261, sestiere=SAN MARCO (direct), single door", "location_cleaned": "False", "fail_reason": "no_civic_number", "nom_classification": "inside_venice", "nominatim_query": "Riva dei Sette Martiri, Sestiere San Marco, Venezia, Italy", "nominatim_flagged": "False", "matched_lat": 45.437349591026937, "matched_lon": 12.337020568509644, "match_confidence": "exact_sestiere_direct", "geocoding_tier": "1", "Journal": null, "is_provincia": null, "matched_parish": "San Salvador", "matched_sestiere": "SAN MARCO", "matched_lett": null, "all_doors": null }, "geometry": { "type": "Point", "coordinates": [ 12.337020568509644, 45.437349591026937 ] } },
{ "type": "Feature", "properties": { "Name": "Rossa Maria", "Address": "Castello 3981", "Location": "Castello", "Category": "Trattorie", "Role": null, "Profession": null, "Additional Info": "Torroni", "page_num": "309", "source_file": "page_309_semantic.csv", "section": "industria", "civic_num": "3981", "civic_lett": null, "sestiere_parsed": "CASTELLO", "parish_parsed": null, "sestiere_implied": "False", "match_note": "num=3981, sestiere=CASTELLO (direct), single door", "location_cleaned": "False", "fail_reason": "no_civic_number", "nom_classification": "inside_venice", "nominatim_query": "Riva dei Sette Martiri, Sestiere Castello, Venezia, Italy", "nominatim_flagged": "False", "matched_lat": 45.434088154344344, "matched_lon": 12.347670145134469, "match_confidence": "exact_sestiere_direct", "geocoding_tier": "1", "Journal": null, "is_provincia": null, "matched_parish": "San Giovanni Bragora", "matched_sestiere": "CASTELLO", "matched_lett": null, "all_doors": null }, "geometry": { "type": "Point", "coordinates": [ 12.347670145134469, 45.434088154344344 ] } },
{ "type": "Feature", "properties": { "Name": "Rosati Oreste", "Address": "Dorsoduro 2775", "Location": "Dorsoduro", "Category": "Trattorie", "Role": null, "Profession": null, "Additional Info": "Torroni", "page_num": "309", "source_file": "page_309_semantic.csv", "section": "industria", "civic_num": "2775", "civic_lett": null, "sestiere_parsed": "DORSODURO", "parish_parsed": null, "sestiere_implied": "False", "match_note": "num=2775, sestiere=DORSODURO (direct), single door", "location_cleaned": "False", "fail_reason": "no_civic_number", "nom_classification": "inside_venice", "nominatim_query": "Riva dei Sette Martiri, Sestiere Dorsoduro, Venezia, Italy", "nominatim_flagged": "False", "matched_lat": 45.432905126786807, "matched_lon": 12.325498151897746, "match_confidence": "exact_sestiere_direct", "geocoding_tier": "1", "Journal": null, "is_provincia": null, "matched_parish": "Santa Maria del Carmine", "matched_sestiere": "DORSODURO", "matched_lett": null, "all_doors": null }, "geometry": { "type": "Point", "coordinates": [ 12.325498151897746, 45.432905126786807 ] } },
{ "type": "Feature", "properties": { "Name": "Rossetto Aldo", "Address": "Cann. 4165", "Location": "Cann.", "Category": "Trattorie", "Role": null, "Profession": null, "Additional Info": "Torroni", "page_num": "309", "source_file": "page_309_semantic.csv", "section": "industria", "civic_num": "4165", "civic_lett": null, "sestiere_parsed": "CANNAREGIO", "parish_parsed": null, "sestiere_implied": "False", "match_note": "num=4165, sestiere=CANNAREGIO (direct), used unlettered row; 2 letter variants exist", "location_cleaned": "False", "fail_reason": "no_civic_number", "nom_classification": "inside_venice", "nominatim_query": "Riva dei Sette Martiri, Sestiere Cannaregio, Venezia, Italy", "nominatim_flagged": "False", "matched_lat": 45.441915296721731, "matched_lon": 12.33630698196116, "match_confidence": "exact_sestiere_main_entrance_direct", "geocoding_tier": "2", "Journal": null, "is_provincia": null, "matched_parish": "San Felice", "matched_sestiere": "CANNAREGIO", "matched_lett": null, "all_doors": [ { "lett": "", "lat": 45.441915, "lon": 12.336307 }, { "lett": "A", "lat": 45.441871, "lon": 12.336278 } ] }, "geometry": { "type": "Point", "coordinates": [ 12.33630698196116, 45.441915296721731 ] } },
{ "type": "Feature", "properties": { "Name": "Rubanco Luca", "Address": "Cann. 4298", "Location": "Cann.", "Category": "Trattorie", "Role": null, "Profession": null, "Additional Info": "Torroni", "page_num": "309", "source_file": "page_309_semantic.csv", "section": "industria", "civic_num": "4298", "civic_lett": null, "sestiere_parsed": "CANNAREGIO", "parish_parsed": null, "sestiere_implied": "False", "match_note": "num=4298, sestiere=CANNAREGIO (direct), no letter match; used first of 2 variants", "location_cleaned": "False", "fail_reason": "no_civic_number", "nom_classification": "inside_venice", "nominatim_query": "Riva dei Sette Martiri, Sestiere Cannaregio, Venezia, Italy", "nominatim_flagged": "False", "matched_lat": 45.440856456180128, "matched_lon": 12.335391925210406, "match_confidence": "approximate_sestiere_first_variant_direct", "geocoding_tier": "3", "Journal": null, "is_provincia": null, "matched_parish": "Santi Apostoli", "matched_sestiere": "CANNAREGIO", "matched_lett": null, "all_doors": [ { "lett": "", "lat": 45.440856, "lon": 12.335392 }, { "lett": "", "lat": 45.440856, "lon": 12.335392 } ] }, "geometry": { "type": "Point", "coordinates": [ 12.335391925210406, 45.440856456180128 ] } },
{ "type": "Feature", "properties": { "Name": "Rubini Piero", "Address": "Cann. 4586", "Location": "Cann.", "Category": "Trattorie", "Role": null, "Profession": null, "Additional Info": "Torroni", "page_num": "309", "source_file": "page_309_semantic.csv", "section": "industria", "civic_num": "4586", "civic_lett": null, "sestiere_parsed": "CANNAREGIO", "parish_parsed": null, "sestiere_implied": "False", "match_note": "num=4586, sestiere=CANNAREGIO (direct), used unlettered row; 2 letter variants exist", "location_cleaned": "False", "fail_reason": "no_civic_number", "nom_classification": "inside_venice", "nominatim_query": "Riva dei Sette Martiri, Sestiere Cannaregio, Venezia, Italy", "nominatim_flagged": "False", "matched_lat": 45.44108613074625, "matched_lon": 12.336778225884082, "match_confidence": "exact_sestiere_main_entrance_direct", "geocoding_tier": "2", "Journal": null, "is_provincia": null, "matched_parish": "Santi Apostoli", "matched_sestiere": "CANNAREGIO", "matched_lett": null, "all_doors": [ { "lett": "", "lat": 45.441086, "lon": 12.336778 }, { "lett": "A", "lat": 45.441094, "lon": 12.336743 } ] }, "geometry": { "type": "Point", "coordinates": [ 12.336778225884082, 45.44108613074625 ] } },
{ "type": "Feature", "properties": { "Name": "Salvador Beniamino", "Address": "S. Marco 1591", "Location": "S. Marco", "Category": "Trattorie", "Role": null, "Profession": null, "Additional Info": "Torroni", "page_num": "309", "source_file": "page_309_semantic.csv", "section": "industria", "civic_num": "1591", "civic_lett": null, "sestiere_parsed": "SAN MARCO", "parish_parsed": null, "sestiere_implied": "False", "match_note": "num=1591, sestiere=SAN MARCO (direct), single door", "location_cleaned": "False", "fail_reason": "no_civic_number", "nom_classification": "inside_venice", "nominatim_query": "Riva dei Sette Martiri, Sestiere San Marco, Venezia, Italy", "nominatim_flagged": "False", "matched_lat": 45.433920512351342, "matched_lon": 12.336118971255871, "match_confidence": "exact_sestiere_direct", "geocoding_tier": "1", "Journal": null, "is_provincia": null, "matched_parish": "San Marco", "matched_sestiere": "SAN MARCO", "matched_lett": null, "all_doors": null }, "geometry": { "type": "Point", "coordinates": [ 12.336118971255871, 45.433920512351342 ] } },
{ "type": "Feature", "properties": { "Name": "Salvatore Regina", "Address": "S. Polo 2741", "Location": "S. Polo", "Category": "Trattorie", "Role": null, "Profession": null, "Additional Info": "Torroni", "page_num": "309", "source_file": "page_309_semantic.csv", "section": "industria", "civic_num": "2741", "civic_lett": null, "sestiere_parsed": "SAN POLO", "parish_parsed": null, "sestiere_implied": "False", "match_note": "num=2741, sestiere=SAN POLO (direct), used unlettered row; 2 letter variants exist", "location_cleaned": "False", "fail_reason": "no_civic_number", "nom_classification": "inside_venice", "nominatim_query": "Riva dei Sette Martiri, Sestiere San Polo, Venezia, Italy", "nominatim_flagged": "False", "matched_lat": 45.436804852741034, "matched_lon": 12.328998708327024, "match_confidence": "exact_sestiere_main_entrance_direct", "geocoding_tier": "2", "Journal": null, "is_provincia": null, "matched_parish": "Santa Maria Gloriosa", "matched_sestiere": "SAN POLO", "matched_lett": null, "all_doors": [ { "lett": "A", "lat": 45.436846, "lon": 12.328983 }, { "lett": "", "lat": 45.436805, "lon": 12.328999 } ] }, "geometry": { "type": "Point", "coordinates": [ 12.328998708327024, 45.436804852741034 ] } },
{ "type": "Feature", "properties": { "Name": "Salvato Mario", "Address": "Castello, cll. delle Rasse", "Location": "Castello", "Category": "Trattorie", "Role": null, "Profession": null, "Additional Info": "cll. delle Rasse", "page_num": "309", "source_file": "page_309_semantic.csv", "section": "industria", "civic_num": null, "civic_lett": null, "sestiere_parsed": null, "parish_parsed": null, "sestiere_implied": "False", "match_note": "Nominatim inside: Calle de le Rasse, Venezia, Italy | type=pedestrian class=highway | FLAGGED", "location_cleaned": "False", "fail_reason": "no_civic_number", "nom_classification": "inside_venice", "nominatim_query": "Calle de le Rasse, Venezia, Italy", "nominatim_flagged": "True", "matched_lat": 45.4345272, "matched_lon": 12.3418093, "match_confidence": "nominatim_venice_flagged", "geocoding_tier": "6f", "Journal": null, "is_provincia": null, "matched_parish": null, "matched_sestiere": null, "matched_lett": null, "all_doors": null }, "geometry": { "type": "Point", "coordinates": [ 12.3418093, 45.4345272 ] } },
{ "type": "Feature", "properties": { "Name": "Sartorato Arturo", "Address": "S. Polo 245", "Location": "S. Polo", "Category": "Trattorie", "Role": null, "Profession": null, "Additional Info": "Torroni", "page_num": "309", "source_file": "page_309_semantic.csv", "section": "industria", "civic_num": "245", "civic_lett": null, "sestiere_parsed": "SAN POLO", "parish_parsed": null, "sestiere_implied": "False", "match_note": "num=245, sestiere=SAN POLO (direct), single door", "location_cleaned": "False", "fail_reason": "no_civic_number", "nom_classification": "inside_venice", "nominatim_query": "Riva dei Sette Martiri, Sestiere San Polo, Venezia, Italy", "nominatim_flagged": "False", "matched_lat": 45.439265752361742, "matched_lon": 12.334472126898136, "match_confidence": "exact_sestiere_direct", "geocoding_tier": "1", "Journal": null, "is_provincia": null, "matched_parish": "San Silvestro", "matched_sestiere": "SAN POLO", "matched_lett": null, "all_doors": null }, "geometry": { "type": "Point", "coordinates": [ 12.334472126898136, 45.439265752361742 ] } },
{ "type": "Feature", "properties": { "Name": "Savio Gemma", "Address": "S. Polo 833", "Location": "S. Polo", "Category": "Trattorie", "Role": null, "Profession": null, "Additional Info": "Torroni", "page_num": "309", "source_file": "page_309_semantic.csv", "section": "industria", "civic_num": "833", "civic_lett": null, "sestiere_parsed": "SAN POLO", "parish_parsed": null, "sestiere_implied": "False", "match_note": "num=833, sestiere=SAN POLO (direct), single door", "location_cleaned": "False", "fail_reason": "no_civic_number", "nom_classification": "inside_venice", "nominatim_query": "Riva dei Sette Martiri, Sestiere San Polo, Venezia, Italy", "nominatim_flagged": "False", "matched_lat": 45.439220665057576, "matched_lon": 12.333574464053752, "match_confidence": "exact_sestiere_direct", "geocoding_tier": "1", "Journal": null, "is_provincia": null, "matched_parish": "San Silvestro", "matched_sestiere": "SAN POLO", "matched_lett": null, "all_doors": null }, "geometry": { "type": "Point", "coordinates": [ 12.333574464053752, 45.439220665057576 ] } },
{ "type": "Feature", "properties": { "Name": "Savoldi Ernesto", "Address": "S. Polo 729", "Location": "S. Polo", "Category": "Trattorie", "Role": null, "Profession": null, "Additional Info": "Torroni", "page_num": "309", "source_file": "page_309_semantic.csv", "section": "industria", "civic_num": "729", "civic_lett": null, "sestiere_parsed": "SAN POLO", "parish_parsed": null, "sestiere_implied": "False", "match_note": "num=729, sestiere=SAN POLO (direct), single door", "location_cleaned": "False", "fail_reason": "no_civic_number", "nom_classification": "inside_venice", "nominatim_query": "Riva dei Sette Martiri, Sestiere San Polo, Venezia, Italy", "nominatim_flagged": "False", "matched_lat": 45.437850219397284, "matched_lon": 12.335099416905209, "match_confidence": "exact_sestiere_direct", "geocoding_tier": "1", "Journal": null, "is_provincia": null, "matched_parish": "San Silvestro", "matched_sestiere": "SAN POLO", "matched_lett": null, "all_doors": null }, "geometry": { "type": "Point", "coordinates": [ 12.335099416905209, 45.437850219397284 ] } },
{ "type": "Feature", "properties": { "Name": "Shalcherio Leonida", "Address": "Cann. 1409", "Location": "Cann.", "Category": "Trattorie", "Role": null, "Profession": null, "Additional Info": "Torroni", "page_num": "309", "source_file": "page_309_semantic.csv", "section": "industria", "civic_num": "1409", "civic_lett": null, "sestiere_parsed": "CANNAREGIO", "parish_parsed": null, "sestiere_implied": "False", "match_note": "num=1409, sestiere=CANNAREGIO (direct), single door", "location_cleaned": "False", "fail_reason": "no_civic_number", "nom_classification": "inside_venice", "nominatim_query": "Riva dei Sette Martiri, Sestiere Cannaregio, Venezia, Italy", "nominatim_flagged": "False", "matched_lat": 45.44399093054772, "matched_lon": 12.328319337556238, "match_confidence": "exact_sestiere_direct", "geocoding_tier": "1", "Journal": null, "is_provincia": null, "matched_parish": "Santi Ermagora e Fortunato", "matched_sestiere": "CANNAREGIO", "matched_lett": null, "all_doors": null }, "geometry": { "type": "Point", "coordinates": [ 12.328319337556238, 45.44399093054772 ] } },
{ "type": "Feature", "properties": { "Name": "Sciarinig Plutarco", "Address": "Castello 5232", "Location": "Castello", "Category": "Trattorie", "Role": null, "Profession": null, "Additional Info": "Torroni", "page_num": "309", "source_file": "page_309_semantic.csv", "section": "industria", "civic_num": "5232", "civic_lett": null, "sestiere_parsed": "CASTELLO", "parish_parsed": null, "sestiere_implied": "False", "match_note": "num=5232, sestiere=CASTELLO (direct), used unlettered row; 2 letter variants exist", "location_cleaned": "False", "fail_reason": "no_civic_number", "nom_classification": "inside_venice", "nominatim_query": "Riva dei Sette Martiri, Sestiere Castello, Venezia, Italy", "nominatim_flagged": "False", "matched_lat": 45.437513256561601, "matched_lon": 12.341587787402617, "match_confidence": "exact_sestiere_main_entrance_direct", "geocoding_tier": "2", "Journal": null, "is_provincia": null, "matched_parish": "Santa Maria Formosa", "matched_sestiere": "CASTELLO", "matched_lett": null, "all_doors": [ { "lett": "A", "lat": 45.437528, "lon": 12.341572 }, { "lett": "", "lat": 45.437513, "lon": 12.341588 } ] }, "geometry": { "type": "Point", "coordinates": [ 12.341587787402617, 45.437513256561601 ] } },
{ "type": "Feature", "properties": { "Name": "Scarpa Ennio", "Address": "S. Croce 541", "Location": "S. Croce", "Category": "Trattorie", "Role": null, "Profession": null, "Additional Info": "Torroni", "page_num": "309", "source_file": "page_309_semantic.csv", "section": "industria", "civic_num": "541", "civic_lett": null, "sestiere_parsed": "SANTA CROCE", "parish_parsed": null, "sestiere_implied": "False", "match_note": "num=541, sestiere=SANTA CROCE (direct), single door", "location_cleaned": "False", "fail_reason": "no_civic_number", "nom_classification": "inside_venice", "nominatim_query": "Riva dei Sette Martiri, Sestiere Santa Croce, Venezia, Italy", "nominatim_flagged": "False", "matched_lat": 45.438067532330741, "matched_lon": 12.318717417391504, "match_confidence": "exact_sestiere_direct", "geocoding_tier": "1", "Journal": null, "is_provincia": null, "matched_parish": "San Nicola da Tolentino", "matched_sestiere": "SANTA CROCE", "matched_lett": "G", "all_doors": null }, "geometry": { "type": "Point", "coordinates": [ 12.318717417391504, 45.438067532330741 ] } },
{ "type": "Feature", "properties": { "Name": "Secco Angela", "Address": "Cann. 3782", "Location": "Cann.", "Category": "Trattorie", "Role": null, "Profession": null, "Additional Info": "Torroni", "page_num": "309", "source_file": "page_309_semantic.csv", "section": "industria", "civic_num": "3782", "civic_lett": null, "sestiere_parsed": "CANNAREGIO", "parish_parsed": null, "sestiere_implied": "False", "match_note": "num=3782, sestiere=CANNAREGIO (direct), used unlettered row; 3 letter variants exist", "location_cleaned": "False", "fail_reason": "no_civic_number", "nom_classification": "inside_venice", "nominatim_query": "Riva dei Sette Martiri, Sestiere Cannaregio, Venezia, Italy", "nominatim_flagged": "False", "matched_lat": 45.442830455895674, "matched_lon": 12.335195960986946, "match_confidence": "exact_sestiere_main_entrance_direct", "geocoding_tier": "2", "Journal": null, "is_provincia": null, "matched_parish": "San Felice", "matched_sestiere": "CANNAREGIO", "matched_lett": null, "all_doors": [ { "lett": "", "lat": 45.44283, "lon": 12.335196 }, { "lett": "A", "lat": 45.442805, "lon": 12.335171 }, { "lett": "B", "lat": 45.442751, "lon": 12.335111 } ] }, "geometry": { "type": "Point", "coordinates": [ 12.335195960986946, 45.442830455895674 ] } },
{ "type": "Feature", "properties": { "Name": "Segato Antonio", "Address": "S. Marco 1771", "Location": "S. Marco", "Category": "Trattorie", "Role": null, "Profession": null, "Additional Info": "Torroni", "page_num": "309", "source_file": "page_309_semantic.csv", "section": "industria", "civic_num": "1771", "civic_lett": null, "sestiere_parsed": "SAN MARCO", "parish_parsed": null, "sestiere_implied": "False", "match_note": "num=1771, sestiere=SAN MARCO (direct), single door", "location_cleaned": "False", "fail_reason": "no_civic_number", "nom_classification": "inside_venice", "nominatim_query": "Riva dei Sette Martiri, Sestiere San Marco, Venezia, Italy", "nominatim_flagged": "False", "matched_lat": 45.434471139456988, "matched_lon": 12.335778925287723, "match_confidence": "exact_sestiere_direct", "geocoding_tier": "1", "Journal": null, "is_provincia": null, "matched_parish": "San Marco", "matched_sestiere": "SAN MARCO", "matched_lett": null, "all_doors": null }, "geometry": { "type": "Point", "coordinates": [ 12.335778925287723, 45.434471139456988 ] } },
{ "type": "Feature", "properties": { "Name": "Semenzato Luigi", "Address": "Cannaregio 1907", "Location": "Cannaregio", "Category": "Trattorie", "Role": null, "Profession": null, "Additional Info": "Torroni", "page_num": "309", "source_file": "page_309_semantic.csv", "section": "industria", "civic_num": "1907", "civic_lett": null, "sestiere_parsed": "CANNAREGIO", "parish_parsed": null, "sestiere_implied": "False", "match_note": "num=1907, sestiere=CANNAREGIO (direct), single door", "location_cleaned": "False", "fail_reason": "no_civic_number", "nom_classification": "inside_venice", "nominatim_query": "Riva dei Sette Martiri, Sestiere Cannaregio, Venezia, Italy", "nominatim_flagged": "False", "matched_lat": 45.444047976244136, "matched_lon": 12.328876342794931, "match_confidence": "exact_sestiere_direct", "geocoding_tier": "1", "Journal": null, "is_provincia": null, "matched_parish": "Santi Ermagora e Fortunato", "matched_sestiere": "CANNAREGIO", "matched_lett": null, "all_doors": null }, "geometry": { "type": "Point", "coordinates": [ 12.328876342794931, 45.444047976244136 ] } },
{ "type": "Feature", "properties": { "Name": "duse", "Address": "Via XXII Marzo, 2288", "Location": "Venezia", "Category": "PAVIMENTAZIONE RIVESTIMENTI MUSIVI VETROSI", "Role": null, "Profession": null, "Additional Info": "Category: Vetri industriali", "page_num": "315", "source_file": "page_315_semantic.csv", "section": "industria", "civic_num": null, "civic_lett": null, "sestiere_parsed": null, "parish_parsed": null, "sestiere_implied": "False", "match_note": "Manually geocoded via Nominatim lookup: Via XXII Marzo, 2288", "location_cleaned": "False", "fail_reason": "no_civic_number", "nom_classification": "inside_venice", "nominatim_query": "Via XXII Marzo, Venezia, Italy", "nominatim_flagged": "False", "matched_lat": 45.4328825, "matched_lon": 12.3341704, "match_confidence": "manual_nominatim", "geocoding_tier": "9", "Journal": null, "is_provincia": null, "matched_parish": null, "matched_sestiere": null, "matched_lett": null, "all_doors": null }, "geometry": { "type": "Point", "coordinates": [ 12.3341704, 45.4328825 ] } },
{ "type": "Feature", "properties": { "Name": "Bernardi Giacinto", "Address": "SS. Filippo e Giacomo 4482", "Location": null, "Category": "cereali", "Role": null, "Profession": null, "Additional Info": "grossista e deposito", "page_num": "347", "source_file": "page_347_semantic.csv", "section": "indice_generale", "civic_num": "4482.0", "civic_lett": null, "sestiere_parsed": "CASTELLO", "parish_parsed": "San Giacomo dell'Orio", "sestiere_implied": "False", "match_note": "Sestiere resolved from 'SS. Filippo e Giacomo 4482' → CASTELLO. n_civ direct match.", "location_cleaned": "True", "fail_reason": "number_not_in_reference", "nom_classification": "inside_venice", "nominatim_query": "Istituto di Diritto Pubblico, Venezia, Italy", "nominatim_flagged": "False", "matched_lat": 45.435481091184883, "matched_lon": 12.342135703883908, "match_confidence": "nciv_direct_sestiere_patched", "geocoding_tier": "1b", "Journal": null, "is_provincia": null, "matched_parish": null, "matched_sestiere": null, "matched_lett": null, "all_doors": null }, "geometry": { "type": "Point", "coordinates": [ 12.342135703883908, 45.435481091184883 ] } },
{ "type": "Feature", "properties": { "Name": "officina riparazione macchine per scrivere", "Address": "Via XXII Marzo, 2288", "Location": "Venezia", "Category": "OCCASIONI - CAMBI - RICOSTRUZIONI - NOLEGGI", "Role": null, "Profession": "Macchine per scrivere - Calcolatrici - Duplicatori", "Additional Info": "Giornali - Libri Riviste - Opuscoli", "page_num": "359", "source_file": "page_359_semantic.csv", "section": "indice_generale", "civic_num": null, "civic_lett": null, "sestiere_parsed": null, "parish_parsed": null, "sestiere_implied": "False", "match_note": "Manually geocoded via Nominatim lookup: Via XXII Marzo, 2288", "location_cleaned": "False", "fail_reason": "no_civic_number", "nom_classification": "inside_venice", "nominatim_query": "Via XXII Marzo, Venezia, Italy", "nominatim_flagged": "False", "matched_lat": 45.4328825, "matched_lon": 12.3341704, "match_confidence": "manual_nominatim", "geocoding_tier": "9", "Journal": null, "is_provincia": null, "matched_parish": null, "matched_sestiere": null, "matched_lett": null, "all_doors": null }, "geometry": { "type": "Point", "coordinates": [ 12.3341704, 45.4328825 ] } },
{ "type": "Feature", "properties": { "Name": "Cerillo Giovanni", "Address": "S. Filippo e Giacomo, 4275", "Location": "Venezia", "Category": "ZAGO F.LLI", "Role": null, "Profession": null, "Additional Info": "Sartoria da Uomo", "page_num": "368", "source_file": "page_368_semantic.csv", "section": "indice_generale", "civic_num": "4275.0", "civic_lett": null, "sestiere_parsed": "CASTELLO", "parish_parsed": "San Giacomo dell'Orio", "sestiere_implied": "False", "match_note": "Sestiere resolved from 'S. Filippo e Giacomo, 4275' → CASTELLO. n_civ direct match.", "location_cleaned": "False", "fail_reason": "number_not_in_reference", "nom_classification": "inside_venice", "nominatim_query": "Chiesa di San Filippo e Giacomo, Venezia, Italy", "nominatim_flagged": "False", "matched_lat": 45.435053722769943, "matched_lon": 12.341324404654957, "match_confidence": "nciv_direct_sestiere_patched", "geocoding_tier": "1b", "Journal": null, "is_provincia": null, "matched_parish": null, "matched_sestiere": null, "matched_lett": null, "all_doors": null }, "geometry": { "type": "Point", "coordinates": [ 12.341324404654957, 45.435053722769943 ] } },
{ "type": "Feature", "properties": { "Name": "Console Quglieno", "Address": "Via M. Sabotino 8", "Location": "Materiale elettrico", "Category": null, "Role": null, "Profession": "Vendita e Mobilizzi", "Additional Info": "Mestre | Gugo", "page_num": "373", "source_file": "page_373_semantic.csv", "section": "indice_generale", "civic_num": null, "civic_lett": null, "sestiere_parsed": null, "parish_parsed": null, "sestiere_implied": "False", "match_note": "Recovered from Category, re-geocoded via Nominatim with corrected query: Via Monte Sabotino 8, Marghera, Italia", "location_cleaned": "False", "fail_reason": "no_civic_number", "nom_classification": "inside_venice", "nominatim_query": null, "nominatim_flagged": "False", "matched_lat": 45.4848968, "matched_lon": 12.2299371, "match_confidence": "category_nominatim_retry", "geocoding_tier": "10", "Journal": null, "is_provincia": null, "matched_parish": null, "matched_sestiere": null, "matched_lett": null, "all_doors": null }, "geometry": { "type": "Point", "coordinates": [ 12.2299371, 45.4848968 ] } },
{ "type": "Feature", "properties": { "Name": "Lancerotto Al Lupo Coranto", "Address": "S.S. Filippo e Giacomo 4513", "Location": null, "Category": "OPIFCINA RIPARAZIONI MACCHINE PER SCRIVERE", "Role": null, "Profession": null, "Additional Info": "farmacia", "page_num": "408", "source_file": "page_408_semantic.csv", "section": "indice_generale", "civic_num": "4513.0", "civic_lett": null, "sestiere_parsed": "CASTELLO", "parish_parsed": "San Giacomo dell'Orio", "sestiere_implied": "False", "match_note": "Sestiere resolved from 'S.S. Filippo e Giacomo 4513' → CASTELLO. n_civ direct match.", "location_cleaned": null, "fail_reason": "number_not_in_reference", "nom_classification": "inside_venice", "nominatim_query": "Chiesa dei Santi Filippo e Giacomo, Venezia, Italy", "nominatim_flagged": "False", "matched_lat": 45.435073601475622, "matched_lon": 12.341669748266115, "match_confidence": "nciv_direct_sestiere_patched", "geocoding_tier": "1b", "Journal": null, "is_provincia": null, "matched_parish": null, "matched_sestiere": null, "matched_lett": null, "all_doors": null }, "geometry": { "type": "Point", "coordinates": [ 12.341669748266115, 45.435073601475622 ] } },
{ "type": "Feature", "properties": { "Name": "Lancerotto Eugenio", "Address": "S.S. Filippo e Giacomo 4513", "Location": "Via Miraibase", "Category": "OPIFCINA RIPARAZIONI MACCHINE PER SCRIVERE", "Role": null, "Profession": null, "Additional Info": "legnami e pala costruzioni | Chirango", "page_num": "408", "source_file": "page_408_semantic.csv", "section": "indice_generale", "civic_num": "4513.0", "civic_lett": null, "sestiere_parsed": "CASTELLO", "parish_parsed": "San Giacomo dell'Orio", "sestiere_implied": "False", "match_note": "Sestiere resolved from 'S.S. Filippo e Giacomo 4513' → CASTELLO. n_civ direct match.", "location_cleaned": null, "fail_reason": "number_not_in_reference", "nom_classification": "inside_venice", "nominatim_query": "Chiesa dei Santi Filippo e Giacomo, Venezia, Italy", "nominatim_flagged": "False", "matched_lat": 45.435073601475622, "matched_lon": 12.341669748266115, "match_confidence": "nciv_direct_sestiere_patched", "geocoding_tier": "1b", "Journal": null, "is_provincia": null, "matched_parish": null, "matched_sestiere": null, "matched_lett": null, "all_doors": null }, "geometry": { "type": "Point", "coordinates": [ 12.341669748266115, 45.435073601475622 ] } },
{ "type": "Feature", "properties": { "Name": "LANDINI dr. Luigi", "Address": "Via XXII Marzo, 2288", "Location": "Venezia, Malcontenta Comune", "Category": "Veterinario", "Role": null, "Profession": null, "Additional Info": "Colletlico Italialee", "page_num": "409", "source_file": "page_409_semantic.csv", "section": "indice_generale", "civic_num": null, "civic_lett": null, "sestiere_parsed": null, "parish_parsed": null, "sestiere_implied": "False", "match_note": "Manually geocoded via Nominatim lookup: Via XXII Marzo, 2288", "location_cleaned": "False", "fail_reason": "no_civic_number", "nom_classification": "inside_venice", "nominatim_query": null, "nominatim_flagged": "False", "matched_lat": 45.4328825, "matched_lon": 12.3341704, "match_confidence": "manual_nominatim", "geocoding_tier": "9", "Journal": null, "is_provincia": null, "matched_parish": null, "matched_sestiere": null, "matched_lett": null, "all_doors": null }, "geometry": { "type": "Point", "coordinates": [ 12.3341704, 45.4328825 ] } },
{ "type": "Feature", "properties": { "Name": "Lanzi", "Address": "SS. Filippo e Giacomo 4523", "Location": null, "Category": "Radio", "Role": null, "Profession": null, "Additional Info": "Colletlico Italialee", "page_num": "409", "source_file": "page_409_semantic.csv", "section": "indice_generale", "civic_num": "4523.0", "civic_lett": null, "sestiere_parsed": "CASTELLO", "parish_parsed": "San Giacomo dell'Orio", "sestiere_implied": "False", "match_note": "Sestiere resolved from 'SS. Filippo e Giacomo 4523' → CASTELLO. n_civ direct match.", "location_cleaned": "False", "fail_reason": "number_not_in_reference", "nom_classification": "inside_venice", "nominatim_query": "Chiesa dei Santi Filippo e Giacomo, Venezia, Italy", "nominatim_flagged": "False", "matched_lat": 45.435002793521768, "matched_lon": 12.341674446032368, "match_confidence": "nciv_direct_sestiere_patched", "geocoding_tier": "1b", "Journal": null, "is_provincia": null, "matched_parish": null, "matched_sestiere": null, "matched_lett": null, "all_doors": null }, "geometry": { "type": "Point", "coordinates": [ 12.341674446032368, 45.435002793521768 ] } },
{ "type": "Feature", "properties": { "Name": "Marcon dr. Alessadro", "Address": "San Angelo 3916", "Location": "Venezia", "Category": null, "Role": null, "Profession": null, "Additional Info": "medicina generale", "page_num": "416", "source_file": "page_416_semantic.csv", "section": "indice_generale", "civic_num": "3916.0", "civic_lett": null, "sestiere_parsed": "SAN MARCO", "parish_parsed": "L'Angelo", "sestiere_implied": "False", "match_note": "Sestiere resolved from 'San Angelo 3916' → SAN MARCO. n_civ direct match.", "location_cleaned": "False", "fail_reason": "number_not_in_reference", "nom_classification": "inside_venice", "nominatim_query": null, "nominatim_flagged": "False", "matched_lat": 45.435087717178931, "matched_lon": 12.331630398867846, "match_confidence": "nciv_direct_sestiere_patched", "geocoding_tier": "1b", "Journal": null, "is_provincia": null, "matched_parish": null, "matched_sestiere": null, "matched_lett": null, "all_doors": null }, "geometry": { "type": "Point", "coordinates": [ 12.331630398867846, 45.435087717178931 ] } },
{ "type": "Feature", "properties": { "Name": "Nusdorfer dr. Roberto", "Address": "San Angelo 3580", "Location": null, "Category": "MACCHINE PER SCRIVERE - DUPLICATORI - ACCESSORI", "Role": null, "Profession": "Tutti i prodotti ZAMPIRONI INSETTIFUGHI di massima fiducia", "Additional Info": "otorionolaringoiatra", "page_num": "428", "source_file": "page_428_semantic.csv", "section": "indice_generale", "civic_num": "3580.0", "civic_lett": null, "sestiere_parsed": "SAN MARCO", "parish_parsed": "L'Angelo", "sestiere_implied": "False", "match_note": "Sestiere resolved from 'San Angelo 3580' → SAN MARCO. n_civ direct match.", "location_cleaned": null, "fail_reason": "number_not_in_reference", "nom_classification": "inside_venice", "nominatim_query": null, "nominatim_flagged": "False", "matched_lat": 45.434173755877708, "matched_lon": 12.332248290230259, "match_confidence": "nciv_direct_sestiere_patched", "geocoding_tier": "1b", "Journal": null, "is_provincia": null, "matched_parish": null, "matched_sestiere": null, "matched_lett": null, "all_doors": null }, "geometry": { "type": "Point", "coordinates": [ 12.332248290230259, 45.434173755877708 ] } },
{ "type": "Feature", "properties": { "Name": "Ocoioni geom. Marcello", "Address": "San Angelo 3580", "Location": null, "Category": "Ca' Foscari", "Role": null, "Profession": "segretario Istituto Univers. di Economia e Commercio", "Additional Info": "RAZIONI MACCHINE PER SCRIVERE \"d u s e\"", "page_num": "428", "source_file": "page_428_semantic.csv", "section": "indice_generale", "civic_num": "3580.0", "civic_lett": null, "sestiere_parsed": "SAN MARCO", "parish_parsed": "L'Angelo", "sestiere_implied": "False", "match_note": "Sestiere resolved from 'San Angelo 3580' → SAN MARCO. n_civ direct match.", "location_cleaned": null, "fail_reason": "number_not_in_reference", "nom_classification": "inside_venice", "nominatim_query": null, "nominatim_flagged": "False", "matched_lat": 45.434173755877708, "matched_lon": 12.332248290230259, "match_confidence": "nciv_direct_sestiere_patched", "geocoding_tier": "1b", "Journal": null, "is_provincia": null, "matched_parish": null, "matched_sestiere": null, "matched_lett": null, "all_doors": null }, "geometry": { "type": "Point", "coordinates": [ 12.332248290230259, 45.434173755877708 ] } },
{ "type": "Feature", "properties": { "Name": "Padovan Alice", "Address": "San Angelo 3625", "Location": "Via XXII Marzo", "Category": "farmacista", "Role": null, "Profession": "O", "Additional Info": "ORRT. OFFICINA RIPARAZIONI RADIO TELEFONICHE SOC. A. R. L.", "page_num": "430", "source_file": "page_430_semantic.csv", "section": "indice_generale", "civic_num": "3625.0", "civic_lett": null, "sestiere_parsed": "SAN MARCO", "parish_parsed": "L'Angelo", "sestiere_implied": "False", "match_note": "Sestiere resolved from 'San Angelo 3625' → SAN MARCO. n_civ direct match.", "location_cleaned": "False", "fail_reason": "number_not_in_reference", "nom_classification": "inside_venice", "nominatim_query": "Campo Sant'Angelo, Venezia, Italy", "nominatim_flagged": "False", "matched_lat": 45.434445232181403, "matched_lon": 12.332433163872144, "match_confidence": "nciv_direct_sestiere_patched", "geocoding_tier": "1b", "Journal": null, "is_provincia": null, "matched_parish": null, "matched_sestiere": null, "matched_lett": null, "all_doors": null }, "geometry": { "type": "Point", "coordinates": [ 12.332433163872144, 45.434445232181403 ] } },
{ "type": "Feature", "properties": { "Name": "Radio Iasizza", "Address": "SS. Filippo e Giacomo 4523", "Location": "Pugitto mons. comm. prof. Giuseppe", "Category": "cappelano S. Bingio (Chiesa della Marina).", "Role": null, "Profession": null, "Additional Info": "Radio", "page_num": "441", "source_file": "page_441_semantic.csv", "section": "indice_generale", "civic_num": "4523.0", "civic_lett": null, "sestiere_parsed": "CASTELLO", "parish_parsed": "San Giacomo dell'Orio", "sestiere_implied": "False", "match_note": "Sestiere resolved from 'SS. Filippo e Giacomo 4523' → CASTELLO. n_civ direct match.", "location_cleaned": null, "fail_reason": "number_not_in_reference", "nom_classification": "inside_venice", "nominatim_query": "Chiesa dei Santi Filippo e Giacomo, Venezia, Italy", "nominatim_flagged": "False", "matched_lat": 45.435002793521768, "matched_lon": 12.341674446032368, "match_confidence": "nciv_direct_sestiere_patched", "geocoding_tier": "1b", "Journal": null, "is_provincia": null, "matched_parish": null, "matched_sestiere": null, "matched_lett": null, "all_doors": null }, "geometry": { "type": "Point", "coordinates": [ 12.341674446032368, 45.435002793521768 ] } },
{ "type": "Feature", "properties": { "Name": "Radio Marelli", "Address": "SS. Filippo e Giacomo 4523", "Location": "Mercerie dell'Orologio", "Category": "radio e radiogrammofoni", "Role": null, "Profession": null, "Additional Info": "Castello 494", "page_num": "441", "source_file": "page_441_semantic.csv", "section": "indice_generale", "civic_num": "4523.0", "civic_lett": null, "sestiere_parsed": "CASTELLO", "parish_parsed": "San Giacomo dell'Orio", "sestiere_implied": "False", "match_note": "Sestiere resolved from 'SS. Filippo e Giacomo 4523' → CASTELLO. n_civ direct match.", "location_cleaned": null, "fail_reason": "number_not_in_reference", "nom_classification": "inside_venice", "nominatim_query": "Chiesa dei Santi Filippo e Giacomo, Venezia, Italy", "nominatim_flagged": "False", "matched_lat": 45.435002793521768, "matched_lon": 12.341674446032368, "match_confidence": "nciv_direct_sestiere_patched", "geocoding_tier": "1b", "Journal": null, "is_provincia": null, "matched_parish": null, "matched_sestiere": null, "matched_lett": null, "all_doors": null }, "geometry": { "type": "Point", "coordinates": [ 12.341674446032368, 45.435002793521768 ] } },
{ "type": "Feature", "properties": { "Name": "SANFEN Società", "Address": "SS. Filippo e Giacomo 4428", "Location": "VENEZIA - Via XXII Marzo", "Category": "Commerciale", "Role": " fluviali e terrestri, ", "Profession": " r. t. trasporti marittimi", "Additional Info": "addetta alla Navigazione Fluviale Marittima", "page_num": "450", "source_file": "page_450_semantic.csv", "section": "indice_generale", "civic_num": "4428.0", "civic_lett": null, "sestiere_parsed": "CASTELLO", "parish_parsed": "San Giacomo dell'Orio", "sestiere_implied": "False", "match_note": "Sestiere resolved from 'SS. Filippo e Giacomo 4428' → CASTELLO. n_civ direct match.", "location_cleaned": "False", "fail_reason": "number_not_in_reference", "nom_classification": "inside_venice", "nominatim_query": "Chiesa dei Santi Filippo e Giacomo, Venezia, Italy", "nominatim_flagged": "False", "matched_lat": 45.436141553885363, "matched_lon": 12.340984296956734, "match_confidence": "nciv_direct_sestiere_patched", "geocoding_tier": "1b", "Journal": null, "is_provincia": null, "matched_parish": null, "matched_sestiere": null, "matched_lett": null, "all_doors": null }, "geometry": { "type": "Point", "coordinates": [ 12.340984296956734, 45.436141553885363 ] } },
{ "type": "Feature", "properties": { "Name": "Scolari Diot'ennr", "Address": "Cannaregio 461", "Location": "tipografia", "Category": null, "Role": null, "Profession": null, "Additional Info": "Officina Riparazioni Macchine per Scrivere", "page_num": "454", "source_file": "page_454_semantic.csv", "section": "indice_generale", "civic_num": null, "civic_lett": null, "sestiere_parsed": null, "parish_parsed": null, "sestiere_implied": "False", "match_note": "Recovered from Category, geocoded via Nominatim: Cannaregio 461, Venezia, Italia", "location_cleaned": null, "fail_reason": "no_civic_number", "nom_classification": "inside_venice", "nominatim_query": null, "nominatim_flagged": "False", "matched_lat": 45.4438257, "matched_lon": 12.3270367, "match_confidence": "category_address_recovery", "geocoding_tier": "10", "Journal": null, "is_provincia": null, "matched_parish": null, "matched_sestiere": null, "matched_lett": null, "all_doors": null }, "geometry": { "type": "Point", "coordinates": [ 12.3270367, 45.4438257 ] } },
{ "type": "Feature", "properties": { "Name": "duse", "Address": "Via XXII Marzo, 2288", "Location": "VENEZIA", "Category": "Forniture", "Role": null, "Profession": null, "Additional Info": "complete MOBII.E e ACCESSORI per UFFICIO", "page_num": "456", "source_file": "page_456_semantic.csv", "section": "indice_generale", "civic_num": null, "civic_lett": null, "sestiere_parsed": null, "parish_parsed": null, "sestiere_implied": "False", "match_note": "Manually geocoded via Nominatim lookup: Via XXII Marzo, 2288", "location_cleaned": null, "fail_reason": "no_civic_number", "nom_classification": "inside_venice", "nominatim_query": null, "nominatim_flagged": "False", "matched_lat": 45.4328825, "matched_lon": 12.3341704, "match_confidence": "manual_nominatim", "geocoding_tier": "9", "Journal": null, "is_provincia": null, "matched_parish": null, "matched_sestiere": null, "matched_lett": null, "all_doors": null }, "geometry": { "type": "Point", "coordinates": [ 12.3341704, 45.4328825 ] } },
{ "type": "Feature", "properties": { "Name": "SIGEA Caterina", "Address": "Via XXII Marzo, 2288", "Location": "tipografia", "Category": "manifatture", "Role": null, "Profession": null, "Additional Info": "Murano", "page_num": "457", "source_file": "page_457_semantic.csv", "section": "indice_generale", "civic_num": null, "civic_lett": null, "sestiere_parsed": null, "parish_parsed": null, "sestiere_implied": "False", "match_note": "Manually geocoded via Nominatim lookup: Via XXII Marzo, 2288", "location_cleaned": null, "fail_reason": "no_civic_number", "nom_classification": "inside_venice", "nominatim_query": null, "nominatim_flagged": "False", "matched_lat": 45.4328825, "matched_lon": 12.3341704, "match_confidence": "manual_nominatim", "geocoding_tier": "9", "Journal": null, "is_provincia": null, "matched_parish": null, "matched_sestiere": null, "matched_lett": null, "all_doors": null }, "geometry": { "type": "Point", "coordinates": [ 12.3341704, 45.4328825 ] } },
{ "type": "Feature", "properties": { "Name": "Sommapeof. Giovanni", "Address": "Campo S. Stefano", "Location": "S. Salvador", "Category": "Stabilimento Marghera", "Role": "TELVE E", "Profession": "Consigliere", "Additional Info": "Telephone: 11-89, OFFICINA RIPARAZIONI VENETIA", "page_num": "466", "source_file": "page_466_semantic.csv", "section": "indice_generale", "civic_num": null, "civic_lett": null, "sestiere_parsed": null, "parish_parsed": "Santo Stefano", "sestiere_implied": "False", "match_note": "Manually geocoded via Nominatim lookup: Campo S. Stefano", "location_cleaned": null, "fail_reason": "no_civic_number", "nom_classification": "inside_venice", "nominatim_query": "Campo San Stefano, Venezia, Italy", "nominatim_flagged": "False", "matched_lat": 45.4328097, "matched_lon": 12.3300846, "match_confidence": "manual_nominatim", "geocoding_tier": "9", "Journal": null, "is_provincia": null, "matched_parish": null, "matched_sestiere": null, "matched_lett": null, "all_doors": null }, "geometry": { "type": "Point", "coordinates": [ 12.3300846, 45.4328097 ] } },
{ "type": "Feature", "properties": { "Name": "Sommavilla Gio uè", "Address": "Campo S. Stefano", "Location": "Castello", "Category": "numero 4514", "Role": null, "Profession": "Società MARE", "Additional Info": "caffè (esercizi)", "page_num": "466", "source_file": "page_466_semantic.csv", "section": "indice_generale", "civic_num": null, "civic_lett": null, "sestiere_parsed": "CASTELLO", "parish_parsed": "Santo Stefano", "sestiere_implied": "False", "match_note": "Manually geocoded via Nominatim lookup: Campo S. Stefano", "location_cleaned": null, "fail_reason": "no_civic_number", "nom_classification": "inside_venice", "nominatim_query": "Campo San Stefano, Castello, Venezia, Italy", "nominatim_flagged": "False", "matched_lat": 45.4328097, "matched_lon": 12.3300846, "match_confidence": "manual_nominatim", "geocoding_tier": "9", "Journal": null, "is_provincia": null, "matched_parish": null, "matched_sestiere": null, "matched_lett": null, "all_doors": null }, "geometry": { "type": "Point", "coordinates": [ 12.3300846, 45.4328097 ] } },
{ "type": "Feature", "properties": { "Name": "duso", "Address": "Via XXII Marzo, 2288", "Location": "Venezia", "Category": "SCHEDARI - MOBILI PER UFFICI - MACCHINE CONTABILI MACCHINE PER SCRIVERE DUPLICATORI - ACCESSORI", "Role": null, "Profession": null, "Additional Info": "Telefono 25-889", "page_num": "473", "source_file": "page_473_semantic.csv", "section": "indice_generale", "civic_num": null, "civic_lett": null, "sestiere_parsed": null, "parish_parsed": null, "sestiere_implied": "False", "match_note": "Manually geocoded via Nominatim lookup: Via XXII Marzo, 2288", "location_cleaned": "False", "fail_reason": "no_civic_number", "nom_classification": "inside_venice", "nominatim_query": "Via XXII Marzo, Venezia, Italy", "nominatim_flagged": "False", "matched_lat": 45.4328825, "matched_lon": 12.3341704, "match_confidence": "manual_nominatim", "geocoding_tier": "9", "Journal": null, "is_provincia": null, "matched_parish": null, "matched_sestiere": null, "matched_lett": null, "all_doors": null }, "geometry": { "type": "Point", "coordinates": [ 12.3341704, 45.4328825 ] } },
{ "type": "Feature", "properties": { "Name": "Zangari Giuseppe", "Address": "S. Filippo e Giacomo 4506", "Location": "duse", "Category": "Construction", "Role": null, "Profession": null, "Additional Info": "cralrature", "page_num": "484", "source_file": "page_484_semantic.csv", "section": "indice_generale", "civic_num": "4506.0", "civic_lett": null, "sestiere_parsed": "CASTELLO", "parish_parsed": "San Giacomo dell'Orio", "sestiere_implied": "False", "match_note": "Sestiere resolved from 'S. Filippo e Giacomo 4506' → CASTELLO. n_civ direct match.", "location_cleaned": null, "fail_reason": "number_not_in_reference", "nom_classification": "inside_venice", "nominatim_query": "Chiesa di San Filippo e Giacomo, Venezia, Italy", "nominatim_flagged": "False", "matched_lat": 45.435254547880263, "matched_lon": 12.341697143993906, "match_confidence": "nciv_direct_sestiere_patched", "geocoding_tier": "1b", "Journal": null, "is_provincia": null, "matched_parish": null, "matched_sestiere": null, "matched_lett": null, "all_doors": null }, "geometry": { "type": "Point", "coordinates": [ 12.341697143993906, 45.435254547880263 ] } }
]
}
