{
"type": "FeatureCollection",
"name": "nciv_check_matched",
"crs": { "type": "name", "properties": { "name": "urn:ogc:def:crs:OGC:1.3:CRS84" } },
"features": [
{ "type": "Feature", "properties": { "Name": "Ing. Gildo Sperati", "Address": "Cannaregio numero 6104", "Location": null, "Category": null, "Role": "Membro", "Profession": "CIMITERI COMUNALI", "Additional Info": ",", "page_num": 52, "source_file": "page_52_semantic.csv", "section": "government", "civic_num": 6104.0, "civic_lett": null, "sestiere_parsed": "CANNAREGIO", "parish_parsed": null, "sestiere_implied": false, "match_note": "Exact civic number match via direct sestiere join — recovered from nb05 parish boundary miss", "location_cleaned": "True", "fail_reason": "number_not_in_reference", "nom_classification": "inside_venice", "nominatim_query": null, "nominatim_flagged": false, "matched_lat": 45.43897493792538, "matched_lon": 12.340033116887838, "match_confidence": "nciv_direct_exact", "geocoding_tier": "1b" }, "geometry": { "type": "Point", "coordinates": [ 12.340033116887838, 45.43897493792538 ] } },
{ "type": "Feature", "properties": { "Name": "Sig. Giuseppe Vallara", "Address": "Cannaregio numero 6104", "Location": null, "Category": null, "Role": "Membro", "Profession": "presso Camera del Lavoro", "Additional Info": ",", "page_num": 52, "source_file": "page_52_semantic.csv", "section": "government", "civic_num": 6104.0, "civic_lett": null, "sestiere_parsed": "CANNAREGIO", "parish_parsed": null, "sestiere_implied": false, "match_note": "Exact civic number match via direct sestiere join — recovered from nb05 parish boundary miss", "location_cleaned": "True", "fail_reason": "number_not_in_reference", "nom_classification": "inside_venice", "nominatim_query": null, "nominatim_flagged": false, "matched_lat": 45.43897493792538, "matched_lon": 12.340033116887838, "match_confidence": "nciv_direct_exact", "geocoding_tier": "1b" }, "geometry": { "type": "Point", "coordinates": [ 12.340033116887838, 45.43897493792538 ] } },
{ "type": "Feature", "properties": { "Name": "Cap. Edmondo Doria", "Address": "Viale 4 Novembre 91", "Location": "S. Elena", "Category": null, "Role": "Membro", "Profession": "CIMITERI COMUNALI", "Additional Info": ",", "page_num": 52, "source_file": "page_52_semantic.csv", "section": "government", "civic_num": 91.0, "civic_lett": null, "sestiere_parsed": "CASTELLO", "parish_parsed": null, "sestiere_implied": false, "match_note": "Exact civic number match via direct sestiere join — recovered from nb05 parish boundary miss", "location_cleaned": "False", "fail_reason": "number_not_in_reference", "nom_classification": "inside_venice", "nominatim_query": null, "nominatim_flagged": false, "matched_lat": 45.425801122235882, "matched_lon": 12.362978429726139, "match_confidence": "nciv_direct_exact", "geocoding_tier": "1b" }, "geometry": { "type": "Point", "coordinates": [ 12.362978429726139, 45.425801122235882 ] } },
{ "type": "Feature", "properties": { "Name": "Borri cav. Emilio", "Address": " Campo dei Carmini 2613", "Location": "Venezia", "Category": null, "Role": "Segretario, Direzione", "Profession": "FERROVIE DELLO STATO", "Additional Info": null, "page_num": 61, "source_file": "page_61_semantic.csv", "section": "government", "civic_num": null, "civic_lett": null, "sestiere_parsed": null, "parish_parsed": null, "sestiere_implied": false, "match_note": "Recovered from Role/Profession, geocoded via Nominatim:  Campo dei Carmini 2613, Venezia, Italia", "location_cleaned": null, "fail_reason": "no_civic_number", "nom_classification": "inside_venice", "nominatim_query": null, "nominatim_flagged": false, "matched_lat": 45.4337699, "matched_lon": 12.3220079, "match_confidence": "role_profession_address_recovery", "geocoding_tier": "10" }, "geometry": { "type": "Point", "coordinates": [ 12.3220079, 45.4337699 ] } },
{ "type": "Feature", "properties": { "Name": "Manzini dr. Federico", "Address": "Castello n. 2845 - A.", "Location": null, "Category": null, "Role": "Federazione delle Federazioni Sportive", "Profession": "Fid. Prov.", "Additional Info": ",", "page_num": 99, "source_file": "page_99_semantic.csv", "section": "other", "civic_num": 2845.0, "civic_lett": "A", "sestiere_parsed": "CASTELLO", "parish_parsed": null, "sestiere_implied": false, "match_note": "Exact civic number match via direct sestiere join — recovered from nb05 parish boundary miss", "location_cleaned": null, "fail_reason": "number_not_in_reference", "nom_classification": "inside_venice", "nominatim_query": null, "nominatim_flagged": false, "matched_lat": 45.437708335929813, "matched_lon": 12.346299530411876, "match_confidence": "nciv_direct_exact", "geocoding_tier": "1b" }, "geometry": { "type": "Point", "coordinates": [ 12.346299530411876, 45.437708335929813 ] } },
{ "type": "Feature", "properties": { "Name": "Baggi Edmondo", "Address": "Castello 2137", "Location": null, "Category": null, "Role": null, "Profession": "PROFESSIONISTI E ARTISTI", "Additional Info": "Architetto", "page_num": 108, "source_file": "page_108_semantic.csv", "section": "professionisti", "civic_num": 2137.0, "civic_lett": null, "sestiere_parsed": "CASTELLO", "parish_parsed": null, "sestiere_implied": false, "match_note": "Exact civic number match via direct sestiere join — recovered from nb05 parish boundary miss", "location_cleaned": null, "fail_reason": "number_not_in_reference", "nom_classification": "inside_venice", "nominatim_query": null, "nominatim_flagged": false, "matched_lat": 45.43240099266405, "matched_lon": 12.350214024783751, "match_confidence": "nciv_direct_exact", "geocoding_tier": "1b" }, "geometry": { "type": "Point", "coordinates": [ 12.350214024783751, 45.43240099266405 ] } },
{ "type": "Feature", "properties": { "Name": "Magrini Alberto", "Address": "Cannaregio 6383", "Location": null, "Category": null, "Role": null, "Profession": "PROFESSIONISTI E ARTISTI", "Additional Info": "Architetto", "page_num": 108, "source_file": "page_108_semantic.csv", "section": "professionisti", "civic_num": 6383.0, "civic_lett": null, "sestiere_parsed": "CANNAREGIO", "parish_parsed": null, "sestiere_implied": false, "match_note": "Exact civic number match via direct sestiere join — recovered from nb05 parish boundary miss", "location_cleaned": null, "fail_reason": "number_not_in_reference", "nom_classification": "inside_venice", "nominatim_query": null, "nominatim_flagged": false, "matched_lat": 45.43964279850276, "matched_lon": 12.340587119647962, "match_confidence": "nciv_direct_exact", "geocoding_tier": "1b" }, "geometry": { "type": "Point", "coordinates": [ 12.340587119647962, 45.43964279850276 ] } },
{ "type": "Feature", "properties": { "Name": "Venturini Bruno", "Address": "S. Polo 1630", "Location": null, "Category": null, "Role": null, "Profession": "PROFESSIONISTI E ARTISTI", "Additional Info": "Architetto", "page_num": 108, "source_file": "page_108_semantic.csv", "section": "professionisti", "civic_num": 1630.0, "civic_lett": null, "sestiere_parsed": "SAN POLO", "parish_parsed": null, "sestiere_implied": false, "match_note": "Exact civic number match via direct sestiere join — recovered from nb05 parish boundary miss", "location_cleaned": null, "fail_reason": "number_not_in_reference", "nom_classification": "inside_venice", "nominatim_query": null, "nominatim_flagged": false, "matched_lat": 45.440139545470494, "matched_lon": 12.333170657330156, "match_confidence": "nciv_direct_exact", "geocoding_tier": "1b" }, "geometry": { "type": "Point", "coordinates": [ 12.333170657330156, 45.440139545470494 ] } },
{ "type": "Feature", "properties": { "Name": "De Giusti Cornelio", "Address": "S. Elena Camp. Tigrai 20", "Location": null, "Category": null, "Role": null, "Profession": "pittore", "Additional Info": null, "page_num": 109, "source_file": "page_109_semantic.csv", "section": "professionisti", "civic_num": 20.0, "civic_lett": null, "sestiere_parsed": "CASTELLO", "parish_parsed": null, "sestiere_implied": false, "match_note": "Exact civic number match via direct sestiere join — recovered from nb05 parish boundary miss", "location_cleaned": null, "fail_reason": "number_not_in_reference", "nom_classification": "inside_venice", "nominatim_query": "Campo Tigrai, S. Elena, Venezia, Italy", "nominatim_flagged": false, "matched_lat": 45.427357193119043, "matched_lon": 12.361338141446804, "match_confidence": "nciv_direct_exact", "geocoding_tier": "1b" }, "geometry": { "type": "Point", "coordinates": [ 12.361338141446804, 45.427357193119043 ] } },
{ "type": "Feature", "properties": { "Name": "Manarin Guido", "Address": "D. Duro 3535", "Location": null, "Category": null, "Role": null, "Profession": "pittore", "Additional Info": null, "page_num": 109, "source_file": "page_109_semantic.csv", "section": "professionisti", "civic_num": 3535.0, "civic_lett": null, "sestiere_parsed": "DORSODURO", "parish_parsed": null, "sestiere_implied": false, "match_note": "Exact civic number match via direct sestiere join — recovered from nb05 parish boundary miss", "location_cleaned": null, "fail_reason": "number_not_in_reference", "nom_classification": "inside_venice", "nominatim_query": null, "nominatim_flagged": false, "matched_lat": 45.436828584177022, "matched_lon": 12.321593579241702, "match_confidence": "nciv_direct_exact", "geocoding_tier": "1b" }, "geometry": { "type": "Point", "coordinates": [ 12.321593579241702, 45.436828584177022 ] } },
{ "type": "Feature", "properties": { "Name": "Martinucci Napoleone", "Address": "Cann. 6296-B", "Location": null, "Category": null, "Role": null, "Profession": "scultore", "Additional Info": null, "page_num": 109, "source_file": "page_109_semantic.csv", "section": "professionisti", "civic_num": 6296.0, "civic_lett": "B", "sestiere_parsed": "CANNAREGIO", "parish_parsed": null, "sestiere_implied": false, "match_note": "Exact civic number match via direct sestiere join — recovered from nb05 parish boundary miss", "location_cleaned": null, "fail_reason": "number_not_in_reference", "nom_classification": "inside_venice", "nominatim_query": null, "nominatim_flagged": false, "matched_lat": 45.441815173517277, "matched_lon": 12.342193521370923, "match_confidence": "nciv_direct_exact", "geocoding_tier": "1b" }, "geometry": { "type": "Point", "coordinates": [ 12.342193521370923, 45.441815173517277 ] } },
{ "type": "Feature", "properties": { "Name": "Arnoldi Eustachio", "Address": "S. Elena, via 4 Nov. n. 3, int. 32", "Location": null, "Category": null, "Role": null, "Profession": null, "Additional Info": ",", "page_num": 110, "source_file": "page_110_semantic.csv", "section": "professionisti", "civic_num": 32.0, "civic_lett": null, "sestiere_parsed": "CASTELLO", "parish_parsed": null, "sestiere_implied": false, "match_note": "Exact civic number match via direct sestiere join — recovered from nb05 parish boundary miss", "location_cleaned": null, "fail_reason": "number_not_in_reference", "nom_classification": "inside_venice", "nominatim_query": "Sestiere Sant'Elena, Venezia, Italy", "nominatim_flagged": false, "matched_lat": 45.427249666621009, "matched_lon": 12.360300001515039, "match_confidence": "nciv_direct_exact", "geocoding_tier": "1b" }, "geometry": { "type": "Point", "coordinates": [ 12.360300001515039, 45.427249666621009 ] } },
{ "type": "Feature", "properties": { "Name": "Zecchin Aldo", "Address": "Castello 2879 A", "Location": null, "Category": null, "Role": null, "Profession": "Attuari", "Additional Info": ",", "page_num": 112, "source_file": "page_112_semantic.csv", "section": "professionisti", "civic_num": 2879.0, "civic_lett": "A", "sestiere_parsed": "CASTELLO", "parish_parsed": null, "sestiere_implied": false, "match_note": "Exact civic number match via direct sestiere join — recovered from nb05 parish boundary miss", "location_cleaned": "True", "fail_reason": "number_not_in_reference", "nom_classification": "inside_venice", "nominatim_query": null, "nominatim_flagged": false, "matched_lat": 45.436983900898198, "matched_lon": 12.346536311523476, "match_confidence": "nciv_direct_exact", "geocoding_tier": "1b" }, "geometry": { "type": "Point", "coordinates": [ 12.346536311523476, 45.436983900898198 ] } },
{ "type": "Feature", "properties": { "Name": "Bugno Andrea", "Address": "S. Elena, Calle Gornia 14", "Location": null, "Category": null, "Role": null, "Profession": "Farmacista", "Additional Info": ",", "page_num": 113, "source_file": "page_113_semantic.csv", "section": "professionisti", "civic_num": 14.0, "civic_lett": null, "sestiere_parsed": "CASTELLO", "parish_parsed": null, "sestiere_implied": false, "match_note": "Exact civic number match via direct sestiere join — recovered from nb05 parish boundary miss", "location_cleaned": "True", "fail_reason": "number_not_in_reference", "nom_classification": "inside_venice", "nominatim_query": "Sant'Elena, Venezia, Italy", "nominatim_flagged": false, "matched_lat": 45.427784041185035, "matched_lon": 12.361250658307537, "match_confidence": "nciv_direct_exact", "geocoding_tier": "1b" }, "geometry": { "type": "Point", "coordinates": [ 12.361250658307537, 45.427784041185035 ] } },
{ "type": "Feature", "properties": { "Name": "Dodi Giorgio", "Address": "Cann. 6386", "Location": null, "Category": null, "Role": null, "Profession": "Farmacista", "Additional Info": ",", "page_num": 113, "source_file": "page_113_semantic.csv", "section": "professionisti", "civic_num": 6386.0, "civic_lett": null, "sestiere_parsed": "CANNAREGIO", "parish_parsed": null, "sestiere_implied": false, "match_note": "Exact civic number match via direct sestiere join — recovered from nb05 parish boundary miss", "location_cleaned": "True", "fail_reason": "number_not_in_reference", "nom_classification": "inside_venice", "nominatim_query": null, "nominatim_flagged": false, "matched_lat": 45.439425048518309, "matched_lon": 12.34068804982236, "match_confidence": "nciv_direct_exact", "geocoding_tier": "1b" }, "geometry": { "type": "Point", "coordinates": [ 12.34068804982236, 45.439425048518309 ] } },
{ "type": "Feature", "properties": { "Name": "Gottardi Francesco", "Address": "Cann. 6270", "Location": null, "Category": null, "Role": null, "Profession": "Farmacista", "Additional Info": ",", "page_num": 113, "source_file": "page_113_semantic.csv", "section": "professionisti", "civic_num": 6270.0, "civic_lett": null, "sestiere_parsed": "CANNAREGIO", "parish_parsed": null, "sestiere_implied": false, "match_note": "Exact civic number match via direct sestiere join — recovered from nb05 parish boundary miss", "location_cleaned": "True", "fail_reason": "number_not_in_reference", "nom_classification": "inside_venice", "nominatim_query": null, "nominatim_flagged": false, "matched_lat": 45.441702510307266, "matched_lon": 12.341864776537562, "match_confidence": "nciv_direct_exact", "geocoding_tier": "1b" }, "geometry": { "type": "Point", "coordinates": [ 12.341864776537562, 45.441702510307266 ] } },
{ "type": "Feature", "properties": { "Name": "Gottardi Fiolon Ido", "Address": "Cann. 6270", "Location": null, "Category": null, "Role": null, "Profession": "Farmacista", "Additional Info": ",", "page_num": 113, "source_file": "page_113_semantic.csv", "section": "professionisti", "civic_num": 6270.0, "civic_lett": null, "sestiere_parsed": "CANNAREGIO", "parish_parsed": null, "sestiere_implied": false, "match_note": "Exact civic number match via direct sestiere join — recovered from nb05 parish boundary miss", "location_cleaned": "True", "fail_reason": "number_not_in_reference", "nom_classification": "inside_venice", "nominatim_query": null, "nominatim_flagged": false, "matched_lat": 45.441702510307266, "matched_lon": 12.341864776537562, "match_confidence": "nciv_direct_exact", "geocoding_tier": "1b" }, "geometry": { "type": "Point", "coordinates": [ 12.341864776537562, 45.441702510307266 ] } },
{ "type": "Feature", "properties": { "Name": "Rambelli Luigia", "Address": "S. Elena 10", "Location": null, "Category": null, "Role": null, "Profession": "Farmacista", "Additional Info": ",", "page_num": 113, "source_file": "page_113_semantic.csv", "section": "professionisti", "civic_num": 10.0, "civic_lett": null, "sestiere_parsed": "CASTELLO", "parish_parsed": null, "sestiere_implied": false, "match_note": "Exact civic number match via direct sestiere join — recovered from nb05 parish boundary miss", "location_cleaned": "True", "fail_reason": "number_not_in_reference", "nom_classification": "inside_venice", "nominatim_query": null, "nominatim_flagged": false, "matched_lat": 45.427697959790883, "matched_lon": 12.361674576366212, "match_confidence": "nciv_direct_exact", "geocoding_tier": "1b" }, "geometry": { "type": "Point", "coordinates": [ 12.361674576366212, 45.427697959790883 ] } },
{ "type": "Feature", "properties": { "Name": "Rea Giuseppe", "Address": "S. Elena 10", "Location": null, "Category": null, "Role": null, "Profession": "Farmacista", "Additional Info": "S. Francesco della Vigna", "page_num": 113, "source_file": "page_113_semantic.csv", "section": "professionisti", "civic_num": 10.0, "civic_lett": null, "sestiere_parsed": "CASTELLO", "parish_parsed": null, "sestiere_implied": false, "match_note": "Exact civic number match via direct sestiere join — recovered from nb05 parish boundary miss", "location_cleaned": "True", "fail_reason": "number_not_in_reference", "nom_classification": "inside_venice", "nominatim_query": null, "nominatim_flagged": false, "matched_lat": 45.427697959790883, "matched_lon": 12.361674576366212, "match_confidence": "nciv_direct_exact", "geocoding_tier": "1b" }, "geometry": { "type": "Point", "coordinates": [ 12.361674576366212, 45.427697959790883 ] } },
{ "type": "Feature", "properties": { "Name": "Rocchetto Marino", "Address": "S. Elena 10", "Location": null, "Category": null, "Role": null, "Profession": "Farmacista", "Additional Info": "S. Tomà, Palaz. Lucarello", "page_num": 113, "source_file": "page_113_semantic.csv", "section": "professionisti", "civic_num": 10.0, "civic_lett": null, "sestiere_parsed": "CASTELLO", "parish_parsed": null, "sestiere_implied": false, "match_note": "Exact civic number match via direct sestiere join — recovered from nb05 parish boundary miss", "location_cleaned": "True", "fail_reason": "number_not_in_reference", "nom_classification": "inside_venice", "nominatim_query": null, "nominatim_flagged": false, "matched_lat": 45.427697959790883, "matched_lon": 12.361674576366212, "match_confidence": "nciv_direct_exact", "geocoding_tier": "1b" }, "geometry": { "type": "Point", "coordinates": [ 12.361674576366212, 45.427697959790883 ] } },
{ "type": "Feature", "properties": { "Name": "Tongetti Carlo", "Address": "San Polo 1726", "Location": null, "Category": null, "Role": null, "Profession": "Farmacista", "Additional Info": ",", "page_num": 113, "source_file": "page_113_semantic.csv", "section": "professionisti", "civic_num": 1726.0, "civic_lett": null, "sestiere_parsed": "SAN POLO", "parish_parsed": null, "sestiere_implied": false, "match_note": "Exact civic number match via direct sestiere join — recovered from nb05 parish boundary miss", "location_cleaned": "True", "fail_reason": "number_not_in_reference", "nom_classification": "inside_venice", "nominatim_query": null, "nominatim_flagged": false, "matched_lat": 45.439473318290176, "matched_lon": 12.332303989867436, "match_confidence": "nciv_direct_exact", "geocoding_tier": "1b" }, "geometry": { "type": "Point", "coordinates": [ 12.332303989867436, 45.439473318290176 ] } },
{ "type": "Feature", "properties": { "Name": "Tomolani Giovanni", "Address": "San Polo 1726", "Location": "S. Elena", "Category": null, "Role": null, "Profession": "Farmacista", "Additional Info": "Calle Buceari", "page_num": 113, "source_file": "page_113_semantic.csv", "section": "professionisti", "civic_num": 1726.0, "civic_lett": null, "sestiere_parsed": "SAN POLO", "parish_parsed": null, "sestiere_implied": false, "match_note": "Exact civic number match via direct sestiere join — recovered from nb05 parish boundary miss", "location_cleaned": "False", "fail_reason": "number_not_in_reference", "nom_classification": "inside_venice", "nominatim_query": null, "nominatim_flagged": false, "matched_lat": 45.439473318290176, "matched_lon": 12.332303989867436, "match_confidence": "nciv_direct_exact", "geocoding_tier": "1b" }, "geometry": { "type": "Point", "coordinates": [ 12.332303989867436, 45.439473318290176 ] } },
{ "type": "Feature", "properties": { "Name": "Golfetto Italo", "Address": "2720", "Location": "Castello", "Category": null, "Role": null, "Profession": "Farmacisti", "Additional Info": ",", "page_num": 115, "source_file": "page_115_semantic.csv", "section": "professionisti", "civic_num": 2720.0, "civic_lett": null, "sestiere_parsed": "CASTELLO", "parish_parsed": null, "sestiere_implied": false, "match_note": "Exact civic number match via direct sestiere join — recovered from nb05 parish boundary miss", "location_cleaned": "False", "fail_reason": "number_not_in_reference", "nom_classification": "inside_venice", "nominatim_query": "Castello, Venezia, Italy", "nominatim_flagged": false, "matched_lat": 45.437554208904587, "matched_lon": 12.34894320544875, "match_confidence": "nciv_direct_exact", "geocoding_tier": "1b" }, "geometry": { "type": "Point", "coordinates": [ 12.34894320544875, 45.437554208904587 ] } },
{ "type": "Feature", "properties": { "Name": "Zanni Ferdinando", "Address": "Cannaregio 2977", "Location": null, "Category": null, "Role": null, "Profession": "Farmacisti", "Additional Info": ",", "page_num": 116, "source_file": "page_116_semantic.csv", "section": "professionisti", "civic_num": 2977.0, "civic_lett": null, "sestiere_parsed": "CANNAREGIO", "parish_parsed": null, "sestiere_implied": false, "match_note": "Exact civic number match via direct sestiere join — recovered from nb05 parish boundary miss", "location_cleaned": "False", "fail_reason": "number_not_in_reference", "nom_classification": "inside_venice", "nominatim_query": "Cannaregio, Venezia, Italy", "nominatim_flagged": false, "matched_lat": 45.447415836318015, "matched_lon": 12.320616641521704, "match_confidence": "nciv_direct_exact", "geocoding_tier": "1b" }, "geometry": { "type": "Point", "coordinates": [ 12.320616641521704, 45.447415836318015 ] } },
{ "type": "Feature", "properties": { "Name": "Albini Aldo", "Address": "Cannaregio 6131", "Location": null, "Category": null, "Role": null, "Profession": "Ingegneri", "Additional Info": ",", "page_num": 116, "source_file": "page_116_semantic.csv", "section": "professionisti", "civic_num": 6131.0, "civic_lett": null, "sestiere_parsed": "CANNAREGIO", "parish_parsed": null, "sestiere_implied": false, "match_note": "Exact civic number match via direct sestiere join — recovered from nb05 parish boundary miss", "location_cleaned": "False", "fail_reason": "number_not_in_reference", "nom_classification": "inside_venice", "nominatim_query": "Cannaregio, Venezia, Italy", "nominatim_flagged": false, "matched_lat": 45.439496665766931, "matched_lon": 12.340292601040264, "match_confidence": "nciv_direct_exact", "geocoding_tier": "1b" }, "geometry": { "type": "Point", "coordinates": [ 12.340292601040264, 45.439496665766931 ] } },
{ "type": "Feature", "properties": { "Name": "Bo Giuseppe", "Address": "Cannaregio 6322", "Location": null, "Category": null, "Role": null, "Profession": "Ingegneri", "Additional Info": ",", "page_num": 116, "source_file": "page_116_semantic.csv", "section": "professionisti", "civic_num": 6322.0, "civic_lett": null, "sestiere_parsed": "CANNAREGIO", "parish_parsed": null, "sestiere_implied": false, "match_note": "Exact civic number match via direct sestiere join — recovered from nb05 parish boundary miss", "location_cleaned": "False", "fail_reason": "number_not_in_reference", "nom_classification": "inside_venice", "nominatim_query": null, "nominatim_flagged": false, "matched_lat": 45.440734289956531, "matched_lon": 12.341470354201777, "match_confidence": "nciv_direct_exact", "geocoding_tier": "1b" }, "geometry": { "type": "Point", "coordinates": [ 12.341470354201777, 45.440734289956531 ] } },
{ "type": "Feature", "properties": { "Name": "Marassi Giov.", "Address": "Cast. 2839", "Location": null, "Category": null, "Role": null, "Profession": "Medicina generale", "Additional Info": "VETRITAL S. A.", "page_num": 119, "source_file": "page_119_semantic.csv", "section": "professionisti", "civic_num": 2839.0, "civic_lett": null, "sestiere_parsed": "CASTELLO", "parish_parsed": null, "sestiere_implied": false, "match_note": "Exact civic number match via direct sestiere join — recovered from nb05 parish boundary miss", "location_cleaned": "True", "fail_reason": "number_not_in_reference", "nom_classification": "inside_venice", "nominatim_query": null, "nominatim_flagged": false, "matched_lat": 45.438016095620014, "matched_lon": 12.346337967610522, "match_confidence": "nciv_direct_exact", "geocoding_tier": "1b" }, "geometry": { "type": "Point", "coordinates": [ 12.346337967610522, 45.438016095620014 ] } },
{ "type": "Feature", "properties": { "Name": "Sartoritelli Guido", "Address": "Santa Croce 101", "Location": null, "Category": null, "Role": null, "Profession": "Medicina generale", "Additional Info": "VETRITAL S. A.", "page_num": 119, "source_file": "page_119_semantic.csv", "section": "professionisti", "civic_num": 101.0, "civic_lett": null, "sestiere_parsed": "SANTA CROCE", "parish_parsed": null, "sestiere_implied": false, "match_note": "Exact civic number match via direct sestiere join — recovered from nb05 parish boundary miss", "location_cleaned": "True", "fail_reason": "number_not_in_reference", "nom_classification": "inside_venice", "nominatim_query": null, "nominatim_flagged": false, "matched_lat": 45.43641346241229, "matched_lon": 12.323486257560967, "match_confidence": "nciv_direct_exact", "geocoding_tier": "1b" }, "geometry": { "type": "Point", "coordinates": [ 12.323486257560967, 45.43641346241229 ] } },
{ "type": "Feature", "properties": { "Name": "ISTITUTO DI CURA PER", "Address": "Santa Croce 101", "Location": null, "Category": null, "Role": null, "Profession": "Medicina generale", "Additional Info": "Sciatica Artriti Reumatismi, MESTRE Via Torre Belfredo 94, Tel. 51-166, Dott. RIGONI visits in Mestre every Tuesday and Friday (11 am - 4 pm); Daily treatments and medical assistance (Consultation free)", "page_num": 119, "source_file": "page_119_semantic.csv", "section": "professionisti", "civic_num": 101.0, "civic_lett": null, "sestiere_parsed": "SANTA CROCE", "parish_parsed": null, "sestiere_implied": false, "match_note": "Exact civic number match via direct sestiere join — recovered from nb05 parish boundary miss", "location_cleaned": "True", "fail_reason": "number_not_in_reference", "nom_classification": "inside_venice", "nominatim_query": null, "nominatim_flagged": false, "matched_lat": 45.43641346241229, "matched_lon": 12.323486257560967, "match_confidence": "nciv_direct_exact", "geocoding_tier": "1b" }, "geometry": { "type": "Point", "coordinates": [ 12.323486257560967, 45.43641346241229 ] } },
{ "type": "Feature", "properties": { "Name": "Vasa Giuseppe", "Address": "S. Elena 77", "Location": null, "Category": null, "Role": null, "Profession": "Medicina generale", "Additional Info": "VETRITAL S. A.", "page_num": 120, "source_file": "page_120_semantic.csv", "section": "professionisti", "civic_num": 77.0, "civic_lett": null, "sestiere_parsed": "CASTELLO", "parish_parsed": null, "sestiere_implied": false, "match_note": "Exact civic number match via direct sestiere join — recovered from nb05 parish boundary miss", "location_cleaned": "True", "fail_reason": "number_not_in_reference", "nom_classification": "inside_venice", "nominatim_query": "Sant'Elena, Venezia, Italy", "nominatim_flagged": false, "matched_lat": 45.425971749135101, "matched_lon": 12.362526330350574, "match_confidence": "nciv_direct_exact", "geocoding_tier": "1b" }, "geometry": { "type": "Point", "coordinates": [ 12.362526330350574, 45.425971749135101 ] } },
{ "type": "Feature", "properties": { "Name": "Bagatin Maria Tina", "Address": "Castello 2822", "Location": null, "Category": null, "Role": null, "Profession": "Concessionario esclusivo: Rag. Cleto Rossini", "Additional Info": ",", "page_num": 123, "source_file": "page_123_semantic.csv", "section": "professionisti", "civic_num": 2822.0, "civic_lett": null, "sestiere_parsed": "CASTELLO", "parish_parsed": null, "sestiere_implied": false, "match_note": "Exact civic number match via direct sestiere join — recovered from nb05 parish boundary miss", "location_cleaned": "False", "fail_reason": "number_not_in_reference", "nom_classification": "inside_venice", "nominatim_query": null, "nominatim_flagged": false, "matched_lat": 45.438359112086722, "matched_lon": 12.346409333559766, "match_confidence": "nciv_direct_exact", "geocoding_tier": "1b" }, "geometry": { "type": "Point", "coordinates": [ 12.346409333559766, 45.438359112086722 ] } },
{ "type": "Feature", "properties": { "Name": "Bollato Gina", "Address": "S. Croce 118", "Location": null, "Category": null, "Role": null, "Profession": "Concessionario esclusivo: Rag. Cleto Rossini", "Additional Info": ",", "page_num": 123, "source_file": "page_123_semantic.csv", "section": "professionisti", "civic_num": 118.0, "civic_lett": null, "sestiere_parsed": "SANTA CROCE", "parish_parsed": null, "sestiere_implied": false, "match_note": "Exact civic number match via direct sestiere join — recovered from nb05 parish boundary miss", "location_cleaned": "False", "fail_reason": "number_not_in_reference", "nom_classification": "inside_venice", "nominatim_query": null, "nominatim_flagged": false, "matched_lat": 45.436963984073067, "matched_lon": 12.323286266129609, "match_confidence": "nciv_direct_exact", "geocoding_tier": "1b" }, "geometry": { "type": "Point", "coordinates": [ 12.323286266129609, 45.436963984073067 ] } },
{ "type": "Feature", "properties": { "Name": "Vio Jolanda", "Address": "S. Polo 1924", "Location": null, "Category": null, "Role": null, "Profession": "Concessionario esclusivo: Rag. Cleto Rossini", "Additional Info": ",", "page_num": 124, "source_file": "page_124_semantic.csv", "section": "professionisti", "civic_num": 1924.0, "civic_lett": null, "sestiere_parsed": "SAN POLO", "parish_parsed": null, "sestiere_implied": false, "match_note": "Exact civic number match via direct sestiere join — recovered from nb05 parish boundary miss", "location_cleaned": "False", "fail_reason": "number_not_in_reference", "nom_classification": "inside_venice", "nominatim_query": null, "nominatim_flagged": false, "matched_lat": 45.438739413815824, "matched_lon": 12.33121437777972, "match_confidence": "nciv_direct_exact", "geocoding_tier": "1b" }, "geometry": { "type": "Point", "coordinates": [ 12.33121437777972, 45.438739413815824 ] } },
{ "type": "Feature", "properties": { "Name": "Doria cap. Edmundo", "Address": "Via a novembre, 91", "Location": "S. Elena", "Category": null, "Role": null, "Profession": "Category: Attività Marittime ed Aeree", "Additional Info": "sudd. 1,  2,  4,  5", "page_num": 127, "source_file": "page_127_semantic.csv", "section": "professionisti", "civic_num": 91.0, "civic_lett": null, "sestiere_parsed": "CASTELLO", "parish_parsed": null, "sestiere_implied": false, "match_note": "Exact civic number match via direct sestiere join — recovered from nb05 parish boundary miss", "location_cleaned": null, "fail_reason": "number_not_in_reference", "nom_classification": "inside_venice", "nominatim_query": "Via a Novembre, S. Elena, Venezia, Italy", "nominatim_flagged": false, "matched_lat": 45.425801122235882, "matched_lon": 12.362978429726139, "match_confidence": "nciv_direct_exact", "geocoding_tier": "1b" }, "geometry": { "type": "Point", "coordinates": [ 12.362978429726139, 45.425801122235882 ] } },
{ "type": "Feature", "properties": { "Name": "Soc. Adriatica Medicinali S.A.M. di Caron e Perdibon", "Address": "Cannaregio 6125", "Location": "Acque minerali", "Category": "Acque minerali", "Role": null, "Profession": null, "Additional Info": "Fabbricazione bibite CHABESO,  Limonate ed Affini", "page_num": 134, "source_file": "page_134_semantic.csv", "section": "industria", "civic_num": 6125.0, "civic_lett": null, "sestiere_parsed": "CANNAREGIO", "parish_parsed": null, "sestiere_implied": false, "match_note": "Exact civic number match via direct sestiere join — recovered from nb05 parish boundary miss", "location_cleaned": null, "fail_reason": "number_not_in_reference", "nom_classification": "inside_venice", "nominatim_query": null, "nominatim_flagged": false, "matched_lat": 45.439307641273359, "matched_lon": 12.340393587239998, "match_confidence": "nciv_direct_exact", "geocoding_tier": "1b" }, "geometry": { "type": "Point", "coordinates": [ 12.340393587239998, 45.439307641273359 ] } },
{ "type": "Feature", "properties": { "Name": "Faroni Ant.", "Address": " Cannaregio 3051", "Location": " Burro e Conserve", "Category": null, "Role": null, "Profession": null, "Additional Info": "Formaggio", "page_num": 140, "source_file": "page_140_semantic.csv", "section": "industria", "civic_num": null, "civic_lett": null, "sestiere_parsed": null, "parish_parsed": null, "sestiere_implied": false, "match_note": "Recovered from Category, geocoded via Nominatim:  Cannaregio 3051, Venezia, Italia", "location_cleaned": "False", "fail_reason": "no_civic_number", "nom_classification": "inside_venice", "nominatim_query": null, "nominatim_flagged": false, "matched_lat": 45.4438257, "matched_lon": 12.3270367, "match_confidence": "category_address_recovery", "geocoding_tier": "10" }, "geometry": { "type": "Point", "coordinates": [ 12.3270367, 45.4438257 ] } },
{ "type": "Feature", "properties": { "Name": "Bottacin Lierno (cutta)", "Address": "S. Polo, 1719", "Location": "Via Palazzo", "Category": null, "Role": null, "Profession": null, "Additional Info": "Pensioni e Locande,", "page_num": 146, "source_file": "page_146_semantic.csv", "section": "industria", "civic_num": 1719.0, "civic_lett": null, "sestiere_parsed": "SAN POLO", "parish_parsed": null, "sestiere_implied": false, "match_note": "Exact civic number match via direct sestiere join — recovered from nb05 parish boundary miss", "location_cleaned": "False", "fail_reason": "number_not_in_reference", "nom_classification": "inside_venice", "nominatim_query": null, "nominatim_flagged": false, "matched_lat": 45.439370559951989, "matched_lon": 12.3325675494973, "match_confidence": "nciv_direct_exact", "geocoding_tier": "1b" }, "geometry": { "type": "Point", "coordinates": [ 12.3325675494973, 45.439370559951989 ] } },
{ "type": "Feature", "properties": { "Name": "Battistella Gemma", "Address": "Cannaregio 6370", "Location": "Location", "Category": "Category", "Role": null, "Profession": null, "Additional Info": "Additional Info", "page_num": 162, "source_file": "page_162_semantic.csv", "section": "industria", "civic_num": 6370.0, "civic_lett": null, "sestiere_parsed": "CANNAREGIO", "parish_parsed": null, "sestiere_implied": false, "match_note": "Exact civic number match via direct sestiere join — recovered from nb05 parish boundary miss", "location_cleaned": "False", "fail_reason": "number_not_in_reference", "nom_classification": "inside_venice", "nominatim_query": null, "nominatim_flagged": false, "matched_lat": 45.439742308981145, "matched_lon": 12.340647811736456, "match_confidence": "nciv_direct_exact", "geocoding_tier": "1b" }, "geometry": { "type": "Point", "coordinates": [ 12.340647811736456, 45.439742308981145 ] } },
{ "type": "Feature", "properties": { "Name": "F.A.S., De Rossi e C.", "Address": "Castello 2143", "Location": "S. Polo", "Category": "Cantieri Navali", "Role": null, "Profession": null, "Additional Info": ",", "page_num": 167, "source_file": "page_167_semantic.csv", "section": "industria", "civic_num": 2143.0, "civic_lett": null, "sestiere_parsed": "CASTELLO", "parish_parsed": null, "sestiere_implied": false, "match_note": "Exact civic number match via direct sestiere join — recovered from nb05 parish boundary miss", "location_cleaned": "False", "fail_reason": "number_not_in_reference", "nom_classification": "inside_venice", "nominatim_query": null, "nominatim_flagged": false, "matched_lat": 45.432275079985175, "matched_lon": 12.350426919046688, "match_confidence": "nciv_direct_exact", "geocoding_tier": "1b" }, "geometry": { "type": "Point", "coordinates": [ 12.350426919046688, 45.432275079985175 ] } },
{ "type": "Feature", "properties": { "Name": "San Marco e ° di Del Zennaro Leone", "Address": " \"San Gerolamo. 2973\"", "Location": "Castello", "Category": "Cantiere Navale", "Role": null, "Profession": null, "Additional Info": ",", "page_num": 169, "source_file": "page_169_semantic.csv", "section": "industria", "civic_num": 2973.0, "civic_lett": null, "sestiere_parsed": "CASTELLO", "parish_parsed": null, "sestiere_implied": false, "match_note": "Exact civic number match via direct sestiere join — recovered from nb05 parish boundary miss", "location_cleaned": "False", "fail_reason": "number_not_in_reference", "nom_classification": "inside_venice", "nominatim_query": null, "nominatim_flagged": false, "matched_lat": 45.437064425415642, "matched_lon": 12.347708518162509, "match_confidence": "nciv_direct_exact", "geocoding_tier": "1b" }, "geometry": { "type": "Point", "coordinates": [ 12.347708518162509, 45.437064425415642 ] } },
{ "type": "Feature", "properties": { "Name": "Di Sanzo Gino", "Address": "San Polo 1803", "Location": "San Polo", "Category": "Chincaglierie ed affini", "Role": null, "Profession": null, "Additional Info": "Cartotecnica,  Tipografia", "page_num": 183, "source_file": "page_183_semantic.csv", "section": "industria", "civic_num": 1803.0, "civic_lett": null, "sestiere_parsed": "SAN POLO", "parish_parsed": null, "sestiere_implied": false, "match_note": "Exact civic number match via direct sestiere join — recovered from nb05 parish boundary miss", "location_cleaned": "False", "fail_reason": "number_not_in_reference", "nom_classification": "inside_venice", "nominatim_query": null, "nominatim_flagged": false, "matched_lat": 45.440266317369442, "matched_lon": 12.33262107933812, "match_confidence": "nciv_direct_exact", "geocoding_tier": "1b" }, "geometry": { "type": "Point", "coordinates": [ 12.33262107933812, 45.440266317369442 ] } },
{ "type": "Feature", "properties": { "Name": "Volp Ltailo", "Address": "S. Polo 1836", "Location": "San Polo", "Category": "Chincaglierie ed affini", "Role": null, "Profession": null, "Additional Info": "Cartotecnica,  Tipografia", "page_num": 183, "source_file": "page_183_semantic.csv", "section": "industria", "civic_num": 1836.0, "civic_lett": null, "sestiere_parsed": "SAN POLO", "parish_parsed": null, "sestiere_implied": false, "match_note": "Exact civic number match via direct sestiere join — recovered from nb05 parish boundary miss", "location_cleaned": "False", "fail_reason": "number_not_in_reference", "nom_classification": "inside_venice", "nominatim_query": null, "nominatim_flagged": false, "matched_lat": 45.440085346008587, "matched_lon": 12.332364878217239, "match_confidence": "nciv_direct_exact", "geocoding_tier": "1b" }, "geometry": { "type": "Point", "coordinates": [ 12.332364878217239, 45.440085346008587 ] } },
{ "type": "Feature", "properties": { "Name": "Faddis G.", "Address": "Castello 3013", "Location": "Castello", "Category": "Elettricisti e Idraulici", "Role": null, "Profession": null, "Additional Info": ",", "page_num": 199, "source_file": "page_199_semantic.csv", "section": "industria", "civic_num": 3013.0, "civic_lett": null, "sestiere_parsed": "CASTELLO", "parish_parsed": null, "sestiere_implied": false, "match_note": "Exact civic number match via direct sestiere join — recovered from nb05 parish boundary miss", "location_cleaned": "False", "fail_reason": "number_not_in_reference", "nom_classification": "inside_venice", "nominatim_query": null, "nominatim_flagged": false, "matched_lat": 45.437303682013287, "matched_lon": 12.347942851565126, "match_confidence": "nciv_direct_exact", "geocoding_tier": "1b" }, "geometry": { "type": "Point", "coordinates": [ 12.347942851565126, 45.437303682013287 ] } },
{ "type": "Feature", "properties": { "Name": "Vernier Pietro di Finib", "Address": "Cannaregio 6301-a", "Location": "Cannaregio", "Category": "Elettricisti e Idraulici", "Role": null, "Profession": null, "Additional Info": ",", "page_num": 199, "source_file": "page_199_semantic.csv", "section": "industria", "civic_num": 6301.0, "civic_lett": "A", "sestiere_parsed": "CANNAREGIO", "parish_parsed": null, "sestiere_implied": false, "match_note": "Exact civic number match via direct sestiere join — recovered from nb05 parish boundary miss", "location_cleaned": "False", "fail_reason": "number_not_in_reference", "nom_classification": "inside_venice", "nominatim_query": null, "nominatim_flagged": false, "matched_lat": 45.44168256967658, "matched_lon": 12.342153688366157, "match_confidence": "nciv_direct_exact", "geocoding_tier": "1b" }, "geometry": { "type": "Point", "coordinates": [ 12.342153688366157, 45.44168256967658 ] } },
{ "type": "Feature", "properties": { "Name": "Vianello Marco fu Valentino", "Address": "Cannaregio 6301-A 3668", "Location": "Cannaregio", "Category": "Elettricisti e Idraulici", "Role": null, "Profession": null, "Additional Info": ",", "page_num": 199, "source_file": "page_199_semantic.csv", "section": "industria", "civic_num": 6301.0, "civic_lett": "A", "sestiere_parsed": "CANNAREGIO", "parish_parsed": null, "sestiere_implied": false, "match_note": "Exact civic number match via direct sestiere join — recovered from nb05 parish boundary miss", "location_cleaned": "False", "fail_reason": "number_not_in_reference", "nom_classification": "inside_venice", "nominatim_query": null, "nominatim_flagged": false, "matched_lat": 45.44168256967658, "matched_lon": 12.342153688366157, "match_confidence": "nciv_direct_exact", "geocoding_tier": "1b" }, "geometry": { "type": "Point", "coordinates": [ 12.342153688366157, 45.44168256967658 ] } },
{ "type": "Feature", "properties": { "Name": "Vio Giacomo fu Marco", "Address": "S. Polo 1594", "Location": "S. Polo", "Category": "Elettricisti e Idraulici", "Role": null, "Profession": null, "Additional Info": ",", "page_num": 199, "source_file": "page_199_semantic.csv", "section": "industria", "civic_num": 1594.0, "civic_lett": null, "sestiere_parsed": "SAN POLO", "parish_parsed": null, "sestiere_implied": false, "match_note": "Exact civic number match via direct sestiere join — recovered from nb05 parish boundary miss", "location_cleaned": "False", "fail_reason": "number_not_in_reference", "nom_classification": "inside_venice", "nominatim_query": null, "nominatim_flagged": false, "matched_lat": 45.439447648327366, "matched_lon": 12.332993355180079, "match_confidence": "nciv_direct_exact", "geocoding_tier": "1b" }, "geometry": { "type": "Point", "coordinates": [ 12.332993355180079, 45.439447648327366 ] } },
{ "type": "Feature", "properties": { "Name": "Superarco", "Address": "Cannaregio 4726", "Location": " V. B. di Vicentini dr. ing. Bruno", "Category": null, "Role": null, "Profession": null, "Additional Info": "Cannaregio, , | Elettrodi", "page_num": 199, "source_file": "page_199_semantic.csv", "section": "industria", "civic_num": null, "civic_lett": null, "sestiere_parsed": null, "parish_parsed": null, "sestiere_implied": false, "match_note": "Recovered from Category, geocoded via Nominatim: Cannaregio 4726, Venezia, Italia", "location_cleaned": "False", "fail_reason": "no_civic_number", "nom_classification": "inside_venice", "nominatim_query": null, "nominatim_flagged": false, "matched_lat": 45.4438257, "matched_lon": 12.3270367, "match_confidence": "category_address_recovery", "geocoding_tier": "10" }, "geometry": { "type": "Point", "coordinates": [ 12.3270367, 45.4438257 ] } },
{ "type": "Feature", "properties": { "Name": "Gandolfo Angela", "Address": "campo Vitt. Emanuele 17", "Location": "S. Elena", "Category": "Ferramenta e colori", "Role": null, "Profession": null, "Additional Info": "FALEGNAMERIE,", "page_num": 204, "source_file": "page_204_semantic.csv", "section": "industria", "civic_num": 17.0, "civic_lett": null, "sestiere_parsed": "CASTELLO", "parish_parsed": null, "sestiere_implied": false, "match_note": "Exact civic number match via direct sestiere join — recovered from nb05 parish boundary miss", "location_cleaned": "False", "fail_reason": "number_not_in_reference", "nom_classification": "inside_venice", "nominatim_query": "Campo Vittorio Emanuele, S. Elena, Venezia, Italy", "nominatim_flagged": false, "matched_lat": 45.428030006227338, "matched_lon": 12.361620663907594, "match_confidence": "nciv_direct_exact", "geocoding_tier": "1b" }, "geometry": { "type": "Point", "coordinates": [ 12.361620663907594, 45.428030006227338 ] } },
{ "type": "Feature", "properties": { "Name": "Rossi Lorenzo", "Address": "Castello 2721", "Location": "Pellestina", "Category": "COSTRUZIONI EDILI ED AFFINI", "Role": null, "Profession": null, "Additional Info": "Section: Murano", "page_num": 223, "source_file": "page_223_semantic.csv", "section": "industria", "civic_num": 2721.0, "civic_lett": null, "sestiere_parsed": "CASTELLO", "parish_parsed": null, "sestiere_implied": false, "match_note": "Exact civic number match via direct sestiere join — recovered from nb05 parish boundary miss", "location_cleaned": "False", "fail_reason": "number_not_in_reference", "nom_classification": "inside_venice", "nominatim_query": null, "nominatim_flagged": false, "matched_lat": 45.437510963945506, "matched_lon": 12.348976071080696, "match_confidence": "nciv_direct_exact", "geocoding_tier": "1b" }, "geometry": { "type": "Point", "coordinates": [ 12.348976071080696, 45.437510963945506 ] } },
{ "type": "Feature", "properties": { "Name": "Vianello Bartolomeo", "Address": "Cannaregio 6234 A", "Location": "Pellestina", "Category": "nepote", "Role": null, "Profession": null, "Additional Info": "Section: Murano", "page_num": 223, "source_file": "page_223_semantic.csv", "section": "industria", "civic_num": 6234.0, "civic_lett": "A", "sestiere_parsed": "CANNAREGIO", "parish_parsed": null, "sestiere_implied": false, "match_note": "Exact civic number match via direct sestiere join — recovered from nb05 parish boundary miss", "location_cleaned": "False", "fail_reason": "number_not_in_reference", "nom_classification": "inside_venice", "nominatim_query": null, "nominatim_flagged": false, "matched_lat": 45.440582993253912, "matched_lon": 12.341071897628996, "match_confidence": "nciv_direct_exact", "geocoding_tier": "1b" }, "geometry": { "type": "Point", "coordinates": [ 12.341071897628996, 45.440582993253912 ] } },
{ "type": "Feature", "properties": { "Name": "Libreria Universitaria di Mellomi Ruggero", "Address": "Dorsoduro 3529", "Location": "Dorsoduro", "Category": "Librerie", "Role": null, "Profession": null, "Additional Info": "commercio", "page_num": 235, "source_file": "page_235_semantic.csv", "section": "industria", "civic_num": 3529.0, "civic_lett": null, "sestiere_parsed": "DORSODURO", "parish_parsed": null, "sestiere_implied": false, "match_note": "Exact civic number match via direct sestiere join — recovered from nb05 parish boundary miss", "location_cleaned": "False", "fail_reason": "number_not_in_reference", "nom_classification": "inside_venice", "nominatim_query": null, "nominatim_flagged": false, "matched_lat": 45.436911711052311, "matched_lon": 12.321270186486112, "match_confidence": "nciv_direct_exact", "geocoding_tier": "1b" }, "geometry": { "type": "Point", "coordinates": [ 12.321270186486112, 45.436911711052311 ] } },
{ "type": "Feature", "properties": { "Name": "Coroialta Lidia", "Address": "S. Polo 1901", "Location": "Lingerie e maglierie", "Category": "Lingerie e maglierie", "Role": null, "Profession": null, "Additional Info": "Location: Murano", "page_num": 236, "source_file": "page_236_semantic.csv", "section": "industria", "civic_num": 1901.0, "civic_lett": null, "sestiere_parsed": "SAN POLO", "parish_parsed": null, "sestiere_implied": false, "match_note": "Exact civic number match via direct sestiere join — recovered from nb05 parish boundary miss", "location_cleaned": "False", "fail_reason": "number_not_in_reference", "nom_classification": "inside_venice", "nominatim_query": null, "nominatim_flagged": false, "matched_lat": 45.438647432440455, "matched_lon": 12.331314241182309, "match_confidence": "nciv_direct_exact", "geocoding_tier": "1b" }, "geometry": { "type": "Point", "coordinates": [ 12.331314241182309, 45.438647432440455 ] } },
{ "type": "Feature", "properties": { "Name": "Baldassare Alessandro", "Address": "Castello 3065", "Location": "Macellerie", "Category": "Macellerie", "Role": null, "Profession": null, "Additional Info": ",", "page_num": 240, "source_file": "page_240_semantic.csv", "section": "industria", "civic_num": 3065.0, "civic_lett": null, "sestiere_parsed": "CASTELLO", "parish_parsed": null, "sestiere_implied": false, "match_note": "Exact civic number match via direct sestiere join — recovered from nb05 parish boundary miss", "location_cleaned": "False", "fail_reason": "number_not_in_reference", "nom_classification": "inside_venice", "nominatim_query": null, "nominatim_flagged": false, "matched_lat": 45.437149712180592, "matched_lon": 12.348756938952755, "match_confidence": "nciv_direct_exact", "geocoding_tier": "1b" }, "geometry": { "type": "Point", "coordinates": [ 12.348756938952755, 45.437149712180592 ] } },
{ "type": "Feature", "properties": { "Name": "Za'a Emilio", "Address": "Cannaregio 6307", "Location": "Macellerie", "Category": "Macellerie", "Role": null, "Profession": null, "Additional Info": ",", "page_num": 240, "source_file": "page_240_semantic.csv", "section": "industria", "civic_num": 6307.0, "civic_lett": null, "sestiere_parsed": "CANNAREGIO", "parish_parsed": null, "sestiere_implied": false, "match_note": "Exact civic number match via direct sestiere join — recovered from nb05 parish boundary miss", "location_cleaned": "False", "fail_reason": "number_not_in_reference", "nom_classification": "inside_venice", "nominatim_query": null, "nominatim_flagged": false, "matched_lat": 45.441268493383056, "matched_lon": 12.34157252375403, "match_confidence": "nciv_direct_exact", "geocoding_tier": "1b" }, "geometry": { "type": "Point", "coordinates": [ 12.34157252375403, 45.441268493383056 ] } },
{ "type": "Feature", "properties": { "Name": "Baso Umberto", "Address": "S. Polo 1641", "Location": "Noleggio imbarcazioni", "Category": "Noleggio imbarcazioni", "Role": null, "Profession": null, "Additional Info": "Category: Morocicli", "page_num": 256, "source_file": "page_256_semantic.csv", "section": "industria", "civic_num": 1641.0, "civic_lett": null, "sestiere_parsed": "SAN POLO", "parish_parsed": null, "sestiere_implied": false, "match_note": "Exact civic number match via direct sestiere join — recovered from nb05 parish boundary miss", "location_cleaned": "False", "fail_reason": "number_not_in_reference", "nom_classification": "inside_venice", "nominatim_query": null, "nominatim_flagged": false, "matched_lat": 45.440071655269008, "matched_lon": 12.333090299231952, "match_confidence": "nciv_direct_exact", "geocoding_tier": "1b" }, "geometry": { "type": "Point", "coordinates": [ 12.333090299231952, 45.440071655269008 ] } },
{ "type": "Feature", "properties": { "Name": "Vio Benvenuto", "Address": "S. Croce 35", "Location": "Noleggio imbarcazioni", "Category": "Noleggio imbarcazioni", "Role": null, "Profession": null, "Additional Info": "Category: Morocicli", "page_num": 256, "source_file": "page_256_semantic.csv", "section": "industria", "civic_num": 35.0, "civic_lett": null, "sestiere_parsed": "SANTA CROCE", "parish_parsed": null, "sestiere_implied": false, "match_note": "Exact civic number match via direct sestiere join — recovered from nb05 parish boundary miss", "location_cleaned": "False", "fail_reason": "number_not_in_reference", "nom_classification": "inside_venice", "nominatim_query": null, "nominatim_flagged": false, "matched_lat": 45.43643201843939, "matched_lon": 12.323264397450236, "match_confidence": "nciv_direct_exact", "geocoding_tier": "1b" }, "geometry": { "type": "Point", "coordinates": [ 12.323264397450236, 45.43643201843939 ] } },
{ "type": "Feature", "properties": { "Name": "De Zorzi Aldo", "Address": "S. Polo 1823", "Location": "Oggetti usati", "Category": "Oggetti usati", "Role": null, "Profession": null, "Additional Info": "Oggetti soffiati e pressati", "page_num": 259, "source_file": "page_259_semantic.csv", "section": "industria", "civic_num": 1823.0, "civic_lett": null, "sestiere_parsed": "SAN POLO", "parish_parsed": null, "sestiere_implied": false, "match_note": "Exact civic number match via direct sestiere join — recovered from nb05 parish boundary miss", "location_cleaned": "False", "fail_reason": "number_not_in_reference", "nom_classification": "inside_venice", "nominatim_query": null, "nominatim_flagged": false, "matched_lat": 45.440140802685235, "matched_lon": 12.332481196063933, "match_confidence": "nciv_direct_exact", "geocoding_tier": "1b" }, "geometry": { "type": "Point", "coordinates": [ 12.332481196063933, 45.440140802685235 ] } },
{ "type": "Feature", "properties": { "Name": "Spada Gino", "Address": "S. Elena Piazza 4 Novem 58", "Location": "Oggetti usati", "Category": "Oggetti usati", "Role": null, "Profession": null, "Additional Info": "Oggetti soffiati e pressati", "page_num": 259, "source_file": "page_259_semantic.csv", "section": "industria", "civic_num": 58.0, "civic_lett": null, "sestiere_parsed": "CASTELLO", "parish_parsed": null, "sestiere_implied": false, "match_note": "Exact civic number match via direct sestiere join — recovered from nb05 parish boundary miss", "location_cleaned": "False", "fail_reason": "number_not_in_reference", "nom_classification": "inside_venice", "nominatim_query": "Piazza 4 Novembre, Sestiere Sant'Elena, Venezia, Italy", "nominatim_flagged": false, "matched_lat": 45.426320662817105, "matched_lon": 12.361881710997149, "match_confidence": "nciv_direct_exact", "geocoding_tier": "1b" }, "geometry": { "type": "Point", "coordinates": [ 12.361881710997149, 45.426320662817105 ] } },
{ "type": "Feature", "properties": { "Name": "Bianchi Arturo", "Address": "S. Polo 1592", "Location": "Giudecca", "Category": "Oreficerie, Gioiellerie", "Role": null, "Profession": null, "Additional Info": "grassi lubrificanti,", "page_num": 261, "source_file": "page_261_semantic.csv", "section": "industria", "civic_num": 1592.0, "civic_lett": null, "sestiere_parsed": "SAN POLO", "parish_parsed": null, "sestiere_implied": false, "match_note": "Exact civic number match via direct sestiere join — recovered from nb05 parish boundary miss", "location_cleaned": "False", "fail_reason": "number_not_in_reference", "nom_classification": "inside_venice", "nominatim_query": null, "nominatim_flagged": false, "matched_lat": 45.439411299510283, "matched_lon": 12.333065025792258, "match_confidence": "nciv_direct_exact", "geocoding_tier": "1b" }, "geometry": { "type": "Point", "coordinates": [ 12.333065025792258, 45.439411299510283 ] } },
{ "type": "Feature", "properties": { "Name": "Frollo Ermenegildo", "Address": "S. Polo 1856", "Location": "Giudecca", "Category": "Oreficerie, Gioiellerie", "Role": null, "Profession": null, "Additional Info": "grassi lubrificanti,", "page_num": 261, "source_file": "page_261_semantic.csv", "section": "industria", "civic_num": 1856.0, "civic_lett": null, "sestiere_parsed": "SAN POLO", "parish_parsed": null, "sestiere_implied": false, "match_note": "Exact civic number match via direct sestiere join — recovered from nb05 parish boundary miss", "location_cleaned": "False", "fail_reason": "number_not_in_reference", "nom_classification": "inside_venice", "nominatim_query": null, "nominatim_flagged": false, "matched_lat": 45.439647666109622, "matched_lon": 12.331768927796883, "match_confidence": "nciv_direct_exact", "geocoding_tier": "1b" }, "geometry": { "type": "Point", "coordinates": [ 12.331768927796883, 45.439647666109622 ] } },
{ "type": "Feature", "properties": { "Name": "Pepoli Ferdinando", "Address": "S. Polo 1853", "Location": "Giudecca", "Category": "Oreficerie, Gioiellerie", "Role": null, "Profession": null, "Additional Info": "grassi lubrificanti,", "page_num": 261, "source_file": "page_261_semantic.csv", "section": "industria", "civic_num": 1853.0, "civic_lett": null, "sestiere_parsed": "SAN POLO", "parish_parsed": null, "sestiere_implied": false, "match_note": "Exact civic number match via direct sestiere join — recovered from nb05 parish boundary miss", "location_cleaned": "False", "fail_reason": "number_not_in_reference", "nom_classification": "inside_venice", "nominatim_query": null, "nominatim_flagged": false, "matched_lat": 45.439834415150862, "matched_lon": 12.331930873253476, "match_confidence": "nciv_direct_exact", "geocoding_tier": "1b" }, "geometry": { "type": "Point", "coordinates": [ 12.331930873253476, 45.439834415150862 ] } },
{ "type": "Feature", "properties": { "Name": "Pepoli Ferdinando", "Address": "S. Polo 1853", "Location": "Giudecca", "Category": "Orologerie", "Role": null, "Profession": null, "Additional Info": "grassi lubrificanti,", "page_num": 261, "source_file": "page_261_semantic.csv", "section": "industria", "civic_num": 1853.0, "civic_lett": null, "sestiere_parsed": "SAN POLO", "parish_parsed": null, "sestiere_implied": false, "match_note": "Exact civic number match via direct sestiere join — recovered from nb05 parish boundary miss", "location_cleaned": "False", "fail_reason": "number_not_in_reference", "nom_classification": "inside_venice", "nominatim_query": null, "nominatim_flagged": false, "matched_lat": 45.439834415150862, "matched_lon": 12.331930873253476, "match_confidence": "nciv_direct_exact", "geocoding_tier": "1b" }, "geometry": { "type": "Point", "coordinates": [ 12.331930873253476, 45.439834415150862 ] } },
{ "type": "Feature", "properties": { "Name": "Ardenghi Girolamo", "Address": "Cannaregio 6369", "Location": "Marittima", "Category": "Osterie", "Role": null, "Profession": null, "Additional Info": "industriale,  scientifica,", "page_num": 262, "source_file": "page_262_semantic.csv", "section": "industria", "civic_num": 6369.0, "civic_lett": null, "sestiere_parsed": "CANNAREGIO", "parish_parsed": null, "sestiere_implied": false, "match_note": "Exact civic number match via direct sestiere join — recovered from nb05 parish boundary miss", "location_cleaned": "False", "fail_reason": "number_not_in_reference", "nom_classification": "inside_venice", "nominatim_query": null, "nominatim_flagged": false, "matched_lat": 45.439828960235523, "matched_lon": 12.340695428179265, "match_confidence": "nciv_direct_exact", "geocoding_tier": "1b" }, "geometry": { "type": "Point", "coordinates": [ 12.340695428179265, 45.439828960235523 ] } },
{ "type": "Feature", "properties": { "Name": "Baldo Chiaron Mario", "Address": "Castello 2877", "Location": "Marittima", "Category": "Osterie", "Role": null, "Profession": null, "Additional Info": "industriale,  scientifica,", "page_num": 262, "source_file": "page_262_semantic.csv", "section": "industria", "civic_num": 2877.0, "civic_lett": null, "sestiere_parsed": "CASTELLO", "parish_parsed": null, "sestiere_implied": false, "match_note": "Exact civic number match via direct sestiere join — recovered from nb05 parish boundary miss", "location_cleaned": "False", "fail_reason": "number_not_in_reference", "nom_classification": "inside_venice", "nominatim_query": null, "nominatim_flagged": false, "matched_lat": 45.436979410703493, "matched_lon": 12.34632576474543, "match_confidence": "nciv_direct_exact", "geocoding_tier": "1b" }, "geometry": { "type": "Point", "coordinates": [ 12.34632576474543, 45.436979410703493 ] } },
{ "type": "Feature", "properties": { "Name": "Caos Erminia", "Address": "S. Elena, Via Chinotti 24", "Location": "Marittima", "Category": "Osterie", "Role": null, "Profession": null, "Additional Info": "industriale,  scientifica,", "page_num": 262, "source_file": "page_262_semantic.csv", "section": "industria", "civic_num": 24.0, "civic_lett": null, "sestiere_parsed": "CASTELLO", "parish_parsed": null, "sestiere_implied": false, "match_note": "Exact civic number match via direct sestiere join — recovered from nb05 parish boundary miss", "location_cleaned": "False", "fail_reason": "number_not_in_reference", "nom_classification": "inside_venice", "nominatim_query": null, "nominatim_flagged": false, "matched_lat": 45.42750712012063, "matched_lon": 12.360539139869108, "match_confidence": "nciv_direct_exact", "geocoding_tier": "1b" }, "geometry": { "type": "Point", "coordinates": [ 12.360539139869108, 45.42750712012063 ] } },
{ "type": "Feature", "properties": { "Name": "Donaggio G. e F.lli", "Address": "Reti, Castello 2142", "Location": "Giudecca", "Category": "cordami, spaghi, filati", "Role": null, "Profession": null, "Additional Info": "Generi alimentari,", "page_num": 281, "source_file": "page_281_semantic.csv", "section": "industria", "civic_num": 2142.0, "civic_lett": null, "sestiere_parsed": "CASTELLO", "parish_parsed": null, "sestiere_implied": false, "match_note": "Exact civic number match via direct sestiere join — recovered from nb05 parish boundary miss", "location_cleaned": "False", "fail_reason": "number_not_in_reference", "nom_classification": "inside_venice", "nominatim_query": null, "nominatim_flagged": false, "matched_lat": 45.432291616272039, "matched_lon": 12.35037746574233, "match_confidence": "nciv_direct_exact", "geocoding_tier": "1b" }, "geometry": { "type": "Point", "coordinates": [ 12.35037746574233, 45.432291616272039 ] } },
{ "type": "Feature", "properties": { "Name": "Goretti Linda", "Address": "Cann. 6268", "Location": "Campalto", "Category": "Strti da uomo", "Role": null, "Profession": null, "Additional Info": "Ristoranti", "page_num": 286, "source_file": "page_286_semantic.csv", "section": "industria", "civic_num": 6268.0, "civic_lett": null, "sestiere_parsed": "CANNAREGIO", "parish_parsed": null, "sestiere_implied": false, "match_note": "Exact civic number match via direct sestiere join — recovered from nb05 parish boundary miss", "location_cleaned": "False", "fail_reason": "number_not_in_reference", "nom_classification": "inside_venice", "nominatim_query": null, "nominatim_flagged": false, "matched_lat": 45.44127390177227, "matched_lon": 12.341507692297286, "match_confidence": "nciv_direct_exact", "geocoding_tier": "1b" }, "geometry": { "type": "Point", "coordinates": [ 12.341507692297286, 45.44127390177227 ] } },
{ "type": "Feature", "properties": { "Name": "Nube Irma", "Address": "Cannaregio 6248", "Location": "Campalto", "Category": "Strti da uomo", "Role": null, "Profession": null, "Additional Info": "Ristoranti", "page_num": 286, "source_file": "page_286_semantic.csv", "section": "industria", "civic_num": 6248.0, "civic_lett": null, "sestiere_parsed": "CANNAREGIO", "parish_parsed": null, "sestiere_implied": false, "match_note": "Exact civic number match via direct sestiere join — recovered from nb05 parish boundary miss", "location_cleaned": "False", "fail_reason": "number_not_in_reference", "nom_classification": "inside_venice", "nominatim_query": null, "nominatim_flagged": false, "matched_lat": 45.440961498195172, "matched_lon": 12.341090322575941, "match_confidence": "nciv_direct_exact", "geocoding_tier": "1b" }, "geometry": { "type": "Point", "coordinates": [ 12.341090322575941, 45.440961498195172 ] } },
{ "type": "Feature", "properties": { "Name": "Panido Ofelia", "Address": "Cann. 6269", "Location": "Campalto", "Category": "Strti da uomo", "Role": null, "Profession": null, "Additional Info": "Ristoranti", "page_num": 286, "source_file": "page_286_semantic.csv", "section": "industria", "civic_num": 6269.0, "civic_lett": null, "sestiere_parsed": "CANNAREGIO", "parish_parsed": null, "sestiere_implied": false, "match_note": "Exact civic number match via direct sestiere join — recovered from nb05 parish boundary miss", "location_cleaned": "False", "fail_reason": "number_not_in_reference", "nom_classification": "inside_venice", "nominatim_query": null, "nominatim_flagged": false, "matched_lat": 45.441437876684695, "matched_lon": 12.341614316924456, "match_confidence": "nciv_direct_exact", "geocoding_tier": "1b" }, "geometry": { "type": "Point", "coordinates": [ 12.341614316924456, 45.441437876684695 ] } },
{ "type": "Feature", "properties": { "Name": "Ravassa Lucia", "Address": "S. Polo 1830", "Location": "Campalto", "Category": "Strti da uomo", "Role": null, "Profession": null, "Additional Info": "Ristoranti", "page_num": 286, "source_file": "page_286_semantic.csv", "section": "industria", "civic_num": 1830.0, "civic_lett": null, "sestiere_parsed": "SAN POLO", "parish_parsed": null, "sestiere_implied": false, "match_note": "Exact civic number match via direct sestiere join — recovered from nb05 parish boundary miss", "location_cleaned": "False", "fail_reason": "number_not_in_reference", "nom_classification": "inside_venice", "nominatim_query": null, "nominatim_flagged": false, "matched_lat": 45.439974973953809, "matched_lon": 12.332611692529351, "match_confidence": "nciv_direct_exact", "geocoding_tier": "1b" }, "geometry": { "type": "Point", "coordinates": [ 12.332611692529351, 45.439974973953809 ] } },
{ "type": "Feature", "properties": { "Name": "Rinaldo Teresa", "Address": "Cann. 6359-E", "Location": "Campalto", "Category": "Strti da uomo", "Role": null, "Profession": null, "Additional Info": "Ristoranti", "page_num": 286, "source_file": "page_286_semantic.csv", "section": "industria", "civic_num": 6359.0, "civic_lett": "E", "sestiere_parsed": "CANNAREGIO", "parish_parsed": null, "sestiere_implied": false, "match_note": "Exact civic number match via direct sestiere join — recovered from nb05 parish boundary miss", "location_cleaned": "False", "fail_reason": "number_not_in_reference", "nom_classification": "inside_venice", "nominatim_query": null, "nominatim_flagged": false, "matched_lat": 45.440236883692513, "matched_lon": 12.340898259732098, "match_confidence": "nciv_direct_exact", "geocoding_tier": "1b" }, "geometry": { "type": "Point", "coordinates": [ 12.340898259732098, 45.440236883692513 ] } },
{ "type": "Feature", "properties": { "Name": "Scantamburlo Emilia", "Address": "Cann. 6359-E", "Location": "Campalto", "Category": "Strti da uomo", "Role": null, "Profession": null, "Additional Info": "Ristoranti", "page_num": 286, "source_file": "page_286_semantic.csv", "section": "industria", "civic_num": 6359.0, "civic_lett": "E", "sestiere_parsed": "CANNAREGIO", "parish_parsed": null, "sestiere_implied": false, "match_note": "Exact civic number match via direct sestiere join — recovered from nb05 parish boundary miss", "location_cleaned": "False", "fail_reason": "number_not_in_reference", "nom_classification": "inside_venice", "nominatim_query": null, "nominatim_flagged": false, "matched_lat": 45.440236883692513, "matched_lon": 12.340898259732098, "match_confidence": "nciv_direct_exact", "geocoding_tier": "1b" }, "geometry": { "type": "Point", "coordinates": [ 12.340898259732098, 45.440236883692513 ] } },
{ "type": "Feature", "properties": { "Name": "Tamburini Giuseppina", "Address": "Castello 3041", "Location": "Campalto", "Category": "Strti da uomo", "Role": null, "Profession": null, "Additional Info": "Ristoranti", "page_num": 286, "source_file": "page_286_semantic.csv", "section": "industria", "civic_num": 3041.0, "civic_lett": null, "sestiere_parsed": "CASTELLO", "parish_parsed": null, "sestiere_implied": false, "match_note": "Exact civic number match via direct sestiere join — recovered from nb05 parish boundary miss", "location_cleaned": "False", "fail_reason": "number_not_in_reference", "nom_classification": "inside_venice", "nominatim_query": null, "nominatim_flagged": false, "matched_lat": 45.43702277623342, "matched_lon": 12.348005626372696, "match_confidence": "nciv_direct_exact", "geocoding_tier": "1b" }, "geometry": { "type": "Point", "coordinates": [ 12.348005626372696, 45.43702277623342 ] } },
{ "type": "Feature", "properties": { "Name": "Bellussi Onorato Arturo", "Address": "S. Polo 1697", "Location": "Campalto", "Category": "Strti da uomo", "Role": null, "Profession": null, "Additional Info": "Ristoranti", "page_num": 286, "source_file": "page_286_semantic.csv", "section": "industria", "civic_num": 1697.0, "civic_lett": null, "sestiere_parsed": "SAN POLO", "parish_parsed": null, "sestiere_implied": false, "match_note": "Exact civic number match via direct sestiere join — recovered from nb05 parish boundary miss", "location_cleaned": "False", "fail_reason": "number_not_in_reference", "nom_classification": "inside_venice", "nominatim_query": null, "nominatim_flagged": false, "matched_lat": 45.439540061286898, "matched_lon": 12.332759779574442, "match_confidence": "nciv_direct_exact", "geocoding_tier": "1b" }, "geometry": { "type": "Point", "coordinates": [ 12.332759779574442, 45.439540061286898 ] } },
{ "type": "Feature", "properties": { "Name": "Canarie Silvio", "Address": "D. Duro 3534", "Location": "Dorsoduro", "Category": "Macchine per scrivere", "Role": null, "Profession": null, "Additional Info": "Ristoranti", "page_num": 287, "source_file": "page_287_semantic.csv", "section": "industria", "civic_num": 3534.0, "civic_lett": null, "sestiere_parsed": "DORSODURO", "parish_parsed": null, "sestiere_implied": false, "match_note": "Exact civic number match via direct sestiere join — recovered from nb05 parish boundary miss", "location_cleaned": null, "fail_reason": "number_not_in_reference", "nom_classification": "inside_venice", "nominatim_query": null, "nominatim_flagged": false, "matched_lat": 45.436846740633783, "matched_lon": 12.321536999190396, "match_confidence": "nciv_direct_exact", "geocoding_tier": "1b" }, "geometry": { "type": "Point", "coordinates": [ 12.321536999190396, 45.436846740633783 ] } },
{ "type": "Feature", "properties": { "Name": "Farinelli Alfredo", "Address": "S. Elena 47", "Location": "S. Elena", "Category": "Macchine per scrivere", "Role": null, "Profession": null, "Additional Info": "Ristoranti", "page_num": 287, "source_file": "page_287_semantic.csv", "section": "industria", "civic_num": 47.0, "civic_lett": null, "sestiere_parsed": "CASTELLO", "parish_parsed": null, "sestiere_implied": false, "match_note": "Exact civic number match via direct sestiere join — recovered from nb05 parish boundary miss", "location_cleaned": null, "fail_reason": "number_not_in_reference", "nom_classification": "inside_venice", "nominatim_query": "Sestiere di Sant'Elena, Venezia, Italy", "nominatim_flagged": false, "matched_lat": 45.42659216741361, "matched_lon": 12.361154993126391, "match_confidence": "nciv_direct_exact", "geocoding_tier": "1b" }, "geometry": { "type": "Point", "coordinates": [ 12.361154993126391, 45.42659216741361 ] } },
{ "type": "Feature", "properties": { "Name": "Reginato Luigia", "Address": "S. Croce 92", "Location": "Malcontenta", "Category": "Scatole", "Role": null, "Profession": null, "Additional Info": ",", "page_num": 288, "source_file": "page_288_semantic.csv", "section": "industria", "civic_num": 92.0, "civic_lett": null, "sestiere_parsed": "SANTA CROCE", "parish_parsed": null, "sestiere_implied": false, "match_note": "Exact civic number match via direct sestiere join — recovered from nb05 parish boundary miss", "location_cleaned": "False", "fail_reason": "number_not_in_reference", "nom_classification": "inside_venice", "nominatim_query": null, "nominatim_flagged": false, "matched_lat": 45.436804314747469, "matched_lon": 12.323762444819575, "match_confidence": "nciv_direct_exact", "geocoding_tier": "1b" }, "geometry": { "type": "Point", "coordinates": [ 12.323762444819575, 45.436804314747469 ] } },
{ "type": "Feature", "properties": { "Name": "Tempesta Giuseppe", "Address": "Castello 2751", "Location": "Malcontenta", "Category": "Scatole", "Role": null, "Profession": null, "Additional Info": ",", "page_num": 288, "source_file": "page_288_semantic.csv", "section": "industria", "civic_num": 2751.0, "civic_lett": null, "sestiere_parsed": "CASTELLO", "parish_parsed": null, "sestiere_implied": false, "match_note": "Exact civic number match via direct sestiere join — recovered from nb05 parish boundary miss", "location_cleaned": "False", "fail_reason": "number_not_in_reference", "nom_classification": "inside_venice", "nominatim_query": null, "nominatim_flagged": false, "matched_lat": 45.43868055193586, "matched_lon": 12.34937562898036, "match_confidence": "nciv_direct_exact", "geocoding_tier": "1b" }, "geometry": { "type": "Point", "coordinates": [ 12.34937562898036, 45.43868055193586 ] } },
{ "type": "Feature", "properties": { "Name": "Albanese Giuseppe", "Address": "Cannaregio 6356", "Location": "Cannaregio", "Category": "Squerì", "Role": null, "Profession": null, "Additional Info": ",", "page_num": 295, "source_file": "page_295_semantic.csv", "section": "industria", "civic_num": 6356.0, "civic_lett": null, "sestiere_parsed": "CANNAREGIO", "parish_parsed": null, "sestiere_implied": false, "match_note": "Exact civic number match via direct sestiere join — recovered from nb05 parish boundary miss", "location_cleaned": "False", "fail_reason": "number_not_in_reference", "nom_classification": "inside_venice", "nominatim_query": null, "nominatim_flagged": false, "matched_lat": 45.440438289876901, "matched_lon": 12.340998013591932, "match_confidence": "nciv_direct_exact", "geocoding_tier": "1b" }, "geometry": { "type": "Point", "coordinates": [ 12.340998013591932, 45.440438289876901 ] } },
{ "type": "Feature", "properties": { "Name": "Franceschi Alv.", "Address": "Cannaregio 6356", "Location": "Cannaregio", "Category": "Squerì", "Role": null, "Profession": null, "Additional Info": ",", "page_num": 295, "source_file": "page_295_semantic.csv", "section": "industria", "civic_num": 6356.0, "civic_lett": null, "sestiere_parsed": "CANNAREGIO", "parish_parsed": null, "sestiere_implied": false, "match_note": "Exact civic number match via direct sestiere join — recovered from nb05 parish boundary miss", "location_cleaned": "False", "fail_reason": "number_not_in_reference", "nom_classification": "inside_venice", "nominatim_query": null, "nominatim_flagged": false, "matched_lat": 45.440438289876901, "matched_lon": 12.340998013591932, "match_confidence": "nciv_direct_exact", "geocoding_tier": "1b" }, "geometry": { "type": "Point", "coordinates": [ 12.340998013591932, 45.440438289876901 ] } },
{ "type": "Feature", "properties": { "Name": "Bottacin Pietro", "Address": "S. Croce 49 T", "Location": "Tabaccherie", "Category": "Tabaccherie", "Role": null, "Profession": null, "Additional Info": "Lido,", "page_num": 297, "source_file": "page_297_semantic.csv", "section": "industria", "civic_num": 49.0, "civic_lett": "T", "sestiere_parsed": "SANTA CROCE", "parish_parsed": null, "sestiere_implied": false, "match_note": "Exact civic number match via direct sestiere join — recovered from nb05 parish boundary miss", "location_cleaned": "False", "fail_reason": "number_not_in_reference", "nom_classification": "inside_venice", "nominatim_query": null, "nominatim_flagged": false, "matched_lat": 45.436555796973629, "matched_lon": 12.322822637534546, "match_confidence": "nciv_direct_exact", "geocoding_tier": "1b" }, "geometry": { "type": "Point", "coordinates": [ 12.322822637534546, 45.436555796973629 ] } },
{ "type": "Feature", "properties": { "Name": "Bonazzo Concetta", "Address": "S. Croce 49 T", "Location": "Tabaccherie", "Category": "Tabaccherie", "Role": null, "Profession": null, "Additional Info": "Salizzada dei Greci", "page_num": 297, "source_file": "page_297_semantic.csv", "section": "industria", "civic_num": 49.0, "civic_lett": "T", "sestiere_parsed": "SANTA CROCE", "parish_parsed": null, "sestiere_implied": false, "match_note": "Exact civic number match via direct sestiere join — recovered from nb05 parish boundary miss", "location_cleaned": "False", "fail_reason": "number_not_in_reference", "nom_classification": "inside_venice", "nominatim_query": null, "nominatim_flagged": false, "matched_lat": 45.436555796973629, "matched_lon": 12.322822637534546, "match_confidence": "nciv_direct_exact", "geocoding_tier": "1b" }, "geometry": { "type": "Point", "coordinates": [ 12.322822637534546, 45.436555796973629 ] } },
{ "type": "Feature", "properties": { "Name": "Rossi Angela", "Address": "Viale 4 Novem. 39", "Location": "S. Elena", "Category": "Agenzie di trasporto", "Role": null, "Profession": null, "Additional Info": ",", "page_num": 298, "source_file": "page_298_semantic.csv", "section": "industria", "civic_num": 39.0, "civic_lett": null, "sestiere_parsed": "CASTELLO", "parish_parsed": null, "sestiere_implied": false, "match_note": "Exact civic number match via direct sestiere join — recovered from nb05 parish boundary miss", "location_cleaned": "False", "fail_reason": "number_not_in_reference", "nom_classification": "inside_venice", "nominatim_query": "Sestiere di Castello, Venezia, Italy", "nominatim_flagged": false, "matched_lat": 45.426820560590215, "matched_lon": 12.360459478332787, "match_confidence": "nciv_direct_exact", "geocoding_tier": "1b" }, "geometry": { "type": "Point", "coordinates": [ 12.360459478332787, 45.426820560590215 ] } },
{ "type": "Feature", "properties": { "Name": "Nicolaj N. e C.", "Address": "Cannaregio 6104", "Location": "Margherà", "Category": "Vele e bandiere", "Role": null, "Profession": null, "Additional Info": ",", "page_num": 312, "source_file": "page_312_semantic.csv", "section": "industria", "civic_num": 6104.0, "civic_lett": null, "sestiere_parsed": "CANNAREGIO", "parish_parsed": null, "sestiere_implied": false, "match_note": "Exact civic number match via direct sestiere join — recovered from nb05 parish boundary miss", "location_cleaned": null, "fail_reason": "number_not_in_reference", "nom_classification": "inside_venice", "nominatim_query": null, "nominatim_flagged": false, "matched_lat": 45.43897493792538, "matched_lon": 12.340033116887838, "match_confidence": "nciv_direct_exact", "geocoding_tier": "1b" }, "geometry": { "type": "Point", "coordinates": [ 12.340033116887838, 45.43897493792538 ] } },
{ "type": "Feature", "properties": { "Name": "Ardenghi Girolamo", "Address": "Cannaregio 6369", "Location": null, "Category": "Osteria", "Role": null, "Profession": null, "Additional Info": "OCCASIONI - CAMBI - RICOSTRUZIONI - NOLEGGI", "page_num": 336, "source_file": "page_336_semantic.csv", "section": "indice_generale", "civic_num": 6369.0, "civic_lett": null, "sestiere_parsed": "CANNAREGIO", "parish_parsed": null, "sestiere_implied": false, "match_note": "Exact civic number match via direct sestiere join — recovered from nb05 parish boundary miss", "location_cleaned": "False", "fail_reason": "number_not_in_reference", "nom_classification": "inside_venice", "nominatim_query": null, "nominatim_flagged": false, "matched_lat": 45.439828960235523, "matched_lon": 12.340695428179265, "match_confidence": "nciv_direct_exact", "geocoding_tier": "1b" }, "geometry": { "type": "Point", "coordinates": [ 12.340695428179265, 45.439828960235523 ] } },
{ "type": "Feature", "properties": { "Name": "Ardenghi Luigi", "Address": "Cannaregio 6370", "Location": null, "Category": "Osteria", "Role": null, "Profession": null, "Additional Info": "OCCASIONI - CAMBI - RICOSTRUZIONI - NOLEGGI", "page_num": 336, "source_file": "page_336_semantic.csv", "section": "indice_generale", "civic_num": 6370.0, "civic_lett": null, "sestiere_parsed": "CANNAREGIO", "parish_parsed": null, "sestiere_implied": false, "match_note": "Exact civic number match via direct sestiere join — recovered from nb05 parish boundary miss", "location_cleaned": "False", "fail_reason": "number_not_in_reference", "nom_classification": "inside_venice", "nominatim_query": null, "nominatim_flagged": false, "matched_lat": 45.439742308981145, "matched_lon": 12.340647811736456, "match_confidence": "nciv_direct_exact", "geocoding_tier": "1b" }, "geometry": { "type": "Point", "coordinates": [ 12.340647811736456, 45.439742308981145 ] } },
{ "type": "Feature", "properties": { "Name": "Ardizzon Ferdinando", "Address": "Castello 2929", "Location": null, "Category": "Cereali", "Role": null, "Profession": null, "Additional Info": "Alimentari (grossista e deposito)", "page_num": 336, "source_file": "page_336_semantic.csv", "section": "indice_generale", "civic_num": 2929.0, "civic_lett": null, "sestiere_parsed": "CASTELLO", "parish_parsed": null, "sestiere_implied": false, "match_note": "Exact civic number match via direct sestiere join — recovered from nb05 parish boundary miss", "location_cleaned": "False", "fail_reason": "number_not_in_reference", "nom_classification": "inside_venice", "nominatim_query": null, "nominatim_flagged": false, "matched_lat": 45.437413207387117, "matched_lon": 12.34691085966897, "match_confidence": "nciv_direct_exact", "geocoding_tier": "1b" }, "geometry": { "type": "Point", "coordinates": [ 12.34691085966897, 45.437413207387117 ] } },
{ "type": "Feature", "properties": { "Name": "Bagatin Maria Tina", "Address": "Castello 2822", "Location": null, "Category": "ostetrica", "Role": null, "Profession": null, "Additional Info": "OCCASIONI - CAMBI - RICOSTRUZIONI - NOLEGGI", "page_num": 339, "source_file": "page_339_semantic.csv", "section": "indice_generale", "civic_num": 2822.0, "civic_lett": null, "sestiere_parsed": "CASTELLO", "parish_parsed": null, "sestiere_implied": false, "match_note": "Exact civic number match via direct sestiere join — recovered from nb05 parish boundary miss", "location_cleaned": null, "fail_reason": "number_not_in_reference", "nom_classification": "inside_venice", "nominatim_query": null, "nominatim_flagged": false, "matched_lat": 45.438359112086722, "matched_lon": 12.346409333559766, "match_confidence": "nciv_direct_exact", "geocoding_tier": "1b" }, "geometry": { "type": "Point", "coordinates": [ 12.346409333559766, 45.438359112086722 ] } },
{ "type": "Feature", "properties": { "Name": "Baldin Mario", "Address": "S. Elena Via 4 Novembre 51", "Location": null, "Category": "ingegnere", "Role": null, "Profession": null, "Additional Info": "OCCASIONI - CAMBI - RICOSTRUZIONI - NOLEGGI", "page_num": 339, "source_file": "page_339_semantic.csv", "section": "indice_generale", "civic_num": 51.0, "civic_lett": null, "sestiere_parsed": "CASTELLO", "parish_parsed": null, "sestiere_implied": false, "match_note": "Exact civic number match via direct sestiere join — recovered from nb05 parish boundary miss", "location_cleaned": null, "fail_reason": "number_not_in_reference", "nom_classification": "inside_venice", "nominatim_query": "Via 4 Novembre, S. Elena, Venezia, Italy", "nominatim_flagged": false, "matched_lat": 45.42644058876774, "matched_lon": 12.361568528930601, "match_confidence": "nciv_direct_exact", "geocoding_tier": "1b" }, "geometry": { "type": "Point", "coordinates": [ 12.361568528930601, 45.42644058876774 ] } },
{ "type": "Feature", "properties": { "Name": "Balbo Chiarun Mario", "Address": "Castello 2877", "Location": null, "Category": "osteria", "Role": null, "Profession": null, "Additional Info": "OCCASIONI - CAMBI - RICOSTRUZIONI - NOLEGGI", "page_num": 339, "source_file": "page_339_semantic.csv", "section": "indice_generale", "civic_num": 2877.0, "civic_lett": null, "sestiere_parsed": "CASTELLO", "parish_parsed": null, "sestiere_implied": false, "match_note": "Exact civic number match via direct sestiere join — recovered from nb05 parish boundary miss", "location_cleaned": null, "fail_reason": "number_not_in_reference", "nom_classification": "inside_venice", "nominatim_query": null, "nominatim_flagged": false, "matched_lat": 45.436979410703493, "matched_lon": 12.34632576474543, "match_confidence": "nciv_direct_exact", "geocoding_tier": "1b" }, "geometry": { "type": "Point", "coordinates": [ 12.34632576474543, 45.436979410703493 ] } },
{ "type": "Feature", "properties": { "Name": "Baldo G.", "Address": "Castello 2877", "Location": null, "Category": "officina meccanici metalurgla e costruzioni in ferro", "Role": null, "Profession": null, "Additional Info": "Venezia Porto Marghera", "page_num": 339, "source_file": "page_339_semantic.csv", "section": "indice_generale", "civic_num": 2877.0, "civic_lett": null, "sestiere_parsed": "CASTELLO", "parish_parsed": null, "sestiere_implied": false, "match_note": "Exact civic number match via direct sestiere join — recovered from nb05 parish boundary miss", "location_cleaned": null, "fail_reason": "number_not_in_reference", "nom_classification": "inside_venice", "nominatim_query": null, "nominatim_flagged": false, "matched_lat": 45.436979410703493, "matched_lon": 12.34632576474543, "match_confidence": "nciv_direct_exact", "geocoding_tier": "1b" }, "geometry": { "type": "Point", "coordinates": [ 12.34632576474543, 45.436979410703493 ] } },
{ "type": "Feature", "properties": { "Name": "Bardella Luigi", "Address": "S. Elena Vin 4 Novembre 14-15-16", "Location": null, "Category": "bottigliera", "Role": null, "Profession": null, "Additional Info": "SODETAR", "page_num": 343, "source_file": "page_343_semantic.csv", "section": "indice_generale", "civic_num": 14.0, "civic_lett": null, "sestiere_parsed": "CASTELLO", "parish_parsed": null, "sestiere_implied": false, "match_note": "Exact civic number match via direct sestiere join — recovered from nb05 parish boundary miss", "location_cleaned": "True", "fail_reason": "number_not_in_reference", "nom_classification": "inside_venice", "nominatim_query": "Sestiere Sant'Elena, Venezia, Italy", "nominatim_flagged": false, "matched_lat": 45.427784041185035, "matched_lon": 12.361250658307537, "match_confidence": "nciv_direct_exact", "geocoding_tier": "1b" }, "geometry": { "type": "Point", "coordinates": [ 12.361250658307537, 45.427784041185035 ] } },
{ "type": "Feature", "properties": { "Name": "Barzazi Mario", "Address": "S. Croce 124", "Location": null, "Category": "ferro battuto", "Role": null, "Profession": null, "Additional Info": "SODETAR", "page_num": 344, "source_file": "page_344_semantic.csv", "section": "indice_generale", "civic_num": 124.0, "civic_lett": null, "sestiere_parsed": "SANTA CROCE", "parish_parsed": null, "sestiere_implied": false, "match_note": "Exact civic number match via direct sestiere join — recovered from nb05 parish boundary miss", "location_cleaned": "True", "fail_reason": "number_not_in_reference", "nom_classification": "inside_venice", "nominatim_query": null, "nominatim_flagged": false, "matched_lat": 45.436946052976637, "matched_lon": 12.323190363512072, "match_confidence": "nciv_direct_exact", "geocoding_tier": "1b" }, "geometry": { "type": "Point", "coordinates": [ 12.323190363512072, 45.436946052976637 ] } },
{ "type": "Feature", "properties": { "Name": "Baso Umberto", "Address": "San Polo 1641", "Location": null, "Category": "noleggio imbarcazioni", "Role": null, "Profession": "ditta", "Additional Info": "SODETAR", "page_num": 344, "source_file": "page_344_semantic.csv", "section": "indice_generale", "civic_num": 1641.0, "civic_lett": null, "sestiere_parsed": "SAN POLO", "parish_parsed": null, "sestiere_implied": false, "match_note": "Exact civic number match via direct sestiere join — recovered from nb05 parish boundary miss", "location_cleaned": "True", "fail_reason": "number_not_in_reference", "nom_classification": "inside_venice", "nominatim_query": null, "nominatim_flagged": false, "matched_lat": 45.440071655269008, "matched_lon": 12.333090299231952, "match_confidence": "nciv_direct_exact", "geocoding_tier": "1b" }, "geometry": { "type": "Point", "coordinates": [ 12.333090299231952, 45.440071655269008 ] } },
{ "type": "Feature", "properties": { "Name": "Bassi dr. Edmundo", "Address": "Castello 2137", "Location": null, "Category": "architetto", "Role": null, "Profession": null, "Additional Info": "SODETAR", "page_num": 344, "source_file": "page_344_semantic.csv", "section": "indice_generale", "civic_num": 2137.0, "civic_lett": null, "sestiere_parsed": "CASTELLO", "parish_parsed": null, "sestiere_implied": false, "match_note": "Exact civic number match via direct sestiere join — recovered from nb05 parish boundary miss", "location_cleaned": "True", "fail_reason": "number_not_in_reference", "nom_classification": "inside_venice", "nominatim_query": "Istituto di Diritto Pubblico, Venezia, Italy", "nominatim_flagged": false, "matched_lat": 45.43240099266405, "matched_lon": 12.350214024783751, "match_confidence": "nciv_direct_exact", "geocoding_tier": "1b" }, "geometry": { "type": "Point", "coordinates": [ 12.350214024783751, 45.43240099266405 ] } },
{ "type": "Feature", "properties": { "Name": "Bassi prof. Endra", "Address": "Castello 2137", "Location": null, "Category": "Insegnante Accademia di Belle Arti", "Role": null, "Profession": null, "Additional Info": "SODETAR", "page_num": 344, "source_file": "page_344_semantic.csv", "section": "indice_generale", "civic_num": 2137.0, "civic_lett": null, "sestiere_parsed": "CASTELLO", "parish_parsed": null, "sestiere_implied": false, "match_note": "Exact civic number match via direct sestiere join — recovered from nb05 parish boundary miss", "location_cleaned": "True", "fail_reason": "number_not_in_reference", "nom_classification": "inside_venice", "nominatim_query": "Istituto di Diritto Pubblico, Venezia, Italy", "nominatim_flagged": false, "matched_lat": 45.43240099266405, "matched_lon": 12.350214024783751, "match_confidence": "nciv_direct_exact", "geocoding_tier": "1b" }, "geometry": { "type": "Point", "coordinates": [ 12.350214024783751, 45.43240099266405 ] } },
{ "type": "Feature", "properties": { "Name": "Battistella Gemma", "Address": "Cannaregio 6370", "Location": null, "Category": "hur", "Role": null, "Profession": null, "Additional Info": "SODETAR", "page_num": 344, "source_file": "page_344_semantic.csv", "section": "indice_generale", "civic_num": 6370.0, "civic_lett": null, "sestiere_parsed": "CANNAREGIO", "parish_parsed": null, "sestiere_implied": false, "match_note": "Exact civic number match via direct sestiere join — recovered from nb05 parish boundary miss", "location_cleaned": "True", "fail_reason": "number_not_in_reference", "nom_classification": "inside_venice", "nominatim_query": null, "nominatim_flagged": false, "matched_lat": 45.439742308981145, "matched_lon": 12.340647811736456, "match_confidence": "nciv_direct_exact", "geocoding_tier": "1b" }, "geometry": { "type": "Point", "coordinates": [ 12.340647811736456, 45.439742308981145 ] } },
{ "type": "Feature", "properties": { "Name": "Battistella Luciana", "Address": "Castello 3140", "Location": null, "Category": "lavanderia e stireria", "Role": null, "Profession": null, "Additional Info": "SODETAR", "page_num": 344, "source_file": "page_344_semantic.csv", "section": "indice_generale", "civic_num": 3140.0, "civic_lett": null, "sestiere_parsed": "CASTELLO", "parish_parsed": null, "sestiere_implied": false, "match_note": "Exact civic number match via direct sestiere join — recovered from nb05 parish boundary miss", "location_cleaned": "True", "fail_reason": "number_not_in_reference", "nom_classification": "inside_venice", "nominatim_query": null, "nominatim_flagged": false, "matched_lat": 45.436898489760736, "matched_lon": 12.34745952028813, "match_confidence": "nciv_direct_exact", "geocoding_tier": "1b" }, "geometry": { "type": "Point", "coordinates": [ 12.34745952028813, 45.436898489760736 ] } },
{ "type": "Feature", "properties": { "Name": "Bellotto Bruno", "Address": "S. Polo 1733", "Location": null, "Category": "imprese ed appalti vari", "Role": null, "Profession": null, "Additional Info": "SODETAR", "page_num": 345, "source_file": "page_345_semantic.csv", "section": "indice_generale", "civic_num": 1733.0, "civic_lett": null, "sestiere_parsed": "SAN POLO", "parish_parsed": null, "sestiere_implied": false, "match_note": "Exact civic number match via direct sestiere join — recovered from nb05 parish boundary miss", "location_cleaned": "True", "fail_reason": "number_not_in_reference", "nom_classification": "inside_venice", "nominatim_query": "Istituto di Diritto Pubblico, Venezia, Italy", "nominatim_flagged": false, "matched_lat": 45.439391364067689, "matched_lon": 12.332458443878551, "match_confidence": "nciv_direct_exact", "geocoding_tier": "1b" }, "geometry": { "type": "Point", "coordinates": [ 12.332458443878551, 45.439391364067689 ] } },
{ "type": "Feature", "properties": { "Name": "Bellussi Onorato Arturo", "Address": "S. Polo, 1697", "Location": null, "Category": "MACCHINE CONTABILI MACCHINE PER SCRIVERE - DUPLICATORI - ACCESSORI", "Role": null, "Profession": null, "Additional Info": "sarto da uomo", "page_num": 346, "source_file": "page_346_semantic.csv", "section": "indice_generale", "civic_num": 1697.0, "civic_lett": null, "sestiere_parsed": "SAN POLO", "parish_parsed": null, "sestiere_implied": false, "match_note": "Exact civic number match via direct sestiere join — recovered from nb05 parish boundary miss", "location_cleaned": "True", "fail_reason": "number_not_in_reference", "nom_classification": "inside_venice", "nominatim_query": "Istituto di Diritto Pubblico, Venezia, Italy", "nominatim_flagged": false, "matched_lat": 45.439540061286898, "matched_lon": 12.332759779574442, "match_confidence": "nciv_direct_exact", "geocoding_tier": "1b" }, "geometry": { "type": "Point", "coordinates": [ 12.332759779574442, 45.439540061286898 ] } },
{ "type": "Feature", "properties": { "Name": "Bevilacqua Luigi", "Address": "S. Croce: 87", "Location": null, "Category": "OFFICINA RIPARAZIONI MACCHINE PER SCRIVERE", "Role": null, "Profession": null, "Additional Info": "panificio", "page_num": 350, "source_file": "page_350_semantic.csv", "section": "indice_generale", "civic_num": 87.0, "civic_lett": null, "sestiere_parsed": "SANTA CROCE", "parish_parsed": null, "sestiere_implied": false, "match_note": "Exact civic number match via direct sestiere join — recovered from nb05 parish boundary miss", "location_cleaned": "True", "fail_reason": "number_not_in_reference", "nom_classification": "inside_venice", "nominatim_query": null, "nominatim_flagged": false, "matched_lat": 45.436420259231433, "matched_lon": 12.323607233655135, "match_confidence": "nciv_direct_exact", "geocoding_tier": "1b" }, "geometry": { "type": "Point", "coordinates": [ 12.323607233655135, 45.436420259231433 ] } },
{ "type": "Feature", "properties": { "Name": "Bianchi Arturo", "Address": "S. Polo 1592", "Location": null, "Category": "oreficeria", "Role": null, "Profession": null, "Additional Info": " gioielleria", "page_num": 350, "source_file": "page_350_semantic.csv", "section": "indice_generale", "civic_num": 1592.0, "civic_lett": null, "sestiere_parsed": "SAN POLO", "parish_parsed": null, "sestiere_implied": false, "match_note": "Exact civic number match via direct sestiere join — recovered from nb05 parish boundary miss", "location_cleaned": "True", "fail_reason": "number_not_in_reference", "nom_classification": "inside_venice", "nominatim_query": null, "nominatim_flagged": false, "matched_lat": 45.439411299510283, "matched_lon": 12.333065025792258, "match_confidence": "nciv_direct_exact", "geocoding_tier": "1b" }, "geometry": { "type": "Point", "coordinates": [ 12.333065025792258, 45.439411299510283 ] } },
{ "type": "Feature", "properties": { "Name": "Bianchi Guido", "Address": "S. Polo 1659", "Location": null, "Category": "OFFICINA RIPARAZIONI MACCHINE PER SCRIVERE", "Role": null, "Profession": null, "Additional Info": "trattoria", "page_num": 350, "source_file": "page_350_semantic.csv", "section": "indice_generale", "civic_num": 1659.0, "civic_lett": null, "sestiere_parsed": "SAN POLO", "parish_parsed": null, "sestiere_implied": false, "match_note": "Exact civic number match via direct sestiere join — recovered from nb05 parish boundary miss", "location_cleaned": "True", "fail_reason": "number_not_in_reference", "nom_classification": "inside_venice", "nominatim_query": null, "nominatim_flagged": false, "matched_lat": 45.439683536010477, "matched_lon": 12.332901205064696, "match_confidence": "nciv_direct_exact", "geocoding_tier": "1b" }, "geometry": { "type": "Point", "coordinates": [ 12.332901205064696, 45.439683536010477 ] } },
{ "type": "Feature", "properties": { "Name": "Biasulo Leonilda", "Address": "S. Polo 1895 C", "Location": null, "Category": "OFFICINA RIPARAZIONI MACCHINE PER SCRIVERE", "Role": null, "Profession": null, "Additional Info": "Geometra", "page_num": 351, "source_file": "page_351_semantic.csv", "section": "indice_generale", "civic_num": 1895.0, "civic_lett": "C", "sestiere_parsed": "SAN POLO", "parish_parsed": null, "sestiere_implied": false, "match_note": "Exact civic number match via direct sestiere join — recovered from nb05 parish boundary miss", "location_cleaned": "True", "fail_reason": "number_not_in_reference", "nom_classification": "inside_venice", "nominatim_query": "Istituto di Diritto Pubblico, Venezia, Italy", "nominatim_flagged": false, "matched_lat": 45.43881692904634, "matched_lon": 12.331814611929008, "match_confidence": "nciv_direct_exact", "geocoding_tier": "1b" }, "geometry": { "type": "Point", "coordinates": [ 12.331814611929008, 45.43881692904634 ] } },
{ "type": "Feature", "properties": { "Name": "Blo Giuseppe", "Address": "Cannaregio 6232", "Location": null, "Category": "OFFICINA RIPARAZIONI MACCHINE PER SCRIVERE", "Role": null, "Profession": "ingegnere", "Additional Info": "Via XXII Marzo, 2288, Phone: 25-889", "page_num": 352, "source_file": "page_352_semantic.csv", "section": "indice_generale", "civic_num": 6232.0, "civic_lett": null, "sestiere_parsed": "CANNAREGIO", "parish_parsed": null, "sestiere_implied": false, "match_note": "Exact civic number match via direct sestiere join — recovered from nb05 parish boundary miss", "location_cleaned": "False", "fail_reason": "number_not_in_reference", "nom_classification": "inside_venice", "nominatim_query": null, "nominatim_flagged": false, "matched_lat": 45.440538808587554, "matched_lon": 12.341021835553136, "match_confidence": "nciv_direct_exact", "geocoding_tier": "1b" }, "geometry": { "type": "Point", "coordinates": [ 12.341021835553136, 45.440538808587554 ] } },
{ "type": "Feature", "properties": { "Name": "Boldrin dr. Cesare", "Address": "S. Elena, Viale 4 novembre 79", "Location": null, "Category": "OFFICINA RIPARAZIONI MACCHINE PER SCRIVERE", "Role": null, "Profession": "architetto", "Additional Info": "Via XXII Marzo, 2288, Phone: 25-889", "page_num": 352, "source_file": "page_352_semantic.csv", "section": "indice_generale", "civic_num": 79.0, "civic_lett": null, "sestiere_parsed": "CASTELLO", "parish_parsed": null, "sestiere_implied": false, "match_note": "Exact civic number match via direct sestiere join — recovered from nb05 parish boundary miss", "location_cleaned": "False", "fail_reason": "number_not_in_reference", "nom_classification": "inside_venice", "nominatim_query": null, "nominatim_flagged": false, "matched_lat": 45.425906916450472, "matched_lon": 12.362557918196764, "match_confidence": "nciv_direct_exact", "geocoding_tier": "1b" }, "geometry": { "type": "Point", "coordinates": [ 12.362557918196764, 45.425906916450472 ] } },
{ "type": "Feature", "properties": { "Name": "Bollato Gina", "Address": "S. Croce, 118", "Location": null, "Category": "OFFICINA RIPARAZIONI MACCHINE PER SCRIVERE", "Role": null, "Profession": "ostetrica", "Additional Info": "Via XXII Marzo, 2288, Phone: 25-889", "page_num": 352, "source_file": "page_352_semantic.csv", "section": "indice_generale", "civic_num": 118.0, "civic_lett": null, "sestiere_parsed": "SANTA CROCE", "parish_parsed": null, "sestiere_implied": false, "match_note": "Exact civic number match via direct sestiere join — recovered from nb05 parish boundary miss", "location_cleaned": "False", "fail_reason": "number_not_in_reference", "nom_classification": "inside_venice", "nominatim_query": null, "nominatim_flagged": false, "matched_lat": 45.436963984073067, "matched_lon": 12.323286266129609, "match_confidence": "nciv_direct_exact", "geocoding_tier": "1b" }, "geometry": { "type": "Point", "coordinates": [ 12.323286266129609, 45.436963984073067 ] } },
{ "type": "Feature", "properties": { "Name": "Bona Lucia", "Address": "D. Duro 3543", "Location": null, "Category": "OFFICINA RIPARAZIONI MACCHINE PER SCRIVERE", "Role": null, "Profession": "trattoria", "Additional Info": "Via XXII Marzo, 2288, Phone: 25-889", "page_num": 352, "source_file": "page_352_semantic.csv", "section": "indice_generale", "civic_num": 3543.0, "civic_lett": null, "sestiere_parsed": "DORSODURO", "parish_parsed": null, "sestiere_implied": false, "match_note": "Exact civic number match via direct sestiere join — recovered from nb05 parish boundary miss", "location_cleaned": "False", "fail_reason": "number_not_in_reference", "nom_classification": "inside_venice", "nominatim_query": null, "nominatim_flagged": false, "matched_lat": 45.43675384749173, "matched_lon": 12.321822002204774, "match_confidence": "nciv_direct_exact", "geocoding_tier": "1b" }, "geometry": { "type": "Point", "coordinates": [ 12.321822002204774, 45.43675384749173 ] } },
{ "type": "Feature", "properties": { "Name": "Bonotto Fortunato", "Address": "S. Croce n. 101", "Location": "Castello", "Category": "polizia rifiori", "Role": "AFFITTI APPARTAMENTI, COMPRA - VENDITA, AMMINISTRAZIONE", "Profession": null, "Additional Info": "Tel: 25-263", "page_num": 353, "source_file": "page_353_semantic.csv", "section": "indice_generale", "civic_num": 101.0, "civic_lett": null, "sestiere_parsed": "SANTA CROCE", "parish_parsed": null, "sestiere_implied": false, "match_note": "Exact civic number match via direct sestiere join — recovered from nb05 parish boundary miss", "location_cleaned": null, "fail_reason": "number_not_in_reference", "nom_classification": "inside_venice", "nominatim_query": null, "nominatim_flagged": false, "matched_lat": 45.43641346241229, "matched_lon": 12.323486257560967, "match_confidence": "nciv_direct_exact", "geocoding_tier": "1b" }, "geometry": { "type": "Point", "coordinates": [ 12.323486257560967, 45.43641346241229 ] } },
{ "type": "Feature", "properties": { "Name": "Bonotto P. A. e Figli", "Address": "S. Croce n. 101", "Location": " Calle della Regina", "Category": " 2196 A", "Role": "Deposito di Venezia, S. Polo di Piave (Treviso), , ", "Profession": "Premiate Cantine", "Additional Info": "S. Cassiano", "page_num": 353, "source_file": "page_353_semantic.csv", "section": "indice_generale", "civic_num": 101.0, "civic_lett": null, "sestiere_parsed": "SANTA CROCE", "parish_parsed": null, "sestiere_implied": false, "match_note": "Exact civic number match via direct sestiere join — recovered from nb05 parish boundary miss", "location_cleaned": null, "fail_reason": "number_not_in_reference", "nom_classification": "inside_venice", "nominatim_query": null, "nominatim_flagged": false, "matched_lat": 45.43641346241229, "matched_lon": 12.323486257560967, "match_confidence": "nciv_direct_exact", "geocoding_tier": "1b" }, "geometry": { "type": "Point", "coordinates": [ 12.323486257560967, 45.43641346241229 ] } },
{ "type": "Feature", "properties": { "Name": "Boschian Luigi", "Address": "D. Duro 3507", "Location": "Castello", "Category": "AGENZIA P. BORTOLUZZI", "Role": null, "Profession": "terraglie, porcellane", "Additional Info": "Tel: 25-263", "page_num": 355, "source_file": "page_355_semantic.csv", "section": "indice_generale", "civic_num": 3507.0, "civic_lett": null, "sestiere_parsed": "DORSODURO", "parish_parsed": null, "sestiere_implied": false, "match_note": "Exact civic number match via direct sestiere join — recovered from nb05 parish boundary miss", "location_cleaned": "False", "fail_reason": "number_not_in_reference", "nom_classification": "inside_venice", "nominatim_query": null, "nominatim_flagged": false, "matched_lat": 45.437040786786561, "matched_lon": 12.320504281752791, "match_confidence": "nciv_direct_exact", "geocoding_tier": "1b" }, "geometry": { "type": "Point", "coordinates": [ 12.320504281752791, 45.437040786786561 ] } },
{ "type": "Feature", "properties": { "Name": "Boscolo Anzoinetta", "Address": "D. Duro 3507", "Location": "Castello", "Category": "Spt, S. Zaccaria", "Role": null, "Profession": null, "Additional Info": "giornali (rivendita)", "page_num": 355, "source_file": "page_355_semantic.csv", "section": "indice_generale", "civic_num": 3507.0, "civic_lett": null, "sestiere_parsed": "DORSODURO", "parish_parsed": null, "sestiere_implied": false, "match_note": "Exact civic number match via direct sestiere join — recovered from nb05 parish boundary miss", "location_cleaned": "False", "fail_reason": "number_not_in_reference", "nom_classification": "inside_venice", "nominatim_query": null, "nominatim_flagged": false, "matched_lat": 45.437040786786561, "matched_lon": 12.320504281752791, "match_confidence": "nciv_direct_exact", "geocoding_tier": "1b" }, "geometry": { "type": "Point", "coordinates": [ 12.320504281752791, 45.437040786786561 ] } },
{ "type": "Feature", "properties": { "Name": "Bovo Gisella in Antonelli", "Address": "Cannaregio 6308", "Location": "Castello", "Category": "AGENZIA P. BORTOLUZZI", "Role": null, "Profession": null, "Additional Info": "sarta", "page_num": 355, "source_file": "page_355_semantic.csv", "section": "indice_generale", "civic_num": 6308.0, "civic_lett": null, "sestiere_parsed": "CANNAREGIO", "parish_parsed": null, "sestiere_implied": false, "match_note": "Exact civic number match via direct sestiere join — recovered from nb05 parish boundary miss", "location_cleaned": "False", "fail_reason": "number_not_in_reference", "nom_classification": "inside_venice", "nominatim_query": null, "nominatim_flagged": false, "matched_lat": 45.441068638847554, "matched_lon": 12.341437043880068, "match_confidence": "nciv_direct_exact", "geocoding_tier": "1b" }, "geometry": { "type": "Point", "coordinates": [ 12.341437043880068, 45.441068638847554 ] } },
{ "type": "Feature", "properties": { "Name": "Broto prof. Ada", "Address": "S. Stefano 2802", "Location": "Castello", "Category": "Insegnanti Circolo Filologico", "Role": null, "Profession": null, "Additional Info": "Tel: 25-263", "page_num": 357, "source_file": "page_357_semantic.csv", "section": "indice_generale", "civic_num": 2802.0, "civic_lett": null, "sestiere_parsed": "CASTELLO", "parish_parsed": "Santo Stefano", "sestiere_implied": false, "match_note": "Exact civic number match via direct sestiere join — recovered from nb05 parish boundary miss", "location_cleaned": "False", "fail_reason": "number_not_in_reference", "nom_classification": "inside_venice", "nominatim_query": null, "nominatim_flagged": false, "matched_lat": 45.437954107578499, "matched_lon": 12.346780110401758, "match_confidence": "nciv_direct_exact", "geocoding_tier": "1b" }, "geometry": { "type": "Point", "coordinates": [ 12.346780110401758, 45.437954107578499 ] } },
{ "type": "Feature", "properties": { "Name": "Broto Angelo", "Address": "S. Stefano 2802, Via Montenero 1", "Location": "Castello", "Category": "locanda", "Role": null, "Profession": null, "Additional Info": "Mestre", "page_num": 357, "source_file": "page_357_semantic.csv", "section": "indice_generale", "civic_num": 2802.0, "civic_lett": null, "sestiere_parsed": "CASTELLO", "parish_parsed": "Santo Stefano", "sestiere_implied": false, "match_note": "Exact civic number match via direct sestiere join — recovered from nb05 parish boundary miss", "location_cleaned": "False", "fail_reason": "number_not_in_reference", "nom_classification": "inside_venice", "nominatim_query": null, "nominatim_flagged": false, "matched_lat": 45.437954107578499, "matched_lon": 12.346780110401758, "match_confidence": "nciv_direct_exact", "geocoding_tier": "1b" }, "geometry": { "type": "Point", "coordinates": [ 12.346780110401758, 45.437954107578499 ] } },
{ "type": "Feature", "properties": { "Name": "Broto dr. Igino", "Address": "S. Stefano 2802, Via Montenero 1", "Location": "Castello", "Category": "poste e telegrafi", "Role": null, "Profession": "Ispettore Tecnico del movimento postale", "Additional Info": "Tel: 25-263", "page_num": 357, "source_file": "page_357_semantic.csv", "section": "indice_generale", "civic_num": 2802.0, "civic_lett": null, "sestiere_parsed": "CASTELLO", "parish_parsed": "Santo Stefano", "sestiere_implied": false, "match_note": "Exact civic number match via direct sestiere join — recovered from nb05 parish boundary miss", "location_cleaned": "False", "fail_reason": "number_not_in_reference", "nom_classification": "inside_venice", "nominatim_query": null, "nominatim_flagged": false, "matched_lat": 45.437954107578499, "matched_lon": 12.346780110401758, "match_confidence": "nciv_direct_exact", "geocoding_tier": "1b" }, "geometry": { "type": "Point", "coordinates": [ 12.346780110401758, 45.437954107578499 ] } },
{ "type": "Feature", "properties": { "Name": "Bucinerto", "Address": "Riva dell'Impero 2134", "Location": "Castello", "Category": "pensione", "Role": null, "Profession": null, "Additional Info": "Tel: 25-263", "page_num": 357, "source_file": "page_357_semantic.csv", "section": "indice_generale", "civic_num": 2134.0, "civic_lett": null, "sestiere_parsed": "CASTELLO", "parish_parsed": null, "sestiere_implied": false, "match_note": "Exact civic number match via direct sestiere join — recovered from nb05 parish boundary miss", "location_cleaned": "False", "fail_reason": "number_not_in_reference", "nom_classification": "inside_venice", "nominatim_query": "Riva dell'Impero, Castello, Venezia, Italy", "nominatim_flagged": false, "matched_lat": 45.432437380920732, "matched_lon": 12.350085444087334, "match_confidence": "nciv_direct_exact", "geocoding_tier": "1b" }, "geometry": { "type": "Point", "coordinates": [ 12.350085444087334, 45.432437380920732 ] } },
{ "type": "Feature", "properties": { "Name": "Bugno Andrea", "Address": "S. Elena, Calle Gorizia 14", "Location": "Castello", "Category": "farmacia", "Role": null, "Profession": null, "Additional Info": "Tel: 25-263", "page_num": 358, "source_file": "page_358_semantic.csv", "section": "indice_generale", "civic_num": 14.0, "civic_lett": null, "sestiere_parsed": "CASTELLO", "parish_parsed": null, "sestiere_implied": false, "match_note": "Exact civic number match via direct sestiere join — recovered from nb05 parish boundary miss", "location_cleaned": "False", "fail_reason": "number_not_in_reference", "nom_classification": "inside_venice", "nominatim_query": "Calle Gorizia, S. Elena, Castello, Venezia, Italy", "nominatim_flagged": false, "matched_lat": 45.427784041185035, "matched_lon": 12.361250658307537, "match_confidence": "nciv_direct_exact", "geocoding_tier": "1b" }, "geometry": { "type": "Point", "coordinates": [ 12.361250658307537, 45.427784041185035 ] } },
{ "type": "Feature", "properties": { "Name": "Bursan Italian", "Address": "Cannaregio 6380", "Location": "Castello", "Category": "fiori", "Role": null, "Profession": null, "Additional Info": " piante e sementi", "page_num": 358, "source_file": "page_358_semantic.csv", "section": "indice_generale", "civic_num": 6380.0, "civic_lett": null, "sestiere_parsed": "CANNAREGIO", "parish_parsed": null, "sestiere_implied": false, "match_note": "Exact civic number match via direct sestiere join — recovered from nb05 parish boundary miss", "location_cleaned": "False", "fail_reason": "number_not_in_reference", "nom_classification": "inside_venice", "nominatim_query": null, "nominatim_flagged": false, "matched_lat": 45.439624600047189, "matched_lon": 12.340893371675138, "match_confidence": "nciv_direct_exact", "geocoding_tier": "1b" }, "geometry": { "type": "Point", "coordinates": [ 12.340893371675138, 45.439624600047189 ] } },
{ "type": "Feature", "properties": { "Name": "Cacciatori Rita", "Address": "Via Monsanto l.35", "Location": "S. Elena", "Category": "OCCASIONI - CAMBI - RICOSTRUZIONI - NOLEGGI", "Role": null, "Profession": "Macchine per scrivere - Calcolatrici - Duplicatori", "Additional Info": "sarta", "page_num": 359, "source_file": "page_359_semantic.csv", "section": "indice_generale", "civic_num": 35.0, "civic_lett": null, "sestiere_parsed": "CASTELLO", "parish_parsed": null, "sestiere_implied": false, "match_note": "Exact civic number match via direct sestiere join — recovered from nb05 parish boundary miss", "location_cleaned": "False", "fail_reason": "number_not_in_reference", "nom_classification": "inside_venice", "nominatim_query": "Sestiere di Sant'Elena, Venezia, Italy", "nominatim_flagged": false, "matched_lat": 45.427056471803802, "matched_lon": 12.36034986086274, "match_confidence": "nciv_direct_exact", "geocoding_tier": "1b" }, "geometry": { "type": "Point", "coordinates": [ 12.36034986086274, 45.427056471803802 ] } },
{ "type": "Feature", "properties": { "Name": "Cadel Ernesto", "Address": "Castello 2986", "Location": null, "Category": "OCCASIONI - CAMBI - RICOSTRUZIONI - NOLEGGI", "Role": null, "Profession": "Macchine per scrivere - Calcolatrici - Duplicatori", "Additional Info": "rappresentante varie", "page_num": 359, "source_file": "page_359_semantic.csv", "section": "indice_generale", "civic_num": 2986.0, "civic_lett": null, "sestiere_parsed": "CASTELLO", "parish_parsed": null, "sestiere_implied": false, "match_note": "Exact civic number match via direct sestiere join — recovered from nb05 parish boundary miss", "location_cleaned": "False", "fail_reason": "number_not_in_reference", "nom_classification": "inside_venice", "nominatim_query": null, "nominatim_flagged": false, "matched_lat": 45.437524114888099, "matched_lon": 12.347845430014139, "match_confidence": "nciv_direct_exact", "geocoding_tier": "1b" }, "geometry": { "type": "Point", "coordinates": [ 12.347845430014139, 45.437524114888099 ] } },
{ "type": "Feature", "properties": { "Name": "Cadordobi dr. Bruno", "Address": "S. Polo 1754", "Location": null, "Category": "OCCASIONI - CAMBI - RICOSTRUZIONI - NOLEGGI", "Role": null, "Profession": "Macchine per scrivere - Calcolatrici - Duplicatori", "Additional Info": "Chimico", "page_num": 359, "source_file": "page_359_semantic.csv", "section": "indice_generale", "civic_num": 1754.0, "civic_lett": null, "sestiere_parsed": "SAN POLO", "parish_parsed": null, "sestiere_implied": false, "match_note": "Exact civic number match via direct sestiere join — recovered from nb05 parish boundary miss", "location_cleaned": "False", "fail_reason": "number_not_in_reference", "nom_classification": "inside_venice", "nominatim_query": null, "nominatim_flagged": false, "matched_lat": 45.439496183064811, "matched_lon": 12.332160809968816, "match_confidence": "nciv_direct_exact", "geocoding_tier": "1b" }, "geometry": { "type": "Point", "coordinates": [ 12.332160809968816, 45.439496183064811 ] } },
{ "type": "Feature", "properties": { "Name": "Calzoleria di Surti di Balducci e Calazwara", "Address": "S. Polo 1576", "Location": null, "Category": "OCCASIONI - CAMBI - RICOSTRUZIONI - NOLEGGI", "Role": null, "Profession": "Macchine per scrivere - Calcolatrici - Duplicatori", "Additional Info": "calzature", "page_num": 360, "source_file": "page_360_semantic.csv", "section": "indice_generale", "civic_num": 1576.0, "civic_lett": null, "sestiere_parsed": "SAN POLO", "parish_parsed": null, "sestiere_implied": false, "match_note": "Exact civic number match via direct sestiere join — recovered from nb05 parish boundary miss", "location_cleaned": "False", "fail_reason": "number_not_in_reference", "nom_classification": "inside_venice", "nominatim_query": "Sestiere San Polo, Venezia, Italy", "nominatim_flagged": false, "matched_lat": 45.439446200740683, "matched_lon": 12.332921779648268, "match_confidence": "nciv_direct_exact", "geocoding_tier": "1b" }, "geometry": { "type": "Point", "coordinates": [ 12.332921779648268, 45.439446200740683 ] } },
{ "type": "Feature", "properties": { "Name": "Camin Emilio", "Address": "S. Polo 1694", "Location": null, "Category": "OCCASIONI - CAMBI - RICOSTRUZIONI - NOLEGGI", "Role": null, "Profession": "Macchine per scrivere - Calcolatrici - Duplicatori", "Additional Info": "bottigliaria", "page_num": 360, "source_file": "page_360_semantic.csv", "section": "indice_generale", "civic_num": 1694.0, "civic_lett": null, "sestiere_parsed": "SAN POLO", "parish_parsed": null, "sestiere_implied": false, "match_note": "Exact civic number match via direct sestiere join — recovered from nb05 parish boundary miss", "location_cleaned": "False", "fail_reason": "number_not_in_reference", "nom_classification": "inside_venice", "nominatim_query": "Sestiere San Polo, Venezia, Italy", "nominatim_flagged": false, "matched_lat": 45.439586005409382, "matched_lon": 12.3328156557886, "match_confidence": "nciv_direct_exact", "geocoding_tier": "1b" }, "geometry": { "type": "Point", "coordinates": [ 12.3328156557886, 45.439586005409382 ] } },
{ "type": "Feature", "properties": { "Name": "Canale Silvio", "Address": "D. Duro 3534", "Location": "duse", "Category": "sarta da uomo", "Role": null, "Profession": "Macchine per scrivere - Calcolatrici - Duplicatori", "Additional Info": "Giornali - Libri Riviste - Opuscoli", "page_num": 361, "source_file": "page_361_semantic.csv", "section": "indice_generale", "civic_num": 3534.0, "civic_lett": null, "sestiere_parsed": "DORSODURO", "parish_parsed": null, "sestiere_implied": false, "match_note": "Exact civic number match via direct sestiere join — recovered from nb05 parish boundary miss", "location_cleaned": "False", "fail_reason": "number_not_in_reference", "nom_classification": "inside_venice", "nominatim_query": null, "nominatim_flagged": false, "matched_lat": 45.436846740633783, "matched_lon": 12.321536999190396, "match_confidence": "nciv_direct_exact", "geocoding_tier": "1b" }, "geometry": { "type": "Point", "coordinates": [ 12.321536999190396, 45.436846740633783 ] } },
{ "type": "Feature", "properties": { "Name": "Caos Erminia", "Address": "S. Elena, Via Chinotti 24", "Location": null, "Category": "osteria", "Role": null, "Profession": "Macchine per scrivere - Calcolatrici - Duplicatori", "Additional Info": "Phone: 25-889", "page_num": 362, "source_file": "page_362_semantic.csv", "section": "indice_generale", "civic_num": 24.0, "civic_lett": null, "sestiere_parsed": "CASTELLO", "parish_parsed": null, "sestiere_implied": false, "match_note": "Exact civic number match via direct sestiere join — recovered from nb05 parish boundary miss", "location_cleaned": null, "fail_reason": "number_not_in_reference", "nom_classification": "inside_venice", "nominatim_query": "Sant'Elena, Via Chinotti, Venezia, Italy", "nominatim_flagged": false, "matched_lat": 45.42750712012063, "matched_lon": 12.360539139869108, "match_confidence": "nciv_direct_exact", "geocoding_tier": "1b" }, "geometry": { "type": "Point", "coordinates": [ 12.360539139869108, 45.42750712012063 ] } },
{ "type": "Feature", "properties": { "Name": "Cacacci Beniamino", "Address": "Dorsoduro numero 3527", "Location": null, "Category": "pasticceria", "Role": null, "Profession": "Macchine per scrivere - Calcolatrici - Duplicatori", "Additional Info": "DITTA MIELLO VIRGINIO", "page_num": 363, "source_file": "page_363_semantic.csv", "section": "indice_generale", "civic_num": 3527.0, "civic_lett": null, "sestiere_parsed": "DORSODURO", "parish_parsed": null, "sestiere_implied": false, "match_note": "Exact civic number match via direct sestiere join — recovered from nb05 parish boundary miss", "location_cleaned": null, "fail_reason": "number_not_in_reference", "nom_classification": "inside_venice", "nominatim_query": null, "nominatim_flagged": false, "matched_lat": 45.436920040562427, "matched_lon": 12.321232047637798, "match_confidence": "nciv_direct_exact", "geocoding_tier": "1b" }, "geometry": { "type": "Point", "coordinates": [ 12.321232047637798, 45.436920040562427 ] } },
{ "type": "Feature", "properties": { "Name": "Cassini Gio Batta", "Address": "Castello, numero 3150", "Location": "Castello", "Category": "terrazzi piorellane", "Role": null, "Profession": null, "Additional Info": "S. Polo", "page_num": 365, "source_file": "page_365_semantic.csv", "section": "indice_generale", "civic_num": 3150.0, "civic_lett": null, "sestiere_parsed": "CASTELLO", "parish_parsed": null, "sestiere_implied": false, "match_note": "Exact civic number match via direct sestiere join — recovered from nb05 parish boundary miss", "location_cleaned": "False", "fail_reason": "number_not_in_reference", "nom_classification": "inside_venice", "nominatim_query": null, "nominatim_flagged": false, "matched_lat": 45.43714117612349, "matched_lon": 12.347320568335892, "match_confidence": "nciv_direct_exact", "geocoding_tier": "1b" }, "geometry": { "type": "Point", "coordinates": [ 12.347320568335892, 45.43714117612349 ] } },
{ "type": "Feature", "properties": { "Name": "Cinti Luigi", "Address": "S. Polo 1725", "Location": "S. Canciano", "Category": "CINEMA S. Margherita", "Role": null, "Profession": "Lavorazione artistica mosaici in smalto di vetro Veneziano", "Additional Info": "ferramenta e colori", "page_num": 370, "source_file": "page_370_semantic.csv", "section": "indice_generale", "civic_num": 1725.0, "civic_lett": null, "sestiere_parsed": "SAN POLO", "parish_parsed": null, "sestiere_implied": false, "match_note": "Exact civic number match via direct sestiere join — recovered from nb05 parish boundary miss", "location_cleaned": null, "fail_reason": "number_not_in_reference", "nom_classification": "inside_venice", "nominatim_query": null, "nominatim_flagged": false, "matched_lat": 45.43954649070524, "matched_lon": 12.332232980623727, "match_confidence": "nciv_direct_exact", "geocoding_tier": "1b" }, "geometry": { "type": "Point", "coordinates": [ 12.332232980623727, 45.43954649070524 ] } },
{ "type": "Feature", "properties": { "Name": "Ciriotto Adele ved. Guadagnin Giuseppe", "Address": "Campo V. E. III, 12", "Location": "S. Elena", "Category": "CINEMA S. Margherita", "Role": null, "Profession": "Lavorazione artistica mosaici in smalto di vetro Veneziano", "Additional Info": "alimentari (dett.)", "page_num": 370, "source_file": "page_370_semantic.csv", "section": "indice_generale", "civic_num": 12.0, "civic_lett": null, "sestiere_parsed": "CASTELLO", "parish_parsed": null, "sestiere_implied": false, "match_note": "Exact civic number match via direct sestiere join — recovered from nb05 parish boundary miss", "location_cleaned": null, "fail_reason": "number_not_in_reference", "nom_classification": "inside_venice", "nominatim_query": "Campo Vittorio Emanuele III, Venezia, Italy", "nominatim_flagged": false, "matched_lat": 45.428116832373526, "matched_lon": 12.361438820128308, "match_confidence": "nciv_direct_exact", "geocoding_tier": "1b" }, "geometry": { "type": "Point", "coordinates": [ 12.361438820128308, 45.428116832373526 ] } },
{ "type": "Feature", "properties": { "Name": "Consorzio Veneziano Importazione Vini Soc. a. r. l.", "Address": "S. Croce 89", "Location": "S. Croce", "Category": "Vini (grossista)", "Role": null, "Profession": "Vendita e Mobilizzi", "Additional Info": "1947", "page_num": 373, "source_file": "page_373_semantic.csv", "section": "indice_generale", "civic_num": 89.0, "civic_lett": null, "sestiere_parsed": "SANTA CROCE", "parish_parsed": null, "sestiere_implied": false, "match_note": "Exact civic number match via direct sestiere join — recovered from nb05 parish boundary miss", "location_cleaned": "False", "fail_reason": "number_not_in_reference", "nom_classification": "inside_venice", "nominatim_query": "Sestiere Santa Croce, Venezia, Italy", "nominatim_flagged": false, "matched_lat": 45.436998510258043, "matched_lon": 12.323762667319969, "match_confidence": "nciv_direct_exact", "geocoding_tier": "1b" }, "geometry": { "type": "Point", "coordinates": [ 12.323762667319969, 45.436998510258043 ] } },
{ "type": "Feature", "properties": { "Name": "Contanelli Luciano", "Address": "S. Croce 89", "Location": "automologerie e autorimesse", "Category": "Giornali (rivendita)", "Role": null, "Profession": "Vendita e Mobilizzi", "Additional Info": "Strada Nuova", "page_num": 373, "source_file": "page_373_semantic.csv", "section": "indice_generale", "civic_num": 89.0, "civic_lett": null, "sestiere_parsed": "SANTA CROCE", "parish_parsed": null, "sestiere_implied": false, "match_note": "Exact civic number match via direct sestiere join — recovered from nb05 parish boundary miss", "location_cleaned": "False", "fail_reason": "number_not_in_reference", "nom_classification": "inside_venice", "nominatim_query": null, "nominatim_flagged": false, "matched_lat": 45.436998510258043, "matched_lon": 12.323762667319969, "match_confidence": "nciv_direct_exact", "geocoding_tier": "1b" }, "geometry": { "type": "Point", "coordinates": [ 12.323762667319969, 45.436998510258043 ] } },
{ "type": "Feature", "properties": { "Name": "Contardo Giulio", "Address": "Castello 3222", "Location": "Castello", "Category": "Alimentari (det.t)", "Role": null, "Profession": "Vendita e Mobilizzi", "Additional Info": "1947", "page_num": 373, "source_file": "page_373_semantic.csv", "section": "indice_generale", "civic_num": 3222.0, "civic_lett": null, "sestiere_parsed": "CASTELLO", "parish_parsed": null, "sestiere_implied": false, "match_note": "Exact civic number match via direct sestiere join — recovered from nb05 parish boundary miss", "location_cleaned": "False", "fail_reason": "number_not_in_reference", "nom_classification": "inside_venice", "nominatim_query": "Sestiere Castello, Venezia, Italy", "nominatim_flagged": false, "matched_lat": 45.436429158721936, "matched_lon": 12.347421826879303, "match_confidence": "nciv_direct_exact", "geocoding_tier": "1b" }, "geometry": { "type": "Point", "coordinates": [ 12.347421826879303, 45.436429158721936 ] } },
{ "type": "Feature", "properties": { "Name": "Conte", "Address": "Castello 2145-866", "Location": "Castello", "Category": "Pensione", "Role": null, "Profession": "Vendita e Mobilizzi", "Additional Info": "1947", "page_num": 373, "source_file": "page_373_semantic.csv", "section": "indice_generale", "civic_num": 2145.0, "civic_lett": null, "sestiere_parsed": "CASTELLO", "parish_parsed": null, "sestiere_implied": false, "match_note": "Exact civic number match via direct sestiere join — recovered from nb05 parish boundary miss", "location_cleaned": "False", "fail_reason": "number_not_in_reference", "nom_classification": "inside_venice", "nominatim_query": "Sestiere Castello, Venezia, Italy", "nominatim_flagged": false, "matched_lat": 45.432236619159731, "matched_lon": 12.350549587115545, "match_confidence": "nciv_direct_exact", "geocoding_tier": "1b" }, "geometry": { "type": "Point", "coordinates": [ 12.350549587115545, 45.432236619159731 ] } },
{ "type": "Feature", "properties": { "Name": "Console Quglieno", "Address": "Via M. Sabotino 8", "Location": "Materiale elettrico", "Category": null, "Role": null, "Profession": "Vendita e Mobilizzi", "Additional Info": "Mestre | Gugo", "page_num": 373, "source_file": "page_373_semantic.csv", "section": "indice_generale", "civic_num": null, "civic_lett": null, "sestiere_parsed": null, "parish_parsed": null, "sestiere_implied": false, "match_note": "Recovered from Category, re-geocoded via Nominatim with corrected query: Via Monte Sabotino 8, Marghera, Italia", "location_cleaned": "False", "fail_reason": "no_civic_number", "nom_classification": "inside_venice", "nominatim_query": null, "nominatim_flagged": false, "matched_lat": 45.4848968, "matched_lon": 12.2299371, "match_confidence": "category_nominatim_retry", "geocoding_tier": "10" }, "geometry": { "type": "Point", "coordinates": [ 12.2299371, 45.4848968 ] } },
{ "type": "Feature", "properties": { "Name": "Corolato Lidia", "Address": "S. Polo 1901", "Location": "automologerie e autorimesse", "Category": "Commercial", "Role": null, "Profession": "Vendita e Mobilizzi", "Additional Info": "lingerie e maglieric", "page_num": 374, "source_file": "page_374_semantic.csv", "section": "indice_generale", "civic_num": 1901.0, "civic_lett": null, "sestiere_parsed": "SAN POLO", "parish_parsed": null, "sestiere_implied": false, "match_note": "Exact civic number match via direct sestiere join — recovered from nb05 parish boundary miss", "location_cleaned": null, "fail_reason": "number_not_in_reference", "nom_classification": "inside_venice", "nominatim_query": "Sestiere San Polo, Venezia, Italy", "nominatim_flagged": false, "matched_lat": 45.438647432440455, "matched_lon": 12.331314241182309, "match_confidence": "nciv_direct_exact", "geocoding_tier": "1b" }, "geometry": { "type": "Point", "coordinates": [ 12.331314241182309, 45.438647432440455 ] } },
{ "type": "Feature", "properties": { "Name": "Costantini Ferruccio", "Address": "D. Duro 1684", "Location": "automologerie e autorimesse", "Category": "profumi e affini (fab. brcia)", "Role": null, "Profession": "Vendita e Mobilizzi", "Additional Info": "1947", "page_num": 375, "source_file": "page_375_semantic.csv", "section": "indice_generale", "civic_num": 1684.0, "civic_lett": null, "sestiere_parsed": "DORSODURO", "parish_parsed": null, "sestiere_implied": false, "match_note": "Exact civic number match via direct sestiere join — recovered from nb05 parish boundary miss", "location_cleaned": "False", "fail_reason": "number_not_in_reference", "nom_classification": "inside_venice", "nominatim_query": null, "nominatim_flagged": false, "matched_lat": 45.431859660902767, "matched_lon": 12.319062649499758, "match_confidence": "nciv_direct_exact", "geocoding_tier": "1b" }, "geometry": { "type": "Point", "coordinates": [ 12.319062649499758, 45.431859660902767 ] } },
{ "type": "Feature", "properties": { "Name": "De Re Angelo", "Address": "S. Polo 1860", "Location": "automologerie e autorimesse", "Category": "trattoria", "Role": null, "Profession": "Vendita e Mobilizzi", "Additional Info": "1947", "page_num": 379, "source_file": "page_379_semantic.csv", "section": "indice_generale", "civic_num": 1860.0, "civic_lett": null, "sestiere_parsed": "SAN POLO", "parish_parsed": null, "sestiere_implied": false, "match_note": "Exact civic number match via direct sestiere join — recovered from nb05 parish boundary miss", "location_cleaned": null, "fail_reason": "number_not_in_reference", "nom_classification": "inside_venice", "nominatim_query": null, "nominatim_flagged": false, "matched_lat": 45.439523368051866, "matched_lon": 12.331860774376064, "match_confidence": "nciv_direct_exact", "geocoding_tier": "1b" }, "geometry": { "type": "Point", "coordinates": [ 12.331860774376064, 45.439523368051866 ] } },
{ "type": "Feature", "properties": { "Name": "De Marchi Vittorio", "Address": "S. Polo 1789", "Location": "automologerie e autorimesse", "Category": "cereali (grossista e de-posto)", "Role": null, "Profession": "Vendita e Mobilizzi", "Additional Info": "ZAGO F.LLI", "page_num": 382, "source_file": "page_382_semantic.csv", "section": "indice_generale", "civic_num": 1789.0, "civic_lett": null, "sestiere_parsed": "SAN POLO", "parish_parsed": null, "sestiere_implied": false, "match_note": "Exact civic number match via direct sestiere join — recovered from nb05 parish boundary miss", "location_cleaned": null, "fail_reason": "number_not_in_reference", "nom_classification": "inside_venice", "nominatim_query": null, "nominatim_flagged": false, "matched_lat": 45.440363608898529, "matched_lon": 12.333065462738173, "match_confidence": "nciv_direct_exact", "geocoding_tier": "1b" }, "geometry": { "type": "Point", "coordinates": [ 12.333065462738173, 45.440363608898529 ] } },
{ "type": "Feature", "properties": { "Name": "Demin Maria", "Address": "S. Croce 111-A", "Location": "automologerie e autorimesse", "Category": null, "Role": null, "Profession": "Vendita e Mobilizzi", "Additional Info": "sarta", "page_num": 382, "source_file": "page_382_semantic.csv", "section": "indice_generale", "civic_num": 111.0, "civic_lett": "A", "sestiere_parsed": "SANTA CROCE", "parish_parsed": null, "sestiere_implied": false, "match_note": "Exact civic number match via direct sestiere join — recovered from nb05 parish boundary miss", "location_cleaned": null, "fail_reason": "number_not_in_reference", "nom_classification": "inside_venice", "nominatim_query": null, "nominatim_flagged": false, "matched_lat": 45.436537947771143, "matched_lon": 12.323338405415615, "match_confidence": "nciv_direct_exact", "geocoding_tier": "1b" }, "geometry": { "type": "Point", "coordinates": [ 12.323338405415615, 45.436537947771143 ] } },
{ "type": "Feature", "properties": { "Name": "De Rai Carlotta", "Address": "D. Duro 3593", "Location": "automologerie e autorimesse", "Category": null, "Role": null, "Profession": "Vendita e Mobilizzi", "Additional Info": "sarta", "page_num": 382, "source_file": "page_382_semantic.csv", "section": "indice_generale", "civic_num": 3593.0, "civic_lett": null, "sestiere_parsed": "DORSODURO", "parish_parsed": null, "sestiere_implied": false, "match_note": "Exact civic number match via direct sestiere join — recovered from nb05 parish boundary miss", "location_cleaned": null, "fail_reason": "number_not_in_reference", "nom_classification": "inside_venice", "nominatim_query": null, "nominatim_flagged": false, "matched_lat": 45.436168236508912, "matched_lon": 12.32253533739464, "match_confidence": "nciv_direct_exact", "geocoding_tier": "1b" }, "geometry": { "type": "Point", "coordinates": [ 12.32253533739464, 45.436168236508912 ] } },
{ "type": "Feature", "properties": { "Name": "De Zordi Aldo", "Address": "S. Polo 1823", "Location": null, "Category": "AFFITTANO APPARTAMENTI", "Role": null, "Profession": "Duplicatori", "Additional Info": "oggetti usati", "page_num": 383, "source_file": "page_383_semantic.csv", "section": "indice_generale", "civic_num": 1823.0, "civic_lett": null, "sestiere_parsed": "SAN POLO", "parish_parsed": null, "sestiere_implied": false, "match_note": "Exact civic number match via direct sestiere join — recovered from nb05 parish boundary miss", "location_cleaned": "False", "fail_reason": "number_not_in_reference", "nom_classification": "inside_venice", "nominatim_query": null, "nominatim_flagged": false, "matched_lat": 45.440140802685235, "matched_lon": 12.332481196063933, "match_confidence": "nciv_direct_exact", "geocoding_tier": "1b" }, "geometry": { "type": "Point", "coordinates": [ 12.332481196063933, 45.440140802685235 ] } },
{ "type": "Feature", "properties": { "Name": "Fantin Giuseppe", "Address": "Cannaregio 6413", "Location": "VENEZIA", "Category": "rappresentante generi alimentari", "Role": null, "Profession": "panificio. SS.", "Additional Info": "Photography Studio", "page_num": 389, "source_file": "page_389_semantic.csv", "section": "indice_generale", "civic_num": 6413.0, "civic_lett": null, "sestiere_parsed": "CANNAREGIO", "parish_parsed": null, "sestiere_implied": false, "match_note": "Exact civic number match via direct sestiere join — recovered from nb05 parish boundary miss", "location_cleaned": null, "fail_reason": "number_not_in_reference", "nom_classification": "inside_venice", "nominatim_query": null, "nominatim_flagged": false, "matched_lat": 45.438832509125078, "matched_lon": 12.3403744911963, "match_confidence": "nciv_direct_exact", "geocoding_tier": "1b" }, "geometry": { "type": "Point", "coordinates": [ 12.3403744911963, 45.438832509125078 ] } },
{ "type": "Feature", "properties": { "Name": "Farinelli Alfredo", "Address": "S. Elena numero 47", "Location": "VENEZIA", "Category": "Forniture complete MOBILI e ACCESSORI per UFFICIO", "Role": null, "Profession": "panificio. SS.", "Additional Info": "sarto da uomo", "page_num": 389, "source_file": "page_389_semantic.csv", "section": "indice_generale", "civic_num": 47.0, "civic_lett": null, "sestiere_parsed": "CASTELLO", "parish_parsed": null, "sestiere_implied": false, "match_note": "Exact civic number match via direct sestiere join — recovered from nb05 parish boundary miss", "location_cleaned": null, "fail_reason": "number_not_in_reference", "nom_classification": "inside_venice", "nominatim_query": "Sant'Elena, Venezia, Italy", "nominatim_flagged": false, "matched_lat": 45.42659216741361, "matched_lon": 12.361154993126391, "match_confidence": "nciv_direct_exact", "geocoding_tier": "1b" }, "geometry": { "type": "Point", "coordinates": [ 12.361154993126391, 45.42659216741361 ] } },
{ "type": "Feature", "properties": { "Name": "Favero Giovanni", "Address": "S. Polo 1671", "Location": null, "Category": null, "Role": null, "Profession": "Macchine per scrivere - Calcolatrici - Duplicatori", "Additional Info": "imprese edile", "page_num": 390, "source_file": "page_390_semantic.csv", "section": "indice_generale", "civic_num": 1671.0, "civic_lett": null, "sestiere_parsed": "SAN POLO", "parish_parsed": null, "sestiere_implied": false, "match_note": "Exact civic number match via direct sestiere join — recovered from nb05 parish boundary miss", "location_cleaned": "False", "fail_reason": "number_not_in_reference", "nom_classification": "inside_venice", "nominatim_query": "San Polo, Venezia, Italy", "nominatim_flagged": false, "matched_lat": 45.43986004892124, "matched_lon": 12.33271954396762, "match_confidence": "nciv_direct_exact", "geocoding_tier": "1b" }, "geometry": { "type": "Point", "coordinates": [ 12.33271954396762, 45.43986004892124 ] } },
{ "type": "Feature", "properties": { "Name": "Fazzino Paolo", "Address": "S. Polo 1723", "Location": null, "Category": null, "Role": null, "Profession": "Macchine per scrivere - Calcolatrici - Duplicatori", "Additional Info": "articoli sanitari", "page_num": 390, "source_file": "page_390_semantic.csv", "section": "indice_generale", "civic_num": 1723.0, "civic_lett": null, "sestiere_parsed": "SAN POLO", "parish_parsed": null, "sestiere_implied": false, "match_note": "Exact civic number match via direct sestiere join — recovered from nb05 parish boundary miss", "location_cleaned": "False", "fail_reason": "number_not_in_reference", "nom_classification": "inside_venice", "nominatim_query": "San Polo, Venezia, Italy", "nominatim_flagged": false, "matched_lat": 45.439511370403793, "matched_lon": 12.33231002387549, "match_confidence": "nciv_direct_exact", "geocoding_tier": "1b" }, "geometry": { "type": "Point", "coordinates": [ 12.33231002387549, 45.439511370403793 ] } },
{ "type": "Feature", "properties": { "Name": "Ferrarese Attilio", "Address": "Castello 2934A", "Location": null, "Category": "Fabbro Ferrario e Une-celnino", "Role": null, "Profession": "parroco S. Maria del Rosario (Gesuitati)", "Additional Info": "Photography Studio", "page_num": 391, "source_file": "page_391_semantic.csv", "section": "indice_generale", "civic_num": 2934.0, "civic_lett": "A", "sestiere_parsed": "CASTELLO", "parish_parsed": null, "sestiere_implied": false, "match_note": "Exact civic number match via direct sestiere join — recovered from nb05 parish boundary miss", "location_cleaned": "False", "fail_reason": "number_not_in_reference", "nom_classification": "inside_venice", "nominatim_query": null, "nominatim_flagged": false, "matched_lat": 45.437312159405039, "matched_lon": 12.347012306371784, "match_confidence": "nciv_direct_exact", "geocoding_tier": "1b" }, "geometry": { "type": "Point", "coordinates": [ 12.347012306371784, 45.437312159405039 ] } },
{ "type": "Feature", "properties": { "Name": "Ferzusch Gio Batta", "Address": "S. Polo numero 1726", "Location": null, "Category": "farmacista", "Role": null, "Profession": "parroco S. Maria del Rosario (Gesuitati)", "Additional Info": "Photography Studio", "page_num": 392, "source_file": "page_392_semantic.csv", "section": "indice_generale", "civic_num": 1726.0, "civic_lett": null, "sestiere_parsed": "SAN POLO", "parish_parsed": null, "sestiere_implied": false, "match_note": "Exact civic number match via direct sestiere join — recovered from nb05 parish boundary miss", "location_cleaned": "False", "fail_reason": "number_not_in_reference", "nom_classification": "inside_venice", "nominatim_query": null, "nominatim_flagged": false, "matched_lat": 45.439473318290176, "matched_lon": 12.332303989867436, "match_confidence": "nciv_direct_exact", "geocoding_tier": "1b" }, "geometry": { "type": "Point", "coordinates": [ 12.332303989867436, 45.439473318290176 ] } },
{ "type": "Feature", "properties": { "Name": "Foshi Ferdinando", "Address": "Castello 3167", "Location": null, "Category": "VALESE LUIGI", "Role": null, "Profession": "MACCHINE PER SCRIVERE - DUPLICATORI - ACCESSORI", "Additional Info": "osteria", "page_num": 394, "source_file": "page_394_semantic.csv", "section": "indice_generale", "civic_num": 3167.0, "civic_lett": null, "sestiere_parsed": "CASTELLO", "parish_parsed": null, "sestiere_implied": false, "match_note": "Exact civic number match via direct sestiere join — recovered from nb05 parish boundary miss", "location_cleaned": "False", "fail_reason": "number_not_in_reference", "nom_classification": "inside_venice", "nominatim_query": null, "nominatim_flagged": false, "matched_lat": 45.437023788693907, "matched_lon": 12.347266925853583, "match_confidence": "nciv_direct_exact", "geocoding_tier": "1b" }, "geometry": { "type": "Point", "coordinates": [ 12.347266925853583, 45.437023788693907 ] } },
{ "type": "Feature", "properties": { "Name": "Funes Marcella", "Address": "Cann. 6374", "Location": null, "Category": "profumeria", "Role": null, "Profession": "parroco S. Maria del Rosario (Gesuitati)", "Additional Info": "Photography Studio", "page_num": 396, "source_file": "page_396_semantic.csv", "section": "indice_generale", "civic_num": 6374.0, "civic_lett": null, "sestiere_parsed": "CANNAREGIO", "parish_parsed": null, "sestiere_implied": false, "match_note": "Exact civic number match via direct sestiere join — recovered from nb05 parish boundary miss", "location_cleaned": null, "fail_reason": "number_not_in_reference", "nom_classification": "inside_venice", "nominatim_query": null, "nominatim_flagged": false, "matched_lat": 45.439704139281062, "matched_lon": 12.340757415111408, "match_confidence": "nciv_direct_exact", "geocoding_tier": "1b" }, "geometry": { "type": "Point", "coordinates": [ 12.340757415111408, 45.439704139281062 ] } },
{ "type": "Feature", "properties": { "Name": "Galleria dei Piccini", "Address": "Castello 2862", "Location": null, "Category": "confezioni per bambini", "Role": null, "Profession": "MACCHINE PER SCRIVERE - DUPLICATORI - ACCESSORI", "Additional Info": "Villi & C.", "page_num": 397, "source_file": "page_397_semantic.csv", "section": "indice_generale", "civic_num": 2862.0, "civic_lett": null, "sestiere_parsed": "CASTELLO", "parish_parsed": null, "sestiere_implied": false, "match_note": "Exact civic number match via direct sestiere join — recovered from nb05 parish boundary miss", "location_cleaned": null, "fail_reason": "number_not_in_reference", "nom_classification": "inside_venice", "nominatim_query": null, "nominatim_flagged": false, "matched_lat": 45.437363927979135, "matched_lon": 12.346370564422948, "match_confidence": "nciv_direct_exact", "geocoding_tier": "1b" }, "geometry": { "type": "Point", "coordinates": [ 12.346370564422948, 45.437363927979135 ] } },
{ "type": "Feature", "properties": { "Name": "Gallinari Antonio", "Address": "San Polo 1911", "Location": null, "Category": "Antiche", "Role": null, "Profession": "Cairampane trattoria", "Additional Info": "INSEGNE LUMINOSE e NEONI, AUDOTRìCI ARTISTICHE LUMINOSE", "page_num": 397, "source_file": "page_397_semantic.csv", "section": "indice_generale", "civic_num": 1911.0, "civic_lett": null, "sestiere_parsed": "SAN POLO", "parish_parsed": null, "sestiere_implied": false, "match_note": "Exact civic number match via direct sestiere join — recovered from nb05 parish boundary miss", "location_cleaned": null, "fail_reason": "number_not_in_reference", "nom_classification": "inside_venice", "nominatim_query": null, "nominatim_flagged": false, "matched_lat": 45.43866834518716, "matched_lon": 12.331090523989964, "match_confidence": "nciv_direct_exact", "geocoding_tier": "1b" }, "geometry": { "type": "Point", "coordinates": [ 12.331090523989964, 45.43866834518716 ] } },
{ "type": "Feature", "properties": { "Name": "Gallina Rosario", "Address": "San Polo 1911", "Location": "D. Duro", "Category": "leatarie", "Role": null, "Profession": "MACCHINE PER SCRIVERE - DUPLICATORI - ACCESSORI", "Additional Info": "INSEGNE LUMINOSE e NEONI, AUDOTRìCI ARTISTICHE LUMINOSE", "page_num": 397, "source_file": "page_397_semantic.csv", "section": "indice_generale", "civic_num": 1911.0, "civic_lett": null, "sestiere_parsed": "SAN POLO", "parish_parsed": null, "sestiere_implied": false, "match_note": "Exact civic number match via direct sestiere join — recovered from nb05 parish boundary miss", "location_cleaned": null, "fail_reason": "number_not_in_reference", "nom_classification": "inside_venice", "nominatim_query": null, "nominatim_flagged": false, "matched_lat": 45.43866834518716, "matched_lon": 12.331090523989964, "match_confidence": "nciv_direct_exact", "geocoding_tier": "1b" }, "geometry": { "type": "Point", "coordinates": [ 12.331090523989964, 45.43866834518716 ] } },
{ "type": "Feature", "properties": { "Name": "Gherardi Luciano e Ferruccio", "Address": "S. Polo 1726", "Location": null, "Category": "Nuova Editoriale S. A.", "Role": null, "Profession": "dettaglio", "Additional Info": "alimentari", "page_num": 400, "source_file": "page_400_semantic.csv", "section": "indice_generale", "civic_num": 1726.0, "civic_lett": null, "sestiere_parsed": "SAN POLO", "parish_parsed": null, "sestiere_implied": false, "match_note": "Exact civic number match via direct sestiere join — recovered from nb05 parish boundary miss", "location_cleaned": "False", "fail_reason": "number_not_in_reference", "nom_classification": "inside_venice", "nominatim_query": null, "nominatim_flagged": false, "matched_lat": 45.439473318290176, "matched_lon": 12.332303989867436, "match_confidence": "nciv_direct_exact", "geocoding_tier": "1b" }, "geometry": { "type": "Point", "coordinates": [ 12.332303989867436, 45.439473318290176 ] } },
{ "type": "Feature", "properties": { "Name": "Gianoli Olga in Reinier", "Address": "Castello 3005", "Location": null, "Category": "sarto a uomo", "Role": null, "Profession": null, "Additional Info": "OFFICINA RIPARAZIONI MACCHINE PER SCRIVERE", "page_num": 401, "source_file": "page_401_semantic.csv", "section": "indice_generale", "civic_num": 3005.0, "civic_lett": null, "sestiere_parsed": "CASTELLO", "parish_parsed": null, "sestiere_implied": false, "match_note": "Exact civic number match via direct sestiere join — recovered from nb05 parish boundary miss", "location_cleaned": null, "fail_reason": "number_not_in_reference", "nom_classification": "inside_venice", "nominatim_query": null, "nominatim_flagged": false, "matched_lat": 45.436934490466591, "matched_lon": 12.347970808350222, "match_confidence": "nciv_direct_exact", "geocoding_tier": "1b" }, "geometry": { "type": "Point", "coordinates": [ 12.347970808350222, 45.436934490466591 ] } },
{ "type": "Feature", "properties": { "Name": "Girardi Alfredo", "Address": "Castello 3189-A", "Location": null, "Category": "Tuberero", "Role": null, "Profession": "MACCHINE PER SCRIVERE - DUPLICATORI - ACCESSORI", "Additional Info": "INSEGNE LUMINOSE e NEONI, AUDOTRìCI ARTISTICHE LUMINOSE", "page_num": 402, "source_file": "page_402_semantic.csv", "section": "indice_generale", "civic_num": 3189.0, "civic_lett": "A", "sestiere_parsed": "CASTELLO", "parish_parsed": null, "sestiere_implied": false, "match_note": "Exact civic number match via direct sestiere join — recovered from nb05 parish boundary miss", "location_cleaned": null, "fail_reason": "number_not_in_reference", "nom_classification": "inside_venice", "nominatim_query": null, "nominatim_flagged": false, "matched_lat": 45.43673709671409, "matched_lon": 12.347477631032897, "match_confidence": "nciv_direct_exact", "geocoding_tier": "1b" }, "geometry": { "type": "Point", "coordinates": [ 12.347477631032897, 45.43673709671409 ] } },
{ "type": "Feature", "properties": { "Name": "Girolami Antonio", "Address": "San Polo 1700", "Location": null, "Category": "Alimentari", "Role": null, "Profession": "MACCHINE PER SCRIVERE - DUPLICATORI - ACCESSORI", "Additional Info": "Det.", "page_num": 402, "source_file": "page_402_semantic.csv", "section": "indice_generale", "civic_num": 1700.0, "civic_lett": null, "sestiere_parsed": "SAN POLO", "parish_parsed": null, "sestiere_implied": false, "match_note": "Exact civic number match via direct sestiere join — recovered from nb05 parish boundary miss", "location_cleaned": null, "fail_reason": "number_not_in_reference", "nom_classification": "inside_venice", "nominatim_query": null, "nominatim_flagged": false, "matched_lat": 45.439478986747083, "matched_lon": 12.332697658145218, "match_confidence": "nciv_direct_exact", "geocoding_tier": "1b" }, "geometry": { "type": "Point", "coordinates": [ 12.332697658145218, 45.439478986747083 ] } },
{ "type": "Feature", "properties": { "Name": "Gofetto c. S.o.c. Soc. Ttianto", "Address": "Castello 2720", "Location": null, "Category": "Geometra", "Role": null, "Profession": "MACCHINE PER SCRIVERE - DUPLICATORI - ACCESSORI", "Additional Info": "INSEGNE LUMINOSE e NEONI, AUDOTRìCI ARTISTICHE LUMINOSE", "page_num": 402, "source_file": "page_402_semantic.csv", "section": "indice_generale", "civic_num": 2720.0, "civic_lett": null, "sestiere_parsed": "CASTELLO", "parish_parsed": null, "sestiere_implied": false, "match_note": "Exact civic number match via direct sestiere join — recovered from nb05 parish boundary miss", "location_cleaned": null, "fail_reason": "number_not_in_reference", "nom_classification": "inside_venice", "nominatim_query": null, "nominatim_flagged": false, "matched_lat": 45.437554208904587, "matched_lon": 12.34894320544875, "match_confidence": "nciv_direct_exact", "geocoding_tier": "1b" }, "geometry": { "type": "Point", "coordinates": [ 12.34894320544875, 45.437554208904587 ] } },
{ "type": "Feature", "properties": { "Name": "ZAGO E.LLI", "Address": "Castello 2720", "Location": null, "Category": "Ritratti artistici, Lavori industriali", "Role": null, "Profession": "VENEZIA s. Focn, 1079", "Additional Info": "Reparto eluciconografico: vendita materiale fotocinemografico, Telefono 24.99", "page_num": 402, "source_file": "page_402_semantic.csv", "section": "indice_generale", "civic_num": 2720.0, "civic_lett": null, "sestiere_parsed": "CASTELLO", "parish_parsed": null, "sestiere_implied": false, "match_note": "Exact civic number match via direct sestiere join — recovered from nb05 parish boundary miss", "location_cleaned": null, "fail_reason": "number_not_in_reference", "nom_classification": "inside_venice", "nominatim_query": null, "nominatim_flagged": false, "matched_lat": 45.437554208904587, "matched_lon": 12.34894320544875, "match_confidence": "nciv_direct_exact", "geocoding_tier": "1b" }, "geometry": { "type": "Point", "coordinates": [ 12.34894320544875, 45.437554208904587 ] } },
{ "type": "Feature", "properties": { "Name": "ZAMPIRONI INSETTICIDI MESYRE", "Address": "Castello 2720", "Location": null, "Category": "Nuova Editoriale S. A.", "Role": null, "Profession": "Tutti i prodotti ZAMPIRONI sono di massima fiducia", "Additional Info": "INSEGNE LUMINOSE e NEONI, AUDOTRìCI ARTISTICHE LUMINOSE", "page_num": 402, "source_file": "page_402_semantic.csv", "section": "indice_generale", "civic_num": 2720.0, "civic_lett": null, "sestiere_parsed": "CASTELLO", "parish_parsed": null, "sestiere_implied": false, "match_note": "Exact civic number match via direct sestiere join — recovered from nb05 parish boundary miss", "location_cleaned": null, "fail_reason": "number_not_in_reference", "nom_classification": "inside_venice", "nominatim_query": null, "nominatim_flagged": false, "matched_lat": 45.437554208904587, "matched_lon": 12.34894320544875, "match_confidence": "nciv_direct_exact", "geocoding_tier": "1b" }, "geometry": { "type": "Point", "coordinates": [ 12.34894320544875, 45.437554208904587 ] } },
{ "type": "Feature", "properties": { "Name": "Impresa Costruzioni Adria I.C.A. Società a. r. l.", "Address": "Castello 2720", "Location": null, "Category": "Nuova Editoriale S. A.", "Role": null, "Profession": null, "Additional Info": "imprese ed apparti vari", "page_num": 406, "source_file": "page_406_semantic.csv", "section": "indice_generale", "civic_num": 2720.0, "civic_lett": null, "sestiere_parsed": "CASTELLO", "parish_parsed": null, "sestiere_implied": false, "match_note": "Exact civic number match via direct sestiere join — recovered from nb05 parish boundary miss", "location_cleaned": "False", "fail_reason": "number_not_in_reference", "nom_classification": "inside_venice", "nominatim_query": null, "nominatim_flagged": false, "matched_lat": 45.437554208904587, "matched_lon": 12.34894320544875, "match_confidence": "nciv_direct_exact", "geocoding_tier": "1b" }, "geometry": { "type": "Point", "coordinates": [ 12.34894320544875, 45.437554208904587 ] } },
{ "type": "Feature", "properties": { "Name": "Istrian Carlotto", "Address": "Castello 2907", "Location": null, "Category": "trattoria", "Role": null, "Profession": null, "Additional Info": "Impresa Lavori Navali ed Affini Soc. An.", "page_num": 407, "source_file": "page_407_semantic.csv", "section": "indice_generale", "civic_num": 2907.0, "civic_lett": null, "sestiere_parsed": "CASTELLO", "parish_parsed": null, "sestiere_implied": false, "match_note": "Exact civic number match via direct sestiere join — recovered from nb05 parish boundary miss", "location_cleaned": null, "fail_reason": "number_not_in_reference", "nom_classification": "inside_venice", "nominatim_query": null, "nominatim_flagged": false, "matched_lat": 45.437458051641599, "matched_lon": 12.346412592021199, "match_confidence": "nciv_direct_exact", "geocoding_tier": "1b" }, "geometry": { "type": "Point", "coordinates": [ 12.346412592021199, 45.437458051641599 ] } },
{ "type": "Feature", "properties": { "Name": "Jesurun M.", "Address": "Cannarregio numero 6107", "Location": null, "Category": "OPIFCINA RIPARAZIONI MACCHINE PER SCRIVERE", "Role": null, "Profession": null, "Additional Info": "commerciante", "page_num": 407, "source_file": "page_407_semantic.csv", "section": "indice_generale", "civic_num": 6107.0, "civic_lett": null, "sestiere_parsed": "CANNAREGIO", "parish_parsed": null, "sestiere_implied": false, "match_note": "Exact civic number match via direct sestiere join — recovered from nb05 parish boundary miss", "location_cleaned": null, "fail_reason": "number_not_in_reference", "nom_classification": "inside_venice", "nominatim_query": null, "nominatim_flagged": false, "matched_lat": 45.438951055397624, "matched_lon": 12.340253729479915, "match_confidence": "nciv_direct_exact", "geocoding_tier": "1b" }, "geometry": { "type": "Point", "coordinates": [ 12.340253729479915, 45.438951055397624 ] } },
{ "type": "Feature", "properties": { "Name": "Jodice Salvatore", "Address": "San Polo 1895", "Location": null, "Category": "OPIFCINA RIPARAZIONI MACCHINE PER SCRIVERE", "Role": null, "Profession": null, "Additional Info": "alimentari (grosso)", "page_num": 408, "source_file": "page_408_semantic.csv", "section": "indice_generale", "civic_num": 1895.0, "civic_lett": null, "sestiere_parsed": "SAN POLO", "parish_parsed": null, "sestiere_implied": false, "match_note": "Exact civic number match via direct sestiere join — recovered from nb05 parish boundary miss", "location_cleaned": null, "fail_reason": "number_not_in_reference", "nom_classification": "inside_venice", "nominatim_query": null, "nominatim_flagged": false, "matched_lat": 45.43881692904634, "matched_lon": 12.331814611929008, "match_confidence": "nciv_direct_exact", "geocoding_tier": "1b" }, "geometry": { "type": "Point", "coordinates": [ 12.331814611929008, 45.43881692904634 ] } },
{ "type": "Feature", "properties": { "Name": "Juris Gino", "Address": "S. Croce 118", "Location": null, "Category": "OPIFCINA RIPARAZIONI MACCHINE PER SCRIVERE", "Role": null, "Profession": null, "Additional Info": "sartò da uomo", "page_num": 408, "source_file": "page_408_semantic.csv", "section": "indice_generale", "civic_num": 118.0, "civic_lett": null, "sestiere_parsed": "SANTA CROCE", "parish_parsed": null, "sestiere_implied": false, "match_note": "Exact civic number match via direct sestiere join — recovered from nb05 parish boundary miss", "location_cleaned": null, "fail_reason": "number_not_in_reference", "nom_classification": "inside_venice", "nominatim_query": null, "nominatim_flagged": false, "matched_lat": 45.436963984073067, "matched_lon": 12.323286266129609, "match_confidence": "nciv_direct_exact", "geocoding_tier": "1b" }, "geometry": { "type": "Point", "coordinates": [ 12.323286266129609, 45.436963984073067 ] } },
{ "type": "Feature", "properties": { "Name": "Laboratorio Chimico Sartorelli dr. Giulio", "Address": "Santa Croce 101", "Location": null, "Category": "prodotti farmaceutici (commercio)", "Role": null, "Profession": null, "Additional Info": "Impresa Lavori Navali ed Affini Soc. An.", "page_num": 408, "source_file": "page_408_semantic.csv", "section": "indice_generale", "civic_num": 101.0, "civic_lett": null, "sestiere_parsed": "SANTA CROCE", "parish_parsed": null, "sestiere_implied": false, "match_note": "Exact civic number match via direct sestiere join — recovered from nb05 parish boundary miss", "location_cleaned": null, "fail_reason": "number_not_in_reference", "nom_classification": "inside_venice", "nominatim_query": null, "nominatim_flagged": false, "matched_lat": 45.43641346241229, "matched_lon": 12.323486257560967, "match_confidence": "nciv_direct_exact", "geocoding_tier": "1b" }, "geometry": { "type": "Point", "coordinates": [ 12.323486257560967, 45.43641346241229 ] } },
{ "type": "Feature", "properties": { "Name": "Longega Giuseppe", "Address": "San Polo 1901", "Location": "cantine", "Category": "fabbro ferraio e meccanico", "Role": null, "Profession": "industria", "Additional Info": "Via Malamocco 97", "page_num": 412, "source_file": "page_412_semantic.csv", "section": "indice_generale", "civic_num": 1901.0, "civic_lett": null, "sestiere_parsed": "SAN POLO", "parish_parsed": null, "sestiere_implied": false, "match_note": "Exact civic number match via direct sestiere join — recovered from nb05 parish boundary miss", "location_cleaned": null, "fail_reason": "number_not_in_reference", "nom_classification": "inside_venice", "nominatim_query": null, "nominatim_flagged": false, "matched_lat": 45.438647432440455, "matched_lon": 12.331314241182309, "match_confidence": "nciv_direct_exact", "geocoding_tier": "1b" }, "geometry": { "type": "Point", "coordinates": [ 12.331314241182309, 45.438647432440455 ] } },
{ "type": "Feature", "properties": { "Name": "Lozzer Lodovico", "Address": "Castello 2929", "Location": "cantine", "Category": "colori e vernici (dett.)", "Role": null, "Profession": "industria", "Additional Info": "Via Malamocco 97", "page_num": 412, "source_file": "page_412_semantic.csv", "section": "indice_generale", "civic_num": 2929.0, "civic_lett": null, "sestiere_parsed": "CASTELLO", "parish_parsed": null, "sestiere_implied": false, "match_note": "Exact civic number match via direct sestiere join — recovered from nb05 parish boundary miss", "location_cleaned": null, "fail_reason": "number_not_in_reference", "nom_classification": "inside_venice", "nominatim_query": null, "nominatim_flagged": false, "matched_lat": 45.437413207387117, "matched_lon": 12.34691085966897, "match_confidence": "nciv_direct_exact", "geocoding_tier": "1b" }, "geometry": { "type": "Point", "coordinates": [ 12.34691085966897, 45.437413207387117 ] } },
{ "type": "Feature", "properties": { "Name": "Magrini ing. Alberto", "Address": "Cannaregio numero 6383", "Location": "cantine", "Category": "architetto", "Role": null, "Profession": "industria", "Additional Info": "Fondata nel 1877, Tel: 23-432", "page_num": 414, "source_file": "page_414_semantic.csv", "section": "indice_generale", "civic_num": 6383.0, "civic_lett": null, "sestiere_parsed": "CANNAREGIO", "parish_parsed": null, "sestiere_implied": false, "match_note": "Exact civic number match via direct sestiere join — recovered from nb05 parish boundary miss", "location_cleaned": null, "fail_reason": "number_not_in_reference", "nom_classification": "inside_venice", "nominatim_query": null, "nominatim_flagged": false, "matched_lat": 45.43964279850276, "matched_lon": 12.340587119647962, "match_confidence": "nciv_direct_exact", "geocoding_tier": "1b" }, "geometry": { "type": "Point", "coordinates": [ 12.340587119647962, 45.43964279850276 ] } },
{ "type": "Feature", "properties": { "Name": "Malvestro Palmira", "Address": "Cannaregio, numero 6378", "Location": "cantine", "Category": "bottiglieria", "Role": null, "Profession": "industria", "Additional Info": "Fondata nel 1877, Tel: 23-432", "page_num": 414, "source_file": "page_414_semantic.csv", "section": "indice_generale", "civic_num": 6378.0, "civic_lett": null, "sestiere_parsed": "CANNAREGIO", "parish_parsed": null, "sestiere_implied": false, "match_note": "Exact civic number match via direct sestiere join — recovered from nb05 parish boundary miss", "location_cleaned": null, "fail_reason": "number_not_in_reference", "nom_classification": "inside_venice", "nominatim_query": null, "nominatim_flagged": false, "matched_lat": 45.439610471977794, "matched_lon": 12.340949442634184, "match_confidence": "nciv_direct_exact", "geocoding_tier": "1b" }, "geometry": { "type": "Point", "coordinates": [ 12.340949442634184, 45.439610471977794 ] } },
{ "type": "Feature", "properties": { "Name": "Manarin Guido", "Address": "Dorsoduro 3553", "Location": "cantine", "Category": "pittore", "Role": null, "Profession": "industria", "Additional Info": "Fondata nel 1877, Tel: 23-432", "page_num": 414, "source_file": "page_414_semantic.csv", "section": "indice_generale", "civic_num": 3553.0, "civic_lett": null, "sestiere_parsed": "DORSODURO", "parish_parsed": null, "sestiere_implied": false, "match_note": "Exact civic number match via direct sestiere join — recovered from nb05 parish boundary miss", "location_cleaned": null, "fail_reason": "number_not_in_reference", "nom_classification": "inside_venice", "nominatim_query": null, "nominatim_flagged": false, "matched_lat": 45.436301746588498, "matched_lon": 12.322366550446294, "match_confidence": "nciv_direct_exact", "geocoding_tier": "1b" }, "geometry": { "type": "Point", "coordinates": [ 12.322366550446294, 45.436301746588498 ] } },
{ "type": "Feature", "properties": { "Name": "Manaci Concetta", "Address": "Castello 3043", "Location": "cantine", "Category": "carbonaio e legna (dettaglio)", "Role": null, "Profession": "industria", "Additional Info": "Fondata nel 1877, Tel: 23-432", "page_num": 414, "source_file": "page_414_semantic.csv", "section": "indice_generale", "civic_num": 3043.0, "civic_lett": null, "sestiere_parsed": "CASTELLO", "parish_parsed": null, "sestiere_implied": false, "match_note": "Exact civic number match via direct sestiere join — recovered from nb05 parish boundary miss", "location_cleaned": null, "fail_reason": "number_not_in_reference", "nom_classification": "inside_venice", "nominatim_query": null, "nominatim_flagged": false, "matched_lat": 45.436944889311654, "matched_lon": 12.348053295315648, "match_confidence": "nciv_direct_exact", "geocoding_tier": "1b" }, "geometry": { "type": "Point", "coordinates": [ 12.348053295315648, 45.436944889311654 ] } },
{ "type": "Feature", "properties": { "Name": "Mander Vincenzo", "Address": "Cann. 6341", "Location": "cantine", "Category": "impresa edile", "Role": null, "Profession": "industria", "Additional Info": "Fondata nel 1877, Tel: 23-432", "page_num": 414, "source_file": "page_414_semantic.csv", "section": "indice_generale", "civic_num": 6341.0, "civic_lett": null, "sestiere_parsed": "CANNAREGIO", "parish_parsed": null, "sestiere_implied": false, "match_note": "Exact civic number match via direct sestiere join — recovered from nb05 parish boundary miss", "location_cleaned": null, "fail_reason": "number_not_in_reference", "nom_classification": "inside_venice", "nominatim_query": null, "nominatim_flagged": false, "matched_lat": 45.440675465652873, "matched_lon": 12.341153061046681, "match_confidence": "nciv_direct_exact", "geocoding_tier": "1b" }, "geometry": { "type": "Point", "coordinates": [ 12.341153061046681, 45.440675465652873 ] } },
{ "type": "Feature", "properties": { "Name": "Manettin Mario", "Address": "Castello 3214", "Location": "cantine", "Category": "barbiere", "Role": null, "Profession": "industria", "Additional Info": "Fondata nel 1877, Tel: 23-432", "page_num": 414, "source_file": "page_414_semantic.csv", "section": "indice_generale", "civic_num": 3214.0, "civic_lett": null, "sestiere_parsed": "CASTELLO", "parish_parsed": null, "sestiere_implied": false, "match_note": "Exact civic number match via direct sestiere join — recovered from nb05 parish boundary miss", "location_cleaned": null, "fail_reason": "number_not_in_reference", "nom_classification": "inside_venice", "nominatim_query": null, "nominatim_flagged": false, "matched_lat": 45.436294652596793, "matched_lon": 12.347310236557114, "match_confidence": "nciv_direct_exact", "geocoding_tier": "1b" }, "geometry": { "type": "Point", "coordinates": [ 12.347310236557114, 45.436294652596793 ] } },
{ "type": "Feature", "properties": { "Name": "Manzin dr. Federico", "Address": "Castello 2845-A", "Location": "Fid. Prov. della (F.I.T.)", "Category": "Affitti Appartamenti", "Role": null, "Profession": "industria", "Additional Info": "Fondata nel 1877, Tel: 23-432", "page_num": 415, "source_file": "page_415_semantic.csv", "section": "indice_generale", "civic_num": 2845.0, "civic_lett": "A", "sestiere_parsed": "CASTELLO", "parish_parsed": null, "sestiere_implied": false, "match_note": "Exact civic number match via direct sestiere join — recovered from nb05 parish boundary miss", "location_cleaned": null, "fail_reason": "number_not_in_reference", "nom_classification": "inside_venice", "nominatim_query": "Fiduciaria Provinciale della (F.I.T.), Venezia, Italy", "nominatim_flagged": false, "matched_lat": 45.437708335929813, "matched_lon": 12.346299530411876, "match_confidence": "nciv_direct_exact", "geocoding_tier": "1b" }, "geometry": { "type": "Point", "coordinates": [ 12.346299530411876, 45.437708335929813 ] } },
{ "type": "Feature", "properties": { "Name": "Manzini cap. Guglielmo", "Address": "Castello 2845-A", "Location": "cantine", "Category": "Affitti Appartamenti", "Role": null, "Profession": "industria", "Additional Info": "Direttore Ufficio Comune per il Turismo", "page_num": 415, "source_file": "page_415_semantic.csv", "section": "indice_generale", "civic_num": 2845.0, "civic_lett": "A", "sestiere_parsed": "CASTELLO", "parish_parsed": null, "sestiere_implied": false, "match_note": "Exact civic number match via direct sestiere join — recovered from nb05 parish boundary miss", "location_cleaned": null, "fail_reason": "number_not_in_reference", "nom_classification": "inside_venice", "nominatim_query": null, "nominatim_flagged": false, "matched_lat": 45.437708335929813, "matched_lon": 12.346299530411876, "match_confidence": "nciv_direct_exact", "geocoding_tier": "1b" }, "geometry": { "type": "Point", "coordinates": [ 12.346299530411876, 45.437708335929813 ] } },
{ "type": "Feature", "properties": { "Name": "Marchi Ida", "Address": "S. Polo 1619", "Location": "Venezia", "Category": null, "Role": null, "Profession": null, "Additional Info": "carbone e legna (dettaglio)", "page_num": 416, "source_file": "page_416_semantic.csv", "section": "indice_generale", "civic_num": 1619.0, "civic_lett": null, "sestiere_parsed": "SAN POLO", "parish_parsed": null, "sestiere_implied": false, "match_note": "Exact civic number match via direct sestiere join — recovered from nb05 parish boundary miss", "location_cleaned": "False", "fail_reason": "number_not_in_reference", "nom_classification": "inside_venice", "nominatim_query": null, "nominatim_flagged": false, "matched_lat": 45.439765012963981, "matched_lon": 12.333062318857582, "match_confidence": "nciv_direct_exact", "geocoding_tier": "1b" }, "geometry": { "type": "Point", "coordinates": [ 12.333062318857582, 45.439765012963981 ] } },
{ "type": "Feature", "properties": { "Name": "Marchi Rag. Mario", "Address": "S. Polo 1619", "Location": "Venezia", "Category": null, "Role": null, "Profession": "Consigliere Banca Veneta Mezzana a Gretti e Conti Correnti", "Additional Info": "ORGANIZATION", "page_num": 416, "source_file": "page_416_semantic.csv", "section": "indice_generale", "civic_num": 1619.0, "civic_lett": null, "sestiere_parsed": "SAN POLO", "parish_parsed": null, "sestiere_implied": false, "match_note": "Exact civic number match via direct sestiere join — recovered from nb05 parish boundary miss", "location_cleaned": "False", "fail_reason": "number_not_in_reference", "nom_classification": "inside_venice", "nominatim_query": null, "nominatim_flagged": false, "matched_lat": 45.439765012963981, "matched_lon": 12.333062318857582, "match_confidence": "nciv_direct_exact", "geocoding_tier": "1b" }, "geometry": { "type": "Point", "coordinates": [ 12.333062318857582, 45.439765012963981 ] } },
{ "type": "Feature", "properties": { "Name": "Marchiori don Giovanni", "Address": "S. Polo 1619", "Location": "Venezia", "Category": "S. Maria degli Angeli (Murano)", "Role": "vicario", "Profession": null, "Additional Info": "ORGANIZATION", "page_num": 416, "source_file": "page_416_semantic.csv", "section": "indice_generale", "civic_num": 1619.0, "civic_lett": null, "sestiere_parsed": "SAN POLO", "parish_parsed": null, "sestiere_implied": false, "match_note": "Exact civic number match via direct sestiere join — recovered from nb05 parish boundary miss", "location_cleaned": "False", "fail_reason": "number_not_in_reference", "nom_classification": "inside_venice", "nominatim_query": null, "nominatim_flagged": false, "matched_lat": 45.439765012963981, "matched_lon": 12.333062318857582, "match_confidence": "nciv_direct_exact", "geocoding_tier": "1b" }, "geometry": { "type": "Point", "coordinates": [ 12.333062318857582, 45.439765012963981 ] } },
{ "type": "Feature", "properties": { "Name": "Marcisich Carlo", "Address": "S. Polo 1600", "Location": "Venezia", "Category": null, "Role": null, "Profession": null, "Additional Info": "mediatore", "page_num": 416, "source_file": "page_416_semantic.csv", "section": "indice_generale", "civic_num": 1600.0, "civic_lett": null, "sestiere_parsed": "SAN POLO", "parish_parsed": null, "sestiere_implied": false, "match_note": "Exact civic number match via direct sestiere join — recovered from nb05 parish boundary miss", "location_cleaned": "False", "fail_reason": "number_not_in_reference", "nom_classification": "inside_venice", "nominatim_query": null, "nominatim_flagged": false, "matched_lat": 45.439548872545807, "matched_lon": 12.332978935026931, "match_confidence": "nciv_direct_exact", "geocoding_tier": "1b" }, "geometry": { "type": "Point", "coordinates": [ 12.332978935026931, 45.439548872545807 ] } },
{ "type": "Feature", "properties": { "Name": "Marconi Marianna", "Address": "Castello 3129", "Location": "Venezia", "Category": null, "Role": null, "Profession": null, "Additional Info": "trattoria", "page_num": 416, "source_file": "page_416_semantic.csv", "section": "indice_generale", "civic_num": 3129.0, "civic_lett": null, "sestiere_parsed": "CASTELLO", "parish_parsed": null, "sestiere_implied": false, "match_note": "Exact civic number match via direct sestiere join — recovered from nb05 parish boundary miss", "location_cleaned": "False", "fail_reason": "number_not_in_reference", "nom_classification": "inside_venice", "nominatim_query": null, "nominatim_flagged": false, "matched_lat": 45.436919876749194, "matched_lon": 12.347845397616441, "match_confidence": "nciv_direct_exact", "geocoding_tier": "1b" }, "geometry": { "type": "Point", "coordinates": [ 12.347845397616441, 45.436919876749194 ] } },
{ "type": "Feature", "properties": { "Name": "Marconi dr. Mziu", "Address": "Castello 3129", "Location": "Venezia", "Category": "Palazzo ex Reale", "Role": "V. Pres.", "Profession": "Ass. Naz . Reduci", "Additional Info": "ORGANIZATION", "page_num": 416, "source_file": "page_416_semantic.csv", "section": "indice_generale", "civic_num": 3129.0, "civic_lett": null, "sestiere_parsed": "CASTELLO", "parish_parsed": null, "sestiere_implied": false, "match_note": "Exact civic number match via direct sestiere join — recovered from nb05 parish boundary miss", "location_cleaned": "False", "fail_reason": "number_not_in_reference", "nom_classification": "inside_venice", "nominatim_query": null, "nominatim_flagged": false, "matched_lat": 45.436919876749194, "matched_lon": 12.347845397616441, "match_confidence": "nciv_direct_exact", "geocoding_tier": "1b" }, "geometry": { "type": "Point", "coordinates": [ 12.347845397616441, 45.436919876749194 ] } },
{ "type": "Feature", "properties": { "Name": "Man", "Address": "S. Croce 67b", "Location": "Venezia", "Category": null, "Role": null, "Profession": null, "Additional Info": "pensione", "page_num": 416, "source_file": "page_416_semantic.csv", "section": "indice_generale", "civic_num": 67.0, "civic_lett": "B", "sestiere_parsed": "SANTA CROCE", "parish_parsed": null, "sestiere_implied": false, "match_note": "Exact civic number match via direct sestiere join — recovered from nb05 parish boundary miss", "location_cleaned": "False", "fail_reason": "number_not_in_reference", "nom_classification": "inside_venice", "nominatim_query": null, "nominatim_flagged": false, "matched_lat": 45.436446652337807, "matched_lon": 12.3242895564922, "match_confidence": "nciv_direct_exact", "geocoding_tier": "1b" }, "geometry": { "type": "Point", "coordinates": [ 12.3242895564922, 45.436446652337807 ] } },
{ "type": "Feature", "properties": { "Name": "Mattarucco Aldo", "Address": "Cannaregio 6131", "Location": "Venezia", "Category": "spedizioni e trasporti", "Role": null, "Profession": null, "Additional Info": "ORGANIZATION", "page_num": 418, "source_file": "page_418_semantic.csv", "section": "indice_generale", "civic_num": 6131.0, "civic_lett": null, "sestiere_parsed": "CANNAREGIO", "parish_parsed": null, "sestiere_implied": false, "match_note": "Exact civic number match via direct sestiere join — recovered from nb05 parish boundary miss", "location_cleaned": "False", "fail_reason": "number_not_in_reference", "nom_classification": "inside_venice", "nominatim_query": null, "nominatim_flagged": false, "matched_lat": 45.439496665766931, "matched_lon": 12.340292601040264, "match_confidence": "nciv_direct_exact", "geocoding_tier": "1b" }, "geometry": { "type": "Point", "coordinates": [ 12.340292601040264, 45.439496665766931 ] } },
{ "type": "Feature", "properties": { "Name": "Matelazzi dr. Antonio", "Address": "Cannaregio 6131", "Location": "Venezia", "Category": null, "Role": " UPSEA", "Profession": " Uff. Regionale di Coordinamento", "Additional Info": "Direttore", "page_num": 418, "source_file": "page_418_semantic.csv", "section": "indice_generale", "civic_num": 6131.0, "civic_lett": null, "sestiere_parsed": "CANNAREGIO", "parish_parsed": null, "sestiere_implied": false, "match_note": "Exact civic number match via direct sestiere join — recovered from nb05 parish boundary miss", "location_cleaned": "False", "fail_reason": "number_not_in_reference", "nom_classification": "inside_venice", "nominatim_query": null, "nominatim_flagged": false, "matched_lat": 45.439496665766931, "matched_lon": 12.340292601040264, "match_confidence": "nciv_direct_exact", "geocoding_tier": "1b" }, "geometry": { "type": "Point", "coordinates": [ 12.340292601040264, 45.439496665766931 ] } },
{ "type": "Feature", "properties": { "Name": "Micheletti Lunio", "Address": "S. Polo 1727", "Location": "Venezia", "Category": "ferramenta e metalli", "Role": null, "Profession": null, "Additional Info": " prodotti chimici", "page_num": 421, "source_file": "page_421_semantic.csv", "section": "indice_generale", "civic_num": 1727.0, "civic_lett": null, "sestiere_parsed": "SAN POLO", "parish_parsed": null, "sestiere_implied": false, "match_note": "Exact civic number match via direct sestiere join — recovered from nb05 parish boundary miss", "location_cleaned": "False", "fail_reason": "number_not_in_reference", "nom_classification": "inside_venice", "nominatim_query": null, "nominatim_flagged": false, "matched_lat": 45.439447793710087, "matched_lon": 12.332317977783548, "match_confidence": "nciv_direct_exact", "geocoding_tier": "1b" }, "geometry": { "type": "Point", "coordinates": [ 12.332317977783548, 45.439447793710087 ] } },
{ "type": "Feature", "properties": { "Name": "Micheletti Gino", "Address": "S. Polo 1727, Via Cattapian 80", "Location": "Venezia", "Category": null, "Role": null, "Profession": null, "Additional Info": "calzature | Mestre", "page_num": 421, "source_file": "page_421_semantic.csv", "section": "indice_generale", "civic_num": 1727.0, "civic_lett": null, "sestiere_parsed": "SAN POLO", "parish_parsed": null, "sestiere_implied": false, "match_note": "Exact civic number match via direct sestiere join — recovered from nb05 parish boundary miss", "location_cleaned": "False", "fail_reason": "number_not_in_reference", "nom_classification": "inside_venice", "nominatim_query": null, "nominatim_flagged": false, "matched_lat": 45.439447793710087, "matched_lon": 12.332317977783548, "match_confidence": "nciv_direct_exact", "geocoding_tier": "1b" }, "geometry": { "type": "Point", "coordinates": [ 12.332317977783548, 45.439447793710087 ] } },
{ "type": "Feature", "properties": { "Name": "Montagnaro Pietro", "Address": "Santa Croce 37", "Location": null, "Category": "carbone e legna", "Role": null, "Profession": "dettaglio", "Additional Info": "RAZIONI MACCHINE PER SCRIVERE \"d u s e\"", "page_num": 424, "source_file": "page_424_semantic.csv", "section": "indice_generale", "civic_num": 37.0, "civic_lett": null, "sestiere_parsed": "SANTA CROCE", "parish_parsed": null, "sestiere_implied": false, "match_note": "Exact civic number match via direct sestiere join — recovered from nb05 parish boundary miss", "location_cleaned": null, "fail_reason": "number_not_in_reference", "nom_classification": "inside_venice", "nominatim_query": null, "nominatim_flagged": false, "matched_lat": 45.436484500080361, "matched_lon": 12.32317000510182, "match_confidence": "nciv_direct_exact", "geocoding_tier": "1b" }, "geometry": { "type": "Point", "coordinates": [ 12.32317000510182, 45.436484500080361 ] } },
{ "type": "Feature", "properties": { "Name": "Mucelli Giovanni", "Address": "S. Polo, numero 1765", "Location": null, "Category": "Vini", "Role": null, "Profession": "Tutti i prodotti ZAMPIRONI INSETTIFUGHI di massima fiducia", "Additional Info": "(grossista)", "page_num": 425, "source_file": "page_425_semantic.csv", "section": "indice_generale", "civic_num": 1765.0, "civic_lett": null, "sestiere_parsed": "SAN POLO", "parish_parsed": null, "sestiere_implied": false, "match_note": "Exact civic number match via direct sestiere join — recovered from nb05 parish boundary miss", "location_cleaned": "False", "fail_reason": "number_not_in_reference", "nom_classification": "inside_venice", "nominatim_query": "Sestiere San Polo, Venezia, Italy", "nominatim_flagged": false, "matched_lat": 45.439886631165692, "matched_lon": 12.332570784302799, "match_confidence": "nciv_direct_exact", "geocoding_tier": "1b" }, "geometry": { "type": "Point", "coordinates": [ 12.332570784302799, 45.439886631165692 ] } },
{ "type": "Feature", "properties": { "Name": "Nardini Giuseppe", "Address": "Castello 2145", "Location": null, "Category": "(gabinetti di posa)", "Role": null, "Profession": null, "Additional Info": "fotografie", "page_num": 426, "source_file": "page_426_semantic.csv", "section": "indice_generale", "civic_num": 2145.0, "civic_lett": null, "sestiere_parsed": "CASTELLO", "parish_parsed": null, "sestiere_implied": false, "match_note": "Exact civic number match via direct sestiere join — recovered from nb05 parish boundary miss", "location_cleaned": "False", "fail_reason": "number_not_in_reference", "nom_classification": "inside_venice", "nominatim_query": null, "nominatim_flagged": false, "matched_lat": 45.432236619159731, "matched_lon": 12.350549587115545, "match_confidence": "nciv_direct_exact", "geocoding_tier": "1b" }, "geometry": { "type": "Point", "coordinates": [ 12.350549587115545, 45.432236619159731 ] } },
{ "type": "Feature", "properties": { "Name": "Nardini Luigi", "Address": "Castello 2145", "Location": "S. Margherita", "Category": null, "Role": null, "Profession": null, "Additional Info": "tabaccheria", "page_num": 426, "source_file": "page_426_semantic.csv", "section": "indice_generale", "civic_num": 2145.0, "civic_lett": null, "sestiere_parsed": "CASTELLO", "parish_parsed": null, "sestiere_implied": false, "match_note": "Exact civic number match via direct sestiere join — recovered from nb05 parish boundary miss", "location_cleaned": "False", "fail_reason": "number_not_in_reference", "nom_classification": "inside_venice", "nominatim_query": null, "nominatim_flagged": false, "matched_lat": 45.432236619159731, "matched_lon": 12.350549587115545, "match_confidence": "nciv_direct_exact", "geocoding_tier": "1b" }, "geometry": { "type": "Point", "coordinates": [ 12.350549587115545, 45.432236619159731 ] } },
{ "type": "Feature", "properties": { "Name": "Nardo Gisella", "Address": "Castello 3154", "Location": null, "Category": null, "Role": null, "Profession": null, "Additional Info": "osteria", "page_num": 426, "source_file": "page_426_semantic.csv", "section": "indice_generale", "civic_num": 3154.0, "civic_lett": null, "sestiere_parsed": "CASTELLO", "parish_parsed": null, "sestiere_implied": false, "match_note": "Exact civic number match via direct sestiere join — recovered from nb05 parish boundary miss", "location_cleaned": "False", "fail_reason": "number_not_in_reference", "nom_classification": "inside_venice", "nominatim_query": null, "nominatim_flagged": false, "matched_lat": 45.437228693906398, "matched_lon": 12.347310718351247, "match_confidence": "nciv_direct_exact", "geocoding_tier": "1b" }, "geometry": { "type": "Point", "coordinates": [ 12.347310718351247, 45.437228693906398 ] } },
{ "type": "Feature", "properties": { "Name": "Nardo Nicolò", "Address": "Castello 3154", "Location": null, "Category": null, "Role": null, "Profession": "Galleria gG. Franchetti alla Ca D’Oro", "Additional Info": "Conservatore", "page_num": 426, "source_file": "page_426_semantic.csv", "section": "indice_generale", "civic_num": 3154.0, "civic_lett": null, "sestiere_parsed": "CASTELLO", "parish_parsed": null, "sestiere_implied": false, "match_note": "Exact civic number match via direct sestiere join — recovered from nb05 parish boundary miss", "location_cleaned": "False", "fail_reason": "number_not_in_reference", "nom_classification": "inside_venice", "nominatim_query": null, "nominatim_flagged": false, "matched_lat": 45.437228693906398, "matched_lon": 12.347310718351247, "match_confidence": "nciv_direct_exact", "geocoding_tier": "1b" }, "geometry": { "type": "Point", "coordinates": [ 12.347310718351247, 45.437228693906398 ] } },
{ "type": "Feature", "properties": { "Name": "Narduzzi Aldo", "Address": "Castello 3154", "Location": "D. Duro", "Category": null, "Role": null, "Profession": "(dettaglio)", "Additional Info": "carbone e legna", "page_num": 426, "source_file": "page_426_semantic.csv", "section": "indice_generale", "civic_num": 3154.0, "civic_lett": null, "sestiere_parsed": "CASTELLO", "parish_parsed": null, "sestiere_implied": false, "match_note": "Exact civic number match via direct sestiere join — recovered from nb05 parish boundary miss", "location_cleaned": "False", "fail_reason": "number_not_in_reference", "nom_classification": "inside_venice", "nominatim_query": null, "nominatim_flagged": false, "matched_lat": 45.437228693906398, "matched_lon": 12.347310718351247, "match_confidence": "nciv_direct_exact", "geocoding_tier": "1b" }, "geometry": { "type": "Point", "coordinates": [ 12.347310718351247, 45.437228693906398 ] } },
{ "type": "Feature", "properties": { "Name": "Nattesoi s.r.l.", "Address": "Is. Elena; Viale l Novembre 11.", "Location": null, "Category": "cantieri navale", "Role": null, "Profession": "Tutti i prodotti ZAMPIRONI INSETTIFUGHI di massima fiducia", "Additional Info": "RAZIONI MACCHINE PER SCRIVERE \"d u s e\"", "page_num": 427, "source_file": "page_427_semantic.csv", "section": "indice_generale", "civic_num": 11.0, "civic_lett": null, "sestiere_parsed": "CASTELLO", "parish_parsed": null, "sestiere_implied": false, "match_note": "Exact civic number match via direct sestiere join — recovered from nb05 parish boundary miss", "location_cleaned": null, "fail_reason": "number_not_in_reference", "nom_classification": "inside_venice", "nominatim_query": "Isola di Sant'Elena, Venezia, Italy", "nominatim_flagged": false, "matched_lat": 45.428110127841357, "matched_lon": 12.361521472340364, "match_confidence": "nciv_direct_exact", "geocoding_tier": "1b" }, "geometry": { "type": "Point", "coordinates": [ 12.361521472340364, 45.428110127841357 ] } },
{ "type": "Feature", "properties": { "Name": "Nicolaj N. & C.", "Address": "Cannaregio 6104", "Location": null, "Category": "A.C.S Empale. vile e handli're;", "Role": null, "Profession": "Tutti i prodotti ZAMPIRONI INSETTIFUGHI di massima fiducia", "Additional Info": "RAZIONI MACCHINE PER SCRIVERE \"d u s e\"", "page_num": 427, "source_file": "page_427_semantic.csv", "section": "indice_generale", "civic_num": 6104.0, "civic_lett": null, "sestiere_parsed": "CANNAREGIO", "parish_parsed": null, "sestiere_implied": false, "match_note": "Exact civic number match via direct sestiere join — recovered from nb05 parish boundary miss", "location_cleaned": null, "fail_reason": "number_not_in_reference", "nom_classification": "inside_venice", "nominatim_query": null, "nominatim_flagged": false, "matched_lat": 45.43897493792538, "matched_lon": 12.340033116887838, "match_confidence": "nciv_direct_exact", "geocoding_tier": "1b" }, "geometry": { "type": "Point", "coordinates": [ 12.340033116887838, 45.43897493792538 ] } },
{ "type": "Feature", "properties": { "Name": "Nicolaj dr. Nicol", "Address": "Cannaregio 6104", "Location": "Ospedale Psichiatrico", "Category": "malattie nervose", "Role": null, "Profession": "Tutti i prodotti ZAMPIRONI INSETTIFUGHI di massima fiducia", "Additional Info": "RAZIONI MACCHINE PER SCRIVERE \"d u s e\"", "page_num": 427, "source_file": "page_427_semantic.csv", "section": "indice_generale", "civic_num": 6104.0, "civic_lett": null, "sestiere_parsed": "CANNAREGIO", "parish_parsed": null, "sestiere_implied": false, "match_note": "Exact civic number match via direct sestiere join — recovered from nb05 parish boundary miss", "location_cleaned": null, "fail_reason": "number_not_in_reference", "nom_classification": "inside_venice", "nominatim_query": "Ospedale Psichiatrico, Venezia, Italy", "nominatim_flagged": false, "matched_lat": 45.43897493792538, "matched_lon": 12.340033116887838, "match_confidence": "nciv_direct_exact", "geocoding_tier": "1b" }, "geometry": { "type": "Point", "coordinates": [ 12.340033116887838, 45.43897493792538 ] } },
{ "type": "Feature", "properties": { "Name": "Nicolini Benedetto", "Address": "Castello numero 2926", "Location": null, "Category": "alimentarist (gross)", "Role": null, "Profession": "Tutti i prodotti ZAMPIRONI INSETTIFUGHI di massima fiducia", "Additional Info": "RAZIONI MACCHINE PER SCRIVERE \"d u s e\"", "page_num": 427, "source_file": "page_427_semantic.csv", "section": "indice_generale", "civic_num": 2926.0, "civic_lett": null, "sestiere_parsed": "CASTELLO", "parish_parsed": null, "sestiere_implied": false, "match_note": "Exact civic number match via direct sestiere join — recovered from nb05 parish boundary miss", "location_cleaned": null, "fail_reason": "number_not_in_reference", "nom_classification": "inside_venice", "nominatim_query": null, "nominatim_flagged": false, "matched_lat": 45.437416122445661, "matched_lon": 12.346865914254799, "match_confidence": "nciv_direct_exact", "geocoding_tier": "1b" }, "geometry": { "type": "Point", "coordinates": [ 12.346865914254799, 45.437416122445661 ] } },
{ "type": "Feature", "properties": { "Name": "Nube Irma", "Address": "Cannaregio 6248", "Location": null, "Category": "sarta", "Role": null, "Profession": "Tutti i prodotti ZAMPIRONI INSETTIFUGHI di massima fiducia", "Additional Info": "RAZIONI MACCHINE PER SCRIVERE \"d u s e\"", "page_num": 428, "source_file": "page_428_semantic.csv", "section": "indice_generale", "civic_num": 6248.0, "civic_lett": null, "sestiere_parsed": "CANNAREGIO", "parish_parsed": null, "sestiere_implied": false, "match_note": "Exact civic number match via direct sestiere join — recovered from nb05 parish boundary miss", "location_cleaned": null, "fail_reason": "number_not_in_reference", "nom_classification": "inside_venice", "nominatim_query": null, "nominatim_flagged": false, "matched_lat": 45.440961498195172, "matched_lon": 12.341090322575941, "match_confidence": "nciv_direct_exact", "geocoding_tier": "1b" }, "geometry": { "type": "Point", "coordinates": [ 12.341090322575941, 45.440961498195172 ] } },
{ "type": "Feature", "properties": { "Name": "Oldrini", "Address": "Castello 3176", "Location": null, "Category": "osteria", "Role": null, "Profession": "Tutti i prodotti ZAMPIRONI INSETTIFUGHI di massima fiducia", "Additional Info": "RAZIONI MACCHINE PER SCRIVERE \"d u s e\"", "page_num": 428, "source_file": "page_428_semantic.csv", "section": "indice_generale", "civic_num": 3176.0, "civic_lett": null, "sestiere_parsed": "CASTELLO", "parish_parsed": null, "sestiere_implied": false, "match_note": "Exact civic number match via direct sestiere join — recovered from nb05 parish boundary miss", "location_cleaned": null, "fail_reason": "number_not_in_reference", "nom_classification": "inside_venice", "nominatim_query": null, "nominatim_flagged": false, "matched_lat": 45.436927028971894, "matched_lon": 12.346972091012336, "match_confidence": "nciv_direct_exact", "geocoding_tier": "1b" }, "geometry": { "type": "Point", "coordinates": [ 12.346972091012336, 45.436927028971894 ] } },
{ "type": "Feature", "properties": { "Name": "Ortis Pietro", "Address": "Castello numero 2916", "Location": null, "Category": "alimentari (dett.)", "Role": null, "Profession": null, "Additional Info": "S. A.", "page_num": 429, "source_file": "page_429_semantic.csv", "section": "indice_generale", "civic_num": 2916.0, "civic_lett": null, "sestiere_parsed": "CASTELLO", "parish_parsed": null, "sestiere_implied": false, "match_note": "Exact civic number match via direct sestiere join — recovered from nb05 parish boundary miss", "location_cleaned": "False", "fail_reason": "number_not_in_reference", "nom_classification": "inside_venice", "nominatim_query": null, "nominatim_flagged": false, "matched_lat": 45.437445463287247, "matched_lon": 12.346602749776409, "match_confidence": "nciv_direct_exact", "geocoding_tier": "1b" }, "geometry": { "type": "Point", "coordinates": [ 12.346602749776409, 45.437445463287247 ] } },
{ "type": "Feature", "properties": { "Name": "Padoan Giovanni", "Address": "Castello 3181", "Location": "Via XXII Marzo", "Category": "panificio", "Role": null, "Profession": "O", "Additional Info": "ORRT. OFFICINA RIPARAZIONI RADIO TELEFONICHE SOC. A. R. L.", "page_num": 430, "source_file": "page_430_semantic.csv", "section": "indice_generale", "civic_num": 3181.0, "civic_lett": null, "sestiere_parsed": "CASTELLO", "parish_parsed": null, "sestiere_implied": false, "match_note": "Exact civic number match via direct sestiere join — recovered from nb05 parish boundary miss", "location_cleaned": "False", "fail_reason": "number_not_in_reference", "nom_classification": "inside_venice", "nominatim_query": null, "nominatim_flagged": false, "matched_lat": 45.436903707229376, "matched_lon": 12.347227089627092, "match_confidence": "nciv_direct_exact", "geocoding_tier": "1b" }, "geometry": { "type": "Point", "coordinates": [ 12.347227089627092, 45.436903707229376 ] } },
{ "type": "Feature", "properties": { "Name": "Pancera Genremia", "Address": "Cann. 6400", "Location": "Via XXII Marzo", "Category": "Paganotto Elsa", "Role": null, "Profession": null, "Additional Info": "chincaglierie", "page_num": 431, "source_file": "page_431_semantic.csv", "section": "indice_generale", "civic_num": 6400.0, "civic_lett": null, "sestiere_parsed": "CANNAREGIO", "parish_parsed": null, "sestiere_implied": false, "match_note": "Exact civic number match via direct sestiere join — recovered from nb05 parish boundary miss", "location_cleaned": null, "fail_reason": "number_not_in_reference", "nom_classification": "inside_venice", "nominatim_query": null, "nominatim_flagged": false, "matched_lat": 45.438962614329881, "matched_lon": 12.340340380817324, "match_confidence": "nciv_direct_exact", "geocoding_tier": "1b" }, "geometry": { "type": "Point", "coordinates": [ 12.340340380817324, 45.438962614329881 ] } },
{ "type": "Feature", "properties": { "Name": "Pavan Fioravante", "Address": "S. Elena Calle Cengio 25", "Location": "dr. Giulio", "Category": "Olimpia Film", "Role": null, "Profession": null, "Additional Info": "osteria", "page_num": 433, "source_file": "page_433_semantic.csv", "section": "indice_generale", "civic_num": 25.0, "civic_lett": null, "sestiere_parsed": "CASTELLO", "parish_parsed": null, "sestiere_implied": false, "match_note": "Exact civic number match via direct sestiere join — recovered from nb05 parish boundary miss", "location_cleaned": "False", "fail_reason": "number_not_in_reference", "nom_classification": "inside_venice", "nominatim_query": "Calle Cengio, Sestiere Castello, Venezia, Italy", "nominatim_flagged": false, "matched_lat": 45.427440256900411, "matched_lon": 12.361662226478437, "match_confidence": "nciv_direct_exact", "geocoding_tier": "1b" }, "geometry": { "type": "Point", "coordinates": [ 12.361662226478437, 45.427440256900411 ] } },
{ "type": "Feature", "properties": { "Name": "Pavagncllo Luigi", "Address": "S. Polo 1781", "Location": "dr. Giulio", "Category": "alimentari", "Role": null, "Profession": null, "Additional Info": "gross.", "page_num": 434, "source_file": "page_434_semantic.csv", "section": "indice_generale", "civic_num": 1781.0, "civic_lett": null, "sestiere_parsed": "SAN POLO", "parish_parsed": null, "sestiere_implied": false, "match_note": "Exact civic number match via direct sestiere join — recovered from nb05 parish boundary miss", "location_cleaned": "False", "fail_reason": "number_not_in_reference", "nom_classification": "inside_venice", "nominatim_query": null, "nominatim_flagged": false, "matched_lat": 45.440107578906485, "matched_lon": 12.333474189534003, "match_confidence": "nciv_direct_exact", "geocoding_tier": "1b" }, "geometry": { "type": "Point", "coordinates": [ 12.333474189534003, 45.440107578906485 ] } },
{ "type": "Feature", "properties": { "Name": "Pavanello cav. Mario", "Address": "S. Polo 1781", "Location": "dr. Giulio", "Category": "Olimpia Film", "Role": "ing.", "Profession": null, "Additional Info": "Prima di Sez. Corpo del Genio Civile", "page_num": 434, "source_file": "page_434_semantic.csv", "section": "indice_generale", "civic_num": 1781.0, "civic_lett": null, "sestiere_parsed": "SAN POLO", "parish_parsed": null, "sestiere_implied": false, "match_note": "Exact civic number match via direct sestiere join — recovered from nb05 parish boundary miss", "location_cleaned": "False", "fail_reason": "number_not_in_reference", "nom_classification": "inside_venice", "nominatim_query": null, "nominatim_flagged": false, "matched_lat": 45.440107578906485, "matched_lon": 12.333474189534003, "match_confidence": "nciv_direct_exact", "geocoding_tier": "1b" }, "geometry": { "type": "Point", "coordinates": [ 12.333474189534003, 45.440107578906485 ] } },
{ "type": "Feature", "properties": { "Name": "Pavaneato Lidia Inamorata", "Address": "Cannaregio 6408", "Location": "dr. Giulio", "Category": "Olimpia Film", "Role": null, "Profession": null, "Additional Info": "S. A.", "page_num": 434, "source_file": "page_434_semantic.csv", "section": "indice_generale", "civic_num": 6408.0, "civic_lett": null, "sestiere_parsed": "CANNAREGIO", "parish_parsed": null, "sestiere_implied": false, "match_note": "Exact civic number match via direct sestiere join — recovered from nb05 parish boundary miss", "location_cleaned": "False", "fail_reason": "number_not_in_reference", "nom_classification": "inside_venice", "nominatim_query": null, "nominatim_flagged": false, "matched_lat": 45.439078167005704, "matched_lon": 12.340626054578175, "match_confidence": "nciv_direct_exact", "geocoding_tier": "1b" }, "geometry": { "type": "Point", "coordinates": [ 12.340626054578175, 45.439078167005704 ] } },
{ "type": "Feature", "properties": { "Name": "Pavonini Cav", "Address": "Cannaregio 6408", "Location": "dr. Giulio", "Category": "Olimpia Film", "Role": null, "Profession": "Sindaco effettivo Banca Veneziana di Crediti e Conti Correnti", "Additional Info": "Giovanni", "page_num": 434, "source_file": "page_434_semantic.csv", "section": "indice_generale", "civic_num": 6408.0, "civic_lett": null, "sestiere_parsed": "CANNAREGIO", "parish_parsed": null, "sestiere_implied": false, "match_note": "Exact civic number match via direct sestiere join — recovered from nb05 parish boundary miss", "location_cleaned": "False", "fail_reason": "number_not_in_reference", "nom_classification": "inside_venice", "nominatim_query": null, "nominatim_flagged": false, "matched_lat": 45.439078167005704, "matched_lon": 12.340626054578175, "match_confidence": "nciv_direct_exact", "geocoding_tier": "1b" }, "geometry": { "type": "Point", "coordinates": [ 12.340626054578175, 45.439078167005704 ] } },
{ "type": "Feature", "properties": { "Name": "Pelarin Francesco", "Address": "S. Polo 1720", "Location": "dr. Giulio", "Category": "Olimpia Film", "Role": null, "Profession": null, "Additional Info": "macelleria", "page_num": 434, "source_file": "page_434_semantic.csv", "section": "indice_generale", "civic_num": 1720.0, "civic_lett": null, "sestiere_parsed": "SAN POLO", "parish_parsed": null, "sestiere_implied": false, "match_note": "Exact civic number match via direct sestiere join — recovered from nb05 parish boundary miss", "location_cleaned": "False", "fail_reason": "number_not_in_reference", "nom_classification": "inside_venice", "nominatim_query": null, "nominatim_flagged": false, "matched_lat": 45.439432506615603, "matched_lon": 12.33243594359609, "match_confidence": "nciv_direct_exact", "geocoding_tier": "1b" }, "geometry": { "type": "Point", "coordinates": [ 12.33243594359609, 45.439432506615603 ] } },
{ "type": "Feature", "properties": { "Name": "Penzo Luigi", "Address": "Cannaregio 6128", "Location": "Via XXII Marzo", "Category": "falegname", "Role": null, "Profession": null, "Additional Info": "carbone e legna (dettagli)", "page_num": 435, "source_file": "page_435_semantic.csv", "section": "indice_generale", "civic_num": 6128.0, "civic_lett": null, "sestiere_parsed": "CANNAREGIO", "parish_parsed": null, "sestiere_implied": false, "match_note": "Exact civic number match via direct sestiere join — recovered from nb05 parish boundary miss", "location_cleaned": null, "fail_reason": "number_not_in_reference", "nom_classification": "inside_venice", "nominatim_query": null, "nominatim_flagged": false, "matched_lat": 45.439433462222574, "matched_lon": 12.340455624773131, "match_confidence": "nciv_direct_exact", "geocoding_tier": "1b" }, "geometry": { "type": "Point", "coordinates": [ 12.340455624773131, 45.439433462222574 ] } },
{ "type": "Feature", "properties": { "Name": "Penzo Domenico", "Address": "Castello 3183", "Location": "Via XXII Marzo", "Category": "osteria", "Role": null, "Profession": null, "Additional Info": "carbone e legna (dettagli)", "page_num": 435, "source_file": "page_435_semantic.csv", "section": "indice_generale", "civic_num": 3183.0, "civic_lett": null, "sestiere_parsed": "CASTELLO", "parish_parsed": null, "sestiere_implied": false, "match_note": "Exact civic number match via direct sestiere join — recovered from nb05 parish boundary miss", "location_cleaned": null, "fail_reason": "number_not_in_reference", "nom_classification": "inside_venice", "nominatim_query": null, "nominatim_flagged": false, "matched_lat": 45.436855578974573, "matched_lon": 12.347422522822782, "match_confidence": "nciv_direct_exact", "geocoding_tier": "1b" }, "geometry": { "type": "Point", "coordinates": [ 12.347422522822782, 45.436855578974573 ] } },
{ "type": "Feature", "properties": { "Name": "Peracchio Pietro", "Address": "S. Polo 1739", "Location": "Via XXII Marzo", "Category": "elettrotecnica", "Role": null, "Profession": null, "Additional Info": "costruttore edile", "page_num": 435, "source_file": "page_435_semantic.csv", "section": "indice_generale", "civic_num": 1739.0, "civic_lett": null, "sestiere_parsed": "SAN POLO", "parish_parsed": null, "sestiere_implied": false, "match_note": "Exact civic number match via direct sestiere join — recovered from nb05 parish boundary miss", "location_cleaned": null, "fail_reason": "number_not_in_reference", "nom_classification": "inside_venice", "nominatim_query": null, "nominatim_flagged": false, "matched_lat": 45.439294368165903, "matched_lon": 12.332274499012083, "match_confidence": "nciv_direct_exact", "geocoding_tier": "1b" }, "geometry": { "type": "Point", "coordinates": [ 12.332274499012083, 45.439294368165903 ] } },
{ "type": "Feature", "properties": { "Name": "Poggi Ferruccio", "Address": "Dorsoduro numero 3525", "Location": "caffè (commercio)", "Category": "Paganotto Elsa", "Role": null, "Profession": null, "Additional Info": "carbone e legna (dettagli)", "page_num": 438, "source_file": "page_438_semantic.csv", "section": "indice_generale", "civic_num": 3525.0, "civic_lett": null, "sestiere_parsed": "DORSODURO", "parish_parsed": null, "sestiere_implied": false, "match_note": "Exact civic number match via direct sestiere join — recovered from nb05 parish boundary miss", "location_cleaned": null, "fail_reason": "number_not_in_reference", "nom_classification": "inside_venice", "nominatim_query": null, "nominatim_flagged": false, "matched_lat": 45.436947290888902, "matched_lon": 12.321135394534918, "match_confidence": "nciv_direct_exact", "geocoding_tier": "1b" }, "geometry": { "type": "Point", "coordinates": [ 12.321135394534918, 45.436947290888902 ] } },
{ "type": "Feature", "properties": { "Name": "Polacco Enrichetta", "Address": "S. Polo 1712", "Location": "Via XXII Marzo", "Category": "sarta", "Role": null, "Profession": null, "Additional Info": "carbone e legna (dettagli)", "page_num": 438, "source_file": "page_438_semantic.csv", "section": "indice_generale", "civic_num": 1712.0, "civic_lett": null, "sestiere_parsed": "SAN POLO", "parish_parsed": null, "sestiere_implied": false, "match_note": "Exact civic number match via direct sestiere join — recovered from nb05 parish boundary miss", "location_cleaned": null, "fail_reason": "number_not_in_reference", "nom_classification": "inside_venice", "nominatim_query": "San Polo, Venezia, Italy", "nominatim_flagged": false, "matched_lat": 45.439586736529982, "matched_lon": 12.332359820199789, "match_confidence": "nciv_direct_exact", "geocoding_tier": "1b" }, "geometry": { "type": "Point", "coordinates": [ 12.332359820199789, 45.439586736529982 ] } },
{ "type": "Feature", "properties": { "Name": "Ramambli Luigi", "Address": "S. Elena 10", "Location": "Pugitto mons. comm. prof. Giuseppe", "Category": "cappelano S. Bingio (Chiesa della Marina).", "Role": null, "Profession": null, "Additional Info": "Ferramenta", "page_num": 442, "source_file": "page_442_semantic.csv", "section": "indice_generale", "civic_num": 10.0, "civic_lett": null, "sestiere_parsed": "CASTELLO", "parish_parsed": null, "sestiere_implied": false, "match_note": "Exact civic number match via direct sestiere join — recovered from nb05 parish boundary miss", "location_cleaned": null, "fail_reason": "number_not_in_reference", "nom_classification": "inside_venice", "nominatim_query": "Sant'Elena, Venezia, Italy", "nominatim_flagged": false, "matched_lat": 45.427697959790883, "matched_lon": 12.361674576366212, "match_confidence": "nciv_direct_exact", "geocoding_tier": "1b" }, "geometry": { "type": "Point", "coordinates": [ 12.361674576366212, 45.427697959790883 ] } },
{ "type": "Feature", "properties": { "Name": "Ravassa Lucia", "Address": "S. Polo 1830", "Location": "Pugitto mons. comm. prof. Giuseppe", "Category": "Sarta", "Role": null, "Profession": null, "Additional Info": "Castello 494", "page_num": 442, "source_file": "page_442_semantic.csv", "section": "indice_generale", "civic_num": 1830.0, "civic_lett": null, "sestiere_parsed": "SAN POLO", "parish_parsed": null, "sestiere_implied": false, "match_note": "Exact civic number match via direct sestiere join — recovered from nb05 parish boundary miss", "location_cleaned": null, "fail_reason": "number_not_in_reference", "nom_classification": "inside_venice", "nominatim_query": null, "nominatim_flagged": false, "matched_lat": 45.439974973953809, "matched_lon": 12.332611692529351, "match_confidence": "nciv_direct_exact", "geocoding_tier": "1b" }, "geometry": { "type": "Point", "coordinates": [ 12.332611692529351, 45.439974973953809 ] } },
{ "type": "Feature", "properties": { "Name": "Regnato Luigia", "Address": "S. Croce 92", "Location": "S. M.oise", "Category": "sarto da uomo", "Role": null, "Profession": "Rappresentante di case produttrici di medicinali", "Additional Info": "OCCASIONI - CAMBI - RICOSTRUZIONI - NOLEGGI", "page_num": 443, "source_file": "page_443_semantic.csv", "section": "indice_generale", "civic_num": 92.0, "civic_lett": null, "sestiere_parsed": "SANTA CROCE", "parish_parsed": null, "sestiere_implied": false, "match_note": "Exact civic number match via direct sestiere join — recovered from nb05 parish boundary miss", "location_cleaned": null, "fail_reason": "number_not_in_reference", "nom_classification": "inside_venice", "nominatim_query": null, "nominatim_flagged": false, "matched_lat": 45.436804314747469, "matched_lon": 12.323762444819575, "match_confidence": "nciv_direct_exact", "geocoding_tier": "1b" }, "geometry": { "type": "Point", "coordinates": [ 12.323762444819575, 45.436804314747469 ] } },
{ "type": "Feature", "properties": { "Name": "Reone Antonio", "Address": "Cannaregio 6344", "Location": "S. M.oise", "Category": "carbone e legna", "Role": null, "Profession": "Rappresentante di case produttrici di medicinali", "Additional Info": "dettaglio", "page_num": 443, "source_file": "page_443_semantic.csv", "section": "indice_generale", "civic_num": 6344.0, "civic_lett": null, "sestiere_parsed": "CANNAREGIO", "parish_parsed": null, "sestiere_implied": false, "match_note": "Exact civic number match via direct sestiere join — recovered from nb05 parish boundary miss", "location_cleaned": null, "fail_reason": "number_not_in_reference", "nom_classification": "inside_venice", "nominatim_query": null, "nominatim_flagged": false, "matched_lat": 45.440541104311286, "matched_lon": 12.341102994018808, "match_confidence": "nciv_direct_exact", "geocoding_tier": "1b" }, "geometry": { "type": "Point", "coordinates": [ 12.341102994018808, 45.440541104311286 ] } },
{ "type": "Feature", "properties": { "Name": "Rinaldo Teresa", "Address": "Cann. 6359-F", "Location": "Pugitto mons. comm. prof. Giuseppe", "Category": "sarta", "Role": null, "Profession": null, "Additional Info": "Castello 494", "page_num": 444, "source_file": "page_444_semantic.csv", "section": "indice_generale", "civic_num": 6359.0, "civic_lett": "F", "sestiere_parsed": "CANNAREGIO", "parish_parsed": null, "sestiere_implied": false, "match_note": "Exact civic number match via direct sestiere join — recovered from nb05 parish boundary miss", "location_cleaned": null, "fail_reason": "number_not_in_reference", "nom_classification": "inside_venice", "nominatim_query": null, "nominatim_flagged": false, "matched_lat": 45.440236883692513, "matched_lon": 12.340898259732098, "match_confidence": "nciv_direct_exact", "geocoding_tier": "1b" }, "geometry": { "type": "Point", "coordinates": [ 12.340898259732098, 45.440236883692513 ] } },
{ "type": "Feature", "properties": { "Name": "Ronchi Erminio", "Address": "Dorsoduro numero 3518", "Location": "S. M.oise", "Category": "alimentari (dett.)", "Role": null, "Profession": "Rappresentante di case produttrici di medicinali", "Additional Info": "OCCASIONI - CAMBI - RICOSTRUZIONI - NOLEGGI", "page_num": 446, "source_file": "page_446_semantic.csv", "section": "indice_generale", "civic_num": 3518.0, "civic_lett": null, "sestiere_parsed": "DORSODURO", "parish_parsed": null, "sestiere_implied": false, "match_note": "Exact civic number match via direct sestiere join — recovered from nb05 parish boundary miss", "location_cleaned": null, "fail_reason": "number_not_in_reference", "nom_classification": "inside_venice", "nominatim_query": null, "nominatim_flagged": false, "matched_lat": 45.436716228886937, "matched_lon": 12.320820271288497, "match_confidence": "nciv_direct_exact", "geocoding_tier": "1b" }, "geometry": { "type": "Point", "coordinates": [ 12.320820271288497, 45.436716228886937 ] } },
{ "type": "Feature", "properties": { "Name": "Rossi Angela", "Address": "S. Elena, Viale 4 Novembre 39", "Location": "S. M.oise", "Category": "tabaccheria", "Role": null, "Profession": "Rappresentante di case produttrici di medicinali", "Additional Info": "OCCASIONI - CAMBI - RICOSTRUZIONI - NOLEGGI", "page_num": 446, "source_file": "page_446_semantic.csv", "section": "indice_generale", "civic_num": 39.0, "civic_lett": null, "sestiere_parsed": "CASTELLO", "parish_parsed": null, "sestiere_implied": false, "match_note": "Exact civic number match via direct sestiere join — recovered from nb05 parish boundary miss", "location_cleaned": null, "fail_reason": "number_not_in_reference", "nom_classification": "inside_venice", "nominatim_query": null, "nominatim_flagged": false, "matched_lat": 45.426820560590215, "matched_lon": 12.360459478332787, "match_confidence": "nciv_direct_exact", "geocoding_tier": "1b" }, "geometry": { "type": "Point", "coordinates": [ 12.360459478332787, 45.426820560590215 ] } },
{ "type": "Feature", "properties": { "Name": "Rossi Giuseppe", "Address": "Castello numero 2721", "Location": "S. M.oise", "Category": "impresa edile", "Role": null, "Profession": "Rappresentante di case produttrici di medicinali", "Additional Info": "OCCASIONI - CAMBI - RICOSTRUZIONI - NOLEGGI", "page_num": 447, "source_file": "page_447_semantic.csv", "section": "indice_generale", "civic_num": 2721.0, "civic_lett": null, "sestiere_parsed": "CASTELLO", "parish_parsed": null, "sestiere_implied": false, "match_note": "Exact civic number match via direct sestiere join — recovered from nb05 parish boundary miss", "location_cleaned": "False", "fail_reason": "number_not_in_reference", "nom_classification": "inside_venice", "nominatim_query": null, "nominatim_flagged": false, "matched_lat": 45.437510963945506, "matched_lon": 12.348976071080696, "match_confidence": "nciv_direct_exact", "geocoding_tier": "1b" }, "geometry": { "type": "Point", "coordinates": [ 12.348976071080696, 45.437510963945506 ] } },
{ "type": "Feature", "properties": { "Name": "Rossi dr. Giuseppe Ferruccio", "Address": "Castello numero 2721", "Location": "S. M.oise", "Category": "Pres. Assoc. Naz. Reduci, Palazzo ex Reale", "Role": null, "Profession": "Rappresentante di case produttrici di medicinali", "Additional Info": "OCCASIONI - CAMBI - RICOSTRUZIONI - NOLEGGI", "page_num": 447, "source_file": "page_447_semantic.csv", "section": "indice_generale", "civic_num": 2721.0, "civic_lett": null, "sestiere_parsed": "CASTELLO", "parish_parsed": null, "sestiere_implied": false, "match_note": "Exact civic number match via direct sestiere join — recovered from nb05 parish boundary miss", "location_cleaned": "False", "fail_reason": "number_not_in_reference", "nom_classification": "inside_venice", "nominatim_query": null, "nominatim_flagged": false, "matched_lat": 45.437510963945506, "matched_lon": 12.348976071080696, "match_confidence": "nciv_direct_exact", "geocoding_tier": "1b" }, "geometry": { "type": "Point", "coordinates": [ 12.348976071080696, 45.437510963945506 ] } },
{ "type": "Feature", "properties": { "Name": "Samassa Arturo", "Address": "S. Croce numero 71-D", "Location": "VENEZIA - Via XXII Marzo", "Category": "Commerciale", "Role": null, "Profession": null, "Additional Info": "impresa edile", "page_num": 450, "source_file": "page_450_semantic.csv", "section": "indice_generale", "civic_num": 71.0, "civic_lett": "D", "sestiere_parsed": "SANTA CROCE", "parish_parsed": null, "sestiere_implied": false, "match_note": "Exact civic number match via direct sestiere join — recovered from nb05 parish boundary miss", "location_cleaned": "False", "fail_reason": "number_not_in_reference", "nom_classification": "inside_venice", "nominatim_query": null, "nominatim_flagged": false, "matched_lat": 45.43656998313579, "matched_lon": 12.324110920021701, "match_confidence": "nciv_direct_exact", "geocoding_tier": "1b" }, "geometry": { "type": "Point", "coordinates": [ 12.324110920021701, 45.43656998313579 ] } },
{ "type": "Feature", "properties": { "Name": "Sarti Giovannui", "Address": "Cannareggio 6212", "Location": "VENEZIA - Via XXII Marzo", "Category": null, "Role": null, "Profession": null, "Additional Info": "barbiere e tolatore", "page_num": 451, "source_file": "page_451_semantic.csv", "section": "indice_generale", "civic_num": 6212.0, "civic_lett": null, "sestiere_parsed": "CANNAREGIO", "parish_parsed": null, "sestiere_implied": false, "match_note": "Exact civic number match via direct sestiere join — recovered from nb05 parish boundary miss", "location_cleaned": "False", "fail_reason": "number_not_in_reference", "nom_classification": "inside_venice", "nominatim_query": null, "nominatim_flagged": false, "matched_lat": 45.440146225595598, "matched_lon": 12.340477413378014, "match_confidence": "nciv_direct_exact", "geocoding_tier": "1b" }, "geometry": { "type": "Point", "coordinates": [ 12.340477413378014, 45.440146225595598 ] } },
{ "type": "Feature", "properties": { "Name": "Sartorelli dr. Guido", "Address": "S. Croce 101", "Location": "VENEZIA - Via XXII Marzo", "Category": null, "Role": null, "Profession": null, "Additional Info": "medicina generale", "page_num": 451, "source_file": "page_451_semantic.csv", "section": "indice_generale", "civic_num": 101.0, "civic_lett": null, "sestiere_parsed": "SANTA CROCE", "parish_parsed": null, "sestiere_implied": false, "match_note": "Exact civic number match via direct sestiere join — recovered from nb05 parish boundary miss", "location_cleaned": "False", "fail_reason": "number_not_in_reference", "nom_classification": "inside_venice", "nominatim_query": "Via XXII Marzo, Venezia, Italy", "nominatim_flagged": false, "matched_lat": 45.43641346241229, "matched_lon": 12.323486257560967, "match_confidence": "nciv_direct_exact", "geocoding_tier": "1b" }, "geometry": { "type": "Point", "coordinates": [ 12.323486257560967, 45.43641346241229 ] } },
{ "type": "Feature", "properties": { "Name": "Scalabrin Vittorlo", "Address": "Cann. 6281", "Location": "Via XXII Marzo", "Category": null, "Role": null, "Profession": null, "Additional Info": "falagnome", "page_num": 452, "source_file": "page_452_semantic.csv", "section": "indice_generale", "civic_num": 6281.0, "civic_lett": null, "sestiere_parsed": "CANNAREGIO", "parish_parsed": null, "sestiere_implied": false, "match_note": "Exact civic number match via direct sestiere join — recovered from nb05 parish boundary miss", "location_cleaned": "False", "fail_reason": "number_not_in_reference", "nom_classification": "inside_venice", "nominatim_query": null, "nominatim_flagged": false, "matched_lat": 45.44214978917541, "matched_lon": 12.342105477900349, "match_confidence": "nciv_direct_exact", "geocoding_tier": "1b" }, "geometry": { "type": "Point", "coordinates": [ 12.342105477900349, 45.44214978917541 ] } },
{ "type": "Feature", "properties": { "Name": "Scarlett Lionello", "Address": "Cann. 6281", "Location": "Via XXII Marzo", "Category": null, "Role": null, "Profession": null, "Additional Info": "Assiste-nte del Genio Ci-", "page_num": 452, "source_file": "page_452_semantic.csv", "section": "indice_generale", "civic_num": 6281.0, "civic_lett": null, "sestiere_parsed": "CANNAREGIO", "parish_parsed": null, "sestiere_implied": false, "match_note": "Exact civic number match via direct sestiere join — recovered from nb05 parish boundary miss", "location_cleaned": "False", "fail_reason": "number_not_in_reference", "nom_classification": "inside_venice", "nominatim_query": null, "nominatim_flagged": false, "matched_lat": 45.44214978917541, "matched_lon": 12.342105477900349, "match_confidence": "nciv_direct_exact", "geocoding_tier": "1b" }, "geometry": { "type": "Point", "coordinates": [ 12.342105477900349, 45.44214978917541 ] } },
{ "type": "Feature", "properties": { "Name": "vile", "Address": "Cann. 6281", "Location": "Via XXII Marzo", "Category": null, "Role": null, "Profession": null, "Additional Info": "Officina Riparazioni Macchine per Scrivere", "page_num": 452, "source_file": "page_452_semantic.csv", "section": "indice_generale", "civic_num": 6281.0, "civic_lett": null, "sestiere_parsed": "CANNAREGIO", "parish_parsed": null, "sestiere_implied": false, "match_note": "Exact civic number match via direct sestiere join — recovered from nb05 parish boundary miss", "location_cleaned": "False", "fail_reason": "number_not_in_reference", "nom_classification": "inside_venice", "nominatim_query": null, "nominatim_flagged": false, "matched_lat": 45.44214978917541, "matched_lon": 12.342105477900349, "match_confidence": "nciv_direct_exact", "geocoding_tier": "1b" }, "geometry": { "type": "Point", "coordinates": [ 12.342105477900349, 45.44214978917541 ] } },
{ "type": "Feature", "properties": { "Name": "S.C.A.L.E.A.", "Address": "Cann. 6281", "Location": "Via XXII Marzo", "Category": "Società Coop. dell’Arte e dei Lavoratori dell’edilizia ed affini", "Role": null, "Profession": null, "Additional Info": "impresa edile", "page_num": 452, "source_file": "page_452_semantic.csv", "section": "indice_generale", "civic_num": 6281.0, "civic_lett": null, "sestiere_parsed": "CANNAREGIO", "parish_parsed": null, "sestiere_implied": false, "match_note": "Exact civic number match via direct sestiere join — recovered from nb05 parish boundary miss", "location_cleaned": "False", "fail_reason": "number_not_in_reference", "nom_classification": "inside_venice", "nominatim_query": null, "nominatim_flagged": false, "matched_lat": 45.44214978917541, "matched_lon": 12.342105477900349, "match_confidence": "nciv_direct_exact", "geocoding_tier": "1b" }, "geometry": { "type": "Point", "coordinates": [ 12.342105477900349, 45.44214978917541 ] } },
{ "type": "Feature", "properties": { "Name": "Scantamburlo Emilia", "Address": "Cann. 6239-E", "Location": "Via XXII Marzo", "Category": null, "Role": null, "Profession": null, "Additional Info": "sarta", "page_num": 452, "source_file": "page_452_semantic.csv", "section": "indice_generale", "civic_num": 6239.0, "civic_lett": "E", "sestiere_parsed": "CANNAREGIO", "parish_parsed": null, "sestiere_implied": false, "match_note": "Exact civic number match via direct sestiere join — recovered from nb05 parish boundary miss", "location_cleaned": "False", "fail_reason": "number_not_in_reference", "nom_classification": "inside_venice", "nominatim_query": null, "nominatim_flagged": false, "matched_lat": 45.440896020942247, "matched_lon": 12.341142271454812, "match_confidence": "nciv_direct_exact", "geocoding_tier": "1b" }, "geometry": { "type": "Point", "coordinates": [ 12.341142271454812, 45.440896020942247 ] } },
{ "type": "Feature", "properties": { "Name": "Scarpa Antonio", "Address": "Castello 2912", "Location": "Via XXII Marzo", "Category": null, "Role": null, "Profession": null, "Additional Info": "carbone e legna (dettagli)", "page_num": 453, "source_file": "page_453_semantic.csv", "section": "indice_generale", "civic_num": 2912.0, "civic_lett": null, "sestiere_parsed": "CASTELLO", "parish_parsed": null, "sestiere_implied": false, "match_note": "Exact civic number match via direct sestiere join — recovered from nb05 parish boundary miss", "location_cleaned": "False", "fail_reason": "number_not_in_reference", "nom_classification": "inside_venice", "nominatim_query": null, "nominatim_flagged": false, "matched_lat": 45.437453354695279, "matched_lon": 12.346498950538882, "match_confidence": "nciv_direct_exact", "geocoding_tier": "1b" }, "geometry": { "type": "Point", "coordinates": [ 12.346498950538882, 45.437453354695279 ] } },
{ "type": "Feature", "properties": { "Name": "Scarpa Giuseppe", "Address": "Castello 3151", "Location": "Via XXII Marzo", "Category": null, "Role": null, "Profession": null, "Additional Info": "panificio", "page_num": 453, "source_file": "page_453_semantic.csv", "section": "indice_generale", "civic_num": 3151.0, "civic_lett": null, "sestiere_parsed": "CASTELLO", "parish_parsed": null, "sestiere_implied": false, "match_note": "Exact civic number match via direct sestiere join — recovered from nb05 parish boundary miss", "location_cleaned": "False", "fail_reason": "number_not_in_reference", "nom_classification": "inside_venice", "nominatim_query": null, "nominatim_flagged": false, "matched_lat": 45.437174843724051, "matched_lon": 12.347315141312739, "match_confidence": "nciv_direct_exact", "geocoding_tier": "1b" }, "geometry": { "type": "Point", "coordinates": [ 12.347315141312739, 45.437174843724051 ] } },
{ "type": "Feature", "properties": { "Name": "Scarpa mons. Giuseppe", "Address": "Castello 3151", "Location": "SS. Salvatore", "Category": null, "Role": null, "Profession": null, "Additional Info": "parroco", "page_num": 453, "source_file": "page_453_semantic.csv", "section": "indice_generale", "civic_num": 3151.0, "civic_lett": null, "sestiere_parsed": "CASTELLO", "parish_parsed": "San Salvador", "sestiere_implied": false, "match_note": "Exact civic number match via direct sestiere join — recovered from nb05 parish boundary miss", "location_cleaned": "False", "fail_reason": "number_not_in_reference", "nom_classification": "inside_venice", "nominatim_query": "Chiesa di San Salvatore, Venezia, Italy", "nominatim_flagged": false, "matched_lat": 45.437174843724051, "matched_lon": 12.347315141312739, "match_confidence": "nciv_direct_exact", "geocoding_tier": "1b" }, "geometry": { "type": "Point", "coordinates": [ 12.347315141312739, 45.437174843724051 ] } },
{ "type": "Feature", "properties": { "Name": "Scarpa Luigia", "Address": "S. Elena cl. Rovereto 13", "Location": "Via XXII Marzo", "Category": null, "Role": null, "Profession": " alimentari", "Additional Info": "latteria", "page_num": 453, "source_file": "page_453_semantic.csv", "section": "indice_generale", "civic_num": 13.0, "civic_lett": null, "sestiere_parsed": "CASTELLO", "parish_parsed": null, "sestiere_implied": false, "match_note": "Exact civic number match via direct sestiere join — recovered from nb05 parish boundary miss", "location_cleaned": "False", "fail_reason": "number_not_in_reference", "nom_classification": "inside_venice", "nominatim_query": "Sant'Elena, Venezia, Italy", "nominatim_flagged": false, "matched_lat": 45.42810591047499, "matched_lon": 12.361647597746629, "match_confidence": "nciv_direct_exact", "geocoding_tier": "1b" }, "geometry": { "type": "Point", "coordinates": [ 12.361647597746629, 45.42810591047499 ] } },
{ "type": "Feature", "properties": { "Name": "Scarpa Mario", "Address": "Castello 3183", "Location": "Via XXII Marzo", "Category": null, "Role": null, "Profession": null, "Additional Info": "bar", "page_num": 453, "source_file": "page_453_semantic.csv", "section": "indice_generale", "civic_num": 3183.0, "civic_lett": null, "sestiere_parsed": "CASTELLO", "parish_parsed": null, "sestiere_implied": false, "match_note": "Exact civic number match via direct sestiere join — recovered from nb05 parish boundary miss", "location_cleaned": "False", "fail_reason": "number_not_in_reference", "nom_classification": "inside_venice", "nominatim_query": null, "nominatim_flagged": false, "matched_lat": 45.436855578974573, "matched_lon": 12.347422522822782, "match_confidence": "nciv_direct_exact", "geocoding_tier": "1b" }, "geometry": { "type": "Point", "coordinates": [ 12.347422522822782, 45.436855578974573 ] } },
{ "type": "Feature", "properties": { "Name": "Scapellotto Mauro detto Mario", "Address": "D. Duro 3562", "Location": "Via XXII Marzo", "Category": null, "Role": null, "Profession": null, "Additional Info": "elettricista e idraulico", "page_num": 453, "source_file": "page_453_semantic.csv", "section": "indice_generale", "civic_num": 3562.0, "civic_lett": null, "sestiere_parsed": "DORSODURO", "parish_parsed": null, "sestiere_implied": false, "match_note": "Exact civic number match via direct sestiere join — recovered from nb05 parish boundary miss", "location_cleaned": "False", "fail_reason": "number_not_in_reference", "nom_classification": "inside_venice", "nominatim_query": null, "nominatim_flagged": false, "matched_lat": 45.436100234149002, "matched_lon": 12.321749558844548, "match_confidence": "nciv_direct_exact", "geocoding_tier": "1b" }, "geometry": { "type": "Point", "coordinates": [ 12.321749558844548, 45.436100234149002 ] } },
{ "type": "Feature", "properties": { "Name": "Scolari Diot'ennr", "Address": "Cannaregio 461", "Location": "tipografia", "Category": null, "Role": null, "Profession": null, "Additional Info": "Officina Riparazioni Macchine per Scrivere", "page_num": 454, "source_file": "page_454_semantic.csv", "section": "indice_generale", "civic_num": null, "civic_lett": null, "sestiere_parsed": null, "parish_parsed": null, "sestiere_implied": false, "match_note": "Recovered from Category, geocoded via Nominatim: Cannaregio 461, Venezia, Italia", "location_cleaned": null, "fail_reason": "no_civic_number", "nom_classification": "inside_venice", "nominatim_query": null, "nominatim_flagged": false, "matched_lat": 45.4438257, "matched_lon": 12.3270367, "match_confidence": "category_address_recovery", "geocoding_tier": "10" }, "geometry": { "type": "Point", "coordinates": [ 12.3270367, 45.4438257 ] } },
{ "type": "Feature", "properties": { "Name": "Shernan d. venato", "Address": "S. Marco 4202", "Location": "tipografia", "Category": null, "Role": null, "Profession": null, "Additional Info": "specialità veneziane", "page_num": 456, "source_file": "page_456_semantic.csv", "section": "indice_generale", "civic_num": 4202.0, "civic_lett": null, "sestiere_parsed": "SAN MARCO", "parish_parsed": null, "sestiere_implied": false, "match_note": "Recovered from Category, geocoded via Nominatim: S. Marco 4202, Venezia, Italia", "location_cleaned": null, "fail_reason": "number_not_in_reference", "nom_classification": "inside_venice", "nominatim_query": null, "nominatim_flagged": false, "matched_lat": 45.4348289, "matched_lon": 12.3340247, "match_confidence": "category_address_recovery", "geocoding_tier": "10" }, "geometry": { "type": "Point", "coordinates": [ 12.3340247, 45.4348289 ] } },
{ "type": "Feature", "properties": { "Name": "S. A. Cinematternicina", "Address": "D. Duro 3598", "Location": null, "Category": "materiali radio electri", "Role": null, "Profession": "illuminazione pubblica", "Additional Info": " Gas", "page_num": 458, "source_file": "page_458_semantic.csv", "section": "indice_generale", "civic_num": 3598.0, "civic_lett": null, "sestiere_parsed": "DORSODURO", "parish_parsed": null, "sestiere_implied": false, "match_note": "Exact civic number match via direct sestiere join — recovered from nb05 parish boundary miss", "location_cleaned": "False", "fail_reason": "number_not_in_reference", "nom_classification": "inside_venice", "nominatim_query": null, "nominatim_flagged": false, "matched_lat": 45.435971690651989, "matched_lon": 12.322937189200031, "match_confidence": "nciv_direct_exact", "geocoding_tier": "1b" }, "geometry": { "type": "Point", "coordinates": [ 12.322937189200031, 45.435971690651989 ] } },
{ "type": "Feature", "properties": { "Name": "Soc. Adrituria Medicinali S.A.M.", "Address": "Cannaregio 6125", "Location": "fondo", "Category": "Vetria 17", "Role": null, "Profession": "illuminazione pubblica", "Additional Info": "acque minerali, prodotti chimici (commercio) | di Cason & Perdihon", "page_num": 460, "source_file": "page_460_semantic.csv", "section": "indice_generale", "civic_num": 6125.0, "civic_lett": null, "sestiere_parsed": "CANNAREGIO", "parish_parsed": null, "sestiere_implied": false, "match_note": "Exact civic number match via direct sestiere join — recovered from nb05 parish boundary miss", "location_cleaned": null, "fail_reason": "number_not_in_reference", "nom_classification": "inside_venice", "nominatim_query": null, "nominatim_flagged": false, "matched_lat": 45.439307641273359, "matched_lon": 12.340393587239998, "match_confidence": "nciv_direct_exact", "geocoding_tier": "1b" }, "geometry": { "type": "Point", "coordinates": [ 12.340393587239998, 45.439307641273359 ] } },
{ "type": "Feature", "properties": { "Name": "Società Adriatica Medicinali S.A.M. di Carbon & Perldhon", "Address": "Cannaregio 6125", "Location": "Porto Industriale Ovest", "Category": "articoli sanitari", "Role": null, "Profession": "Azienda Idroelettrica", "Additional Info": "Società Adriatica Medicinali S.A.M. di Carbon & Perldhon", "page_num": 465, "source_file": "page_465_semantic.csv", "section": "indice_generale", "civic_num": 6125.0, "civic_lett": null, "sestiere_parsed": "CANNAREGIO", "parish_parsed": null, "sestiere_implied": false, "match_note": "Exact civic number match via direct sestiere join — recovered from nb05 parish boundary miss", "location_cleaned": "False", "fail_reason": "number_not_in_reference", "nom_classification": "inside_venice", "nominatim_query": null, "nominatim_flagged": false, "matched_lat": 45.439307641273359, "matched_lon": 12.340393587239998, "match_confidence": "nciv_direct_exact", "geocoding_tier": "1b" }, "geometry": { "type": "Point", "coordinates": [ 12.340393587239998, 45.439307641273359 ] } },
{ "type": "Feature", "properties": { "Name": "Stefani Palmira", "Address": "Castello 2908", "Location": "duse", "Category": "carbone e legna (dettaglio)", "Role": null, "Profession": "ARTI GRAFICHE ESPERIA", "Additional Info": "Telephone: 11-89, OFFICINA RIPARAZIONI VENETIA", "page_num": 468, "source_file": "page_468_semantic.csv", "section": "indice_generale", "civic_num": 2908.0, "civic_lett": null, "sestiere_parsed": "CASTELLO", "parish_parsed": null, "sestiere_implied": false, "match_note": "Exact civic number match via direct sestiere join — recovered from nb05 parish boundary miss", "location_cleaned": null, "fail_reason": "number_not_in_reference", "nom_classification": "inside_venice", "nominatim_query": null, "nominatim_flagged": false, "matched_lat": 45.437460046730429, "matched_lon": 12.346448081838036, "match_confidence": "nciv_direct_exact", "geocoding_tier": "1b" }, "geometry": { "type": "Point", "coordinates": [ 12.346448081838036, 45.437460046730429 ] } },
{ "type": "Feature", "properties": { "Name": "Talamini Giuseppe", "Address": "Cannaregio 6141", "Location": "duse", "Category": "OFFICINA RIPARAZIONI MACCHINE PER SCRIVERE", "Role": null, "Profession": "Fabbro Ferrario e Meccanico", "Additional Info": "Telephone: 11-89, OFFICINA RIPARAZIONI VENETIA", "page_num": 469, "source_file": "page_469_semantic.csv", "section": "indice_generale", "civic_num": 6141.0, "civic_lett": null, "sestiere_parsed": "CANNAREGIO", "parish_parsed": null, "sestiere_implied": false, "match_note": "Exact civic number match via direct sestiere join — recovered from nb05 parish boundary miss", "location_cleaned": null, "fail_reason": "number_not_in_reference", "nom_classification": "inside_venice", "nominatim_query": null, "nominatim_flagged": false, "matched_lat": 45.439728646954229, "matched_lon": 12.340449653437403, "match_confidence": "nciv_direct_exact", "geocoding_tier": "1b" }, "geometry": { "type": "Point", "coordinates": [ 12.340449653437403, 45.439728646954229 ] } },
{ "type": "Feature", "properties": { "Name": "Tamburrin Giuseppina", "Address": "Castello 3041", "Location": "duse", "Category": "OFFICINA RIPARAZIONI MACCHINE PER SCRIVERE", "Role": null, "Profession": "Sarta", "Additional Info": "Telephone: 11-89, OFFICINA RIPARAZIONI VENETIA", "page_num": 469, "source_file": "page_469_semantic.csv", "section": "indice_generale", "civic_num": 3041.0, "civic_lett": null, "sestiere_parsed": "CASTELLO", "parish_parsed": null, "sestiere_implied": false, "match_note": "Exact civic number match via direct sestiere join — recovered from nb05 parish boundary miss", "location_cleaned": null, "fail_reason": "number_not_in_reference", "nom_classification": "inside_venice", "nominatim_query": null, "nominatim_flagged": false, "matched_lat": 45.43702277623342, "matched_lon": 12.348005626372696, "match_confidence": "nciv_direct_exact", "geocoding_tier": "1b" }, "geometry": { "type": "Point", "coordinates": [ 12.348005626372696, 45.43702277623342 ] } },
{ "type": "Feature", "properties": { "Name": "Távolin Anna", "Address": "Castello 2953", "Location": "duse", "Category": "OFFICINA RIPARAZIONI MACCHINE PER SCRIVERE", "Role": null, "Profession": "Conchiapje", "Additional Info": "Telephone: 11-89, OFFICINA RIPARAZIONI VENETIA", "page_num": 469, "source_file": "page_469_semantic.csv", "section": "indice_generale", "civic_num": 2953.0, "civic_lett": null, "sestiere_parsed": "CASTELLO", "parish_parsed": null, "sestiere_implied": false, "match_note": "Exact civic number match via direct sestiere join — recovered from nb05 parish boundary miss", "location_cleaned": null, "fail_reason": "number_not_in_reference", "nom_classification": "inside_venice", "nominatim_query": null, "nominatim_flagged": false, "matched_lat": 45.437369146216021, "matched_lon": 12.347411936468998, "match_confidence": "nciv_direct_exact", "geocoding_tier": "1b" }, "geometry": { "type": "Point", "coordinates": [ 12.347411936468998, 45.437369146216021 ] } },
{ "type": "Feature", "properties": { "Name": "Tavolis Giuseppe", "Address": "Castello 3211", "Location": "duse", "Category": "Mercerie, Filati e Affini", "Role": null, "Profession": "ARTI GRAFICHE ESPERIA", "Additional Info": "Telephone: 11-89, OFFICINA RIPARAZIONI VENETIA", "page_num": 469, "source_file": "page_469_semantic.csv", "section": "indice_generale", "civic_num": 3211.0, "civic_lett": null, "sestiere_parsed": "CASTELLO", "parish_parsed": null, "sestiere_implied": false, "match_note": "Exact civic number match via direct sestiere join — recovered from nb05 parish boundary miss", "location_cleaned": null, "fail_reason": "number_not_in_reference", "nom_classification": "inside_venice", "nominatim_query": null, "nominatim_flagged": false, "matched_lat": 45.436331096188695, "matched_lon": 12.347468781574348, "match_confidence": "nciv_direct_exact", "geocoding_tier": "1b" }, "geometry": { "type": "Point", "coordinates": [ 12.347468781574348, 45.436331096188695 ] } },
{ "type": "Feature", "properties": { "Name": "Tempra Giuseppe,", "Address": "Castello numero 2751", "Location": "duse", "Category": "OFFICINA RIPARAZIONI MACCHINE PER SCRIVERE", "Role": null, "Profession": null, "Additional Info": "sarta da uomo", "page_num": 470, "source_file": "page_470_semantic.csv", "section": "indice_generale", "civic_num": 2751.0, "civic_lett": null, "sestiere_parsed": "CASTELLO", "parish_parsed": null, "sestiere_implied": false, "match_note": "Exact civic number match via direct sestiere join — recovered from nb05 parish boundary miss", "location_cleaned": null, "fail_reason": "number_not_in_reference", "nom_classification": "inside_venice", "nominatim_query": null, "nominatim_flagged": false, "matched_lat": 45.43868055193586, "matched_lon": 12.34937562898036, "match_confidence": "nciv_direct_exact", "geocoding_tier": "1b" }, "geometry": { "type": "Point", "coordinates": [ 12.34937562898036, 45.43868055193586 ] } },
{ "type": "Feature", "properties": { "Name": "Tenimenti Agricoli S. A.,", "Address": "S. Polo 1864", "Location": "duse", "Category": "compra-vendita", "Role": null, "Profession": null, "Additional Info": "immobili", "page_num": 470, "source_file": "page_470_semantic.csv", "section": "indice_generale", "civic_num": 1864.0, "civic_lett": null, "sestiere_parsed": "SAN POLO", "parish_parsed": null, "sestiere_implied": false, "match_note": "Exact civic number match via direct sestiere join — recovered from nb05 parish boundary miss", "location_cleaned": null, "fail_reason": "number_not_in_reference", "nom_classification": "inside_venice", "nominatim_query": null, "nominatim_flagged": false, "matched_lat": 45.439346854116572, "matched_lon": 12.331896039397035, "match_confidence": "nciv_direct_exact", "geocoding_tier": "1b" }, "geometry": { "type": "Point", "coordinates": [ 12.331896039397035, 45.439346854116572 ] } },
{ "type": "Feature", "properties": { "Name": "Tognetti Carlo", "Address": "S. Polo 1726", "Location": "duse", "Category": "OFFICINA RIPARAZIONI MACCHINE PER SCRIVERE", "Role": null, "Profession": null, "Additional Info": "farmaciosta", "page_num": 471, "source_file": "page_471_semantic.csv", "section": "indice_generale", "civic_num": 1726.0, "civic_lett": null, "sestiere_parsed": "SAN POLO", "parish_parsed": null, "sestiere_implied": false, "match_note": "Exact civic number match via direct sestiere join — recovered from nb05 parish boundary miss", "location_cleaned": "False", "fail_reason": "number_not_in_reference", "nom_classification": "inside_venice", "nominatim_query": null, "nominatim_flagged": false, "matched_lat": 45.439473318290176, "matched_lon": 12.332303989867436, "match_confidence": "nciv_direct_exact", "geocoding_tier": "1b" }, "geometry": { "type": "Point", "coordinates": [ 12.332303989867436, 45.439473318290176 ] } },
{ "type": "Feature", "properties": { "Name": "Valle Natale", "Address": "S. Croce 60", "Location": "duse", "Category": "chianista", "Role": null, "Profession": null, "Additional Info": "OFFICINA RIPARAZIONI MACCHINE PER SCRIVERE", "page_num": 476, "source_file": "page_476_semantic.csv", "section": "indice_generale", "civic_num": 60.0, "civic_lett": null, "sestiere_parsed": "SANTA CROCE", "parish_parsed": null, "sestiere_implied": false, "match_note": "Exact civic number match via direct sestiere join — recovered from nb05 parish boundary miss", "location_cleaned": "False", "fail_reason": "number_not_in_reference", "nom_classification": "inside_venice", "nominatim_query": null, "nominatim_flagged": false, "matched_lat": 45.436110848882514, "matched_lon": 12.323973691420068, "match_confidence": "nciv_direct_exact", "geocoding_tier": "1b" }, "geometry": { "type": "Point", "coordinates": [ 12.323973691420068, 45.436110848882514 ] } },
{ "type": "Feature", "properties": { "Name": "Vallini Cav. Guido", "Address": "S. Polo 1806", "Location": "duse", "Category": "vini (grossista)", "Role": null, "Profession": null, "Additional Info": "OFFICINA RIPARAZIONI MACCHINE PER SCRIVERE", "page_num": 476, "source_file": "page_476_semantic.csv", "section": "indice_generale", "civic_num": 1806.0, "civic_lett": null, "sestiere_parsed": "SAN POLO", "parish_parsed": null, "sestiere_implied": false, "match_note": "Exact civic number match via direct sestiere join — recovered from nb05 parish boundary miss", "location_cleaned": "False", "fail_reason": "number_not_in_reference", "nom_classification": "inside_venice", "nominatim_query": null, "nominatim_flagged": false, "matched_lat": 45.440455914597443, "matched_lon": 12.332680954069994, "match_confidence": "nciv_direct_exact", "geocoding_tier": "1b" }, "geometry": { "type": "Point", "coordinates": [ 12.332680954069994, 45.440455914597443 ] } },
{ "type": "Feature", "properties": { "Name": "Venturin dr. Bruno", "Address": "San Polo numero 1630", "Location": "duse", "Category": "architetto", "Role": null, "Profession": null, "Additional Info": "Venezia - Via XXII Marzo, 2288, Telephone: 25-889", "page_num": 478, "source_file": "page_478_semantic.csv", "section": "indice_generale", "civic_num": 1630.0, "civic_lett": null, "sestiere_parsed": "SAN POLO", "parish_parsed": null, "sestiere_implied": false, "match_note": "Exact civic number match via direct sestiere join — recovered from nb05 parish boundary miss", "location_cleaned": null, "fail_reason": "number_not_in_reference", "nom_classification": "inside_venice", "nominatim_query": null, "nominatim_flagged": false, "matched_lat": 45.440139545470494, "matched_lon": 12.333170657330156, "match_confidence": "nciv_direct_exact", "geocoding_tier": "1b" }, "geometry": { "type": "Point", "coordinates": [ 12.333170657330156, 45.440139545470494 ] } },
{ "type": "Feature", "properties": { "Name": "Veronesi Augusto", "Address": "D. Duro 3593", "Location": "duse", "Category": "macchine cinematografiche", "Role": null, "Profession": null, "Additional Info": "Venezia - Via XXII Marzo, 2288, Telephone: 25-889", "page_num": 478, "source_file": "page_478_semantic.csv", "section": "indice_generale", "civic_num": 3593.0, "civic_lett": null, "sestiere_parsed": "DORSODURO", "parish_parsed": null, "sestiere_implied": false, "match_note": "Exact civic number match via direct sestiere join — recovered from nb05 parish boundary miss", "location_cleaned": null, "fail_reason": "number_not_in_reference", "nom_classification": "inside_venice", "nominatim_query": null, "nominatim_flagged": false, "matched_lat": 45.436168236508912, "matched_lon": 12.32253533739464, "match_confidence": "nciv_direct_exact", "geocoding_tier": "1b" }, "geometry": { "type": "Point", "coordinates": [ 12.32253533739464, 45.436168236508912 ] } },
{ "type": "Feature", "properties": { "Name": "Verarti Edoado", "Address": "D. Duro 3593", "Location": " Via Rosa", "Category": "MACCHINE per scrivere -- Calcolatrici - Duplicatori", "Role": null, "Profession": null, "Additional Info": "orologeria | Mestre", "page_num": 478, "source_file": "page_478_semantic.csv", "section": "indice_generale", "civic_num": 3593.0, "civic_lett": null, "sestiere_parsed": "DORSODURO", "parish_parsed": null, "sestiere_implied": false, "match_note": "Exact civic number match via direct sestiere join — recovered from nb05 parish boundary miss", "location_cleaned": null, "fail_reason": "number_not_in_reference", "nom_classification": "inside_venice", "nominatim_query": null, "nominatim_flagged": false, "matched_lat": 45.436168236508912, "matched_lon": 12.32253533739464, "match_confidence": "nciv_direct_exact", "geocoding_tier": "1b" }, "geometry": { "type": "Point", "coordinates": [ 12.32253533739464, 45.436168236508912 ] } },
{ "type": "Feature", "properties": { "Name": "Vianello Angelo", "Address": "Castello 3005", "Location": "duse", "Category": "Alimentari (dett.)", "Role": null, "Profession": null, "Additional Info": "Venezia - Via XXII Marzo, 2288, Telephone: 25-889", "page_num": 479, "source_file": "page_479_semantic.csv", "section": "indice_generale", "civic_num": 3005.0, "civic_lett": null, "sestiere_parsed": "CASTELLO", "parish_parsed": null, "sestiere_implied": false, "match_note": "Exact civic number match via direct sestiere join — recovered from nb05 parish boundary miss", "location_cleaned": "False", "fail_reason": "number_not_in_reference", "nom_classification": "inside_venice", "nominatim_query": null, "nominatim_flagged": false, "matched_lat": 45.436934490466591, "matched_lon": 12.347970808350222, "match_confidence": "nciv_direct_exact", "geocoding_tier": "1b" }, "geometry": { "type": "Point", "coordinates": [ 12.347970808350222, 45.436934490466591 ] } },
{ "type": "Feature", "properties": { "Name": "Vianello Pasquale", "Address": "(Castello 3200", "Location": "duse", "Category": "alimentari", "Role": null, "Profession": null, "Additional Info": "(dett.)", "page_num": 480, "source_file": "page_480_semantic.csv", "section": "indice_generale", "civic_num": 3200.0, "civic_lett": null, "sestiere_parsed": "CASTELLO", "parish_parsed": null, "sestiere_implied": false, "match_note": "Exact civic number match via direct sestiere join — recovered from nb05 parish boundary miss", "location_cleaned": "False", "fail_reason": "number_not_in_reference", "nom_classification": "inside_venice", "nominatim_query": "Castello, Venezia, Italy", "nominatim_flagged": false, "matched_lat": 45.436474803112226, "matched_lon": 12.347599682797842, "match_confidence": "nciv_direct_exact", "geocoding_tier": "1b" }, "geometry": { "type": "Point", "coordinates": [ 12.347599682797842, 45.436474803112226 ] } },
{ "type": "Feature", "properties": { "Name": "Vio Benedetto", "Address": "S. Croce 35", "Location": "duse", "Category": "nolleggio imbarcazioni", "Role": null, "Profession": null, "Additional Info": "Venezia - Via XXII Marzo, 2288, Telephone: 25-889", "page_num": 481, "source_file": "page_481_semantic.csv", "section": "indice_generale", "civic_num": 35.0, "civic_lett": null, "sestiere_parsed": "SANTA CROCE", "parish_parsed": null, "sestiere_implied": false, "match_note": "Exact civic number match via direct sestiere join — recovered from nb05 parish boundary miss", "location_cleaned": "False", "fail_reason": "number_not_in_reference", "nom_classification": "inside_venice", "nominatim_query": null, "nominatim_flagged": false, "matched_lat": 45.43643201843939, "matched_lon": 12.323264397450236, "match_confidence": "nciv_direct_exact", "geocoding_tier": "1b" }, "geometry": { "type": "Point", "coordinates": [ 12.323264397450236, 45.43643201843939 ] } },
{ "type": "Feature", "properties": { "Name": "Vio Candida Angelo", "Address": "S. Croce 35, Via Galuppi 139", "Location": "duse", "Category": "salumi", "Role": null, "Profession": null, "Additional Info": "negozio | Burano", "page_num": 481, "source_file": "page_481_semantic.csv", "section": "indice_generale", "civic_num": 35.0, "civic_lett": null, "sestiere_parsed": "SANTA CROCE", "parish_parsed": null, "sestiere_implied": false, "match_note": "Exact civic number match via direct sestiere join — recovered from nb05 parish boundary miss", "location_cleaned": "False", "fail_reason": "number_not_in_reference", "nom_classification": "inside_venice", "nominatim_query": null, "nominatim_flagged": false, "matched_lat": 45.43643201843939, "matched_lon": 12.323264397450236, "match_confidence": "nciv_direct_exact", "geocoding_tier": "1b" }, "geometry": { "type": "Point", "coordinates": [ 12.323264397450236, 45.43643201843939 ] } },
{ "type": "Feature", "properties": { "Name": "Vio Giacomo", "Address": "San Polo 1594", "Location": "duse", "Category": "elettricista e idraulico", "Role": null, "Profession": null, "Additional Info": "Venezia - Via XXII Marzo, 2288, Telephone: 25-889", "page_num": 481, "source_file": "page_481_semantic.csv", "section": "indice_generale", "civic_num": 1594.0, "civic_lett": null, "sestiere_parsed": "SAN POLO", "parish_parsed": null, "sestiere_implied": false, "match_note": "Exact civic number match via direct sestiere join — recovered from nb05 parish boundary miss", "location_cleaned": "False", "fail_reason": "number_not_in_reference", "nom_classification": "inside_venice", "nominatim_query": null, "nominatim_flagged": false, "matched_lat": 45.439447648327366, "matched_lon": 12.332993355180079, "match_confidence": "nciv_direct_exact", "geocoding_tier": "1b" }, "geometry": { "type": "Point", "coordinates": [ 12.332993355180079, 45.439447648327366 ] } },
{ "type": "Feature", "properties": { "Name": "Visinoni Giovanni e Giuseppe", "Address": "Castello 3504, Dorsoduro 2361", "Location": "duse", "Category": "panificio", "Role": null, "Profession": null, "Additional Info": "Venezia - Via XXII Marzo, 2288, Telephone: 25-889", "page_num": 481, "source_file": "page_481_semantic.csv", "section": "indice_generale", "civic_num": 3504.0, "civic_lett": null, "sestiere_parsed": "DORSODURO", "parish_parsed": null, "sestiere_implied": false, "match_note": "Exact civic number match via direct sestiere join — recovered from nb05 parish boundary miss", "location_cleaned": "False", "fail_reason": "number_not_in_reference", "nom_classification": "inside_venice", "nominatim_query": null, "nominatim_flagged": false, "matched_lat": 45.437048748251108, "matched_lon": 12.320356564013352, "match_confidence": "nciv_direct_exact", "geocoding_tier": "1b" }, "geometry": { "type": "Point", "coordinates": [ 12.320356564013352, 45.437048748251108 ] } },
{ "type": "Feature", "properties": { "Name": "Volpato Marcello", "Address": "S. Polo 1719", "Location": "duse", "Category": "MACCHINE per scrivere -- Calcolatrici - Duplicatori", "Role": null, "Profession": null, "Additional Info": "articoli casalinghi", "page_num": 482, "source_file": "page_482_semantic.csv", "section": "indice_generale", "civic_num": 1719.0, "civic_lett": null, "sestiere_parsed": "SAN POLO", "parish_parsed": null, "sestiere_implied": false, "match_note": "Exact civic number match via direct sestiere join — recovered from nb05 parish boundary miss", "location_cleaned": null, "fail_reason": "number_not_in_reference", "nom_classification": "inside_venice", "nominatim_query": null, "nominatim_flagged": false, "matched_lat": 45.439370559951989, "matched_lon": 12.3325675494973, "match_confidence": "nciv_direct_exact", "geocoding_tier": "1b" }, "geometry": { "type": "Point", "coordinates": [ 12.3325675494973, 45.439370559951989 ] } },
{ "type": "Feature", "properties": { "Name": "Xausa e Zamegnigh", "Address": "San Polo 1690", "Location": "duse", "Category": "furniture", "Role": null, "Profession": null, "Additional Info": "artistic", "page_num": 483, "source_file": "page_483_semantic.csv", "section": "indice_generale", "civic_num": 1690.0, "civic_lett": null, "sestiere_parsed": "SAN POLO", "parish_parsed": null, "sestiere_implied": false, "match_note": "Exact civic number match via direct sestiere join — recovered from nb05 parish boundary miss", "location_cleaned": null, "fail_reason": "number_not_in_reference", "nom_classification": "inside_venice", "nominatim_query": null, "nominatim_flagged": false, "matched_lat": 45.439608942260818, "matched_lon": 12.33267168164001, "match_confidence": "nciv_direct_exact", "geocoding_tier": "1b" }, "geometry": { "type": "Point", "coordinates": [ 12.33267168164001, 45.439608942260818 ] } },
{ "type": "Feature", "properties": { "Name": "Zambron & Giavagn", "Address": "Cannaregio 2975 A", "Location": "duse", "Category": "well executives", "Role": null, "Profession": "pozzî niedai", "Additional Info": "Venezia - Via XXII Marzo, 2288, Telephone: 25-889", "page_num": 483, "source_file": "page_483_semantic.csv", "section": "indice_generale", "civic_num": 2975.0, "civic_lett": "A", "sestiere_parsed": "CANNAREGIO", "parish_parsed": null, "sestiere_implied": false, "match_note": "Exact civic number match via direct sestiere join — recovered from nb05 parish boundary miss", "location_cleaned": null, "fail_reason": "number_not_in_reference", "nom_classification": "inside_venice", "nominatim_query": null, "nominatim_flagged": false, "matched_lat": 45.447623507964572, "matched_lon": 12.31967538954814, "match_confidence": "nciv_direct_exact", "geocoding_tier": "1b" }, "geometry": { "type": "Point", "coordinates": [ 12.31967538954814, 45.447623507964572 ] } },
{ "type": "Feature", "properties": { "Name": "Zambon Gino", "Address": "Cannaregio 2975 A", "Location": " Ca' Vio", "Category": "MACCHINE per scrivere -- Calcolatrici - Duplicatori", "Role": null, "Profession": null, "Additional Info": "footwear | Treporti", "page_num": 483, "source_file": "page_483_semantic.csv", "section": "indice_generale", "civic_num": 2975.0, "civic_lett": "A", "sestiere_parsed": "CANNAREGIO", "parish_parsed": null, "sestiere_implied": false, "match_note": "Exact civic number match via direct sestiere join — recovered from nb05 parish boundary miss", "location_cleaned": null, "fail_reason": "number_not_in_reference", "nom_classification": "inside_venice", "nominatim_query": null, "nominatim_flagged": false, "matched_lat": 45.447623507964572, "matched_lon": 12.31967538954814, "match_confidence": "nciv_direct_exact", "geocoding_tier": "1b" }, "geometry": { "type": "Point", "coordinates": [ 12.31967538954814, 45.447623507964572 ] } },
{ "type": "Feature", "properties": { "Name": "Zambon Gino", "Address": "Cannaregio 2975 A", "Location": " Ca' Vio", "Category": "MACCHINE per scrivere -- Calcolatrici - Duplicatori", "Role": null, "Profession": null, "Additional Info": "tobacconist | Treporti", "page_num": 483, "source_file": "page_483_semantic.csv", "section": "indice_generale", "civic_num": 2975.0, "civic_lett": "A", "sestiere_parsed": "CANNAREGIO", "parish_parsed": null, "sestiere_implied": false, "match_note": "Exact civic number match via direct sestiere join — recovered from nb05 parish boundary miss", "location_cleaned": null, "fail_reason": "number_not_in_reference", "nom_classification": "inside_venice", "nominatim_query": null, "nominatim_flagged": false, "matched_lat": 45.447623507964572, "matched_lon": 12.31967538954814, "match_confidence": "nciv_direct_exact", "geocoding_tier": "1b" }, "geometry": { "type": "Point", "coordinates": [ 12.31967538954814, 45.447623507964572 ] } },
{ "type": "Feature", "properties": { "Name": "Zara Emili", "Address": "Cannaregio 6307", "Location": "duse", "Category": "macchine sutenili nuove e do canzone", "Role": null, "Profession": " tubi in ferro", "Additional Info": "rottami metallica", "page_num": 485, "source_file": "page_485_semantic.csv", "section": "indice_generale", "civic_num": 6307.0, "civic_lett": null, "sestiere_parsed": "CANNAREGIO", "parish_parsed": null, "sestiere_implied": false, "match_note": "Exact civic number match via direct sestiere join — recovered from nb05 parish boundary miss", "location_cleaned": "False", "fail_reason": "number_not_in_reference", "nom_classification": "inside_venice", "nominatim_query": null, "nominatim_flagged": false, "matched_lat": 45.441268493383056, "matched_lon": 12.34157252375403, "match_confidence": "nciv_direct_exact", "geocoding_tier": "1b" }, "geometry": { "type": "Point", "coordinates": [ 12.34157252375403, 45.441268493383056 ] } },
{ "type": "Feature", "properties": { "Name": "Zecchina Aldo", "Address": "Castello 2879", "Location": "duse", "Category": "MACCHINE per scrivere -- Calcolatrici - Duplicatori", "Role": null, "Profession": null, "Additional Info": "Avv.", "page_num": 486, "source_file": "page_486_semantic.csv", "section": "indice_generale", "civic_num": 2879.0, "civic_lett": null, "sestiere_parsed": "CASTELLO", "parish_parsed": null, "sestiere_implied": false, "match_note": "Exact civic number match via direct sestiere join — recovered from nb05 parish boundary miss", "location_cleaned": null, "fail_reason": "number_not_in_reference", "nom_classification": "inside_venice", "nominatim_query": null, "nominatim_flagged": false, "matched_lat": 45.436983900898198, "matched_lon": 12.346536311523476, "match_confidence": "nciv_direct_exact", "geocoding_tier": "1b" }, "geometry": { "type": "Point", "coordinates": [ 12.346536311523476, 45.436983900898198 ] } },
{ "type": "Feature", "properties": { "Name": "Zignol Antonio", "Address": "Cann. 6289", "Location": null, "Category": "Forniture complete MOBILI e ACCESSORI per UFFICIO", "Role": null, "Profession": "Forniture compiete MOBILI e ACCESSORI per UFFICIO", "Additional Info": "sarto da uomo", "page_num": 487, "source_file": "page_487_semantic.csv", "section": "indice_generale", "civic_num": 6289.0, "civic_lett": null, "sestiere_parsed": "CANNAREGIO", "parish_parsed": null, "sestiere_implied": false, "match_note": "Exact civic number match via direct sestiere join — recovered from nb05 parish boundary miss", "location_cleaned": "False", "fail_reason": "number_not_in_reference", "nom_classification": "inside_venice", "nominatim_query": null, "nominatim_flagged": false, "matched_lat": 45.441908708875914, "matched_lon": 12.342172057841372, "match_confidence": "nciv_direct_exact", "geocoding_tier": "1b" }, "geometry": { "type": "Point", "coordinates": [ 12.342172057841372, 45.441908708875914 ] } }
]
}
