{
"type": "FeatureCollection",
"name": "nciv_interpolated_matched",
"crs": { "type": "name", "properties": { "name": "urn:ogc:def:crs:OGC:1.3:CRS84" } },
"features": [
{ "type": "Feature", "properties": { "Name": "Scarpa Faleo dr. Amedeo Antonio", "Address": "S. Marco numero 4465", "Location": null, "Category": null, "Role": "Deputato", "Profession": "-", "Additional Info": "Divisione III.B", "page_num": 44, "source_file": "page_44_semantic.csv", "section": "government", "civic_num": 4465.0, "civic_lett": null, "sestiere_parsed": "SAN MARCO", "parish_parsed": null, "sestiere_implied": false, "match_note": "Linear interpolation, dist=2.0m to nearest door", "location_cleaned": null, "fail_reason": "number_not_in_reference", "nom_classification": "inside_venice", "nominatim_query": null, "nominatim_flagged": false, "matched_lat": 45.435456484233626, "matched_lon": 12.335307380947429, "match_confidence": "nciv_interpolated", "geocoding_tier": 8 }, "geometry": { "type": "Point", "coordinates": [ 12.335307380947429, 45.435456484233626 ] } },
{ "type": "Feature", "properties": { "Name": "Ing. Paolo Venini", "Address": "Castello 4106", "Location": null, "Category": null, "Role": "Membro", "Profession": "CIMITERI COMUNALI", "Additional Info": ",", "page_num": 52, "source_file": "page_52_semantic.csv", "section": "government", "civic_num": 4106.0, "civic_lett": null, "sestiere_parsed": "CASTELLO", "parish_parsed": null, "sestiere_implied": false, "match_note": "Linear interpolation, dist=0.2m to nearest door", "location_cleaned": "True", "fail_reason": "number_not_in_reference", "nom_classification": "inside_venice", "nominatim_query": null, "nominatim_flagged": false, "matched_lat": 45.433665777836381, "matched_lon": 12.347857238789503, "match_confidence": "nciv_interpolated", "geocoding_tier": 8 }, "geometry": { "type": "Point", "coordinates": [ 12.347857238789503, 45.433665777836381 ] } },
{ "type": "Feature", "properties": { "Name": "Sig. Marcello Zennaro", "Address": "Castello 4106", "Location": null, "Category": null, "Role": "Membro", "Profession": "presso Camera del Lavoro", "Additional Info": ",", "page_num": 52, "source_file": "page_52_semantic.csv", "section": "government", "civic_num": 4106.0, "civic_lett": null, "sestiere_parsed": "CASTELLO", "parish_parsed": null, "sestiere_implied": false, "match_note": "Linear interpolation, dist=0.2m to nearest door", "location_cleaned": "True", "fail_reason": "number_not_in_reference", "nom_classification": "inside_venice", "nominatim_query": null, "nominatim_flagged": false, "matched_lat": 45.433665777836381, "matched_lon": 12.347857238789503, "match_confidence": "nciv_interpolated", "geocoding_tier": 8 }, "geometry": { "type": "Point", "coordinates": [ 12.347857238789503, 45.433665777836381 ] } },
{ "type": "Feature", "properties": { "Name": null, "Address": "Castello 4106", "Location": null, "Category": null, "Role": "Sezione Commercio Interno.", "Profession": "CIMITERI COMUNALI", "Additional Info": "Vacante | Presidente", "page_num": 52, "source_file": "page_52_semantic.csv", "section": "government", "civic_num": 4106.0, "civic_lett": null, "sestiere_parsed": "CASTELLO", "parish_parsed": null, "sestiere_implied": false, "match_note": "Linear interpolation, dist=0.2m to nearest door", "location_cleaned": "True", "fail_reason": "number_not_in_reference", "nom_classification": "inside_venice", "nominatim_query": null, "nominatim_flagged": false, "matched_lat": 45.433665777836381, "matched_lon": 12.347857238789503, "match_confidence": "nciv_interpolated", "geocoding_tier": 8 }, "geometry": { "type": "Point", "coordinates": [ 12.347857238789503, 45.433665777836381 ] } },
{ "type": "Feature", "properties": { "Name": "Ing. Felice Pomo", "Address": "Castello 4106", "Location": null, "Category": null, "Role": "V. Presidente", "Profession": "Ponte della Canonica", "Additional Info": ",", "page_num": 52, "source_file": "page_52_semantic.csv", "section": "government", "civic_num": 4106.0, "civic_lett": null, "sestiere_parsed": "CASTELLO", "parish_parsed": null, "sestiere_implied": false, "match_note": "Linear interpolation, dist=0.2m to nearest door", "location_cleaned": "True", "fail_reason": "number_not_in_reference", "nom_classification": "inside_venice", "nominatim_query": null, "nominatim_flagged": false, "matched_lat": 45.433665777836381, "matched_lon": 12.347857238789503, "match_confidence": "nciv_interpolated", "geocoding_tier": 8 }, "geometry": { "type": "Point", "coordinates": [ 12.347857238789503, 45.433665777836381 ] } },
{ "type": "Feature", "properties": { "Name": "Sig. Giuseppe Campagnol", "Address": "Castello 4106", "Location": null, "Category": null, "Role": "Membro", "Profession": "presso Camera del Lavoro", "Additional Info": ",", "page_num": 52, "source_file": "page_52_semantic.csv", "section": "government", "civic_num": 4106.0, "civic_lett": null, "sestiere_parsed": "CASTELLO", "parish_parsed": null, "sestiere_implied": false, "match_note": "Linear interpolation, dist=0.2m to nearest door", "location_cleaned": "True", "fail_reason": "number_not_in_reference", "nom_classification": "inside_venice", "nominatim_query": null, "nominatim_flagged": false, "matched_lat": 45.433665777836381, "matched_lon": 12.347857238789503, "match_confidence": "nciv_interpolated", "geocoding_tier": 8 }, "geometry": { "type": "Point", "coordinates": [ 12.347857238789503, 45.433665777836381 ] } },
{ "type": "Feature", "properties": { "Name": "Mammana dr. Giuseppe", "Address": "Ponte dei Frati, S. Angelo N. 3553", "Location": null, "Category": null, "Role": null, "Profession": "Direttore, ", "Additional Info": null, "page_num": 57, "source_file": "page_57_semantic.csv", "section": "government", "civic_num": 3553.0, "civic_lett": null, "sestiere_parsed": "SAN MARCO", "parish_parsed": "L'Angelo", "sestiere_implied": true, "match_note": "Linear interpolation, dist=6.4m to nearest door", "location_cleaned": null, "fail_reason": "number_not_in_reference", "nom_classification": "inside_venice", "nominatim_query": null, "nominatim_flagged": false, "matched_lat": 45.433838335356803, "matched_lon": 12.331973342959746, "match_confidence": "nciv_interpolated", "geocoding_tier": 8 }, "geometry": { "type": "Point", "coordinates": [ 12.331973342959746, 45.433838335356803 ] } },
{ "type": "Feature", "properties": { "Name": "Azzatiello dr. Antonio", "Address": "S. Angelo N. 3553", "Location": null, "Category": null, "Role": "Direttore", "Profession": "UFFICIO DEL REGISTRO ATTI CIVILI,", "Additional Info": null, "page_num": 57, "source_file": "page_57_semantic.csv", "section": "government", "civic_num": 3553.0, "civic_lett": null, "sestiere_parsed": "SAN MARCO", "parish_parsed": "L'Angelo", "sestiere_implied": true, "match_note": "Linear interpolation, dist=6.4m to nearest door", "location_cleaned": null, "fail_reason": "number_not_in_reference", "nom_classification": "inside_venice", "nominatim_query": null, "nominatim_flagged": false, "matched_lat": 45.433838335356803, "matched_lon": 12.331973342959746, "match_confidence": "nciv_interpolated", "geocoding_tier": 8 }, "geometry": { "type": "Point", "coordinates": [ 12.331973342959746, 45.433838335356803 ] } },
{ "type": "Feature", "properties": { "Name": "Palumberi Gaetano", "Address": "S. Angelo N. 3553", "Location": null, "Category": null, "Role": "1.o Procuratore titolare", "Profession": "UFFICIO REGISTRO ATTI GIUDIZIARI E CONCESSIONI GOVERNATIVE,", "Additional Info": null, "page_num": 57, "source_file": "page_57_semantic.csv", "section": "government", "civic_num": 3553.0, "civic_lett": null, "sestiere_parsed": "SAN MARCO", "parish_parsed": "L'Angelo", "sestiere_implied": true, "match_note": "Linear interpolation, dist=6.4m to nearest door", "location_cleaned": null, "fail_reason": "number_not_in_reference", "nom_classification": "inside_venice", "nominatim_query": null, "nominatim_flagged": false, "matched_lat": 45.433838335356803, "matched_lon": 12.331973342959746, "match_confidence": "nciv_interpolated", "geocoding_tier": 8 }, "geometry": { "type": "Point", "coordinates": [ 12.331973342959746, 45.433838335356803 ] } },
{ "type": "Feature", "properties": { "Name": "Crofti dr. Carlo", "Address": "S. Angelo N. 3553", "Location": null, "Category": null, "Role": "Direttore", "Profession": "UFFICIO DEL REGISTRO SUCCESSIONI E DEMANIO,", "Additional Info": null, "page_num": 57, "source_file": "page_57_semantic.csv", "section": "government", "civic_num": 3553.0, "civic_lett": null, "sestiere_parsed": "SAN MARCO", "parish_parsed": "L'Angelo", "sestiere_implied": true, "match_note": "Linear interpolation, dist=6.4m to nearest door", "location_cleaned": null, "fail_reason": "number_not_in_reference", "nom_classification": "inside_venice", "nominatim_query": null, "nominatim_flagged": false, "matched_lat": 45.433838335356803, "matched_lon": 12.331973342959746, "match_confidence": "nciv_interpolated", "geocoding_tier": 8 }, "geometry": { "type": "Point", "coordinates": [ 12.331973342959746, 45.433838335356803 ] } },
{ "type": "Feature", "properties": { "Name": "Cingano dr. Iginio", "Address": "S. Angelo N. 3553", "Location": null, "Category": null, "Role": "I. Procuratore Titolare", "Profession": "UFFICIO IMPOSTA IN SURROGAZIONE,", "Additional Info": null, "page_num": 57, "source_file": "page_57_semantic.csv", "section": "government", "civic_num": 3553.0, "civic_lett": null, "sestiere_parsed": "SAN MARCO", "parish_parsed": "L'Angelo", "sestiere_implied": true, "match_note": "Linear interpolation, dist=6.4m to nearest door", "location_cleaned": null, "fail_reason": "number_not_in_reference", "nom_classification": "inside_venice", "nominatim_query": null, "nominatim_flagged": false, "matched_lat": 45.433838335356803, "matched_lon": 12.331973342959746, "match_confidence": "nciv_interpolated", "geocoding_tier": 8 }, "geometry": { "type": "Point", "coordinates": [ 12.331973342959746, 45.433838335356803 ] } },
{ "type": "Feature", "properties": { "Name": "Facecone Francesco", "Address": "Calle Contarini Corfù N. 1057", "Location": "S. Marco", "Category": null, "Role": "Ispettore Superiore", "Profession": "ISPETTORATO COMPARTIMENTALE DELLE DOGANE,", "Additional Info": null, "page_num": 57, "source_file": "page_57_semantic.csv", "section": "government", "civic_num": 1057.0, "civic_lett": null, "sestiere_parsed": "SAN MARCO", "parish_parsed": null, "sestiere_implied": false, "match_note": "Linear interpolation, dist=3.7m to nearest door", "location_cleaned": null, "fail_reason": "number_not_in_reference", "nom_classification": "inside_venice", "nominatim_query": null, "nominatim_flagged": false, "matched_lat": 45.435065278616655, "matched_lon": 12.336585933951316, "match_confidence": "nciv_interpolated", "geocoding_tier": 8 }, "geometry": { "type": "Point", "coordinates": [ 12.336585933951316, 45.435065278616655 ] } },
{ "type": "Feature", "properties": { "Name": "Fiali cav. uff. Guido", "Address": "S. Angelo 3553", "Location": "S. Marta", "Category": null, "Role": "Direttore vice intendente", "Profession": "DIREZIONE LOTTO,", "Additional Info": null, "page_num": 57, "source_file": "page_57_semantic.csv", "section": "government", "civic_num": 3553.0, "civic_lett": null, "sestiere_parsed": "SAN MARCO", "parish_parsed": "L'Angelo", "sestiere_implied": true, "match_note": "Linear interpolation, dist=6.4m to nearest door", "location_cleaned": null, "fail_reason": "number_not_in_reference", "nom_classification": "inside_venice", "nominatim_query": null, "nominatim_flagged": false, "matched_lat": 45.433838335356803, "matched_lon": 12.331973342959746, "match_confidence": "nciv_interpolated", "geocoding_tier": 8 }, "geometry": { "type": "Point", "coordinates": [ 12.331973342959746, 45.433838335356803 ] } },
{ "type": "Feature", "properties": { "Name": "Crescenti Placido", "Address": "S. Angelo 3553", "Location": "S. Marta", "Category": null, "Role": "Titolare I. Procuratore", "Profession": "DIREZIONE LOTTO,", "Additional Info": null, "page_num": 57, "source_file": "page_57_semantic.csv", "section": "government", "civic_num": 3553.0, "civic_lett": null, "sestiere_parsed": "SAN MARCO", "parish_parsed": "L'Angelo", "sestiere_implied": true, "match_note": "Linear interpolation, dist=6.4m to nearest door", "location_cleaned": null, "fail_reason": "number_not_in_reference", "nom_classification": "inside_venice", "nominatim_query": null, "nominatim_flagged": false, "matched_lat": 45.433838335356803, "matched_lon": 12.331973342959746, "match_confidence": "nciv_interpolated", "geocoding_tier": 8 }, "geometry": { "type": "Point", "coordinates": [ 12.331973342959746, 45.433838335356803 ] } },
{ "type": "Feature", "properties": { "Name": "Papa Roberto", "Address": "S. Angelo 3553", "Location": "S. Marta", "Category": null, "Role": "Titolare ufficiale", "Profession": "DOGANA,", "Additional Info": null, "page_num": 57, "source_file": "page_57_semantic.csv", "section": "government", "civic_num": 3553.0, "civic_lett": null, "sestiere_parsed": "SAN MARCO", "parish_parsed": "L'Angelo", "sestiere_implied": true, "match_note": "Linear interpolation, dist=6.4m to nearest door", "location_cleaned": null, "fail_reason": "number_not_in_reference", "nom_classification": "inside_venice", "nominatim_query": null, "nominatim_flagged": false, "matched_lat": 45.433838335356803, "matched_lon": 12.331973342959746, "match_confidence": "nciv_interpolated", "geocoding_tier": 8 }, "geometry": { "type": "Point", "coordinates": [ 12.331973342959746, 45.433838335356803 ] } },
{ "type": "Feature", "properties": { "Name": "Casati Edgardo", "Address": "S. Angelo 3553", "Location": "S. Marta", "Category": null, "Role": "Ufficio del Registro", "Profession": " Titolare Procuratore, ", "Additional Info": null, "page_num": 57, "source_file": "page_57_semantic.csv", "section": "government", "civic_num": 3553.0, "civic_lett": null, "sestiere_parsed": "SAN MARCO", "parish_parsed": "L'Angelo", "sestiere_implied": true, "match_note": "Linear interpolation, dist=6.4m to nearest door", "location_cleaned": null, "fail_reason": "number_not_in_reference", "nom_classification": "inside_venice", "nominatim_query": null, "nominatim_flagged": false, "matched_lat": 45.433838335356803, "matched_lon": 12.331973342959746, "match_confidence": "nciv_interpolated", "geocoding_tier": 8 }, "geometry": { "type": "Point", "coordinates": [ 12.331973342959746, 45.433838335356803 ] } },
{ "type": "Feature", "properties": { "Name": "Console dr. Vincenzo", "Address": "S. Angelo 3553", "Location": "S. Marta", "Category": null, "Role": "Ufficio distrettuale II. DD.", "Profession": " 1. Procuratore, ", "Additional Info": null, "page_num": 57, "source_file": "page_57_semantic.csv", "section": "government", "civic_num": 3553.0, "civic_lett": null, "sestiere_parsed": "SAN MARCO", "parish_parsed": "L'Angelo", "sestiere_implied": true, "match_note": "Linear interpolation, dist=6.4m to nearest door", "location_cleaned": null, "fail_reason": "number_not_in_reference", "nom_classification": "inside_venice", "nominatim_query": null, "nominatim_flagged": false, "matched_lat": 45.433838335356803, "matched_lon": 12.331973342959746, "match_confidence": "nciv_interpolated", "geocoding_tier": 8 }, "geometry": { "type": "Point", "coordinates": [ 12.331973342959746, 45.433838335356803 ] } },
{ "type": "Feature", "properties": { "Name": "Malusa dr. Gino", "Address": "S. Angelo 3553", "Location": "S. Marta", "Category": null, "Role": "Ufficio del Registro", "Profession": " Titolare Procuratore, ", "Additional Info": null, "page_num": 57, "source_file": "page_57_semantic.csv", "section": "government", "civic_num": 3553.0, "civic_lett": null, "sestiere_parsed": "SAN MARCO", "parish_parsed": "L'Angelo", "sestiere_implied": true, "match_note": "Linear interpolation, dist=6.4m to nearest door", "location_cleaned": null, "fail_reason": "number_not_in_reference", "nom_classification": "inside_venice", "nominatim_query": null, "nominatim_flagged": false, "matched_lat": 45.433838335356803, "matched_lon": 12.331973342959746, "match_confidence": "nciv_interpolated", "geocoding_tier": 8 }, "geometry": { "type": "Point", "coordinates": [ 12.331973342959746, 45.433838335356803 ] } },
{ "type": "Feature", "properties": { "Name": "Guida dr. Edgardo", "Address": "S. Angelo 3553", "Location": "S. Marta", "Category": null, "Role": "Ufficio Distrettuale delle II. DD.", "Profession": " Procuratore Capo, ", "Additional Info": null, "page_num": 57, "source_file": "page_57_semantic.csv", "section": "government", "civic_num": 3553.0, "civic_lett": null, "sestiere_parsed": "SAN MARCO", "parish_parsed": "L'Angelo", "sestiere_implied": true, "match_note": "Linear interpolation, dist=6.4m to nearest door", "location_cleaned": null, "fail_reason": "number_not_in_reference", "nom_classification": "inside_venice", "nominatim_query": null, "nominatim_flagged": false, "matched_lat": 45.433838335356803, "matched_lon": 12.331973342959746, "match_confidence": "nciv_interpolated", "geocoding_tier": 8 }, "geometry": { "type": "Point", "coordinates": [ 12.331973342959746, 45.433838335356803 ] } },
{ "type": "Feature", "properties": { "Name": "Bonia Giuseppe", "Address": "S. Angelo 3553", "Location": "S. Marta", "Category": null, "Role": "Ufficio del Registro", "Profession": " Titolare Procuratore", "Additional Info": null, "page_num": 57, "source_file": "page_57_semantic.csv", "section": "government", "civic_num": 3553.0, "civic_lett": null, "sestiere_parsed": "SAN MARCO", "parish_parsed": "L'Angelo", "sestiere_implied": true, "match_note": "Linear interpolation, dist=6.4m to nearest door", "location_cleaned": null, "fail_reason": "number_not_in_reference", "nom_classification": "inside_venice", "nominatim_query": null, "nominatim_flagged": false, "matched_lat": 45.433838335356803, "matched_lon": 12.331973342959746, "match_confidence": "nciv_interpolated", "geocoding_tier": 8 }, "geometry": { "type": "Point", "coordinates": [ 12.331973342959746, 45.433838335356803 ] } },
{ "type": "Feature", "properties": { "Name": "Marsoni Arturo", "Address": " Campo dei Carmini 2613", "Location": "Venezia", "Category": null, "Role": "Capo reparto", "Profession": "FERROVIE DELLO STATO", "Additional Info": null, "page_num": 61, "source_file": "page_61_semantic.csv", "section": "government", "civic_num": null, "civic_lett": null, "sestiere_parsed": null, "parish_parsed": null, "sestiere_implied": false, "match_note": "Recovered from Role/Profession, geocoded via Nominatim:  Campo dei Carmini 2613, Venezia, Italia", "location_cleaned": null, "fail_reason": "no_civic_number", "nom_classification": "inside_venice", "nominatim_query": null, "nominatim_flagged": false, "matched_lat": 45.4337699, "matched_lon": 12.3220079, "match_confidence": "role_profession_address_recovery", "geocoding_tier": 10 }, "geometry": { "type": "Point", "coordinates": [ 12.3220079, 45.4337699 ] } },
{ "type": "Feature", "properties": { "Name": "Brusln cav. uff", "Address": "Piazzetta S, Marco 24 (Palazzo Reale)", "Location": "Ca’ D'Oro", "Category": null, "Role": "SOPRINT. ALLE ANTICHITA’ PADOVA MUSEO ARCHEOLOGICO", "Profession": "Sovraintendente", "Additional Info": "dr. Gio. Vanni", "page_num": 80, "source_file": "page_80_semantic.csv", "section": "government", "civic_num": 24.0, "civic_lett": null, "sestiere_parsed": "SAN MARCO", "parish_parsed": null, "sestiere_implied": false, "match_note": "Linear interpolation, dist=0.8m to nearest door", "location_cleaned": null, "fail_reason": "number_not_in_reference", "nom_classification": "inside_venice", "nominatim_query": "Palazzo Reale, Venezia, Italy", "nominatim_flagged": false, "matched_lat": 45.433878928962784, "matched_lon": 12.33915219379349, "match_confidence": "nciv_interpolated", "geocoding_tier": 8 }, "geometry": { "type": "Point", "coordinates": [ 12.33915219379349, 45.433878928962784 ] } },
{ "type": "Feature", "properties": { "Name": "Forlati dr. Bruna", "Address": "Piazzetta S, Marco 24 (Palazzo Reale)", "Location": "Ca’ D'Oro", "Category": null, "Role": "Direttore", "Profession": "DELLA CA’ PESARO", "Additional Info": ",", "page_num": 80, "source_file": "page_80_semantic.csv", "section": "government", "civic_num": 24.0, "civic_lett": null, "sestiere_parsed": "SAN MARCO", "parish_parsed": null, "sestiere_implied": false, "match_note": "Linear interpolation, dist=0.8m to nearest door", "location_cleaned": null, "fail_reason": "number_not_in_reference", "nom_classification": "inside_venice", "nominatim_query": "Palazzo Reale, Venezia, Italy", "nominatim_flagged": false, "matched_lat": 45.433878928962784, "matched_lon": 12.33915219379349, "match_confidence": "nciv_interpolated", "geocoding_tier": 8 }, "geometry": { "type": "Point", "coordinates": [ 12.33915219379349, 45.433878928962784 ] } },
{ "type": "Feature", "properties": { "Name": "A. N. P. I. Associazione Nazionale Partigiani d’Italia, Comitato Provinciale di Venezia", "Address": "Sede S. Marco ex Palazzo Reale. Stanza 32", "Location": null, "Category": null, "Role": null, "Profession": null, "Additional Info": ",; SEZIONE DI VENEZIA", "page_num": 97, "source_file": "page_97_semantic.csv", "section": "religious", "civic_num": 32.0, "civic_lett": null, "sestiere_parsed": "SAN MARCO", "parish_parsed": null, "sestiere_implied": false, "match_note": "Linear interpolation, dist=2.1m to nearest door", "location_cleaned": "True", "fail_reason": "number_not_in_reference", "nom_classification": "inside_venice", "nominatim_query": "Palazzo ex Reale, Venezia, Italy", "nominatim_flagged": false, "matched_lat": 45.43388705049081, "matched_lon": 12.339127530630687, "match_confidence": "nciv_interpolated", "geocoding_tier": 8 }, "geometry": { "type": "Point", "coordinates": [ 12.339127530630687, 45.43388705049081 ] } },
{ "type": "Feature", "properties": { "Name": "Vedova Gino", "Address": "Sede S. Marco ex Palazzo Reale. Stanza 32", "Location": null, "Category": null, "Role": "Segretario", "Profession": null, "Additional Info": ",; SEZIONE DI VENEZIA", "page_num": 97, "source_file": "page_97_semantic.csv", "section": "religious", "civic_num": 32.0, "civic_lett": null, "sestiere_parsed": "SAN MARCO", "parish_parsed": null, "sestiere_implied": false, "match_note": "Linear interpolation, dist=2.1m to nearest door", "location_cleaned": "True", "fail_reason": "number_not_in_reference", "nom_classification": "inside_venice", "nominatim_query": "Palazzo ex Reale, Venezia, Italy", "nominatim_flagged": false, "matched_lat": 45.43388705049081, "matched_lon": 12.339127530630687, "match_confidence": "nciv_interpolated", "geocoding_tier": 8 }, "geometry": { "type": "Point", "coordinates": [ 12.339127530630687, 45.43388705049081 ] } },
{ "type": "Feature", "properties": { "Name": "Glatz Arturo", "Address": "Sede S. Marco ex Palazzo Reale. Stanza 32", "Location": null, "Category": null, "Role": "Organizmatore", "Profession": null, "Additional Info": ",; SEZIONE DI VENEZIA", "page_num": 97, "source_file": "page_97_semantic.csv", "section": "religious", "civic_num": 32.0, "civic_lett": null, "sestiere_parsed": "SAN MARCO", "parish_parsed": null, "sestiere_implied": false, "match_note": "Linear interpolation, dist=2.1m to nearest door", "location_cleaned": "True", "fail_reason": "number_not_in_reference", "nom_classification": "inside_venice", "nominatim_query": "Palazzo ex Reale, Venezia, Italy", "nominatim_flagged": false, "matched_lat": 45.43388705049081, "matched_lon": 12.339127530630687, "match_confidence": "nciv_interpolated", "geocoding_tier": 8 }, "geometry": { "type": "Point", "coordinates": [ 12.339127530630687, 45.43388705049081 ] } },
{ "type": "Feature", "properties": { "Name": "Biondo Renzo", "Address": "Sede S. Marco ex Palazzo Reale. Stanza 32", "Location": null, "Category": null, "Role": "Stampa", "Profession": null, "Additional Info": ",; SEZIONE DI VENEZIA", "page_num": 97, "source_file": "page_97_semantic.csv", "section": "religious", "civic_num": 32.0, "civic_lett": null, "sestiere_parsed": "SAN MARCO", "parish_parsed": null, "sestiere_implied": false, "match_note": "Linear interpolation, dist=2.1m to nearest door", "location_cleaned": "True", "fail_reason": "number_not_in_reference", "nom_classification": "inside_venice", "nominatim_query": "Palazzo ex Reale, Venezia, Italy", "nominatim_flagged": false, "matched_lat": 45.43388705049081, "matched_lon": 12.339127530630687, "match_confidence": "nciv_interpolated", "geocoding_tier": 8 }, "geometry": { "type": "Point", "coordinates": [ 12.339127530630687, 45.43388705049081 ] } },
{ "type": "Feature", "properties": { "Name": "Penzo Vincenzo", "Address": "S. Marco 2340", "Location": "S. Marco", "Category": null, "Role": null, "Profession": null, "Additional Info": "Democrazia Cristiana", "page_num": 100, "source_file": "page_100_semantic.csv", "section": "other", "civic_num": 2340.0, "civic_lett": null, "sestiere_parsed": "SAN MARCO", "parish_parsed": null, "sestiere_implied": false, "match_note": "Linear interpolation, dist=0.3m to nearest door", "location_cleaned": null, "fail_reason": "number_not_in_reference", "nom_classification": "inside_venice", "nominatim_query": null, "nominatim_flagged": false, "matched_lat": 45.432272303929572, "matched_lon": 12.333725191218624, "match_confidence": "nciv_interpolated", "geocoding_tier": 8 }, "geometry": { "type": "Point", "coordinates": [ 12.333725191218624, 45.432272303929572 ] } },
{ "type": "Feature", "properties": { "Name": "Da Venezia Eugenio", "Address": "S. Croce 1297", "Location": null, "Category": null, "Role": null, "Profession": "pittore", "Additional Info": null, "page_num": 109, "source_file": "page_109_semantic.csv", "section": "professionisti", "civic_num": 1297.0, "civic_lett": null, "sestiere_parsed": "SANTA CROCE", "parish_parsed": null, "sestiere_implied": false, "match_note": "Linear interpolation, dist=6.9m to nearest door", "location_cleaned": null, "fail_reason": "number_not_in_reference", "nom_classification": "inside_venice", "nominatim_query": "Chiesa di Santa Croce, Venezia, Italy", "nominatim_flagged": false, "matched_lat": 45.441912771632403, "matched_lon": 12.325690815769276, "match_confidence": "nciv_interpolated", "geocoding_tier": 8 }, "geometry": { "type": "Point", "coordinates": [ 12.325690815769276, 45.441912771632403 ] } },
{ "type": "Feature", "properties": { "Name": "Ziarri Giobatta", "Address": "S. Polo 3452", "Location": null, "Category": null, "Role": null, "Profession": "pittore", "Additional Info": null, "page_num": 109, "source_file": "page_109_semantic.csv", "section": "professionisti", "civic_num": 3452.0, "civic_lett": null, "sestiere_parsed": "SAN POLO", "parish_parsed": null, "sestiere_implied": false, "match_note": "Linear interpolation, dist=1.6m to nearest door", "location_cleaned": null, "fail_reason": "number_not_in_reference", "nom_classification": "inside_venice", "nominatim_query": "Sestiere San Polo, Venezia, Italy", "nominatim_flagged": false, "matched_lat": 45.436482776264931, "matched_lon": 12.327042739357806, "match_confidence": "nciv_interpolated", "geocoding_tier": 8 }, "geometry": { "type": "Point", "coordinates": [ 12.327042739357806, 45.436482776264931 ] } },
{ "type": "Feature", "properties": { "Name": "Corà Francesco", "Address": "Cannaregio 3996", "Location": null, "Category": null, "Role": null, "Profession": null, "Additional Info": ",", "page_num": 110, "source_file": "page_110_semantic.csv", "section": "professionisti", "civic_num": 3996.0, "civic_lett": null, "sestiere_parsed": "CANNAREGIO", "parish_parsed": null, "sestiere_implied": false, "match_note": "Linear interpolation, dist=2.5m to nearest door", "location_cleaned": null, "fail_reason": "number_not_in_reference", "nom_classification": "inside_venice", "nominatim_query": null, "nominatim_flagged": false, "matched_lat": 45.441055809227279, "matched_lon": 12.334670472213812, "match_confidence": "nciv_interpolated", "geocoding_tier": 8 }, "geometry": { "type": "Point", "coordinates": [ 12.334670472213812, 45.441055809227279 ] } },
{ "type": "Feature", "properties": { "Name": "Simoniti Urbano", "Address": "S. Marco 5042", "Location": null, "Category": null, "Role": null, "Profession": null, "Additional Info": ",", "page_num": 111, "source_file": "page_111_semantic.csv", "section": "professionisti", "civic_num": 5042.0, "civic_lett": null, "sestiere_parsed": "SAN MARCO", "parish_parsed": null, "sestiere_implied": false, "match_note": "Linear interpolation, dist=2.8m to nearest door", "location_cleaned": null, "fail_reason": "number_not_in_reference", "nom_classification": "inside_venice", "nominatim_query": null, "nominatim_flagged": false, "matched_lat": 45.437279366916052, "matched_lon": 12.336627950859272, "match_confidence": "nciv_interpolated", "geocoding_tier": 8 }, "geometry": { "type": "Point", "coordinates": [ 12.336627950859272, 45.437279366916052 ] } },
{ "type": "Feature", "properties": { "Name": "Sonnino Ruggero", "Address": "S. Marco 1119", "Location": null, "Category": null, "Role": null, "Profession": null, "Additional Info": ",", "page_num": 111, "source_file": "page_111_semantic.csv", "section": "professionisti", "civic_num": 1119.0, "civic_lett": null, "sestiere_parsed": "SAN MARCO", "parish_parsed": null, "sestiere_implied": false, "match_note": "Linear interpolation, dist=2.9m to nearest door", "location_cleaned": null, "fail_reason": "number_not_in_reference", "nom_classification": "inside_venice", "nominatim_query": null, "nominatim_flagged": false, "matched_lat": 45.434693877108117, "matched_lon": 12.336514579115574, "match_confidence": "nciv_interpolated", "geocoding_tier": 8 }, "geometry": { "type": "Point", "coordinates": [ 12.336514579115574, 45.434693877108117 ] } },
{ "type": "Feature", "properties": { "Name": "Spesas Ferrucio", "Address": "S. Marco 5042", "Location": null, "Category": null, "Role": null, "Profession": null, "Additional Info": ",", "page_num": 111, "source_file": "page_111_semantic.csv", "section": "professionisti", "civic_num": 5042.0, "civic_lett": null, "sestiere_parsed": "SAN MARCO", "parish_parsed": null, "sestiere_implied": false, "match_note": "Linear interpolation, dist=2.8m to nearest door", "location_cleaned": null, "fail_reason": "number_not_in_reference", "nom_classification": "inside_venice", "nominatim_query": null, "nominatim_flagged": false, "matched_lat": 45.437279366916052, "matched_lon": 12.336627950859272, "match_confidence": "nciv_interpolated", "geocoding_tier": 8 }, "geometry": { "type": "Point", "coordinates": [ 12.336627950859272, 45.437279366916052 ] } },
{ "type": "Feature", "properties": { "Name": "Suppiej Giorgio", "Address": "S. Marco 254", "Location": null, "Category": null, "Role": null, "Profession": null, "Additional Info": ",", "page_num": 111, "source_file": "page_111_semantic.csv", "section": "professionisti", "civic_num": 254.0, "civic_lett": null, "sestiere_parsed": "SAN MARCO", "parish_parsed": null, "sestiere_implied": false, "match_note": "Linear interpolation, dist=3.1m to nearest door", "location_cleaned": null, "fail_reason": "number_not_in_reference", "nom_classification": "inside_venice", "nominatim_query": null, "nominatim_flagged": false, "matched_lat": 45.435513993529902, "matched_lon": 12.338502469277978, "match_confidence": "nciv_interpolated", "geocoding_tier": 8 }, "geometry": { "type": "Point", "coordinates": [ 12.338502469277978, 45.435513993529902 ] } },
{ "type": "Feature", "properties": { "Name": "Valtorta Gaetano", "Address": "S. Polo 4249", "Location": null, "Category": null, "Role": null, "Profession": "Attuari", "Additional Info": ",", "page_num": 112, "source_file": "page_112_semantic.csv", "section": "professionisti", "civic_num": 4249.0, "civic_lett": null, "sestiere_parsed": "SAN POLO", "parish_parsed": null, "sestiere_implied": false, "match_note": "Linear interpolation, dist=7.6m to nearest door", "location_cleaned": "True", "fail_reason": "number_not_in_reference", "nom_classification": "inside_venice", "nominatim_query": "Sestiere San Polo, Venezia, Italy", "nominatim_flagged": false, "matched_lat": 45.437143896583351, "matched_lon": 12.33081724155997, "match_confidence": "nciv_interpolated", "geocoding_tier": 8 }, "geometry": { "type": "Point", "coordinates": [ 12.33081724155997, 45.437143896583351 ] } },
{ "type": "Feature", "properties": { "Name": "Favretto Umberto", "Address": "S. Marco 4541", "Location": null, "Category": null, "Role": null, "Profession": "Attuari", "Additional Info": ",", "page_num": 112, "source_file": "page_112_semantic.csv", "section": "professionisti", "civic_num": 4541.0, "civic_lett": null, "sestiere_parsed": "SAN MARCO", "parish_parsed": null, "sestiere_implied": false, "match_note": "Linear interpolation, dist=2.5m to nearest door", "location_cleaned": "True", "fail_reason": "number_not_in_reference", "nom_classification": "inside_venice", "nominatim_query": null, "nominatim_flagged": false, "matched_lat": 45.435843592222732, "matched_lon": 12.33588548680615, "match_confidence": "nciv_interpolated", "geocoding_tier": 8 }, "geometry": { "type": "Point", "coordinates": [ 12.33588548680615, 45.435843592222732 ] } },
{ "type": "Feature", "properties": { "Name": "Rova Vittorio", "Address": "Castello 2269", "Location": null, "Category": null, "Role": null, "Profession": "Attuari", "Additional Info": ",", "page_num": 112, "source_file": "page_112_semantic.csv", "section": "professionisti", "civic_num": 2269.0, "civic_lett": null, "sestiere_parsed": "CASTELLO", "parish_parsed": null, "sestiere_implied": false, "match_note": "Linear interpolation, dist=2.3m to nearest door", "location_cleaned": "True", "fail_reason": "number_not_in_reference", "nom_classification": "inside_venice", "nominatim_query": null, "nominatim_flagged": false, "matched_lat": 45.433859134529229, "matched_lon": 12.349604239922195, "match_confidence": "nciv_interpolated", "geocoding_tier": 8 }, "geometry": { "type": "Point", "coordinates": [ 12.349604239922195, 45.433859134529229 ] } },
{ "type": "Feature", "properties": { "Name": "Zoppolato Gino", "Address": "s. Marco 5042", "Location": null, "Category": null, "Role": null, "Profession": "Attuari", "Additional Info": ",", "page_num": 113, "source_file": "page_113_semantic.csv", "section": "professionisti", "civic_num": 5042.0, "civic_lett": null, "sestiere_parsed": "SAN MARCO", "parish_parsed": null, "sestiere_implied": false, "match_note": "Linear interpolation, dist=2.8m to nearest door", "location_cleaned": "True", "fail_reason": "number_not_in_reference", "nom_classification": "inside_venice", "nominatim_query": "Sestiere San Marco, Venezia, Italy", "nominatim_flagged": false, "matched_lat": 45.437279366916052, "matched_lon": 12.336627950859272, "match_confidence": "nciv_interpolated", "geocoding_tier": 8 }, "geometry": { "type": "Point", "coordinates": [ 12.336627950859272, 45.437279366916052 ] } },
{ "type": "Feature", "properties": { "Name": "Canziani Gino", "Address": "Via Marco Bragadìin 6, Cannaregio 5393", "Location": null, "Category": null, "Role": null, "Profession": "Geometra", "Additional Info": ",", "page_num": 114, "source_file": "page_114_semantic.csv", "section": "professionisti", "civic_num": 5393.0, "civic_lett": null, "sestiere_parsed": "SAN MARCO", "parish_parsed": null, "sestiere_implied": false, "match_note": "Linear interpolation, dist=2.7m to nearest door", "location_cleaned": "True", "fail_reason": "number_not_in_reference", "nom_classification": "inside_venice", "nominatim_query": "Calle Marco Bragadìn, Cannaregio, Venezia, Italy", "nominatim_flagged": false, "matched_lat": 45.43771793852477, "matched_lon": 12.336875232854023, "match_confidence": "nciv_interpolated", "geocoding_tier": 8 }, "geometry": { "type": "Point", "coordinates": [ 12.336875232854023, 45.43771793852477 ] } },
{ "type": "Feature", "properties": { "Name": "Bianchi Emilio", "Address": "S. Marco 5508", "Location": null, "Category": null, "Role": null, "Profession": "Ingegneri", "Additional Info": ",", "page_num": 116, "source_file": "page_116_semantic.csv", "section": "professionisti", "civic_num": 5508.0, "civic_lett": null, "sestiere_parsed": "SAN MARCO", "parish_parsed": null, "sestiere_implied": false, "match_note": "Linear interpolation, dist=4.2m to nearest door", "location_cleaned": "False", "fail_reason": "number_not_in_reference", "nom_classification": "inside_venice", "nominatim_query": null, "nominatim_flagged": false, "matched_lat": 45.438133964590357, "matched_lon": 12.337505987451811, "match_confidence": "nciv_interpolated", "geocoding_tier": 8 }, "geometry": { "type": "Point", "coordinates": [ 12.337505987451811, 45.438133964590357 ] } },
{ "type": "Feature", "properties": { "Name": "Colussi Guido", "Address": "S. Angelo 3835", "Location": null, "Category": null, "Role": null, "Profession": "Ingegneri", "Additional Info": ",", "page_num": 116, "source_file": "page_116_semantic.csv", "section": "professionisti", "civic_num": 3835.0, "civic_lett": null, "sestiere_parsed": "SAN MARCO", "parish_parsed": "L'Angelo", "sestiere_implied": true, "match_note": "Linear interpolation, dist=4.3m to nearest door", "location_cleaned": "False", "fail_reason": "number_not_in_reference", "nom_classification": "inside_venice", "nominatim_query": null, "nominatim_flagged": false, "matched_lat": 45.43490366332901, "matched_lon": 12.331790658559289, "match_confidence": "nciv_interpolated", "geocoding_tier": 8 }, "geometry": { "type": "Point", "coordinates": [ 12.331790658559289, 45.43490366332901 ] } },
{ "type": "Feature", "properties": { "Name": "Gottardi Antonio", "Address": "S. Marco 1143", "Location": null, "Category": null, "Role": null, "Profession": "Ingegneri", "Additional Info": ",", "page_num": 116, "source_file": "page_116_semantic.csv", "section": "professionisti", "civic_num": 1143.0, "civic_lett": null, "sestiere_parsed": "SAN MARCO", "parish_parsed": null, "sestiere_implied": false, "match_note": "Linear interpolation, dist=4.8m to nearest door", "location_cleaned": "False", "fail_reason": "number_not_in_reference", "nom_classification": "inside_venice", "nominatim_query": null, "nominatim_flagged": false, "matched_lat": 45.43430917274182, "matched_lon": 12.33621482124731, "match_confidence": "nciv_interpolated", "geocoding_tier": 8 }, "geometry": { "type": "Point", "coordinates": [ 12.33621482124731, 45.43430917274182 ] } },
{ "type": "Feature", "properties": { "Name": "D'Arbela Felice", "Address": "S. Polo 3176", "Location": null, "Category": null, "Role": null, "Profession": "Medicina generale", "Additional Info": "VETRITAL S. A.", "page_num": 118, "source_file": "page_118_semantic.csv", "section": "professionisti", "civic_num": 3176.0, "civic_lett": null, "sestiere_parsed": "SAN POLO", "parish_parsed": null, "sestiere_implied": false, "match_note": "Linear interpolation, dist=6.6m to nearest door", "location_cleaned": "True", "fail_reason": "number_not_in_reference", "nom_classification": "inside_venice", "nominatim_query": null, "nominatim_flagged": false, "matched_lat": 45.436253802556919, "matched_lon": 12.325735656279113, "match_confidence": "nciv_interpolated", "geocoding_tier": 8 }, "geometry": { "type": "Point", "coordinates": [ 12.325735656279113, 45.436253802556919 ] } },
{ "type": "Feature", "properties": { "Name": "Costa Angela", "Address": "S. Marco 4541", "Location": null, "Category": null, "Role": null, "Profession": "Concessionario esclusivo: Rag. Cleto Rossini", "Additional Info": ",", "page_num": 123, "source_file": "page_123_semantic.csv", "section": "professionisti", "civic_num": 4541.0, "civic_lett": null, "sestiere_parsed": "SAN MARCO", "parish_parsed": null, "sestiere_implied": false, "match_note": "Linear interpolation, dist=2.5m to nearest door", "location_cleaned": "False", "fail_reason": "number_not_in_reference", "nom_classification": "inside_venice", "nominatim_query": null, "nominatim_flagged": false, "matched_lat": 45.435843592222732, "matched_lon": 12.33588548680615, "match_confidence": "nciv_interpolated", "geocoding_tier": 8 }, "geometry": { "type": "Point", "coordinates": [ 12.33588548680615, 45.435843592222732 ] } },
{ "type": "Feature", "properties": { "Name": "Marra Luisa", "Address": "Cannaregio 273", "Location": null, "Category": null, "Role": null, "Profession": "Concessionario esclusivo: Rag. Cleto Rossini", "Additional Info": ",", "page_num": 123, "source_file": "page_123_semantic.csv", "section": "professionisti", "civic_num": 273.0, "civic_lett": null, "sestiere_parsed": "CANNAREGIO", "parish_parsed": null, "sestiere_implied": false, "match_note": "Linear interpolation, dist=4.2m to nearest door", "location_cleaned": "False", "fail_reason": "number_not_in_reference", "nom_classification": "inside_venice", "nominatim_query": null, "nominatim_flagged": false, "matched_lat": 45.442930844911999, "matched_lon": 12.32530940190548, "match_confidence": "nciv_interpolated", "geocoding_tier": 8 }, "geometry": { "type": "Point", "coordinates": [ 12.32530940190548, 45.442930844911999 ] } },
{ "type": "Feature", "properties": { "Name": "Sitran Ugo", "Address": "S. Marco 971", "Location": null, "Category": null, "Role": null, "Profession": "Concessionario esclusivo: Rag. Cleto Rossini", "Additional Info": ", ,", "page_num": 124, "source_file": "page_124_semantic.csv", "section": "professionisti", "civic_num": 971.0, "civic_lett": null, "sestiere_parsed": "SAN MARCO", "parish_parsed": null, "sestiere_implied": false, "match_note": "Linear interpolation, dist=9.6m to nearest door", "location_cleaned": "False", "fail_reason": "number_not_in_reference", "nom_classification": "inside_venice", "nominatim_query": null, "nominatim_flagged": false, "matched_lat": 45.435359405209667, "matched_lon": 12.33760853564856, "match_confidence": "nciv_interpolated", "geocoding_tier": 8 }, "geometry": { "type": "Point", "coordinates": [ 12.33760853564856, 45.435359405209667 ] } },
{ "type": "Feature", "properties": { "Name": "Coen Terzo", "Address": "S. Marco 1294", "Location": null, "Category": null, "Role": null, "Profession": "Concessionario esclusivo: Rag. Cleto Rossini", "Additional Info": "tutte le sudd. della categoria", "page_num": 124, "source_file": "page_124_semantic.csv", "section": "professionisti", "civic_num": 1294.0, "civic_lett": null, "sestiere_parsed": "SAN MARCO", "parish_parsed": null, "sestiere_implied": false, "match_note": "Linear interpolation, dist=1.8m to nearest door", "location_cleaned": "False", "fail_reason": "number_not_in_reference", "nom_classification": "inside_venice", "nominatim_query": null, "nominatim_flagged": false, "matched_lat": 45.433361517043267, "matched_lon": 12.336885284856285, "match_confidence": "nciv_interpolated", "geocoding_tier": 8 }, "geometry": { "type": "Point", "coordinates": [ 12.336885284856285, 45.433361517043267 ] } },
{ "type": "Feature", "properties": { "Name": "Coen Terzo", "Address": "S. Marco 1294", "Location": null, "Category": null, "Role": null, "Profession": "Concessionario esclusivo: Rag. Cleto Rossini", "Additional Info": "sudd. 12", "page_num": 124, "source_file": "page_124_semantic.csv", "section": "professionisti", "civic_num": 1294.0, "civic_lett": null, "sestiere_parsed": "SAN MARCO", "parish_parsed": null, "sestiere_implied": false, "match_note": "Linear interpolation, dist=1.8m to nearest door", "location_cleaned": "False", "fail_reason": "number_not_in_reference", "nom_classification": "inside_venice", "nominatim_query": null, "nominatim_flagged": false, "matched_lat": 45.433361517043267, "matched_lon": 12.336885284856285, "match_confidence": "nciv_interpolated", "geocoding_tier": 8 }, "geometry": { "type": "Point", "coordinates": [ 12.336885284856285, 45.433361517043267 ] } },
{ "type": "Feature", "properties": { "Name": "Coen Terzo", "Address": "S. Marco 1294", "Location": null, "Category": null, "Role": null, "Profession": "Concessionario esclusivo: Rag. Cleto Rossini", "Additional Info": "sudd. 5, 6, 8", "page_num": 124, "source_file": "page_124_semantic.csv", "section": "professionisti", "civic_num": 1294.0, "civic_lett": null, "sestiere_parsed": "SAN MARCO", "parish_parsed": null, "sestiere_implied": false, "match_note": "Linear interpolation, dist=1.8m to nearest door", "location_cleaned": "False", "fail_reason": "number_not_in_reference", "nom_classification": "inside_venice", "nominatim_query": null, "nominatim_flagged": false, "matched_lat": 45.433361517043267, "matched_lon": 12.336885284856285, "match_confidence": "nciv_interpolated", "geocoding_tier": 8 }, "geometry": { "type": "Point", "coordinates": [ 12.336885284856285, 45.433361517043267 ] } },
{ "type": "Feature", "properties": { "Name": "Da Ponte Giuseppe", "Address": "Castello 5575", "Location": null, "Category": null, "Role": null, "Profession": "Categoria IX", "Additional Info": "tutte le suddivisioni della categoria.", "page_num": 125, "source_file": "page_125_semantic.csv", "section": "professionisti", "civic_num": 5575.0, "civic_lett": null, "sestiere_parsed": "CASTELLO", "parish_parsed": null, "sestiere_implied": false, "match_note": "Linear interpolation, dist=3.7m to nearest door", "location_cleaned": null, "fail_reason": "number_not_in_reference", "nom_classification": "inside_venice", "nominatim_query": null, "nominatim_flagged": false, "matched_lat": 45.437470764053259, "matched_lon": 12.338397609399063, "match_confidence": "nciv_interpolated", "geocoding_tier": 8 }, "geometry": { "type": "Point", "coordinates": [ 12.338397609399063, 45.437470764053259 ] } },
{ "type": "Feature", "properties": { "Name": "Da Ponte Giuseppe", "Address": "Castello 5575", "Location": null, "Category": null, "Role": null, "Profession": "Categoria VII", "Additional Info": "sudd. 25,  26,  27.", "page_num": 125, "source_file": "page_125_semantic.csv", "section": "professionisti", "civic_num": 5575.0, "civic_lett": null, "sestiere_parsed": "CASTELLO", "parish_parsed": null, "sestiere_implied": false, "match_note": "Linear interpolation, dist=3.7m to nearest door", "location_cleaned": null, "fail_reason": "number_not_in_reference", "nom_classification": "inside_venice", "nominatim_query": null, "nominatim_flagged": false, "matched_lat": 45.437470764053259, "matched_lon": 12.338397609399063, "match_confidence": "nciv_interpolated", "geocoding_tier": 8 }, "geometry": { "type": "Point", "coordinates": [ 12.338397609399063, 45.437470764053259 ] } },
{ "type": "Feature", "properties": { "Name": "Gambar rag. Giambattista", "Address": "S. Marco 4541", "Location": null, "Category": null, "Role": null, "Profession": "Category: Ospitalità", "Additional Info": "sudd. 1,  2", "page_num": 127, "source_file": "page_127_semantic.csv", "section": "professionisti", "civic_num": 4541.0, "civic_lett": null, "sestiere_parsed": "SAN MARCO", "parish_parsed": null, "sestiere_implied": false, "match_note": "Linear interpolation, dist=2.5m to nearest door", "location_cleaned": null, "fail_reason": "number_not_in_reference", "nom_classification": "inside_venice", "nominatim_query": null, "nominatim_flagged": false, "matched_lat": 45.435843592222732, "matched_lon": 12.33588548680615, "match_confidence": "nciv_interpolated", "geocoding_tier": 8 }, "geometry": { "type": "Point", "coordinates": [ 12.33588548680615, 45.435843592222732 ] } },
{ "type": "Feature", "properties": { "Name": "Gamba rag. Giambattista", "Address": "S. Marco 4551", "Location": null, "Category": null, "Role": null, "Profession": "Categoria XXII", "Additional Info": "sudd. 28,  29.", "page_num": 128, "source_file": "page_128_semantic.csv", "section": "professionisti", "civic_num": 4551.0, "civic_lett": null, "sestiere_parsed": "SAN MARCO", "parish_parsed": null, "sestiere_implied": false, "match_note": "Linear interpolation, dist=0.3m to nearest door", "location_cleaned": "False", "fail_reason": "number_not_in_reference", "nom_classification": "inside_venice", "nominatim_query": null, "nominatim_flagged": false, "matched_lat": 45.435825796139561, "matched_lon": 12.335512139812232, "match_confidence": "nciv_interpolated", "geocoding_tier": 8 }, "geometry": { "type": "Point", "coordinates": [ 12.335512139812232, 45.435825796139561 ] } },
{ "type": "Feature", "properties": { "Name": "Carnielli Milena", "Address": "S. Polo, 513", "Location": null, "Category": "Abbigliamento", "Role": null, "Profession": null, "Additional Info": null, "page_num": 132, "source_file": "page_132_semantic.csv", "section": "industria", "civic_num": 513.0, "civic_lett": null, "sestiere_parsed": "SAN POLO", "parish_parsed": null, "sestiere_implied": false, "match_note": "Linear interpolation, dist=2.3m to nearest door", "location_cleaned": null, "fail_reason": "number_not_in_reference", "nom_classification": "inside_venice", "nominatim_query": "Sestiere San Polo, Venezia, Italy", "nominatim_flagged": false, "matched_lat": 45.438547310514942, "matched_lon": 12.334729731066696, "match_confidence": "nciv_interpolated", "geocoding_tier": 8 }, "geometry": { "type": "Point", "coordinates": [ 12.334729731066696, 45.438547310514942 ] } },
{ "type": "Feature", "properties": { "Name": "Soc. Veneta Acquedotti Anonima", "Address": "San Marco 4823-A", "Location": "Acquedotti", "Category": "Acquedotti", "Role": null, "Profession": null, "Additional Info": "Fabbricazione bibite CHABESO,  Limonate ed Affini", "page_num": 134, "source_file": "page_134_semantic.csv", "section": "industria", "civic_num": 4823.0, "civic_lett": "A", "sestiere_parsed": "SAN MARCO", "parish_parsed": null, "sestiere_implied": false, "match_note": "Linear interpolation, dist=1.5m to nearest door", "location_cleaned": null, "fail_reason": "number_not_in_reference", "nom_classification": "inside_venice", "nominatim_query": null, "nominatim_flagged": false, "matched_lat": 45.436738868478834, "matched_lon": 12.336044178582895, "match_confidence": "nciv_interpolated", "geocoding_tier": 8 }, "geometry": { "type": "Point", "coordinates": [ 12.336044178582895, 45.436738868478834 ] } },
{ "type": "Feature", "properties": { "Name": "Faroni Ant.", "Address": " Cannaregio 3051", "Location": " Burro e Conserve", "Category": null, "Role": null, "Profession": null, "Additional Info": "Formaggio", "page_num": 140, "source_file": "page_140_semantic.csv", "section": "industria", "civic_num": null, "civic_lett": null, "sestiere_parsed": null, "parish_parsed": null, "sestiere_implied": false, "match_note": "Recovered from Category, geocoded via Nominatim:  Cannaregio 3051, Venezia, Italia", "location_cleaned": "False", "fail_reason": "no_civic_number", "nom_classification": "inside_venice", "nominatim_query": null, "nominatim_flagged": false, "matched_lat": 45.4438257, "matched_lon": 12.3270367, "match_confidence": "category_address_recovery", "geocoding_tier": 10 }, "geometry": { "type": "Point", "coordinates": [ 12.3270367, 45.4438257 ] } },
{ "type": "Feature", "properties": { "Name": "Coletta Annibale", "Address": "S. Marco, cl. dei Fabbri, 880", "Location": "Location", "Category": "Category", "Role": null, "Profession": null, "Additional Info": "Additional Info", "page_num": 162, "source_file": "page_162_semantic.csv", "section": "industria", "civic_num": 880.0, "civic_lett": null, "sestiere_parsed": "SAN MARCO", "parish_parsed": null, "sestiere_implied": false, "match_note": "Linear interpolation, dist=4.2m to nearest door", "location_cleaned": "False", "fail_reason": "number_not_in_reference", "nom_classification": "inside_venice", "nominatim_query": null, "nominatim_flagged": false, "matched_lat": 45.434670765324483, "matched_lon": 12.337570904804, "match_confidence": "nciv_interpolated", "geocoding_tier": 8 }, "geometry": { "type": "Point", "coordinates": [ 12.337570904804, 45.434670765324483 ] } },
{ "type": "Feature", "properties": { "Name": "Comune di Venezia", "Address": "S. Marco, cl. dei Fabbri, 880", "Location": "Location", "Category": "Category", "Role": null, "Profession": null, "Additional Info": "S. Elena giardini Pubblici", "page_num": 162, "source_file": "page_162_semantic.csv", "section": "industria", "civic_num": 880.0, "civic_lett": null, "sestiere_parsed": "SAN MARCO", "parish_parsed": null, "sestiere_implied": false, "match_note": "Linear interpolation, dist=4.2m to nearest door", "location_cleaned": "False", "fail_reason": "number_not_in_reference", "nom_classification": "inside_venice", "nominatim_query": "Comune di Venezia, Venezia, Italy", "nominatim_flagged": false, "matched_lat": 45.434670765324483, "matched_lon": 12.337570904804, "match_confidence": "nciv_interpolated", "geocoding_tier": 8 }, "geometry": { "type": "Point", "coordinates": [ 12.337570904804, 45.434670765324483 ] } },
{ "type": "Feature", "properties": { "Name": "Fagarazzi Antonio", "Address": "S. Polo 1068", "Location": "Calzoleria", "Category": "Manifattura pellami e calzature", "Role": null, "Profession": null, "Additional Info": ",", "page_num": 165, "source_file": "page_165_semantic.csv", "section": "industria", "civic_num": 1068.0, "civic_lett": null, "sestiere_parsed": "SAN POLO", "parish_parsed": null, "sestiere_implied": false, "match_note": "Linear interpolation, dist=1.3m to nearest door", "location_cleaned": "False", "fail_reason": "number_not_in_reference", "nom_classification": "inside_venice", "nominatim_query": null, "nominatim_flagged": false, "matched_lat": 45.437864921111377, "matched_lon": 12.332703495544161, "match_confidence": "nciv_interpolated", "geocoding_tier": 8 }, "geometry": { "type": "Point", "coordinates": [ 12.332703495544161, 45.437864921111377 ] } },
{ "type": "Feature", "properties": { "Name": "Milani Secondo", "Address": "S. Polo 1395", "Location": "Calzoleria", "Category": "Manifattura pellami e calzature", "Role": null, "Profession": null, "Additional Info": ",", "page_num": 165, "source_file": "page_165_semantic.csv", "section": "industria", "civic_num": 1395.0, "civic_lett": null, "sestiere_parsed": "SAN POLO", "parish_parsed": null, "sestiere_implied": false, "match_note": "Linear interpolation, dist=3.8m to nearest door", "location_cleaned": "False", "fail_reason": "number_not_in_reference", "nom_classification": "inside_venice", "nominatim_query": null, "nominatim_flagged": false, "matched_lat": 45.437348134007856, "matched_lon": 12.33145785408483, "match_confidence": "nciv_interpolated", "geocoding_tier": 8 }, "geometry": { "type": "Point", "coordinates": [ 12.33145785408483, 45.437348134007856 ] } },
{ "type": "Feature", "properties": { "Name": "Stabilimenti per l’Industria della Juta e Canapa", "Address": "S. Marco 1119", "Location": "S. Polo", "Category": "Canapa e Lino", "Role": null, "Profession": null, "Additional Info": ",", "page_num": 167, "source_file": "page_167_semantic.csv", "section": "industria", "civic_num": 1119.0, "civic_lett": null, "sestiere_parsed": "SAN MARCO", "parish_parsed": null, "sestiere_implied": false, "match_note": "Linear interpolation, dist=2.9m to nearest door", "location_cleaned": "False", "fail_reason": "number_not_in_reference", "nom_classification": "inside_venice", "nominatim_query": "Stabilimenti per l’Industria della Juta e Canapa, Venezia, Italy", "nominatim_flagged": false, "matched_lat": 45.434693877108117, "matched_lon": 12.336514579115574, "match_confidence": "nciv_interpolated", "geocoding_tier": 8 }, "geometry": { "type": "Point", "coordinates": [ 12.336514579115574, 45.434693877108117 ] } },
{ "type": "Feature", "properties": { "Name": "S.C.E.L.S.I.A.", "Address": " \"Castello 33\"", "Location": "Castello", "Category": "Cantiere Navale", "Role": null, "Profession": null, "Additional Info": "Telef. 26-727, ", "page_num": 169, "source_file": "page_169_semantic.csv", "section": "industria", "civic_num": 33.0, "civic_lett": null, "sestiere_parsed": "CASTELLO", "parish_parsed": null, "sestiere_implied": false, "match_note": "Linear interpolation, dist=2.6m to nearest door", "location_cleaned": "False", "fail_reason": "number_not_in_reference", "nom_classification": "inside_venice", "nominatim_query": null, "nominatim_flagged": false, "matched_lat": 45.433094812450513, "matched_lon": 12.359083971826069, "match_confidence": "nciv_interpolated", "geocoding_tier": 8 }, "geometry": { "type": "Point", "coordinates": [ 12.359083971826069, 45.433094812450513 ] } },
{ "type": "Feature", "properties": { "Name": "VENEZIA, Castello 33", "Address": "\"Castello 33\"", "Location": "Castello", "Category": "Costruzione riparazione e motorizzazione Burchi, Bragozzi, Topi, Maone, Peate; Motoscafi di lusso e da trasporto - Arredamento completo del natante", "Role": null, "Profession": null, "Additional Info": "S.C.E.L.S.I.A", "page_num": 169, "source_file": "page_169_semantic.csv", "section": "industria", "civic_num": 33.0, "civic_lett": null, "sestiere_parsed": "CASTELLO", "parish_parsed": null, "sestiere_implied": false, "match_note": "Linear interpolation, dist=2.6m to nearest door", "location_cleaned": "False", "fail_reason": "number_not_in_reference", "nom_classification": "inside_venice", "nominatim_query": null, "nominatim_flagged": false, "matched_lat": 45.433094812450513, "matched_lon": 12.359083971826069, "match_confidence": "nciv_interpolated", "geocoding_tier": 8 }, "geometry": { "type": "Point", "coordinates": [ 12.359083971826069, 45.433094812450513 ] } },
{ "type": "Feature", "properties": { "Name": "Morforio Bartolomeo di Nino Banci", "Address": "S. Marco 5029-5036", "Location": "Chincaglierie ed affini", "Category": "Chincaglierie ed affini", "Role": null, "Profession": null, "Additional Info": "Cartotecnica,  Tipografia", "page_num": 183, "source_file": "page_183_semantic.csv", "section": "industria", "civic_num": 5029.0, "civic_lett": null, "sestiere_parsed": "SAN MARCO", "parish_parsed": null, "sestiere_implied": false, "match_note": "Linear interpolation, dist=2.9m to nearest door", "location_cleaned": "False", "fail_reason": "number_not_in_reference", "nom_classification": "inside_venice", "nominatim_query": null, "nominatim_flagged": false, "matched_lat": 45.436910818482971, "matched_lon": 12.336604289956631, "match_confidence": "nciv_interpolated", "geocoding_tier": 8 }, "geometry": { "type": "Point", "coordinates": [ 12.336604289956631, 45.436910818482971 ] } },
{ "type": "Feature", "properties": { "Name": "Vienole Giuseppe", "Address": "Cannaregio 2298", "Location": "Chincaglierie ed affini", "Category": "Chincaglierie ed affini", "Role": null, "Profession": null, "Additional Info": "Cartotecnica,  Tipografia", "page_num": 183, "source_file": "page_183_semantic.csv", "section": "industria", "civic_num": 2298.0, "civic_lett": null, "sestiere_parsed": "CANNAREGIO", "parish_parsed": null, "sestiere_implied": false, "match_note": "Linear interpolation, dist=9.6m to nearest door", "location_cleaned": "False", "fail_reason": "number_not_in_reference", "nom_classification": "inside_venice", "nominatim_query": null, "nominatim_flagged": false, "matched_lat": 45.442749955152657, "matched_lon": 12.332488433288992, "match_confidence": "nciv_interpolated", "geocoding_tier": 8 }, "geometry": { "type": "Point", "coordinates": [ 12.332488433288992, 45.442749955152657 ] } },
{ "type": "Feature", "properties": { "Name": "Villani Adolfo", "Address": "(Plazzi. 38), S. Marco 4544", "Location": "Chincaglierie ed affini", "Category": "Chincaglierie ed affini", "Role": null, "Profession": null, "Additional Info": ",", "page_num": 183, "source_file": "page_183_semantic.csv", "section": "industria", "civic_num": 38.0, "civic_lett": null, "sestiere_parsed": "SAN MARCO", "parish_parsed": null, "sestiere_implied": false, "match_note": "Linear interpolation, dist=0.5m to nearest door", "location_cleaned": "False", "fail_reason": "number_not_in_reference", "nom_classification": "inside_venice", "nominatim_query": null, "nominatim_flagged": false, "matched_lat": 45.433893141633227, "matched_lon": 12.33910903325406, "match_confidence": "nciv_interpolated", "geocoding_tier": 8 }, "geometry": { "type": "Point", "coordinates": [ 12.33910903325406, 45.433893141633227 ] } },
{ "type": "Feature", "properties": { "Name": "D'Indri Antonio", "Address": "Cannaregio 3699-410X-A", "Location": "Cannaregio", "Category": "Colori e Vernici", "Role": null, "Profession": null, "Additional Info": "Posteggio Noleggio Riparazioni", "page_num": 186, "source_file": "page_186_semantic.csv", "section": "industria", "civic_num": 3699.0, "civic_lett": null, "sestiere_parsed": "CANNAREGIO", "parish_parsed": null, "sestiere_implied": false, "match_note": "Linear interpolation, dist=6.5m to nearest door", "location_cleaned": "False", "fail_reason": "number_not_in_reference", "nom_classification": "inside_venice", "nominatim_query": null, "nominatim_flagged": false, "matched_lat": 45.441425650458974, "matched_lon": 12.332936727747574, "match_confidence": "nciv_interpolated", "geocoding_tier": 8 }, "geometry": { "type": "Point", "coordinates": [ 12.332936727747574, 45.441425650458974 ] } },
{ "type": "Feature", "properties": { "Name": "BOTTEGA DELL' ACCIAIO G. FAZZINI", "Address": "Cannaregio 5110", "Location": "S. Marco", "Category": "Coltellerie IN GENERE - ARROTATURA RASOI", "Role": null, "Profession": null, "Additional Info": "SISTEMA SOLINGEN", "page_num": 187, "source_file": "page_187_semantic.csv", "section": "industria", "civic_num": 5110.0, "civic_lett": null, "sestiere_parsed": "CANNAREGIO", "parish_parsed": null, "sestiere_implied": false, "match_note": "Linear interpolation, dist=1.7m to nearest door", "location_cleaned": "False", "fail_reason": "number_not_in_reference", "nom_classification": "inside_venice", "nominatim_query": null, "nominatim_flagged": false, "matched_lat": 45.442752311993388, "matched_lon": 12.33968332639156, "match_confidence": "nciv_interpolated", "geocoding_tier": 8 }, "geometry": { "type": "Point", "coordinates": [ 12.33968332639156, 45.442752311993388 ] } },
{ "type": "Feature", "properties": { "Name": "Soc. An. Immobiliare Maronich", "Address": "Cannaregio 2373-79", "Location": "Cannaregio", "Category": "Compra - vendita Immobili", "Role": null, "Profession": null, "Additional Info": "Posteggio Noleggio Riparazioni", "page_num": 188, "source_file": "page_188_semantic.csv", "section": "industria", "civic_num": 2373.0, "civic_lett": null, "sestiere_parsed": "CANNAREGIO", "parish_parsed": null, "sestiere_implied": false, "match_note": "Linear interpolation, dist=0.1m to nearest door", "location_cleaned": "False", "fail_reason": "number_not_in_reference", "nom_classification": "inside_venice", "nominatim_query": null, "nominatim_flagged": false, "matched_lat": 45.443881288961435, "matched_lon": 12.33112125886195, "match_confidence": "nciv_interpolated", "geocoding_tier": 8 }, "geometry": { "type": "Point", "coordinates": [ 12.33112125886195, 45.443881288961435 ] } },
{ "type": "Feature", "properties": { "Name": "Montesco Giovanni fu Bernardo", "Address": "Castello 5829", "Location": "Castello", "Category": "Elettricisti e Idraulici", "Role": null, "Profession": null, "Additional Info": ",", "page_num": 199, "source_file": "page_199_semantic.csv", "section": "industria", "civic_num": 5829.0, "civic_lett": null, "sestiere_parsed": "CASTELLO", "parish_parsed": null, "sestiere_implied": false, "match_note": "Linear interpolation, dist=6.4m to nearest door", "location_cleaned": "False", "fail_reason": "number_not_in_reference", "nom_classification": "inside_venice", "nominatim_query": null, "nominatim_flagged": false, "matched_lat": 45.436771416160532, "matched_lon": 12.340257127645485, "match_confidence": "nciv_interpolated", "geocoding_tier": 8 }, "geometry": { "type": "Point", "coordinates": [ 12.340257127645485, 45.436771416160532 ] } },
{ "type": "Feature", "properties": { "Name": "Morassi Lidio fu Giovanni", "Address": "Castello 5829", "Location": "Castello", "Category": "Elettricisti e Idraulici", "Role": null, "Profession": null, "Additional Info": ",", "page_num": 199, "source_file": "page_199_semantic.csv", "section": "industria", "civic_num": 5829.0, "civic_lett": null, "sestiere_parsed": "CASTELLO", "parish_parsed": null, "sestiere_implied": false, "match_note": "Linear interpolation, dist=6.4m to nearest door", "location_cleaned": "False", "fail_reason": "number_not_in_reference", "nom_classification": "inside_venice", "nominatim_query": null, "nominatim_flagged": false, "matched_lat": 45.436771416160532, "matched_lon": 12.340257127645485, "match_confidence": "nciv_interpolated", "geocoding_tier": 8 }, "geometry": { "type": "Point", "coordinates": [ 12.340257127645485, 45.436771416160532 ] } },
{ "type": "Feature", "properties": { "Name": "Vaccarini Carlo fu Gio Batta", "Address": "S. Croce 1297", "Location": "S. Croce", "Category": "Elettricisti e Idraulici", "Role": null, "Profession": null, "Additional Info": ",", "page_num": 199, "source_file": "page_199_semantic.csv", "section": "industria", "civic_num": 1297.0, "civic_lett": null, "sestiere_parsed": "SANTA CROCE", "parish_parsed": null, "sestiere_implied": false, "match_note": "Linear interpolation, dist=6.9m to nearest door", "location_cleaned": "False", "fail_reason": "number_not_in_reference", "nom_classification": "inside_venice", "nominatim_query": null, "nominatim_flagged": false, "matched_lat": 45.441912771632403, "matched_lon": 12.325690815769276, "match_confidence": "nciv_interpolated", "geocoding_tier": 8 }, "geometry": { "type": "Point", "coordinates": [ 12.325690815769276, 45.441912771632403 ] } },
{ "type": "Feature", "properties": { "Name": "Superarco", "Address": "Cannaregio 4726", "Location": " V. B. di Vicentini dr. ing. Bruno", "Category": null, "Role": null, "Profession": null, "Additional Info": "Cannaregio, , | Elettrodi", "page_num": 199, "source_file": "page_199_semantic.csv", "section": "industria", "civic_num": null, "civic_lett": null, "sestiere_parsed": null, "parish_parsed": null, "sestiere_implied": false, "match_note": "Recovered from Category, geocoded via Nominatim: Cannaregio 4726, Venezia, Italia", "location_cleaned": "False", "fail_reason": "no_civic_number", "nom_classification": "inside_venice", "nominatim_query": null, "nominatim_flagged": false, "matched_lat": 45.4438257, "matched_lon": 12.3270367, "match_confidence": "category_address_recovery", "geocoding_tier": 10 }, "geometry": { "type": "Point", "coordinates": [ 12.3270367, 45.4438257 ] } },
{ "type": "Feature", "properties": { "Name": "Tonini Galdino", "Address": "S. Marco 4539-A", "Location": "Rialto", "Category": "Frutta", "Role": null, "Profession": null, "Additional Info": "(fabbriche)", "page_num": 211, "source_file": "page_211_semantic.csv", "section": "industria", "civic_num": 4539.0, "civic_lett": "A", "sestiere_parsed": "SAN MARCO", "parish_parsed": null, "sestiere_implied": false, "match_note": "Linear interpolation, dist=1.3m to nearest door", "location_cleaned": null, "fail_reason": "number_not_in_reference", "nom_classification": "inside_venice", "nominatim_query": "S. Marco, Venezia, Italy", "nominatim_flagged": false, "matched_lat": 45.435822126640126, "matched_lon": 12.335874246801088, "match_confidence": "nciv_interpolated", "geocoding_tier": 8 }, "geometry": { "type": "Point", "coordinates": [ 12.335874246801088, 45.435822126640126 ] } },
{ "type": "Feature", "properties": { "Name": "Tonini Galdino", "Address": "S. Marco 4539-A", "Location": "Rialto", "Category": "Frutta secca", "Role": null, "Profession": null, "Additional Info": "(fabbriche)", "page_num": 211, "source_file": "page_211_semantic.csv", "section": "industria", "civic_num": 4539.0, "civic_lett": "A", "sestiere_parsed": "SAN MARCO", "parish_parsed": null, "sestiere_implied": false, "match_note": "Linear interpolation, dist=1.3m to nearest door", "location_cleaned": null, "fail_reason": "number_not_in_reference", "nom_classification": "inside_venice", "nominatim_query": "S. Marco, Venezia, Italy", "nominatim_flagged": false, "matched_lat": 45.435822126640126, "matched_lon": 12.335874246801088, "match_confidence": "nciv_interpolated", "geocoding_tier": 8 }, "geometry": { "type": "Point", "coordinates": [ 12.335874246801088, 45.435822126640126 ] } },
{ "type": "Feature", "properties": { "Name": "Congregazione Armena Mechitaristi", "Address": "S. Polo 187", "Location": "Rialto", "Category": "Frutta e verdura GROSSISTI", "Role": null, "Profession": null, "Additional Info": "(fabbriche)", "page_num": 211, "source_file": "page_211_semantic.csv", "section": "industria", "civic_num": 187.0, "civic_lett": null, "sestiere_parsed": "SAN POLO", "parish_parsed": null, "sestiere_implied": false, "match_note": "Linear interpolation, dist=1.7m to nearest door", "location_cleaned": null, "fail_reason": "number_not_in_reference", "nom_classification": "inside_venice", "nominatim_query": "Congregazione Armena Mechitaristi, Venezia, Italy", "nominatim_flagged": false, "matched_lat": 45.439317757977527, "matched_lon": 12.335119055251868, "match_confidence": "nciv_interpolated", "geocoding_tier": 8 }, "geometry": { "type": "Point", "coordinates": [ 12.335119055251868, 45.439317757977527 ] } },
{ "type": "Feature", "properties": { "Name": "S. A. PARLO E BASSANI", "Address": "S. MARCO 2414", "Location": "Imbarcazioni (Deposito)", "Category": "Impermeabili", "Role": null, "Profession": null, "Additional Info": "Category: Ghiacciaie", "page_num": 215, "source_file": "page_215_semantic.csv", "section": "industria", "civic_num": 2414.0, "civic_lett": null, "sestiere_parsed": "SAN MARCO", "parish_parsed": null, "sestiere_implied": false, "match_note": "Linear interpolation, dist=3.5m to nearest door", "location_cleaned": "False", "fail_reason": "number_not_in_reference", "nom_classification": "inside_venice", "nominatim_query": "San Marco, Venezia, Italy", "nominatim_flagged": false, "matched_lat": 45.432863267517369, "matched_lon": 12.333848479607967, "match_confidence": "nciv_interpolated", "geocoding_tier": 8 }, "geometry": { "type": "Point", "coordinates": [ 12.333848479607967, 45.432863267517369 ] } },
{ "type": "Feature", "properties": { "Name": "Barbarigo Mario", "Address": "S. Marco 743", "Location": "S. Marco", "Category": "Librerie", "Role": null, "Profession": null, "Additional Info": "commercio", "page_num": 235, "source_file": "page_235_semantic.csv", "section": "industria", "civic_num": 743.0, "civic_lett": null, "sestiere_parsed": "SAN MARCO", "parish_parsed": null, "sestiere_implied": false, "match_note": "Linear interpolation, dist=2.9m to nearest door", "location_cleaned": "False", "fail_reason": "number_not_in_reference", "nom_classification": "inside_venice", "nominatim_query": null, "nominatim_flagged": false, "matched_lat": 45.435631922489094, "matched_lon": 12.338295986849213, "match_confidence": "nciv_interpolated", "geocoding_tier": 8 }, "geometry": { "type": "Point", "coordinates": [ 12.338295986849213, 45.435631922489094 ] } },
{ "type": "Feature", "properties": { "Name": "Cassini Stefano", "Address": "S. Marco 2424", "Location": "S. Marco", "Category": "libri antichi", "Role": null, "Profession": null, "Additional Info": "commercio", "page_num": 235, "source_file": "page_235_semantic.csv", "section": "industria", "civic_num": 2424.0, "civic_lett": null, "sestiere_parsed": "SAN MARCO", "parish_parsed": null, "sestiere_implied": false, "match_note": "Linear interpolation, dist=3.5m to nearest door", "location_cleaned": "False", "fail_reason": "number_not_in_reference", "nom_classification": "inside_venice", "nominatim_query": null, "nominatim_flagged": false, "matched_lat": 45.432766720725482, "matched_lon": 12.333763603728135, "match_confidence": "nciv_interpolated", "geocoding_tier": 8 }, "geometry": { "type": "Point", "coordinates": [ 12.333763603728135, 45.432766720725482 ] } },
{ "type": "Feature", "properties": { "Name": "Del Ben Toniolo Elena", "Address": "S. Marco 4937", "Location": "S. Marco", "Category": "Librerie", "Role": null, "Profession": null, "Additional Info": "commercio", "page_num": 235, "source_file": "page_235_semantic.csv", "section": "industria", "civic_num": 4937.0, "civic_lett": null, "sestiere_parsed": "SAN MARCO", "parish_parsed": null, "sestiere_implied": false, "match_note": "Linear interpolation, dist=3.9m to nearest door", "location_cleaned": "False", "fail_reason": "number_not_in_reference", "nom_classification": "inside_venice", "nominatim_query": null, "nominatim_flagged": false, "matched_lat": 45.43634499659283, "matched_lon": 12.337717546329667, "match_confidence": "nciv_interpolated", "geocoding_tier": 8 }, "geometry": { "type": "Point", "coordinates": [ 12.337717546329667, 45.43634499659283 ] } },
{ "type": "Feature", "properties": { "Name": "De Neri Eulalia", "Address": "S. Marco 1458", "Location": "Lingerie e maglierie", "Category": "Lingerie e maglierie", "Role": null, "Profession": null, "Additional Info": "Location: Murano", "page_num": 236, "source_file": "page_236_semantic.csv", "section": "industria", "civic_num": 1458.0, "civic_lett": null, "sestiere_parsed": "SAN MARCO", "parish_parsed": null, "sestiere_implied": false, "match_note": "Linear interpolation, dist=2.0m to nearest door", "location_cleaned": "False", "fail_reason": "number_not_in_reference", "nom_classification": "inside_venice", "nominatim_query": null, "nominatim_flagged": false, "matched_lat": 45.4329996722768, "matched_lon": 12.335750542353248, "match_confidence": "nciv_interpolated", "geocoding_tier": 8 }, "geometry": { "type": "Point", "coordinates": [ 12.335750542353248, 45.4329996722768 ] } },
{ "type": "Feature", "properties": { "Name": "De Rossi Ines", "Address": "S. Marco 1458", "Location": "Lingerie e maglierie", "Category": "Lingerie e maglierie", "Role": null, "Profession": null, "Additional Info": "Location: Murano", "page_num": 236, "source_file": "page_236_semantic.csv", "section": "industria", "civic_num": 1458.0, "civic_lett": null, "sestiere_parsed": "SAN MARCO", "parish_parsed": null, "sestiere_implied": false, "match_note": "Linear interpolation, dist=2.0m to nearest door", "location_cleaned": "False", "fail_reason": "number_not_in_reference", "nom_classification": "inside_venice", "nominatim_query": null, "nominatim_flagged": false, "matched_lat": 45.4329996722768, "matched_lon": 12.335750542353248, "match_confidence": "nciv_interpolated", "geocoding_tier": 8 }, "geometry": { "type": "Point", "coordinates": [ 12.335750542353248, 45.4329996722768 ] } },
{ "type": "Feature", "properties": { "Name": "Bianchi Carlo", "Address": "S. Polo 3156", "Location": "Macellerie", "Category": "Macellerie", "Role": null, "Profession": null, "Additional Info": ",", "page_num": 240, "source_file": "page_240_semantic.csv", "section": "industria", "civic_num": 3156.0, "civic_lett": null, "sestiere_parsed": "SAN POLO", "parish_parsed": null, "sestiere_implied": false, "match_note": "Linear interpolation, dist=3.4m to nearest door", "location_cleaned": "False", "fail_reason": "number_not_in_reference", "nom_classification": "inside_venice", "nominatim_query": null, "nominatim_flagged": false, "matched_lat": 45.43623720968646, "matched_lon": 12.325640940550304, "match_confidence": "nciv_interpolated", "geocoding_tier": 8 }, "geometry": { "type": "Point", "coordinates": [ 12.325640940550304, 45.43623720968646 ] } },
{ "type": "Feature", "properties": { "Name": "Capitanio Guido", "Address": "Castello 1241", "Location": "Macellerie", "Category": "Macellerie", "Role": null, "Profession": null, "Additional Info": ",", "page_num": 240, "source_file": "page_240_semantic.csv", "section": "industria", "civic_num": 1241.0, "civic_lett": null, "sestiere_parsed": "CASTELLO", "parish_parsed": null, "sestiere_implied": false, "match_note": "Linear interpolation, dist=2.5m to nearest door", "location_cleaned": "False", "fail_reason": "number_not_in_reference", "nom_classification": "inside_venice", "nominatim_query": null, "nominatim_flagged": false, "matched_lat": 45.432409679057336, "matched_lon": 12.355321303741398, "match_confidence": "nciv_interpolated", "geocoding_tier": 8 }, "geometry": { "type": "Point", "coordinates": [ 12.355321303741398, 45.432409679057336 ] } },
{ "type": "Feature", "properties": { "Name": "Cavagnis Pietro", "Address": "Cannaregio 1826", "Location": "Macellerie", "Category": "Macellerie", "Role": null, "Profession": null, "Additional Info": ",", "page_num": 240, "source_file": "page_240_semantic.csv", "section": "industria", "civic_num": 1826.0, "civic_lett": null, "sestiere_parsed": "CANNAREGIO", "parish_parsed": null, "sestiere_implied": false, "match_note": "Linear interpolation, dist=3.2m to nearest door", "location_cleaned": "False", "fail_reason": "number_not_in_reference", "nom_classification": "inside_venice", "nominatim_query": null, "nominatim_flagged": false, "matched_lat": 45.443830097503096, "matched_lon": 12.329172580423648, "match_confidence": "nciv_interpolated", "geocoding_tier": 8 }, "geometry": { "type": "Point", "coordinates": [ 12.329172580423648, 45.443830097503096 ] } },
{ "type": "Feature", "properties": { "Name": "« MAGICAL »", "Address": "S. Marco 2292", "Location": "S. Croce", "Category": "refrattari e laterizi", "Role": null, "Profession": null, "Additional Info": "Category: Materiali da costruzione", "page_num": 246, "source_file": "page_246_semantic.csv", "section": "industria", "civic_num": 2292.0, "civic_lett": null, "sestiere_parsed": "SAN MARCO", "parish_parsed": null, "sestiere_implied": false, "match_note": "Linear interpolation, dist=2.2m to nearest door", "location_cleaned": "False", "fail_reason": "number_not_in_reference", "nom_classification": "inside_venice", "nominatim_query": "Sestiere San Marco, Venezia, Italy", "nominatim_flagged": false, "matched_lat": 45.432541746047008, "matched_lon": 12.33416887041602, "match_confidence": "nciv_interpolated", "geocoding_tier": 8 }, "geometry": { "type": "Point", "coordinates": [ 12.33416887041602, 45.432541746047008 ] } },
{ "type": "Feature", "properties": { "Name": "Masetto Giuseppe", "Address": "S. Croce 2348-B", "Location": "Oggetti usati", "Category": "Oggetti usati", "Role": null, "Profession": null, "Additional Info": "Oggetti soffiati e pressati", "page_num": 259, "source_file": "page_259_semantic.csv", "section": "industria", "civic_num": 2348.0, "civic_lett": "B", "sestiere_parsed": "SANTA CROCE", "parish_parsed": null, "sestiere_implied": false, "match_note": "Linear interpolation, dist=1.6m to nearest door", "location_cleaned": "False", "fail_reason": "number_not_in_reference", "nom_classification": "inside_venice", "nominatim_query": null, "nominatim_flagged": false, "matched_lat": 45.43975324589055, "matched_lon": 12.331681137895265, "match_confidence": "nciv_interpolated", "geocoding_tier": 8 }, "geometry": { "type": "Point", "coordinates": [ 12.331681137895265, 45.43975324589055 ] } },
{ "type": "Feature", "properties": { "Name": "S. A. Malteria Adriatica", "Address": "S. Marco 4202, Castello 6108", "Location": "Venezia", "Category": "Orzo", "Role": null, "Profession": null, "Additional Info": "Porto Marghera", "page_num": 262, "source_file": "page_262_semantic.csv", "section": "industria", "civic_num": 4202.0, "civic_lett": null, "sestiere_parsed": "SAN MARCO", "parish_parsed": null, "sestiere_implied": false, "match_note": "Linear interpolation, dist=2.1m to nearest door", "location_cleaned": "False", "fail_reason": "number_not_in_reference", "nom_classification": "inside_venice", "nominatim_query": "Venezia, Italy", "nominatim_flagged": false, "matched_lat": 45.435833459818667, "matched_lon": 12.334974117831992, "match_confidence": "nciv_interpolated", "geocoding_tier": 8 }, "geometry": { "type": "Point", "coordinates": [ 12.334974117831992, 45.435833459818667 ] } },
{ "type": "Feature", "properties": { "Name": "Bonaventura Arturo", "Address": "S. Polo 2412", "Location": "Marittima", "Category": "Osterie", "Role": null, "Profession": null, "Additional Info": "industriale,  scientifica,", "page_num": 262, "source_file": "page_262_semantic.csv", "section": "industria", "civic_num": 2412.0, "civic_lett": null, "sestiere_parsed": "SAN POLO", "parish_parsed": null, "sestiere_implied": false, "match_note": "Linear interpolation, dist=6.1m to nearest door", "location_cleaned": "False", "fail_reason": "number_not_in_reference", "nom_classification": "inside_venice", "nominatim_query": null, "nominatim_flagged": false, "matched_lat": 45.438476949552786, "matched_lon": 12.326372700653254, "match_confidence": "nciv_interpolated", "geocoding_tier": 8 }, "geometry": { "type": "Point", "coordinates": [ 12.326372700653254, 45.438476949552786 ] } },
{ "type": "Feature", "properties": { "Name": "D'Alba Rosa", "Address": "S. Marco 5290", "Location": "Marittima", "Category": "Osterie", "Role": null, "Profession": null, "Additional Info": "industriale,  scientifica,", "page_num": 262, "source_file": "page_262_semantic.csv", "section": "industria", "civic_num": 5290.0, "civic_lett": null, "sestiere_parsed": "SAN MARCO", "parish_parsed": null, "sestiere_implied": false, "match_note": "Linear interpolation, dist=5.5m to nearest door", "location_cleaned": "False", "fail_reason": "number_not_in_reference", "nom_classification": "inside_venice", "nominatim_query": null, "nominatim_flagged": false, "matched_lat": 45.43737548927367, "matched_lon": 12.3373870967316, "match_confidence": "nciv_interpolated", "geocoding_tier": 8 }, "geometry": { "type": "Point", "coordinates": [ 12.3373870967316, 45.43737548927367 ] } },
{ "type": "Feature", "properties": { "Name": "Dal Pont Rosa", "Address": "S. Marco 3647", "Location": "Marittima", "Category": "Osterie", "Role": null, "Profession": null, "Additional Info": "industriale,  scientifica,", "page_num": 262, "source_file": "page_262_semantic.csv", "section": "industria", "civic_num": 3647.0, "civic_lett": null, "sestiere_parsed": "SAN MARCO", "parish_parsed": null, "sestiere_implied": false, "match_note": "Linear interpolation, dist=3.7m to nearest door", "location_cleaned": "False", "fail_reason": "number_not_in_reference", "nom_classification": "inside_venice", "nominatim_query": null, "nominatim_flagged": false, "matched_lat": 45.434689482893432, "matched_lon": 12.332711044512273, "match_confidence": "nciv_interpolated", "geocoding_tier": 8 }, "geometry": { "type": "Point", "coordinates": [ 12.332711044512273, 45.434689482893432 ] } },
{ "type": "Feature", "properties": { "Name": "Gadel Umberto", "Address": "Cann. 530", "Location": "Palloncini alla veneziana", "Category": "Ottonai", "Role": null, "Profession": null, "Additional Info": "Mestre", "page_num": 264, "source_file": "page_264_semantic.csv", "section": "industria", "civic_num": 530.0, "civic_lett": null, "sestiere_parsed": "CANNAREGIO", "parish_parsed": null, "sestiere_implied": false, "match_note": "Linear interpolation, dist=8.8m to nearest door", "location_cleaned": "False", "fail_reason": "number_not_in_reference", "nom_classification": "inside_venice", "nominatim_query": null, "nominatim_flagged": false, "matched_lat": 45.444528611161267, "matched_lon": 12.322190248737272, "match_confidence": "nciv_interpolated", "geocoding_tier": 8 }, "geometry": { "type": "Point", "coordinates": [ 12.322190248737272, 45.444528611161267 ] } },
{ "type": "Feature", "properties": { "Name": "Vascellari Giuseppe", "Address": " \"San Polo 4127\"", "Location": "Palloncini alla veneziana", "Category": "Agenzie di trasporto", "Role": null, "Profession": null, "Additional Info": "Mestre", "page_num": 264, "source_file": "page_264_semantic.csv", "section": "industria", "civic_num": 4127.0, "civic_lett": null, "sestiere_parsed": "SAN POLO", "parish_parsed": null, "sestiere_implied": false, "match_note": "Linear interpolation, dist=5.9m to nearest door", "location_cleaned": "False", "fail_reason": "number_not_in_reference", "nom_classification": "inside_venice", "nominatim_query": null, "nominatim_flagged": false, "matched_lat": 45.437042704201588, "matched_lon": 12.330239457237465, "match_confidence": "nciv_interpolated", "geocoding_tier": 8 }, "geometry": { "type": "Point", "coordinates": [ 12.330239457237465, 45.437042704201588 ] } },
{ "type": "Feature", "properties": { "Name": "Solemi Fernando", "Address": "Cann. 2539", "Location": "Camicerie da uomo", "Category": "Macchine per scrivere - Calcolatrici - Duplicatori", "Role": null, "Profession": null, "Additional Info": "benzina e derivati,", "page_num": 271, "source_file": "page_271_semantic.csv", "section": "industria", "civic_num": 2539.0, "civic_lett": null, "sestiere_parsed": "CANNAREGIO", "parish_parsed": null, "sestiere_implied": false, "match_note": "Linear interpolation, dist=2.3m to nearest door", "location_cleaned": "False", "fail_reason": "number_not_in_reference", "nom_classification": "inside_venice", "nominatim_query": null, "nominatim_flagged": false, "matched_lat": 45.444574232099072, "matched_lon": 12.332051682303344, "match_confidence": "nciv_interpolated", "geocoding_tier": 8 }, "geometry": { "type": "Point", "coordinates": [ 12.332051682303344, 45.444574232099072 ] } },
{ "type": "Feature", "properties": { "Name": "Trevisanato Gino Aldo", "Address": "S. Polo 355", "Location": "Pollerie", "Category": "Macchine per scrivere - Calcolatrici - Duplicatori", "Role": null, "Profession": null, "Additional Info": "benzina e derivati,", "page_num": 271, "source_file": "page_271_semantic.csv", "section": "industria", "civic_num": 355.0, "civic_lett": null, "sestiere_parsed": "SAN POLO", "parish_parsed": null, "sestiere_implied": false, "match_note": "Linear interpolation, dist=1.7m to nearest door", "location_cleaned": "False", "fail_reason": "number_not_in_reference", "nom_classification": "inside_venice", "nominatim_query": null, "nominatim_flagged": false, "matched_lat": 45.439516954119185, "matched_lon": 12.333598120201923, "match_confidence": "nciv_interpolated", "geocoding_tier": 8 }, "geometry": { "type": "Point", "coordinates": [ 12.333598120201923, 45.439516954119185 ] } },
{ "type": "Feature", "properties": { "Name": "S. A. Litarpomice Veneta", "Address": "S. Polo 355", "Location": "Pomici, detriti e conglomerati", "Category": "Macchine per scrivere - Calcolatrici - Duplicatori", "Role": null, "Profession": null, "Additional Info": "P. Marghera, Canale Industriale Ovest", "page_num": 271, "source_file": "page_271_semantic.csv", "section": "industria", "civic_num": 355.0, "civic_lett": null, "sestiere_parsed": "SAN POLO", "parish_parsed": null, "sestiere_implied": false, "match_note": "Linear interpolation, dist=1.7m to nearest door", "location_cleaned": "False", "fail_reason": "number_not_in_reference", "nom_classification": "inside_venice", "nominatim_query": null, "nominatim_flagged": false, "matched_lat": 45.439516954119185, "matched_lon": 12.333598120201923, "match_confidence": "nciv_interpolated", "geocoding_tier": 8 }, "geometry": { "type": "Point", "coordinates": [ 12.333598120201923, 45.439516954119185 ] } },
{ "type": "Feature", "properties": { "Name": "Bassani S. A.", "Address": "S. Marco 2414", "Location": "Giudecca", "Category": "(già Pardo e Bassani)", "Role": null, "Profession": null, "Additional Info": "Generi alimentari,", "page_num": 281, "source_file": "page_281_semantic.csv", "section": "industria", "civic_num": 2414.0, "civic_lett": null, "sestiere_parsed": "SAN MARCO", "parish_parsed": null, "sestiere_implied": false, "match_note": "Linear interpolation, dist=3.5m to nearest door", "location_cleaned": "False", "fail_reason": "number_not_in_reference", "nom_classification": "inside_venice", "nominatim_query": null, "nominatim_flagged": false, "matched_lat": 45.432863267517369, "matched_lon": 12.333848479607967, "match_confidence": "nciv_interpolated", "geocoding_tier": 8 }, "geometry": { "type": "Point", "coordinates": [ 12.333848479607967, 45.432863267517369 ] } },
{ "type": "Feature", "properties": { "Name": "Nardi Irma", "Address": "D. Duro 3241", "Location": "Campalto", "Category": "Strti da uomo", "Role": null, "Profession": null, "Additional Info": "Ristoranti", "page_num": 286, "source_file": "page_286_semantic.csv", "section": "industria", "civic_num": 3241.0, "civic_lett": null, "sestiere_parsed": "DORSODURO", "parish_parsed": null, "sestiere_implied": false, "match_note": "Linear interpolation, dist=9.0m to nearest door", "location_cleaned": "False", "fail_reason": "number_not_in_reference", "nom_classification": "inside_venice", "nominatim_query": null, "nominatim_flagged": false, "matched_lat": 45.43446435128871, "matched_lon": 12.325957203724949, "match_confidence": "nciv_interpolated", "geocoding_tier": 8 }, "geometry": { "type": "Point", "coordinates": [ 12.325957203724949, 45.43446435128871 ] } },
{ "type": "Feature", "properties": { "Name": "Bellussi Luciano", "Address": "S. Croce 2506", "Location": "Campalto", "Category": "Strti da uomo", "Role": null, "Profession": null, "Additional Info": "Ristoranti", "page_num": 286, "source_file": "page_286_semantic.csv", "section": "industria", "civic_num": 2506.0, "civic_lett": null, "sestiere_parsed": "SANTA CROCE", "parish_parsed": null, "sestiere_implied": false, "match_note": "Linear interpolation, dist=2.6m to nearest door", "location_cleaned": "False", "fail_reason": "number_not_in_reference", "nom_classification": "inside_venice", "nominatim_query": null, "nominatim_flagged": false, "matched_lat": 45.439433330720817, "matched_lon": 12.330737724569325, "match_confidence": "nciv_interpolated", "geocoding_tier": 8 }, "geometry": { "type": "Point", "coordinates": [ 12.330737724569325, 45.439433330720817 ] } },
{ "type": "Feature", "properties": { "Name": "Mazzoni Dario", "Address": "S. Marco 4940", "Location": "S. Marco", "Category": "Macchine per scrivere", "Role": null, "Profession": null, "Additional Info": "Ristoranti", "page_num": 287, "source_file": "page_287_semantic.csv", "section": "industria", "civic_num": 4940.0, "civic_lett": null, "sestiere_parsed": "SAN MARCO", "parish_parsed": null, "sestiere_implied": false, "match_note": "Linear interpolation, dist=3.2m to nearest door", "location_cleaned": null, "fail_reason": "number_not_in_reference", "nom_classification": "inside_venice", "nominatim_query": null, "nominatim_flagged": false, "matched_lat": 45.436240574666897, "matched_lon": 12.337592017222271, "match_confidence": "nciv_interpolated", "geocoding_tier": 8 }, "geometry": { "type": "Point", "coordinates": [ 12.337592017222271, 45.436240574666897 ] } },
{ "type": "Feature", "properties": { "Name": "Privato Tiziano", "Address": "Castello 5732", "Location": "Castello", "Category": "Macchine per scrivere", "Role": null, "Profession": null, "Additional Info": "Ristoranti", "page_num": 287, "source_file": "page_287_semantic.csv", "section": "industria", "civic_num": 5732.0, "civic_lett": null, "sestiere_parsed": "CASTELLO", "parish_parsed": null, "sestiere_implied": false, "match_note": "Linear interpolation, dist=2.1m to nearest door", "location_cleaned": null, "fail_reason": "number_not_in_reference", "nom_classification": "inside_venice", "nominatim_query": null, "nominatim_flagged": false, "matched_lat": 45.437272316357642, "matched_lon": 12.339519675543716, "match_confidence": "nciv_interpolated", "geocoding_tier": 8 }, "geometry": { "type": "Point", "coordinates": [ 12.339519675543716, 45.437272316357642 ] } },
{ "type": "Feature", "properties": { "Name": "Troleani Pasquale", "Address": "S. Marco 4198", "Location": "Malcontenta", "Category": "Scatole", "Role": null, "Profession": null, "Additional Info": ",", "page_num": 288, "source_file": "page_288_semantic.csv", "section": "industria", "civic_num": 4198.0, "civic_lett": null, "sestiere_parsed": "SAN MARCO", "parish_parsed": null, "sestiere_implied": false, "match_note": "Linear interpolation, dist=0.9m to nearest door", "location_cleaned": "False", "fail_reason": "number_not_in_reference", "nom_classification": "inside_venice", "nominatim_query": null, "nominatim_flagged": false, "matched_lat": 45.435842247288583, "matched_lon": 12.334983167693558, "match_confidence": "nciv_interpolated", "geocoding_tier": 8 }, "geometry": { "type": "Point", "coordinates": [ 12.334983167693558, 45.435842247288583 ] } },
{ "type": "Feature", "properties": { "Name": "Bellemò Ines", "Address": "Cann. 5563", "Location": "Malcontenta", "Category": "Sartorie e confezioni per signora", "Role": null, "Profession": null, "Additional Info": ",", "page_num": 288, "source_file": "page_288_semantic.csv", "section": "industria", "civic_num": 5563.0, "civic_lett": null, "sestiere_parsed": "CANNAREGIO", "parish_parsed": null, "sestiere_implied": false, "match_note": "Linear interpolation, dist=4.9m to nearest door", "location_cleaned": "False", "fail_reason": "number_not_in_reference", "nom_classification": "inside_venice", "nominatim_query": null, "nominatim_flagged": false, "matched_lat": 45.439839195595944, "matched_lon": 12.337733505145517, "match_confidence": "nciv_interpolated", "geocoding_tier": 8 }, "geometry": { "type": "Point", "coordinates": [ 12.337733505145517, 45.439839195595944 ] } },
{ "type": "Feature", "properties": { "Name": "Biglia Adriana", "Address": "Cann. 5563", "Location": "Cann. Palazzo Widmann", "Category": "Sartorie e confezioni per signora", "Role": null, "Profession": null, "Additional Info": ",", "page_num": 288, "source_file": "page_288_semantic.csv", "section": "industria", "civic_num": 5563.0, "civic_lett": null, "sestiere_parsed": "CANNAREGIO", "parish_parsed": null, "sestiere_implied": false, "match_note": "Linear interpolation, dist=4.9m to nearest door", "location_cleaned": "False", "fail_reason": "number_not_in_reference", "nom_classification": "inside_venice", "nominatim_query": "Palazzo Widmann, Venezia, Italy", "nominatim_flagged": false, "matched_lat": 45.439839195595944, "matched_lon": 12.337733505145517, "match_confidence": "nciv_interpolated", "geocoding_tier": 8 }, "geometry": { "type": "Point", "coordinates": [ 12.337733505145517, 45.439839195595944 ] } },
{ "type": "Feature", "properties": { "Name": "Forin Corado", "Address": "S. Marco 5392", "Location": "S. Marco", "Category": "Specialità veneziane", "Role": null, "Profession": null, "Additional Info": ",", "page_num": 293, "source_file": "page_293_semantic.csv", "section": "industria", "civic_num": 5392.0, "civic_lett": null, "sestiere_parsed": "SAN MARCO", "parish_parsed": null, "sestiere_implied": false, "match_note": "Linear interpolation, dist=4.0m to nearest door", "location_cleaned": "False", "fail_reason": "number_not_in_reference", "nom_classification": "inside_venice", "nominatim_query": null, "nominatim_flagged": false, "matched_lat": 45.437721155439149, "matched_lon": 12.336858660246447, "match_confidence": "nciv_interpolated", "geocoding_tier": 8 }, "geometry": { "type": "Point", "coordinates": [ 12.336858660246447, 45.437721155439149 ] } },
{ "type": "Feature", "properties": { "Name": "Grismondi Ernestina", "Address": "S. Marco 1141", "Location": "S. Marco", "Category": "Specialità veneziane", "Role": null, "Profession": null, "Additional Info": ",", "page_num": 293, "source_file": "page_293_semantic.csv", "section": "industria", "civic_num": 1141.0, "civic_lett": null, "sestiere_parsed": "SAN MARCO", "parish_parsed": null, "sestiere_implied": false, "match_note": "Linear interpolation, dist=2.9m to nearest door", "location_cleaned": "False", "fail_reason": "number_not_in_reference", "nom_classification": "inside_venice", "nominatim_query": null, "nominatim_flagged": false, "matched_lat": 45.434328532745603, "matched_lon": 12.336228005210472, "match_confidence": "nciv_interpolated", "geocoding_tier": 8 }, "geometry": { "type": "Point", "coordinates": [ 12.336228005210472, 45.434328532745603 ] } },
{ "type": "Feature", "properties": { "Name": "Held Ferdinando", "Address": "S. Marco 1450", "Location": "S. Marco", "Category": "Specialità veneziane", "Role": null, "Profession": null, "Additional Info": ",", "page_num": 293, "source_file": "page_293_semantic.csv", "section": "industria", "civic_num": 1450.0, "civic_lett": null, "sestiere_parsed": "SAN MARCO", "parish_parsed": null, "sestiere_implied": false, "match_note": "Linear interpolation, dist=1.9m to nearest door", "location_cleaned": "False", "fail_reason": "number_not_in_reference", "nom_classification": "inside_venice", "nominatim_query": null, "nominatim_flagged": false, "matched_lat": 45.432980250509523, "matched_lon": 12.335903708560338, "match_confidence": "nciv_interpolated", "geocoding_tier": 8 }, "geometry": { "type": "Point", "coordinates": [ 12.335903708560338, 45.432980250509523 ] } },
{ "type": "Feature", "properties": { "Name": "Mazzueco Romano", "Address": "Cannaregio 970", "Location": "Cannaregio", "Category": "Specialità veneziane", "Role": null, "Profession": null, "Additional Info": ",", "page_num": 293, "source_file": "page_293_semantic.csv", "section": "industria", "civic_num": 970.0, "civic_lett": null, "sestiere_parsed": "CANNAREGIO", "parish_parsed": null, "sestiere_implied": false, "match_note": "Linear interpolation, dist=1.9m to nearest door", "location_cleaned": "False", "fail_reason": "number_not_in_reference", "nom_classification": "inside_venice", "nominatim_query": null, "nominatim_flagged": false, "matched_lat": 45.445402329041656, "matched_lon": 12.321687062834924, "match_confidence": "nciv_interpolated", "geocoding_tier": 8 }, "geometry": { "type": "Point", "coordinates": [ 12.321687062834924, 45.445402329041656 ] } },
{ "type": "Feature", "properties": { "Name": "Zenanro Giovanni di Emillo", "Address": "S. Marco 1551", "Location": "S. Marco", "Category": "Specialità veneziane", "Role": null, "Profession": null, "Additional Info": ",", "page_num": 293, "source_file": "page_293_semantic.csv", "section": "industria", "civic_num": 1551.0, "civic_lett": null, "sestiere_parsed": "SAN MARCO", "parish_parsed": null, "sestiere_implied": false, "match_note": "Linear interpolation, dist=2.7m to nearest door", "location_cleaned": "False", "fail_reason": "number_not_in_reference", "nom_classification": "inside_venice", "nominatim_query": null, "nominatim_flagged": false, "matched_lat": 45.433602526169814, "matched_lon": 12.335640659534072, "match_confidence": "nciv_interpolated", "geocoding_tier": 8 }, "geometry": { "type": "Point", "coordinates": [ 12.335640659534072, 45.433602526169814 ] } },
{ "type": "Feature", "properties": { "Name": "Cuopo Luigi", "Address": "S. Croce 249", "Location": "Tabaccherie", "Category": "Tabaccherie", "Role": null, "Profession": null, "Additional Info": "Lido,", "page_num": 297, "source_file": "page_297_semantic.csv", "section": "industria", "civic_num": 249.0, "civic_lett": null, "sestiere_parsed": "SANTA CROCE", "parish_parsed": null, "sestiere_implied": false, "match_note": "Linear interpolation, dist=5.4m to nearest door", "location_cleaned": "False", "fail_reason": "number_not_in_reference", "nom_classification": "inside_venice", "nominatim_query": null, "nominatim_flagged": false, "matched_lat": 45.437826505654158, "matched_lon": 12.321110532033368, "match_confidence": "nciv_interpolated", "geocoding_tier": 8 }, "geometry": { "type": "Point", "coordinates": [ 12.321110532033368, 45.437826505654158 ] } },
{ "type": "Feature", "properties": { "Name": "Marforio Bartolomeo", "Address": "di Nino Banci, S. Marco 5029-5036", "Location": "Margherà", "Category": "Vetrate artistiche", "Role": null, "Profession": null, "Additional Info": ",", "page_num": 312, "source_file": "page_312_semantic.csv", "section": "industria", "civic_num": 5029.0, "civic_lett": null, "sestiere_parsed": "SAN MARCO", "parish_parsed": null, "sestiere_implied": false, "match_note": "Linear interpolation, dist=2.9m to nearest door", "location_cleaned": null, "fail_reason": "number_not_in_reference", "nom_classification": "inside_venice", "nominatim_query": null, "nominatim_flagged": false, "matched_lat": 45.436910818482971, "matched_lon": 12.336604289956631, "match_confidence": "nciv_interpolated", "geocoding_tier": 8 }, "geometry": { "type": "Point", "coordinates": [ 12.336604289956631, 45.436910818482971 ] } },
{ "type": "Feature", "properties": { "Name": "Barolini G. B.", "Address": "S. Can.aloo 5829", "Location": "F.lli Castello", "Category": "Vini", "Role": null, "Profession": null, "Additional Info": "Grossisti commercianti vini, Uffici", "page_num": 316, "source_file": "page_316_semantic.csv", "section": "industria", "civic_num": 5829.0, "civic_lett": null, "sestiere_parsed": "CASTELLO", "parish_parsed": null, "sestiere_implied": false, "match_note": "Linear interpolation, dist=6.4m to nearest door", "location_cleaned": "False", "fail_reason": "number_not_in_reference", "nom_classification": "inside_venice", "nominatim_query": "San Canziano, Venezia, Italy", "nominatim_flagged": false, "matched_lat": 45.436771416160532, "matched_lon": 12.340257127645485, "match_confidence": "nciv_interpolated", "geocoding_tier": 8 }, "geometry": { "type": "Point", "coordinates": [ 12.340257127645485, 45.436771416160532 ] } },
{ "type": "Feature", "properties": { "Name": "Agujlia Alfredo", "Address": "S. Marco 779", "Location": "Macchine per scrivere - Calcolatrici - Duplicatori", "Category": "Ufficio Rappresentanza Prodotti Italiani URPI", "Role": null, "Profession": null, "Additional Info": "rappresentanze Prodtti alimentari", "page_num": 333, "source_file": "page_333_semantic.csv", "section": "indice_generale", "civic_num": 779.0, "civic_lett": null, "sestiere_parsed": "SAN MARCO", "parish_parsed": null, "sestiere_implied": false, "match_note": "Linear interpolation, dist=2.6m to nearest door", "location_cleaned": "False", "fail_reason": "number_not_in_reference", "nom_classification": "inside_venice", "nominatim_query": "San Marco, Venezia, Italy", "nominatim_flagged": false, "matched_lat": 45.435727704088869, "matched_lon": 12.338074217331704, "match_confidence": "nciv_interpolated", "geocoding_tier": 8 }, "geometry": { "type": "Point", "coordinates": [ 12.338074217331704, 45.435727704088869 ] } },
{ "type": "Feature", "properties": { "Name": "Andermann Angela", "Address": "Castello 1545", "Location": null, "Category": "Bar", "Role": null, "Profession": null, "Additional Info": "OCCASIONI - CAMBI - RICOSTRUZIONI - NOLEGGI", "page_num": 335, "source_file": "page_335_semantic.csv", "section": "indice_generale", "civic_num": 1545.0, "civic_lett": null, "sestiere_parsed": "CASTELLO", "parish_parsed": null, "sestiere_implied": false, "match_note": "Linear interpolation, dist=3.2m to nearest door", "location_cleaned": "False", "fail_reason": "number_not_in_reference", "nom_classification": "inside_venice", "nominatim_query": null, "nominatim_flagged": false, "matched_lat": 45.431710860538033, "matched_lon": 12.352910770510748, "match_confidence": "nciv_interpolated", "geocoding_tier": 8 }, "geometry": { "type": "Point", "coordinates": [ 12.352910770510748, 45.431710860538033 ] } },
{ "type": "Feature", "properties": { "Name": "Andreotti Loria Federico", "Address": "S. Marco 517-B", "Location": null, "Category": "Avvocato", "Role": null, "Profession": null, "Additional Info": "OCCASIONI - CAMBI - RICOSTRUZIONI - NOLEGGI", "page_num": 335, "source_file": "page_335_semantic.csv", "section": "indice_generale", "civic_num": 517.0, "civic_lett": "B", "sestiere_parsed": "SAN MARCO", "parish_parsed": null, "sestiere_implied": false, "match_note": "Linear interpolation, dist=1.4m to nearest door", "location_cleaned": "False", "fail_reason": "number_not_in_reference", "nom_classification": "inside_venice", "nominatim_query": null, "nominatim_flagged": false, "matched_lat": 45.436235895037214, "matched_lon": 12.338814804165844, "match_confidence": "nciv_interpolated", "geocoding_tier": 8 }, "geometry": { "type": "Point", "coordinates": [ 12.338814804165844, 45.436235895037214 ] } },
{ "type": "Feature", "properties": { "Name": "Angelini Maria", "Address": "Rialto, Salizzada Pio X, 5168", "Location": null, "Category": "Tabaccheria", "Role": null, "Profession": null, "Additional Info": " Cartoleria", "page_num": 335, "source_file": "page_335_semantic.csv", "section": "indice_generale", "civic_num": 5168.0, "civic_lett": null, "sestiere_parsed": "SAN POLO", "parish_parsed": null, "sestiere_implied": true, "match_note": "Linear interpolation, dist=1.1m to nearest door", "location_cleaned": "False", "fail_reason": "number_not_in_reference", "nom_classification": "inside_venice", "nominatim_query": "Salizzada Pio X, Venezia, Italy", "nominatim_flagged": false, "matched_lat": 45.437906064657298, "matched_lon": 12.335169638212331, "match_confidence": "nciv_interpolated", "geocoding_tier": 8 }, "geometry": { "type": "Point", "coordinates": [ 12.335169638212331, 45.437906064657298 ] } },
{ "type": "Feature", "properties": { "Name": "Approvvigionamenti Combustibli del dr. G. Mesisino", "Address": "S Marco 5042", "Location": null, "Category": "Fornitori di bordo", "Role": null, "Profession": null, "Additional Info": "OCCASIONI - CAMBI - RICOSTRUZIONI - NOLEGGI", "page_num": 336, "source_file": "page_336_semantic.csv", "section": "indice_generale", "civic_num": 5042.0, "civic_lett": null, "sestiere_parsed": "SAN MARCO", "parish_parsed": null, "sestiere_implied": false, "match_note": "Linear interpolation, dist=2.8m to nearest door", "location_cleaned": "False", "fail_reason": "number_not_in_reference", "nom_classification": "inside_venice", "nominatim_query": null, "nominatim_flagged": false, "matched_lat": 45.437279366916052, "matched_lon": 12.336627950859272, "match_confidence": "nciv_interpolated", "geocoding_tier": 8 }, "geometry": { "type": "Point", "coordinates": [ 12.336627950859272, 45.437279366916052 ] } },
{ "type": "Feature", "properties": { "Name": "Archis Giacomo fu Augusto", "Address": "S. Polo 898", "Location": null, "Category": "Elettricista", "Role": null, "Profession": null, "Additional Info": "Idraulico", "page_num": 336, "source_file": "page_336_semantic.csv", "section": "indice_generale", "civic_num": 898.0, "civic_lett": null, "sestiere_parsed": "SAN POLO", "parish_parsed": null, "sestiere_implied": false, "match_note": "Linear interpolation, dist=2.8m to nearest door", "location_cleaned": "False", "fail_reason": "number_not_in_reference", "nom_classification": "inside_venice", "nominatim_query": null, "nominatim_flagged": false, "matched_lat": 45.438814052002463, "matched_lon": 12.33275372410302, "match_confidence": "nciv_interpolated", "geocoding_tier": 8 }, "geometry": { "type": "Point", "coordinates": [ 12.33275372410302, 45.438814052002463 ] } },
{ "type": "Feature", "properties": { "Name": "Azienda Generale Caricaturi s. a. r. I.", "Address": "S. Marco 2559", "Location": null, "Category": "Azienda", "Role": null, "Profession": null, "Additional Info": "rappresentanze varie", "page_num": 338, "source_file": "page_338_semantic.csv", "section": "indice_generale", "civic_num": 2559.0, "civic_lett": null, "sestiere_parsed": "SAN MARCO", "parish_parsed": null, "sestiere_implied": false, "match_note": "Linear interpolation, dist=6.3m to nearest door", "location_cleaned": "False", "fail_reason": "number_not_in_reference", "nom_classification": "inside_venice", "nominatim_query": null, "nominatim_flagged": false, "matched_lat": 45.433253769353485, "matched_lon": 12.332715371678816, "match_confidence": "nciv_interpolated", "geocoding_tier": 8 }, "geometry": { "type": "Point", "coordinates": [ 12.332715371678816, 45.433253769353485 ] } },
{ "type": "Feature", "properties": { "Name": "Ballarin Elio c. 0.", "Address": "S. Polo 1361", "Location": null, "Category": "agnuni", "Role": null, "Profession": null, "Additional Info": "OCCASIONI - CAMBI - RICOSTRUZIONI - NOLEGGI", "page_num": 339, "source_file": "page_339_semantic.csv", "section": "indice_generale", "civic_num": 1361.0, "civic_lett": null, "sestiere_parsed": "SAN POLO", "parish_parsed": null, "sestiere_implied": false, "match_note": "Linear interpolation, dist=2.2m to nearest door", "location_cleaned": null, "fail_reason": "number_not_in_reference", "nom_classification": "inside_venice", "nominatim_query": null, "nominatim_flagged": false, "matched_lat": 45.437116968300373, "matched_lon": 12.331560806108335, "match_confidence": "nciv_interpolated", "geocoding_tier": 8 }, "geometry": { "type": "Point", "coordinates": [ 12.331560806108335, 45.437116968300373 ] } },
{ "type": "Feature", "properties": { "Name": "Barbagio Mario", "Address": "S. Marco 743", "Location": null, "Category": "libreria", "Role": null, "Profession": null, "Additional Info": "OCCASIONI - CAMBI - RICOSTRUZIONI - NOLEGGI", "page_num": 342, "source_file": "page_342_semantic.csv", "section": "indice_generale", "civic_num": 743.0, "civic_lett": null, "sestiere_parsed": "SAN MARCO", "parish_parsed": null, "sestiere_implied": false, "match_note": "Linear interpolation, dist=2.9m to nearest door", "location_cleaned": "True", "fail_reason": "number_not_in_reference", "nom_classification": "inside_venice", "nominatim_query": null, "nominatim_flagged": false, "matched_lat": 45.435631922489094, "matched_lon": 12.338295986849213, "match_confidence": "nciv_interpolated", "geocoding_tier": 8 }, "geometry": { "type": "Point", "coordinates": [ 12.338295986849213, 45.435631922489094 ] } },
{ "type": "Feature", "properties": { "Name": "Barbaro don Giovanni", "Address": "S. Marco 743", "Location": "SS. Ermagora e Fortunato (S. Martino)", "Category": "Banco di Sicilia", "Role": null, "Profession": "parroco", "Additional Info": "OCCASIONI - CAMBI - RICOSTRUZIONI - NOLEGGI", "page_num": 342, "source_file": "page_342_semantic.csv", "section": "indice_generale", "civic_num": 743.0, "civic_lett": null, "sestiere_parsed": "SAN MARCO", "parish_parsed": "Santi Ermagora e Fortunato", "sestiere_implied": false, "match_note": "Linear interpolation, dist=2.9m to nearest door", "location_cleaned": null, "fail_reason": "number_not_in_reference", "nom_classification": "inside_venice", "nominatim_query": "Chiesa dei Santi Ermagora e Fortunato, Venezia, Italy", "nominatim_flagged": false, "matched_lat": 45.435631922489094, "matched_lon": 12.338295986849213, "match_confidence": "nciv_interpolated", "geocoding_tier": 8 }, "geometry": { "type": "Point", "coordinates": [ 12.338295986849213, 45.435631922489094 ] } },
{ "type": "Feature", "properties": { "Name": "Barbieri Costante", "Address": "San Marco 2468", "Location": null, "Category": "Macelleria", "Role": null, "Profession": null, "Additional Info": " introduttore bestiame", "page_num": 342, "source_file": "page_342_semantic.csv", "section": "indice_generale", "civic_num": 2468.0, "civic_lett": null, "sestiere_parsed": "SAN MARCO", "parish_parsed": null, "sestiere_implied": false, "match_note": "Linear interpolation, dist=7.9m to nearest door", "location_cleaned": "True", "fail_reason": "number_not_in_reference", "nom_classification": "inside_venice", "nominatim_query": null, "nominatim_flagged": false, "matched_lat": 45.43170143571119, "matched_lon": 12.332968454963703, "match_confidence": "nciv_interpolated", "geocoding_tier": 8 }, "geometry": { "type": "Point", "coordinates": [ 12.332968454963703, 45.43170143571119 ] } },
{ "type": "Feature", "properties": { "Name": "Barbieri dettail. Bar", "Address": "San Marco 2468", "Location": null, "Category": "S. Luca 1578-C", "Role": null, "Profession": "caffè (torrefazione)", "Additional Info": "Caffè Torrefazione", "page_num": 342, "source_file": "page_342_semantic.csv", "section": "indice_generale", "civic_num": 2468.0, "civic_lett": null, "sestiere_parsed": "SAN MARCO", "parish_parsed": null, "sestiere_implied": false, "match_note": "Linear interpolation, dist=7.9m to nearest door", "location_cleaned": "True", "fail_reason": "number_not_in_reference", "nom_classification": "inside_venice", "nominatim_query": "Istituto di Diritto Pubblico, Venezia, Italy", "nominatim_flagged": false, "matched_lat": 45.43170143571119, "matched_lon": 12.332968454963703, "match_confidence": "nciv_interpolated", "geocoding_tier": 8 }, "geometry": { "type": "Point", "coordinates": [ 12.332968454963703, 45.43170143571119 ] } },
{ "type": "Feature", "properties": { "Name": "Barbieri don Fabio", "Address": "San Marco 2468", "Location": "S. Giuliano", "Category": "Banco di Sicilia", "Role": null, "Profession": "Vicario", "Additional Info": "OCCASIONI - CAMBI - RICOSTRUZIONI - NOLEGGI", "page_num": 342, "source_file": "page_342_semantic.csv", "section": "indice_generale", "civic_num": 2468.0, "civic_lett": null, "sestiere_parsed": "SAN MARCO", "parish_parsed": null, "sestiere_implied": false, "match_note": "Linear interpolation, dist=7.9m to nearest door", "location_cleaned": null, "fail_reason": "number_not_in_reference", "nom_classification": "inside_venice", "nominatim_query": "Chiesa di San Giuliano, Venezia, Italy", "nominatim_flagged": false, "matched_lat": 45.43170143571119, "matched_lon": 12.332968454963703, "match_confidence": "nciv_interpolated", "geocoding_tier": 8 }, "geometry": { "type": "Point", "coordinates": [ 12.332968454963703, 45.43170143571119 ] } },
{ "type": "Feature", "properties": { "Name": "Bassani S. A.", "Address": "S. Marco 2414", "Location": null, "Category": "autotrasporti ricuperi navali", "Role": null, "Profession": null, "Additional Info": "SODETAR", "page_num": 344, "source_file": "page_344_semantic.csv", "section": "indice_generale", "civic_num": 2414.0, "civic_lett": null, "sestiere_parsed": "SAN MARCO", "parish_parsed": null, "sestiere_implied": false, "match_note": "Linear interpolation, dist=3.5m to nearest door", "location_cleaned": "True", "fail_reason": "number_not_in_reference", "nom_classification": "inside_venice", "nominatim_query": "Istituto di Diritto Pubblico, Venezia, Italy", "nominatim_flagged": false, "matched_lat": 45.432863267517369, "matched_lon": 12.333848479607967, "match_confidence": "nciv_interpolated", "geocoding_tier": 8 }, "geometry": { "type": "Point", "coordinates": [ 12.333848479607967, 45.432863267517369 ] } },
{ "type": "Feature", "properties": { "Name": "Bassaningh Society", "Address": "S. Marco 2414", "Location": null, "Category": "per Imprese di Costruzioni", "Role": null, "Profession": " vendita immobili", "Additional Info": "compra | Marghera", "page_num": 344, "source_file": "page_344_semantic.csv", "section": "indice_generale", "civic_num": 2414.0, "civic_lett": null, "sestiere_parsed": "SAN MARCO", "parish_parsed": null, "sestiere_implied": false, "match_note": "Linear interpolation, dist=3.5m to nearest door", "location_cleaned": "True", "fail_reason": "number_not_in_reference", "nom_classification": "inside_venice", "nominatim_query": "Istituto di Diritto Pubblico, Venezia, Italy", "nominatim_flagged": false, "matched_lat": 45.432863267517369, "matched_lon": 12.333848479607967, "match_confidence": "nciv_interpolated", "geocoding_tier": 8 }, "geometry": { "type": "Point", "coordinates": [ 12.333848479607967, 45.432863267517369 ] } },
{ "type": "Feature", "properties": { "Name": "Bassi dr. Pietro", "Address": "S. Angelo 3553", "Location": null, "Category": "In. dell’intendenza di finanza", "Role": null, "Profession": null, "Additional Info": "SODETAR", "page_num": 344, "source_file": "page_344_semantic.csv", "section": "indice_generale", "civic_num": 3553.0, "civic_lett": null, "sestiere_parsed": "SAN MARCO", "parish_parsed": "L'Angelo", "sestiere_implied": true, "match_note": "Linear interpolation, dist=6.4m to nearest door", "location_cleaned": "True", "fail_reason": "number_not_in_reference", "nom_classification": "inside_venice", "nominatim_query": "Istituto di Diritto Pubblico, Venezia, Italy", "nominatim_flagged": false, "matched_lat": 45.433838335356803, "matched_lon": 12.331973342959746, "match_confidence": "nciv_interpolated", "geocoding_tier": 8 }, "geometry": { "type": "Point", "coordinates": [ 12.331973342959746, 45.433838335356803 ] } },
{ "type": "Feature", "properties": { "Name": "Beece Feliciano", "Address": "D. Duro 3245", "Location": null, "Category": "ristorante", "Role": null, "Profession": null, "Additional Info": "SODETAR", "page_num": 345, "source_file": "page_345_semantic.csv", "section": "indice_generale", "civic_num": 3245.0, "civic_lett": null, "sestiere_parsed": "DORSODURO", "parish_parsed": null, "sestiere_implied": false, "match_note": "Linear interpolation, dist=4.1m to nearest door", "location_cleaned": "True", "fail_reason": "number_not_in_reference", "nom_classification": "inside_venice", "nominatim_query": null, "nominatim_flagged": false, "matched_lat": 45.434611726667413, "matched_lon": 12.325935044596688, "match_confidence": "nciv_interpolated", "geocoding_tier": 8 }, "geometry": { "type": "Point", "coordinates": [ 12.325935044596688, 45.434611726667413 ] } },
{ "type": "Feature", "properties": { "Name": "Begottti Ruggero", "Address": "San Marco 35", "Location": null, "Category": "specialità veneziane", "Role": null, "Profession": null, "Additional Info": "SODETAR", "page_num": 345, "source_file": "page_345_semantic.csv", "section": "indice_generale", "civic_num": 35.0, "civic_lett": null, "sestiere_parsed": "SAN MARCO", "parish_parsed": null, "sestiere_implied": false, "match_note": "Linear interpolation, dist=1.3m to nearest door", "location_cleaned": "True", "fail_reason": "number_not_in_reference", "nom_classification": "inside_venice", "nominatim_query": null, "nominatim_flagged": false, "matched_lat": 45.433890096062406, "matched_lon": 12.339118281942859, "match_confidence": "nciv_interpolated", "geocoding_tier": 8 }, "geometry": { "type": "Point", "coordinates": [ 12.339118281942859, 45.433890096062406 ] } },
{ "type": "Feature", "properties": { "Name": "Bellone Ines", "Address": "Cannaregio 5563", "Location": null, "Category": "sartoria e confezioni per signorа", "Role": null, "Profession": null, "Additional Info": "SODETAR", "page_num": 345, "source_file": "page_345_semantic.csv", "section": "indice_generale", "civic_num": 5563.0, "civic_lett": null, "sestiere_parsed": "CANNAREGIO", "parish_parsed": null, "sestiere_implied": false, "match_note": "Linear interpolation, dist=4.9m to nearest door", "location_cleaned": "True", "fail_reason": "number_not_in_reference", "nom_classification": "inside_venice", "nominatim_query": null, "nominatim_flagged": false, "matched_lat": 45.439839195595944, "matched_lon": 12.337733505145517, "match_confidence": "nciv_interpolated", "geocoding_tier": 8 }, "geometry": { "type": "Point", "coordinates": [ 12.337733505145517, 45.439839195595944 ] } },
{ "type": "Feature", "properties": { "Name": "Bellini dr. Ettore", "Address": "San Marco 3491", "Location": null, "Category": "medicina generale", "Role": null, "Profession": null, "Additional Info": "SODETAR", "page_num": 345, "source_file": "page_345_semantic.csv", "section": "indice_generale", "civic_num": 3491.0, "civic_lett": null, "sestiere_parsed": "SAN MARCO", "parish_parsed": null, "sestiere_implied": false, "match_note": "Linear interpolation, dist=3.7m to nearest door", "location_cleaned": "True", "fail_reason": "number_not_in_reference", "nom_classification": "inside_venice", "nominatim_query": "Istituto di Diritto Pubblico, Venezia, Italy", "nominatim_flagged": false, "matched_lat": 45.435094314792352, "matched_lon": 12.330230795670357, "match_confidence": "nciv_interpolated", "geocoding_tier": 8 }, "geometry": { "type": "Point", "coordinates": [ 12.330230795670357, 45.435094314792352 ] } },
{ "type": "Feature", "properties": { "Name": "Bellini Biancoospina", "Address": "San Marco 32", "Location": null, "Category": "Assitenza", "Role": null, "Profession": null, "Additional Info": "(A.N.P.I.)", "page_num": 345, "source_file": "page_345_semantic.csv", "section": "indice_generale", "civic_num": 32.0, "civic_lett": null, "sestiere_parsed": "SAN MARCO", "parish_parsed": null, "sestiere_implied": false, "match_note": "Linear interpolation, dist=2.1m to nearest door", "location_cleaned": "True", "fail_reason": "number_not_in_reference", "nom_classification": "inside_venice", "nominatim_query": "Istituto di Diritto Pubblico, Venezia, Italy", "nominatim_flagged": false, "matched_lat": 45.43388705049081, "matched_lon": 12.339127530630687, "match_confidence": "nciv_interpolated", "geocoding_tier": 8 }, "geometry": { "type": "Point", "coordinates": [ 12.339127530630687, 45.43388705049081 ] } },
{ "type": "Feature", "properties": { "Name": "Bellini Vittorio", "Address": "San Marco 32", "Location": null, "Category": "calzaturificio", "Role": null, "Profession": null, "Additional Info": "Chirignago", "page_num": 345, "source_file": "page_345_semantic.csv", "section": "indice_generale", "civic_num": 32.0, "civic_lett": null, "sestiere_parsed": "SAN MARCO", "parish_parsed": null, "sestiere_implied": false, "match_note": "Linear interpolation, dist=2.1m to nearest door", "location_cleaned": "True", "fail_reason": "number_not_in_reference", "nom_classification": "inside_venice", "nominatim_query": "Istituto di Diritto Pubblico, Venezia, Italy", "nominatim_flagged": false, "matched_lat": 45.43388705049081, "matched_lon": 12.339127530630687, "match_confidence": "nciv_interpolated", "geocoding_tier": 8 }, "geometry": { "type": "Point", "coordinates": [ 12.339127530630687, 45.43388705049081 ] } },
{ "type": "Feature", "properties": { "Name": "Benvenuti Benvenuto", "Address": "San Marco, 294", "Location": null, "Category": "rappresentante macchinari", "Role": null, "Profession": null, "Additional Info": "SODETAR", "page_num": 346, "source_file": "page_346_semantic.csv", "section": "indice_generale", "civic_num": 294.0, "civic_lett": null, "sestiere_parsed": "SAN MARCO", "parish_parsed": null, "sestiere_implied": false, "match_note": "Linear interpolation, dist=4.4m to nearest door", "location_cleaned": "True", "fail_reason": "number_not_in_reference", "nom_classification": "inside_venice", "nominatim_query": "Istituto di Diritto Pubblico, Venezia, Italy", "nominatim_flagged": false, "matched_lat": 45.434942151962318, "matched_lon": 12.338909056147568, "match_confidence": "nciv_interpolated", "geocoding_tier": 8 }, "geometry": { "type": "Point", "coordinates": [ 12.338909056147568, 45.434942151962318 ] } },
{ "type": "Feature", "properties": { "Name": "Berengo Elvira", "Address": "Castello, 3000", "Location": null, "Category": "lavandera e stireira", "Role": null, "Profession": null, "Additional Info": "SODETAR", "page_num": 346, "source_file": "page_346_semantic.csv", "section": "indice_generale", "civic_num": 3000.0, "civic_lett": null, "sestiere_parsed": "CASTELLO", "parish_parsed": null, "sestiere_implied": false, "match_note": "Linear interpolation, dist=7.6m to nearest door", "location_cleaned": "True", "fail_reason": "number_not_in_reference", "nom_classification": "inside_venice", "nominatim_query": "Istituto di Diritto Pubblico, Venezia, Italy", "nominatim_flagged": false, "matched_lat": 45.437082184509663, "matched_lon": 12.347880480383855, "match_confidence": "nciv_interpolated", "geocoding_tier": 8 }, "geometry": { "type": "Point", "coordinates": [ 12.347880480383855, 45.437082184509663 ] } },
{ "type": "Feature", "properties": { "Name": "Bernardello Ferruccio", "Address": "Dorsoduro 292A", "Location": null, "Category": "tabaccheria", "Role": null, "Profession": null, "Additional Info": "Via XXII Marzo, 2288, Phone: 25-889", "page_num": 347, "source_file": "page_347_semantic.csv", "section": "indice_generale", "civic_num": 292.0, "civic_lett": "A", "sestiere_parsed": "DORSODURO", "parish_parsed": null, "sestiere_implied": false, "match_note": "Linear interpolation, dist=5.2m to nearest door", "location_cleaned": "True", "fail_reason": "number_not_in_reference", "nom_classification": "inside_venice", "nominatim_query": "Istituto di Diritto Pubblico, Venezia, Italy", "nominatim_flagged": false, "matched_lat": 45.428889371843994, "matched_lon": 12.332310464648277, "match_confidence": "nciv_interpolated", "geocoding_tier": 8 }, "geometry": { "type": "Point", "coordinates": [ 12.332310464648277, 45.428889371843994 ] } },
{ "type": "Feature", "properties": { "Name": "Bernardi Maria", "Address": "Cannaregio 1364", "Location": null, "Category": "locanda", "Role": null, "Profession": null, "Additional Info": "Via XXII Marzo, 2288, Phone: 25-889", "page_num": 347, "source_file": "page_347_semantic.csv", "section": "indice_generale", "civic_num": 1364.0, "civic_lett": null, "sestiere_parsed": "CANNAREGIO", "parish_parsed": null, "sestiere_implied": false, "match_note": "Linear interpolation, dist=5.8m to nearest door", "location_cleaned": "True", "fail_reason": "number_not_in_reference", "nom_classification": "inside_venice", "nominatim_query": "Istituto di Diritto Pubblico, Venezia, Italy", "nominatim_flagged": false, "matched_lat": 45.444279981807291, "matched_lon": 12.32720364326144, "match_confidence": "nciv_interpolated", "geocoding_tier": 8 }, "geometry": { "type": "Point", "coordinates": [ 12.32720364326144, 45.444279981807291 ] } },
{ "type": "Feature", "properties": { "Name": "Berto Giuditta ved. Bucchiatti", "Address": "S. Polo 27, S. Marco 678", "Location": null, "Category": "mercerie", "Role": null, "Profession": null, "Additional Info": "in-filati e affini", "page_num": 347, "source_file": "page_347_semantic.csv", "section": "indice_generale", "civic_num": 27.0, "civic_lett": null, "sestiere_parsed": "SAN MARCO", "parish_parsed": null, "sestiere_implied": false, "match_note": "Linear interpolation, dist=1.6m to nearest door", "location_cleaned": "True", "fail_reason": "number_not_in_reference", "nom_classification": "inside_venice", "nominatim_query": null, "nominatim_flagged": false, "matched_lat": 45.433881974536426, "matched_lon": 12.339142945108248, "match_confidence": "nciv_interpolated", "geocoding_tier": 8 }, "geometry": { "type": "Point", "coordinates": [ 12.339142945108248, 45.433881974536426 ] } },
{ "type": "Feature", "properties": { "Name": "Bettolo Maria Bar", "Address": "Castello 1294", "Location": null, "Category": "OFFICINA RIPARAZIONI MACCHINE PER SCRIVERE", "Role": null, "Profession": null, "Additional Info": "trattoria", "page_num": 350, "source_file": "page_350_semantic.csv", "section": "indice_generale", "civic_num": 1294.0, "civic_lett": null, "sestiere_parsed": "CASTELLO", "parish_parsed": null, "sestiere_implied": false, "match_note": "Linear interpolation, dist=1.9m to nearest door", "location_cleaned": "True", "fail_reason": "number_not_in_reference", "nom_classification": "inside_venice", "nominatim_query": null, "nominatim_flagged": false, "matched_lat": 45.431781558455519, "matched_lon": 12.354337736774696, "match_confidence": "nciv_interpolated", "geocoding_tier": 8 }, "geometry": { "type": "Point", "coordinates": [ 12.354337736774696, 45.431781558455519 ] } },
{ "type": "Feature", "properties": { "Name": "Bevilacqua don Giovanni", "Address": "Castello 1294", "Location": null, "Category": "S. Maria delle Penitenti", "Role": null, "Profession": null, "Additional Info": "cappellano", "page_num": 350, "source_file": "page_350_semantic.csv", "section": "indice_generale", "civic_num": 1294.0, "civic_lett": null, "sestiere_parsed": "CASTELLO", "parish_parsed": null, "sestiere_implied": false, "match_note": "Linear interpolation, dist=1.9m to nearest door", "location_cleaned": "True", "fail_reason": "number_not_in_reference", "nom_classification": "inside_venice", "nominatim_query": null, "nominatim_flagged": false, "matched_lat": 45.431781558455519, "matched_lon": 12.354337736774696, "match_confidence": "nciv_interpolated", "geocoding_tier": 8 }, "geometry": { "type": "Point", "coordinates": [ 12.354337736774696, 45.431781558455519 ] } },
{ "type": "Feature", "properties": { "Name": "Bevilacqua don Giuseppe", "Address": "Castello 1294", "Location": null, "Category": "S. Lodo. vico (S. Alvise)", "Role": null, "Profession": null, "Additional Info": "parroco", "page_num": 350, "source_file": "page_350_semantic.csv", "section": "indice_generale", "civic_num": 1294.0, "civic_lett": null, "sestiere_parsed": "CASTELLO", "parish_parsed": null, "sestiere_implied": false, "match_note": "Linear interpolation, dist=1.9m to nearest door", "location_cleaned": "True", "fail_reason": "number_not_in_reference", "nom_classification": "inside_venice", "nominatim_query": null, "nominatim_flagged": false, "matched_lat": 45.431781558455519, "matched_lon": 12.354337736774696, "match_confidence": "nciv_interpolated", "geocoding_tier": 8 }, "geometry": { "type": "Point", "coordinates": [ 12.354337736774696, 45.431781558455519 ] } },
{ "type": "Feature", "properties": { "Name": "Bianchi Maria", "Address": "Cannaregio 2990", "Location": null, "Category": "sarta", "Role": null, "Profession": null, "Additional Info": "Via XXII Marzo, 2288, Phone: 25-889", "page_num": 350, "source_file": "page_350_semantic.csv", "section": "indice_generale", "civic_num": 2990.0, "civic_lett": null, "sestiere_parsed": "CANNAREGIO", "parish_parsed": null, "sestiere_implied": false, "match_note": "Linear interpolation, dist=4.7m to nearest door", "location_cleaned": "True", "fail_reason": "number_not_in_reference", "nom_classification": "inside_venice", "nominatim_query": null, "nominatim_flagged": false, "matched_lat": 45.447084769438888, "matched_lon": 12.32231087296323, "match_confidence": "nciv_interpolated", "geocoding_tier": 8 }, "geometry": { "type": "Point", "coordinates": [ 12.32231087296323, 45.447084769438888 ] } },
{ "type": "Feature", "properties": { "Name": "Bianichi Vircillo", "Address": "Cann. 4491", "Location": null, "Category": "manifatture", "Role": null, "Profession": null, "Additional Info": "Via XXII Marzo, 2288, Phone: 25-889", "page_num": 350, "source_file": "page_350_semantic.csv", "section": "indice_generale", "civic_num": 4491.0, "civic_lett": null, "sestiere_parsed": "CANNAREGIO", "parish_parsed": null, "sestiere_implied": false, "match_note": "Linear interpolation, dist=5.5m to nearest door", "location_cleaned": "True", "fail_reason": "number_not_in_reference", "nom_classification": "inside_venice", "nominatim_query": null, "nominatim_flagged": false, "matched_lat": 45.440623554256078, "matched_lon": 12.337255807042162, "match_confidence": "nciv_interpolated", "geocoding_tier": 8 }, "geometry": { "type": "Point", "coordinates": [ 12.337255807042162, 45.440623554256078 ] } },
{ "type": "Feature", "properties": { "Name": "Bianichi Virgilio", "Address": "Cann. 4491", "Location": null, "Category": "manifatture", "Role": null, "Profession": null, "Additional Info": "Via XXII Marzo, 2288, Phone: 25-889", "page_num": 350, "source_file": "page_350_semantic.csv", "section": "indice_generale", "civic_num": 4491.0, "civic_lett": null, "sestiere_parsed": "CANNAREGIO", "parish_parsed": null, "sestiere_implied": false, "match_note": "Linear interpolation, dist=5.5m to nearest door", "location_cleaned": "True", "fail_reason": "number_not_in_reference", "nom_classification": "inside_venice", "nominatim_query": "Istituto di Diritto Pubblico, Venezia, Italy", "nominatim_flagged": false, "matched_lat": 45.440623554256078, "matched_lon": 12.337255807042162, "match_confidence": "nciv_interpolated", "geocoding_tier": 8 }, "geometry": { "type": "Point", "coordinates": [ 12.337255807042162, 45.440623554256078 ] } },
{ "type": "Feature", "properties": { "Name": "Bianchini Angelo", "Address": "Cann. 4491, \"S. M. M. Forno 5254\"", "Location": null, "Category": "OFFICINA RIPARAZIONI MACCHINE PER SCRIVERE", "Role": null, "Profession": "Pres, Arciconfratermita di San Cristoforo e Compagnia della Misericordia", "Additional Info": "avv.", "page_num": 350, "source_file": "page_350_semantic.csv", "section": "indice_generale", "civic_num": 4491.0, "civic_lett": null, "sestiere_parsed": "CANNAREGIO", "parish_parsed": null, "sestiere_implied": false, "match_note": "Linear interpolation, dist=5.5m to nearest door", "location_cleaned": "True", "fail_reason": "number_not_in_reference", "nom_classification": "inside_venice", "nominatim_query": "Istituto di Diritto Pubblico, Venezia, Italy", "nominatim_flagged": false, "matched_lat": 45.440623554256078, "matched_lon": 12.337255807042162, "match_confidence": "nciv_interpolated", "geocoding_tier": 8 }, "geometry": { "type": "Point", "coordinates": [ 12.337255807042162, 45.440623554256078 ] } },
{ "type": "Feature", "properties": { "Name": "Biasaon Ida", "Address": "Dorsoduro 3119", "Location": null, "Category": "OFFICINA RIPARAZIONI MACCHINE PER SCRIVERE", "Role": null, "Profession": " piante e sementi", "Additional Info": "fiori", "page_num": 351, "source_file": "page_351_semantic.csv", "section": "indice_generale", "civic_num": 3119.0, "civic_lett": null, "sestiere_parsed": "DORSODURO", "parish_parsed": null, "sestiere_implied": false, "match_note": "Linear interpolation, dist=5.7m to nearest door", "location_cleaned": "True", "fail_reason": "number_not_in_reference", "nom_classification": "inside_venice", "nominatim_query": "Istituto di Diritto Pubblico, Venezia, Italy", "nominatim_flagged": false, "matched_lat": 45.43381500190938, "matched_lon": 12.324349594465628, "match_confidence": "nciv_interpolated", "geocoding_tier": 8 }, "geometry": { "type": "Point", "coordinates": [ 12.324349594465628, 45.43381500190938 ] } },
{ "type": "Feature", "properties": { "Name": "Biondo Renzo", "Address": "S. Marco num. 322", "Location": null, "Category": "OFFICINA RIPARAZIONI MACCHINE PER SCRIVERE", "Role": null, "Profession": null, "Additional Info": "stampi (A.N.P.L.)", "page_num": 351, "source_file": "page_351_semantic.csv", "section": "indice_generale", "civic_num": 322.0, "civic_lett": null, "sestiere_parsed": "SAN MARCO", "parish_parsed": null, "sestiere_implied": false, "match_note": "Linear interpolation, dist=1.3m to nearest door", "location_cleaned": "True", "fail_reason": "number_not_in_reference", "nom_classification": "inside_venice", "nominatim_query": "Istituto di Diritto Pubblico, Venezia, Italy", "nominatim_flagged": false, "matched_lat": 45.435182248221302, "matched_lon": 12.340128768825638, "match_confidence": "nciv_interpolated", "geocoding_tier": 8 }, "geometry": { "type": "Point", "coordinates": [ 12.340128768825638, 45.435182248221302 ] } },
{ "type": "Feature", "properties": { "Name": "Biscaro Virgilio", "Address": "S. Polo 509", "Location": null, "Category": "OFFICINA RIPARAZIONI MACCHINE PER SCRIVERE", "Role": null, "Profession": null, "Additional Info": "articoli casalinghi", "page_num": 351, "source_file": "page_351_semantic.csv", "section": "indice_generale", "civic_num": 509.0, "civic_lett": null, "sestiere_parsed": "SAN POLO", "parish_parsed": null, "sestiere_implied": false, "match_note": "Linear interpolation, dist=3.5m to nearest door", "location_cleaned": "True", "fail_reason": "number_not_in_reference", "nom_classification": "inside_venice", "nominatim_query": "Istituto di Diritto Pubblico, Venezia, Italy", "nominatim_flagged": false, "matched_lat": 45.438597594618578, "matched_lon": 12.334767883759646, "match_confidence": "nciv_interpolated", "geocoding_tier": 8 }, "geometry": { "type": "Point", "coordinates": [ 12.334767883759646, 45.438597594618578 ] } },
{ "type": "Feature", "properties": { "Name": "Bonato e Bisotto", "Address": "San Vido numero 1074", "Location": "Castello", "Category": "Agenzia Marittima e casa di spedizioni", "Role": "AFFITTI APPARTAMENTI, COMPRA - VENDITA, AMMINISTRAZIONE", "Profession": null, "Additional Info": "Soc. in N. Collet", "page_num": 353, "source_file": "page_353_semantic.csv", "section": "indice_generale", "civic_num": 1074.0, "civic_lett": null, "sestiere_parsed": "CASTELLO", "parish_parsed": null, "sestiere_implied": false, "match_note": "Linear interpolation, dist=3.8m to nearest door", "location_cleaned": null, "fail_reason": "number_not_in_reference", "nom_classification": "inside_venice", "nominatim_query": null, "nominatim_flagged": false, "matched_lat": 45.431910792347203, "matched_lon": 12.356005381412659, "match_confidence": "nciv_interpolated", "geocoding_tier": 8 }, "geometry": { "type": "Point", "coordinates": [ 12.356005381412659, 45.431910792347203 ] } },
{ "type": "Feature", "properties": { "Name": "Bonaventura Arturo", "Address": "S. Polo 2412", "Location": "Castello", "Category": "osteria", "Role": "AFFITTI APPARTAMENTI, COMPRA - VENDITA, AMMINISTRAZIONE", "Profession": null, "Additional Info": "Tel: 25-263", "page_num": 353, "source_file": "page_353_semantic.csv", "section": "indice_generale", "civic_num": 2412.0, "civic_lett": null, "sestiere_parsed": "SAN POLO", "parish_parsed": null, "sestiere_implied": false, "match_note": "Linear interpolation, dist=6.1m to nearest door", "location_cleaned": null, "fail_reason": "number_not_in_reference", "nom_classification": "inside_venice", "nominatim_query": null, "nominatim_flagged": false, "matched_lat": 45.438476949552786, "matched_lon": 12.326372700653254, "match_confidence": "nciv_interpolated", "geocoding_tier": 8 }, "geometry": { "type": "Point", "coordinates": [ 12.326372700653254, 45.438476949552786 ] } },
{ "type": "Feature", "properties": { "Name": "Bonora Giovanni", "Address": "S. Marco 1368", "Location": "Castello", "Category": "barbiere", "Role": "AFFITTI APPARTAMENTI, COMPRA - VENDITA, AMMINISTRAZIONE", "Profession": null, "Additional Info": "Tel: 25-263", "page_num": 353, "source_file": "page_353_semantic.csv", "section": "indice_generale", "civic_num": 1368.0, "civic_lett": null, "sestiere_parsed": "SAN MARCO", "parish_parsed": null, "sestiere_implied": false, "match_note": "Linear interpolation, dist=4.9m to nearest door", "location_cleaned": null, "fail_reason": "number_not_in_reference", "nom_classification": "inside_venice", "nominatim_query": null, "nominatim_flagged": false, "matched_lat": 45.432608919058531, "matched_lon": 12.336568058890309, "match_confidence": "nciv_interpolated", "geocoding_tier": 8 }, "geometry": { "type": "Point", "coordinates": [ 12.336568058890309, 45.432608919058531 ] } },
{ "type": "Feature", "properties": { "Name": "Bonotto dr. Ottorino", "Address": "S. Marco 1368", "Location": "S. Cassiano", "Category": "medicina generale", "Role": "AFFITTI APPARTAMENTI, COMPRA - VENDITA, AMMINISTRAZIONE", "Profession": "dottore", "Additional Info": "Tel: 25-263", "page_num": 353, "source_file": "page_353_semantic.csv", "section": "indice_generale", "civic_num": 1368.0, "civic_lett": null, "sestiere_parsed": "SAN MARCO", "parish_parsed": "San Cassiano", "sestiere_implied": false, "match_note": "Linear interpolation, dist=4.9m to nearest door", "location_cleaned": null, "fail_reason": "number_not_in_reference", "nom_classification": "inside_venice", "nominatim_query": null, "nominatim_flagged": false, "matched_lat": 45.432608919058531, "matched_lon": 12.336568058890309, "match_confidence": "nciv_interpolated", "geocoding_tier": 8 }, "geometry": { "type": "Point", "coordinates": [ 12.336568058890309, 45.432608919058531 ] } },
{ "type": "Feature", "properties": { "Name": "Bortoli Ester", "Address": "S. Polo 3501", "Location": "Castello", "Category": "Osteria", "Role": "AFFITTI APPARTAMENTI, COMPRA - VENDITA, AMMINISTRAZIONE", "Profession": null, "Additional Info": "Tel: 25-263", "page_num": 354, "source_file": "page_354_semantic.csv", "section": "indice_generale", "civic_num": 3501.0, "civic_lett": null, "sestiere_parsed": "SAN POLO", "parish_parsed": null, "sestiere_implied": false, "match_note": "Linear interpolation, dist=5.4m to nearest door", "location_cleaned": "False", "fail_reason": "number_not_in_reference", "nom_classification": "inside_venice", "nominatim_query": null, "nominatim_flagged": false, "matched_lat": 45.436523425853437, "matched_lon": 12.327274795136017, "match_confidence": "nciv_interpolated", "geocoding_tier": 8 }, "geometry": { "type": "Point", "coordinates": [ 12.327274795136017, 45.436523425853437 ] } },
{ "type": "Feature", "properties": { "Name": "Bottai Ezio", "Address": "Cann. 585,5", "Location": "Castello", "Category": "AGENZIA P. BORTOLUZZI", "Role": null, "Profession": null, "Additional Info": "avvocato", "page_num": 355, "source_file": "page_355_semantic.csv", "section": "indice_generale", "civic_num": 585.0, "civic_lett": null, "sestiere_parsed": "CANNAREGIO", "parish_parsed": null, "sestiere_implied": false, "match_note": "Linear interpolation, dist=0.8m to nearest door", "location_cleaned": "False", "fail_reason": "number_not_in_reference", "nom_classification": "inside_venice", "nominatim_query": null, "nominatim_flagged": false, "matched_lat": 45.445109816287513, "matched_lon": 12.321311352395158, "match_confidence": "nciv_interpolated", "geocoding_tier": 8 }, "geometry": { "type": "Point", "coordinates": [ 12.321311352395158, 45.445109816287513 ] } },
{ "type": "Feature", "properties": { "Name": "Bovo Albino", "Address": "Castello 581", "Location": "Castello", "Category": "AGENZIA P. BORTOLUZZI", "Role": null, "Profession": null, "Additional Info": "cappelleria", "page_num": 355, "source_file": "page_355_semantic.csv", "section": "indice_generale", "civic_num": 581.0, "civic_lett": null, "sestiere_parsed": "CASTELLO", "parish_parsed": null, "sestiere_implied": false, "match_note": "Linear interpolation, dist=0.4m to nearest door", "location_cleaned": "False", "fail_reason": "number_not_in_reference", "nom_classification": "inside_venice", "nominatim_query": null, "nominatim_flagged": false, "matched_lat": 45.431582747152795, "matched_lon": 12.356990436851508, "match_confidence": "nciv_interpolated", "geocoding_tier": 8 }, "geometry": { "type": "Point", "coordinates": [ 12.356990436851508, 45.431582747152795 ] } },
{ "type": "Feature", "properties": { "Name": "Burigana Giulio", "Address": "S. Francesco 2729", "Location": "Castello", "Category": "fabbro ferraro e meccanico", "Role": null, "Profession": null, "Additional Info": "Tel: 25-263", "page_num": 358, "source_file": "page_358_semantic.csv", "section": "indice_generale", "civic_num": 2729.0, "civic_lett": null, "sestiere_parsed": "CASTELLO", "parish_parsed": null, "sestiere_implied": false, "match_note": "Linear interpolation, dist=2.3m to nearest door", "location_cleaned": "False", "fail_reason": "number_not_in_reference", "nom_classification": "inside_venice", "nominatim_query": "Chiesa di San Francesco, Castello, Venezia, Italy", "nominatim_flagged": false, "matched_lat": 45.43765273783999, "matched_lon": 12.349292156369165, "match_confidence": "nciv_interpolated", "geocoding_tier": 8 }, "geometry": { "type": "Point", "coordinates": [ 12.349292156369165, 45.43765273783999 ] } },
{ "type": "Feature", "properties": { "Name": "Cabilia Candido", "Address": "Cannaregio numero 2319", "Location": null, "Category": "OCCASIONI - CAMBI - RICOSTRUZIONI - NOLEGGI", "Role": null, "Profession": "Macchine per scrivere - Calcolatrici - Duplicatori", "Additional Info": "Azienda apprla", "page_num": 359, "source_file": "page_359_semantic.csv", "section": "indice_generale", "civic_num": 2319.0, "civic_lett": null, "sestiere_parsed": "CANNAREGIO", "parish_parsed": null, "sestiere_implied": false, "match_note": "Linear interpolation, dist=8.3m to nearest door", "location_cleaned": "False", "fail_reason": "number_not_in_reference", "nom_classification": "inside_venice", "nominatim_query": null, "nominatim_flagged": false, "matched_lat": 45.44306729388596, "matched_lon": 12.332246831793064, "match_confidence": "nciv_interpolated", "geocoding_tier": 8 }, "geometry": { "type": "Point", "coordinates": [ 12.332246831793064, 45.44306729388596 ] } },
{ "type": "Feature", "properties": { "Name": "Cadet Silvio", "Address": "Cannaregio 1316", "Location": "D. Duro", "Category": "alimentari (dett.)", "Role": null, "Profession": "Macchine per scrivere - Calcolatrici - Duplicatori", "Additional Info": "Giornali - Libri Riviste - Opuscoli", "page_num": 359, "source_file": "page_359_semantic.csv", "section": "indice_generale", "civic_num": 1316.0, "civic_lett": null, "sestiere_parsed": "CANNAREGIO", "parish_parsed": null, "sestiere_implied": false, "match_note": "Linear interpolation, dist=3.0m to nearest door", "location_cleaned": "False", "fail_reason": "number_not_in_reference", "nom_classification": "inside_venice", "nominatim_query": null, "nominatim_flagged": false, "matched_lat": 45.4437895195233, "matched_lon": 12.326135280002484, "match_confidence": "nciv_interpolated", "geocoding_tier": 8 }, "geometry": { "type": "Point", "coordinates": [ 12.326135280002484, 45.4437895195233 ] } },
{ "type": "Feature", "properties": { "Name": "Cadel Umberto", "Address": "Cannaregio 530", "Location": null, "Category": "OCCASIONI - CAMBI - RICOSTRUZIONI - NOLEGGI", "Role": null, "Profession": "Macchine per scrivere - Calcolatrici - Duplicatori", "Additional Info": "officina meccanica metallurg.", "page_num": 359, "source_file": "page_359_semantic.csv", "section": "indice_generale", "civic_num": 530.0, "civic_lett": null, "sestiere_parsed": "CANNAREGIO", "parish_parsed": null, "sestiere_implied": false, "match_note": "Linear interpolation, dist=8.8m to nearest door", "location_cleaned": "False", "fail_reason": "number_not_in_reference", "nom_classification": "inside_venice", "nominatim_query": null, "nominatim_flagged": false, "matched_lat": 45.444528611161267, "matched_lon": 12.322190248737272, "match_confidence": "nciv_interpolated", "geocoding_tier": 8 }, "geometry": { "type": "Point", "coordinates": [ 12.322190248737272, 45.444528611161267 ] } },
{ "type": "Feature", "properties": { "Name": "Canal Antonio", "Address": "S. Marco 4151", "Location": "duse", "Category": "macelleria", "Role": null, "Profession": "Macchine per scrivere - Calcolatrici - Duplicatori", "Additional Info": "Giornali - Libri Riviste - Opuscoli", "page_num": 361, "source_file": "page_361_semantic.csv", "section": "indice_generale", "civic_num": 4151.0, "civic_lett": null, "sestiere_parsed": "SAN MARCO", "parish_parsed": null, "sestiere_implied": false, "match_note": "Linear interpolation, dist=2.6m to nearest door", "location_cleaned": "False", "fail_reason": "number_not_in_reference", "nom_classification": "inside_venice", "nominatim_query": null, "nominatim_flagged": false, "matched_lat": 45.435809422664612, "matched_lon": 12.33476656230995, "match_confidence": "nciv_interpolated", "geocoding_tier": 8 }, "geometry": { "type": "Point", "coordinates": [ 12.33476656230995, 45.435809422664612 ] } },
{ "type": "Feature", "properties": { "Name": "Cantiere Sernicelli", "Address": "S. Marco numero 4293", "Location": null, "Category": "cantiere navale", "Role": null, "Profession": "Macchine per scrivere - Calcolatrici - Duplicatori", "Additional Info": "Phone: 25-889", "page_num": 362, "source_file": "page_362_semantic.csv", "section": "indice_generale", "civic_num": 4293.0, "civic_lett": null, "sestiere_parsed": "SAN MARCO", "parish_parsed": null, "sestiere_implied": false, "match_note": "Linear interpolation, dist=3.3m to nearest door", "location_cleaned": null, "fail_reason": "number_not_in_reference", "nom_classification": "inside_venice", "nominatim_query": "San Marco, Venezia, Italy", "nominatim_flagged": false, "matched_lat": 45.435171435133917, "matched_lon": 12.334342619521673, "match_confidence": "nciv_interpolated", "geocoding_tier": 8 }, "geometry": { "type": "Point", "coordinates": [ 12.334342619521673, 45.435171435133917 ] } },
{ "type": "Feature", "properties": { "Name": "Capitano Guido", "Address": "Castello 1241", "Location": null, "Category": "macelleria", "Role": null, "Profession": "Macchine per scrivere - Calcolatrici - Duplicatori", "Additional Info": "Phone: 25-889", "page_num": 362, "source_file": "page_362_semantic.csv", "section": "indice_generale", "civic_num": 1241.0, "civic_lett": null, "sestiere_parsed": "CASTELLO", "parish_parsed": null, "sestiere_implied": false, "match_note": "Linear interpolation, dist=2.5m to nearest door", "location_cleaned": null, "fail_reason": "number_not_in_reference", "nom_classification": "inside_venice", "nominatim_query": "Castello, Venezia, Italy", "nominatim_flagged": false, "matched_lat": 45.432409679057336, "matched_lon": 12.355321303741398, "match_confidence": "nciv_interpolated", "geocoding_tier": 8 }, "geometry": { "type": "Point", "coordinates": [ 12.355321303741398, 45.432409679057336 ] } },
{ "type": "Feature", "properties": { "Name": "Carlon Osvaldo", "Address": "Dorsoduro 3510, 3662, 3815", "Location": null, "Category": "panificio", "Role": null, "Profession": "Macchine per scrivere - Calcolatrici - Duplicatori", "Additional Info": "DITTA MIELLO VIRGINIO", "page_num": 363, "source_file": "page_363_semantic.csv", "section": "indice_generale", "civic_num": 3510.0, "civic_lett": null, "sestiere_parsed": "DORSODURO", "parish_parsed": null, "sestiere_implied": false, "match_note": "Linear interpolation, dist=9.7m to nearest door", "location_cleaned": null, "fail_reason": "number_not_in_reference", "nom_classification": "inside_venice", "nominatim_query": null, "nominatim_flagged": false, "matched_lat": 45.436993701420604, "matched_lon": 12.32075824287009, "match_confidence": "nciv_interpolated", "geocoding_tier": 8 }, "geometry": { "type": "Point", "coordinates": [ 12.32075824287009, 45.436993701420604 ] } },
{ "type": "Feature", "properties": { "Name": "Carnielli Milena", "Address": "S. Polo 513", "Location": null, "Category": "abbigliamento", "Role": null, "Profession": "Macchine per scrivere - Calcolatrici - Duplicatori", "Additional Info": "DITTA MIELLO VIRGINIO", "page_num": 363, "source_file": "page_363_semantic.csv", "section": "indice_generale", "civic_num": 513.0, "civic_lett": null, "sestiere_parsed": "SAN POLO", "parish_parsed": null, "sestiere_implied": false, "match_note": "Linear interpolation, dist=2.3m to nearest door", "location_cleaned": null, "fail_reason": "number_not_in_reference", "nom_classification": "inside_venice", "nominatim_query": "San Polo, Venezia, Italy", "nominatim_flagged": false, "matched_lat": 45.438547310514942, "matched_lon": 12.334729731066696, "match_confidence": "nciv_interpolated", "geocoding_tier": 8 }, "geometry": { "type": "Point", "coordinates": [ 12.334729731066696, 45.438547310514942 ] } },
{ "type": "Feature", "properties": { "Name": "Carraro Cesare", "Address": "Cannaregio 1645", "Location": "Castello", "Category": "ZAGO F.LLI", "Role": null, "Profession": " articoli casalinghi", "Additional Info": "prodotti chimici", "page_num": 364, "source_file": "page_364_semantic.csv", "section": "indice_generale", "civic_num": 1645.0, "civic_lett": null, "sestiere_parsed": "CANNAREGIO", "parish_parsed": null, "sestiere_implied": false, "match_note": "Linear interpolation, dist=2.7m to nearest door", "location_cleaned": "False", "fail_reason": "number_not_in_reference", "nom_classification": "inside_venice", "nominatim_query": null, "nominatim_flagged": false, "matched_lat": 45.443723582284228, "matched_lon": 12.32763963918088, "match_confidence": "nciv_interpolated", "geocoding_tier": 8 }, "geometry": { "type": "Point", "coordinates": [ 12.32763963918088, 45.443723582284228 ] } },
{ "type": "Feature", "properties": { "Name": "Casa di Salute Immacolata Concezione", "Address": "S. Simone Piccolo 553", "Location": "Castello", "Category": "casa di cura fdm.", "Role": null, "Profession": null, "Additional Info": "S. Polo", "page_num": 364, "source_file": "page_364_semantic.csv", "section": "indice_generale", "civic_num": 553.0, "civic_lett": null, "sestiere_parsed": "CASTELLO", "parish_parsed": null, "sestiere_implied": false, "match_note": "Linear interpolation, dist=0.2m to nearest door", "location_cleaned": "False", "fail_reason": "number_not_in_reference", "nom_classification": "inside_venice", "nominatim_query": "Chiesa di San Simeone Piccolo, Venezia, Italy", "nominatim_flagged": false, "matched_lat": 45.431586169904115, "matched_lon": 12.35699110845896, "match_confidence": "nciv_interpolated", "geocoding_tier": 8 }, "geometry": { "type": "Point", "coordinates": [ 12.35699110845896, 45.431586169904115 ] } },
{ "type": "Feature", "properties": { "Name": "Casadoro Gigi", "Address": "S. Polo 1875", "Location": "Castello", "Category": "pittore", "Role": null, "Profession": null, "Additional Info": "S. Polo", "page_num": 364, "source_file": "page_364_semantic.csv", "section": "indice_generale", "civic_num": 1875.0, "civic_lett": null, "sestiere_parsed": "SAN POLO", "parish_parsed": null, "sestiere_implied": false, "match_note": "Linear interpolation, dist=7.7m to nearest door", "location_cleaned": "False", "fail_reason": "number_not_in_reference", "nom_classification": "inside_venice", "nominatim_query": null, "nominatim_flagged": false, "matched_lat": 45.439191881647382, "matched_lon": 12.331820081574946, "match_confidence": "nciv_interpolated", "geocoding_tier": 8 }, "geometry": { "type": "Point", "coordinates": [ 12.331820081574946, 45.439191881647382 ] } },
{ "type": "Feature", "properties": { "Name": "Cassini Stefano", "Address": "S. Marco 2424", "Location": "S. Marco", "Category": "libreria", "Role": null, "Profession": " riproduzioni di oggetti artistici", "Additional Info": " quadri", "page_num": 365, "source_file": "page_365_semantic.csv", "section": "indice_generale", "civic_num": 2424.0, "civic_lett": null, "sestiere_parsed": "SAN MARCO", "parish_parsed": null, "sestiere_implied": false, "match_note": "Linear interpolation, dist=3.5m to nearest door", "location_cleaned": "False", "fail_reason": "number_not_in_reference", "nom_classification": "inside_venice", "nominatim_query": null, "nominatim_flagged": false, "matched_lat": 45.432766720725482, "matched_lon": 12.333763603728135, "match_confidence": "nciv_interpolated", "geocoding_tier": 8 }, "geometry": { "type": "Point", "coordinates": [ 12.333763603728135, 45.432766720725482 ] } },
{ "type": "Feature", "properties": { "Name": "Cavagnis Pietro", "Address": "Cann. 1826", "Location": "Campc Manni", "Category": "macelleria", "Role": null, "Profession": "Lavorazione artistica mosaici in smalto di vetro Veneziano", "Additional Info": "OFFICINA RIPARAZIONI MACCHINE PER SCRIVERE VENEZIA", "page_num": 366, "source_file": "page_366_semantic.csv", "section": "indice_generale", "civic_num": 1826.0, "civic_lett": null, "sestiere_parsed": "CANNAREGIO", "parish_parsed": null, "sestiere_implied": false, "match_note": "Linear interpolation, dist=3.2m to nearest door", "location_cleaned": null, "fail_reason": "number_not_in_reference", "nom_classification": "inside_venice", "nominatim_query": null, "nominatim_flagged": false, "matched_lat": 45.443830097503096, "matched_lon": 12.329172580423648, "match_confidence": "nciv_interpolated", "geocoding_tier": 8 }, "geometry": { "type": "Point", "coordinates": [ 12.329172580423648, 45.443830097503096 ] } },
{ "type": "Feature", "properties": { "Name": "Chivello Giuseppina", "Address": "S. Croce 709", "Location": "Campc Manni", "Category": "ceramica", "Role": null, "Profession": "Lavorazione artistica mosaici in smalto di vetro Veneziano", "Additional Info": "OFFICINA RIPARAZIONI MACCHINE PER SCRIVERE VENEZIA", "page_num": 369, "source_file": "page_369_semantic.csv", "section": "indice_generale", "civic_num": 709.0, "civic_lett": null, "sestiere_parsed": "SANTA CROCE", "parish_parsed": null, "sestiere_implied": false, "match_note": "Linear interpolation, dist=5.8m to nearest door", "location_cleaned": "False", "fail_reason": "number_not_in_reference", "nom_classification": "inside_venice", "nominatim_query": null, "nominatim_flagged": false, "matched_lat": 45.440538368536998, "matched_lon": 12.322578812722089, "match_confidence": "nciv_interpolated", "geocoding_tier": 8 }, "geometry": { "type": "Point", "coordinates": [ 12.322578812722089, 45.440538368536998 ] } },
{ "type": "Feature", "properties": { "Name": "Cinema Italia", "Address": "Cann. 1205", "Location": "Cannaregio", "Category": "CINEMA S. Margherita", "Role": null, "Profession": "gestione tCSAn", "Additional Info": "cinema (sale di proiezione e gestione)", "page_num": 370, "source_file": "page_370_semantic.csv", "section": "indice_generale", "civic_num": 1205.0, "civic_lett": null, "sestiere_parsed": "CANNAREGIO", "parish_parsed": null, "sestiere_implied": false, "match_note": "Linear interpolation, dist=0.1m to nearest door", "location_cleaned": null, "fail_reason": "number_not_in_reference", "nom_classification": "inside_venice", "nominatim_query": null, "nominatim_flagged": false, "matched_lat": 45.44485811180833, "matched_lon": 12.326160379453738, "match_confidence": "nciv_interpolated", "geocoding_tier": 8 }, "geometry": { "type": "Point", "coordinates": [ 12.326160379453738, 45.44485811180833 ] } },
{ "type": "Feature", "properties": { "Name": "Cingano dr. Iginio", "Address": "S. Angelo 3553", "Location": "Campc Manni", "Category": "I.Q prof. titol. un. post", "Role": null, "Profession": "Lavorazione artistica mosaici in smalto di vetro Veneziano", "Additional Info": " in srogazione", "page_num": 370, "source_file": "page_370_semantic.csv", "section": "indice_generale", "civic_num": 3553.0, "civic_lett": null, "sestiere_parsed": "SAN MARCO", "parish_parsed": "L'Angelo", "sestiere_implied": true, "match_note": "Linear interpolation, dist=6.4m to nearest door", "location_cleaned": null, "fail_reason": "number_not_in_reference", "nom_classification": "inside_venice", "nominatim_query": null, "nominatim_flagged": false, "matched_lat": 45.433838335356803, "matched_lon": 12.331973342959746, "match_confidence": "nciv_interpolated", "geocoding_tier": 8 }, "geometry": { "type": "Point", "coordinates": [ 12.331973342959746, 45.433838335356803 ] } },
{ "type": "Feature", "properties": { "Name": "Coen Tezo", "Address": "S. Marco 1294", "Location": null, "Category": "Colorificio Veneziano", "Role": null, "Profession": "Giovanni e Paolo", "Additional Info": "perito", "page_num": 371, "source_file": "page_371_semantic.csv", "section": "indice_generale", "civic_num": 1294.0, "civic_lett": null, "sestiere_parsed": "SAN MARCO", "parish_parsed": null, "sestiere_implied": false, "match_note": "Linear interpolation, dist=1.8m to nearest door", "location_cleaned": "False", "fail_reason": "number_not_in_reference", "nom_classification": "inside_venice", "nominatim_query": null, "nominatim_flagged": false, "matched_lat": 45.433361517043267, "matched_lon": 12.336885284856285, "match_confidence": "nciv_interpolated", "geocoding_tier": 8 }, "geometry": { "type": "Point", "coordinates": [ 12.336885284856285, 45.433361517043267 ] } },
{ "type": "Feature", "properties": { "Name": "Coletta Amiabile", "Address": "S. Marco Calle dei Fabbri 880", "Location": null, "Category": "Colorificio Veneziano", "Role": null, "Profession": "Giovanni e Paolo", "Additional Info": "caffè (esercizi)", "page_num": 371, "source_file": "page_371_semantic.csv", "section": "indice_generale", "civic_num": 880.0, "civic_lett": null, "sestiere_parsed": "SAN MARCO", "parish_parsed": null, "sestiere_implied": false, "match_note": "Linear interpolation, dist=4.2m to nearest door", "location_cleaned": "False", "fail_reason": "number_not_in_reference", "nom_classification": "inside_venice", "nominatim_query": null, "nominatim_flagged": false, "matched_lat": 45.434670765324483, "matched_lon": 12.337570904804, "match_confidence": "nciv_interpolated", "geocoding_tier": 8 }, "geometry": { "type": "Point", "coordinates": [ 12.337570904804, 45.434670765324483 ] } },
{ "type": "Feature", "properties": { "Name": "Colpii Giuseppe", "Address": "S. Marco 910", "Location": null, "Category": "Calonificio Veneziano", "Role": "Colori e Vernici,  Giudecca 882", "Profession": "da A. Joggna", "Additional Info": "cappelleria", "page_num": 371, "source_file": "page_371_semantic.csv", "section": "indice_generale", "civic_num": 910.0, "civic_lett": null, "sestiere_parsed": "SAN MARCO", "parish_parsed": null, "sestiere_implied": false, "match_note": "Linear interpolation, dist=3.0m to nearest door", "location_cleaned": "False", "fail_reason": "number_not_in_reference", "nom_classification": "inside_venice", "nominatim_query": null, "nominatim_flagged": false, "matched_lat": 45.434809734809988, "matched_lon": 12.337309204112149, "match_confidence": "nciv_interpolated", "geocoding_tier": 8 }, "geometry": { "type": "Point", "coordinates": [ 12.337309204112149, 45.434809734809988 ] } },
{ "type": "Feature", "properties": { "Name": "Confezioni Diana", "Address": "Cannareggio 1317", "Location": "Cannaregio", "Category": "Stole e tessuti", "Role": null, "Profession": "Vendita e Mobilizzi", "Additional Info": "1947", "page_num": 373, "source_file": "page_373_semantic.csv", "section": "indice_generale", "civic_num": 1317.0, "civic_lett": null, "sestiere_parsed": "CANNAREGIO", "parish_parsed": null, "sestiere_implied": false, "match_note": "Linear interpolation, dist=3.0m to nearest door", "location_cleaned": "False", "fail_reason": "number_not_in_reference", "nom_classification": "inside_venice", "nominatim_query": null, "nominatim_flagged": false, "matched_lat": 45.443776466186719, "matched_lon": 12.326168409085302, "match_confidence": "nciv_interpolated", "geocoding_tier": 8 }, "geometry": { "type": "Point", "coordinates": [ 12.326168409085302, 45.443776466186719 ] } },
{ "type": "Feature", "properties": { "Name": "Console Quglieno", "Address": "Via M. Sabotino 8", "Location": "Materiale elettrico", "Category": null, "Role": null, "Profession": "Vendita e Mobilizzi", "Additional Info": "Mestre | Gugo", "page_num": 373, "source_file": "page_373_semantic.csv", "section": "indice_generale", "civic_num": null, "civic_lett": null, "sestiere_parsed": null, "parish_parsed": null, "sestiere_implied": false, "match_note": "Recovered from Category, re-geocoded via Nominatim with corrected query: Via Monte Sabotino 8, Marghera, Italia", "location_cleaned": "False", "fail_reason": "no_civic_number", "nom_classification": "inside_venice", "nominatim_query": null, "nominatim_flagged": false, "matched_lat": 45.4848968, "matched_lon": 12.2299371, "match_confidence": "category_nominatim_retry", "geocoding_tier": 10 }, "geometry": { "type": "Point", "coordinates": [ 12.2299371, 45.4848968 ] } },
{ "type": "Feature", "properties": { "Name": "Cooperativa Marittima Manovalanza Trasporti", "Address": "D. Duro 3142.3", "Location": "automologerie e autorimesse", "Category": "Commercial", "Role": null, "Profession": "Vendita e Mobilizzi", "Additional Info": "s. 8. a r. 1., lavori manovalanza", "page_num": 374, "source_file": "page_374_semantic.csv", "section": "indice_generale", "civic_num": 3142.0, "civic_lett": null, "sestiere_parsed": "DORSODURO", "parish_parsed": null, "sestiere_implied": false, "match_note": "Linear interpolation, dist=5.4m to nearest door", "location_cleaned": null, "fail_reason": "number_not_in_reference", "nom_classification": "inside_venice", "nominatim_query": null, "nominatim_flagged": false, "matched_lat": 45.433387444212727, "matched_lon": 12.325729662372778, "match_confidence": "nciv_interpolated", "geocoding_tier": 8 }, "geometry": { "type": "Point", "coordinates": [ 12.325729662372778, 45.433387444212727 ] } },
{ "type": "Feature", "properties": { "Name": "Cortinovis Annibale fu Giovanni", "Address": "Castello 6009", "Location": "automologerie e autorimesse", "Category": "elettricità idraulica e gas", "Role": null, "Profession": "Vendita e Mobilizzi", "Additional Info": "1947", "page_num": 375, "source_file": "page_375_semantic.csv", "section": "indice_generale", "civic_num": 6009.0, "civic_lett": null, "sestiere_parsed": "CASTELLO", "parish_parsed": null, "sestiere_implied": false, "match_note": "Linear interpolation, dist=0.8m to nearest door", "location_cleaned": "False", "fail_reason": "number_not_in_reference", "nom_classification": "inside_venice", "nominatim_query": null, "nominatim_flagged": false, "matched_lat": 45.438343467404806, "matched_lon": 12.338395293778492, "match_confidence": "nciv_interpolated", "geocoding_tier": 8 }, "geometry": { "type": "Point", "coordinates": [ 12.338395293778492, 45.438343467404806 ] } },
{ "type": "Feature", "properties": { "Name": "Costa Angela", "Address": "San Marco 4541", "Location": "automologerie e autorimesse", "Category": "ostetrica", "Role": null, "Profession": "Vendita e Mobilizzi", "Additional Info": "1947", "page_num": 375, "source_file": "page_375_semantic.csv", "section": "indice_generale", "civic_num": 4541.0, "civic_lett": null, "sestiere_parsed": "SAN MARCO", "parish_parsed": null, "sestiere_implied": false, "match_note": "Linear interpolation, dist=2.5m to nearest door", "location_cleaned": "False", "fail_reason": "number_not_in_reference", "nom_classification": "inside_venice", "nominatim_query": null, "nominatim_flagged": false, "matched_lat": 45.435843592222732, "matched_lon": 12.33588548680615, "match_confidence": "nciv_interpolated", "geocoding_tier": 8 }, "geometry": { "type": "Point", "coordinates": [ 12.33588548680615, 45.435843592222732 ] } },
{ "type": "Feature", "properties": { "Name": "Costa Giuseppe", "Address": "San Marco 4541", "Location": "automologerie e autorimesse", "Category": "Fabbrica Acque Gassate", "Role": null, "Profession": "Vendita e Mobilizzi", "Additional Info": "1947", "page_num": 375, "source_file": "page_375_semantic.csv", "section": "indice_generale", "civic_num": 4541.0, "civic_lett": null, "sestiere_parsed": "SAN MARCO", "parish_parsed": null, "sestiere_implied": false, "match_note": "Linear interpolation, dist=2.5m to nearest door", "location_cleaned": "False", "fail_reason": "number_not_in_reference", "nom_classification": "inside_venice", "nominatim_query": null, "nominatim_flagged": false, "matched_lat": 45.435843592222732, "matched_lon": 12.33588548680615, "match_confidence": "nciv_interpolated", "geocoding_tier": 8 }, "geometry": { "type": "Point", "coordinates": [ 12.33588548680615, 45.435843592222732 ] } },
{ "type": "Feature", "properties": { "Name": "Costantini F.lli", "Address": "S. Marco 1129", "Location": "automologerie e autorimesse", "Category": "macelleria", "Role": null, "Profession": "Vendita e Mobilizzi", "Additional Info": "1947", "page_num": 375, "source_file": "page_375_semantic.csv", "section": "indice_generale", "civic_num": 1129.0, "civic_lett": null, "sestiere_parsed": "SAN MARCO", "parish_parsed": null, "sestiere_implied": false, "match_note": "Linear interpolation, dist=0.9m to nearest door", "location_cleaned": "False", "fail_reason": "number_not_in_reference", "nom_classification": "inside_venice", "nominatim_query": null, "nominatim_flagged": false, "matched_lat": 45.434509192443585, "matched_lon": 12.336196112625226, "match_confidence": "nciv_interpolated", "geocoding_tier": 8 }, "geometry": { "type": "Point", "coordinates": [ 12.336196112625226, 45.434509192443585 ] } },
{ "type": "Feature", "properties": { "Name": "Costantini Gino", "Address": "S. Marco 1129, Fondamenta Vetrai 47-B", "Location": "automologerie e autorimesse", "Category": null, "Role": null, "Profession": "Vendita e Mobilizzi", "Additional Info": "vini (grossista) | Murano", "page_num": 375, "source_file": "page_375_semantic.csv", "section": "indice_generale", "civic_num": 1129.0, "civic_lett": null, "sestiere_parsed": "SAN MARCO", "parish_parsed": null, "sestiere_implied": false, "match_note": "Linear interpolation, dist=0.9m to nearest door", "location_cleaned": "False", "fail_reason": "number_not_in_reference", "nom_classification": "inside_venice", "nominatim_query": "Fondamenta Vetrai, Venezia, Italy", "nominatim_flagged": false, "matched_lat": 45.434509192443585, "matched_lon": 12.336196112625226, "match_confidence": "nciv_interpolated", "geocoding_tier": 8 }, "geometry": { "type": "Point", "coordinates": [ 12.336196112625226, 45.434509192443585 ] } },
{ "type": "Feature", "properties": { "Name": "Cucco Antonio", "Address": "Carupendo Via S. Dona 42", "Location": "Giudecca", "Category": "cantiere navale", "Role": null, "Profession": "Vendita e Mobilizzi", "Additional Info": "1947", "page_num": 376, "source_file": "page_376_semantic.csv", "section": "indice_generale", "civic_num": 42.0, "civic_lett": null, "sestiere_parsed": "GIUDECCA", "parish_parsed": null, "sestiere_implied": false, "match_note": "Linear interpolation, dist=6.7m to nearest door", "location_cleaned": null, "fail_reason": "number_not_in_reference", "nom_classification": "inside_venice", "nominatim_query": "Giudecca, Venezia, Italy", "nominatim_flagged": false, "matched_lat": 45.426770788884696, "matched_lon": 12.338453701089319, "match_confidence": "nciv_interpolated", "geocoding_tier": 8 }, "geometry": { "type": "Point", "coordinates": [ 12.338453701089319, 45.426770788884696 ] } },
{ "type": "Feature", "properties": { "Name": "Cuoco Ferruccio", "Address": "Via Torre Belfredo, Castello 3385, S. Croce 531", "Location": "automologerie e autorimesse", "Category": "autoligenzio e straflutione sa", "Role": null, "Profession": "Vendita e Mobilizzi", "Additional Info": "1947", "page_num": 376, "source_file": "page_376_semantic.csv", "section": "indice_generale", "civic_num": 3385.0, "civic_lett": null, "sestiere_parsed": "SANTA CROCE", "parish_parsed": null, "sestiere_implied": false, "match_note": "Linear interpolation, dist=6.5m to nearest door", "location_cleaned": null, "fail_reason": "number_not_in_reference", "nom_classification": "inside_venice", "nominatim_query": "Sestiere Castello, Venezia, Italy", "nominatim_flagged": false, "matched_lat": 45.436787096044199, "matched_lon": 12.324241283951704, "match_confidence": "nciv_interpolated", "geocoding_tier": 8 }, "geometry": { "type": "Point", "coordinates": [ 12.324241283951704, 45.436787096044199 ] } },
{ "type": "Feature", "properties": { "Name": "Cuogo Luigi", "Address": "Via Torre Belfredo, Castello 3385, S. Croce 531, S. Croce 439 E", "Location": "automologerie e autorimesse", "Category": "tabachcheria", "Role": null, "Profession": "Vendita e Mobilizzi", "Additional Info": "1947", "page_num": 376, "source_file": "page_376_semantic.csv", "section": "indice_generale", "civic_num": 3385.0, "civic_lett": null, "sestiere_parsed": "SANTA CROCE", "parish_parsed": null, "sestiere_implied": false, "match_note": "Linear interpolation, dist=6.5m to nearest door", "location_cleaned": null, "fail_reason": "number_not_in_reference", "nom_classification": "inside_venice", "nominatim_query": "Sestiere Castello, Venezia, Italy", "nominatim_flagged": false, "matched_lat": 45.436787096044199, "matched_lon": 12.324241283951704, "match_confidence": "nciv_interpolated", "geocoding_tier": 8 }, "geometry": { "type": "Point", "coordinates": [ 12.324241283951704, 45.436787096044199 ] } },
{ "type": "Feature", "properties": { "Name": "Dainesi Giorgio", "Address": "S. Marco 32", "Location": "automologerie e autorimesse", "Category": "Lavoro (ANPI)", "Role": null, "Profession": "Vendita e Mobilizzi", "Additional Info": "1947", "page_num": 377, "source_file": "page_377_semantic.csv", "section": "indice_generale", "civic_num": 32.0, "civic_lett": null, "sestiere_parsed": "SAN MARCO", "parish_parsed": null, "sestiere_implied": false, "match_note": "Linear interpolation, dist=2.1m to nearest door", "location_cleaned": null, "fail_reason": "number_not_in_reference", "nom_classification": "inside_venice", "nominatim_query": null, "nominatim_flagged": false, "matched_lat": 45.43388705049081, "matched_lon": 12.339127530630687, "match_confidence": "nciv_interpolated", "geocoding_tier": 8 }, "geometry": { "type": "Point", "coordinates": [ 12.339127530630687, 45.43388705049081 ] } },
{ "type": "Feature", "properties": { "Name": "D’Alba Rosa", "Address": "S. Marco 5290", "Location": "automologerie e autorimesse", "Category": "osteria", "Role": null, "Profession": "Vendita e Mobilizzi", "Additional Info": "1947", "page_num": 377, "source_file": "page_377_semantic.csv", "section": "indice_generale", "civic_num": 5290.0, "civic_lett": null, "sestiere_parsed": "SAN MARCO", "parish_parsed": null, "sestiere_implied": false, "match_note": "Linear interpolation, dist=5.5m to nearest door", "location_cleaned": null, "fail_reason": "number_not_in_reference", "nom_classification": "inside_venice", "nominatim_query": null, "nominatim_flagged": false, "matched_lat": 45.43737548927367, "matched_lon": 12.3373870967316, "match_confidence": "nciv_interpolated", "geocoding_tier": 8 }, "geometry": { "type": "Point", "coordinates": [ 12.3373870967316, 45.43737548927367 ] } },
{ "type": "Feature", "properties": { "Name": "Dal Borgo dr. Tommaso", "Address": "Castello 5260", "Location": "automologerie e autorimesse", "Category": "medicina generale", "Role": null, "Profession": "Vendita e Mobilizzi", "Additional Info": "1947", "page_num": 377, "source_file": "page_377_semantic.csv", "section": "indice_generale", "civic_num": 5260.0, "civic_lett": null, "sestiere_parsed": "CASTELLO", "parish_parsed": null, "sestiere_implied": false, "match_note": "Linear interpolation, dist=5.2m to nearest door", "location_cleaned": null, "fail_reason": "number_not_in_reference", "nom_classification": "inside_venice", "nominatim_query": null, "nominatim_flagged": false, "matched_lat": 45.436701219692353, "matched_lon": 12.340862259287515, "match_confidence": "nciv_interpolated", "geocoding_tier": 8 }, "geometry": { "type": "Point", "coordinates": [ 12.340862259287515, 45.436701219692353 ] } },
{ "type": "Feature", "properties": { "Name": "Dall Chiaro Gastone", "Address": "Giudecca, numero 300", "Location": "automologerie e autorimesse", "Category": null, "Role": null, "Profession": "Vendita e Mobilizzi", "Additional Info": "barbiere", "page_num": 377, "source_file": "page_377_semantic.csv", "section": "indice_generale", "civic_num": 300.0, "civic_lett": null, "sestiere_parsed": "GIUDECCA", "parish_parsed": null, "sestiere_implied": false, "match_note": "Linear interpolation, dist=0.4m to nearest door", "location_cleaned": null, "fail_reason": "number_not_in_reference", "nom_classification": "inside_venice", "nominatim_query": "Giudecca, Venezia, Italy", "nominatim_flagged": false, "matched_lat": 45.425578811310288, "matched_lon": 12.327953286129331, "match_confidence": "nciv_interpolated", "geocoding_tier": 8 }, "geometry": { "type": "Point", "coordinates": [ 12.327953286129331, 45.425578811310288 ] } },
{ "type": "Feature", "properties": { "Name": "Dal Mas Guidoiluigi", "Address": "Castello 4803", "Location": "automologerie e autorimesse", "Category": null, "Role": null, "Profession": "Vendita e Mobilizzi", "Additional Info": "bar Pasticceria", "page_num": 378, "source_file": "page_378_semantic.csv", "section": "indice_generale", "civic_num": 4803.0, "civic_lett": null, "sestiere_parsed": "CASTELLO", "parish_parsed": null, "sestiere_implied": false, "match_note": "Linear interpolation, dist=4.9m to nearest door", "location_cleaned": null, "fail_reason": "number_not_in_reference", "nom_classification": "inside_venice", "nominatim_query": null, "nominatim_flagged": false, "matched_lat": 45.436114292123889, "matched_lon": 12.34158004432685, "match_confidence": "nciv_interpolated", "geocoding_tier": 8 }, "geometry": { "type": "Point", "coordinates": [ 12.34158004432685, 45.436114292123889 ] } },
{ "type": "Feature", "properties": { "Name": "Dal Mas Pietro", "Address": "S. Marco numero 36-7-B", "Location": "automologerie e autorimesse", "Category": null, "Role": null, "Profession": " pasticceria", "Additional Info": "bar", "page_num": 378, "source_file": "page_378_semantic.csv", "section": "indice_generale", "civic_num": 36.0, "civic_lett": null, "sestiere_parsed": "SAN MARCO", "parish_parsed": null, "sestiere_implied": false, "match_note": "Linear interpolation, dist=1.1m to nearest door", "location_cleaned": null, "fail_reason": "number_not_in_reference", "nom_classification": "inside_venice", "nominatim_query": null, "nominatim_flagged": false, "matched_lat": 45.433891111252755, "matched_lon": 12.339115199046702, "match_confidence": "nciv_interpolated", "geocoding_tier": 8 }, "geometry": { "type": "Point", "coordinates": [ 12.339115199046702, 45.433891111252755 ] } },
{ "type": "Feature", "properties": { "Name": "Da Ponte Giuseppe", "Address": "San Lio 5575", "Location": "automologerie e autorimesse", "Category": "mobili (negozio)", "Role": null, "Profession": "Vendita e Mobilizzi", "Additional Info": "iperito", "page_num": 379, "source_file": "page_379_semantic.csv", "section": "indice_generale", "civic_num": 5575.0, "civic_lett": null, "sestiere_parsed": "CASTELLO", "parish_parsed": null, "sestiere_implied": true, "match_note": "Linear interpolation, dist=3.7m to nearest door", "location_cleaned": null, "fail_reason": "number_not_in_reference", "nom_classification": "inside_venice", "nominatim_query": null, "nominatim_flagged": false, "matched_lat": 45.437470764053259, "matched_lon": 12.338397609399063, "match_confidence": "nciv_interpolated", "geocoding_tier": 8 }, "geometry": { "type": "Point", "coordinates": [ 12.338397609399063, 45.437470764053259 ] } },
{ "type": "Feature", "properties": { "Name": "Darei Ada in Visentin", "Address": "San Marco 4539-A", "Location": "automologerie e autorimesse", "Category": "carta da parati ed affini", "Role": null, "Profession": "Vendita e Mobilizzi", "Additional Info": "1947", "page_num": 379, "source_file": "page_379_semantic.csv", "section": "indice_generale", "civic_num": 4539.0, "civic_lett": "A", "sestiere_parsed": "SAN MARCO", "parish_parsed": null, "sestiere_implied": false, "match_note": "Linear interpolation, dist=1.3m to nearest door", "location_cleaned": null, "fail_reason": "number_not_in_reference", "nom_classification": "inside_venice", "nominatim_query": null, "nominatim_flagged": false, "matched_lat": 45.435822126640126, "matched_lon": 12.335874246801088, "match_confidence": "nciv_interpolated", "geocoding_tier": 8 }, "geometry": { "type": "Point", "coordinates": [ 12.335874246801088, 45.435822126640126 ] } },
{ "type": "Feature", "properties": { "Name": "Da Tos Ettore", "Address": "S. Marco numero 5458", "Location": "automologerie e autorimesse", "Category": "bar pasticceria", "Role": null, "Profession": "Vendita e Mobilizzi", "Additional Info": "1947", "page_num": 379, "source_file": "page_379_semantic.csv", "section": "indice_generale", "civic_num": 5458.0, "civic_lett": null, "sestiere_parsed": "SAN MARCO", "parish_parsed": null, "sestiere_implied": false, "match_note": "Linear interpolation, dist=1.7m to nearest door", "location_cleaned": null, "fail_reason": "number_not_in_reference", "nom_classification": "inside_venice", "nominatim_query": null, "nominatim_flagged": false, "matched_lat": 45.437739443993038, "matched_lon": 12.337527297801991, "match_confidence": "nciv_interpolated", "geocoding_tier": 8 }, "geometry": { "type": "Point", "coordinates": [ 12.337527297801991, 45.437739443993038 ] } },
{ "type": "Feature", "properties": { "Name": "Da Venezia Eugenio", "Address": "S. Croce 1297", "Location": "automologerie e autorimesse", "Category": "pittore", "Role": null, "Profession": "Vendita e Mobilizzi", "Additional Info": "1947", "page_num": 379, "source_file": "page_379_semantic.csv", "section": "indice_generale", "civic_num": 1297.0, "civic_lett": null, "sestiere_parsed": "SANTA CROCE", "parish_parsed": null, "sestiere_implied": false, "match_note": "Linear interpolation, dist=6.9m to nearest door", "location_cleaned": null, "fail_reason": "number_not_in_reference", "nom_classification": "inside_venice", "nominatim_query": null, "nominatim_flagged": false, "matched_lat": 45.441912771632403, "matched_lon": 12.325690815769276, "match_confidence": "nciv_interpolated", "geocoding_tier": 8 }, "geometry": { "type": "Point", "coordinates": [ 12.325690815769276, 45.441912771632403 ] } },
{ "type": "Feature", "properties": { "Name": "Dazzo Gaetano", "Address": "D. Polo 3841", "Location": "automologerie e autorimesse", "Category": "alimentari (dett.)", "Role": null, "Profession": "Vendita e Mobilizzi", "Additional Info": "1947", "page_num": 380, "source_file": "page_380_semantic.csv", "section": "indice_generale", "civic_num": 3841.0, "civic_lett": null, "sestiere_parsed": "SAN POLO", "parish_parsed": null, "sestiere_implied": false, "match_note": "Linear interpolation, dist=1.7m to nearest door", "location_cleaned": null, "fail_reason": "number_not_in_reference", "nom_classification": "inside_venice", "nominatim_query": null, "nominatim_flagged": false, "matched_lat": 45.436805471425721, "matched_lon": 12.328884987833751, "match_confidence": "nciv_interpolated", "geocoding_tier": 8 }, "geometry": { "type": "Point", "coordinates": [ 12.328884987833751, 45.436805471425721 ] } },
{ "type": "Feature", "properties": { "Name": "Navan A. Dr.", "Address": "D. Polo 3841", "Location": "Isola S. Nazzaro", "Category": null, "Role": null, "Profession": "Rk. PP. Armeni Mechitaristi", "Additional Info": "Bibliotecario", "page_num": 380, "source_file": "page_380_semantic.csv", "section": "indice_generale", "civic_num": 3841.0, "civic_lett": null, "sestiere_parsed": "SAN POLO", "parish_parsed": null, "sestiere_implied": false, "match_note": "Linear interpolation, dist=1.7m to nearest door", "location_cleaned": null, "fail_reason": "number_not_in_reference", "nom_classification": "inside_venice", "nominatim_query": "Isola di San Lazzaro, Venezia, Italy", "nominatim_flagged": false, "matched_lat": 45.436805471425721, "matched_lon": 12.328884987833751, "match_confidence": "nciv_interpolated", "geocoding_tier": 8 }, "geometry": { "type": "Point", "coordinates": [ 12.328884987833751, 45.436805471425721 ] } },
{ "type": "Feature", "properties": { "Name": "De Appollonia Ettore", "Address": "San Marco 880", "Location": "automologerie e autorimesse", "Category": "iucoperi navali", "Role": null, "Profession": "Vendita e Mobilizzi", "Additional Info": "1947", "page_num": 380, "source_file": "page_380_semantic.csv", "section": "indice_generale", "civic_num": 880.0, "civic_lett": null, "sestiere_parsed": "SAN MARCO", "parish_parsed": null, "sestiere_implied": false, "match_note": "Linear interpolation, dist=4.2m to nearest door", "location_cleaned": null, "fail_reason": "number_not_in_reference", "nom_classification": "inside_venice", "nominatim_query": null, "nominatim_flagged": false, "matched_lat": 45.434670765324483, "matched_lon": 12.337570904804, "match_confidence": "nciv_interpolated", "geocoding_tier": 8 }, "geometry": { "type": "Point", "coordinates": [ 12.337570904804, 45.434670765324483 ] } },
{ "type": "Feature", "properties": { "Name": "De Battista Maria", "Address": "S. Marco 2345-A", "Location": "automologerie e autorimesse", "Category": "lavandoria e steria", "Role": null, "Profession": "Vendita e Mobilizzi", "Additional Info": "1947", "page_num": 380, "source_file": "page_380_semantic.csv", "section": "indice_generale", "civic_num": 2345.0, "civic_lett": "A", "sestiere_parsed": "SAN MARCO", "parish_parsed": null, "sestiere_implied": false, "match_note": "Linear interpolation, dist=3.6m to nearest door", "location_cleaned": null, "fail_reason": "number_not_in_reference", "nom_classification": "inside_venice", "nominatim_query": null, "nominatim_flagged": false, "matched_lat": 45.432274334110467, "matched_lon": 12.333605032325124, "match_confidence": "nciv_interpolated", "geocoding_tier": 8 }, "geometry": { "type": "Point", "coordinates": [ 12.333605032325124, 45.432274334110467 ] } },
{ "type": "Feature", "properties": { "Name": "De Bei Giuscppe", "Address": "S. Marco 2345-A, S. Luca 4149", "Location": "automologerie e autorimesse", "Category": null, "Role": null, "Profession": "Vendita e Mobilizzi", "Additional Info": "1947", "page_num": 380, "source_file": "page_380_semantic.csv", "section": "indice_generale", "civic_num": 2345.0, "civic_lett": "A", "sestiere_parsed": "SAN MARCO", "parish_parsed": "San Luca", "sestiere_implied": false, "match_note": "Linear interpolation, dist=3.6m to nearest door", "location_cleaned": null, "fail_reason": "number_not_in_reference", "nom_classification": "inside_venice", "nominatim_query": null, "nominatim_flagged": false, "matched_lat": 45.432274334110467, "matched_lon": 12.333605032325124, "match_confidence": "nciv_interpolated", "geocoding_tier": 8 }, "geometry": { "type": "Point", "coordinates": [ 12.333605032325124, 45.432274334110467 ] } },
{ "type": "Feature", "properties": { "Name": "De Bei Umberto", "Address": "S. Marco 2345-A, S. Luca 4149", "Location": "automologerie e autorimesse", "Category": "Consigliere Municipale", "Role": null, "Profession": "Vendita e Mobilizzi", "Additional Info": "1947", "page_num": 380, "source_file": "page_380_semantic.csv", "section": "indice_generale", "civic_num": 2345.0, "civic_lett": "A", "sestiere_parsed": "SAN MARCO", "parish_parsed": "San Luca", "sestiere_implied": false, "match_note": "Linear interpolation, dist=3.6m to nearest door", "location_cleaned": null, "fail_reason": "number_not_in_reference", "nom_classification": "inside_venice", "nominatim_query": null, "nominatim_flagged": false, "matched_lat": 45.432274334110467, "matched_lon": 12.333605032325124, "match_confidence": "nciv_interpolated", "geocoding_tier": 8 }, "geometry": { "type": "Point", "coordinates": [ 12.333605032325124, 45.432274334110467 ] } },
{ "type": "Feature", "properties": { "Name": "De Col Pietro", "Address": "S. Polo numero 381", "Location": "automologerie e autorimesse", "Category": "alimentari (dett.)", "Role": null, "Profession": "Vendita e Mobilizzi", "Additional Info": "1947", "page_num": 380, "source_file": "page_380_semantic.csv", "section": "indice_generale", "civic_num": 381.0, "civic_lett": null, "sestiere_parsed": "SAN POLO", "parish_parsed": null, "sestiere_implied": false, "match_note": "Linear interpolation, dist=3.6m to nearest door", "location_cleaned": null, "fail_reason": "number_not_in_reference", "nom_classification": "inside_venice", "nominatim_query": null, "nominatim_flagged": false, "matched_lat": 45.439094820813182, "matched_lon": 12.334285969800154, "match_confidence": "nciv_interpolated", "geocoding_tier": 8 }, "geometry": { "type": "Point", "coordinates": [ 12.334285969800154, 45.439094820813182 ] } },
{ "type": "Feature", "properties": { "Name": "Dej Bei Mario", "Address": "Castello numero 5187", "Location": "automologerie e autorimesse", "Category": "orefacreia", "Role": null, "Profession": "Vendita e Mobilizzi", "Additional Info": "gioielleria", "page_num": 380, "source_file": "page_380_semantic.csv", "section": "indice_generale", "civic_num": 5187.0, "civic_lett": null, "sestiere_parsed": "CASTELLO", "parish_parsed": null, "sestiere_implied": false, "match_note": "Linear interpolation, dist=2.6m to nearest door", "location_cleaned": null, "fail_reason": "number_not_in_reference", "nom_classification": "inside_venice", "nominatim_query": null, "nominatim_flagged": false, "matched_lat": 45.437694706340984, "matched_lon": 12.341953651894192, "match_confidence": "nciv_interpolated", "geocoding_tier": 8 }, "geometry": { "type": "Point", "coordinates": [ 12.341953651894192, 45.437694706340984 ] } },
{ "type": "Feature", "properties": { "Name": "Deidda dr. Antonio", "Address": "Castello numero 5187", "Location": "automologerie e autorimesse", "Category": "Ispettore Capo l'Uffcio visite", "Role": null, "Profession": "Vendita e Mobilizzi", "Additional Info": "Sezione Salute Dogana", "page_num": 380, "source_file": "page_380_semantic.csv", "section": "indice_generale", "civic_num": 5187.0, "civic_lett": null, "sestiere_parsed": "CASTELLO", "parish_parsed": null, "sestiere_implied": false, "match_note": "Linear interpolation, dist=2.6m to nearest door", "location_cleaned": null, "fail_reason": "number_not_in_reference", "nom_classification": "inside_venice", "nominatim_query": null, "nominatim_flagged": false, "matched_lat": 45.437694706340984, "matched_lon": 12.341953651894192, "match_confidence": "nciv_interpolated", "geocoding_tier": 8 }, "geometry": { "type": "Point", "coordinates": [ 12.341953651894192, 45.437694706340984 ] } },
{ "type": "Feature", "properties": { "Name": "Delanges Francesco", "Address": "Castello 4441", "Location": "automologerie e autorimesse", "Category": "rappresentante generale alimentari", "Role": null, "Profession": "Vendita e Mobilizzi", "Additional Info": "ZAGO F.LLI", "page_num": 381, "source_file": "page_381_semantic.csv", "section": "indice_generale", "civic_num": 4441.0, "civic_lett": null, "sestiere_parsed": "CASTELLO", "parish_parsed": null, "sestiere_implied": false, "match_note": "Linear interpolation, dist=5.2m to nearest door", "location_cleaned": null, "fail_reason": "number_not_in_reference", "nom_classification": "inside_venice", "nominatim_query": null, "nominatim_flagged": false, "matched_lat": 45.435618030247298, "matched_lon": 12.341794103042275, "match_confidence": "nciv_interpolated", "geocoding_tier": 8 }, "geometry": { "type": "Point", "coordinates": [ 12.341794103042275, 45.435618030247298 ] } },
{ "type": "Feature", "properties": { "Name": "Del Ben Tecnol Elena", "Address": "San Marco numero 4937", "Location": "automologerie e autorimesse", "Category": "libreria", "Role": null, "Profession": "Vendita e Mobilizzi", "Additional Info": "ZAGO F.LLI", "page_num": 381, "source_file": "page_381_semantic.csv", "section": "indice_generale", "civic_num": 4937.0, "civic_lett": null, "sestiere_parsed": "SAN MARCO", "parish_parsed": null, "sestiere_implied": false, "match_note": "Linear interpolation, dist=3.9m to nearest door", "location_cleaned": null, "fail_reason": "number_not_in_reference", "nom_classification": "inside_venice", "nominatim_query": null, "nominatim_flagged": false, "matched_lat": 45.43634499659283, "matched_lon": 12.337717546329667, "match_confidence": "nciv_interpolated", "geocoding_tier": 8 }, "geometry": { "type": "Point", "coordinates": [ 12.337717546329667, 45.43634499659283 ] } },
{ "type": "Feature", "properties": { "Name": "Dell'Antone Rita", "Address": "D. Duro 2008", "Location": "automologerie e autorimesse", "Category": "macelleria", "Role": null, "Profession": "Vendita e Mobilizzi", "Additional Info": "ZAGO F.LLI", "page_num": 381, "source_file": "page_381_semantic.csv", "section": "indice_generale", "civic_num": 2008.0, "civic_lett": null, "sestiere_parsed": "DORSODURO", "parish_parsed": null, "sestiere_implied": false, "match_note": "Linear interpolation, dist=4.3m to nearest door", "location_cleaned": null, "fail_reason": "number_not_in_reference", "nom_classification": "inside_venice", "nominatim_query": null, "nominatim_flagged": false, "matched_lat": 45.432599632767698, "matched_lon": 12.313062501482261, "match_confidence": "nciv_interpolated", "geocoding_tier": 8 }, "geometry": { "type": "Point", "coordinates": [ 12.313062501482261, 45.432599632767698 ] } },
{ "type": "Feature", "properties": { "Name": "De Luca Ernesto", "Address": "S. Marco numero 1499", "Location": "automologerie e autorimesse", "Category": "calzaturificio", "Role": null, "Profession": "Vendita e Mobilizzi", "Additional Info": "ZAGO F.LLI", "page_num": 381, "source_file": "page_381_semantic.csv", "section": "indice_generale", "civic_num": 1499.0, "civic_lett": null, "sestiere_parsed": "SAN MARCO", "parish_parsed": null, "sestiere_implied": false, "match_note": "Linear interpolation, dist=1.5m to nearest door", "location_cleaned": null, "fail_reason": "number_not_in_reference", "nom_classification": "inside_venice", "nominatim_query": null, "nominatim_flagged": false, "matched_lat": 45.433471306907663, "matched_lon": 12.336535992533047, "match_confidence": "nciv_interpolated", "geocoding_tier": 8 }, "geometry": { "type": "Point", "coordinates": [ 12.336535992533047, 45.433471306907663 ] } },
{ "type": "Feature", "properties": { "Name": "De Rossi Ines", "Address": "S. Marco 1458", "Location": null, "Category": "AFFITTANO APPARTAMENTI", "Role": null, "Profession": "Duplicatori", "Additional Info": "biancheria e affini", "page_num": 383, "source_file": "page_383_semantic.csv", "section": "indice_generale", "civic_num": 1458.0, "civic_lett": null, "sestiere_parsed": "SAN MARCO", "parish_parsed": null, "sestiere_implied": false, "match_note": "Linear interpolation, dist=2.0m to nearest door", "location_cleaned": "False", "fail_reason": "number_not_in_reference", "nom_classification": "inside_venice", "nominatim_query": null, "nominatim_flagged": false, "matched_lat": 45.4329996722768, "matched_lon": 12.335750542353248, "match_confidence": "nciv_interpolated", "geocoding_tier": 8 }, "geometry": { "type": "Point", "coordinates": [ 12.335750542353248, 45.4329996722768 ] } },
{ "type": "Feature", "properties": { "Name": "De Santolo Maria", "Address": "Cannaregio 3469", "Location": null, "Category": "AFFITTANO APPARTAMENTI", "Role": null, "Profession": "Duplicatori", "Additional Info": "sarta", "page_num": 383, "source_file": "page_383_semantic.csv", "section": "indice_generale", "civic_num": 3469.0, "civic_lett": null, "sestiere_parsed": "CANNAREGIO", "parish_parsed": null, "sestiere_implied": false, "match_note": "Linear interpolation, dist=0.6m to nearest door", "location_cleaned": "False", "fail_reason": "number_not_in_reference", "nom_classification": "inside_venice", "nominatim_query": null, "nominatim_flagged": false, "matched_lat": 45.447293761607135, "matched_lon": 12.330929562580211, "match_confidence": "nciv_interpolated", "geocoding_tier": 8 }, "geometry": { "type": "Point", "coordinates": [ 12.330929562580211, 45.447293761607135 ] } },
{ "type": "Feature", "properties": { "Name": "De Zandonati Calo", "Address": "Cannaregio 3699-A", "Location": null, "Category": "AFFITTANO APPARTAMENTI", "Role": null, "Profession": "Duplicatori", "Additional Info": "legnami e pali da costruzioni", "page_num": 383, "source_file": "page_383_semantic.csv", "section": "indice_generale", "civic_num": 3699.0, "civic_lett": "A", "sestiere_parsed": "CANNAREGIO", "parish_parsed": null, "sestiere_implied": false, "match_note": "Linear interpolation, dist=6.5m to nearest door", "location_cleaned": "False", "fail_reason": "number_not_in_reference", "nom_classification": "inside_venice", "nominatim_query": null, "nominatim_flagged": false, "matched_lat": 45.441425650458974, "matched_lon": 12.332936727747574, "match_confidence": "nciv_interpolated", "geocoding_tier": 8 }, "geometry": { "type": "Point", "coordinates": [ 12.332936727747574, 45.441425650458974 ] } },
{ "type": "Feature", "properties": { "Name": "Fantucci Vittorio", "Address": "Cannaregio 4244, S. Marco 3885", "Location": "VENEZIA", "Category": "Forniture complete MOBILI e ACCESSORI per UFFICIO", "Role": null, "Profession": "panificio. SS.", "Additional Info": "ing.", "page_num": 389, "source_file": "page_389_semantic.csv", "section": "indice_generale", "civic_num": 4244.0, "civic_lett": null, "sestiere_parsed": "SAN MARCO", "parish_parsed": null, "sestiere_implied": false, "match_note": "Linear interpolation, dist=8.2m to nearest door", "location_cleaned": null, "fail_reason": "number_not_in_reference", "nom_classification": "inside_venice", "nominatim_query": null, "nominatim_flagged": false, "matched_lat": 45.435491637759391, "matched_lon": 12.334892864500068, "match_confidence": "nciv_interpolated", "geocoding_tier": 8 }, "geometry": { "type": "Point", "coordinates": [ 12.334892864500068, 45.435491637759391 ] } },
{ "type": "Feature", "properties": { "Name": "Favretto dr. Umberto", "Address": "San Marco numero 4541", "Location": null, "Category": null, "Role": null, "Profession": "Macchine per scrivere - Calcolatrici - Duplicatori", "Additional Info": "commercialista", "page_num": 390, "source_file": "page_390_semantic.csv", "section": "indice_generale", "civic_num": 4541.0, "civic_lett": null, "sestiere_parsed": "SAN MARCO", "parish_parsed": null, "sestiere_implied": false, "match_note": "Linear interpolation, dist=2.5m to nearest door", "location_cleaned": "False", "fail_reason": "number_not_in_reference", "nom_classification": "inside_venice", "nominatim_query": "San Marco, Venezia, Italy", "nominatim_flagged": false, "matched_lat": 45.435843592222732, "matched_lon": 12.33588548680615, "match_confidence": "nciv_interpolated", "geocoding_tier": 8 }, "geometry": { "type": "Point", "coordinates": [ 12.33588548680615, 45.435843592222732 ] } },
{ "type": "Feature", "properties": { "Name": "Forlanis dott. Milio", "Address": "Via Canibiadi 1754,Cannaregio S. Canalono 5004", "Location": null, "Category": "Specialista", "Role": null, "Profession": "parroco S. Maria del Rosario (Gesuitati)", "Additional Info": "Malattie Lattanti e Bambi", "page_num": 391, "source_file": "page_391_semantic.csv", "section": "indice_generale", "civic_num": 1754.0, "civic_lett": null, "sestiere_parsed": "CANNAREGIO", "parish_parsed": null, "sestiere_implied": false, "match_note": "Linear interpolation, dist=8.1m to nearest door", "location_cleaned": "False", "fail_reason": "number_not_in_reference", "nom_classification": "inside_venice", "nominatim_query": null, "nominatim_flagged": false, "matched_lat": 45.442881795724709, "matched_lon": 12.328297465250088, "match_confidence": "nciv_interpolated", "geocoding_tier": 8 }, "geometry": { "type": "Point", "coordinates": [ 12.328297465250088, 45.442881795724709 ] } },
{ "type": "Feature", "properties": { "Name": "Ferrucci di Donadino", "Address": "S. Marco numero 1418", "Location": null, "Category": "Oggetti artistici", "Role": null, "Profession": "parroco S. Maria del Rosario (Gesuitati)", "Additional Info": "Photography Studio", "page_num": 391, "source_file": "page_391_semantic.csv", "section": "indice_generale", "civic_num": 1418.0, "civic_lett": null, "sestiere_parsed": "SAN MARCO", "parish_parsed": null, "sestiere_implied": false, "match_note": "Linear interpolation, dist=0.4m to nearest door", "location_cleaned": "False", "fail_reason": "number_not_in_reference", "nom_classification": "inside_venice", "nominatim_query": null, "nominatim_flagged": false, "matched_lat": 45.432905415770826, "matched_lon": 12.336014298577153, "match_confidence": "nciv_interpolated", "geocoding_tier": 8 }, "geometry": { "type": "Point", "coordinates": [ 12.336014298577153, 45.432905415770826 ] } },
{ "type": "Feature", "properties": { "Name": "Fiduciaria Gestioni", "Address": "S. Marco 1216", "Location": null, "Category": "compra-vendita immobili", "Role": null, "Profession": "parroco S. Maria del Rosario (Gesuitati)", "Additional Info": "Photography Studio", "page_num": 392, "source_file": "page_392_semantic.csv", "section": "indice_generale", "civic_num": 1216.0, "civic_lett": null, "sestiere_parsed": "SAN MARCO", "parish_parsed": null, "sestiere_implied": false, "match_note": "Linear interpolation, dist=2.6m to nearest door", "location_cleaned": "False", "fail_reason": "number_not_in_reference", "nom_classification": "inside_venice", "nominatim_query": null, "nominatim_flagged": false, "matched_lat": 45.434140573891625, "matched_lon": 12.336967558309979, "match_confidence": "nciv_interpolated", "geocoding_tier": 8 }, "geometry": { "type": "Point", "coordinates": [ 12.336967558309979, 45.434140573891625 ] } },
{ "type": "Feature", "properties": { "Name": "Filippini Giuseppe", "Address": "D. Duro numero 3169", "Location": null, "Category": "calzaturificio", "Role": null, "Profession": "parroco S. Maria del Rosario (Gesuitati)", "Additional Info": "Photography Studio", "page_num": 392, "source_file": "page_392_semantic.csv", "section": "indice_generale", "civic_num": 3169.0, "civic_lett": null, "sestiere_parsed": "DORSODURO", "parish_parsed": null, "sestiere_implied": false, "match_note": "Linear interpolation, dist=4.7m to nearest door", "location_cleaned": "False", "fail_reason": "number_not_in_reference", "nom_classification": "inside_venice", "nominatim_query": null, "nominatim_flagged": false, "matched_lat": 45.433390449535167, "matched_lon": 12.325247272399643, "match_confidence": "nciv_interpolated", "geocoding_tier": 8 }, "geometry": { "type": "Point", "coordinates": [ 12.325247272399643, 45.433390449535167 ] } },
{ "type": "Feature", "properties": { "Name": "Filippini ten. col. Giovanni", "Address": "D. Duro numero 3169", "Location": "Ascensione", "Category": "Capo Gruppo Regionale", "Role": null, "Profession": "parroco S. Maria del Rosario (Gesuitati)", "Additional Info": "Unione Naz. Ufficiali in Congedo d’Italia", "page_num": 392, "source_file": "page_392_semantic.csv", "section": "indice_generale", "civic_num": 3169.0, "civic_lett": null, "sestiere_parsed": "DORSODURO", "parish_parsed": null, "sestiere_implied": false, "match_note": "Linear interpolation, dist=4.7m to nearest door", "location_cleaned": "False", "fail_reason": "number_not_in_reference", "nom_classification": "inside_venice", "nominatim_query": null, "nominatim_flagged": false, "matched_lat": 45.433390449535167, "matched_lon": 12.325247272399643, "match_confidence": "nciv_interpolated", "geocoding_tier": 8 }, "geometry": { "type": "Point", "coordinates": [ 12.325247272399643, 45.433390449535167 ] } },
{ "type": "Feature", "properties": { "Name": "Filippini d. Vincenzo", "Address": "D. Duro numero 3169", "Location": null, "Category": null, "Role": null, "Profession": "parroco S. Maria del Rosario (Gesuitati)", "Additional Info": "Ufficio Stampi Gabinetti Prefeturence", "page_num": 392, "source_file": "page_392_semantic.csv", "section": "indice_generale", "civic_num": 3169.0, "civic_lett": null, "sestiere_parsed": "DORSODURO", "parish_parsed": null, "sestiere_implied": false, "match_note": "Linear interpolation, dist=4.7m to nearest door", "location_cleaned": "False", "fail_reason": "number_not_in_reference", "nom_classification": "inside_venice", "nominatim_query": null, "nominatim_flagged": false, "matched_lat": 45.433390449535167, "matched_lon": 12.325247272399643, "match_confidence": "nciv_interpolated", "geocoding_tier": 8 }, "geometry": { "type": "Point", "coordinates": [ 12.325247272399643, 45.433390449535167 ] } },
{ "type": "Feature", "properties": { "Name": "Gaggio Antonio di Dall'Acqua F.", "Address": "San Marco 5014", "Location": null, "Category": "tessuti filati", "Role": null, "Profession": "parroco S. Maria del Rosario (Gesuitati)", "Additional Info": "Photography Studio", "page_num": 396, "source_file": "page_396_semantic.csv", "section": "indice_generale", "civic_num": 5014.0, "civic_lett": null, "sestiere_parsed": "SAN MARCO", "parish_parsed": null, "sestiere_implied": false, "match_note": "Linear interpolation, dist=4.0m to nearest door", "location_cleaned": null, "fail_reason": "number_not_in_reference", "nom_classification": "inside_venice", "nominatim_query": null, "nominatim_flagged": false, "matched_lat": 45.436666685681594, "matched_lon": 12.337456964098989, "match_confidence": "nciv_interpolated", "geocoding_tier": 8 }, "geometry": { "type": "Point", "coordinates": [ 12.337456964098989, 45.436666685681594 ] } },
{ "type": "Feature", "properties": { "Name": "Gaggio Elsa", "Address": "Cannaregio 1677", "Location": null, "Category": "sarta", "Role": null, "Profession": "parroco S. Maria del Rosario (Gesuitati)", "Additional Info": "Photography Studio", "page_num": 396, "source_file": "page_396_semantic.csv", "section": "indice_generale", "civic_num": 1677.0, "civic_lett": null, "sestiere_parsed": "CANNAREGIO", "parish_parsed": null, "sestiere_implied": false, "match_note": "Linear interpolation, dist=4.4m to nearest door", "location_cleaned": null, "fail_reason": "number_not_in_reference", "nom_classification": "inside_venice", "nominatim_query": null, "nominatim_flagged": false, "matched_lat": 45.443389923822011, "matched_lon": 12.327774973461256, "match_confidence": "nciv_interpolated", "geocoding_tier": 8 }, "geometry": { "type": "Point", "coordinates": [ 12.327774973461256, 45.443389923822011 ] } },
{ "type": "Feature", "properties": { "Name": "Gallo Paolo", "Address": "San Marco numero 32", "Location": null, "Category": "Negoziante", "Role": null, "Profession": "MACCHINE PER SCRIVERE - DUPLICATORI - ACCESSORI", "Additional Info": "A. N. P. I.", "page_num": 398, "source_file": "page_398_semantic.csv", "section": "indice_generale", "civic_num": 32.0, "civic_lett": null, "sestiere_parsed": "SAN MARCO", "parish_parsed": null, "sestiere_implied": false, "match_note": "Linear interpolation, dist=2.1m to nearest door", "location_cleaned": null, "fail_reason": "number_not_in_reference", "nom_classification": "inside_venice", "nominatim_query": null, "nominatim_flagged": false, "matched_lat": 45.43388705049081, "matched_lon": 12.339127530630687, "match_confidence": "nciv_interpolated", "geocoding_tier": 8 }, "geometry": { "type": "Point", "coordinates": [ 12.339127530630687, 45.43388705049081 ] } },
{ "type": "Feature", "properties": { "Name": "Galvan Piade & De Franzeschi", "Address": "San Marco 1883, 168, 230,", "Location": null, "Category": "VALESE LUIGI", "Role": null, "Profession": "MACCHINE PER SCRIVERE - DUPLICATORI - ACCESSORI", "Additional Info": "Confezioni varie", "page_num": 398, "source_file": "page_398_semantic.csv", "section": "indice_generale", "civic_num": 1883.0, "civic_lett": null, "sestiere_parsed": "SAN MARCO", "parish_parsed": null, "sestiere_implied": false, "match_note": "Linear interpolation, dist=3.5m to nearest door", "location_cleaned": null, "fail_reason": "number_not_in_reference", "nom_classification": "inside_venice", "nominatim_query": "San Marco, Venezia, Italy", "nominatim_flagged": false, "matched_lat": 45.434606011076632, "matched_lon": 12.334049896653241, "match_confidence": "nciv_interpolated", "geocoding_tier": 8 }, "geometry": { "type": "Point", "coordinates": [ 12.334049896653241, 45.434606011076632 ] } },
{ "type": "Feature", "properties": { "Name": "Gasparini Elda in Pavan", "Address": "Cannaregio 4981", "Location": null, "Category": "sarta", "Role": null, "Profession": null, "Additional Info": "OFFICINA RIPARAZIONI MACCHINE PER SCRIVERE", "page_num": 399, "source_file": "page_399_semantic.csv", "section": "indice_generale", "civic_num": 4981.0, "civic_lett": null, "sestiere_parsed": "CANNAREGIO", "parish_parsed": null, "sestiere_implied": false, "match_note": "Linear interpolation, dist=1.5m to nearest door", "location_cleaned": null, "fail_reason": "number_not_in_reference", "nom_classification": "inside_venice", "nominatim_query": null, "nominatim_flagged": false, "matched_lat": 45.444086322959819, "matched_lon": 12.336365046131499, "match_confidence": "nciv_interpolated", "geocoding_tier": 8 }, "geometry": { "type": "Point", "coordinates": [ 12.336365046131499, 45.444086322959819 ] } },
{ "type": "Feature", "properties": { "Name": "Gerardo Ugo", "Address": "Castello 1272", "Location": null, "Category": "Nuova Editoriale S. A.", "Role": null, "Profession": "MACCHINE PER SCRIVERE - DUPLICATORI - ACCESSORI", "Additional Info": "osteria", "page_num": 400, "source_file": "page_400_semantic.csv", "section": "indice_generale", "civic_num": 1272.0, "civic_lett": null, "sestiere_parsed": "CASTELLO", "parish_parsed": null, "sestiere_implied": false, "match_note": "Linear interpolation, dist=2.2m to nearest door", "location_cleaned": "False", "fail_reason": "number_not_in_reference", "nom_classification": "inside_venice", "nominatim_query": "Castello, Venezia, Italy", "nominatim_flagged": false, "matched_lat": 45.430967821715342, "matched_lon": 12.354381021853282, "match_confidence": "nciv_interpolated", "geocoding_tier": 8 }, "geometry": { "type": "Point", "coordinates": [ 12.354381021853282, 45.430967821715342 ] } },
{ "type": "Feature", "properties": { "Name": "Gestione Proprietà Immobiliare S. A.", "Address": "S. Marco 1961", "Location": null, "Category": "Nuova Editoriale S. A.", "Role": null, "Profession": "MACCHINE PER SCRIVERE - DUPLICATORI - ACCESSORI", "Additional Info": "Società immobiliare", "page_num": 400, "source_file": "page_400_semantic.csv", "section": "indice_generale", "civic_num": 1961.0, "civic_lett": null, "sestiere_parsed": "SAN MARCO", "parish_parsed": null, "sestiere_implied": false, "match_note": "Linear interpolation, dist=5.7m to nearest door", "location_cleaned": "False", "fail_reason": "number_not_in_reference", "nom_classification": "inside_venice", "nominatim_query": "San Marco, Venezia, Italy", "nominatim_flagged": false, "matched_lat": 45.433667400811565, "matched_lon": 12.332973487235057, "match_confidence": "nciv_interpolated", "geocoding_tier": 8 }, "geometry": { "type": "Point", "coordinates": [ 12.332973487235057, 45.433667400811565 ] } },
{ "type": "Feature", "properties": { "Name": "Gherardi Guido", "Address": "Cannaregio 3986", "Location": null, "Category": "Nuova Editoriale S. A.", "Role": null, "Profession": "dettaglio", "Additional Info": "alimentari", "page_num": 400, "source_file": "page_400_semantic.csv", "section": "indice_generale", "civic_num": 3986.0, "civic_lett": null, "sestiere_parsed": "CANNAREGIO", "parish_parsed": null, "sestiere_implied": false, "match_note": "Linear interpolation, dist=4.8m to nearest door", "location_cleaned": "False", "fail_reason": "number_not_in_reference", "nom_classification": "inside_venice", "nominatim_query": null, "nominatim_flagged": false, "matched_lat": 45.441185289824404, "matched_lon": 12.334565566166493, "match_confidence": "nciv_interpolated", "geocoding_tier": 8 }, "geometry": { "type": "Point", "coordinates": [ 12.334565566166493, 45.441185289824404 ] } },
{ "type": "Feature", "properties": { "Name": "Gianquinto Antonio", "Address": "S. Marco 322-3364", "Location": null, "Category": "botigli°eria", "Role": null, "Profession": null, "Additional Info": "OFFICINA RIPARAZIONI MACCHINE PER SCRIVERE", "page_num": 401, "source_file": "page_401_semantic.csv", "section": "indice_generale", "civic_num": 322.0, "civic_lett": null, "sestiere_parsed": "SAN MARCO", "parish_parsed": null, "sestiere_implied": false, "match_note": "Linear interpolation, dist=1.3m to nearest door", "location_cleaned": null, "fail_reason": "number_not_in_reference", "nom_classification": "inside_venice", "nominatim_query": null, "nominatim_flagged": false, "matched_lat": 45.435182248221302, "matched_lon": 12.340128768825638, "match_confidence": "nciv_interpolated", "geocoding_tier": 8 }, "geometry": { "type": "Point", "coordinates": [ 12.340128768825638, 45.435182248221302 ] } },
{ "type": "Feature", "properties": { "Name": "Gianquinto avv. Gio. Batta", "Address": "S. Marco 322-3364", "Location": null, "Category": "Sindaco", "Role": "Municipio", "Profession": null, "Additional Info": "OFFICINA RIPARAZIONI MACCHINE PER SCRIVERE", "page_num": 401, "source_file": "page_401_semantic.csv", "section": "indice_generale", "civic_num": 322.0, "civic_lett": null, "sestiere_parsed": "SAN MARCO", "parish_parsed": null, "sestiere_implied": false, "match_note": "Linear interpolation, dist=1.3m to nearest door", "location_cleaned": null, "fail_reason": "number_not_in_reference", "nom_classification": "inside_venice", "nominatim_query": null, "nominatim_flagged": false, "matched_lat": 45.435182248221302, "matched_lon": 12.340128768825638, "match_confidence": "nciv_interpolated", "geocoding_tier": 8 }, "geometry": { "type": "Point", "coordinates": [ 12.340128768825638, 45.435182248221302 ] } },
{ "type": "Feature", "properties": { "Name": "Giovanchini Nello", "Address": "D. Duro 1341", "Location": "decoratore e pittore", "Category": null, "Role": null, "Profession": null, "Additional Info": "OFFICINA RIPARAZIONI MACCHINE PER SCRIVERE", "page_num": 401, "source_file": "page_401_semantic.csv", "section": "indice_generale", "civic_num": 1341.0, "civic_lett": null, "sestiere_parsed": "DORSODURO", "parish_parsed": null, "sestiere_implied": false, "match_note": "Linear interpolation, dist=4.4m to nearest door", "location_cleaned": null, "fail_reason": "number_not_in_reference", "nom_classification": "inside_venice", "nominatim_query": null, "nominatim_flagged": false, "matched_lat": 45.431365355863818, "matched_lon": 12.323916565617656, "match_confidence": "nciv_interpolated", "geocoding_tier": 8 }, "geometry": { "type": "Point", "coordinates": [ 12.323916565617656, 45.431365355863818 ] } },
{ "type": "Feature", "properties": { "Name": "Giovanarchi Bruno", "Address": "D. Duro 1341, Via Cardisul 54", "Location": null, "Category": "autoriparatori", "Role": null, "Profession": null, "Additional Info": "Mestre", "page_num": 401, "source_file": "page_401_semantic.csv", "section": "indice_generale", "civic_num": 1341.0, "civic_lett": null, "sestiere_parsed": "DORSODURO", "parish_parsed": null, "sestiere_implied": false, "match_note": "Linear interpolation, dist=4.4m to nearest door", "location_cleaned": null, "fail_reason": "number_not_in_reference", "nom_classification": "inside_venice", "nominatim_query": null, "nominatim_flagged": false, "matched_lat": 45.431365355863818, "matched_lon": 12.323916565617656, "match_confidence": "nciv_interpolated", "geocoding_tier": 8 }, "geometry": { "type": "Point", "coordinates": [ 12.323916565617656, 45.431365355863818 ] } },
{ "type": "Feature", "properties": { "Name": "Giov'anni ammiraglio Giovanni", "Address": "D. Duro 1341, Via Cardisul 54", "Location": null, "Category": "Pres. della Soc", "Role": " S. Marco 153-A, ", "Profession": "dell'Unione", "Additional Info": "OFFICINA RIPARAZIONI MACCHINE PER SCRIVERE", "page_num": 401, "source_file": "page_401_semantic.csv", "section": "indice_generale", "civic_num": 1341.0, "civic_lett": null, "sestiere_parsed": "DORSODURO", "parish_parsed": null, "sestiere_implied": false, "match_note": "Linear interpolation, dist=4.4m to nearest door", "location_cleaned": null, "fail_reason": "number_not_in_reference", "nom_classification": "inside_venice", "nominatim_query": null, "nominatim_flagged": false, "matched_lat": 45.431365355863818, "matched_lon": 12.323916565617656, "match_confidence": "nciv_interpolated", "geocoding_tier": 8 }, "geometry": { "type": "Point", "coordinates": [ 12.323916565617656, 45.431365355863818 ] } },
{ "type": "Feature", "properties": { "Name": "Girolami Antonio", "Address": "D. Duro 2141", "Location": null, "Category": "Alimentari", "Role": null, "Profession": "MACCHINE PER SCRIVERE - DUPLICATORI - ACCESSORI", "Additional Info": "Det.", "page_num": 402, "source_file": "page_402_semantic.csv", "section": "indice_generale", "civic_num": 2141.0, "civic_lett": null, "sestiere_parsed": "DORSODURO", "parish_parsed": null, "sestiere_implied": false, "match_note": "Linear interpolation, dist=7.9m to nearest door", "location_cleaned": null, "fail_reason": "number_not_in_reference", "nom_classification": "inside_venice", "nominatim_query": null, "nominatim_flagged": false, "matched_lat": 45.43328055754175, "matched_lon": 12.314106691140868, "match_confidence": "nciv_interpolated", "geocoding_tier": 8 }, "geometry": { "type": "Point", "coordinates": [ 12.314106691140868, 45.43328055754175 ] } },
{ "type": "Feature", "properties": { "Name": "Giuliani Trasporti", "Address": "S. Marco 2300", "Location": null, "Category": "Trasporti", "Role": null, "Profession": "MACCHINE PER SCRIVERE - DUPLICATORI - ACCESSORI", "Additional Info": "Soc. a.r.1.", "page_num": 402, "source_file": "page_402_semantic.csv", "section": "indice_generale", "civic_num": 2300.0, "civic_lett": null, "sestiere_parsed": "SAN MARCO", "parish_parsed": null, "sestiere_implied": false, "match_note": "Linear interpolation, dist=0.4m to nearest door", "location_cleaned": null, "fail_reason": "number_not_in_reference", "nom_classification": "inside_venice", "nominatim_query": null, "nominatim_flagged": false, "matched_lat": 45.432330996783818, "matched_lon": 12.334223477693657, "match_confidence": "nciv_interpolated", "geocoding_tier": 8 }, "geometry": { "type": "Point", "coordinates": [ 12.334223477693657, 45.432330996783818 ] } },
{ "type": "Feature", "properties": { "Name": "Industria Torrone", "Address": "S. Marco 5042", "Location": null, "Category": "Nuova Editoriale S. A.", "Role": null, "Profession": null, "Additional Info": "alimentari (dett) marmeliate, afffni M.T. MA a", "page_num": 406, "source_file": "page_406_semantic.csv", "section": "indice_generale", "civic_num": 5042.0, "civic_lett": null, "sestiere_parsed": "SAN MARCO", "parish_parsed": null, "sestiere_implied": false, "match_note": "Linear interpolation, dist=2.8m to nearest door", "location_cleaned": "False", "fail_reason": "number_not_in_reference", "nom_classification": "inside_venice", "nominatim_query": null, "nominatim_flagged": false, "matched_lat": 45.437279366916052, "matched_lon": 12.336627950859272, "match_confidence": "nciv_interpolated", "geocoding_tier": 8 }, "geometry": { "type": "Point", "coordinates": [ 12.336627950859272, 45.437279366916052 ] } },
{ "type": "Feature", "properties": { "Name": "Lagomarsino Mario", "Address": "San Marco 32", "Location": null, "Category": "(ANPI)", "Role": null, "Profession": "Amministratore", "Additional Info": "Impresa Lavori Navali ed Affini Soc. An.", "page_num": 408, "source_file": "page_408_semantic.csv", "section": "indice_generale", "civic_num": 32.0, "civic_lett": null, "sestiere_parsed": "SAN MARCO", "parish_parsed": null, "sestiere_implied": false, "match_note": "Linear interpolation, dist=2.1m to nearest door", "location_cleaned": null, "fail_reason": "number_not_in_reference", "nom_classification": "inside_venice", "nominatim_query": null, "nominatim_flagged": false, "matched_lat": 45.43388705049081, "matched_lon": 12.339127530630687, "match_confidence": "nciv_interpolated", "geocoding_tier": 8 }, "geometry": { "type": "Point", "coordinates": [ 12.339127530630687, 45.43388705049081 ] } },
{ "type": "Feature", "properties": { "Name": "La Serenissima Manifatture e affini", "Address": " Cann. 200", "Location": null, "Category": "ORGANIZATION", "Role": null, "Profession": " filati e affini", "Additional Info": "Mercerie", "page_num": 409, "source_file": "page_409_semantic.csv", "section": "indice_generale", "civic_num": 200.0, "civic_lett": null, "sestiere_parsed": "CANNAREGIO", "parish_parsed": null, "sestiere_implied": false, "match_note": "Linear interpolation, dist=5.8m to nearest door", "location_cleaned": "False", "fail_reason": "number_not_in_reference", "nom_classification": "inside_venice", "nominatim_query": null, "nominatim_flagged": false, "matched_lat": 45.44212678772211, "matched_lon": 12.324287550592684, "match_confidence": "nciv_interpolated", "geocoding_tier": 8 }, "geometry": { "type": "Point", "coordinates": [ 12.324287550592684, 45.44212678772211 ] } },
{ "type": "Feature", "properties": { "Name": "Lazzari Romeo", "Address": "San Polo 5068", "Location": null, "Category": "Fiori piante e sementi", "Role": null, "Profession": null, "Additional Info": "Colletlico Italialee", "page_num": 409, "source_file": "page_409_semantic.csv", "section": "indice_generale", "civic_num": 5068.0, "civic_lett": null, "sestiere_parsed": "SAN POLO", "parish_parsed": null, "sestiere_implied": false, "match_note": "Linear interpolation, dist=2.3m to nearest door", "location_cleaned": "False", "fail_reason": "number_not_in_reference", "nom_classification": "inside_venice", "nominatim_query": null, "nominatim_flagged": false, "matched_lat": 45.437823138080461, "matched_lon": 12.334696030801929, "match_confidence": "nciv_interpolated", "geocoding_tier": 8 }, "geometry": { "type": "Point", "coordinates": [ 12.334696030801929, 45.437823138080461 ] } },
{ "type": "Feature", "properties": { "Name": "Lebrero Bruno", "Address": "S. Marco 4316", "Location": null, "Category": "ORGANIZATION", "Role": null, "Profession": null, "Additional Info": "medicina generale", "page_num": 410, "source_file": "page_410_semantic.csv", "section": "indice_generale", "civic_num": 4316.0, "civic_lett": null, "sestiere_parsed": "SAN MARCO", "parish_parsed": null, "sestiere_implied": false, "match_note": "Linear interpolation, dist=2.4m to nearest door", "location_cleaned": null, "fail_reason": "number_not_in_reference", "nom_classification": "inside_venice", "nominatim_query": null, "nominatim_flagged": false, "matched_lat": 45.435122486225602, "matched_lon": 12.33473261092564, "match_confidence": "nciv_interpolated", "geocoding_tier": 8 }, "geometry": { "type": "Point", "coordinates": [ 12.33473261092564, 45.435122486225602 ] } },
{ "type": "Feature", "properties": { "Name": "Libreria Antiquaria editrice «La borsa del Libro»", "Address": "S. Marco numero 323", "Location": null, "Category": null, "Role": null, "Profession": null, "Additional Info": "DITTA J. NIELLO", "page_num": 411, "source_file": "page_411_semantic.csv", "section": "indice_generale", "civic_num": 323.0, "civic_lett": null, "sestiere_parsed": "SAN MARCO", "parish_parsed": null, "sestiere_implied": false, "match_note": "Linear interpolation, dist=1.8m to nearest door", "location_cleaned": null, "fail_reason": "number_not_in_reference", "nom_classification": "inside_venice", "nominatim_query": "San Marco, Venezia, Italy", "nominatim_flagged": false, "matched_lat": 45.435183615753942, "matched_lon": 12.340134143487626, "match_confidence": "nciv_interpolated", "geocoding_tier": 8 }, "geometry": { "type": "Point", "coordinates": [ 12.340134143487626, 45.435183615753942 ] } },
{ "type": "Feature", "properties": { "Name": "Lorcedan Ing.", "Address": "Dorsoduro numero 3450", "Location": "cantine", "Category": "Costruzioni mercante", "Role": null, "Profession": "industria", "Additional Info": "Via Malamocco 97", "page_num": 412, "source_file": "page_412_semantic.csv", "section": "indice_generale", "civic_num": 3450.0, "civic_lett": null, "sestiere_parsed": "DORSODURO", "parish_parsed": null, "sestiere_implied": false, "match_note": "Linear interpolation, dist=8.3m to nearest door", "location_cleaned": null, "fail_reason": "number_not_in_reference", "nom_classification": "inside_venice", "nominatim_query": null, "nominatim_flagged": false, "matched_lat": 45.434539786600503, "matched_lon": 12.322853554640274, "match_confidence": "nciv_interpolated", "geocoding_tier": 8 }, "geometry": { "type": "Point", "coordinates": [ 12.322853554640274, 45.434539786600503 ] } },
{ "type": "Feature", "properties": { "Name": "MAGICAL", "Address": "S. Marco 2292", "Location": "cantine", "Category": "Mosaici Articoli Gres Industriali Ceramiche Aprile Lavorate", "Role": null, "Profession": "industria", "Additional Info": "Soc. a r. l. ceramica", "page_num": 413, "source_file": "page_413_semantic.csv", "section": "indice_generale", "civic_num": 2292.0, "civic_lett": null, "sestiere_parsed": "SAN MARCO", "parish_parsed": null, "sestiere_implied": false, "match_note": "Linear interpolation, dist=2.2m to nearest door", "location_cleaned": null, "fail_reason": "number_not_in_reference", "nom_classification": "inside_venice", "nominatim_query": "Sestiere San Marco, Venezia, Italy", "nominatim_flagged": false, "matched_lat": 45.432541746047008, "matched_lon": 12.33416887041602, "match_confidence": "nciv_interpolated", "geocoding_tier": 8 }, "geometry": { "type": "Point", "coordinates": [ 12.33416887041602, 45.432541746047008 ] } },
{ "type": "Feature", "properties": { "Name": "Magni Leonardo", "Address": "S. Marco 2292", "Location": "cantine", "Category": "Stazione A.", "Role": null, "Profession": "ag. capo Stazione Marittima", "Additional Info": "Direzione S. Lucia", "page_num": 413, "source_file": "page_413_semantic.csv", "section": "indice_generale", "civic_num": 2292.0, "civic_lett": null, "sestiere_parsed": "SAN MARCO", "parish_parsed": null, "sestiere_implied": false, "match_note": "Linear interpolation, dist=2.2m to nearest door", "location_cleaned": null, "fail_reason": "number_not_in_reference", "nom_classification": "inside_venice", "nominatim_query": "Sestiere San Marco, Venezia, Italy", "nominatim_flagged": false, "matched_lat": 45.432541746047008, "matched_lon": 12.33416887041602, "match_confidence": "nciv_interpolated", "geocoding_tier": 8 }, "geometry": { "type": "Point", "coordinates": [ 12.33416887041602, 45.432541746047008 ] } },
{ "type": "Feature", "properties": { "Name": "Mamanna d. Giuseppe", "Address": "S. Angelo 3553", "Location": "cantine", "Category": "dirett. uff. distrett. delle Imposte Dirette", "Role": null, "Profession": "industria", "Additional Info": "Fondata nel 1877, Tel: 23-432", "page_num": 414, "source_file": "page_414_semantic.csv", "section": "indice_generale", "civic_num": 3553.0, "civic_lett": null, "sestiere_parsed": "SAN MARCO", "parish_parsed": "L'Angelo", "sestiere_implied": true, "match_note": "Linear interpolation, dist=6.4m to nearest door", "location_cleaned": null, "fail_reason": "number_not_in_reference", "nom_classification": "inside_venice", "nominatim_query": null, "nominatim_flagged": false, "matched_lat": 45.433838335356803, "matched_lon": 12.331973342959746, "match_confidence": "nciv_interpolated", "geocoding_tier": 8 }, "geometry": { "type": "Point", "coordinates": [ 12.331973342959746, 45.433838335356803 ] } },
{ "type": "Feature", "properties": { "Name": "Marafatto Regina", "Address": "Cannaregio 2298", "Location": "cantine", "Category": "latteria", "Role": null, "Profession": "industria", "Additional Info": "Fondata nel 1877, Tel: 23-432", "page_num": 415, "source_file": "page_415_semantic.csv", "section": "indice_generale", "civic_num": 2298.0, "civic_lett": null, "sestiere_parsed": "CANNAREGIO", "parish_parsed": null, "sestiere_implied": false, "match_note": "Linear interpolation, dist=9.6m to nearest door", "location_cleaned": null, "fail_reason": "number_not_in_reference", "nom_classification": "inside_venice", "nominatim_query": null, "nominatim_flagged": false, "matched_lat": 45.442749955152657, "matched_lon": 12.332488433288992, "match_confidence": "nciv_interpolated", "geocoding_tier": 8 }, "geometry": { "type": "Point", "coordinates": [ 12.332488433288992, 45.442749955152657 ] } },
{ "type": "Feature", "properties": { "Name": "Marafatti Giovanni", "Address": "Cannaregio 2298, S. Tomà 2826", "Location": "cantine", "Category": "Affitti Appartamenti", "Role": null, "Profession": "industria", "Additional Info": "ing.", "page_num": 415, "source_file": "page_415_semantic.csv", "section": "indice_generale", "civic_num": 2298.0, "civic_lett": null, "sestiere_parsed": "CANNAREGIO", "parish_parsed": null, "sestiere_implied": false, "match_note": "Linear interpolation, dist=9.6m to nearest door", "location_cleaned": null, "fail_reason": "number_not_in_reference", "nom_classification": "inside_venice", "nominatim_query": null, "nominatim_flagged": false, "matched_lat": 45.442749955152657, "matched_lon": 12.332488433288992, "match_confidence": "nciv_interpolated", "geocoding_tier": 8 }, "geometry": { "type": "Point", "coordinates": [ 12.332488433288992, 45.442749955152657 ] } },
{ "type": "Feature", "properties": { "Name": "Marchiori Elvira", "Address": "Castello 87-A", "Location": "Venezia", "Category": null, "Role": null, "Profession": null, "Additional Info": "sarta", "page_num": 416, "source_file": "page_416_semantic.csv", "section": "indice_generale", "civic_num": 87.0, "civic_lett": "A", "sestiere_parsed": "CASTELLO", "parish_parsed": null, "sestiere_implied": false, "match_note": "Linear interpolation, dist=8.5m to nearest door", "location_cleaned": "False", "fail_reason": "number_not_in_reference", "nom_classification": "inside_venice", "nominatim_query": null, "nominatim_flagged": false, "matched_lat": 45.434757129131441, "matched_lon": 12.357447910004163, "match_confidence": "nciv_interpolated", "geocoding_tier": 8 }, "geometry": { "type": "Point", "coordinates": [ 12.357447910004163, 45.434757129131441 ] } },
{ "type": "Feature", "properties": { "Name": "Marofrio Bartolomeo di Nino Banci", "Address": "S. Marco 5029-5108", "Location": "Venezia", "Category": null, "Role": " articoli da viaggio ombrelli,  articoli sportivi, ", "Profession": " pelletterie", "Additional Info": "valigeria", "page_num": 416, "source_file": "page_416_semantic.csv", "section": "indice_generale", "civic_num": 5029.0, "civic_lett": null, "sestiere_parsed": "SAN MARCO", "parish_parsed": null, "sestiere_implied": false, "match_note": "Linear interpolation, dist=2.9m to nearest door", "location_cleaned": "False", "fail_reason": "number_not_in_reference", "nom_classification": "inside_venice", "nominatim_query": null, "nominatim_flagged": false, "matched_lat": 45.436910818482971, "matched_lon": 12.336604289956631, "match_confidence": "nciv_interpolated", "geocoding_tier": 8 }, "geometry": { "type": "Point", "coordinates": [ 12.336604289956631, 45.436910818482971 ] } },
{ "type": "Feature", "properties": { "Name": "Margotto dr. Giuseppe", "Address": "S. Marco 5029-5108", "Location": "Venezia", "Category": null, "Role": null, "Profession": "monista", "Additional Info": "Ospedale Civile", "page_num": 416, "source_file": "page_416_semantic.csv", "section": "indice_generale", "civic_num": 5029.0, "civic_lett": null, "sestiere_parsed": "SAN MARCO", "parish_parsed": null, "sestiere_implied": false, "match_note": "Linear interpolation, dist=2.9m to nearest door", "location_cleaned": "False", "fail_reason": "number_not_in_reference", "nom_classification": "inside_venice", "nominatim_query": null, "nominatim_flagged": false, "matched_lat": 45.436910818482971, "matched_lon": 12.336604289956631, "match_confidence": "nciv_interpolated", "geocoding_tier": 8 }, "geometry": { "type": "Point", "coordinates": [ 12.336604289956631, 45.436910818482971 ] } },
{ "type": "Feature", "properties": { "Name": "Marinetti Giovanni", "Address": "D. Duro 239", "Location": "Venezia", "Category": null, "Role": null, "Profession": null, "Additional Info": "mosaici", "page_num": 416, "source_file": "page_416_semantic.csv", "section": "indice_generale", "civic_num": 239.0, "civic_lett": null, "sestiere_parsed": "DORSODURO", "parish_parsed": null, "sestiere_implied": false, "match_note": "Linear interpolation, dist=1.7m to nearest door", "location_cleaned": "False", "fail_reason": "number_not_in_reference", "nom_classification": "inside_venice", "nominatim_query": null, "nominatim_flagged": false, "matched_lat": 45.429541537761821, "matched_lon": 12.333142455214118, "match_confidence": "nciv_interpolated", "geocoding_tier": 8 }, "geometry": { "type": "Point", "coordinates": [ 12.333142455214118, 45.429541537761821 ] } },
{ "type": "Feature", "properties": { "Name": "Mazzuca cav. Giuseppe", "Address": "Fond. Cannaregio, 970", "Location": "Palazzo Sur-rian", "Category": null, "Role": null, "Profession": null, "Additional Info": "Premiata Sugherificio Veneto", "page_num": 419, "source_file": "page_419_semantic.csv", "section": "indice_generale", "civic_num": 970.0, "civic_lett": null, "sestiere_parsed": "CANNAREGIO", "parish_parsed": null, "sestiere_implied": false, "match_note": "Linear interpolation, dist=1.9m to nearest door", "location_cleaned": "False", "fail_reason": "number_not_in_reference", "nom_classification": "inside_venice", "nominatim_query": "Palazzo Sur-rian, Venezia, Italy", "nominatim_flagged": false, "matched_lat": 45.445402329041656, "matched_lon": 12.321687062834924, "match_confidence": "nciv_interpolated", "geocoding_tier": 8 }, "geometry": { "type": "Point", "coordinates": [ 12.321687062834924, 45.445402329041656 ] } },
{ "type": "Feature", "properties": { "Name": "Mazzocco Romano", "Address": "Cannaregio 970", "Location": "Venezia", "Category": null, "Role": null, "Profession": null, "Additional Info": "perle specialità veneziane", "page_num": 419, "source_file": "page_419_semantic.csv", "section": "indice_generale", "civic_num": 970.0, "civic_lett": null, "sestiere_parsed": "CANNAREGIO", "parish_parsed": null, "sestiere_implied": false, "match_note": "Linear interpolation, dist=1.9m to nearest door", "location_cleaned": "False", "fail_reason": "number_not_in_reference", "nom_classification": "inside_venice", "nominatim_query": null, "nominatim_flagged": false, "matched_lat": 45.445402329041656, "matched_lon": 12.321687062834924, "match_confidence": "nciv_interpolated", "geocoding_tier": 8 }, "geometry": { "type": "Point", "coordinates": [ 12.321687062834924, 45.445402329041656 ] } },
{ "type": "Feature", "properties": { "Name": "AGENZIA P. BORTOLUZZI", "Address": "Cannaregio 970", "Location": "Venezia", "Category": "AFFITTI-APPARTAMENTI CASE", "Role": null, "Profession": null, "Additional Info": "FONDATA NEL 1917 | S. Lucia", "page_num": 419, "source_file": "page_419_semantic.csv", "section": "indice_generale", "civic_num": 970.0, "civic_lett": null, "sestiere_parsed": "CANNAREGIO", "parish_parsed": null, "sestiere_implied": false, "match_note": "Linear interpolation, dist=1.9m to nearest door", "location_cleaned": "False", "fail_reason": "number_not_in_reference", "nom_classification": "inside_venice", "nominatim_query": null, "nominatim_flagged": false, "matched_lat": 45.445402329041656, "matched_lon": 12.321687062834924, "match_confidence": "nciv_interpolated", "geocoding_tier": 8 }, "geometry": { "type": "Point", "coordinates": [ 12.321687062834924, 45.445402329041656 ] } },
{ "type": "Feature", "properties": { "Name": "Meneghetti Pietro", "Address": "Cannaregio 2688", "Location": "Venezia", "Category": "Alimentari", "Role": null, "Profession": null, "Additional Info": "dett.", "page_num": 420, "source_file": "page_420_semantic.csv", "section": "indice_generale", "civic_num": 2688.0, "civic_lett": null, "sestiere_parsed": "CANNAREGIO", "parish_parsed": null, "sestiere_implied": false, "match_note": "Linear interpolation, dist=4.9m to nearest door", "location_cleaned": "False", "fail_reason": "number_not_in_reference", "nom_classification": "inside_venice", "nominatim_query": null, "nominatim_flagged": false, "matched_lat": 45.445405489854849, "matched_lon": 12.329066932036811, "match_confidence": "nciv_interpolated", "geocoding_tier": 8 }, "geometry": { "type": "Point", "coordinates": [ 12.329066932036811, 45.445405489854849 ] } },
{ "type": "Feature", "properties": { "Name": "Meneghetti Pietro fu Angelo", "Address": "Castello 3171, S. Polo 3034", "Location": "Venezia", "Category": "Alimentari", "Role": null, "Profession": null, "Additional Info": "dett.", "page_num": 420, "source_file": "page_420_semantic.csv", "section": "indice_generale", "civic_num": 3171.0, "civic_lett": null, "sestiere_parsed": "SAN POLO", "parish_parsed": null, "sestiere_implied": false, "match_note": "Linear interpolation, dist=6.9m to nearest door", "location_cleaned": "False", "fail_reason": "number_not_in_reference", "nom_classification": "inside_venice", "nominatim_query": null, "nominatim_flagged": false, "matched_lat": 45.436249654346561, "matched_lon": 12.325711977341379, "match_confidence": "nciv_interpolated", "geocoding_tier": 8 }, "geometry": { "type": "Point", "coordinates": [ 12.325711977341379, 45.436249654346561 ] } },
{ "type": "Feature", "properties": { "Name": "Metano Pesca di Mario Boni e C. Soc. a r. l.", "Address": "S. Marco 779", "Location": "Venezia", "Category": "pesce (ingrosso)", "Role": null, "Profession": null, "Additional Info": "Soc. a r. l.", "page_num": 421, "source_file": "page_421_semantic.csv", "section": "indice_generale", "civic_num": 779.0, "civic_lett": null, "sestiere_parsed": "SAN MARCO", "parish_parsed": null, "sestiere_implied": false, "match_note": "Linear interpolation, dist=2.6m to nearest door", "location_cleaned": "False", "fail_reason": "number_not_in_reference", "nom_classification": "inside_venice", "nominatim_query": null, "nominatim_flagged": false, "matched_lat": 45.435727704088869, "matched_lon": 12.338074217331704, "match_confidence": "nciv_interpolated", "geocoding_tier": 8 }, "geometry": { "type": "Point", "coordinates": [ 12.338074217331704, 45.435727704088869 ] } },
{ "type": "Feature", "properties": { "Name": "Missaglia Marco fu Antonio", "Address": "Isola dei Vignole, S. Pietro di Castello 86", "Location": "barbiere", "Category": "impresa edile e appalti vari", "Role": null, "Profession": null, "Additional Info": " materiale pe: costruzioni edilizie", "page_num": 422, "source_file": "page_422_semantic.csv", "section": "indice_generale", "civic_num": 86.0, "civic_lett": null, "sestiere_parsed": "CASTELLO", "parish_parsed": "San Pietro", "sestiere_implied": false, "match_note": "Linear interpolation, dist=7.6m to nearest door", "location_cleaned": null, "fail_reason": "number_not_in_reference", "nom_classification": "inside_venice", "nominatim_query": "Isola delle Vignole, Venezia, Italy", "nominatim_flagged": false, "matched_lat": 45.434728594680642, "matched_lon": 12.357456822608084, "match_confidence": "nciv_interpolated", "geocoding_tier": 8 }, "geometry": { "type": "Point", "coordinates": [ 12.357456822608084, 45.434728594680642 ] } },
{ "type": "Feature", "properties": { "Name": "Molin Luigi & C.", "Address": "D. Duro 403", "Location": "Via XXII Marzo", "Category": null, "Role": null, "Profession": "Tutti i prodotti ZAMPIRONI INSETTIFUGHI di massima fiducia", "Additional Info": "fornace da calce e laterizi", "page_num": 423, "source_file": "page_423_semantic.csv", "section": "indice_generale", "civic_num": 403.0, "civic_lett": null, "sestiere_parsed": "DORSODURO", "parish_parsed": null, "sestiere_implied": false, "match_note": "Linear interpolation, dist=4.5m to nearest door", "location_cleaned": null, "fail_reason": "number_not_in_reference", "nom_classification": "inside_venice", "nominatim_query": "Fondamenta del Duca D'Aosta, Venezia, Italy", "nominatim_flagged": false, "matched_lat": 45.428593633956226, "matched_lon": 12.331377843531293, "match_confidence": "nciv_interpolated", "geocoding_tier": 8 }, "geometry": { "type": "Point", "coordinates": [ 12.331377843531293, 45.428593633956226 ] } },
{ "type": "Feature", "properties": { "Name": "Mantalto Giovanni", "Address": "S. Marco 5314", "Location": null, "Category": "avv.", "Role": null, "Profession": "Tutti i prodotti ZAMPIRONI INSETTIFUGHI di massima fiducia", "Additional Info": "RAZIONI MACCHINE PER SCRIVERE \"d u s e\"", "page_num": 424, "source_file": "page_424_semantic.csv", "section": "indice_generale", "civic_num": 5314.0, "civic_lett": null, "sestiere_parsed": "SAN MARCO", "parish_parsed": null, "sestiere_implied": false, "match_note": "Linear interpolation, dist=5.1m to nearest door", "location_cleaned": null, "fail_reason": "number_not_in_reference", "nom_classification": "inside_venice", "nominatim_query": null, "nominatim_flagged": false, "matched_lat": 45.437731896016508, "matched_lon": 12.336635572709286, "match_confidence": "nciv_interpolated", "geocoding_tier": 8 }, "geometry": { "type": "Point", "coordinates": [ 12.336635572709286, 45.437731896016508 ] } },
{ "type": "Feature", "properties": { "Name": "Montesco Giovanni in Bernardo", "Address": "Castello 5829", "Location": null, "Category": "elettricista e idraulico", "Role": null, "Profession": "Tutti i prodotti ZAMPIRONI INSETTIFUGHI di massima fiducia", "Additional Info": "RAZIONI MACCHINE PER SCRIVERE \"d u s e\"", "page_num": 424, "source_file": "page_424_semantic.csv", "section": "indice_generale", "civic_num": 5829.0, "civic_lett": null, "sestiere_parsed": "CASTELLO", "parish_parsed": null, "sestiere_implied": false, "match_note": "Linear interpolation, dist=6.4m to nearest door", "location_cleaned": null, "fail_reason": "number_not_in_reference", "nom_classification": "inside_venice", "nominatim_query": null, "nominatim_flagged": false, "matched_lat": 45.436771416160532, "matched_lon": 12.340257127645485, "match_confidence": "nciv_interpolated", "geocoding_tier": 8 }, "geometry": { "type": "Point", "coordinates": [ 12.340257127645485, 45.436771416160532 ] } },
{ "type": "Feature", "properties": { "Name": "Mora Andrea", "Address": "San Marco 394", "Location": null, "Category": "trattoria", "Role": null, "Profession": "Tutti i prodotti ZAMPIRONI INSETTIFUGHI di massima fiducia", "Additional Info": "RAZIONI MACCHINE PER SCRIVERE \"d u s e\"", "page_num": 424, "source_file": "page_424_semantic.csv", "section": "indice_generale", "civic_num": 394.0, "civic_lett": null, "sestiere_parsed": "SAN MARCO", "parish_parsed": null, "sestiere_implied": false, "match_note": "Linear interpolation, dist=3.8m to nearest door", "location_cleaned": null, "fail_reason": "number_not_in_reference", "nom_classification": "inside_venice", "nominatim_query": null, "nominatim_flagged": false, "matched_lat": 45.435655303663154, "matched_lon": 12.340135149122446, "match_confidence": "nciv_interpolated", "geocoding_tier": 8 }, "geometry": { "type": "Point", "coordinates": [ 12.340135149122446, 45.435655303663154 ] } },
{ "type": "Feature", "properties": { "Name": "Morassi Lidio fu Giovanni", "Address": "Castello 5829", "Location": null, "Category": "elettricista e idraulico", "Role": null, "Profession": "Tutti i prodotti ZAMPIRONI INSETTIFUGHI di massima fiducia", "Additional Info": "RAZIONI MACCHINE PER SCRIVERE \"d u s e\"", "page_num": 424, "source_file": "page_424_semantic.csv", "section": "indice_generale", "civic_num": 5829.0, "civic_lett": null, "sestiere_parsed": "CASTELLO", "parish_parsed": null, "sestiere_implied": false, "match_note": "Linear interpolation, dist=6.4m to nearest door", "location_cleaned": null, "fail_reason": "number_not_in_reference", "nom_classification": "inside_venice", "nominatim_query": null, "nominatim_flagged": false, "matched_lat": 45.436771416160532, "matched_lon": 12.340257127645485, "match_confidence": "nciv_interpolated", "geocoding_tier": 8 }, "geometry": { "type": "Point", "coordinates": [ 12.340257127645485, 45.436771416160532 ] } },
{ "type": "Feature", "properties": { "Name": "Munai-ina guido", "Address": "Cann. 611", "Location": null, "Category": "Vini (grossista), liquori (fabbrica & deposito)", "Role": null, "Profession": "Tutti i prodotti ZAMPIRONI INSETTIFUGHI di massima fiducia", "Additional Info": "RAZIONI MACCHINE PER SCRIVERE \"d u s e\"", "page_num": 425, "source_file": "page_425_semantic.csv", "section": "indice_generale", "civic_num": 611.0, "civic_lett": null, "sestiere_parsed": "CANNAREGIO", "parish_parsed": null, "sestiere_implied": false, "match_note": "Linear interpolation, dist=0.3m to nearest door", "location_cleaned": "False", "fail_reason": "number_not_in_reference", "nom_classification": "inside_venice", "nominatim_query": null, "nominatim_flagged": false, "matched_lat": 45.445132761406029, "matched_lon": 12.321267085161116, "match_confidence": "nciv_interpolated", "geocoding_tier": 8 }, "geometry": { "type": "Point", "coordinates": [ 12.321267085161116, 45.445132761406029 ] } },
{ "type": "Feature", "properties": { "Name": "ZAGO F.LLI", "Address": "VENEZIA - S. Polo, 4078 - Telefono 2455 3455", "Location": null, "Category": "Ritocchi artistici - Lavori industriali - Reparto eliocinografico - vendita materiale fotocenematicografico", "Role": null, "Profession": "Tutti i prodotti ZAMPIRONI INSETTIFUGHI di massima fiducia", "Additional Info": "RAZIONI MACCHINE PER SCRIVERE \"d u s e\"", "page_num": 428, "source_file": "page_428_semantic.csv", "section": "indice_generale", "civic_num": 4078.0, "civic_lett": null, "sestiere_parsed": "SAN POLO", "parish_parsed": null, "sestiere_implied": false, "match_note": "Linear interpolation, dist=8.1m to nearest door", "location_cleaned": null, "fail_reason": "number_not_in_reference", "nom_classification": "inside_venice", "nominatim_query": null, "nominatim_flagged": false, "matched_lat": 45.437002060548991, "matched_lon": 12.330007396938443, "match_confidence": "nciv_interpolated", "geocoding_tier": 8 }, "geometry": { "type": "Point", "coordinates": [ 12.330007396938443, 45.437002060548991 ] } },
{ "type": "Feature", "properties": { "Name": "Nordio Emilia", "Address": "VENEZIA - S. Polo, 4078 - Telefono 2455 3455", "Location": null, "Category": "Consigliere Municipale", "Role": null, "Profession": "Tutti i prodotti ZAMPIRONI INSETTIFUGHI di massima fiducia", "Additional Info": "RAZIONI MACCHINE PER SCRIVERE \"d u s e\"", "page_num": 428, "source_file": "page_428_semantic.csv", "section": "indice_generale", "civic_num": 4078.0, "civic_lett": null, "sestiere_parsed": "SAN POLO", "parish_parsed": null, "sestiere_implied": false, "match_note": "Linear interpolation, dist=8.1m to nearest door", "location_cleaned": null, "fail_reason": "number_not_in_reference", "nom_classification": "inside_venice", "nominatim_query": null, "nominatim_flagged": false, "matched_lat": 45.437002060548991, "matched_lon": 12.330007396938443, "match_confidence": "nciv_interpolated", "geocoding_tier": 8 }, "geometry": { "type": "Point", "coordinates": [ 12.330007396938443, 45.437002060548991 ] } },
{ "type": "Feature", "properties": { "Name": "Nordio G. Frandi", "Address": "VENEZIA - S. Polo, 4078 - Telefono 2455 3455", "Location": null, "Category": "commercialista", "Role": null, "Profession": "Tutti i prodotti ZAMPIRONI INSETTIFUGHI di massima fiducia", "Additional Info": "RAZIONI MACCHINE PER SCRIVERE \"d u s e\"", "page_num": 428, "source_file": "page_428_semantic.csv", "section": "indice_generale", "civic_num": 4078.0, "civic_lett": null, "sestiere_parsed": "SAN POLO", "parish_parsed": null, "sestiere_implied": false, "match_note": "Linear interpolation, dist=8.1m to nearest door", "location_cleaned": null, "fail_reason": "number_not_in_reference", "nom_classification": "inside_venice", "nominatim_query": null, "nominatim_flagged": false, "matched_lat": 45.437002060548991, "matched_lon": 12.330007396938443, "match_confidence": "nciv_interpolated", "geocoding_tier": 8 }, "geometry": { "type": "Point", "coordinates": [ 12.330007396938443, 45.437002060548991 ] } },
{ "type": "Feature", "properties": { "Name": "Palma Luigi", "Address": "Dorsoduro numero 1646", "Location": "Via XXII Marzo", "Category": "Paganotto Elsa", "Role": null, "Profession": null, "Additional Info": "carbone e legna (dettaglio)", "page_num": 431, "source_file": "page_431_semantic.csv", "section": "indice_generale", "civic_num": 1646.0, "civic_lett": null, "sestiere_parsed": "DORSODURO", "parish_parsed": null, "sestiere_implied": false, "match_note": "Linear interpolation, dist=9.8m to nearest door", "location_cleaned": null, "fail_reason": "number_not_in_reference", "nom_classification": "inside_venice", "nominatim_query": null, "nominatim_flagged": false, "matched_lat": 45.431410516616666, "matched_lon": 12.320586945876297, "match_confidence": "nciv_interpolated", "geocoding_tier": 8 }, "geometry": { "type": "Point", "coordinates": [ 12.320586945876297, 45.431410516616666 ] } },
{ "type": "Feature", "properties": { "Name": "Palmuth Gaetano", "Address": "S. Angelo 3553", "Location": "Via XXII Marzo", "Category": "Paganotto Elsa", "Role": null, "Profession": " Atti giud. e conlesso governativo", "Additional Info": "proc. dello uff. Registro", "page_num": 431, "source_file": "page_431_semantic.csv", "section": "indice_generale", "civic_num": 3553.0, "civic_lett": null, "sestiere_parsed": "SAN MARCO", "parish_parsed": "L'Angelo", "sestiere_implied": true, "match_note": "Linear interpolation, dist=6.4m to nearest door", "location_cleaned": null, "fail_reason": "number_not_in_reference", "nom_classification": "inside_venice", "nominatim_query": null, "nominatim_flagged": false, "matched_lat": 45.433838335356803, "matched_lon": 12.331973342959746, "match_confidence": "nciv_interpolated", "geocoding_tier": 8 }, "geometry": { "type": "Point", "coordinates": [ 12.331973342959746, 45.433838335356803 ] } },
{ "type": "Feature", "properties": { "Name": "Panfilo ing. Giuseppe", "Address": "S. Marco 1368", "Location": "dr. Giulio", "Category": "Olimpia Film", "Role": null, "Profession": "aggiusta maturittima rimorchiatore", "Additional Info": "armatore", "page_num": 432, "source_file": "page_432_semantic.csv", "section": "indice_generale", "civic_num": 1368.0, "civic_lett": null, "sestiere_parsed": "SAN MARCO", "parish_parsed": null, "sestiere_implied": false, "match_note": "Linear interpolation, dist=4.9m to nearest door", "location_cleaned": "False", "fail_reason": "number_not_in_reference", "nom_classification": "inside_venice", "nominatim_query": null, "nominatim_flagged": false, "matched_lat": 45.432608919058531, "matched_lon": 12.336568058890309, "match_confidence": "nciv_interpolated", "geocoding_tier": 8 }, "geometry": { "type": "Point", "coordinates": [ 12.336568058890309, 45.432608919058531 ] } },
{ "type": "Feature", "properties": { "Name": "Panisson Bruno", "Address": "Cannaregio 200", "Location": "dr. Giulio", "Category": "Olimpia Film", "Role": null, "Profession": null, "Additional Info": "macelleria", "page_num": 432, "source_file": "page_432_semantic.csv", "section": "indice_generale", "civic_num": 200.0, "civic_lett": null, "sestiere_parsed": "CANNAREGIO", "parish_parsed": null, "sestiere_implied": false, "match_note": "Linear interpolation, dist=5.8m to nearest door", "location_cleaned": "False", "fail_reason": "number_not_in_reference", "nom_classification": "inside_venice", "nominatim_query": null, "nominatim_flagged": false, "matched_lat": 45.44212678772211, "matched_lon": 12.324287550592684, "match_confidence": "nciv_interpolated", "geocoding_tier": 8 }, "geometry": { "type": "Point", "coordinates": [ 12.324287550592684, 45.44212678772211 ] } },
{ "type": "Feature", "properties": { "Name": "Paronuzzi F.lli", "Address": "Cann. 593-3843", "Location": "dr. Giulio", "Category": "Olimpia Film", "Role": null, "Profession": null, "Additional Info": "panificio", "page_num": 432, "source_file": "page_432_semantic.csv", "section": "indice_generale", "civic_num": 593.0, "civic_lett": null, "sestiere_parsed": "CANNAREGIO", "parish_parsed": null, "sestiere_implied": false, "match_note": "Linear interpolation, dist=2.2m to nearest door", "location_cleaned": "False", "fail_reason": "number_not_in_reference", "nom_classification": "inside_venice", "nominatim_query": null, "nominatim_flagged": false, "matched_lat": 45.445116876325912, "matched_lon": 12.321297731711548, "match_confidence": "nciv_interpolated", "geocoding_tier": 8 }, "geometry": { "type": "Point", "coordinates": [ 12.321297731711548, 45.445116876325912 ] } },
{ "type": "Feature", "properties": { "Name": "Paresi Giovanna", "Address": "Cann. 593-3843", "Location": "dr. Giulio", "Category": "Olimpia Film", "Role": null, "Profession": null, "Additional Info": "macelleria | Macello, Cominale", "page_num": 432, "source_file": "page_432_semantic.csv", "section": "indice_generale", "civic_num": 593.0, "civic_lett": null, "sestiere_parsed": "CANNAREGIO", "parish_parsed": null, "sestiere_implied": false, "match_note": "Linear interpolation, dist=2.2m to nearest door", "location_cleaned": "False", "fail_reason": "number_not_in_reference", "nom_classification": "inside_venice", "nominatim_query": null, "nominatim_flagged": false, "matched_lat": 45.445116876325912, "matched_lon": 12.321297731711548, "match_confidence": "nciv_interpolated", "geocoding_tier": 8 }, "geometry": { "type": "Point", "coordinates": [ 12.321297731711548, 45.445116876325912 ] } },
{ "type": "Feature", "properties": { "Name": "Parolari Diogene", "Address": "S. Marco 549", "Location": "dr. Giulio", "Category": "spedizioni e trasporti", "Role": null, "Profession": null, "Additional Info": "S. A.", "page_num": 432, "source_file": "page_432_semantic.csv", "section": "indice_generale", "civic_num": 549.0, "civic_lett": null, "sestiere_parsed": "SAN MARCO", "parish_parsed": null, "sestiere_implied": false, "match_note": "Linear interpolation, dist=4.0m to nearest door", "location_cleaned": "False", "fail_reason": "number_not_in_reference", "nom_classification": "inside_venice", "nominatim_query": null, "nominatim_flagged": false, "matched_lat": 45.436396149856087, "matched_lon": 12.338464748675516, "match_confidence": "nciv_interpolated", "geocoding_tier": 8 }, "geometry": { "type": "Point", "coordinates": [ 12.338464748675516, 45.436396149856087 ] } },
{ "type": "Feature", "properties": { "Name": "Pasquazza Attilio", "Address": "S. Polo 1201", "Location": "dr. Giulio", "Category": "Olimpia Film", "Role": null, "Profession": null, "Additional Info": "mobili (negozio)", "page_num": 433, "source_file": "page_433_semantic.csv", "section": "indice_generale", "civic_num": 1201.0, "civic_lett": null, "sestiere_parsed": "SAN POLO", "parish_parsed": null, "sestiere_implied": false, "match_note": "Linear interpolation, dist=7.5m to nearest door", "location_cleaned": "False", "fail_reason": "number_not_in_reference", "nom_classification": "inside_venice", "nominatim_query": null, "nominatim_flagged": false, "matched_lat": 45.437108901553621, "matched_lon": 12.33218451977109, "match_confidence": "nciv_interpolated", "geocoding_tier": 8 }, "geometry": { "type": "Point", "coordinates": [ 12.33218451977109, 45.437108901553621 ] } },
{ "type": "Feature", "properties": { "Name": "Pavella Giovanni", "Address": "S. Marco 2388", "Location": "dr. Giulio", "Category": "Olimpia Film", "Role": null, "Profession": null, "Additional Info": "materiale per costruzioni edilizie", "page_num": 433, "source_file": "page_433_semantic.csv", "section": "indice_generale", "civic_num": 2388.0, "civic_lett": null, "sestiere_parsed": "SAN MARCO", "parish_parsed": null, "sestiere_implied": false, "match_note": "Linear interpolation, dist=2.1m to nearest door", "location_cleaned": "False", "fail_reason": "number_not_in_reference", "nom_classification": "inside_venice", "nominatim_query": null, "nominatim_flagged": false, "matched_lat": 45.433079915257778, "matched_lon": 12.334235343717555, "match_confidence": "nciv_interpolated", "geocoding_tier": 8 }, "geometry": { "type": "Point", "coordinates": [ 12.334235343717555, 45.433079915257778 ] } },
{ "type": "Feature", "properties": { "Name": "Pavanetto Attilio", "Address": "S. Polo 1352", "Location": "dr. Giulio", "Category": "elettricista e idraulico", "Role": null, "Profession": null, "Additional Info": "S. A.", "page_num": 434, "source_file": "page_434_semantic.csv", "section": "indice_generale", "civic_num": 1352.0, "civic_lett": null, "sestiere_parsed": "SAN POLO", "parish_parsed": null, "sestiere_implied": false, "match_note": "Linear interpolation, dist=2.2m to nearest door", "location_cleaned": "False", "fail_reason": "number_not_in_reference", "nom_classification": "inside_venice", "nominatim_query": null, "nominatim_flagged": false, "matched_lat": 45.437165571919486, "matched_lon": 12.331611271460179, "match_confidence": "nciv_interpolated", "geocoding_tier": 8 }, "geometry": { "type": "Point", "coordinates": [ 12.331611271460179, 45.437165571919486 ] } },
{ "type": "Feature", "properties": { "Name": "Pedrenzon Cluss (Ditta)", "Address": "Castello 1272", "Location": "dr. Giulio", "Category": "calzature", "Role": null, "Profession": null, "Additional Info": "S. A.", "page_num": 434, "source_file": "page_434_semantic.csv", "section": "indice_generale", "civic_num": 1272.0, "civic_lett": null, "sestiere_parsed": "CASTELLO", "parish_parsed": null, "sestiere_implied": false, "match_note": "Linear interpolation, dist=2.2m to nearest door", "location_cleaned": "False", "fail_reason": "number_not_in_reference", "nom_classification": "inside_venice", "nominatim_query": null, "nominatim_flagged": false, "matched_lat": 45.430967821715342, "matched_lon": 12.354381021853282, "match_confidence": "nciv_interpolated", "geocoding_tier": 8 }, "geometry": { "type": "Point", "coordinates": [ 12.354381021853282, 45.430967821715342 ] } },
{ "type": "Feature", "properties": { "Name": "Pellizzato Albertin", "Address": "S. Marco 2581", "Location": "dr. Giulio", "Category": "tipografia", "Role": null, "Profession": null, "Additional Info": "S. A.", "page_num": 434, "source_file": "page_434_semantic.csv", "section": "indice_generale", "civic_num": 2581.0, "civic_lett": null, "sestiere_parsed": "SAN MARCO", "parish_parsed": null, "sestiere_implied": false, "match_note": "Linear interpolation, dist=5.3m to nearest door", "location_cleaned": "False", "fail_reason": "number_not_in_reference", "nom_classification": "inside_venice", "nominatim_query": null, "nominatim_flagged": false, "matched_lat": 45.433331195854521, "matched_lon": 12.332347286067144, "match_confidence": "nciv_interpolated", "geocoding_tier": 8 }, "geometry": { "type": "Point", "coordinates": [ 12.332347286067144, 45.433331195854521 ] } },
{ "type": "Feature", "properties": { "Name": "ZAMPIRONI", "Address": "S. Marco 2581", "Location": "dr. Giulio", "Category": "INSETTICIDI", "Role": null, "Profession": null, "Additional Info": " \"Tutti i prodotti ZAMPIRONI sono di massima fiducia\"", "page_num": 434, "source_file": "page_434_semantic.csv", "section": "indice_generale", "civic_num": 2581.0, "civic_lett": null, "sestiere_parsed": "SAN MARCO", "parish_parsed": null, "sestiere_implied": false, "match_note": "Linear interpolation, dist=5.3m to nearest door", "location_cleaned": "False", "fail_reason": "number_not_in_reference", "nom_classification": "inside_venice", "nominatim_query": null, "nominatim_flagged": false, "matched_lat": 45.433331195854521, "matched_lon": 12.332347286067144, "match_confidence": "nciv_interpolated", "geocoding_tier": 8 }, "geometry": { "type": "Point", "coordinates": [ 12.332347286067144, 45.433331195854521 ] } },
{ "type": "Feature", "properties": { "Name": "Penzo Emilio", "Address": "S. Polo 3973", "Location": "Via XXII Marzo", "Category": "decoratore e pittore", "Role": null, "Profession": null, "Additional Info": "carbone e legna (dettagli)", "page_num": 435, "source_file": "page_435_semantic.csv", "section": "indice_generale", "civic_num": 3973.0, "civic_lett": null, "sestiere_parsed": "SAN POLO", "parish_parsed": null, "sestiere_implied": false, "match_note": "Linear interpolation, dist=3.8m to nearest door", "location_cleaned": null, "fail_reason": "number_not_in_reference", "nom_classification": "inside_venice", "nominatim_query": null, "nominatim_flagged": false, "matched_lat": 45.436914965443059, "matched_lon": 12.329510126060622, "match_confidence": "nciv_interpolated", "geocoding_tier": 8 }, "geometry": { "type": "Point", "coordinates": [ 12.329510126060622, 45.436914965443059 ] } },
{ "type": "Feature", "properties": { "Name": "Perini Claudio", "Address": "Cannaregio 5770", "Location": "Via XXII Marzo", "Category": "trasporti", "Role": null, "Profession": null, "Additional Info": "per conto del Presidio Militare", "page_num": 435, "source_file": "page_435_semantic.csv", "section": "indice_generale", "civic_num": 5770.0, "civic_lett": null, "sestiere_parsed": "CANNAREGIO", "parish_parsed": null, "sestiere_implied": false, "match_note": "Linear interpolation, dist=0.5m to nearest door", "location_cleaned": null, "fail_reason": "number_not_in_reference", "nom_classification": "inside_venice", "nominatim_query": null, "nominatim_flagged": false, "matched_lat": 45.438826623357272, "matched_lon": 12.336621708258145, "match_confidence": "nciv_interpolated", "geocoding_tier": 8 }, "geometry": { "type": "Point", "coordinates": [ 12.336621708258145, 45.438826623357272 ] } },
{ "type": "Feature", "properties": { "Name": "Perlini Bruno", "Address": "S. Marco 884", "Location": "Via XXII Marzo", "Category": "parrucchiere per signora", "Role": null, "Profession": null, "Additional Info": "carbone e legna (dettagli)", "page_num": 435, "source_file": "page_435_semantic.csv", "section": "indice_generale", "civic_num": 884.0, "civic_lett": null, "sestiere_parsed": "SAN MARCO", "parish_parsed": null, "sestiere_implied": false, "match_note": "Linear interpolation, dist=1.1m to nearest door", "location_cleaned": null, "fail_reason": "number_not_in_reference", "nom_classification": "inside_venice", "nominatim_query": null, "nominatim_flagged": false, "matched_lat": 45.434656885073707, "matched_lon": 12.337507082768717, "match_confidence": "nciv_interpolated", "geocoding_tier": 8 }, "geometry": { "type": "Point", "coordinates": [ 12.337507082768717, 45.434656885073707 ] } },
{ "type": "Feature", "properties": { "Name": "Pesenti dr. Giuseppe", "Address": "Cannaregio 1349", "Location": "Via XXII Marzo", "Category": "Paganotto Elsa", "Role": null, "Profession": null, "Additional Info": "medicina generale", "page_num": 436, "source_file": "page_436_semantic.csv", "section": "indice_generale", "civic_num": 1349.0, "civic_lett": null, "sestiere_parsed": "CANNAREGIO", "parish_parsed": null, "sestiere_implied": false, "match_note": "Linear interpolation, dist=3.9m to nearest door", "location_cleaned": null, "fail_reason": "number_not_in_reference", "nom_classification": "inside_venice", "nominatim_query": null, "nominatim_flagged": false, "matched_lat": 45.443982680300351, "matched_lon": 12.326838917325896, "match_confidence": "nciv_interpolated", "geocoding_tier": 8 }, "geometry": { "type": "Point", "coordinates": [ 12.326838917325896, 45.443982680300351 ] } },
{ "type": "Feature", "properties": { "Name": "Pighin Pietro", "Address": "Cannaregio 5110", "Location": "Via XXII Marzo", "Category": "Paganotto Elsa", "Role": null, "Profession": null, "Additional Info": "combustibili solidi", "page_num": 437, "source_file": "page_437_semantic.csv", "section": "indice_generale", "civic_num": 5110.0, "civic_lett": null, "sestiere_parsed": "CANNAREGIO", "parish_parsed": null, "sestiere_implied": false, "match_note": "Linear interpolation, dist=1.7m to nearest door", "location_cleaned": null, "fail_reason": "number_not_in_reference", "nom_classification": "inside_venice", "nominatim_query": null, "nominatim_flagged": false, "matched_lat": 45.442752311993388, "matched_lon": 12.33968332639156, "match_confidence": "nciv_interpolated", "geocoding_tier": 8 }, "geometry": { "type": "Point", "coordinates": [ 12.33968332639156, 45.442752311993388 ] } },
{ "type": "Feature", "properties": { "Name": "Pischutti Rosa", "Address": "D. Duro numero 2968", "Location": "caffè (esercizi)", "Category": "Paganotto Elsa", "Role": null, "Profession": null, "Additional Info": "carbone e legna (dettagli)", "page_num": 438, "source_file": "page_438_semantic.csv", "section": "indice_generale", "civic_num": 2968.0, "civic_lett": null, "sestiere_parsed": "DORSODURO", "parish_parsed": null, "sestiere_implied": false, "match_note": "Linear interpolation, dist=3.0m to nearest door", "location_cleaned": null, "fail_reason": "number_not_in_reference", "nom_classification": "inside_venice", "nominatim_query": null, "nominatim_flagged": false, "matched_lat": 45.434691127796192, "matched_lon": 12.32325118495678, "match_confidence": "nciv_interpolated", "geocoding_tier": 8 }, "geometry": { "type": "Point", "coordinates": [ 12.32325118495678, 45.434691127796192 ] } },
{ "type": "Feature", "properties": { "Name": "Pitteri Wirilla", "Address": "D. Duro 1835", "Location": "Via XXII Marzo", "Category": "farmacista", "Role": null, "Profession": null, "Additional Info": "carbone e legna (dettagli)", "page_num": 438, "source_file": "page_438_semantic.csv", "section": "indice_generale", "civic_num": 1835.0, "civic_lett": null, "sestiere_parsed": "DORSODURO", "parish_parsed": null, "sestiere_implied": false, "match_note": "Linear interpolation, dist=9.2m to nearest door", "location_cleaned": null, "fail_reason": "number_not_in_reference", "nom_classification": "inside_venice", "nominatim_query": null, "nominatim_flagged": false, "matched_lat": 45.432233540076879, "matched_lon": 12.316568281409342, "match_confidence": "nciv_interpolated", "geocoding_tier": 8 }, "geometry": { "type": "Point", "coordinates": [ 12.316568281409342, 45.432233540076879 ] } },
{ "type": "Feature", "properties": { "Name": "Privato Ubaldo", "Address": "Castello numero 5732", "Location": "Pugitto mons. comm. prof. Giuseppe", "Category": "cappelano S. Bingio (Chiesa della Marina).", "Role": null, "Profession": null, "Additional Info": "sarta da uomo", "page_num": 440, "source_file": "page_440_semantic.csv", "section": "indice_generale", "civic_num": 5732.0, "civic_lett": null, "sestiere_parsed": "CASTELLO", "parish_parsed": null, "sestiere_implied": false, "match_note": "Linear interpolation, dist=2.1m to nearest door", "location_cleaned": "False", "fail_reason": "number_not_in_reference", "nom_classification": "inside_venice", "nominatim_query": null, "nominatim_flagged": false, "matched_lat": 45.437272316357642, "matched_lon": 12.339519675543716, "match_confidence": "nciv_interpolated", "geocoding_tier": 8 }, "geometry": { "type": "Point", "coordinates": [ 12.339519675543716, 45.437272316357642 ] } },
{ "type": "Feature", "properties": { "Name": "Pusetto Giuseppe", "Address": "Cann. 43J", "Location": "Pugitto mons. comm. prof. Giuseppe", "Category": "cappelano S. Bingio (Chiesa della Marina).", "Role": null, "Profession": "falegname", "Additional Info": "Castello 494", "page_num": 440, "source_file": "page_440_semantic.csv", "section": "indice_generale", "civic_num": 43.0, "civic_lett": "J", "sestiere_parsed": "CANNAREGIO", "parish_parsed": null, "sestiere_implied": false, "match_note": "Linear interpolation, dist=6.2m to nearest door", "location_cleaned": "False", "fail_reason": "number_not_in_reference", "nom_classification": "inside_venice", "nominatim_query": null, "nominatim_flagged": false, "matched_lat": 45.441601790308077, "matched_lon": 12.321298715067693, "match_confidence": "nciv_interpolated", "geocoding_tier": 8 }, "geometry": { "type": "Point", "coordinates": [ 12.321298715067693, 45.441601790308077 ] } },
{ "type": "Feature", "properties": { "Name": "Rains spa Antonio", "Address": "Cannaregio numero 593", "Location": "Pugitto mons. comm. prof. Giuseppe", "Category": "cappelano S. Bingio (Chiesa della Marina).", "Role": null, "Profession": null, "Additional Info": "porto", "page_num": 441, "source_file": "page_441_semantic.csv", "section": "indice_generale", "civic_num": 593.0, "civic_lett": null, "sestiere_parsed": "CANNAREGIO", "parish_parsed": null, "sestiere_implied": false, "match_note": "Linear interpolation, dist=2.2m to nearest door", "location_cleaned": null, "fail_reason": "number_not_in_reference", "nom_classification": "inside_venice", "nominatim_query": null, "nominatim_flagged": false, "matched_lat": 45.445116876325912, "matched_lon": 12.321297731711548, "match_confidence": "nciv_interpolated", "geocoding_tier": 8 }, "geometry": { "type": "Point", "coordinates": [ 12.321297731711548, 45.445116876325912 ] } },
{ "type": "Feature", "properties": { "Name": "Raitan Adolfo", "Address": "Cannaregio numero 593", "Location": "Pugitto mons. comm. prof. Giuseppe", "Category": "Empoilo Materiale Elettfi.", "Role": null, "Profession": null, "Additional Info": "Sottoportico delle Acque", "page_num": 441, "source_file": "page_441_semantic.csv", "section": "indice_generale", "civic_num": 593.0, "civic_lett": null, "sestiere_parsed": "CANNAREGIO", "parish_parsed": null, "sestiere_implied": false, "match_note": "Linear interpolation, dist=2.2m to nearest door", "location_cleaned": null, "fail_reason": "number_not_in_reference", "nom_classification": "inside_venice", "nominatim_query": null, "nominatim_flagged": false, "matched_lat": 45.445116876325912, "matched_lon": 12.321297731711548, "match_confidence": "nciv_interpolated", "geocoding_tier": 8 }, "geometry": { "type": "Point", "coordinates": [ 12.321297731711548, 45.445116876325912 ] } },
{ "type": "Feature", "properties": { "Name": "Ramello Bruno", "Address": "Castello numero 3699", "Location": "Badieria e Lattoniere", "Category": "cappelano S. Bingio (Chiesa della Marina).", "Role": null, "Profession": null, "Additional Info": "Castello 494", "page_num": 442, "source_file": "page_442_semantic.csv", "section": "indice_generale", "civic_num": 3699.0, "civic_lett": null, "sestiere_parsed": "CASTELLO", "parish_parsed": null, "sestiere_implied": false, "match_note": "Linear interpolation, dist=6.6m to nearest door", "location_cleaned": null, "fail_reason": "number_not_in_reference", "nom_classification": "inside_venice", "nominatim_query": null, "nominatim_flagged": false, "matched_lat": 45.43469258773807, "matched_lon": 12.344985852172256, "match_confidence": "nciv_interpolated", "geocoding_tier": 8 }, "geometry": { "type": "Point", "coordinates": [ 12.344985852172256, 45.43469258773807 ] } },
{ "type": "Feature", "properties": { "Name": "Rando Rosina", "Address": "S. Marco 3889", "Location": "Pugitto mons. comm. prof. Giuseppe", "Category": "Sarta", "Role": null, "Profession": null, "Additional Info": "Castello 494", "page_num": 442, "source_file": "page_442_semantic.csv", "section": "indice_generale", "civic_num": 3889.0, "civic_lett": null, "sestiere_parsed": "SAN MARCO", "parish_parsed": null, "sestiere_implied": false, "match_note": "Linear interpolation, dist=3.7m to nearest door", "location_cleaned": null, "fail_reason": "number_not_in_reference", "nom_classification": "inside_venice", "nominatim_query": null, "nominatim_flagged": false, "matched_lat": 45.434932274666458, "matched_lon": 12.330819454172838, "match_confidence": "nciv_interpolated", "geocoding_tier": 8 }, "geometry": { "type": "Point", "coordinates": [ 12.330819454172838, 45.434932274666458 ] } },
{ "type": "Feature", "properties": { "Name": "Ratto Davide Soc. in Collett.", "Address": "S. Marco 642", "Location": "Pugitto mons. comm. prof. Giuseppe", "Category": "Rappresentante generi alimentari", "Role": null, "Profession": null, "Additional Info": "Castello 494", "page_num": 442, "source_file": "page_442_semantic.csv", "section": "indice_generale", "civic_num": 642.0, "civic_lett": null, "sestiere_parsed": "SAN MARCO", "parish_parsed": null, "sestiere_implied": false, "match_note": "Linear interpolation, dist=1.9m to nearest door", "location_cleaned": null, "fail_reason": "number_not_in_reference", "nom_classification": "inside_venice", "nominatim_query": null, "nominatim_flagged": false, "matched_lat": 45.435491027293779, "matched_lon": 12.339137149551791, "match_confidence": "nciv_interpolated", "geocoding_tier": 8 }, "geometry": { "type": "Point", "coordinates": [ 12.339137149551791, 45.435491027293779 ] } },
{ "type": "Feature", "properties": { "Name": "Rava Stefano", "Address": "S. Marco 642", "Location": "Pugitto mons. comm. prof. Giuseppe", "Category": "Consigliere Municipale", "Role": null, "Profession": null, "Additional Info": "Castello 494", "page_num": 442, "source_file": "page_442_semantic.csv", "section": "indice_generale", "civic_num": 642.0, "civic_lett": null, "sestiere_parsed": "SAN MARCO", "parish_parsed": null, "sestiere_implied": false, "match_note": "Linear interpolation, dist=1.9m to nearest door", "location_cleaned": null, "fail_reason": "number_not_in_reference", "nom_classification": "inside_venice", "nominatim_query": null, "nominatim_flagged": false, "matched_lat": 45.435491027293779, "matched_lon": 12.339137149551791, "match_confidence": "nciv_interpolated", "geocoding_tier": 8 }, "geometry": { "type": "Point", "coordinates": [ 12.339137149551791, 45.435491027293779 ] } },
{ "type": "Feature", "properties": { "Name": "Rialto Soc. An. Immobiliare Mobiliare", "Address": "S. Marco 1128", "Location": "S. M.oise", "Category": "compravendita immobili", "Role": null, "Profession": "Rappresentante di case produttrici di medicinali", "Additional Info": "OCCASIONI - CAMBI - RICOSTRUZIONI - NOLEGGI", "page_num": 443, "source_file": "page_443_semantic.csv", "section": "indice_generale", "civic_num": 1128.0, "civic_lett": null, "sestiere_parsed": "SAN MARCO", "parish_parsed": null, "sestiere_implied": false, "match_note": "Linear interpolation, dist=1.9m to nearest door", "location_cleaned": null, "fail_reason": "number_not_in_reference", "nom_classification": "inside_venice", "nominatim_query": null, "nominatim_flagged": false, "matched_lat": 45.43451475467333, "matched_lon": 12.336187166191618, "match_confidence": "nciv_interpolated", "geocoding_tier": 8 }, "geometry": { "type": "Point", "coordinates": [ 12.336187166191618, 45.43451475467333 ] } },
{ "type": "Feature", "properties": { "Name": "Riatteletti Federico", "Address": "S. Marco 1128", "Location": "S. M.oise", "Category": "Economo Accademia di Belle Arti e Liceo Arti", "Role": null, "Profession": "Rappresentante di case produttrici di medicinali", "Additional Info": "OCCASIONI - CAMBI - RICOSTRUZIONI - NOLEGGI", "page_num": 443, "source_file": "page_443_semantic.csv", "section": "indice_generale", "civic_num": 1128.0, "civic_lett": null, "sestiere_parsed": "SAN MARCO", "parish_parsed": null, "sestiere_implied": false, "match_note": "Linear interpolation, dist=1.9m to nearest door", "location_cleaned": null, "fail_reason": "number_not_in_reference", "nom_classification": "inside_venice", "nominatim_query": null, "nominatim_flagged": false, "matched_lat": 45.43451475467333, "matched_lon": 12.336187166191618, "match_confidence": "nciv_interpolated", "geocoding_tier": 8 }, "geometry": { "type": "Point", "coordinates": [ 12.336187166191618, 45.43451475467333 ] } },
{ "type": "Feature", "properties": { "Name": "Romeno", "Address": "Cannaregio 1202", "Location": "S. M.oise", "Category": "ristor ante", "Role": null, "Profession": "Rappresentante di case produttrici di medicinali", "Additional Info": "OCCASIONI - CAMBI - RICOSTRUZIONI - NOLEGGI", "page_num": 445, "source_file": "page_445_semantic.csv", "section": "indice_generale", "civic_num": 1202.0, "civic_lett": null, "sestiere_parsed": "CANNAREGIO", "parish_parsed": null, "sestiere_implied": false, "match_note": "Linear interpolation, dist=0.2m to nearest door", "location_cleaned": "False", "fail_reason": "number_not_in_reference", "nom_classification": "inside_venice", "nominatim_query": null, "nominatim_flagged": false, "matched_lat": 45.444855751215243, "matched_lon": 12.32616333810831, "match_confidence": "nciv_interpolated", "geocoding_tier": 8 }, "geometry": { "type": "Point", "coordinates": [ 12.32616333810831, 45.444855751215243 ] } },
{ "type": "Feature", "properties": { "Name": "Rossi Mario", "Address": "Castello 6640", "Location": "S. M.oise", "Category": "caffè (esercizi)", "Role": null, "Profession": "Rappresentante di case produttrici di medicinali", "Additional Info": "OCCASIONI - CAMBI - RICOSTRUZIONI - NOLEGGI", "page_num": 447, "source_file": "page_447_semantic.csv", "section": "indice_generale", "civic_num": 6640.0, "civic_lett": null, "sestiere_parsed": "CASTELLO", "parish_parsed": null, "sestiere_implied": false, "match_note": "Linear interpolation, dist=3.9m to nearest door", "location_cleaned": "False", "fail_reason": "number_not_in_reference", "nom_classification": "inside_venice", "nominatim_query": null, "nominatim_flagged": false, "matched_lat": 45.438521070967532, "matched_lon": 12.345170421538736, "match_confidence": "nciv_interpolated", "geocoding_tier": 8 }, "geometry": { "type": "Point", "coordinates": [ 12.345170421538736, 45.438521070967532 ] } },
{ "type": "Feature", "properties": { "Name": "Roveda Antonio", "Address": "S. Marco, numero 4542", "Location": "S. M.oise", "Category": "caffè (esercizi)", "Role": null, "Profession": "Rappresentante di case produttrici di medicinali", "Additional Info": "OCCASIONI - CAMBI - RICOSTRUZIONI - NOLEGGI", "page_num": 447, "source_file": "page_447_semantic.csv", "section": "indice_generale", "civic_num": 4542.0, "civic_lett": null, "sestiere_parsed": "SAN MARCO", "parish_parsed": null, "sestiere_implied": false, "match_note": "Linear interpolation, dist=1.3m to nearest door", "location_cleaned": "False", "fail_reason": "number_not_in_reference", "nom_classification": "inside_venice", "nominatim_query": null, "nominatim_flagged": false, "matched_lat": 45.435854325013679, "matched_lon": 12.33589110681176, "match_confidence": "nciv_interpolated", "geocoding_tier": 8 }, "geometry": { "type": "Point", "coordinates": [ 12.33589110681176, 45.435854325013679 ] } },
{ "type": "Feature", "properties": { "Name": "Rubini Angelo", "Address": "S. Marco 5363", "Location": "Pugitto mons. comm. prof. Giuseppe", "Category": "Osteria", "Role": null, "Profession": null, "Additional Info": "Castello 494", "page_num": 448, "source_file": "page_448_semantic.csv", "section": "indice_generale", "civic_num": 5363.0, "civic_lett": null, "sestiere_parsed": "SAN MARCO", "parish_parsed": null, "sestiere_implied": false, "match_note": "Linear interpolation, dist=3.3m to nearest door", "location_cleaned": null, "fail_reason": "number_not_in_reference", "nom_classification": "inside_venice", "nominatim_query": null, "nominatim_flagged": false, "matched_lat": 45.437947419789829, "matched_lon": 12.336559832554135, "match_confidence": "nciv_interpolated", "geocoding_tier": 8 }, "geometry": { "type": "Point", "coordinates": [ 12.336559832554135, 45.437947419789829 ] } },
{ "type": "Feature", "properties": { "Name": "Sacchi Maria", "Address": "San Polo numero 1229.", "Location": "Pugitto mons. comm. prof. Giuseppe", "Category": "mercerie", "Role": null, "Profession": null, "Additional Info": "filati e affini", "page_num": 449, "source_file": "page_449_semantic.csv", "section": "indice_generale", "civic_num": 1229.0, "civic_lett": null, "sestiere_parsed": "SAN POLO", "parish_parsed": null, "sestiere_implied": false, "match_note": "Linear interpolation, dist=2.1m to nearest door", "location_cleaned": "False", "fail_reason": "number_not_in_reference", "nom_classification": "inside_venice", "nominatim_query": "San Polo, Venezia, Italy", "nominatim_flagged": false, "matched_lat": 45.437676991454779, "matched_lon": 12.332079009255272, "match_confidence": "nciv_interpolated", "geocoding_tier": 8 }, "geometry": { "type": "Point", "coordinates": [ 12.332079009255272, 45.437676991454779 ] } },
{ "type": "Feature", "properties": { "Name": "Sacchi Ing. Francesco", "Address": "San Polo numero 1229.", "Location": "Sez. Materiale e Trazione", "Category": "ingegnere", "Role": null, "Profession": null, "Additional Info": "Ispettore", "page_num": 449, "source_file": "page_449_semantic.csv", "section": "indice_generale", "civic_num": 1229.0, "civic_lett": null, "sestiere_parsed": "SAN POLO", "parish_parsed": null, "sestiere_implied": false, "match_note": "Linear interpolation, dist=2.1m to nearest door", "location_cleaned": "False", "fail_reason": "number_not_in_reference", "nom_classification": "inside_venice", "nominatim_query": "San Polo, Venezia, Italy", "nominatim_flagged": false, "matched_lat": 45.437676991454779, "matched_lon": 12.332079009255272, "match_confidence": "nciv_interpolated", "geocoding_tier": 8 }, "geometry": { "type": "Point", "coordinates": [ 12.332079009255272, 45.437676991454779 ] } },
{ "type": "Feature", "properties": { "Name": "Saccomani Renato", "Address": "San Polo numero 1229.", "Location": "Via Cavour", "Category": "giornali", "Role": null, "Profession": null, "Additional Info": "rivendita | Marghera", "page_num": 449, "source_file": "page_449_semantic.csv", "section": "indice_generale", "civic_num": 1229.0, "civic_lett": null, "sestiere_parsed": "SAN POLO", "parish_parsed": null, "sestiere_implied": false, "match_note": "Linear interpolation, dist=2.1m to nearest door", "location_cleaned": "False", "fail_reason": "number_not_in_reference", "nom_classification": "inside_venice", "nominatim_query": "San Polo, Venezia, Italy", "nominatim_flagged": false, "matched_lat": 45.437676991454779, "matched_lon": 12.332079009255272, "match_confidence": "nciv_interpolated", "geocoding_tier": 8 }, "geometry": { "type": "Point", "coordinates": [ 12.332079009255272, 45.437676991454779 ] } },
{ "type": "Feature", "properties": { "Name": "Salenso Pino", "Address": "Cann. 4442.", "Location": "Pugitto mons. comm. prof. Giuseppe", "Category": "autorasporti", "Role": null, "Profession": null, "Additional Info": "Castello 494", "page_num": 449, "source_file": "page_449_semantic.csv", "section": "indice_generale", "civic_num": 4442.0, "civic_lett": null, "sestiere_parsed": "CANNAREGIO", "parish_parsed": null, "sestiere_implied": false, "match_note": "Linear interpolation, dist=3.0m to nearest door", "location_cleaned": "False", "fail_reason": "number_not_in_reference", "nom_classification": "inside_venice", "nominatim_query": null, "nominatim_flagged": false, "matched_lat": 45.440385298781358, "matched_lon": 12.336115922534072, "match_confidence": "nciv_interpolated", "geocoding_tier": 8 }, "geometry": { "type": "Point", "coordinates": [ 12.336115922534072, 45.440385298781358 ] } },
{ "type": "Feature", "properties": { "Name": "Salamio Magoo", "Address": "Cann. 4442., Castello 3065.", "Location": "Pugitto mons. comm. prof. Giuseppe", "Category": "spedizioni e trasporti", "Role": null, "Profession": null, "Additional Info": "Castello 494", "page_num": 449, "source_file": "page_449_semantic.csv", "section": "indice_generale", "civic_num": 4442.0, "civic_lett": null, "sestiere_parsed": "CANNAREGIO", "parish_parsed": null, "sestiere_implied": false, "match_note": "Linear interpolation, dist=3.0m to nearest door", "location_cleaned": "False", "fail_reason": "number_not_in_reference", "nom_classification": "inside_venice", "nominatim_query": null, "nominatim_flagged": false, "matched_lat": 45.440385298781358, "matched_lon": 12.336115922534072, "match_confidence": "nciv_interpolated", "geocoding_tier": 8 }, "geometry": { "type": "Point", "coordinates": [ 12.336115922534072, 45.440385298781358 ] } },
{ "type": "Feature", "properties": { "Name": "Santi G. e C. S. A.", "Address": "San Marco 5044", "Location": "VENEZIA - Via XXII Marzo", "Category": "t. r. I., per la gestione del caffè: Alpolco, caffè (esercizi)", "Role": null, "Profession": null, "Additional Info": "Acer. Sempl. Venezia (Costruzioni Impresa edile", "page_num": 451, "source_file": "page_451_semantic.csv", "section": "indice_generale", "civic_num": 5044.0, "civic_lett": null, "sestiere_parsed": "SAN MARCO", "parish_parsed": null, "sestiere_implied": false, "match_note": "Linear interpolation, dist=1.1m to nearest door", "location_cleaned": "False", "fail_reason": "number_not_in_reference", "nom_classification": "inside_venice", "nominatim_query": null, "nominatim_flagged": false, "matched_lat": 45.437306422728589, "matched_lon": 12.336631542701875, "match_confidence": "nciv_interpolated", "geocoding_tier": 8 }, "geometry": { "type": "Point", "coordinates": [ 12.336631542701875, 45.437306422728589 ] } },
{ "type": "Feature", "properties": { "Name": "Sera Lauji", "Address": "S. Marco 2613", "Location": "VENEZIA - Via XXII Marzo", "Category": null, "Role": null, "Profession": null, "Additional Info": "mobili artrtetti", "page_num": 451, "source_file": "page_451_semantic.csv", "section": "indice_generale", "civic_num": 2613.0, "civic_lett": null, "sestiere_parsed": "SAN MARCO", "parish_parsed": null, "sestiere_implied": false, "match_note": "Linear interpolation, dist=4.9m to nearest door", "location_cleaned": "False", "fail_reason": "number_not_in_reference", "nom_classification": "inside_venice", "nominatim_query": null, "nominatim_flagged": false, "matched_lat": 45.432955025925217, "matched_lon": 12.332218676845262, "match_confidence": "nciv_interpolated", "geocoding_tier": 8 }, "geometry": { "type": "Point", "coordinates": [ 12.332218676845262, 45.432955025925217 ] } },
{ "type": "Feature", "properties": { "Name": "S.A.R.L.A.", "Address": "S. Marco 2613", "Location": "VENEZIA - Via XXII Marzo", "Category": "S. A. Ricomimenti Alveraggo aux Verenti autorimoti", "Role": null, "Profession": "Marghera, Via Fratelli Bandiere", "Additional Info": "Acer. Sempl. Venezia (Costruzioni Impresa edile", "page_num": 451, "source_file": "page_451_semantic.csv", "section": "indice_generale", "civic_num": 2613.0, "civic_lett": null, "sestiere_parsed": "SAN MARCO", "parish_parsed": null, "sestiere_implied": false, "match_note": "Linear interpolation, dist=4.9m to nearest door", "location_cleaned": "False", "fail_reason": "number_not_in_reference", "nom_classification": "inside_venice", "nominatim_query": null, "nominatim_flagged": false, "matched_lat": 45.432955025925217, "matched_lon": 12.332218676845262, "match_confidence": "nciv_interpolated", "geocoding_tier": 8 }, "geometry": { "type": "Point", "coordinates": [ 12.332218676845262, 45.432955025925217 ] } },
{ "type": "Feature", "properties": { "Name": "S.A.U.R.A.", "Address": "S. Marco 1856", "Location": "Via XXII Marzo", "Category": "cas erni animali", "Role": null, "Profession": null, "Additional Info": "S. A.", "page_num": 452, "source_file": "page_452_semantic.csv", "section": "indice_generale", "civic_num": 1856.0, "civic_lett": null, "sestiere_parsed": "SAN MARCO", "parish_parsed": null, "sestiere_implied": false, "match_note": "Linear interpolation, dist=2.7m to nearest door", "location_cleaned": "False", "fail_reason": "number_not_in_reference", "nom_classification": "inside_venice", "nominatim_query": "Sestiere San Marco, Venezia, Italy", "nominatim_flagged": false, "matched_lat": 45.434091865336349, "matched_lon": 12.334385342262349, "match_confidence": "nciv_interpolated", "geocoding_tier": 8 }, "geometry": { "type": "Point", "coordinates": [ 12.334385342262349, 45.434091865336349 ] } },
{ "type": "Feature", "properties": { "Name": "Scarabella cav. Giovanni", "Address": "San Marco 1551", "Location": "Via XXII Marzo", "Category": null, "Role": null, "Profession": "(gab. inetti di posa)", "Additional Info": "fotografie", "page_num": 452, "source_file": "page_452_semantic.csv", "section": "indice_generale", "civic_num": 1551.0, "civic_lett": null, "sestiere_parsed": "SAN MARCO", "parish_parsed": null, "sestiere_implied": false, "match_note": "Linear interpolation, dist=2.7m to nearest door", "location_cleaned": "False", "fail_reason": "number_not_in_reference", "nom_classification": "inside_venice", "nominatim_query": null, "nominatim_flagged": false, "matched_lat": 45.433602526169814, "matched_lon": 12.335640659534072, "match_confidence": "nciv_interpolated", "geocoding_tier": 8 }, "geometry": { "type": "Point", "coordinates": [ 12.335640659534072, 45.433602526169814 ] } },
{ "type": "Feature", "properties": { "Name": "Scarpa Agostino", "Address": "D. Duro 1389", "Location": "Via XXII Marzo", "Category": null, "Role": null, "Profession": " pelli e materiale per costruzioni edilizie", "Additional Info": "legnami", "page_num": 453, "source_file": "page_453_semantic.csv", "section": "indice_generale", "civic_num": 1389.0, "civic_lett": null, "sestiere_parsed": "DORSODURO", "parish_parsed": null, "sestiere_implied": false, "match_note": "Linear interpolation, dist=2.4m to nearest door", "location_cleaned": "False", "fail_reason": "number_not_in_reference", "nom_classification": "inside_venice", "nominatim_query": null, "nominatim_flagged": false, "matched_lat": 45.429900172098499, "matched_lon": 12.32510558833456, "match_confidence": "nciv_interpolated", "geocoding_tier": 8 }, "geometry": { "type": "Point", "coordinates": [ 12.32510558833456, 45.429900172098499 ] } },
{ "type": "Feature", "properties": { "Name": "Scarpa Bolla Francesco", "Address": "Zattere numero 359", "Location": "Via XXII Marzo", "Category": null, "Role": null, "Profession": null, "Additional Info": "scultore", "page_num": 453, "source_file": "page_453_semantic.csv", "section": "indice_generale", "civic_num": 359.0, "civic_lett": null, "sestiere_parsed": "DORSODURO", "parish_parsed": null, "sestiere_implied": true, "match_note": "Linear interpolation, dist=3.1m to nearest door", "location_cleaned": "False", "fail_reason": "number_not_in_reference", "nom_classification": "inside_venice", "nominatim_query": null, "nominatim_flagged": false, "matched_lat": 45.430547761242138, "matched_lon": 12.332313221531455, "match_confidence": "nciv_interpolated", "geocoding_tier": 8 }, "geometry": { "type": "Point", "coordinates": [ 12.332313221531455, 45.430547761242138 ] } },
{ "type": "Feature", "properties": { "Name": "Scarpa Giuseppe & Guido", "Address": "S. Marco 4503-A, 1814", "Location": "Via XXII Marzo", "Category": "Fabbrica S. Baseggio 1124", "Role": null, "Profession": null, "Additional Info": "mobili", "page_num": 453, "source_file": "page_453_semantic.csv", "section": "indice_generale", "civic_num": 4503.0, "civic_lett": "A", "sestiere_parsed": "SAN MARCO", "parish_parsed": null, "sestiere_implied": false, "match_note": "Linear interpolation, dist=6.4m to nearest door", "location_cleaned": "False", "fail_reason": "number_not_in_reference", "nom_classification": "inside_venice", "nominatim_query": null, "nominatim_flagged": false, "matched_lat": 45.435498890555252, "matched_lon": 12.335867683519176, "match_confidence": "nciv_interpolated", "geocoding_tier": 8 }, "geometry": { "type": "Point", "coordinates": [ 12.335867683519176, 45.435498890555252 ] } },
{ "type": "Feature", "properties": { "Name": "Schezzari Giovanni", "Address": "Cannaregio 3669", "Location": "tipografia", "Category": "vini", "Role": null, "Profession": null, "Additional Info": "(grossista)", "page_num": 454, "source_file": "page_454_semantic.csv", "section": "indice_generale", "civic_num": 3669.0, "civic_lett": null, "sestiere_parsed": "CANNAREGIO", "parish_parsed": null, "sestiere_implied": false, "match_note": "Linear interpolation, dist=5.9m to nearest door", "location_cleaned": null, "fail_reason": "number_not_in_reference", "nom_classification": "inside_venice", "nominatim_query": null, "nominatim_flagged": false, "matched_lat": 45.441886453285463, "matched_lon": 12.332751618451772, "match_confidence": "nciv_interpolated", "geocoding_tier": 8 }, "geometry": { "type": "Point", "coordinates": [ 12.332751618451772, 45.441886453285463 ] } },
{ "type": "Feature", "properties": { "Name": "Schicchi Elia", "Address": "D. Duro 3118", "Location": "tipografia", "Category": "panificio", "Role": null, "Profession": null, "Additional Info": "Officina Riparazioni Macchine per Scrivere", "page_num": 454, "source_file": "page_454_semantic.csv", "section": "indice_generale", "civic_num": 3118.0, "civic_lett": null, "sestiere_parsed": "DORSODURO", "parish_parsed": null, "sestiere_implied": false, "match_note": "Linear interpolation, dist=5.7m to nearest door", "location_cleaned": null, "fail_reason": "number_not_in_reference", "nom_classification": "inside_venice", "nominatim_query": null, "nominatim_flagged": false, "matched_lat": 45.433865798848402, "matched_lon": 12.32434207894268, "match_confidence": "nciv_interpolated", "geocoding_tier": 8 }, "geometry": { "type": "Point", "coordinates": [ 12.32434207894268, 45.433865798848402 ] } },
{ "type": "Feature", "properties": { "Name": "Scolari Diot'ennr", "Address": "Cannaregio 461", "Location": "tipografia", "Category": null, "Role": null, "Profession": null, "Additional Info": "Officina Riparazioni Macchine per Scrivere", "page_num": 454, "source_file": "page_454_semantic.csv", "section": "indice_generale", "civic_num": null, "civic_lett": null, "sestiere_parsed": null, "parish_parsed": null, "sestiere_implied": false, "match_note": "Recovered from Category, geocoded via Nominatim: Cannaregio 461, Venezia, Italia", "location_cleaned": null, "fail_reason": "no_civic_number", "nom_classification": "inside_venice", "nominatim_query": null, "nominatim_flagged": false, "matched_lat": 45.4438257, "matched_lon": 12.3270367, "match_confidence": "category_address_recovery", "geocoding_tier": 10 }, "geometry": { "type": "Point", "coordinates": [ 12.3270367, 45.4438257 ] } },
{ "type": "Feature", "properties": { "Name": "Seno Giuliano", "Address": "Cannaregio 4442-A", "Location": "tipografia", "Category": null, "Role": null, "Profession": null, "Additional Info": "Mobili laccati", "page_num": 455, "source_file": "page_455_semantic.csv", "section": "indice_generale", "civic_num": 4442.0, "civic_lett": "A", "sestiere_parsed": "CANNAREGIO", "parish_parsed": null, "sestiere_implied": false, "match_note": "Linear interpolation, dist=3.0m to nearest door", "location_cleaned": null, "fail_reason": "number_not_in_reference", "nom_classification": "inside_venice", "nominatim_query": null, "nominatim_flagged": false, "matched_lat": 45.440385298781358, "matched_lon": 12.336115922534072, "match_confidence": "nciv_interpolated", "geocoding_tier": 8 }, "geometry": { "type": "Point", "coordinates": [ 12.336115922534072, 45.440385298781358 ] } },
{ "type": "Feature", "properties": { "Name": "Seno Giuliani", "Address": "Cannaregio 4442-A", "Location": "S. Marco", "Category": "Oggetti artistici", "Role": null, "Profession": null, "Additional Info": "specialità Veneziane | Calla Larga", "page_num": 455, "source_file": "page_455_semantic.csv", "section": "indice_generale", "civic_num": 4442.0, "civic_lett": "A", "sestiere_parsed": "CANNAREGIO", "parish_parsed": null, "sestiere_implied": false, "match_note": "Linear interpolation, dist=3.0m to nearest door", "location_cleaned": null, "fail_reason": "number_not_in_reference", "nom_classification": "inside_venice", "nominatim_query": null, "nominatim_flagged": false, "matched_lat": 45.440385298781358, "matched_lon": 12.336115922534072, "match_confidence": "nciv_interpolated", "geocoding_tier": 8 }, "geometry": { "type": "Point", "coordinates": [ 12.336115922534072, 45.440385298781358 ] } },
{ "type": "Feature", "properties": { "Name": "Seno Jole", "Address": "Cannaregio 4442-A", "Location": "tipografia", "Category": "Geludio Civile", "Role": null, "Profession": null, "Additional Info": "Applicata", "page_num": 455, "source_file": "page_455_semantic.csv", "section": "indice_generale", "civic_num": 4442.0, "civic_lett": "A", "sestiere_parsed": "CANNAREGIO", "parish_parsed": null, "sestiere_implied": false, "match_note": "Linear interpolation, dist=3.0m to nearest door", "location_cleaned": null, "fail_reason": "number_not_in_reference", "nom_classification": "inside_venice", "nominatim_query": null, "nominatim_flagged": false, "matched_lat": 45.440385298781358, "matched_lon": 12.336115922534072, "match_confidence": "nciv_interpolated", "geocoding_tier": 8 }, "geometry": { "type": "Point", "coordinates": [ 12.336115922534072, 45.440385298781358 ] } },
{ "type": "Feature", "properties": { "Name": "Serafin Arnaldo", "Address": "S. Marco 5062", "Location": "tipografia", "Category": null, "Role": " filati, ", "Profession": " confezioni", "Additional Info": "Rappresentante. tessuti", "page_num": 455, "source_file": "page_455_semantic.csv", "section": "indice_generale", "civic_num": 5062.0, "civic_lett": null, "sestiere_parsed": "SAN MARCO", "parish_parsed": null, "sestiere_implied": false, "match_note": "Linear interpolation, dist=3.4m to nearest door", "location_cleaned": null, "fail_reason": "number_not_in_reference", "nom_classification": "inside_venice", "nominatim_query": null, "nominatim_flagged": false, "matched_lat": 45.437197777307823, "matched_lon": 12.33599200553553, "match_confidence": "nciv_interpolated", "geocoding_tier": 8 }, "geometry": { "type": "Point", "coordinates": [ 12.33599200553553, 45.437197777307823 ] } },
{ "type": "Feature", "properties": { "Name": "Serena P. fu.", "Address": "S. Marco 3801", "Location": "tipografia", "Category": "calzolaio", "Role": null, "Profession": null, "Additional Info": "Officina Riparazioni Macchine per Scrivere", "page_num": 456, "source_file": "page_456_semantic.csv", "section": "indice_generale", "civic_num": 3801.0, "civic_lett": null, "sestiere_parsed": "SAN MARCO", "parish_parsed": null, "sestiere_implied": false, "match_note": "Linear interpolation, dist=5.4m to nearest door", "location_cleaned": null, "fail_reason": "number_not_in_reference", "nom_classification": "inside_venice", "nominatim_query": null, "nominatim_flagged": false, "matched_lat": 45.434726632232319, "matched_lon": 12.332508375085778, "match_confidence": "nciv_interpolated", "geocoding_tier": 8 }, "geometry": { "type": "Point", "coordinates": [ 12.332508375085778, 45.434726632232319 ] } },
{ "type": "Feature", "properties": { "Name": "Serneìeri Diana", "Address": "San Marco numero 2183", "Location": "tipografia", "Category": "eralta (torrefazione)", "Role": null, "Profession": null, "Additional Info": "Officina Riparazioni Macchine per Scrivere", "page_num": 456, "source_file": "page_456_semantic.csv", "section": "indice_generale", "civic_num": 2183.0, "civic_lett": null, "sestiere_parsed": "SAN MARCO", "parish_parsed": null, "sestiere_implied": false, "match_note": "Linear interpolation, dist=1.9m to nearest door", "location_cleaned": null, "fail_reason": "number_not_in_reference", "nom_classification": "inside_venice", "nominatim_query": null, "nominatim_flagged": false, "matched_lat": 45.432749518288418, "matched_lon": 12.334964951270118, "match_confidence": "nciv_interpolated", "geocoding_tier": 8 }, "geometry": { "type": "Point", "coordinates": [ 12.334964951270118, 45.432749518288418 ] } },
{ "type": "Feature", "properties": { "Name": "Sperillo Giovanna", "Address": "San Marco numero 2183, Cannaregio 327", "Location": "tipografia", "Category": "gioiellera (rivendita)", "Role": null, "Profession": null, "Additional Info": "Officina Riparazioni Macchine per Scrivere", "page_num": 456, "source_file": "page_456_semantic.csv", "section": "indice_generale", "civic_num": 2183.0, "civic_lett": null, "sestiere_parsed": "SAN MARCO", "parish_parsed": null, "sestiere_implied": false, "match_note": "Linear interpolation, dist=1.9m to nearest door", "location_cleaned": null, "fail_reason": "number_not_in_reference", "nom_classification": "inside_venice", "nominatim_query": null, "nominatim_flagged": false, "matched_lat": 45.432749518288418, "matched_lon": 12.334964951270118, "match_confidence": "nciv_interpolated", "geocoding_tier": 8 }, "geometry": { "type": "Point", "coordinates": [ 12.334964951270118, 45.432749518288418 ] } },
{ "type": "Feature", "properties": { "Name": "Serra Manin", "Address": "San Marco numero 2183, Cannaregio 327", "Location": "Francesco", "Category": "S. Marco numero 1321", "Role": null, "Profession": "Comandante del Porto Capitano uffi Porto", "Additional Info": "Quedda col", "page_num": 456, "source_file": "page_456_semantic.csv", "section": "indice_generale", "civic_num": 2183.0, "civic_lett": null, "sestiere_parsed": "SAN MARCO", "parish_parsed": null, "sestiere_implied": false, "match_note": "Linear interpolation, dist=1.9m to nearest door", "location_cleaned": null, "fail_reason": "number_not_in_reference", "nom_classification": "inside_venice", "nominatim_query": null, "nominatim_flagged": false, "matched_lat": 45.432749518288418, "matched_lon": 12.334964951270118, "match_confidence": "nciv_interpolated", "geocoding_tier": 8 }, "geometry": { "type": "Point", "coordinates": [ 12.334964951270118, 45.432749518288418 ] } },
{ "type": "Feature", "properties": { "Name": "Senaro dr. Francesco", "Address": "San Marco numero 2183, Cannaregio 327", "Location": "tipografia", "Category": "Uflicio Stampa Cabineto di Prefettura", "Role": null, "Profession": null, "Additional Info": "Officina Riparazioni Macchine per Scrivere", "page_num": 456, "source_file": "page_456_semantic.csv", "section": "indice_generale", "civic_num": 2183.0, "civic_lett": null, "sestiere_parsed": "SAN MARCO", "parish_parsed": null, "sestiere_implied": false, "match_note": "Linear interpolation, dist=1.9m to nearest door", "location_cleaned": null, "fail_reason": "number_not_in_reference", "nom_classification": "inside_venice", "nominatim_query": null, "nominatim_flagged": false, "matched_lat": 45.432749518288418, "matched_lon": 12.334964951270118, "match_confidence": "nciv_interpolated", "geocoding_tier": 8 }, "geometry": { "type": "Point", "coordinates": [ 12.334964951270118, 45.432749518288418 ] } },
{ "type": "Feature", "properties": { "Name": "Shernan d. venato", "Address": "S. Marco 4202", "Location": "tipografia", "Category": null, "Role": null, "Profession": null, "Additional Info": "specialità veneziane", "page_num": 456, "source_file": "page_456_semantic.csv", "section": "indice_generale", "civic_num": 4202.0, "civic_lett": null, "sestiere_parsed": "SAN MARCO", "parish_parsed": null, "sestiere_implied": false, "match_note": "Recovered from Category, geocoded via Nominatim: S. Marco 4202, Venezia, Italia", "location_cleaned": null, "fail_reason": "number_not_in_reference", "nom_classification": "inside_venice", "nominatim_query": null, "nominatim_flagged": false, "matched_lat": 45.4348289, "matched_lon": 12.3340247, "match_confidence": "category_address_recovery", "geocoding_tier": 10 }, "geometry": { "type": "Point", "coordinates": [ 12.3340247, 45.4348289 ] } },
{ "type": "Feature", "properties": { "Name": "Shostal", "Address": "S. Marco 4202", "Location": "tipografia", "Category": "sartoria", "Role": null, "Profession": null, "Additional Info": "coniezioni per signora, S. Marco", "page_num": 456, "source_file": "page_456_semantic.csv", "section": "indice_generale", "civic_num": 4202.0, "civic_lett": null, "sestiere_parsed": "SAN MARCO", "parish_parsed": null, "sestiere_implied": false, "match_note": "Linear interpolation, dist=2.1m to nearest door", "location_cleaned": null, "fail_reason": "number_not_in_reference", "nom_classification": "inside_venice", "nominatim_query": null, "nominatim_flagged": false, "matched_lat": 45.435833459818667, "matched_lon": 12.334974117831992, "match_confidence": "nciv_interpolated", "geocoding_tier": 8 }, "geometry": { "type": "Point", "coordinates": [ 12.334974117831992, 45.435833459818667 ] } },
{ "type": "Feature", "properties": { "Name": "SIAS Società ital. in acc. sempl.", "Address": "S. Marco 4202", "Location": "tipografia", "Category": "pali in cemento armato", "Role": null, "Profession": null, "Additional Info": "Marghera", "page_num": 456, "source_file": "page_456_semantic.csv", "section": "indice_generale", "civic_num": 4202.0, "civic_lett": null, "sestiere_parsed": "SAN MARCO", "parish_parsed": null, "sestiere_implied": false, "match_note": "Linear interpolation, dist=2.1m to nearest door", "location_cleaned": null, "fail_reason": "number_not_in_reference", "nom_classification": "inside_venice", "nominatim_query": null, "nominatim_flagged": false, "matched_lat": 45.435833459818667, "matched_lon": 12.334974117831992, "match_confidence": "nciv_interpolated", "geocoding_tier": 8 }, "geometry": { "type": "Point", "coordinates": [ 12.334974117831992, 45.435833459818667 ] } },
{ "type": "Feature", "properties": { "Name": "Silan Maria in Bozzoni", "Address": "Castello 1413", "Location": "tipografia", "Category": "osterica", "Role": null, "Profession": null, "Additional Info": "Officina Riparazioni Macchine per Scrivere", "page_num": 457, "source_file": "page_457_semantic.csv", "section": "indice_generale", "civic_num": 1413.0, "civic_lett": null, "sestiere_parsed": "CASTELLO", "parish_parsed": null, "sestiere_implied": false, "match_note": "Linear interpolation, dist=2.2m to nearest door", "location_cleaned": null, "fail_reason": "number_not_in_reference", "nom_classification": "inside_venice", "nominatim_query": null, "nominatim_flagged": false, "matched_lat": 45.43157033110198, "matched_lon": 12.35382282195129, "match_confidence": "nciv_interpolated", "geocoding_tier": 8 }, "geometry": { "type": "Point", "coordinates": [ 12.35382282195129, 45.43157033110198 ] } },
{ "type": "Feature", "properties": { "Name": "Silvestri rag. Bruno", "Address": "S. Marco 1415", "Location": "tipografia", "Category": "autotrasporti, carbone e legnami", "Role": null, "Profession": "grossista", "Additional Info": "Officina Riparazioni Macchine per Scrivere", "page_num": 457, "source_file": "page_457_semantic.csv", "section": "indice_generale", "civic_num": 1415.0, "civic_lett": null, "sestiere_parsed": "SAN MARCO", "parish_parsed": null, "sestiere_implied": false, "match_note": "Linear interpolation, dist=3.3m to nearest door", "location_cleaned": null, "fail_reason": "number_not_in_reference", "nom_classification": "inside_venice", "nominatim_query": null, "nominatim_flagged": false, "matched_lat": 45.432642123305868, "matched_lon": 12.336147975191292, "match_confidence": "nciv_interpolated", "geocoding_tier": 8 }, "geometry": { "type": "Point", "coordinates": [ 12.336147975191292, 45.432642123305868 ] } },
{ "type": "Feature", "properties": { "Name": "Silvestri rag", "Address": "S. Marco 1415", "Location": "tipografia", "Category": null, "Role": "Vice Direttore", "Profession": null, "Additional Info": "Banco di Roma | Emo", "page_num": 457, "source_file": "page_457_semantic.csv", "section": "indice_generale", "civic_num": 1415.0, "civic_lett": null, "sestiere_parsed": "SAN MARCO", "parish_parsed": null, "sestiere_implied": false, "match_note": "Linear interpolation, dist=3.3m to nearest door", "location_cleaned": null, "fail_reason": "number_not_in_reference", "nom_classification": "inside_venice", "nominatim_query": null, "nominatim_flagged": false, "matched_lat": 45.432642123305868, "matched_lon": 12.336147975191292, "match_confidence": "nciv_interpolated", "geocoding_tier": 8 }, "geometry": { "type": "Point", "coordinates": [ 12.336147975191292, 45.432642123305868 ] } },
{ "type": "Feature", "properties": { "Name": "Simionati Urbano", "Address": "S. Marco 5042", "Location": "tipografia", "Category": "avvocato", "Role": null, "Profession": null, "Additional Info": "Officina Riparazioni Macchine per Scrivere", "page_num": 457, "source_file": "page_457_semantic.csv", "section": "indice_generale", "civic_num": 5042.0, "civic_lett": null, "sestiere_parsed": "SAN MARCO", "parish_parsed": null, "sestiere_implied": false, "match_note": "Linear interpolation, dist=2.8m to nearest door", "location_cleaned": null, "fail_reason": "number_not_in_reference", "nom_classification": "inside_venice", "nominatim_query": null, "nominatim_flagged": false, "matched_lat": 45.437279366916052, "matched_lon": 12.336627950859272, "match_confidence": "nciv_interpolated", "geocoding_tier": 8 }, "geometry": { "type": "Point", "coordinates": [ 12.336627950859272, 45.437279366916052 ] } },
{ "type": "Feature", "properties": { "Name": "Simoni dr. Antonio", "Address": "S. Marco 5042", "Location": "tipografia", "Category": "Ponte dell’ Olivo", "Role": null, "Profession": "medicina generale", "Additional Info": "Officina Riparazioni Macchine per Scrivere", "page_num": 457, "source_file": "page_457_semantic.csv", "section": "indice_generale", "civic_num": 5042.0, "civic_lett": null, "sestiere_parsed": "SAN MARCO", "parish_parsed": null, "sestiere_implied": false, "match_note": "Linear interpolation, dist=2.8m to nearest door", "location_cleaned": null, "fail_reason": "number_not_in_reference", "nom_classification": "inside_venice", "nominatim_query": null, "nominatim_flagged": false, "matched_lat": 45.437279366916052, "matched_lon": 12.336627950859272, "match_confidence": "nciv_interpolated", "geocoding_tier": 8 }, "geometry": { "type": "Point", "coordinates": [ 12.336627950859272, 45.437279366916052 ] } },
{ "type": "Feature", "properties": { "Name": "SIREN. Società Italiana Rappresentanze Esteree e Nazionali", "Address": "S. Marco 188", "Location": "tipografia", "Category": "rappresentanze varie", "Role": null, "Profession": null, "Additional Info": "Officina Riparazioni Macchine per Scrivere", "page_num": 457, "source_file": "page_457_semantic.csv", "section": "indice_generale", "civic_num": 188.0, "civic_lett": null, "sestiere_parsed": "SAN MARCO", "parish_parsed": null, "sestiere_implied": false, "match_note": "Linear interpolation, dist=1.3m to nearest door", "location_cleaned": null, "fail_reason": "number_not_in_reference", "nom_classification": "inside_venice", "nominatim_query": null, "nominatim_flagged": false, "matched_lat": 45.434896925106131, "matched_lon": 12.33877139978498, "match_confidence": "nciv_interpolated", "geocoding_tier": 8 }, "geometry": { "type": "Point", "coordinates": [ 12.33877139978498, 45.434896925106131 ] } },
{ "type": "Feature", "properties": { "Name": "S.A. Costruzioni Cement Comprehes", "Address": "S. Vio 614.A", "Location": null, "Category": "cement con- truction e mandauti di calce", "Role": null, "Profession": "illuminazione pubblica", "Additional Info": "America Travel Servico", "page_num": 458, "source_file": "page_458_semantic.csv", "section": "indice_generale", "civic_num": 614.0, "civic_lett": null, "sestiere_parsed": "DORSODURO", "parish_parsed": null, "sestiere_implied": true, "match_note": "Linear interpolation, dist=6.4m to nearest door", "location_cleaned": "False", "fail_reason": "number_not_in_reference", "nom_classification": "inside_venice", "nominatim_query": null, "nominatim_flagged": false, "matched_lat": 45.429714216825651, "matched_lon": 12.329981496351191, "match_confidence": "nciv_interpolated", "geocoding_tier": 8 }, "geometry": { "type": "Point", "coordinates": [ 12.329981496351191, 45.429714216825651 ] } },
{ "type": "Feature", "properties": { "Name": "S. A. De Vifor", "Address": "S. Vio 614.A", "Location": "Metro", "Category": null, "Role": null, "Profession": "illuminazione pubblica", "Additional Info": "gmbt estrrogati", "page_num": 458, "source_file": "page_458_semantic.csv", "section": "indice_generale", "civic_num": 614.0, "civic_lett": null, "sestiere_parsed": "DORSODURO", "parish_parsed": null, "sestiere_implied": true, "match_note": "Linear interpolation, dist=6.4m to nearest door", "location_cleaned": "False", "fail_reason": "number_not_in_reference", "nom_classification": "inside_venice", "nominatim_query": null, "nominatim_flagged": false, "matched_lat": 45.429714216825651, "matched_lon": 12.329981496351191, "match_confidence": "nciv_interpolated", "geocoding_tier": 8 }, "geometry": { "type": "Point", "coordinates": [ 12.329981496351191, 45.429714216825651 ] } },
{ "type": "Feature", "properties": { "Name": "S. A. Panificatori acquisti collettivi SAPA", "Address": "Cannaregio 2298", "Location": null, "Category": "agenzia di viaggi e turismo,Cappellont Aldo", "Role": null, "Profession": "illuminazione pubblica", "Additional Info": "autotrasporti", "page_num": 460, "source_file": "page_460_semantic.csv", "section": "indice_generale", "civic_num": 2298.0, "civic_lett": null, "sestiere_parsed": "CANNAREGIO", "parish_parsed": null, "sestiere_implied": false, "match_note": "Linear interpolation, dist=9.6m to nearest door", "location_cleaned": null, "fail_reason": "number_not_in_reference", "nom_classification": "inside_venice", "nominatim_query": null, "nominatim_flagged": false, "matched_lat": 45.442749955152657, "matched_lon": 12.332488433288992, "match_confidence": "nciv_interpolated", "geocoding_tier": 8 }, "geometry": { "type": "Point", "coordinates": [ 12.332488433288992, 45.442749955152657 ] } },
{ "type": "Feature", "properties": { "Name": "Soc. Fondiaria Industriale Mobiliare e Immobiliare S.F.I.M.I.", "Address": "San Polo 3901", "Location": "via delle Macchine", "Category": "Società immobiliare", "Role": null, "Profession": "S.E.V", "Additional Info": "Soc. Fondiaria Industriale Mobiliare e Immobiliare S.F.I.M.I.", "page_num": 461, "source_file": "page_461_semantic.csv", "section": "indice_generale", "civic_num": 3901.0, "civic_lett": null, "sestiere_parsed": "SAN POLO", "parish_parsed": null, "sestiere_implied": false, "match_note": "Linear interpolation, dist=3.7m to nearest door", "location_cleaned": "False", "fail_reason": "number_not_in_reference", "nom_classification": "inside_venice", "nominatim_query": null, "nominatim_flagged": false, "matched_lat": 45.436855241851603, "matched_lon": 12.329169141254903, "match_confidence": "nciv_interpolated", "geocoding_tier": 8 }, "geometry": { "type": "Point", "coordinates": [ 12.329169141254903, 45.436855241851603 ] } },
{ "type": "Feature", "properties": { "Name": "Soppelsa Michele", "Address": "S. Marco 517", "Location": "Castello", "Category": "Ruga Giuffa", "Role": null, "Profession": "Società MARE", "Additional Info": "lingerie e maglierie", "page_num": 466, "source_file": "page_466_semantic.csv", "section": "indice_generale", "civic_num": 517.0, "civic_lett": null, "sestiere_parsed": "SAN MARCO", "parish_parsed": null, "sestiere_implied": false, "match_note": "Linear interpolation, dist=1.4m to nearest door", "location_cleaned": null, "fail_reason": "number_not_in_reference", "nom_classification": "inside_venice", "nominatim_query": null, "nominatim_flagged": false, "matched_lat": 45.436235895037214, "matched_lon": 12.338814804165844, "match_confidence": "nciv_interpolated", "geocoding_tier": 8 }, "geometry": { "type": "Point", "coordinates": [ 12.338814804165844, 45.436235895037214 ] } },
{ "type": "Feature", "properties": { "Name": "Spandri Vincenzo", "Address": "S. Marco 4185", "Location": null, "Category": "Stabilimento Marghera", "Role": null, "Profession": "ARTI GRAFICHE ESPERIA", "Additional Info": "avv.", "page_num": 467, "source_file": "page_467_semantic.csv", "section": "indice_generale", "civic_num": 4185.0, "civic_lett": null, "sestiere_parsed": "SAN MARCO", "parish_parsed": null, "sestiere_implied": false, "match_note": "Linear interpolation, dist=7.5m to nearest door", "location_cleaned": null, "fail_reason": "number_not_in_reference", "nom_classification": "inside_venice", "nominatim_query": null, "nominatim_flagged": false, "matched_lat": 45.436184298226216, "matched_lon": 12.334697782295432, "match_confidence": "nciv_interpolated", "geocoding_tier": 8 }, "geometry": { "type": "Point", "coordinates": [ 12.334697782295432, 45.436184298226216 ] } },
{ "type": "Feature", "properties": { "Name": "Spanio Angelo", "Address": "S. Marco 4185", "Location": null, "Category": "Stabilimento Marghera", "Role": "Consigliere Municipale", "Profession": "ARTI GRAFICHE ESPERIA", "Additional Info": "Telephone: 11-89, OFFICINA RIPARAZIONI VENETIA", "page_num": 467, "source_file": "page_467_semantic.csv", "section": "indice_generale", "civic_num": 4185.0, "civic_lett": null, "sestiere_parsed": "SAN MARCO", "parish_parsed": null, "sestiere_implied": false, "match_note": "Linear interpolation, dist=7.5m to nearest door", "location_cleaned": null, "fail_reason": "number_not_in_reference", "nom_classification": "inside_venice", "nominatim_query": null, "nominatim_flagged": false, "matched_lat": 45.436184298226216, "matched_lon": 12.334697782295432, "match_confidence": "nciv_interpolated", "geocoding_tier": 8 }, "geometry": { "type": "Point", "coordinates": [ 12.334697782295432, 45.436184298226216 ] } },
{ "type": "Feature", "properties": { "Name": "Sperti Attilio", "Address": "Cannaregio 1317", "Location": null, "Category": "Stabilimento Marghera", "Role": null, "Profession": "ARTI GRAFICHE ESPERIA", "Additional Info": "carbone e legna (dettagli.)", "page_num": 467, "source_file": "page_467_semantic.csv", "section": "indice_generale", "civic_num": 1317.0, "civic_lett": null, "sestiere_parsed": "CANNAREGIO", "parish_parsed": null, "sestiere_implied": false, "match_note": "Linear interpolation, dist=3.0m to nearest door", "location_cleaned": null, "fail_reason": "number_not_in_reference", "nom_classification": "inside_venice", "nominatim_query": null, "nominatim_flagged": false, "matched_lat": 45.443776466186719, "matched_lon": 12.326168409085302, "match_confidence": "nciv_interpolated", "geocoding_tier": 8 }, "geometry": { "type": "Point", "coordinates": [ 12.326168409085302, 45.443776466186719 ] } },
{ "type": "Feature", "properties": { "Name": "Spessa Ferruccio", "Address": "S. Marco 5042", "Location": null, "Category": "Stabilimento Marghera", "Role": null, "Profession": "ARTI GRAFICHE ESPERIA", "Additional Info": "avv.", "page_num": 467, "source_file": "page_467_semantic.csv", "section": "indice_generale", "civic_num": 5042.0, "civic_lett": null, "sestiere_parsed": "SAN MARCO", "parish_parsed": null, "sestiere_implied": false, "match_note": "Linear interpolation, dist=2.8m to nearest door", "location_cleaned": null, "fail_reason": "number_not_in_reference", "nom_classification": "inside_venice", "nominatim_query": null, "nominatim_flagged": false, "matched_lat": 45.437279366916052, "matched_lon": 12.336627950859272, "match_confidence": "nciv_interpolated", "geocoding_tier": 8 }, "geometry": { "type": "Point", "coordinates": [ 12.336627950859272, 45.437279366916052 ] } },
{ "type": "Feature", "properties": { "Name": "Squizzato rag. Giovanni", "Address": "S. Angelo 3553", "Location": null, "Category": "Stabilimento Marghera", "Role": null, "Profession": "ARTI GRAFICHE ESPERIA", "Additional Info": "dirett. di agenzia dell'Intendenza di Finanza", "page_num": 467, "source_file": "page_467_semantic.csv", "section": "indice_generale", "civic_num": 3553.0, "civic_lett": null, "sestiere_parsed": "SAN MARCO", "parish_parsed": "L'Angelo", "sestiere_implied": true, "match_note": "Linear interpolation, dist=6.4m to nearest door", "location_cleaned": null, "fail_reason": "number_not_in_reference", "nom_classification": "inside_venice", "nominatim_query": null, "nominatim_flagged": false, "matched_lat": 45.433838335356803, "matched_lon": 12.331973342959746, "match_confidence": "nciv_interpolated", "geocoding_tier": 8 }, "geometry": { "type": "Point", "coordinates": [ 12.331973342959746, 45.433838335356803 ] } },
{ "type": "Feature", "properties": { "Name": "Stefani Pajer Giovanni", "Address": "S. Polo 1389", "Location": "duse", "Category": "osteitrico", "Role": null, "Profession": "ARTI GRAFICHE ESPERIA", "Additional Info": "Telephone: 11-89, OFFICINA RIPARAZIONI VENETIA", "page_num": 468, "source_file": "page_468_semantic.csv", "section": "indice_generale", "civic_num": 1389.0, "civic_lett": null, "sestiere_parsed": "SAN POLO", "parish_parsed": null, "sestiere_implied": false, "match_note": "Linear interpolation, dist=0.1m to nearest door", "location_cleaned": null, "fail_reason": "number_not_in_reference", "nom_classification": "inside_venice", "nominatim_query": null, "nominatim_flagged": false, "matched_lat": 45.43705895886896, "matched_lon": 12.331438890740465, "match_confidence": "nciv_interpolated", "geocoding_tier": 8 }, "geometry": { "type": "Point", "coordinates": [ 12.331438890740465, 45.43705895886896 ] } },
{ "type": "Feature", "properties": { "Name": "Stocchetto Giovanni", "Address": "Cannaregio 1645", "Location": "duse", "Category": "articoli casalinghi", "Role": null, "Profession": "ARTI GRAFICHE ESPERIA", "Additional Info": "Telephone: 11-89, OFFICINA RIPARAZIONI VENETIA", "page_num": 468, "source_file": "page_468_semantic.csv", "section": "indice_generale", "civic_num": 1645.0, "civic_lett": null, "sestiere_parsed": "CANNAREGIO", "parish_parsed": null, "sestiere_implied": false, "match_note": "Linear interpolation, dist=2.7m to nearest door", "location_cleaned": null, "fail_reason": "number_not_in_reference", "nom_classification": "inside_venice", "nominatim_query": null, "nominatim_flagged": false, "matched_lat": 45.443723582284228, "matched_lon": 12.32763963918088, "match_confidence": "nciv_interpolated", "geocoding_tier": 8 }, "geometry": { "type": "Point", "coordinates": [ 12.32763963918088, 45.443723582284228 ] } },
{ "type": "Feature", "properties": { "Name": "Succ. Ettore Patessio", "Address": "D. Duro 1505", "Location": "duse", "Category": "elettricita idraulica e gas", "Role": null, "Profession": "ARTI GRAFICHE ESPERIA", "Additional Info": "Telephone: 11-89, OFFICINA RIPARAZIONI VENETIA", "page_num": 468, "source_file": "page_468_semantic.csv", "section": "indice_generale", "civic_num": 1505.0, "civic_lett": null, "sestiere_parsed": "DORSODURO", "parish_parsed": null, "sestiere_implied": false, "match_note": "Linear interpolation, dist=2.5m to nearest door", "location_cleaned": null, "fail_reason": "number_not_in_reference", "nom_classification": "inside_venice", "nominatim_query": null, "nominatim_flagged": false, "matched_lat": 45.431078742900688, "matched_lon": 12.321351796903651, "match_confidence": "nciv_interpolated", "geocoding_tier": 8 }, "geometry": { "type": "Point", "coordinates": [ 12.321351796903651, 45.431078742900688 ] } },
{ "type": "Feature", "properties": { "Name": "Suppepi Giorgio", "Address": "S. Marco 254", "Location": "duse", "Category": "avv.", "Role": null, "Profession": "ARTI GRAFICHE ESPERIA", "Additional Info": "Telephone: 11-89, OFFICINA RIPARAZIONI VENETIA", "page_num": 468, "source_file": "page_468_semantic.csv", "section": "indice_generale", "civic_num": 254.0, "civic_lett": null, "sestiere_parsed": "SAN MARCO", "parish_parsed": null, "sestiere_implied": false, "match_note": "Linear interpolation, dist=3.1m to nearest door", "location_cleaned": null, "fail_reason": "number_not_in_reference", "nom_classification": "inside_venice", "nominatim_query": null, "nominatim_flagged": false, "matched_lat": 45.435513993529902, "matched_lon": 12.338502469277978, "match_confidence": "nciv_interpolated", "geocoding_tier": 8 }, "geometry": { "type": "Point", "coordinates": [ 12.338502469277978, 45.435513993529902 ] } },
{ "type": "Feature", "properties": { "Name": "Tagliapietra Augusto", "Address": "Cannaregio 4088", "Location": "duse", "Category": "OFFICINA RIPARAZIONI MACCHINE PER SCRIVERE", "Role": null, "Profession": "Legname Compensato", "Additional Info": "Telephone: 11-89, OFFICINA RIPARAZIONI VENETIA", "page_num": 469, "source_file": "page_469_semantic.csv", "section": "indice_generale", "civic_num": 4088.0, "civic_lett": null, "sestiere_parsed": "CANNAREGIO", "parish_parsed": null, "sestiere_implied": false, "match_note": "Linear interpolation, dist=3.1m to nearest door", "location_cleaned": null, "fail_reason": "number_not_in_reference", "nom_classification": "inside_venice", "nominatim_query": null, "nominatim_flagged": false, "matched_lat": 45.442275648178153, "matched_lon": 12.335466698759092, "match_confidence": "nciv_interpolated", "geocoding_tier": 8 }, "geometry": { "type": "Point", "coordinates": [ 12.335466698759092, 45.442275648178153 ] } },
{ "type": "Feature", "properties": { "Name": "Tagliapietra Aurelio & F.lli", "Address": "Cannaregio 4088", "Location": "Vallicultura", "Category": "OFFICINA RIPARAZIONI MACCHINE PER SCRIVERE", "Role": null, "Profession": "ARTI GRAFICHE ESPERIA", "Additional Info": "Torcello", "page_num": 469, "source_file": "page_469_semantic.csv", "section": "indice_generale", "civic_num": 4088.0, "civic_lett": null, "sestiere_parsed": "CANNAREGIO", "parish_parsed": null, "sestiere_implied": false, "match_note": "Linear interpolation, dist=3.1m to nearest door", "location_cleaned": null, "fail_reason": "number_not_in_reference", "nom_classification": "inside_venice", "nominatim_query": null, "nominatim_flagged": false, "matched_lat": 45.442275648178153, "matched_lon": 12.335466698759092, "match_confidence": "nciv_interpolated", "geocoding_tier": 8 }, "geometry": { "type": "Point", "coordinates": [ 12.335466698759092, 45.442275648178153 ] } },
{ "type": "Feature", "properties": { "Name": "Tagliapietra dr. Bruno", "Address": "Cannaregio 4088", "Location": "duse", "Category": "OFFICINA RIPARAZIONI MACCHINE PER SCRIVERE", "Role": null, "Profession": "Medico", "Additional Info": "Torcello", "page_num": 469, "source_file": "page_469_semantic.csv", "section": "indice_generale", "civic_num": 4088.0, "civic_lett": null, "sestiere_parsed": "CANNAREGIO", "parish_parsed": null, "sestiere_implied": false, "match_note": "Linear interpolation, dist=3.1m to nearest door", "location_cleaned": null, "fail_reason": "number_not_in_reference", "nom_classification": "inside_venice", "nominatim_query": null, "nominatim_flagged": false, "matched_lat": 45.442275648178153, "matched_lon": 12.335466698759092, "match_confidence": "nciv_interpolated", "geocoding_tier": 8 }, "geometry": { "type": "Point", "coordinates": [ 12.335466698759092, 45.442275648178153 ] } },
{ "type": "Feature", "properties": { "Name": "Tanin dr. Marcello", "Address": "S. Marco 517", "Location": "duse", "Category": "OFFICINA RIPARAZIONI MACCHINE PER SCRIVERE", "Role": null, "Profession": "Medicina Generale", "Additional Info": "Telephone: 11-89, OFFICINA RIPARAZIONI VENETIA", "page_num": 469, "source_file": "page_469_semantic.csv", "section": "indice_generale", "civic_num": 517.0, "civic_lett": null, "sestiere_parsed": "SAN MARCO", "parish_parsed": null, "sestiere_implied": false, "match_note": "Linear interpolation, dist=1.4m to nearest door", "location_cleaned": null, "fail_reason": "number_not_in_reference", "nom_classification": "inside_venice", "nominatim_query": null, "nominatim_flagged": false, "matched_lat": 45.436235895037214, "matched_lon": 12.338814804165844, "match_confidence": "nciv_interpolated", "geocoding_tier": 8 }, "geometry": { "type": "Point", "coordinates": [ 12.338814804165844, 45.436235895037214 ] } },
{ "type": "Feature", "properties": { "Name": "Tanni Carlo", "Address": "S. Marco 517", "Location": "duse", "Category": "OFFICINA RIPARAZIONI MACCHINE PER SCRIVERE", "Role": null, "Profession": "Ristorante", "Additional Info": "Stazione Marittima", "page_num": 469, "source_file": "page_469_semantic.csv", "section": "indice_generale", "civic_num": 517.0, "civic_lett": null, "sestiere_parsed": "SAN MARCO", "parish_parsed": null, "sestiere_implied": false, "match_note": "Linear interpolation, dist=1.4m to nearest door", "location_cleaned": null, "fail_reason": "number_not_in_reference", "nom_classification": "inside_venice", "nominatim_query": null, "nominatim_flagged": false, "matched_lat": 45.436235895037214, "matched_lon": 12.338814804165844, "match_confidence": "nciv_interpolated", "geocoding_tier": 8 }, "geometry": { "type": "Point", "coordinates": [ 12.338814804165844, 45.436235895037214 ] } },
{ "type": "Feature", "properties": { "Name": "Taomina dr. Salvatore", "Address": "S. Marco 517", "Location": "duse", "Category": "OFFICINA RIPARAZIONI MACCHINE PER SCRIVERE", "Role": null, "Profession": "ARTI GRAFICHE ESPERIA", "Additional Info": "Ragioniere Inten., Direzione Lotto", "page_num": 469, "source_file": "page_469_semantic.csv", "section": "indice_generale", "civic_num": 517.0, "civic_lett": null, "sestiere_parsed": "SAN MARCO", "parish_parsed": null, "sestiere_implied": false, "match_note": "Linear interpolation, dist=1.4m to nearest door", "location_cleaned": null, "fail_reason": "number_not_in_reference", "nom_classification": "inside_venice", "nominatim_query": null, "nominatim_flagged": false, "matched_lat": 45.436235895037214, "matched_lon": 12.338814804165844, "match_confidence": "nciv_interpolated", "geocoding_tier": 8 }, "geometry": { "type": "Point", "coordinates": [ 12.338814804165844, 45.436235895037214 ] } },
{ "type": "Feature", "properties": { "Name": "Teatri Pietro di Allegrini Mario,", "Address": "S. Marco 705", "Location": "duse", "Category": "bar", "Role": null, "Profession": null, "Additional Info": "OCCASIONI CAMBI RICOSTRUZIONI NOLEGGI", "page_num": 470, "source_file": "page_470_semantic.csv", "section": "indice_generale", "civic_num": 705.0, "civic_lett": null, "sestiere_parsed": "SAN MARCO", "parish_parsed": null, "sestiere_implied": false, "match_note": "Linear interpolation, dist=3.2m to nearest door", "location_cleaned": null, "fail_reason": "number_not_in_reference", "nom_classification": "inside_venice", "nominatim_query": null, "nominatim_flagged": false, "matched_lat": 45.435802866505661, "matched_lon": 12.338205102901844, "match_confidence": "nciv_interpolated", "geocoding_tier": 8 }, "geometry": { "type": "Point", "coordinates": [ 12.338205102901844, 45.435802866505661 ] } },
{ "type": "Feature", "properties": { "Name": "Tedeschi prof. Cleouice,", "Address": "S. Marco 705", "Location": "duse", "Category": "Insegnante Accademia di Belle Arti", "Role": null, "Profession": null, "Additional Info": "OCCASIONI CAMBI RICOSTRUZIONI NOLEGGI", "page_num": 470, "source_file": "page_470_semantic.csv", "section": "indice_generale", "civic_num": 705.0, "civic_lett": null, "sestiere_parsed": "SAN MARCO", "parish_parsed": null, "sestiere_implied": false, "match_note": "Linear interpolation, dist=3.2m to nearest door", "location_cleaned": null, "fail_reason": "number_not_in_reference", "nom_classification": "inside_venice", "nominatim_query": null, "nominatim_flagged": false, "matched_lat": 45.435802866505661, "matched_lon": 12.338205102901844, "match_confidence": "nciv_interpolated", "geocoding_tier": 8 }, "geometry": { "type": "Point", "coordinates": [ 12.338205102901844, 45.435802866505661 ] } },
{ "type": "Feature", "properties": { "Name": "Tesciar Francesco,", "Address": "D. Duro 1255", "Location": "duse", "Category": "calzature", "Role": null, "Profession": null, "Additional Info": "OCCASIONI CAMBI RICOSTRUZIONI NOLEGGI", "page_num": 470, "source_file": "page_470_semantic.csv", "section": "indice_generale", "civic_num": 1255.0, "civic_lett": null, "sestiere_parsed": "DORSODURO", "parish_parsed": null, "sestiere_implied": false, "match_note": "Linear interpolation, dist=1.0m to nearest door", "location_cleaned": null, "fail_reason": "number_not_in_reference", "nom_classification": "inside_venice", "nominatim_query": null, "nominatim_flagged": false, "matched_lat": 45.432514740249545, "matched_lon": 12.326565692453268, "match_confidence": "nciv_interpolated", "geocoding_tier": 8 }, "geometry": { "type": "Point", "coordinates": [ 12.326565692453268, 45.432514740249545 ] } },
{ "type": "Feature", "properties": { "Name": "Tesio Raimondo o Mario c Neo Smalto » ", "Address": "D. Duro 1255", "Location": "duse", "Category": "OFFICINA RIPARAZIONI MACCHINE PER SCRIVERE", "Role": null, "Profession": null, "Additional Info": "Smalti | Campiello Selvatico", "page_num": 470, "source_file": "page_470_semantic.csv", "section": "indice_generale", "civic_num": 1255.0, "civic_lett": null, "sestiere_parsed": "DORSODURO", "parish_parsed": null, "sestiere_implied": false, "match_note": "Linear interpolation, dist=1.0m to nearest door", "location_cleaned": null, "fail_reason": "number_not_in_reference", "nom_classification": "inside_venice", "nominatim_query": null, "nominatim_flagged": false, "matched_lat": 45.432514740249545, "matched_lon": 12.326565692453268, "match_confidence": "nciv_interpolated", "geocoding_tier": 8 }, "geometry": { "type": "Point", "coordinates": [ 12.326565692453268, 45.432514740249545 ] } },
{ "type": "Feature", "properties": { "Name": "ToffoIutti E. & C. Succ. di Donadelli Roberto", "Address": "S. Marco 5315, 5166", "Location": "duse", "Category": "OFFICINA RIPARAZIONI MACCHINE PER SCRIVERE", "Role": null, "Profession": null, "Additional Info": "stoffe tessuti", "page_num": 471, "source_file": "page_471_semantic.csv", "section": "indice_generale", "civic_num": 5315.0, "civic_lett": null, "sestiere_parsed": "SAN MARCO", "parish_parsed": null, "sestiere_implied": false, "match_note": "Linear interpolation, dist=4.9m to nearest door", "location_cleaned": "False", "fail_reason": "number_not_in_reference", "nom_classification": "inside_venice", "nominatim_query": null, "nominatim_flagged": false, "matched_lat": 45.437754946589948, "matched_lon": 12.336578937479468, "match_confidence": "nciv_interpolated", "geocoding_tier": 8 }, "geometry": { "type": "Point", "coordinates": [ 12.336578937479468, 45.437754946589948 ] } },
{ "type": "Feature", "properties": { "Name": "Tomas Ettore", "Address": "S. Marco 657", "Location": "duse", "Category": "OFFICINA RIPARAZIONI MACCHINE PER SCRIVERE", "Role": null, "Profession": "bottiglieriа", "Additional Info": "OCCASIONI CAMBI RICOSTRUZIONI NOLEGGI", "page_num": 471, "source_file": "page_471_semantic.csv", "section": "indice_generale", "civic_num": 657.0, "civic_lett": null, "sestiere_parsed": "SAN MARCO", "parish_parsed": null, "sestiere_implied": false, "match_note": "Linear interpolation, dist=6.0m to nearest door", "location_cleaned": "False", "fail_reason": "number_not_in_reference", "nom_classification": "inside_venice", "nominatim_query": null, "nominatim_flagged": false, "matched_lat": 45.435199460320248, "matched_lon": 12.339264527899299, "match_confidence": "nciv_interpolated", "geocoding_tier": 8 }, "geometry": { "type": "Point", "coordinates": [ 12.339264527899299, 45.435199460320248 ] } },
{ "type": "Feature", "properties": { "Name": "Tomasina Mario", "Address": "S. Marco 657", "Location": "duse", "Category": "OFFICINA RIPARAZIONI MACCHINE PER SCRIVERE", "Role": null, "Profession": null, "Additional Info": "molimi (negozio) | Camin. numeroяв", "page_num": 471, "source_file": "page_471_semantic.csv", "section": "indice_generale", "civic_num": 657.0, "civic_lett": null, "sestiere_parsed": "SAN MARCO", "parish_parsed": null, "sestiere_implied": false, "match_note": "Linear interpolation, dist=6.0m to nearest door", "location_cleaned": "False", "fail_reason": "number_not_in_reference", "nom_classification": "inside_venice", "nominatim_query": null, "nominatim_flagged": false, "matched_lat": 45.435199460320248, "matched_lon": 12.339264527899299, "match_confidence": "nciv_interpolated", "geocoding_tier": 8 }, "geometry": { "type": "Point", "coordinates": [ 12.339264527899299, 45.435199460320248 ] } },
{ "type": "Feature", "properties": { "Name": "Tongutti Agostino", "Address": "San Marco 1525", "Location": "duse", "Category": "OFFICINA RIPARAZIONI MACCHINE PER SCRIVERE", "Role": null, "Profession": null, "Additional Info": "mobili (negozio)", "page_num": 472, "source_file": "page_472_semantic.csv", "section": "indice_generale", "civic_num": 1525.0, "civic_lett": null, "sestiere_parsed": "SAN MARCO", "parish_parsed": null, "sestiere_implied": false, "match_note": "Linear interpolation, dist=2.1m to nearest door", "location_cleaned": "False", "fail_reason": "number_not_in_reference", "nom_classification": "inside_venice", "nominatim_query": null, "nominatim_flagged": false, "matched_lat": 45.433456358840566, "matched_lon": 12.335691839052116, "match_confidence": "nciv_interpolated", "geocoding_tier": 8 }, "geometry": { "type": "Point", "coordinates": [ 12.335691839052116, 45.433456358840566 ] } },
{ "type": "Feature", "properties": { "Name": "Toniolo Giovanna", "Address": "S. Marco 2841", "Location": "duse", "Category": "OFFICINA RIPARAZIONI MACCHINE PER SCRIVERE", "Role": null, "Profession": null, "Additional Info": "osteria", "page_num": 472, "source_file": "page_472_semantic.csv", "section": "indice_generale", "civic_num": 2841.0, "civic_lett": null, "sestiere_parsed": "SAN MARCO", "parish_parsed": null, "sestiere_implied": false, "match_note": "Linear interpolation, dist=7.7m to nearest door", "location_cleaned": "False", "fail_reason": "number_not_in_reference", "nom_classification": "inside_venice", "nominatim_query": null, "nominatim_flagged": false, "matched_lat": 45.43226749762912, "matched_lon": 12.329945212234929, "match_confidence": "nciv_interpolated", "geocoding_tier": 8 }, "geometry": { "type": "Point", "coordinates": [ 12.329945212234929, 45.43226749762912 ] } },
{ "type": "Feature", "properties": { "Name": "Trevisanato Gino Aldo", "Address": "S. Polo 355", "Location": "duse", "Category": "polleria", "Role": null, "Profession": null, "Additional Info": "OFFICINA RIPARAZIONI MACCHINE PER SCRIVERE", "page_num": 474, "source_file": "page_474_semantic.csv", "section": "indice_generale", "civic_num": 355.0, "civic_lett": null, "sestiere_parsed": "SAN POLO", "parish_parsed": null, "sestiere_implied": false, "match_note": "Linear interpolation, dist=1.7m to nearest door", "location_cleaned": null, "fail_reason": "number_not_in_reference", "nom_classification": "inside_venice", "nominatim_query": null, "nominatim_flagged": false, "matched_lat": 45.439516954119185, "matched_lon": 12.333598120201923, "match_confidence": "nciv_interpolated", "geocoding_tier": 8 }, "geometry": { "type": "Point", "coordinates": [ 12.333598120201923, 45.439516954119185 ] } },
{ "type": "Feature", "properties": { "Name": "Trevisin Lina", "Address": "S. Marco 427", "Location": "duse", "Category": "parrucchiera per signora", "Role": null, "Profession": null, "Additional Info": "OFFICINA RIPARAZIONI MACCHINE PER SCRIVERE", "page_num": 474, "source_file": "page_474_semantic.csv", "section": "indice_generale", "civic_num": 427.0, "civic_lett": null, "sestiere_parsed": "SAN MARCO", "parish_parsed": null, "sestiere_implied": false, "match_note": "Linear interpolation, dist=4.3m to nearest door", "location_cleaned": null, "fail_reason": "number_not_in_reference", "nom_classification": "inside_venice", "nominatim_query": null, "nominatim_flagged": false, "matched_lat": 45.435437815520075, "matched_lon": 12.339463304808476, "match_confidence": "nciv_interpolated", "geocoding_tier": 8 }, "geometry": { "type": "Point", "coordinates": [ 12.339463304808476, 45.435437815520075 ] } },
{ "type": "Feature", "properties": { "Name": "Ultimoda", "Address": "S. Marco 74", "Location": "duse", "Category": "confezioni varie", "Role": null, "Profession": null, "Additional Info": "OFFICINA RIPARAZIONI MACCHINE PER SCRIVERE", "page_num": 475, "source_file": "page_475_semantic.csv", "section": "indice_generale", "civic_num": 74.0, "civic_lett": null, "sestiere_parsed": "SAN MARCO", "parish_parsed": null, "sestiere_implied": false, "match_note": "Linear interpolation, dist=4.9m to nearest door", "location_cleaned": null, "fail_reason": "number_not_in_reference", "nom_classification": "inside_venice", "nominatim_query": null, "nominatim_flagged": false, "matched_lat": 45.433533483630768, "matched_lon": 12.337244344422649, "match_confidence": "nciv_interpolated", "geocoding_tier": 8 }, "geometry": { "type": "Point", "coordinates": [ 12.337244344422649, 45.433533483630768 ] } },
{ "type": "Feature", "properties": { "Name": "Ulini dr. Teofilo", "Address": "S. Marco 74", "Location": "duse", "Category": "Capo Divisione 2-na", "Role": null, "Profession": null, "Additional Info": "Prefettura", "page_num": 475, "source_file": "page_475_semantic.csv", "section": "indice_generale", "civic_num": 74.0, "civic_lett": null, "sestiere_parsed": "SAN MARCO", "parish_parsed": null, "sestiere_implied": false, "match_note": "Linear interpolation, dist=4.9m to nearest door", "location_cleaned": null, "fail_reason": "number_not_in_reference", "nom_classification": "inside_venice", "nominatim_query": null, "nominatim_flagged": false, "matched_lat": 45.433533483630768, "matched_lon": 12.337244344422649, "match_confidence": "nciv_interpolated", "geocoding_tier": 8 }, "geometry": { "type": "Point", "coordinates": [ 12.337244344422649, 45.433533483630768 ] } },
{ "type": "Feature", "properties": { "Name": "Vaccarini Carlo", "Address": "S. Croce 1297", "Location": "duse", "Category": "elettricista e idraulico", "Role": null, "Profession": null, "Additional Info": "OFFICINA RIPARAZIONI MACCHINE PER SCRIVERE", "page_num": 476, "source_file": "page_476_semantic.csv", "section": "indice_generale", "civic_num": 1297.0, "civic_lett": null, "sestiere_parsed": "SANTA CROCE", "parish_parsed": null, "sestiere_implied": false, "match_note": "Linear interpolation, dist=6.9m to nearest door", "location_cleaned": "False", "fail_reason": "number_not_in_reference", "nom_classification": "inside_venice", "nominatim_query": null, "nominatim_flagged": false, "matched_lat": 45.441912771632403, "matched_lon": 12.325690815769276, "match_confidence": "nciv_interpolated", "geocoding_tier": 8 }, "geometry": { "type": "Point", "coordinates": [ 12.325690815769276, 45.441912771632403 ] } },
{ "type": "Feature", "properties": { "Name": "Vallot Luigi & Bucintoro", "Address": "Castello 4137, 38", "Location": "duse", "Category": null, "Role": null, "Profession": null, "Additional Info": "caffè (esercizi)", "page_num": 476, "source_file": "page_476_semantic.csv", "section": "indice_generale", "civic_num": 4137.0, "civic_lett": null, "sestiere_parsed": "CASTELLO", "parish_parsed": null, "sestiere_implied": false, "match_note": "Linear interpolation, dist=0.9m to nearest door", "location_cleaned": "False", "fail_reason": "number_not_in_reference", "nom_classification": "inside_venice", "nominatim_query": null, "nominatim_flagged": false, "matched_lat": 45.433907251420294, "matched_lon": 12.346508190177737, "match_confidence": "nciv_interpolated", "geocoding_tier": 8 }, "geometry": { "type": "Point", "coordinates": [ 12.346508190177737, 45.433907251420294 ] } },
{ "type": "Feature", "properties": { "Name": "Vanini cav. dr. Antonio", "Address": "Corte Rubbi (alla Fava) 551", "Location": "Castello", "Category": "OFFICINA RIPARAZIONI MACCHINE PER SCRIVERE", "Role": null, "Profession": null, "Additional Info": "Chimico Specializzato", "page_num": 477, "source_file": "page_477_semantic.csv", "section": "indice_generale", "civic_num": 551.0, "civic_lett": null, "sestiere_parsed": "CASTELLO", "parish_parsed": null, "sestiere_implied": false, "match_note": "Linear interpolation, dist=0.2m to nearest door", "location_cleaned": null, "fail_reason": "number_not_in_reference", "nom_classification": "inside_venice", "nominatim_query": null, "nominatim_flagged": false, "matched_lat": 45.431586414386352, "matched_lon": 12.356991156430922, "match_confidence": "nciv_interpolated", "geocoding_tier": 8 }, "geometry": { "type": "Point", "coordinates": [ 12.356991156430922, 45.431586414386352 ] } },
{ "type": "Feature", "properties": { "Name": "Vascellari Giuseppe", "Address": "S. Polo 4127", "Location": "duse", "Category": "ottica", "Role": null, "Profession": null, "Additional Info": "(commercio)", "page_num": 477, "source_file": "page_477_semantic.csv", "section": "indice_generale", "civic_num": 4127.0, "civic_lett": null, "sestiere_parsed": "SAN POLO", "parish_parsed": null, "sestiere_implied": false, "match_note": "Linear interpolation, dist=5.9m to nearest door", "location_cleaned": null, "fail_reason": "number_not_in_reference", "nom_classification": "inside_venice", "nominatim_query": null, "nominatim_flagged": false, "matched_lat": 45.437042704201588, "matched_lon": 12.330239457237465, "match_confidence": "nciv_interpolated", "geocoding_tier": 8 }, "geometry": { "type": "Point", "coordinates": [ 12.330239457237465, 45.437042704201588 ] } },
{ "type": "Feature", "properties": { "Name": "Vasconi Margherita", "Address": "S. Croce 3381", "Location": "duse", "Category": "ostetrica", "Role": null, "Profession": null, "Additional Info": "OFFICINA RIPARAZIONI MACCHINE PER SCRIVERE", "page_num": 477, "source_file": "page_477_semantic.csv", "section": "indice_generale", "civic_num": 3381.0, "civic_lett": null, "sestiere_parsed": "SANTA CROCE", "parish_parsed": null, "sestiere_implied": false, "match_note": "Linear interpolation, dist=8.9m to nearest door", "location_cleaned": null, "fail_reason": "number_not_in_reference", "nom_classification": "inside_venice", "nominatim_query": null, "nominatim_flagged": false, "matched_lat": 45.436799138876637, "matched_lon": 12.324270845418818, "match_confidence": "nciv_interpolated", "geocoding_tier": 8 }, "geometry": { "type": "Point", "coordinates": [ 12.324270845418818, 45.436799138876637 ] } },
{ "type": "Feature", "properties": { "Name": "Vazzanelli c Ponti", "Address": "S. Marco 5496", "Location": "duse", "Category": "trattoria", "Role": null, "Profession": null, "Additional Info": "OFFICINA RIPARAZIONI MACCHINE PER SCRIVERE", "page_num": 477, "source_file": "page_477_semantic.csv", "section": "indice_generale", "civic_num": 5496.0, "civic_lett": null, "sestiere_parsed": "SAN MARCO", "parish_parsed": null, "sestiere_implied": false, "match_note": "Linear interpolation, dist=7.1m to nearest door", "location_cleaned": null, "fail_reason": "number_not_in_reference", "nom_classification": "inside_venice", "nominatim_query": null, "nominatim_flagged": false, "matched_lat": 45.438010984423379, "matched_lon": 12.33750310396859, "match_confidence": "nciv_interpolated", "geocoding_tier": 8 }, "geometry": { "type": "Point", "coordinates": [ 12.33750310396859, 45.438010984423379 ] } },
{ "type": "Feature", "properties": { "Name": "Vecchi prof. Alessandro", "Address": "S. Marco 5496", "Location": "duse", "Category": "disegnatore", "Role": "Palazzo Ducale", "Profession": " Medioevali e Moderni del Veneto Orientale", "Additional Info": "Superintendenza ai Monumenti", "page_num": 477, "source_file": "page_477_semantic.csv", "section": "indice_generale", "civic_num": 5496.0, "civic_lett": null, "sestiere_parsed": "SAN MARCO", "parish_parsed": null, "sestiere_implied": false, "match_note": "Linear interpolation, dist=7.1m to nearest door", "location_cleaned": null, "fail_reason": "number_not_in_reference", "nom_classification": "inside_venice", "nominatim_query": null, "nominatim_flagged": false, "matched_lat": 45.438010984423379, "matched_lon": 12.33750310396859, "match_confidence": "nciv_interpolated", "geocoding_tier": 8 }, "geometry": { "type": "Point", "coordinates": [ 12.33750310396859, 45.438010984423379 ] } },
{ "type": "Feature", "properties": { "Name": "Vecchi Giuseppe", "Address": "S. Marco 5496", "Location": "duse", "Category": "Consigliere Municipale", "Role": null, "Profession": null, "Additional Info": "OFFICINA RIPARAZIONI MACCHINE PER SCRIVERE", "page_num": 477, "source_file": "page_477_semantic.csv", "section": "indice_generale", "civic_num": 5496.0, "civic_lett": null, "sestiere_parsed": "SAN MARCO", "parish_parsed": null, "sestiere_implied": false, "match_note": "Linear interpolation, dist=7.1m to nearest door", "location_cleaned": null, "fail_reason": "number_not_in_reference", "nom_classification": "inside_venice", "nominatim_query": null, "nominatim_flagged": false, "matched_lat": 45.438010984423379, "matched_lon": 12.33750310396859, "match_confidence": "nciv_interpolated", "geocoding_tier": 8 }, "geometry": { "type": "Point", "coordinates": [ 12.33750310396859, 45.438010984423379 ] } },
{ "type": "Feature", "properties": { "Name": "Vedova Gino", "Address": "S. Marco 32", "Location": "duse", "Category": "Segretario", "Role": null, "Profession": null, "Additional Info": "(ANPI)", "page_num": 477, "source_file": "page_477_semantic.csv", "section": "indice_generale", "civic_num": 32.0, "civic_lett": null, "sestiere_parsed": "SAN MARCO", "parish_parsed": null, "sestiere_implied": false, "match_note": "Linear interpolation, dist=2.1m to nearest door", "location_cleaned": null, "fail_reason": "number_not_in_reference", "nom_classification": "inside_venice", "nominatim_query": null, "nominatim_flagged": false, "matched_lat": 45.43388705049081, "matched_lon": 12.339127530630687, "match_confidence": "nciv_interpolated", "geocoding_tier": 8 }, "geometry": { "type": "Point", "coordinates": [ 12.339127530630687, 45.43388705049081 ] } },
{ "type": "Feature", "properties": { "Name": "Venturini Proclo", "Address": "S. Polo 5109.4", "Location": "duse", "Category": "decoratore o pittore", "Role": null, "Profession": null, "Additional Info": "Venezia - Via XXII Marzo, 2288, Telephone: 25-889", "page_num": 478, "source_file": "page_478_semantic.csv", "section": "indice_generale", "civic_num": 5109.0, "civic_lett": null, "sestiere_parsed": "SAN POLO", "parish_parsed": null, "sestiere_implied": false, "match_note": "Linear interpolation, dist=4.0m to nearest door", "location_cleaned": null, "fail_reason": "number_not_in_reference", "nom_classification": "inside_venice", "nominatim_query": null, "nominatim_flagged": false, "matched_lat": 45.437857138211051, "matched_lon": 12.334890209661998, "match_confidence": "nciv_interpolated", "geocoding_tier": 8 }, "geometry": { "type": "Point", "coordinates": [ 12.334890209661998, 45.437857138211051 ] } },
{ "type": "Feature", "properties": { "Name": "Viancllo Caterina", "Address": "Cannaregio 2295", "Location": "duse", "Category": "MACCHINE per scrivere -- Calcolatrici - Duplicatori", "Role": null, "Profession": null, "Additional Info": "fiori, piante e sementi", "page_num": 479, "source_file": "page_479_semantic.csv", "section": "indice_generale", "civic_num": 2295.0, "civic_lett": null, "sestiere_parsed": "CANNAREGIO", "parish_parsed": null, "sestiere_implied": false, "match_note": "Linear interpolation, dist=4.8m to nearest door", "location_cleaned": "False", "fail_reason": "number_not_in_reference", "nom_classification": "inside_venice", "nominatim_query": null, "nominatim_flagged": false, "matched_lat": 45.442708546445658, "matched_lon": 12.332472013493993, "match_confidence": "nciv_interpolated", "geocoding_tier": 8 }, "geometry": { "type": "Point", "coordinates": [ 12.332472013493993, 45.442708546445658 ] } },
{ "type": "Feature", "properties": { "Name": "Vianello Mario", "Address": "D. Duro 681", "Location": "duse", "Category": "pasticceria", "Role": null, "Profession": null, "Additional Info": "Venezia - Via XXII Marzo, 2288, Telephone: 25-889", "page_num": 480, "source_file": "page_480_semantic.csv", "section": "indice_generale", "civic_num": 681.0, "civic_lett": null, "sestiere_parsed": "DORSODURO", "parish_parsed": null, "sestiere_implied": false, "match_note": "Linear interpolation, dist=1.9m to nearest door", "location_cleaned": "False", "fail_reason": "number_not_in_reference", "nom_classification": "inside_venice", "nominatim_query": "Dorsoduro, Venezia, Italy", "nominatim_flagged": false, "matched_lat": 45.430501459497464, "matched_lon": 12.330594272518644, "match_confidence": "nciv_interpolated", "geocoding_tier": 8 }, "geometry": { "type": "Point", "coordinates": [ 12.330594272518644, 45.430501459497464 ] } },
{ "type": "Feature", "properties": { "Name": "Vidali Bruno", "Address": "Cann. 5599-A", "Location": "duse", "Category": "Ass. Supattiva Venziana e C. Reper D.", "Role": null, "Profession": null, "Additional Info": "Presid", "page_num": 480, "source_file": "page_480_semantic.csv", "section": "indice_generale", "civic_num": 5599.0, "civic_lett": "A", "sestiere_parsed": "CANNAREGIO", "parish_parsed": null, "sestiere_implied": false, "match_note": "Linear interpolation, dist=4.3m to nearest door", "location_cleaned": "False", "fail_reason": "number_not_in_reference", "nom_classification": "inside_venice", "nominatim_query": null, "nominatim_flagged": false, "matched_lat": 45.439787656315879, "matched_lon": 12.337134375209422, "match_confidence": "nciv_interpolated", "geocoding_tier": 8 }, "geometry": { "type": "Point", "coordinates": [ 12.337134375209422, 45.439787656315879 ] } },
{ "type": "Feature", "properties": { "Name": "Vidoli Giorgio", "Address": "S. Marco 1467", "Location": "duse", "Category": "MACCHINE per scrivere -- Calcolatrici - Duplicatori", "Role": null, "Profession": null, "Additional Info": "manittature", "page_num": 480, "source_file": "page_480_semantic.csv", "section": "indice_generale", "civic_num": 1467.0, "civic_lett": null, "sestiere_parsed": "SAN MARCO", "parish_parsed": null, "sestiere_implied": false, "match_note": "Linear interpolation, dist=1.8m to nearest door", "location_cleaned": "False", "fail_reason": "number_not_in_reference", "nom_classification": "inside_venice", "nominatim_query": "Sestiere San Marco, Venezia, Italy", "nominatim_flagged": false, "matched_lat": 45.433249120104513, "matched_lon": 12.33584883241724, "match_confidence": "nciv_interpolated", "geocoding_tier": 8 }, "geometry": { "type": "Point", "coordinates": [ 12.33584883241724, 45.433249120104513 ] } },
{ "type": "Feature", "properties": { "Name": "Viggiano dr. Alfredo", "Address": "S. Polo 3808", "Location": "duse", "Category": "medicina generale", "Role": null, "Profession": null, "Additional Info": "Venezia - Via XXII Marzo, 2288, Telephone: 25-889", "page_num": 480, "source_file": "page_480_semantic.csv", "section": "indice_generale", "civic_num": 3808.0, "civic_lett": null, "sestiere_parsed": "SAN POLO", "parish_parsed": null, "sestiere_implied": false, "match_note": "Linear interpolation, dist=0.8m to nearest door", "location_cleaned": "False", "fail_reason": "number_not_in_reference", "nom_classification": "inside_venice", "nominatim_query": null, "nominatim_flagged": false, "matched_lat": 45.436778097394544, "matched_lon": 12.328728703678276, "match_confidence": "nciv_interpolated", "geocoding_tier": 8 }, "geometry": { "type": "Point", "coordinates": [ 12.328728703678276, 45.436778097394544 ] } },
{ "type": "Feature", "properties": { "Name": "Vimercati ing. Renato", "Address": "Santa Croce 3459", "Location": "duse", "Category": "impresa edile", "Role": null, "Profession": null, "Additional Info": "Venezia - Via XXII Marzo, 2288, Telephone: 25-889", "page_num": 481, "source_file": "page_481_semantic.csv", "section": "indice_generale", "civic_num": 3459.0, "civic_lett": null, "sestiere_parsed": "SANTA CROCE", "parish_parsed": null, "sestiere_implied": false, "match_note": "Linear interpolation, dist=3.7m to nearest door", "location_cleaned": "False", "fail_reason": "number_not_in_reference", "nom_classification": "inside_venice", "nominatim_query": null, "nominatim_flagged": false, "matched_lat": 45.436564302309982, "matched_lon": 12.323694399123225, "match_confidence": "nciv_interpolated", "geocoding_tier": 8 }, "geometry": { "type": "Point", "coordinates": [ 12.323694399123225, 45.436564302309982 ] } },
{ "type": "Feature", "properties": { "Name": "Zanetti Giovanni", "Address": "Cann. 5939", "Location": "duse", "Category": "Commerce", "Role": null, "Profession": null, "Additional Info": "barbiere", "page_num": 484, "source_file": "page_484_semantic.csv", "section": "indice_generale", "civic_num": 5939.0, "civic_lett": null, "sestiere_parsed": "CANNAREGIO", "parish_parsed": null, "sestiere_implied": false, "match_note": "Linear interpolation, dist=2.1m to nearest door", "location_cleaned": null, "fail_reason": "number_not_in_reference", "nom_classification": "inside_venice", "nominatim_query": null, "nominatim_flagged": false, "matched_lat": 45.439767502508104, "matched_lon": 12.337994448004096, "match_confidence": "nciv_interpolated", "geocoding_tier": 8 }, "geometry": { "type": "Point", "coordinates": [ 12.337994448004096, 45.439767502508104 ] } },
{ "type": "Feature", "properties": { "Name": "Zanolin Maria", "Address": "Castello 5650", "Location": "duse", "Category": "MACCHINE per scrivere -- Calcolatrici - Duplicatori", "Role": null, "Profession": null, "Additional Info": "osteriate", "page_num": 485, "source_file": "page_485_semantic.csv", "section": "indice_generale", "civic_num": 5650.0, "civic_lett": null, "sestiere_parsed": "CASTELLO", "parish_parsed": null, "sestiere_implied": false, "match_note": "Linear interpolation, dist=1.9m to nearest door", "location_cleaned": "False", "fail_reason": "number_not_in_reference", "nom_classification": "inside_venice", "nominatim_query": null, "nominatim_flagged": false, "matched_lat": 45.437967943279027, "matched_lon": 12.338393803783449, "match_confidence": "nciv_interpolated", "geocoding_tier": 8 }, "geometry": { "type": "Point", "coordinates": [ 12.338393803783449, 45.437967943279027 ] } },
{ "type": "Feature", "properties": { "Name": "Zarotti Giovanni", "Address": "Castello 6587", "Location": "duse", "Category": "MACCHINE per scrivere -- Calcolatrici - Duplicatori", "Role": null, "Profession": null, "Additional Info": "Ginecologo", "page_num": 486, "source_file": "page_486_semantic.csv", "section": "indice_generale", "civic_num": 6587.0, "civic_lett": null, "sestiere_parsed": "CASTELLO", "parish_parsed": null, "sestiere_implied": false, "match_note": "Linear interpolation, dist=7.5m to nearest door", "location_cleaned": null, "fail_reason": "number_not_in_reference", "nom_classification": "inside_venice", "nominatim_query": null, "nominatim_flagged": false, "matched_lat": 45.440481544723148, "matched_lon": 12.344973095427916, "match_confidence": "nciv_interpolated", "geocoding_tier": 8 }, "geometry": { "type": "Point", "coordinates": [ 12.344973095427916, 45.440481544723148 ] } },
{ "type": "Feature", "properties": { "Name": "Zasio dr. Luigi", "Address": "Castello 6587", "Location": "duse", "Category": "MACCHINE per scrivere -- Calcolatrici - Duplicatori", "Role": null, "Profession": null, "Additional Info": "Amministrazione generale Santa Maria del Giglio", "page_num": 486, "source_file": "page_486_semantic.csv", "section": "indice_generale", "civic_num": 6587.0, "civic_lett": null, "sestiere_parsed": "CASTELLO", "parish_parsed": null, "sestiere_implied": false, "match_note": "Linear interpolation, dist=7.5m to nearest door", "location_cleaned": null, "fail_reason": "number_not_in_reference", "nom_classification": "inside_venice", "nominatim_query": null, "nominatim_flagged": false, "matched_lat": 45.440481544723148, "matched_lon": 12.344973095427916, "match_confidence": "nciv_interpolated", "geocoding_tier": 8 }, "geometry": { "type": "Point", "coordinates": [ 12.344973095427916, 45.440481544723148 ] } },
{ "type": "Feature", "properties": { "Name": "Zecchi Emilio", "Address": "S. Marco merceria dell'Orologio 299", "Location": "duse", "Category": "MACCHINE per scrivere -- Calcolatrici - Duplicatori", "Role": null, "Profession": null, "Additional Info": "Calzature", "page_num": 486, "source_file": "page_486_semantic.csv", "section": "indice_generale", "civic_num": 299.0, "civic_lett": null, "sestiere_parsed": "SAN MARCO", "parish_parsed": null, "sestiere_implied": false, "match_note": "Linear interpolation, dist=2.1m to nearest door", "location_cleaned": null, "fail_reason": "number_not_in_reference", "nom_classification": "inside_venice", "nominatim_query": "Merceria dell'Orologio, Venezia, Italy", "nominatim_flagged": false, "matched_lat": 45.434870220997041, "matched_lon": 12.33885882974457, "match_confidence": "nciv_interpolated", "geocoding_tier": 8 }, "geometry": { "type": "Point", "coordinates": [ 12.33885882974457, 45.434870220997041 ] } },
{ "type": "Feature", "properties": { "Name": "Zennero Giovanni", "Address": "S. Marco 1381", "Location": "duse", "Category": "MACCHINE per scrivere -- Calcolatrici - Duplicatori", "Role": null, "Profession": null, "Additional Info": "Specialità veneziane", "page_num": 486, "source_file": "page_486_semantic.csv", "section": "indice_generale", "civic_num": 1381.0, "civic_lett": null, "sestiere_parsed": "SAN MARCO", "parish_parsed": null, "sestiere_implied": false, "match_note": "Linear interpolation, dist=5.5m to nearest door", "location_cleaned": null, "fail_reason": "number_not_in_reference", "nom_classification": "inside_venice", "nominatim_query": null, "nominatim_flagged": false, "matched_lat": 45.432771556244184, "matched_lon": 12.336513315947974, "match_confidence": "nciv_interpolated", "geocoding_tier": 8 }, "geometry": { "type": "Point", "coordinates": [ 12.336513315947974, 45.432771556244184 ] } },
{ "type": "Feature", "properties": { "Name": "Zerbello Raimondo", "Address": "Castello 5574", "Location": "duse", "Category": "MACCHINE per scrivere -- Calcolatrici - Duplicatori", "Role": null, "Profession": null, "Additional Info": "Barbiere", "page_num": 486, "source_file": "page_486_semantic.csv", "section": "indice_generale", "civic_num": 5574.0, "civic_lett": null, "sestiere_parsed": "CASTELLO", "parish_parsed": null, "sestiere_implied": false, "match_note": "Linear interpolation, dist=3.7m to nearest door", "location_cleaned": null, "fail_reason": "number_not_in_reference", "nom_classification": "inside_venice", "nominatim_query": null, "nominatim_flagged": false, "matched_lat": 45.43745711272738, "matched_lon": 12.33844126809352, "match_confidence": "nciv_interpolated", "geocoding_tier": 8 }, "geometry": { "type": "Point", "coordinates": [ 12.33844126809352, 45.43745711272738 ] } },
{ "type": "Feature", "properties": { "Name": "Zoppolato dr. Gino", "Address": "S. Marco 5042", "Location": null, "Category": "Forniture complete MOBILI e ACCESSORI per UFFICIO", "Role": null, "Profession": "Forniture compiete MOBILI e ACCESSORI per UFFICIO", "Additional Info": "commercialista", "page_num": 487, "source_file": "page_487_semantic.csv", "section": "indice_generale", "civic_num": 5042.0, "civic_lett": null, "sestiere_parsed": "SAN MARCO", "parish_parsed": null, "sestiere_implied": false, "match_note": "Linear interpolation, dist=2.8m to nearest door", "location_cleaned": "False", "fail_reason": "number_not_in_reference", "nom_classification": "inside_venice", "nominatim_query": null, "nominatim_flagged": false, "matched_lat": 45.437279366916052, "matched_lon": 12.336627950859272, "match_confidence": "nciv_interpolated", "geocoding_tier": 8 }, "geometry": { "type": "Point", "coordinates": [ 12.336627950859272, 45.437279366916052 ] } }
]
}
