page,page_num,n_runs_found,n_valid_runs,winner_filename,selection_tier,confidence,winner_score,reason,all_scores,ocr_file_found,timestamp
page_1,1,3,3,page_1_semantic_3.csv,TIER2,high,0.0,"Run 3 is the only one that includes extracted content relevant to the page, capturing Google's role and purpose in book digitization.",page_1_semantic_1.csv=0.0; page_1_semantic_2.csv=0.0; page_1_semantic_3.csv=0.0,True,2026-06-09T18:51:55.027959
page_2,2,3,3,page_2_semantic_3.csv,TIER2,high,0.0,"Run 3 is complete and accurate with fixed item names and proper Venetian addresses, unlike Run 2 which has numerous OCR mistakes.",page_2_semantic_1.csv=0.0; page_2_semantic_2.csv=0.0; page_2_semantic_3.csv=0.0,True,2026-06-09T18:52:02.029268
page_3,3,3,3,page_3_semantic_2.csv,TIER2,high,51.8,"Run 2 captures all Venetian addresses accurately along with comprehensive additional details, making it most valuable for geocoding.",page_3_semantic_1.csv=51.8; page_3_semantic_2.csv=51.8; page_3_semantic_3.csv=51.8,True,2026-06-09T18:52:08.905665
page_4,4,3,3,page_4_semantic_1.csv,TIER2,high,53.3,"Run 1 accurately captures the complete content with correct semantic extraction, including all relevant categories and additional info, particularly the Venetian address.",page_4_semantic_1.csv=53.3; page_4_semantic_2.csv=53.3; page_4_semantic_3.csv=53.1,True,2026-06-09T18:52:16.245553
page_5,5,3,3,page_5_semantic_3.csv,TIER1,high,51.21,2x_more_rows(3_vs_1),page_5_semantic_1.csv=51.0; page_5_semantic_2.csv=51.0; page_5_semantic_3.csv=51.2,True,2026-06-09T18:52:19.654788
page_6,6,3,3,page_6_semantic_2.csv,TIER2,high,0.0,"Run 2 correctly captures the complete name, address, and location of the Venetian entity, which is most valuable for geocoding, while the others are empty.",page_6_semantic_1.csv=0.0; page_6_semantic_2.csv=0.0; page_6_semantic_3.csv=0.0,True,2026-06-09T18:52:26.629082
page_7,7,3,3,page_7_semantic_2.csv,TIER2,medium,0.0,"Run 2 captures the most relevant address from the OCR text, matching 'S. Antonin 3579/a', and includes additional context about the publication for a more comprehensive semantic extraction.",page_7_semantic_1.csv=0.0; page_7_semantic_2.csv=0.0; page_7_semantic_3.csv=0.0,True,2026-06-09T18:52:33.152111
page_8,8,3,3,page_8_semantic_3.csv,TIER2,medium,0.0,"Run 3 correctly identifies an address in Venice (S. Antonin 3579°) and formats it appropriately, unlike Runs 1 and 2 which misinterpret the text entirely.",page_8_semantic_1.csv=0.0; page_8_semantic_2.csv=0.0; page_8_semantic_3.csv=0.0,True,2026-06-09T18:52:38.825367
page_9,9,3,3,page_9_semantic_1.csv,TIER2,medium,0.0,"Run 1 captures both a Venetian address and a relevant extract accurately linked to 'Gli Editori', which are essential for geocoding and semantic extraction.",page_9_semantic_1.csv=0.0; page_9_semantic_2.csv=0.0; page_9_semantic_3.csv=0.0,True,2026-06-09T18:52:46.892018
page_10,10,3,3,page_10_semantic_3.csv,TIER2,high,69.07,"Run 3 is the most accurate and complete, maintaining the original structure, punctuation, and content without errors.",page_10_semantic_1.csv=73.7; page_10_semantic_2.csv=75.2; page_10_semantic_3.csv=69.1,True,2026-06-09T18:52:53.504354
page_11,11,3,3,page_11_semantic_1.csv,TIER2,high,51.32,Run 1 accurately captures all relevant content including detailed additional information and correct addresses necessary for geocoding.,page_11_semantic_1.csv=51.3; page_11_semantic_2.csv=51.3; page_11_semantic_3.csv=51.3,True,2026-06-09T18:52:59.281467
page_12,12,3,1,page_12_semantic_3.csv,TIER1,high,50.1,only_valid_run,page_12_semantic_1.csv=50.0; page_12_semantic_2.csv=50.0; page_12_semantic_3.csv=50.1,True,2026-06-09T18:53:02.981805
page_13,13,2,2,page_13_semantic_2.csv,TIER2,high,45.1,"Run 2 has more accurate separation of the address into distinct components and categories, which improves clarity and aids in geocoding with minimal errors.",page_13_semantic_1.csv=45.1; page_13_semantic_2.csv=45.1,True,2026-06-09T18:53:08.920964
page_14,14,4,4,page_14_semantic_3.csv,TIER2,high,73.41,"Run 3 is the most accurately transcribed with correct use of accents and punctuation, matching the OCR text closely.",page_14_semantic_1.csv=73.2; page_14_semantic_2.csv=73.5; page_14_semantic_3.csv=73.4; page_14_semantic_4.csv=72.5,True,2026-06-09T18:53:15.958320
page_15,15,4,3,page_15_semantic_3.csv,TIER2,high,58.03,"Run 3 is the most complete, capturing more entries than runs 1 and 2, with fewer formatting errors.",page_15_semantic_1.csv=59.3; page_15_semantic_2.csv=59.3; page_15_semantic_3.csv=58.0; page_15_semantic_4.csv=50.2,True,2026-06-09T18:53:22.411712
page_16,16,4,4,page_16_semantic_4.csv,TIER2,high,49.07,"Run 4 is the most complete and accurate, with correct handling of names and errors, and includes a Venetian address crucial for geocoding.",page_16_semantic_1.csv=49.1; page_16_semantic_2.csv=45.5; page_16_semantic_3.csv=49.1; page_16_semantic_4.csv=49.1,True,2026-06-09T18:53:30.393453
page_17,17,4,4,page_17_semantic_1.csv,TIER2,high,56.15,"Run 1 has the most accurate representation of the text with proper categories and page numbers, matching the raw transcription.",page_17_semantic_1.csv=56.1; page_17_semantic_2.csv=50.5; page_17_semantic_3.csv=56.1; page_17_semantic_4.csv=56.1,True,2026-06-09T18:53:38.347399
page_18,18,4,4,page_18_semantic_3.csv,TIER2,high,60.1,"Run 3 captures the most accurate and complete transcription with corrections to errors present in other runs, such as 'Opera Pia G. B. Giustinian', and includes relevant Venetian addresses which are valuable for geocoding.",page_18_semantic_1.csv=60.1; page_18_semantic_2.csv=60.1; page_18_semantic_3.csv=60.1; page_18_semantic_4.csv=52.0,True,2026-06-09T18:53:47.505297
page_19,19,4,3,page_19_semantic_3.csv,TIER2,medium,51.29,"Run 3 has the most complete and accurately transcribed entries without major errors, matching the OCR text closely.",page_19_semantic_1.csv=51.3; page_19_semantic_2.csv=49.9; page_19_semantic_3.csv=51.3; page_19_semantic_4.csv=44.6,True,2026-06-09T18:53:55.560052
page_20,20,3,3,page_20_semantic_1.csv,TIER2,high,52.6,Run 1 accurately captures the most complete and precise address with the proper name and includes all relevant information for geocoding and categorization.,page_20_semantic_1.csv=52.6; page_20_semantic_2.csv=52.6; page_20_semantic_3.csv=52.6,True,2026-06-09T18:54:01.808123
page_21,21,3,3,page_21_semantic_1.csv,TIER2,high,52.6,Run 1 accurately captures the content with correct addressing format and information separation necessary for geocoding.,page_21_semantic_1.csv=52.6; page_21_semantic_2.csv=52.6; page_21_semantic_3.csv=52.6,True,2026-06-09T18:54:08.329475
page_22,22,4,4,page_22_semantic_3.csv,TIER2,high,61.84,"Run 3 captures accurate content with correct formatting and includes Venetian address detail (though not needed), minimizing OCR errors.",page_22_semantic_1.csv=61.8; page_22_semantic_2.csv=61.8; page_22_semantic_3.csv=61.8; page_22_semantic_4.csv=61.8,True,2026-06-09T18:54:15.486746
page_23,23,4,4,page_23_semantic_1.csv,TIER2,high,47.88,"Run 1 accurately captures the address, category, and additional information with the correct separation of address components and maintains the integrity of the content.",page_23_semantic_1.csv=47.9; page_23_semantic_2.csv=47.9; page_23_semantic_3.csv=47.9; page_23_semantic_4.csv=47.9,True,2026-06-09T18:54:22.138022
page_24,24,4,4,page_24_semantic_4.csv,TIER2,high,52.13,"Run 4 has the most accurate transcriptions with the least number of errors and most complete information, closely resembling the raw OCR text.",page_24_semantic_1.csv=52.1; page_24_semantic_2.csv=44.5; page_24_semantic_3.csv=52.1; page_24_semantic_4.csv=52.1,True,2026-06-09T18:54:29.392729
page_25,25,4,4,page_25_semantic_4.csv,TIER2,high,63.94,Run 4 has the most accurate semantic extraction with no noticeable errors and matches closely with the raw text.,page_25_semantic_1.csv=63.9; page_25_semantic_2.csv=63.8; page_25_semantic_3.csv=63.8; page_25_semantic_4.csv=63.9,True,2026-06-09T18:54:37.637995
page_26,26,4,3,page_26_semantic_2.csv,TIER2,high,59.12,"Run 2 captures the content accurately and completely with fewer errors compared to Run 3, which has typos, and Run 1, which lacks the address section.",page_26_semantic_1.csv=59.1; page_26_semantic_2.csv=59.1; page_26_semantic_3.csv=59.1; page_26_semantic_4.csv=51.5,True,2026-06-09T18:54:44.091417
page_27,27,5,5,page_27_semantic_2.csv,TIER2,medium,46.76,"Run 2 contains 'Silvio Ferraboschi' as the name, aligns well with the OCR text, captures additional info comprehensively, and includes 'VENEZIA' which hints at potential geographical data integration even with no explicit address.",page_27_semantic_1.csv=46.8; page_27_semantic_2.csv=46.8; page_27_semantic_3.csv=46.8; page_27_semantic_4.csv=46.8; page_27_semantic_5.csv=46.8,True,2026-06-09T18:54:51.630105
page_28,28,4,3,page_28_semantic_4.csv,TIER2,high,52.6,Run 3 is the most accurate and has no misspellings or omitted content compared to the original OCR text.,page_28_semantic_1.csv=52.6; page_28_semantic_2.csv=45.6; page_28_semantic_3.csv=52.6; page_28_semantic_4.csv=52.6,True,2026-06-09T18:54:57.904967
page_29,29,4,4,page_29_semantic_3.csv,TIER2,high,53.48,Run 3 provides the most complete and accurate transcription of the categories and pages with no apparent errors.,page_29_semantic_1.csv=53.5; page_29_semantic_2.csv=45.3; page_29_semantic_3.csv=53.5; page_29_semantic_4.csv=53.4,True,2026-06-09T18:55:04.690375
page_30,30,4,4,page_30_semantic_1.csv,TIER2,high,50.27,"Run 1 captures the full address format correctly and includes the most comprehensive list of additional information, including the representation details and all services offered.",page_30_semantic_1.csv=50.3; page_30_semantic_2.csv=50.3; page_30_semantic_3.csv=50.3; page_30_semantic_4.csv=50.3,True,2026-06-09T18:55:12.064873
page_31,31,4,4,page_31_semantic_4.csv,TIER2,medium,50.32,"Run 4 includes the most detailed description and captures the additional information about 'Grandi magazzini' and 'Mercerie S. Giuliano', but lacks a specific Venetian address.",page_31_semantic_1.csv=50.3; page_31_semantic_2.csv=50.3; page_31_semantic_3.csv=50.3; page_31_semantic_4.csv=50.3,True,2026-06-09T18:55:19.771909
page_32,32,4,4,page_32_semantic_1.csv,TIER2,high,60.18,"Run 1 accurately captures the categories with correct pagination and minimal errors, suitable for geocoding tasks.",page_32_semantic_1.csv=60.2; page_32_semantic_2.csv=60.0; page_32_semantic_3.csv=60.2; page_32_semantic_4.csv=49.2,True,2026-06-09T18:55:27.626754
page_33,33,4,3,page_33_semantic_3.csv,TIER2,medium,58.47,"Run 3 has the most complete and accurate content, with more rows and corrections like 'Pietre artificiali'.",page_33_semantic_1.csv=56.7; page_33_semantic_2.csv=56.7; page_33_semantic_3.csv=58.5; page_33_semantic_4.csv=50.4,True,2026-06-09T18:55:34.054559
page_34,34,4,3,page_34_semantic_1.csv,TIER2,high,54.33,"Run 1 contains accurate and complete extractions with correctly transcribed entries and fewer errors compared to Run 2, which had multiple spelling mistakes.",page_34_semantic_1.csv=54.3; page_34_semantic_2.csv=44.4; page_34_semantic_3.csv=54.4; page_34_semantic_4.csv=54.3,True,2026-06-09T18:55:40.138485
page_35,35,4,3,page_35_semantic_1.csv,TIER2,medium,51.3,"Run 1 captures 'Trasporti fluviali' on the correct page 168 and includes 'Tuvazioni industriali' accurately, unlike Run 3, which contains several errors.",page_35_semantic_1.csv=51.3; page_35_semantic_2.csv=45.3; page_35_semantic_3.csv=51.3; page_35_semantic_4.csv=51.3,True,2026-06-09T18:55:47.951126
page_36,36,3,3,page_36_semantic_2.csv,TIER2,low,66.51,"None of the runs include Venetian addresses, but Run 2 contains more complete descriptions and additional context for each person.",page_36_semantic_1.csv=65.6; page_36_semantic_2.csv=66.5; page_36_semantic_3.csv=65.6,True,2026-06-09T18:55:54.198491
page_37,37,3,3,page_37_semantic_3.csv,TIER2,high,55.1,"Run 3 has fewer errors, more accurate addresses, and captures the details of Venetian and other locations well.",page_37_semantic_1.csv=55.1; page_37_semantic_2.csv=55.8; page_37_semantic_3.csv=55.1,True,2026-06-09T18:56:00.648383
page_38,38,3,0,page_38_semantic_1.csv,FAILED,low,30.24,all_runs_excluded_picked_most_rows,page_38_semantic_1.csv=30.2; page_38_semantic_2.csv=30.2; page_38_semantic_3.csv=30.2,True,2026-06-09T18:56:03.823302
page_39,39,3,3,page_39_semantic_1.csv,TIER2,high,61.78,"Run 1 captures all entries with accurate roles and additional information, matching the original text completely.",page_39_semantic_1.csv=61.8; page_39_semantic_2.csv=61.8; page_39_semantic_3.csv=61.8,True,2026-06-09T18:56:10.740960
page_40,40,3,3,page_40_semantic_2.csv,TIER2,high,48.68,Run 2 provides the most accurate transcription of names and addresses with minimal formatting errors and includes the phone number under Additional Info.,page_40_semantic_1.csv=48.7; page_40_semantic_2.csv=48.7; page_40_semantic_3.csv=48.7,True,2026-06-09T18:56:17.581807
page_41,41,1,1,page_41_semantic_1.csv,SINGLE,high,50.1,only_one_run,page_41_semantic_1.csv=50.1,True,2026-06-09T18:56:21.437387
page_42,42,3,2,page_42_semantic_1.csv,TIER2,high,71.1,"Both runs are identical, so either can be chosen as the winner.",page_42_semantic_1.csv=71.1; page_42_semantic_2.csv=71.2; page_42_semantic_3.csv=41.1,True,2026-06-09T18:56:27.375468
page_43,43,3,2,page_43_semantic_2.csv,TIER2,high,57.75,"Both runs are identical, so either can be chosen; run 2 is selected.",page_43_semantic_1.csv=57.8; page_43_semantic_2.csv=57.8; page_43_semantic_3.csv=27.8,True,2026-06-09T18:56:33.825713
page_44,44,3,3,page_44_semantic_2.csv,TIER2,high,34.22,"Run 2 best captures the detailed names and roles without redundant address repetition, making it more suitable for semantic extraction.",page_44_semantic_1.csv=54.6; page_44_semantic_2.csv=34.2; page_44_semantic_3.csv=54.6,True,2026-06-09T18:56:40.790060
page_45,45,3,3,page_45_semantic_2.csv,TIER2,medium,59.75,"Run 2 has the most accurate capture of names and sestiere information, correcting 'Cendon du. Giuseppe' to 'Cendon dr. Giuseppe', and including 'San Servolo' in addresses where applicable, despite some inconsistencies in address representation.",page_45_semantic_1.csv=58.5; page_45_semantic_2.csv=59.8; page_45_semantic_3.csv=58.8,True,2026-06-09T18:56:47.656716
page_46,46,3,3,page_46_semantic_1.csv,TIER2,high,56.77,"Run 1 accurately captures the full address, categories, and additional information with no errors or omissions.",page_46_semantic_1.csv=56.8; page_46_semantic_2.csv=56.8; page_46_semantic_3.csv=56.8,True,2026-06-09T18:56:55.694210
page_47,47,3,3,page_47_semantic_2.csv,TIER2,high,52.6,"Runs 1 and 2 are identical and accurately capture all the information with correct formatting and no errors, while Run 3 has minor typographic errors in the 'Additional Info' field.",page_47_semantic_1.csv=52.6; page_47_semantic_2.csv=52.6; page_47_semantic_3.csv=52.6,True,2026-06-09T18:57:05.161911
page_48,48,3,3,page_48_semantic_3.csv,TIER2,high,52.16,"Run 3 is the most complete and accurate representation, aligning with the raw transcription and capturing essential details including Venetian addresses.",page_48_semantic_1.csv=52.2; page_48_semantic_2.csv=51.3; page_48_semantic_3.csv=52.2,True,2026-06-09T18:57:11.613515
page_49,49,3,3,page_49_semantic_2.csv,TIER2,medium,56.54,"Run 2 correctly identifies more unique addresses and recognized some locations like Mestre and Zelarino, which are valuable for geocoding, but lacks specific Venetian addresses.",page_49_semantic_1.csv=55.8; page_49_semantic_2.csv=56.5; page_49_semantic_3.csv=55.8,True,2026-06-09T18:57:18.372480
page_50,50,3,3,page_50_semantic_2.csv,TIER2,medium,59.64,"Run 2 correctly identifies the role and location without repetitive erroneous sections, despite not capturing all details perfectly.",page_50_semantic_1.csv=58.9; page_50_semantic_2.csv=59.6; page_50_semantic_3.csv=58.9,True,2026-06-09T18:57:25.949624
page_51,51,3,3,page_51_semantic_2.csv,TIER2,high,45.86,Run 2 accurately captures and structures the most complete set of addresses and relevant information without errors present in the other runs.,page_51_semantic_1.csv=46.7; page_51_semantic_2.csv=45.9; page_51_semantic_3.csv=46.7,True,2026-06-09T18:57:33.030229
page_52,52,3,3,page_52_semantic_3.csv,TIER2,high,62.45,"Run 3 contains the most complete and accurate names and addresses with fewer formatting errors, which is crucial for the geocoding task.",page_52_semantic_1.csv=62.1; page_52_semantic_2.csv=62.1; page_52_semantic_3.csv=62.5,True,2026-06-09T18:57:39.783733
page_53,53,3,3,page_53_semantic_3.csv,TIER2,medium,57.35,Run 3 captures most location details accurately and has fewer errors in names and addresses compared to the others.,page_53_semantic_1.csv=57.4; page_53_semantic_2.csv=57.4; page_53_semantic_3.csv=57.4,True,2026-06-09T18:57:47.966476
page_54,54,3,3,page_54_semantic_2.csv,TIER2,medium,57.76,"Run 2 is the most complete with correct roles and addresses relative to the provided text, while other runs consistently assign incorrect roles and fail to capture the unique information related to each person.",page_54_semantic_1.csv=59.1; page_54_semantic_2.csv=57.8; page_54_semantic_3.csv=59.1,True,2026-06-09T18:57:55.953114
page_55,55,3,3,page_55_semantic_2.csv,TIER2,medium,54.06,"Run 2 contains more complete semantic details and multiple correct Venetian addresses, important for geocoding tasks.",page_55_semantic_1.csv=54.4; page_55_semantic_2.csv=54.1; page_55_semantic_3.csv=54.4,True,2026-06-09T18:58:02.171617
page_56,56,3,3,page_56_semantic_1.csv,TIER2,low,60.81,"Despite errors and inconsistencies, Run 1 captures the most Venetian addresses, which are valuable for geocoding.",page_56_semantic_1.csv=60.8; page_56_semantic_2.csv=60.8; page_56_semantic_3.csv=59.9,True,2026-06-09T18:58:08.958560
page_57,57,3,3,page_57_semantic_3.csv,TIER2,high,56.68,"Run 3 provides the most complete and accurate extraction of names, addresses, roles, and associated offices, crucial for geocoding and understanding the document's content.",page_57_semantic_1.csv=56.7; page_57_semantic_2.csv=56.7; page_57_semantic_3.csv=56.7,True,2026-06-09T18:58:15.811108
page_58,58,3,3,page_58_semantic_1.csv,TIER2,medium,57.91,"Run 1 is most complete with correct Venetian addresses, but still contains errors like duplicate addresses.",page_58_semantic_1.csv=57.9; page_58_semantic_2.csv=67.8; page_58_semantic_3.csv=57.9,True,2026-06-09T18:58:22.578861
page_59,59,3,3,page_59_semantic_2.csv,TIER2,high,24.18,"Run 2 provides the most complete extraction, including addresses from various sections that are valuable for geocoding and minimizes errors in names and roles.",page_59_semantic_1.csv=47.7; page_59_semantic_2.csv=24.2; page_59_semantic_3.csv=47.7,True,2026-06-09T18:58:30.913725
page_60,60,3,3,page_60_semantic_3.csv,TIER2,medium,65.82,"Run 3 captures more complete and varied details such as professions and sections, providing valuable contexts, despite some inaccuracies.",page_60_semantic_1.csv=52.1; page_60_semantic_2.csv=52.1; page_60_semantic_3.csv=65.8,True,2026-06-09T18:58:37.405638
page_61,61,3,3,page_61_semantic_1.csv,TIER2,medium,58.08,"Run 1 most accurately captures the names and roles with appropriate labeling and includes Venetian addresses, although some errors are present.",page_61_semantic_1.csv=58.1; page_61_semantic_2.csv=58.1; page_61_semantic_3.csv=57.8,True,2026-06-09T18:58:43.679295
page_62,62,3,3,page_62_semantic_2.csv,TIER2,high,40.02,"Run 2 is the most complete, accurately captures addresses, and includes professions, enhancing the semantic extraction quality.",page_62_semantic_1.csv=41.1; page_62_semantic_2.csv=40.0; page_62_semantic_3.csv=41.1,True,2026-06-09T18:58:49.816458
page_63,63,3,3,page_63_semantic_3.csv,TIER2,high,65.72,"Run 3 contains the most accurate address transcriptions and correctly parsed names, crucial for geocoding tasks.",page_63_semantic_1.csv=65.4; page_63_semantic_2.csv=72.6; page_63_semantic_3.csv=65.7,True,2026-06-09T18:58:58.623446
page_64,64,3,3,page_64_semantic_3.csv,TIER2,medium,57.42,Run 3 has the most entries with valid Venetian addresses and captures the roles and names accurately.,page_64_semantic_1.csv=56.7; page_64_semantic_2.csv=56.7; page_64_semantic_3.csv=57.4,True,2026-06-09T18:59:05.791147
page_65,65,3,3,page_65_semantic_3.csv,TIER2,high,60.83,"Run 3 correctly captures the addresses, names, and roles with minimal errors and more accurately represents the content as seen in the OCR text.",page_65_semantic_1.csv=60.8; page_65_semantic_2.csv=60.8; page_65_semantic_3.csv=60.8,True,2026-06-09T18:59:12.038610
page_66,66,3,3,page_66_semantic_2.csv,TIER2,low,55.04,Run 2 has the least errors in both names and addresses despite some inconsistencies.,page_66_semantic_1.csv=55.0; page_66_semantic_2.csv=55.0; page_66_semantic_3.csv=55.0,True,2026-06-09T18:59:17.930942
page_67,67,3,3,page_67_semantic_1.csv,TIER2,medium,49.42,"Run 1 captures more Venetian addresses with a higher level of detail, making it more valuable for geocoding despite some incorrect address interpretations.",page_67_semantic_1.csv=49.4; page_67_semantic_2.csv=47.9; page_67_semantic_3.csv=49.4,True,2026-06-09T18:59:24.665618
page_68,68,3,3,page_68_semantic_2.csv,TIER2,high,57.49,"Run 2 correctly captures multiple unique Venetian addresses, which are essential for the geocoding task, and has no major errors unlike Run 3 with incorrect addresses and Run 1 that duplicated an address extensively.",page_68_semantic_1.csv=57.5; page_68_semantic_2.csv=57.5; page_68_semantic_3.csv=57.5,True,2026-06-09T18:59:31.672902
page_69,69,3,3,page_69_semantic_1.csv,TIER2,medium,60.32,"Run 1 has the most accurate addresses and detailed roles, although it contains repetitive errors in place names attributed to roles.",page_69_semantic_1.csv=60.3; page_69_semantic_2.csv=60.3; page_69_semantic_3.csv=60.3,True,2026-06-09T18:59:38.444110
page_70,70,3,3,page_70_semantic_3.csv,TIER2,low,51.06,"Run 3 best matches individuals with roles, although data entries have significant errors and inconsistencies.",page_70_semantic_1.csv=58.4; page_70_semantic_2.csv=58.4; page_70_semantic_3.csv=51.1,True,2026-06-09T18:59:44.910850
page_71,71,3,3,page_71_semantic_3.csv,TIER2,medium,56.6,"Run 3 captures more accurate addresses and roles, but still has some address inconsistencies.",page_71_semantic_1.csv=56.0; page_71_semantic_2.csv=56.0; page_71_semantic_3.csv=56.6,True,2026-06-09T18:59:52.487152
page_72,72,3,3,page_72_semantic_1.csv,TIER2,medium,54.2,"Run 1 accurately captures the content and uses correct names and addresses with consistent roles and professions, though all runs have minor errors.",page_72_semantic_1.csv=54.2; page_72_semantic_2.csv=54.2; page_72_semantic_3.csv=54.2,True,2026-06-09T18:59:59.350034
page_73,73,3,3,page_73_semantic_2.csv,TIER2,high,50.92,"Run 2 captures the most precise names, correct roles, and uses consistent address format with minimal transcription errors.",page_73_semantic_1.csv=50.4; page_73_semantic_2.csv=50.9; page_73_semantic_3.csv=50.4,True,2026-06-09T19:00:07.858641
page_74,74,3,3,page_74_semantic_3.csv,TIER2,medium,58.32,"Run 3 captures multiple addresses and correct roles without unnecessary repetition, despite having some spelling variations.",page_74_semantic_1.csv=58.4; page_74_semantic_2.csv=58.4; page_74_semantic_3.csv=58.3,True,2026-06-09T19:00:13.862123
page_75,75,3,3,page_75_semantic_3.csv,TIER2,high,60.15,"Run 3 captures the most complete and accurate semantic extraction of names and Venetian addresses, which are crucial for downstream geocoding tasks.",page_75_semantic_1.csv=57.6; page_75_semantic_2.csv=57.6; page_75_semantic_3.csv=60.1,True,2026-06-09T19:00:21.057782
page_76,76,3,3,page_76_semantic_1.csv,TIER2,high,52.78,"Run 1 includes the most accurate and complete entries with Venetian addresses necessary for geocoding, while Run 2 contains incorrect addresses and Run 3 repeats content from Run 1 inaccurately.",page_76_semantic_1.csv=52.8; page_76_semantic_2.csv=51.8; page_76_semantic_3.csv=52.8,True,2026-06-09T19:00:27.610509
page_77,77,3,3,page_77_semantic_1.csv,TIER2,medium,53.58,"Run 1 correctly matches the raw text information and retains Venetian addresses, unlike Run 2 which contains incorrect addresses.",page_77_semantic_1.csv=53.6; page_77_semantic_2.csv=53.6; page_77_semantic_3.csv=53.6,True,2026-06-09T19:00:35.339838
page_78,78,3,3,page_78_semantic_2.csv,TIER2,high,55.65,"Run 2 accurately captures the names, addresses, roles, and institutions without extraneous errors or irrelevant information, ensuring the best semantic extraction for geocoding purposes.",page_78_semantic_1.csv=55.6; page_78_semantic_2.csv=55.6; page_78_semantic_3.csv=56.5,True,2026-06-09T19:00:42.866321
page_79,79,3,3,page_79_semantic_3.csv,TIER2,medium,59.18,"Run 3 captures the most accurate names and addresses, especially with Venetian addresses, despite some minor typos.",page_79_semantic_1.csv=59.3; page_79_semantic_2.csv=59.3; page_79_semantic_3.csv=59.2,True,2026-06-09T19:00:50.754211
page_80,80,3,3,page_80_semantic_1.csv,TIER2,high,54.88,"Run 1 contains the most accurate and complete extraction of Venetian addresses critical for geocoding, with correct names and roles.",page_80_semantic_1.csv=54.9; page_80_semantic_2.csv=54.9; page_80_semantic_3.csv=55.4,True,2026-06-09T19:00:57.760831
page_81,81,3,3,page_81_semantic_1.csv,TIER2,high,57.41,"Run 1 is the most complete, capturing all relevant names and addresses with minimal errors.",page_81_semantic_1.csv=57.4; page_81_semantic_2.csv=57.4; page_81_semantic_3.csv=57.4,True,2026-06-09T19:01:04.878283
page_82,82,3,3,page_82_semantic_3.csv,TIER2,high,52.74,"Run 3 accurately captures addresses and organizational data important for geocoding, with completeness and accuracy exceeding others.",page_82_semantic_1.csv=52.7; page_82_semantic_2.csv=53.7; page_82_semantic_3.csv=52.7,True,2026-06-09T19:01:12.668255
page_83,83,3,3,page_83_semantic_3.csv,TIER2,medium,51.5,"Run 3 captures more addresses in a structured format with fewer errors, but both runs 1 and 3 have some incorrect roles and professions which reduces confidence.",page_83_semantic_1.csv=51.5; page_83_semantic_2.csv=53.3; page_83_semantic_3.csv=51.5,True,2026-06-09T19:01:20.378979
page_84,84,3,3,page_84_semantic_1.csv,TIER2,high,58.61,"Run 1 contains the most complete and accurate set of Venetian addresses with clearly defined roles and profession fields, making it most valuable for geocoding tasks.",page_84_semantic_1.csv=58.6; page_84_semantic_2.csv=58.6; page_84_semantic_3.csv=60.5,True,2026-06-09T19:01:26.564226
page_85,85,3,3,page_85_semantic_3.csv,TIER2,high,53.81,Run 3 contains the most complete and accurate extraction with Venetian addresses and roles correctly assigned.,page_85_semantic_1.csv=54.1; page_85_semantic_2.csv=54.1; page_85_semantic_3.csv=53.8,True,2026-06-09T19:01:33.059208
page_86,86,3,3,page_86_semantic_1.csv,TIER2,medium,67.89,"Run 1 has the most complete set of addresses and roles with fewer location errors, despite some missing detail in additional info.",page_86_semantic_1.csv=67.9; page_86_semantic_2.csv=74.8; page_86_semantic_3.csv=68.1,True,2026-06-09T19:01:40.521069
page_87,87,3,3,page_87_semantic_2.csv,TIER2,medium,58.55,Run 2 has fewer errors in name transcription and includes profession details that enhance the extraction's completeness and accuracy.,page_87_semantic_1.csv=58.3; page_87_semantic_2.csv=58.5; page_87_semantic_3.csv=58.3,True,2026-06-09T19:01:47.587042
page_88,88,3,3,page_88_semantic_1.csv,TIER2,high,55.91,"Run 1 best captures the content with accurate names and locations, without incorrectly listing 'Curia Patriarcale' in the addresses, thus providing the most useful information for geocoding tasks.",page_88_semantic_1.csv=55.9; page_88_semantic_2.csv=55.9; page_88_semantic_3.csv=55.9,True,2026-06-09T19:01:55.472054
page_89,89,3,3,page_89_semantic_1.csv,TIER2,medium,52.97,"Run 1 captures the names, roles, and addresses without unnecessary repetition, aligning more closely with the OCR text details, though no run perfectly extracts Venetian addresses needed for geocoding.",page_89_semantic_1.csv=53.0; page_89_semantic_2.csv=53.0; page_89_semantic_3.csv=53.0,True,2026-06-09T19:02:03.257758
page_90,90,3,3,page_90_semantic_1.csv,TIER2,high,57.86,"Run 1 best preserves the accurate details of names, addresses, roles, and matches them semantically with the OCR text, without introducing additional inaccurate data like irrelevant locations or professions present in other runs.",page_90_semantic_1.csv=57.9; page_90_semantic_2.csv=57.9; page_90_semantic_3.csv=58.1,True,2026-06-09T19:02:09.910405
page_91,91,3,3,page_91_semantic_1.csv,TIER2,medium,56.21,"Run 1 captures the roles and addresses with fewer errors than Run 3, despite the misplacing of 'Pietro Apostolo' which is not an intended location.",page_91_semantic_1.csv=56.2; page_91_semantic_2.csv=56.2; page_91_semantic_3.csv=56.1,True,2026-06-09T19:02:16.944492
page_92,92,3,3,page_92_semantic_1.csv,TIER2,medium,55.52,"Run 1 captures a wider range of names and roles, with better accuracy in specific details, despite some redundant and misplaced additional info.",page_92_semantic_1.csv=55.5; page_92_semantic_2.csv=55.5; page_92_semantic_3.csv=55.5,True,2026-06-09T19:02:23.354705
page_93,93,3,3,page_93_semantic_1.csv,TIER2,low,47.94,"All runs have the wrong 'Address' field, but Run 1 has the most correct names and distinct locations.",page_93_semantic_1.csv=47.9; page_93_semantic_2.csv=47.9; page_93_semantic_3.csv=47.9,True,2026-06-09T19:02:30.390532
page_94,94,3,3,page_94_semantic_3.csv,TIER2,medium,55.36,"Run 3 captures a more accurate representation of the various religious figures, their roles, and associated locations, with fewer data inconsistencies compared to the others.",page_94_semantic_1.csv=55.3; page_94_semantic_2.csv=55.3; page_94_semantic_3.csv=55.4,True,2026-06-09T19:02:38.173091
page_95,95,3,3,page_95_semantic_3.csv,TIER1,high,55.88,2x_more_rows(43_vs_19),page_95_semantic_1.csv=53.5; page_95_semantic_2.csv=53.5; page_95_semantic_3.csv=55.9,True,2026-06-09T19:02:41.758691
page_96,96,3,3,page_96_semantic_1.csv,TIER2,medium,48.24,Run 1 captures more complete addresses and makes fewer inaccuracies compared to the others.,page_96_semantic_1.csv=48.2; page_96_semantic_2.csv=48.3; page_96_semantic_3.csv=48.2,True,2026-06-09T19:02:48.847609
page_97,97,3,3,page_97_semantic_1.csv,TIER2,high,56.52,"Run 1 captures more Venetian addresses, which are crucial for geocoding tasks, without major accuracy errors evident in Run 2.",page_97_semantic_1.csv=56.5; page_97_semantic_2.csv=55.6; page_97_semantic_3.csv=56.5,True,2026-06-09T19:02:57.220876
page_98,98,3,3,page_98_semantic_1.csv,TIER2,high,58.14,"Run 1 captures the most complete and accurate content, including Venetian addresses, with fewer errors compared to the other runs.",page_98_semantic_1.csv=58.1; page_98_semantic_2.csv=58.1; page_98_semantic_3.csv=57.3,True,2026-06-09T19:03:03.876924
page_99,99,3,3,page_99_semantic_1.csv,TIER2,medium,56.8,"Run 1 has more correct addresses with clear association to names and roles, but all runs have significant and similar errors.",page_99_semantic_1.csv=56.8; page_99_semantic_2.csv=56.8; page_99_semantic_3.csv=56.9,True,2026-06-09T19:03:10.087886
page_100,100,3,3,page_100_semantic_3.csv,TIER2,medium,53.68,"Run 3 captures more complete and accurate names, addresses, and political information with fewer errors compared to the others.",page_100_semantic_1.csv=53.7; page_100_semantic_2.csv=54.1; page_100_semantic_3.csv=53.7,True,2026-06-09T19:03:17.086304
page_101,101,3,3,page_101_semantic_2.csv,TIER2,high,54.92,"Run 2 best captures the content with correct names, addresses, and roles, and includes complete and structured information valuable for geocoding tasks.",page_101_semantic_1.csv=55.0; page_101_semantic_2.csv=54.9; page_101_semantic_3.csv=55.0,True,2026-06-09T19:03:24.333052
page_102,102,3,3,page_102_semantic_3.csv,TIER1,high,54.48,2x_more_rows(39_vs_16),page_102_semantic_1.csv=52.2; page_102_semantic_2.csv=52.2; page_102_semantic_3.csv=54.5,True,2026-06-09T19:03:28.248812
page_103,103,3,3,page_103_semantic_1.csv,TIER2,medium,53.71,"Run 1 captures multiple Venetian addresses and includes specific details aligned with the raw text, facilitating the geocoding task.",page_103_semantic_1.csv=53.7; page_103_semantic_2.csv=53.7; page_103_semantic_3.csv=54.1,True,2026-06-09T19:03:34.292292
page_104,104,3,3,page_104_semantic_1.csv,TIER2,high,48.04,Run 1 best captures the content with accurate addresses and names without introducing new errors.,page_104_semantic_1.csv=48.0; page_104_semantic_2.csv=47.7; page_104_semantic_3.csv=48.0,True,2026-06-09T19:03:40.739440
page_105,105,3,3,page_105_semantic_3.csv,TIER2,high,43.28,"Run 3 is the best as it captures the address correctly with the Venetian sestiere and civic numbers, includes comprehensive additional info, and accurately reflects the raw data without transcription errors.",page_105_semantic_1.csv=43.3; page_105_semantic_2.csv=43.3; page_105_semantic_3.csv=43.3,True,2026-06-09T19:03:47.250520
page_106,106,3,0,page_106_semantic_1.csv,FAILED,low,23.43,all_runs_excluded_picked_most_rows,page_106_semantic_1.csv=23.4; page_106_semantic_2.csv=23.4; page_106_semantic_3.csv=23.4,True,2026-06-09T19:03:50.981262
page_107,107,3,3,page_107_semantic_1.csv,TIER2,high,54.39,"Both Runs 1 and 2 are identical and accurately capture the complete content with correct punctuation, making them the best; Run 3 has minor formatting differences in the 'Additional Info' field.",page_107_semantic_1.csv=54.4; page_107_semantic_2.csv=54.4; page_107_semantic_3.csv=54.4,True,2026-06-09T19:03:57.454659
page_108,108,3,3,page_108_semantic_3.csv,TIER2,high,62.6,"Run 3 has the most complete and accurate extraction with correctly listed addresses and names, suitable for geocoding.",page_108_semantic_1.csv=62.6; page_108_semantic_2.csv=62.9; page_108_semantic_3.csv=62.6,True,2026-06-09T19:04:03.671327
page_109,109,3,3,page_109_semantic_1.csv,TIER2,high,59.3,"Run 1 best captures the complete and accurate content with correct Venetian addresses, minimal errors, and valuable location information for geocoding.",page_109_semantic_1.csv=59.3; page_109_semantic_2.csv=59.3; page_109_semantic_3.csv=59.3,True,2026-06-09T19:04:09.721128
page_110,110,3,3,page_110_semantic_3.csv,TIER2,high,74.05,"Run 3 captures the most accurate and complete extraction of names and Venetian addresses, with the fewest transcription errors.",page_110_semantic_1.csv=73.8; page_110_semantic_2.csv=74.8; page_110_semantic_3.csv=74.0,True,2026-06-09T19:04:16.684470
page_111,111,3,3,page_111_semantic_1.csv,TIER2,high,60.36,"Run 1 accurately captures names and Venice-specific addresses without introducing irrelevant data like Run 2, making it suitable for geocoding.",page_111_semantic_1.csv=60.4; page_111_semantic_2.csv=60.4; page_111_semantic_3.csv=60.4,True,2026-06-09T19:04:23.445149
page_112,112,3,3,page_112_semantic_3.csv,TIER2,medium,67.04,"Run 3 better captures a variety of unique addresses and names that align with the raw OCR text, though still contains some consistency errors in names and addresses.",page_112_semantic_1.csv=67.0; page_112_semantic_2.csv=67.0; page_112_semantic_3.csv=67.0,True,2026-06-09T19:04:29.619736
page_113,113,3,3,page_113_semantic_3.csv,TIER2,medium,65.68,"Run 3 has the most accurate transcriptions of names and addresses, and captures most variations in format, though it still contains some errors.",page_113_semantic_1.csv=65.7; page_113_semantic_2.csv=65.7; page_113_semantic_3.csv=65.7,True,2026-06-09T19:04:35.833395
page_114,114,3,3,page_114_semantic_3.csv,TIER2,medium,59.66,"Run 3 appears to have the correct names that mostly match the raw OCR text with fewer clerical errors compared to Run 2, though it still has the issue of Venice-specific address elements being replaced with a default value.",page_114_semantic_1.csv=59.7; page_114_semantic_2.csv=59.7; page_114_semantic_3.csv=59.7,True,2026-06-09T19:04:42.489640
page_115,115,3,3,page_115_semantic_3.csv,TIER2,high,59.9,"Run 3 accurately captures the content with correct addresses, names, and fewer errors compared to other runs.",page_115_semantic_1.csv=59.9; page_115_semantic_2.csv=59.9; page_115_semantic_3.csv=59.9,True,2026-06-09T19:04:49.340727
page_116,116,3,3,page_116_semantic_3.csv,TIER2,medium,65.37,"Run 3 provides more accurate Venetian addresses and corrects some OCR errors, making it suitable for geocoding tasks.",page_116_semantic_1.csv=65.6; page_116_semantic_2.csv=65.6; page_116_semantic_3.csv=65.4,True,2026-06-09T19:04:56.306700
page_117,117,3,3,page_117_semantic_3.csv,TIER2,medium,61.62,"Run 3 has the most accurate addresses and includes Venetian sestiere + civic numbers which are valuable for geocoding, despite some OCR errors.",page_117_semantic_1.csv=61.6; page_117_semantic_2.csv=61.6; page_117_semantic_3.csv=61.6,True,2026-06-09T19:05:03.891190
page_118,118,3,3,page_118_semantic_2.csv,TIER2,medium,60.04,Run 2 has the most accurate representation of addresses and the fewest errors in extraction compared to the raw text.,page_118_semantic_1.csv=60.1; page_118_semantic_2.csv=60.0; page_118_semantic_3.csv=60.1,True,2026-06-09T19:05:10.473775
page_119,119,3,3,page_119_semantic_2.csv,TIER2,medium,63.86,Run 2 captures more accurate names and addresses with fewer errors compared to runs 1 and 3.,page_119_semantic_1.csv=63.9; page_119_semantic_2.csv=63.9; page_119_semantic_3.csv=63.9,True,2026-06-09T19:05:17.358930
page_120,120,3,3,page_120_semantic_3.csv,TIER2,medium,62.53,"Run 3 captures correct names and addresses with fewer errors, critical for geocoding tasks, despite some minor inaccuracies.",page_120_semantic_1.csv=62.5; page_120_semantic_2.csv=62.5; page_120_semantic_3.csv=62.5,True,2026-06-09T19:05:24.088919
page_121,121,3,3,page_121_semantic_3.csv,TIER2,high,66.08,"Run 3 contains more accurate and complete transcriptions of names and locations with minimal errors, which are essential for geocoding.",page_121_semantic_1.csv=66.1; page_121_semantic_2.csv=66.1; page_121_semantic_3.csv=66.1,True,2026-06-09T19:05:30.759660
page_122,122,3,3,page_122_semantic_2.csv,TIER2,medium,53.2,Run 2 provides more accurate and consistent addresses and professions despite some errors in the 'Additional Info' column.,page_122_semantic_1.csv=53.0; page_122_semantic_2.csv=53.2; page_122_semantic_3.csv=53.0,True,2026-06-09T19:05:37.469980
page_123,123,3,3,page_123_semantic_1.csv,TIER2,medium,63.38,"Run 1 has a better extraction of Venetian addresses, although it misses profession labels.",page_123_semantic_1.csv=63.4; page_123_semantic_2.csv=63.4; page_123_semantic_3.csv=63.4,True,2026-06-09T19:05:43.726829
page_124,124,3,3,page_124_semantic_3.csv,TIER2,medium,56.79,"Run 3 captures the most Venetian addresses, which are crucial for the geocoding task.",page_124_semantic_1.csv=55.5; page_124_semantic_2.csv=55.5; page_124_semantic_3.csv=56.8,True,2026-06-09T19:05:50.150264
page_125,125,3,3,page_125_semantic_1.csv,TIER2,medium,53.79,"Run 1 captures the correct names, addresses, and subdivision information consistent with the raw OCR text, avoiding the unrelated 'Concessionario esclusivo' extraction error found in Run 3.",page_125_semantic_1.csv=53.8; page_125_semantic_2.csv=53.8; page_125_semantic_3.csv=53.0,True,2026-06-09T19:05:57.652709
page_126,126,3,3,page_126_semantic_3.csv,TIER2,high,51.42,"Run 3 accurately captures the Venetian addresses, names, and category details, and matches the semantic structure of the original text closely, similar to Run 1 but with fewer transcription errors.",page_126_semantic_1.csv=51.4; page_126_semantic_2.csv=51.4; page_126_semantic_3.csv=51.4,True,2026-06-09T19:06:05.961293
page_127,127,3,3,page_127_semantic_1.csv,TIER2,medium,49.54,"Run 1 best aligns with the original, though minor discrepancies are present.",page_127_semantic_1.csv=49.5; page_127_semantic_2.csv=49.0; page_127_semantic_3.csv=49.5,True,2026-06-09T19:06:13.321194
page_128,128,3,3,page_128_semantic_3.csv,TIER2,medium,62.59,"Run 3 has the most accurate extraction of names and addresses, although there are some transcription errors.",page_128_semantic_1.csv=62.7; page_128_semantic_2.csv=62.7; page_128_semantic_3.csv=62.6,True,2026-06-09T19:06:19.358925
page_129,129,3,3,page_129_semantic_1.csv,TIER2,high,45.4,"Run 1 provides complete and accurate semantic extraction capturing all names, addresses, and categories correctly without errors.",page_129_semantic_1.csv=45.4; page_129_semantic_2.csv=45.4; page_129_semantic_3.csv=55.2,True,2026-06-09T19:06:26.114321
page_130,130,1,1,page_130_semantic_1.csv,SINGLE,high,50.2,only_one_run,page_130_semantic_1.csv=50.2,True,2026-06-09T19:06:29.852346
page_131,131,3,0,page_131_semantic_1.csv,FAILED,low,26.1,all_runs_excluded_picked_most_rows,page_131_semantic_1.csv=26.1; page_131_semantic_2.csv=26.1; page_131_semantic_3.csv=26.1,True,2026-06-09T19:06:33.391138
page_132,132,3,3,page_132_semantic_2.csv,TIER2,high,49.84,"Run 2 provides the most complete and accurately organized data with minimum errors, particularly in listing Venetian addresses crucial for geocoding.",page_132_semantic_1.csv=50.1; page_132_semantic_2.csv=49.8; page_132_semantic_3.csv=50.1,True,2026-06-09T19:06:41.365469
page_133,133,3,3,page_133_semantic_3.csv,TIER2,medium,51.98,"Run 3 contains more accurate and complete addresses with the correct Venetian location format and captures additional information properly, although it incorrectly lists 'Lido' for all entries.",page_133_semantic_1.csv=52.0; page_133_semantic_2.csv=52.0; page_133_semantic_3.csv=52.0,True,2026-06-09T19:06:47.806421
page_134,134,3,3,page_134_semantic_2.csv,TIER2,medium,54.2,"Run 2 has no repeated entries and the least errors in addresses, capturing the names and Venetian addresses well for geocoding.",page_134_semantic_1.csv=54.2; page_134_semantic_2.csv=54.2; page_134_semantic_3.csv=54.4,True,2026-06-09T19:06:55.099938
page_135,135,3,3,page_135_semantic_1.csv,TIER2,medium,55.17,"Run 1 consistently provides the correct names, addresses, and category details for listings with a focus on sestiere + civic number, though it inaccurately lists 'Mestre' as the location instead of focusing on specific Venetian areas like 'S. Marco' or 'Cannaregio'.",page_135_semantic_1.csv=55.2; page_135_semantic_2.csv=55.2; page_135_semantic_3.csv=55.5,True,2026-06-09T19:07:02.063749
page_136,136,3,3,page_136_semantic_3.csv,TIER2,high,54.12,"Run 3 best captures the actual content with more complete and accurate names and addresses, including all Venetian street details and fewer errors compared to the others.",page_136_semantic_1.csv=54.1; page_136_semantic_2.csv=54.1; page_136_semantic_3.csv=54.1,True,2026-06-09T19:07:08.003123
page_137,137,3,3,page_137_semantic_3.csv,TIER2,high,52.0,"Run 3 has the most accurate semantic extraction, correctly capturing the addresses and categories without introducing errors present in other runs.",page_137_semantic_1.csv=52.0; page_137_semantic_2.csv=52.0; page_137_semantic_3.csv=52.0,True,2026-06-09T19:07:15.482216
page_138,138,3,3,page_138_semantic_1.csv,TIER2,high,62.34,"Run 1 has the most accurate and complete capture of Venetian addresses crucial for geocoding, with no apparent errors like those in Runs 2 and 3.",page_138_semantic_1.csv=62.3; page_138_semantic_2.csv=62.3; page_138_semantic_3.csv=62.4,True,2026-06-09T19:07:23.161188
page_139,139,3,3,page_139_semantic_3.csv,TIER2,high,62.38,"Run 3 correctly identifies the majority of Venetian addresses and categorizes them as 'PENSIONI', accurately reflecting the page content, unlike runs 1 and 2 which incorrectly label locations like 'Mestre' and 'Marghera'.",page_139_semantic_1.csv=63.1; page_139_semantic_2.csv=63.1; page_139_semantic_3.csv=62.4,True,2026-06-09T19:07:30.326403
page_140,140,3,3,page_140_semantic_1.csv,TIER2,low,52.42,"All runs contain significant errors and misattributions, but Run 1 has entries with Venetian addresses, which are crucial for downstream geocoding.",page_140_semantic_1.csv=52.4; page_140_semantic_2.csv=51.7; page_140_semantic_3.csv=52.4,True,2026-06-09T19:07:36.838865
page_141,141,3,3,page_141_semantic_2.csv,TIER2,low,56.46,"None of the runs accurately capture Venetian addresses, but Run 2 slightly lessens errors and retains some distinction in street names.",page_141_semantic_1.csv=56.4; page_141_semantic_2.csv=56.5; page_141_semantic_3.csv=56.4,True,2026-06-09T19:07:44.251666
page_142,142,3,3,page_142_semantic_1.csv,TIER2,low,65.06,"All runs have significant errors, but Run 1 shows slightly more accurate names and addresses than the others.",page_142_semantic_1.csv=65.1; page_142_semantic_2.csv=65.1; page_142_semantic_3.csv=65.2,True,2026-06-09T19:07:51.196432
page_143,143,3,3,page_143_semantic_3.csv,TIER2,medium,60.89,"It correctly captures diverse and complete addresses, including 'Giudecca' entries, and detects different address areas better than the others.",page_143_semantic_1.csv=63.9; page_143_semantic_2.csv=63.9; page_143_semantic_3.csv=60.9,True,2026-06-09T19:07:57.873893
page_144,144,3,3,page_144_semantic_1.csv,TIER2,medium,53.2,"Run 1 has more accurate Venetian addresses and correctly matches more names and addresses from the OCR text with the least errors, although improvements are still necessary.",page_144_semantic_1.csv=53.2; page_144_semantic_2.csv=53.0; page_144_semantic_3.csv=53.2,True,2026-06-09T19:08:04.637163
page_145,145,3,3,page_145_semantic_1.csv,TIER2,high,50.34,Run 1 captures the most complete and accurate extraction of names and Venetian addresses without the location errors observed in Run 2.,page_145_semantic_1.csv=50.3; page_145_semantic_2.csv=49.7; page_145_semantic_3.csv=50.3,True,2026-06-09T19:08:10.980755
page_146,146,3,3,page_146_semantic_3.csv,TIER2,medium,59.3,Run 3 captures the most complete and accurate content with correct addresses and fewer errors.,page_146_semantic_1.csv=59.4; page_146_semantic_2.csv=59.4; page_146_semantic_3.csv=59.3,True,2026-06-09T19:08:18.130839
page_147,147,3,3,page_147_semantic_1.csv,TIER2,low,60.49,"All runs have significant errors, but Run 1 contains the correct sestiere location for businesses important for geocoding despite incorrect additional info.",page_147_semantic_1.csv=60.5; page_147_semantic_2.csv=60.5; page_147_semantic_3.csv=60.5,True,2026-06-09T19:08:24.702389
page_148,148,3,3,page_148_semantic_3.csv,TIER2,medium,50.92,"Run 3 best captures the content accurately, especially for Sestiere Venetian addresses required for geocoding but lacks some distinctions between 'Mestre' and actual Venetian locations.",page_148_semantic_1.csv=50.9; page_148_semantic_2.csv=51.1; page_148_semantic_3.csv=50.9,True,2026-06-09T19:08:31.766501
page_149,149,3,3,page_149_semantic_3.csv,TIER2,medium,56.1,"Run 3 has fewer errors compared to Run 2 and identical to Run 1; each has details crucial for geocoding tasks, but none capture all context with high accuracy.",page_149_semantic_1.csv=56.1; page_149_semantic_2.csv=56.0; page_149_semantic_3.csv=56.1,True,2026-06-09T19:08:38.731493
page_150,150,3,3,page_150_semantic_3.csv,TIER2,high,51.46,Run 3 has the most accurate addresses and names with minimal errors.,page_150_semantic_1.csv=51.5; page_150_semantic_2.csv=51.3; page_150_semantic_3.csv=51.5,True,2026-06-09T19:08:44.773645
page_151,151,3,3,page_151_semantic_1.csv,TIER2,low,48.16,None of the runs correctly extracted and categorized the addresses; all are similarly flawed.,page_151_semantic_1.csv=48.2; page_151_semantic_2.csv=49.7; page_151_semantic_3.csv=48.2,True,2026-06-09T19:08:52.454187
page_152,152,3,3,page_152_semantic_3.csv,TIER2,medium,59.12,"Run 3 captures Venetian addresses accurately, which are crucial for the geocoding task, despite some OCR errors.",page_152_semantic_1.csv=58.8; page_152_semantic_2.csv=58.8; page_152_semantic_3.csv=59.1,True,2026-06-09T19:08:59.513734
page_153,153,3,3,page_153_semantic_3.csv,TIER2,medium,54.85,Run 3 has the most complete and accurate addresses and captures more specific contextual information for downstream tasks.,page_153_semantic_1.csv=55.5; page_153_semantic_2.csv=55.5; page_153_semantic_3.csv=54.9,True,2026-06-09T19:09:06.899918
page_154,154,3,3,page_154_semantic_1.csv,TIER2,high,57.04,"Run 1 correctly extracts and separates Venetian address information, which is crucial for geocoding, unlike the other runs which contain notable errors in address labeling and consistency.",page_154_semantic_1.csv=57.0; page_154_semantic_2.csv=57.1; page_154_semantic_3.csv=57.0,True,2026-06-09T19:09:14.160264
page_155,155,3,3,page_155_semantic_2.csv,TIER2,high,59.16,"Run 2 captures Venetian addresses with correct sestiere names and numbering, critical for geocoding, and has fewer errors compared to the other runs.",page_155_semantic_1.csv=59.0; page_155_semantic_2.csv=59.2; page_155_semantic_3.csv=59.0,True,2026-06-09T19:09:20.819555
page_156,156,3,3,page_156_semantic_1.csv,TIER2,medium,65.64,"While none perfectly match the OCR, Run 1 is the most accurate with fewer location errors than the others.",page_156_semantic_1.csv=65.6; page_156_semantic_2.csv=65.6; page_156_semantic_3.csv=65.6,True,2026-06-09T19:09:27.676665
page_157,157,3,3,page_157_semantic_3.csv,TIER2,low,54.69,"All runs display significant inconsistencies and seem to be duplicates; however, run 3 captures more complete address fields than the others.",page_157_semantic_1.csv=61.8; page_157_semantic_2.csv=61.8; page_157_semantic_3.csv=54.7,True,2026-06-09T19:09:34.726890
page_158,158,3,3,page_158_semantic_3.csv,TIER2,high,47.58,Run 3 best captures the complete content and accuracy of Venetian addresses with fewest errors.,page_158_semantic_1.csv=47.6; page_158_semantic_2.csv=47.6; page_158_semantic_3.csv=47.6,True,2026-06-09T19:09:40.824913
page_159,159,3,3,page_159_semantic_3.csv,TIER2,medium,60.56,"Run 3 has consistent address formatting and seems to match more entries accurately with the OCR text, but still has errors and inconsistencies similar to Run 1.",page_159_semantic_1.csv=60.6; page_159_semantic_2.csv=60.8; page_159_semantic_3.csv=60.6,True,2026-06-09T19:09:47.750601
page_160,160,3,3,page_160_semantic_1.csv,TIER2,high,53.08,"Run 1 accurately captures all addresses and names with the correct sestiere, without introducing errors.",page_160_semantic_1.csv=53.1; page_160_semantic_2.csv=53.1; page_160_semantic_3.csv=53.2,True,2026-06-09T19:09:54.478702
page_161,161,1,0,page_161_semantic_1.csv,SINGLE,high,50.0,only_one_run,page_161_semantic_1.csv=50.0,True,2026-06-09T19:09:58.035028
page_162,162,3,3,page_162_semantic_3.csv,TIER2,medium,56.18,Run 3 has the most accurate addresses and complete data with fewer errors compared to Runs 1 and 2.,page_162_semantic_1.csv=56.2; page_162_semantic_2.csv=56.0; page_162_semantic_3.csv=56.2,True,2026-06-09T19:10:05.761883
page_163,163,3,3,page_163_semantic_1.csv,TIER2,low,53.08,"Runs 1 and 3 have identical data structures with the most complete extraction of locations, but both contain numerous errors, making the distinction difficult.",page_163_semantic_1.csv=53.1; page_163_semantic_2.csv=53.2; page_163_semantic_3.csv=53.1,True,2026-06-09T19:10:12.327704
page_164,164,3,3,page_164_semantic_3.csv,TIER2,medium,59.96,"Run 3 has the correct location names, but contains some issues with incorrect category labels such as 'Calzinerci' instead of 'Calzature'.",page_164_semantic_1.csv=59.9; page_164_semantic_2.csv=59.9; page_164_semantic_3.csv=60.0,True,2026-06-09T19:10:19.700102
page_165,165,3,3,page_165_semantic_1.csv,TIER2,medium,61.5,"Run 1 has more complete coverage of Venetian sestiere addresses, which is crucial for the geocoding task.",page_165_semantic_1.csv=61.5; page_165_semantic_2.csv=61.5; page_165_semantic_3.csv=61.8,True,2026-06-09T19:10:27.483366
page_166,166,3,3,page_166_semantic_2.csv,TIER2,medium,55.86,"Run 2 best captures the original content with more accurate names and addresses, although some location errors remain.",page_166_semantic_1.csv=55.9; page_166_semantic_2.csv=55.9; page_166_semantic_3.csv=55.9,True,2026-06-09T19:10:33.627334
page_167,167,3,3,page_167_semantic_3.csv,TIER2,high,60.38,Run 3 contains the most accurate addresses with the correct Venetian locations and fewest errors in transcription.,page_167_semantic_1.csv=60.6; page_167_semantic_2.csv=59.4; page_167_semantic_3.csv=60.4,True,2026-06-09T19:10:41.207465
page_168,168,3,3,page_168_semantic_1.csv,TIER2,high,55.17,Run 1 accurately captures the most complete set of unique Venetian addresses and business details without duplications or major errors compared to the other runs.,page_168_semantic_1.csv=55.2; page_168_semantic_2.csv=55.2; page_168_semantic_3.csv=55.1,True,2026-06-09T19:10:47.759115
page_169,169,3,3,page_169_semantic_1.csv,TIER2,medium,56.14,"Run 1 best maintains the structure of Venetian addresses and includes comprehensive details necessary for geocoding, despite some ambiguity in location fields.",page_169_semantic_1.csv=56.1; page_169_semantic_2.csv=56.1; page_169_semantic_3.csv=56.2,True,2026-06-09T19:10:54.721596
page_170,170,1,1,page_170_semantic_1.csv,SINGLE,high,50.1,only_one_run,page_170_semantic_1.csv=50.1,True,2026-06-09T19:10:57.896939
page_171,171,3,3,page_171_semantic_1.csv,TIER2,high,52.1,Run 1 captures the content accurately with consistent formatting and no location errors.,page_171_semantic_1.csv=52.1; page_171_semantic_2.csv=52.1; page_171_semantic_3.csv=52.1,True,2026-06-09T19:11:04.143348
page_172,172,3,3,page_172_semantic_3.csv,TIER2,high,53.08,"Run 3 has the most complete and accurate extraction of names and Venetian addresses, crucial for geocoding, with few errors.",page_172_semantic_1.csv=53.1; page_172_semantic_2.csv=53.1; page_172_semantic_3.csv=53.1,True,2026-06-09T19:11:11.208820
page_173,173,3,3,page_173_semantic_1.csv,TIER2,low,50.98,"All runs have significant errors, but Run 1 lists more unique Venetian addresses, which are most valuable for geocoding, despite other inaccuracies.",page_173_semantic_1.csv=51.0; page_173_semantic_2.csv=50.7; page_173_semantic_3.csv=51.0,True,2026-06-09T19:11:18.892180
page_174,174,3,3,page_174_semantic_1.csv,TIER2,low,60.16,"All runs show errors such as repetition or incorrect entries, but Run 1 captures more distinct Venetian addresses, fitting the geocoding task criteria better than Runs 2 and 3.",page_174_semantic_1.csv=60.2; page_174_semantic_2.csv=60.2; page_174_semantic_3.csv=51.2,True,2026-06-09T19:11:27.798640
page_175,175,3,3,page_175_semantic_3.csv,TIER2,medium,56.79,"Run 3 has fewer misassignments of locations and captures more accurate Venetian addresses, despite some errors in names, offering the best potential for geocoding.",page_175_semantic_1.csv=58.5; page_175_semantic_2.csv=58.5; page_175_semantic_3.csv=56.8,True,2026-06-09T19:11:35.281017
page_176,176,3,3,page_176_semantic_3.csv,TIER2,high,55.74,"Run 3 best captures the actual content with correct addresses and names, and the most accurate categorization.",page_176_semantic_1.csv=55.7; page_176_semantic_2.csv=55.5; page_176_semantic_3.csv=55.7,True,2026-06-09T19:11:42.237326
page_177,177,3,3,page_177_semantic_3.csv,TIER2,high,51.86,"Run 3 offers the most comprehensive capture of names, accurate addresses, and sestiere-based Venetian addresses necessary for geocoding.",page_177_semantic_1.csv=51.9; page_177_semantic_2.csv=51.6; page_177_semantic_3.csv=51.9,True,2026-06-09T19:11:50.019819
page_178,178,3,3,page_178_semantic_1.csv,TIER2,high,61.49,"Run 1 contains the most complete and accurate extraction of names and Venetian addresses, critical for geocoding.",page_178_semantic_1.csv=61.5; page_178_semantic_2.csv=61.5; page_178_semantic_3.csv=60.9,True,2026-06-09T19:11:56.677161
page_179,179,3,3,page_179_semantic_1.csv,TIER2,high,58.82,"Run 1 best captures Venetian addresses without mislabeling the 'Location' field as 'Murano', maintaining accuracy and completeness for geocoding.",page_179_semantic_1.csv=58.8; page_179_semantic_2.csv=58.8; page_179_semantic_3.csv=58.8,True,2026-06-09T19:12:02.923704
page_180,180,3,3,page_180_semantic_1.csv,TIER2,low,59.07,"All three runs contain numerous errors, such as incorrect location data (Mestre instead of Venice) or incorrect additional info, but Run 1 at least includes the phone numbers and additional business information which are critical for evaluating completeness and potential relevance to the geocoding task.",page_180_semantic_1.csv=59.1; page_180_semantic_2.csv=59.1; page_180_semantic_3.csv=59.1,True,2026-06-09T19:12:09.680993
page_181,181,3,3,page_181_semantic_1.csv,TIER2,medium,53.38,Run 1 has multiple correct Venetian addresses and contains fewer inconsistencies than the other runs.,page_181_semantic_1.csv=53.4; page_181_semantic_2.csv=53.4; page_181_semantic_3.csv=53.9,True,2026-06-09T19:12:17.054402
page_182,182,3,3,page_182_semantic_3.csv,TIER2,high,51.16,Run 3 matches Run 1 with more accurate location names and fewer errors compared to Run 2.,page_182_semantic_1.csv=51.2; page_182_semantic_2.csv=51.0; page_182_semantic_3.csv=51.2,True,2026-06-09T19:12:24.150807
page_183,183,3,3,page_183_semantic_3.csv,TIER2,low,55.38,"Run 3 preserves the most original addresses including sestiere detail accurately, but still suffers from location errors.",page_183_semantic_1.csv=55.4; page_183_semantic_2.csv=55.4; page_183_semantic_3.csv=55.4,True,2026-06-09T19:12:31.390675
page_184,184,3,3,page_184_semantic_3.csv,TIER2,medium,58.97,Run 3 has the most accurate Venetian addresses and fewer errors in names and locations.,page_184_semantic_1.csv=60.1; page_184_semantic_2.csv=60.1; page_184_semantic_3.csv=59.0,True,2026-06-09T19:12:37.432914
page_185,185,3,3,page_185_semantic_3.csv,TIER2,medium,57.17,"Run 3 captures more accurate Venetian addresses with sestiere and civic numbers, which are valuable for geocoding, although some information appears to be mismatched or miscategorized.",page_185_semantic_1.csv=57.7; page_185_semantic_2.csv=57.7; page_185_semantic_3.csv=57.2,True,2026-06-09T19:12:43.986214
page_186,186,3,3,page_186_semantic_3.csv,TIER2,high,48.66,Run 3 has the most correct and complete extraction of addresses with the fewest errors.,page_186_semantic_1.csv=48.7; page_186_semantic_2.csv=48.7; page_186_semantic_3.csv=48.7,True,2026-06-09T19:12:50.539963
page_187,187,3,3,page_187_semantic_1.csv,TIER2,medium,54.66,"Run 1 contains the most complete and accurate details of Venetian addresses valuable for geocoding, despite some errors in category assignments.",page_187_semantic_1.csv=54.7; page_187_semantic_2.csv=54.3; page_187_semantic_3.csv=54.7,True,2026-06-09T19:12:57.401111
page_188,188,3,3,page_188_semantic_3.csv,TIER2,high,58.82,"Run 3 captures the most accurate and complete address and location information with correct mapping to their respective sestieres, which is critical for the geocoding task.",page_188_semantic_1.csv=58.8; page_188_semantic_2.csv=58.8; page_188_semantic_3.csv=58.8,True,2026-06-09T19:13:04.057214
page_189,189,3,3,page_189_semantic_3.csv,TIER2,medium,55.63,"Run 3 captures more of the Venetian addresses accurately, though there are still errors, resulting in a more useful extraction for geocoding tasks.",page_189_semantic_1.csv=55.5; page_189_semantic_2.csv=55.5; page_189_semantic_3.csv=55.6,True,2026-06-09T19:13:10.610656
page_190,190,3,3,page_190_semantic_3.csv,TIER2,medium,56.79,"Run 3 has captured distinct Venetian addresses and business names more accurately compared to other runs, despite minor mistakes.",page_190_semantic_1.csv=56.0; page_190_semantic_2.csv=56.0; page_190_semantic_3.csv=56.8,True,2026-06-09T19:13:16.345596
page_191,191,3,3,page_191_semantic_3.csv,TIER2,medium,58.68,"Run 3 correctly captures the names and addresses with the most detail and accuracy for the Venetian addresses, crucial for geocoding tasks.",page_191_semantic_1.csv=58.6; page_191_semantic_2.csv=58.6; page_191_semantic_3.csv=58.7,True,2026-06-09T19:13:23.104027
page_192,192,3,3,page_192_semantic_3.csv,TIER2,medium,48.38,"Run 3 contains the fewest errors and most complete extraction of sestiere and civic numbers vital for geocoding, but Marghera is incorrectly listed as the location for many of Venice entries.",page_192_semantic_1.csv=48.4; page_192_semantic_2.csv=48.4; page_192_semantic_3.csv=48.4,True,2026-06-09T19:13:30.253708
page_193,193,3,3,page_193_semantic_3.csv,TIER2,medium,49.04,"Run 3 accurately captures the names and Venetian addresses with fewer errors compared to the other runs, though it shares similar issues of repetitive locations like Marghera.",page_193_semantic_1.csv=49.0; page_193_semantic_2.csv=48.6; page_193_semantic_3.csv=49.0,True,2026-06-09T19:13:38.156612
page_194,194,3,3,page_194_semantic_1.csv,TIER2,high,60.05,Run 1 contains the most accurate and complete Venetian addresses with no apparent location errors like assigning 'Murano' universally as seen in Run 3.,page_194_semantic_1.csv=60.0; page_194_semantic_2.csv=60.0; page_194_semantic_3.csv=60.0,True,2026-06-09T19:13:44.734721
page_195,195,3,3,page_195_semantic_3.csv,TIER2,low,55.14,"Run 3 is the closest to capturing content accurately with distinctions in categories and finer details, but it still contains errors, such as mismatched addresses and locations.",page_195_semantic_1.csv=58.2; page_195_semantic_2.csv=58.2; page_195_semantic_3.csv=55.1,True,2026-06-09T19:13:55.362164
page_196,196,3,3,page_196_semantic_2.csv,TIER2,medium,52.7,"Run 2 captures addresses more accurately and assigns correct sestiere locations essential for geocoding, despite some errors in details.",page_196_semantic_1.csv=52.5; page_196_semantic_2.csv=52.7; page_196_semantic_3.csv=52.5,True,2026-06-09T19:14:02.674158
page_197,197,3,3,page_197_semantic_2.csv,TIER2,medium,49.8,"Run 2 has more accurate Venetian addresses with sestiere and civic number combinations, which are most valuable for geocoding, despite inconsistencies in some other details.",page_197_semantic_1.csv=49.8; page_197_semantic_2.csv=49.8; page_197_semantic_3.csv=49.8,True,2026-06-09T19:14:09.476899
page_198,198,3,3,page_198_semantic_1.csv,TIER2,medium,56.67,"Run 1 accurately captures more correct Venetian addresses, although it incorrectly places many listings in Marghera, unlike Run 3 which consistently misplaces locations in Murano.",page_198_semantic_1.csv=56.7; page_198_semantic_2.csv=56.7; page_198_semantic_3.csv=56.6,True,2026-06-09T19:14:16.967751
page_199,199,3,3,page_199_semantic_1.csv,TIER2,medium,60.18,"Run 1 accurately captures the most complete and correct Venetian addresses with the fewest errors, but incorrectly labels the location as 'Marghera' instead of specific sestieri in Venice for many entries.",page_199_semantic_1.csv=60.2; page_199_semantic_2.csv=60.2; page_199_semantic_3.csv=60.3,True,2026-06-09T19:14:25.774548
page_200,200,3,3,page_200_semantic_3.csv,TIER2,low,55.6,"While all runs have significant errors, run 3 is slightly better in capturing some Venetian addresses. However, inconsistencies and incorrect categorizations are present in all runs.",page_200_semantic_1.csv=54.0; page_200_semantic_2.csv=54.0; page_200_semantic_3.csv=55.6,True,2026-06-09T19:14:33.761990
page_201,201,3,3,page_201_semantic_3.csv,TIER2,low,60.58,"All runs seem to have significant errors and inconsistencies, but Run 3 captures more correct Venetian addresses, which are crucial for geocoding.",page_201_semantic_1.csv=60.7; page_201_semantic_2.csv=60.7; page_201_semantic_3.csv=60.6,True,2026-06-09T19:14:40.520696
page_202,202,3,3,page_202_semantic_3.csv,TIER2,low,49.72,"All runs have errors, but run 3 captures the correct category 'Falegnami' and addresses seem more consistent with the raw transcription.",page_202_semantic_1.csv=49.7; page_202_semantic_2.csv=53.6; page_202_semantic_3.csv=49.7,True,2026-06-09T19:14:48.713002
page_203,203,3,3,page_203_semantic_3.csv,TIER2,medium,61.76,Run 3 accurately captures more Venetian addresses with minimal errors compared to the other runs.,page_203_semantic_1.csv=61.8; page_203_semantic_2.csv=61.9; page_203_semantic_3.csv=61.8,True,2026-06-09T19:14:55.483689
page_204,204,3,3,page_204_semantic_1.csv,TIER2,high,62.67,"Run 1 has the most consistent and correct parsing of names and addresses, with appropriate Venetian addresses critical for geocoding tasks.",page_204_semantic_1.csv=62.7; page_204_semantic_2.csv=62.7; page_204_semantic_3.csv=62.8,True,2026-06-09T19:15:04.361090
page_205,205,3,3,page_205_semantic_3.csv,TIER2,low,60.3,"None of the runs fully capture accurate content, but run 3 attempts to address some sestiere details and addresses the most.",page_205_semantic_1.csv=60.4; page_205_semantic_2.csv=60.4; page_205_semantic_3.csv=60.3,True,2026-06-09T19:15:11.251210
page_206,206,3,3,page_206_semantic_1.csv,TIER2,low,55.38,"None of the runs are highly accurate; however, Run 1 captures more correct Venetian addresses with recognizable Venetian sestiere identifiers.",page_206_semantic_1.csv=55.4; page_206_semantic_2.csv=55.2; page_206_semantic_3.csv=55.4,True,2026-06-09T19:15:17.360584
page_207,207,3,3,page_207_semantic_2.csv,TIER2,medium,50.26,"Run 2 captured the most complete set of addresses, including the correct sestiere information useful for geocoding, although it had some categorization errors.",page_207_semantic_1.csv=49.6; page_207_semantic_2.csv=50.3; page_207_semantic_3.csv=49.6,True,2026-06-09T19:15:24.949310
page_208,208,3,3,page_208_semantic_1.csv,TIER2,high,56.18,"Run 1 provides the most accurate and complete extraction of Venetian addresses, which are essential for geocoding, with the correct 'Location' of 'Mestre' and fewer errors compared to the other runs.",page_208_semantic_1.csv=56.2; page_208_semantic_2.csv=56.2; page_208_semantic_3.csv=56.5,True,2026-06-09T19:15:31.534667
page_209,209,3,3,page_209_semantic_3.csv,TIER2,medium,53.08,"Run 3 better captures the actual Venetian content with accurate addresses and locations, though some locations are marked as 'Lido' incorrectly.",page_209_semantic_1.csv=56.6; page_209_semantic_2.csv=56.6; page_209_semantic_3.csv=53.1,True,2026-06-09T19:15:38.580340
page_210,210,3,3,page_210_semantic_1.csv,TIER2,high,55.94,"Run 1 captures the most accurate and complete extraction of names and Venetian addresses, crucial for geocoding tasks, with fewer errors than the other runs.",page_210_semantic_1.csv=55.9; page_210_semantic_2.csv=55.9; page_210_semantic_3.csv=55.3,True,2026-06-09T19:15:45.268062
page_211,211,3,3,page_211_semantic_1.csv,TIER2,high,62.32,"Run 1 captures the most accurate Venetian addresses with the correct sestiere and civic numbers, and contains the least amount of errors.",page_211_semantic_1.csv=62.3; page_211_semantic_2.csv=62.3; page_211_semantic_3.csv=62.5,True,2026-06-09T19:15:52.885591
page_212,212,3,3,page_212_semantic_2.csv,TIER2,medium,51.32,"Run 2 generally captures more of the raw data with Venetian addresses correctly and categorizes entries properly, but there are still inconsistencies in locations and categories.",page_212_semantic_1.csv=51.6; page_212_semantic_2.csv=51.3; page_212_semantic_3.csv=51.6,True,2026-06-09T19:15:59.641509
page_213,213,3,3,page_213_semantic_1.csv,TIER2,high,53.2,"Run 1 has the most complete and accurate extraction of Venetian addresses and categories, without significant repetition or errors in location names.",page_213_semantic_1.csv=53.2; page_213_semantic_2.csv=53.0; page_213_semantic_3.csv=53.2,True,2026-06-09T19:16:07.729824
page_214,214,3,3,page_214_semantic_1.csv,TIER2,high,60.85,Run 1 captures Venetian addresses accurately and completely with the correct association to the Giornali category.,page_214_semantic_1.csv=60.9; page_214_semantic_2.csv=60.9; page_214_semantic_3.csv=60.9,True,2026-06-09T19:16:13.976303
page_215,215,3,3,page_215_semantic_3.csv,TIER2,high,55.49,"Run 3 includes more complete and accurate names and addresses relevant to the Venetian addresses, which are most valuable for geocoding.",page_215_semantic_1.csv=54.8; page_215_semantic_2.csv=54.8; page_215_semantic_3.csv=55.5,True,2026-06-09T19:16:21.144236
page_216,216,3,3,page_216_semantic_3.csv,TIER2,medium,49.04,"Run 3 contains multiple Venetian addresses and appears to capture the content more accurately than Run 2, which contains notable errors like 'Cantieri Navali', not present in the OCR text.",page_216_semantic_1.csv=49.0; page_216_semantic_2.csv=49.0; page_216_semantic_3.csv=49.0,True,2026-06-09T19:16:30.052945
page_217,217,3,3,page_217_semantic_3.csv,TIER2,low,46.06,"None of the runs accurately captured the Venetian locations and addresses correctly, but Run 3 has the least amount of mistakes compared to the others.",page_217_semantic_1.csv=46.1; page_217_semantic_2.csv=45.8; page_217_semantic_3.csv=46.1,True,2026-06-09T19:16:36.810320
page_218,218,3,3,page_218_semantic_3.csv,TIER2,medium,52.1,"Run 3 provides a more specific address in Murano, which is valuable for geocoding, despite a potential OCR typo in 'Vittorio Emnuele'.",page_218_semantic_1.csv=52.1; page_218_semantic_2.csv=52.1; page_218_semantic_3.csv=52.1,True,2026-06-09T19:16:43.877062
page_219,219,3,3,page_219_semantic_1.csv,TIER2,medium,55.46,"Run 1 has the highest number of entries with correct segmentation of names, addresses, and associated information with fewer errors, which is important for geocoding tasks.",page_219_semantic_1.csv=55.5; page_219_semantic_2.csv=55.5; page_219_semantic_3.csv=53.8,True,2026-06-09T19:16:50.635491
page_220,220,3,3,page_220_semantic_2.csv,TIER2,low,53.52,"All runs have errors, but Run 2 at least attempts a more diversified categorization and location correction despite some inaccuracies.",page_220_semantic_1.csv=53.3; page_220_semantic_2.csv=53.5; page_220_semantic_3.csv=53.3,True,2026-06-09T19:16:56.557288
page_221,221,3,3,page_221_semantic_2.csv,TIER2,medium,44.94,"Run 2 contains more complete and accurately matched Venetian addresses and includes additional categorization details, despite some inconsistencies in naming conventions and formatting.",page_221_semantic_1.csv=48.8; page_221_semantic_2.csv=44.9; page_221_semantic_3.csv=48.8,True,2026-06-09T19:17:04.048416
page_222,222,3,3,page_222_semantic_1.csv,TIER2,medium,58.4,Run 1 contains a greater number of complete and accurate Venetian addresses essential for geocoding.,page_222_semantic_1.csv=58.4; page_222_semantic_2.csv=58.4; page_222_semantic_3.csv=58.9,True,2026-06-09T19:17:11.832737
page_223,223,3,3,page_223_semantic_3.csv,TIER2,low,61.78,"Run 3 has the most accurate extraction of Venetian addresses necessary for geocoding, despite misclassification issues in the 'Category' column.",page_223_semantic_1.csv=61.7; page_223_semantic_2.csv=61.7; page_223_semantic_3.csv=61.8,True,2026-06-09T19:17:18.917829
page_224,224,3,3,page_224_semantic_1.csv,TIER2,low,50.92,"All runs have numerous issues, but Run 1 captures most of the addresses with the correct sestiere, which is crucial for geocoding, despite consistently misplacing the location as Mestre instead of Venezia.",page_224_semantic_1.csv=50.9; page_224_semantic_2.csv=50.6; page_224_semantic_3.csv=50.9,True,2026-06-09T19:17:26.168820
page_225,225,3,3,page_225_semantic_2.csv,TIER2,low,52.6,"Although none are entirely accurate, run 2 has the least incorrect mentions of location 'Burano' and slightly better categorization.",page_225_semantic_1.csv=52.7; page_225_semantic_2.csv=52.6; page_225_semantic_3.csv=52.7,True,2026-06-09T19:17:31.669132
page_226,226,3,3,page_226_semantic_3.csv,TIER2,high,55.42,"Run 3 better captures the content with more accurate names, addresses, and categories, including sections and phone numbers, despite some typos.",page_226_semantic_1.csv=55.1; page_226_semantic_2.csv=55.1; page_226_semantic_3.csv=55.4,True,2026-06-09T19:17:38.661933
page_227,227,3,3,page_227_semantic_3.csv,TIER1,high,54.83,2x_more_rows(37_vs_10),page_227_semantic_1.csv=52.1; page_227_semantic_2.csv=52.1; page_227_semantic_3.csv=54.8,True,2026-06-09T19:17:42.354398
page_228,228,3,3,page_228_semantic_2.csv,TIER2,medium,50.02,Run 2 correctly identifies 'Bacino Orselo 1122' as an address in Venice and provides accurate categorization and additional information without duplicating or misplacing entries.,page_228_semantic_1.csv=50.0; page_228_semantic_2.csv=50.0; page_228_semantic_3.csv=50.0,True,2026-06-09T19:17:49.927037
page_229,229,3,3,page_229_semantic_2.csv,TIER2,medium,51.64,Run 2 correctly associates addresses with the appropriate locations and provides more complete additional information for the Banco di Roma.,page_229_semantic_1.csv=51.4; page_229_semantic_2.csv=51.6; page_229_semantic_3.csv=51.4,True,2026-06-09T19:17:56.788030
page_230,230,3,3,page_230_semantic_2.csv,TIER2,medium,48.86,"Run 2 correctly distinguishes between Venetian locations like Mestre, Lido di Venezia, and Venezia, making it most suitable for geocoding tasks.",page_230_semantic_1.csv=49.4; page_230_semantic_2.csv=48.9; page_230_semantic_3.csv=49.4,True,2026-06-09T19:18:03.033497
page_231,231,3,3,page_231_semantic_1.csv,TIER2,medium,52.52,"Run 1 correctly identifies the Venetian addresses and uses 'VENEZIA' for the location where applicable, which is crucial for geocoding tasks, though it contains some incorrect classifications as 'Mestre.'",page_231_semantic_1.csv=52.5; page_231_semantic_2.csv=53.0; page_231_semantic_3.csv=52.5,True,2026-06-09T19:18:09.382808
page_232,232,3,3,page_232_semantic_3.csv,TIER2,medium,64.94,"Run 3 has the least errors in Venetian addresses with sestiere and civic numbers, although there are still some address and name inaccuracies.",page_232_semantic_1.csv=64.9; page_232_semantic_2.csv=64.9; page_232_semantic_3.csv=64.9,True,2026-06-09T19:18:15.525480
page_233,233,3,3,page_233_semantic_3.csv,TIER2,medium,59.95,"Run 3 provides more complete and varied category information and includes critical address details, especially with Venetian civic numbers for geocoding.",page_233_semantic_1.csv=59.8; page_233_semantic_2.csv=59.8; page_233_semantic_3.csv=60.0,True,2026-06-09T19:18:22.899556
page_234,234,3,3,page_234_semantic_3.csv,TIER2,high,52.94,"Run 3 has the most accurate and complete extraction of sestiere with civic numbers, which are essential for geocoding, with fewer errors compared to other runs.",page_234_semantic_1.csv=52.9; page_234_semantic_2.csv=52.8; page_234_semantic_3.csv=52.9,True,2026-06-09T19:18:29.805170
page_235,235,3,3,page_235_semantic_1.csv,TIER2,high,50.74,"Run 1 is the most accurate in capturing Venetian addresses necessary for geocoding, with fewer errors in location data compared to the other runs.",page_235_semantic_1.csv=50.7; page_235_semantic_2.csv=50.5; page_235_semantic_3.csv=50.7,True,2026-06-09T19:18:35.802045
page_236,236,3,3,page_236_semantic_1.csv,TIER2,medium,59.31,"Run 1 properly captures a variety of addresses with specific Venetian locations, which are crucial for geocoding, despite some errors.",page_236_semantic_1.csv=59.3; page_236_semantic_2.csv=59.3; page_236_semantic_3.csv=60.5,True,2026-06-09T19:18:42.765014
page_237,237,3,3,page_237_semantic_1.csv,TIER2,high,62.48,Run 1 best captures the content with correct Venetian addresses and has the fewest errors.,page_237_semantic_1.csv=62.5; page_237_semantic_2.csv=62.5; page_237_semantic_3.csv=62.1,True,2026-06-09T19:18:49.114195
page_238,238,3,3,page_238_semantic_3.csv,TIER2,medium,51.14,Run 3 contains the most accurate and complete addresses with fewer errors than the other runs.,page_238_semantic_1.csv=51.1; page_238_semantic_2.csv=51.1; page_238_semantic_3.csv=51.1,True,2026-06-09T19:18:55.666806
page_239,239,3,3,page_239_semantic_2.csv,TIER2,medium,50.82,"Run 2 most accurately captures the addresses, including a unique address (S. Luc. 4152, Venezia) which enhances the geocoding accuracy.",page_239_semantic_1.csv=50.8; page_239_semantic_2.csv=50.8; page_239_semantic_3.csv=50.8,True,2026-06-09T19:19:02.528504
page_240,240,3,3,page_240_semantic_1.csv,TIER2,medium,63.15,"Run 1 appears to capture a higher number of unique addresses and sestiere civic numbers accurately compared to the other runs, despite some duplication in the 'Category' field.",page_240_semantic_1.csv=63.1; page_240_semantic_2.csv=63.1; page_240_semantic_3.csv=63.1,True,2026-06-09T19:19:09.080503
page_241,241,3,3,page_241_semantic_3.csv,TIER1,high,61.47,2x_more_rows(104_vs_22),page_241_semantic_1.csv=53.3; page_241_semantic_2.csv=53.3; page_241_semantic_3.csv=61.5,True,2026-06-09T19:19:12.563986
page_242,242,3,3,page_242_semantic_1.csv,TIER2,low,59.62,"All runs contain errors, such as incorrect location (Marghera instead of Venice districts), but run 1 has fewer mismatches between name and address, though it's difficult to ascertain completeness and accuracy with confidence.",page_242_semantic_1.csv=59.6; page_242_semantic_2.csv=59.6; page_242_semantic_3.csv=59.6,True,2026-06-09T19:19:21.370928
page_243,243,3,3,page_243_semantic_3.csv,TIER2,medium,51.48,"Runs 1 and 3 are very similar, but Run 3 is slightly more accurate in details compared to Run 2, which has many errors in location and category.",page_243_semantic_1.csv=51.5; page_243_semantic_2.csv=51.7; page_243_semantic_3.csv=51.5,True,2026-06-09T19:19:27.924581
page_244,244,3,3,page_244_semantic_3.csv,TIER2,medium,55.14,Run 3 has inconsistencies in location mapping but corrects name and address pairings and includes civic numbers more accurately than the others.,page_244_semantic_1.csv=57.4; page_244_semantic_2.csv=57.4; page_244_semantic_3.csv=55.1,True,2026-06-09T19:19:34.786101
page_245,245,3,3,page_245_semantic_3.csv,TIER2,low,55.28,"Run 3 correctly captures a variety of Venetian addresses, though there are still errors and inconsistencies present.",page_245_semantic_1.csv=55.2; page_245_semantic_2.csv=55.2; page_245_semantic_3.csv=55.3,True,2026-06-09T19:19:42.013467
page_246,246,3,3,page_246_semantic_3.csv,TIER2,high,54.56,"Run 3 accurately captures the Venetian addresses with sestiere and civic number, and has the most complete and accurate representation of the data with minimal errors compared to the other runs.",page_246_semantic_1.csv=54.6; page_246_semantic_2.csv=54.7; page_246_semantic_3.csv=54.6,True,2026-06-09T19:19:49.222683
page_247,247,3,3,page_247_semantic_3.csv,TIER2,medium,54.5,"Run 3 closely resembles Run 1 but does not contain incoherent alterations like Run 2, although both run 1 and 3 have similar errors.",page_247_semantic_1.csv=54.5; page_247_semantic_2.csv=54.5; page_247_semantic_3.csv=54.5,True,2026-06-09T19:19:56.904298
page_248,248,3,3,page_248_semantic_1.csv,TIER2,high,62.12,"Run 1 contains the most complete and accurate extraction of names and Venetian addresses, necessary for the geocoding task, with fewer errors compared to the other runs.",page_248_semantic_1.csv=62.1; page_248_semantic_2.csv=62.1; page_248_semantic_3.csv=56.2,True,2026-06-09T19:20:04.686923
page_249,249,3,3,page_249_semantic_3.csv,TIER2,low,58.77,"Although run 3 captures a wide variety of categories, it contains misplaced locations and the category 'e sensali marittimi' not relevant to the OCR text, making the decision challenging.",page_249_semantic_1.csv=58.5; page_249_semantic_2.csv=58.5; page_249_semantic_3.csv=58.8,True,2026-06-09T19:20:12.497369
page_250,250,3,3,page_250_semantic_3.csv,TIER2,high,56.31,"Run 3 best captures the actual content by correcting name errors, using complete addresses from the OCR text, and correctly associating categories without misinformation.",page_250_semantic_1.csv=56.2; page_250_semantic_2.csv=56.2; page_250_semantic_3.csv=56.3,True,2026-06-09T19:20:19.317534
page_251,251,3,3,page_251_semantic_3.csv,TIER2,medium,59.26,"Run 3 has the most accurate and complete Venetian addresses despite some inconsistencies, which are better for geocoding tasks.",page_251_semantic_1.csv=59.3; page_251_semantic_2.csv=59.3; page_251_semantic_3.csv=59.3,True,2026-06-09T19:20:26.191159
page_252,252,3,3,page_252_semantic_3.csv,TIER2,medium,52.88,"Run 3 accurately captures the Venetian addresses with corresponding civic numbers and relevant categories, crucial for geocoding, albeit it still has some errors in categorization.",page_252_semantic_1.csv=52.9; page_252_semantic_2.csv=53.0; page_252_semantic_3.csv=52.9,True,2026-06-09T19:20:32.666158
page_253,253,3,3,page_253_semantic_3.csv,TIER2,low,54.88,"Run 3 has the least amount of address inconsistencies and errors, but none of the runs accurately capture all Venetian addresses or categories, hence the low confidence.",page_253_semantic_1.csv=54.9; page_253_semantic_2.csv=55.1; page_253_semantic_3.csv=54.9,True,2026-06-09T19:20:39.169491
page_254,254,3,3,page_254_semantic_3.csv,TIER2,medium,56.19,"Run 3 contains more complete address information and distinctive categorization labels, which are valuable for geocoding, though it contains some errors in category naming.",page_254_semantic_1.csv=55.9; page_254_semantic_2.csv=55.9; page_254_semantic_3.csv=56.2,True,2026-06-09T19:20:45.752879
page_255,255,3,3,page_255_semantic_3.csv,TIER2,medium,57.25,"Run 3 contains the most accurate and detailed Venetian addresses including sestiere and civic number, which are crucial for the geocoding task, despite some formatting inconsistencies.",page_255_semantic_1.csv=56.5; page_255_semantic_2.csv=56.5; page_255_semantic_3.csv=57.2,True,2026-06-09T19:20:53.636493
page_256,256,3,3,page_256_semantic_2.csv,TIER2,high,54.78,Run 2 consistently captures more accurate addresses and names with fewer errors while correctly identifying the category for Venetian addresses.,page_256_semantic_1.csv=54.8; page_256_semantic_2.csv=54.8; page_256_semantic_3.csv=54.8,True,2026-06-09T19:21:00.700500
page_257,257,3,3,page_257_semantic_3.csv,TIER2,high,50.62,Run 3 has the most complete and accurate extraction of names and addresses without the mismatched 'Marghera' location errors seen in Runs 1 and 2.,page_257_semantic_1.csv=50.6; page_257_semantic_2.csv=50.8; page_257_semantic_3.csv=50.6,True,2026-06-09T19:21:07.201033
page_258,258,3,3,page_258_semantic_1.csv,TIER2,high,59.64,"Run 1 correctly captures sestiere and civic number addresses critical for geocoding, with no major errors in names or addresses compared to the original text.",page_258_semantic_1.csv=59.6; page_258_semantic_2.csv=59.6; page_258_semantic_3.csv=59.8,True,2026-06-09T19:21:14.374364
page_259,259,3,3,page_259_semantic_1.csv,TIER2,high,59.08,"Run 1 has the most complete and accurate extraction of sestiere + civic number addresses, which are crucial for geocoding.",page_259_semantic_1.csv=59.1; page_259_semantic_2.csv=59.1; page_259_semantic_3.csv=58.8,True,2026-06-09T19:21:21.430213
page_260,260,3,3,page_260_semantic_2.csv,TIER2,medium,58.26,"Run 2 has the most accurate addresses and correctly reflects the Venetian sestiere and civic number structure, which are valuable for geocoding.",page_260_semantic_1.csv=58.5; page_260_semantic_2.csv=58.3; page_260_semantic_3.csv=58.5,True,2026-06-09T19:21:30.195179
page_261,261,3,3,page_261_semantic_1.csv,TIER2,high,52.04,Run 1 captures most of the Venetian addresses accurately with fewer errors than the others.,page_261_semantic_1.csv=52.0; page_261_semantic_2.csv=54.9; page_261_semantic_3.csv=52.0,True,2026-06-09T19:21:37.974737
page_262,262,3,3,page_262_semantic_3.csv,TIER2,medium,63.85,"Run 3 captures most addresses accurately and completely, with fewer errors in sestiere and civic numbers, despite minor inaccuracies in additional information.",page_262_semantic_1.csv=63.8; page_262_semantic_2.csv=63.8; page_262_semantic_3.csv=63.9,True,2026-06-09T19:21:44.986874
page_263,263,3,3,page_263_semantic_3.csv,TIER2,low,60.7,"While all runs have errors, Run 3 includes more Venetian addresses and contains fewer inconsistent location assignments compared to the other two.",page_263_semantic_1.csv=60.7; page_263_semantic_2.csv=60.7; page_263_semantic_3.csv=60.7,True,2026-06-09T19:21:51.286962
page_264,264,3,3,page_264_semantic_3.csv,TIER2,high,49.64,"Run 3 has accurate extraction of names and addresses with fewer errors compared to the other runs, especially noting correct entries for Venetian addresses.",page_264_semantic_1.csv=49.6; page_264_semantic_2.csv=49.2; page_264_semantic_3.csv=49.6,True,2026-06-09T19:21:57.587540
page_265,265,3,3,page_265_semantic_1.csv,TIER2,medium,58.56,"Run 1 provides the most accurate and complete extraction of addresses, especially with Venetian sestiere and civic numbers, crucial for geocoding.",page_265_semantic_1.csv=58.6; page_265_semantic_2.csv=58.6; page_265_semantic_3.csv=58.6,True,2026-06-09T19:22:04.189593
page_266,266,3,3,page_266_semantic_1.csv,TIER2,high,59.98,Run 1 has the most accurate and complete semantic extraction with correct location details capturing the original content.,page_266_semantic_1.csv=60.0; page_266_semantic_2.csv=60.0; page_266_semantic_3.csv=60.1,True,2026-06-09T19:22:10.845585
page_267,267,3,3,page_267_semantic_1.csv,TIER2,high,64.19,"Run 1 captures the addresses accurately, maintaining the original structure and including Venetian addresses vital for geocoding without incorrect location assignments found in other runs.",page_267_semantic_1.csv=64.2; page_267_semantic_2.csv=64.2; page_267_semantic_3.csv=64.3,True,2026-06-09T19:22:18.525840
page_268,268,3,3,page_268_semantic_2.csv,TIER1,high,50.08,2x_more_rows(53_vs_23),page_268_semantic_1.csv=47.1; page_268_semantic_2.csv=50.1; page_268_semantic_3.csv=47.1,True,2026-06-09T19:22:21.983578
page_269,269,3,3,page_269_semantic_3.csv,TIER2,high,53.82,Run 3 has the most accurate representation of the original content with correct names and addresses and fewer errors.,page_269_semantic_1.csv=53.8; page_269_semantic_2.csv=52.0; page_269_semantic_3.csv=53.8,True,2026-06-09T19:22:28.765851
page_270,270,3,3,page_270_semantic_3.csv,TIER2,high,50.22,Run 3 has the most accurate and complete extraction of Venetian addresses with fewest errors compared to the other runs.,page_270_semantic_1.csv=50.2; page_270_semantic_2.csv=50.3; page_270_semantic_3.csv=50.2,True,2026-06-09T19:22:36.241128
page_271,271,3,3,page_271_semantic_2.csv,TIER1,high,49.08,2x_more_rows(77_vs_6),page_271_semantic_1.csv=42.0; page_271_semantic_2.csv=49.1; page_271_semantic_3.csv=42.0,True,2026-06-09T19:22:39.415067
page_272,272,3,3,page_272_semantic_1.csv,TIER2,medium,59.17,"Run 1 contains the most complete data with the fewest apparent errors in names and addresses for the Venetian addresses, although entries are incorrectly classified under Murano, which should be addressed.",page_272_semantic_1.csv=59.2; page_272_semantic_2.csv=59.2; page_272_semantic_3.csv=57.6,True,2026-06-09T19:22:46.025290
page_273,273,3,3,page_273_semantic_3.csv,TIER2,high,62.48,"Run 3 accurately represents the addresses and names, crucial for the geocoding task, with fewer errors than the other runs.",page_273_semantic_1.csv=62.5; page_273_semantic_2.csv=62.5; page_273_semantic_3.csv=62.5,True,2026-06-09T19:22:52.931474
page_274,274,3,3,page_274_semantic_3.csv,TIER2,high,57.12,"Run 3 captures the most complete and accurate address information along with appropriate categories, especially for Venetian locations, essential for geocoding.",page_274_semantic_1.csv=57.1; page_274_semantic_2.csv=57.1; page_274_semantic_3.csv=57.1,True,2026-06-09T19:22:59.178921
page_275,275,3,3,page_275_semantic_2.csv,TIER2,low,50.54,"Run 2 has a few more accurate Venetian addresses but still lacks completeness and contains significant errors, making it marginally better than the others.",page_275_semantic_1.csv=50.4; page_275_semantic_2.csv=50.5; page_275_semantic_3.csv=50.4,True,2026-06-09T19:23:05.937396
page_276,276,3,3,page_276_semantic_3.csv,TIER2,medium,59.09,Run 3 captures the most complete set of names and Venetian addresses correctly and categories them accurately.,page_276_semantic_1.csv=60.5; page_276_semantic_2.csv=60.5; page_276_semantic_3.csv=59.1,True,2026-06-09T19:23:11.672968
page_277,277,3,3,page_277_semantic_3.csv,TIER2,medium,62.86,"Run 3 has the most errors corrected and detailed categories, though there are still some inaccuracies in addresses.",page_277_semantic_1.csv=63.0; page_277_semantic_2.csv=63.0; page_277_semantic_3.csv=62.9,True,2026-06-09T19:23:19.147735
page_278,278,3,3,page_278_semantic_1.csv,TIER2,low,57.42,"All runs have inconsistencies and incomplete data, but Run 1 appears to capture more complete addresses by correctly including Venetian locations, despite categorical misclassifications.",page_278_semantic_1.csv=57.4; page_278_semantic_2.csv=57.3; page_278_semantic_3.csv=57.4,True,2026-06-09T19:23:26.359975
page_279,279,3,3,page_279_semantic_2.csv,TIER2,low,55.74,"None of the runs are completely accurate, but Run 2 captures more variation in location data despite errors.",page_279_semantic_1.csv=55.3; page_279_semantic_2.csv=55.7; page_279_semantic_3.csv=55.3,True,2026-06-09T19:23:33.688501
page_280,280,3,3,page_280_semantic_1.csv,TIER2,low,55.92,"All runs have the same repeated errors and misclassifications, but Run 1 is slightly more complete in terms of capturing the names and addresses from the original text.",page_280_semantic_1.csv=55.9; page_280_semantic_2.csv=56.2; page_280_semantic_3.csv=55.9,True,2026-06-09T19:23:39.935123
page_281,281,3,3,page_281_semantic_3.csv,TIER2,medium,52.12,Run 3 captures addresses and categories accurately without the erroneous 'Generi alimentari' category assignments found in Run 1 and provides more consistent address details compared to Run 2.,page_281_semantic_1.csv=52.1; page_281_semantic_2.csv=52.3; page_281_semantic_3.csv=52.1,True,2026-06-09T19:23:47.063674
page_282,282,3,3,page_282_semantic_3.csv,TIER2,medium,60.16,"Run 3 appears to have the most accurate extraction of Venetian sestiere addresses and categories, despite some minor naming errors.",page_282_semantic_1.csv=60.1; page_282_semantic_2.csv=60.1; page_282_semantic_3.csv=60.2,True,2026-06-09T19:23:54.169135
page_283,283,3,3,page_283_semantic_3.csv,TIER2,medium,57.49,"Run 3 has the correct Venetian sestieri and civic numbers and captures the addresses relevant for geocoding, although some categories are incorrect as 'Camicerie da uomo' and not 'RISTORANTE'.",page_283_semantic_1.csv=57.5; page_283_semantic_2.csv=57.5; page_283_semantic_3.csv=57.5,True,2026-06-09T19:24:01.392294
page_284,284,3,3,page_284_semantic_1.csv,TIER2,high,57.12,"Run 1 captures the addresses with Venetian sestieri and civic numbers, which are crucial for geocoding, more accurately than the other runs.",page_284_semantic_1.csv=57.1; page_284_semantic_2.csv=56.8; page_284_semantic_3.csv=57.1,True,2026-06-09T19:24:07.788528
page_285,285,3,3,page_285_semantic_1.csv,TIER2,low,61.32,"All three runs have significant errors and none accurately captures the content well, but Run 1 slightly edges as it has fewer major address errors compared to Run 2 and fewer location issues than Run 3.",page_285_semantic_1.csv=61.3; page_285_semantic_2.csv=61.4; page_285_semantic_3.csv=61.3,True,2026-06-09T19:24:14.853951
page_286,286,3,3,page_286_semantic_1.csv,TIER2,high,68.33,"Run 1 accurately captures Venetian addresses and names without significant errors, unlike Run 3 with mistranscriptions and wrong locations, or Run 2 which is identical to Run 1 but doesn't distinguish itself.",page_286_semantic_1.csv=68.3; page_286_semantic_2.csv=68.3; page_286_semantic_3.csv=68.3,True,2026-06-09T19:24:22.636144
page_287,287,3,3,page_287_semantic_1.csv,TIER2,high,66.05,"Run 1 preserves the most accurate Venetian addresses and entries from the OCR text, with the fewest errors and minimal addition of unrelated categories.",page_287_semantic_1.csv=66.0; page_287_semantic_2.csv=66.0; page_287_semantic_3.csv=66.0,True,2026-06-09T19:24:30.184271
page_288,288,3,3,page_288_semantic_2.csv,TIER2,high,60.16,"Run 2 has the most complete and accurately categorized data, including both Venetian and Mestre addresses, essential for downstream geocoding.",page_288_semantic_1.csv=60.9; page_288_semantic_2.csv=60.2; page_288_semantic_3.csv=60.9,True,2026-06-09T19:24:38.103055
page_289,289,3,3,page_289_semantic_3.csv,TIER2,medium,53.76,Run 3 captures the most accurate Venetian addresses and categories with fewer errors compared to the others.,page_289_semantic_1.csv=53.8; page_289_semantic_2.csv=53.7; page_289_semantic_3.csv=53.8,True,2026-06-09T19:24:45.574510
page_290,290,3,3,page_290_semantic_1.csv,TIER2,medium,50.3,"Run 1 captures the most complete and accurate Venetian addresses, essential for geocoding, despite some inconsistencies.",page_290_semantic_1.csv=50.3; page_290_semantic_2.csv=50.3; page_290_semantic_3.csv=50.3,True,2026-06-09T19:24:52.947684
page_291,291,3,3,page_291_semantic_1.csv,TIER2,medium,50.64,Run 1 captures more relevant entries with correct Venetian addresses and fewer apparent errors.,page_291_semantic_1.csv=50.6; page_291_semantic_2.csv=51.5; page_291_semantic_3.csv=50.6,True,2026-06-09T19:24:59.345724
page_292,292,3,3,page_292_semantic_3.csv,TIER2,high,57.12,Run 3 captures more Venetian addresses (sestieri + civic numbers) accurately and includes more entries relevant to the semantic extraction task.,page_292_semantic_1.csv=55.9; page_292_semantic_2.csv=55.9; page_292_semantic_3.csv=57.1,True,2026-06-09T19:25:07.386132
page_293,293,3,3,page_293_semantic_1.csv,TIER2,medium,62.93,"Run 1 captures the most complete set of Venetian addresses accurately, crucial for geocoding.",page_293_semantic_1.csv=62.9; page_293_semantic_2.csv=62.9; page_293_semantic_3.csv=62.6,True,2026-06-09T19:25:14.339257
page_294,294,3,3,page_294_semantic_2.csv,TIER2,medium,55.82,"Run 2 has more accurate address parsing and fewer errors in names and details compared to the others, though all runs have notable errors.",page_294_semantic_1.csv=55.7; page_294_semantic_2.csv=55.8; page_294_semantic_3.csv=55.7,True,2026-06-09T19:25:20.801015
page_295,295,3,3,page_295_semantic_3.csv,TIER2,high,48.42,"Run 3 has the most complete and accurately captured addresses and names with minimal errors, necessary for geocoding tasks.",page_295_semantic_1.csv=48.4; page_295_semantic_2.csv=45.9; page_295_semantic_3.csv=48.4,True,2026-06-09T19:25:27.866515
page_296,296,3,3,page_296_semantic_1.csv,TIER2,high,59.4,"Run 1 provides the most accurate and consistent extraction of Venetian addresses aligned with the raw text, whereas Runs 2 and 3 have consistency and location inaccuracies.",page_296_semantic_1.csv=59.4; page_296_semantic_2.csv=59.4; page_296_semantic_3.csv=59.9,True,2026-06-09T19:25:35.021780
page_297,297,3,3,page_297_semantic_1.csv,TIER2,medium,63.77,"Run 1 contains a high number of Venetian addresses correctly linked to their respective subset locations such as 'Cannaregio', 'Dorsoduro', etc., vital for geocoding, though it confuses the location 'Murano'.",page_297_semantic_1.csv=63.8; page_297_semantic_2.csv=63.8; page_297_semantic_3.csv=63.8,True,2026-06-09T19:25:40.974087
page_298,298,3,3,page_298_semantic_1.csv,TIER2,low,55.68,"None of the runs perfectly capture the addresses and names accurately, but Run 1 and Run 3 share similar and comparatively complete extraction despite clear errors.",page_298_semantic_1.csv=55.7; page_298_semantic_2.csv=54.9; page_298_semantic_3.csv=55.7,True,2026-06-09T19:25:48.039233
page_299,299,3,3,page_299_semantic_2.csv,TIER2,medium,51.4,"Run 2 consistently aligns addresses with corresponding Venetian locations and categories, though it contains some errors indicating Mestre as a location, overall it better captures Venetian addresses compared to the others.",page_299_semantic_1.csv=51.1; page_299_semantic_2.csv=51.4; page_299_semantic_3.csv=51.1,True,2026-06-09T19:25:54.966758
page_300,300,3,3,page_300_semantic_3.csv,TIER2,high,54.84,"Run 3 accurately captures Venetian addresses and sestiere numbers, crucial for geocoding, with a low error rate compared to the other runs.",page_300_semantic_1.csv=54.8; page_300_semantic_2.csv=55.3; page_300_semantic_3.csv=54.8,True,2026-06-09T19:26:01.742267
page_301,301,3,3,page_301_semantic_2.csv,TIER1,high,49.14,2x_more_rows(41_vs_19),page_301_semantic_1.csv=46.9; page_301_semantic_2.csv=49.1; page_301_semantic_3.csv=46.9,True,2026-06-09T19:26:05.480416
page_302,302,3,3,page_302_semantic_1.csv,TIER2,medium,59.6,"Run 1 consistently uses 'Marghera' which seems like an error, but it is not as rampant with errors in addresses and names as Run 3, and Run 2 is identical to Run 1; hence Run 1 is selected without distinguishing Marghera context.",page_302_semantic_1.csv=59.6; page_302_semantic_2.csv=59.6; page_302_semantic_3.csv=59.7,True,2026-06-09T19:26:16.302729
page_303,303,3,3,page_303_semantic_3.csv,TIER2,high,54.86,"Run 3 correctly captures most Venetian addresses with proper sestiere and civic numbers, offering better accuracy and relevance for geocoding.",page_303_semantic_1.csv=54.9; page_303_semantic_2.csv=54.9; page_303_semantic_3.csv=54.9,True,2026-06-09T19:26:23.715646
page_304,304,3,3,page_304_semantic_1.csv,TIER2,medium,51.22,"Run 1 includes the most detailed and accurate addresses crucial for geocoding, despite mislabeling many locations as 'Lido'.",page_304_semantic_1.csv=51.2; page_304_semantic_2.csv=51.0; page_304_semantic_3.csv=51.2,True,2026-06-09T19:26:30.331613
page_305,305,3,3,page_305_semantic_3.csv,TIER2,high,50.1,"Run 3 correctly captures multiple Venetian addresses with the proper sestiere and civic number, ensuring completeness and accuracy for geocoding.",page_305_semantic_1.csv=50.1; page_305_semantic_2.csv=49.5; page_305_semantic_3.csv=50.1,True,2026-06-09T19:26:37.706043
page_306,306,3,3,page_306_semantic_1.csv,TIER2,low,53.74,"Run 1 captures more Venetian addresses correctly, but errors and inconsistencies in location and categories reduce confidence.",page_306_semantic_1.csv=53.7; page_306_semantic_2.csv=53.7; page_306_semantic_3.csv=54.2,True,2026-06-09T19:26:44.749718
page_307,307,3,3,page_307_semantic_3.csv,TIER2,high,63.66,Run 3 accurately captures the Venetian addresses with correct sestiere labels and includes more correct and diverse content without erroneous repetition.,page_307_semantic_1.csv=64.0; page_307_semantic_2.csv=64.0; page_307_semantic_3.csv=63.7,True,2026-06-09T19:26:52.246011
page_308,308,3,3,page_308_semantic_1.csv,TIER2,low,57.9,"All runs contain inaccuracies, but Run 1 appears to have fewer egregious errors, although the incorrect mention of Mestre for Venetian locations reduces confidence.",page_308_semantic_1.csv=57.9; page_308_semantic_2.csv=58.0; page_308_semantic_3.csv=57.9,True,2026-06-09T19:26:59.397970
page_309,309,3,3,page_309_semantic_2.csv,TIER2,medium,54.58,"Run 2 captures specific categories and additional detailed information about the trattorias, aligning well with the raw transcription text.",page_309_semantic_1.csv=54.5; page_309_semantic_2.csv=54.6; page_309_semantic_3.csv=54.5,True,2026-06-09T19:27:06.070378
page_310,310,3,3,page_310_semantic_2.csv,TIER2,low,45.02,"None of the runs are perfect, but Run 2 contains more complete and accurate extractions of names and addresses relevant for geocoding, although it has misclassifications in the location and category fields.",page_310_semantic_1.csv=44.5; page_310_semantic_2.csv=45.0; page_310_semantic_3.csv=44.5,True,2026-06-09T19:27:14.543905
page_311,311,3,3,page_311_semantic_2.csv,TIER2,low,51.72,"There are significant inaccuracies and missing values in all runs, but Run 2 captures more unique correct Venetian addresses and contains fewer incorrect repetitions than Run 1 and Run 3.",page_311_semantic_1.csv=51.7; page_311_semantic_2.csv=51.7; page_311_semantic_3.csv=51.7,True,2026-06-09T19:27:25.286254
page_312,312,3,3,page_312_semantic_3.csv,TIER2,medium,58.86,"Run 3 captures the actual content with the most accurate Venetian addresses and minimal errors, aligning most closely with the raw transcription.",page_312_semantic_1.csv=58.9; page_312_semantic_2.csv=58.9; page_312_semantic_3.csv=58.9,True,2026-06-09T19:27:32.375143
page_313,313,3,3,page_313_semantic_2.csv,TIER2,high,57.79,Run 2 has consistent and correct formatting with the most accurate addresses and fewest errors compared to the raw text.,page_313_semantic_1.csv=57.8; page_313_semantic_2.csv=57.8; page_313_semantic_3.csv=57.2,True,2026-06-09T19:27:38.324180
page_314,314,3,3,page_314_semantic_3.csv,TIER2,high,48.18,"Run 3 captures the most complete and accurate semantic extraction with correct addresses, names, and categories, which is crucial for geocoding tasks.",page_314_semantic_1.csv=48.2; page_314_semantic_2.csv=48.3; page_314_semantic_3.csv=48.2,True,2026-06-09T19:27:45.902493
page_315,315,3,3,page_315_semantic_2.csv,TIER2,high,52.7,Run 2 best captures the actual content with accurate Venice addresses and fewer errors.,page_315_semantic_1.csv=52.7; page_315_semantic_2.csv=52.7; page_315_semantic_3.csv=52.7,True,2026-06-09T19:27:52.820938
page_316,316,3,3,page_316_semantic_3.csv,TIER2,medium,57.44,"Run 3 captures the actual Venetian addresses more accurately, correcting mistakes from the source, but the presence of repetitive additional info makes the confidence medium.",page_316_semantic_1.csv=57.5; page_316_semantic_2.csv=57.5; page_316_semantic_3.csv=57.4,True,2026-06-09T19:28:00.035222
page_317,317,3,3,page_317_semantic_3.csv,TIER2,medium,59.79,"Run 3 better captures the Venetian addresses with sestiere numbers crucial for geocoding, despite having minimal categorization.",page_317_semantic_1.csv=61.0; page_317_semantic_2.csv=61.0; page_317_semantic_3.csv=59.8,True,2026-06-09T19:28:06.795743
page_318,318,3,3,page_318_semantic_2.csv,TIER2,medium,50.8,"Run 2 best captures accurate names and addresses, including sestiere and civic numbers, essential for geocoding, despite some inconsistency in location naming.",page_318_semantic_1.csv=50.5; page_318_semantic_2.csv=50.8; page_318_semantic_3.csv=50.5,True,2026-06-09T19:28:12.733288
page_319,319,3,0,page_319_semantic_1.csv,FAILED,low,16.76,all_runs_excluded_picked_most_rows,page_319_semantic_1.csv=16.8; page_319_semantic_2.csv=16.8; page_319_semantic_3.csv=16.8,True,2026-06-09T19:28:16.458969
page_320,320,1,0,page_320_semantic_1.csv,SINGLE,high,20.1,only_one_run,page_320_semantic_1.csv=20.1,True,2026-06-09T19:28:19.649952
page_321,321,3,0,page_321_semantic_3.csv,FAILED,low,28.3,all_runs_excluded_picked_most_rows,page_321_semantic_1.csv=28.2; page_321_semantic_2.csv=28.2; page_321_semantic_3.csv=28.3,True,2026-06-09T19:28:23.076113
page_322,322,3,3,page_322_semantic_1.csv,TIER2,high,43.94,"Run 1 captures the most complete and accurate information with correct segmentation of addresses and categories, and it matches the textual content well for geocoding purposes.",page_322_semantic_1.csv=43.9; page_322_semantic_2.csv=43.9; page_322_semantic_3.csv=43.9,True,2026-06-09T19:28:29.741034
page_323,323,3,3,page_323_semantic_2.csv,TIER2,high,55.6,"Run 2 correctly captures the semantic content efficiently with accurate address formatting, including punctuation, and uses consistent casing for all entries.",page_323_semantic_1.csv=55.6; page_323_semantic_2.csv=55.6; page_323_semantic_3.csv=55.6,True,2026-06-09T19:28:36.745605
page_324,324,3,3,page_324_semantic_3.csv,TIER2,medium,53.23,"Run 3 contains the most complete and accurate addresses with fewer errors, making it best suited for geocoding tasks.",page_324_semantic_1.csv=53.2; page_324_semantic_2.csv=53.2; page_324_semantic_3.csv=53.2,True,2026-06-09T19:28:43.965667
page_325,325,3,3,page_325_semantic_1.csv,TIER2,high,53.3,"Run 1 provides the most accurate and complete extraction of names, addresses, and categories with correctly identified Venetian addresses, ideal for downstream geocoding.",page_325_semantic_1.csv=53.3; page_325_semantic_2.csv=53.3; page_325_semantic_3.csv=53.3,True,2026-06-09T19:28:50.110311
page_326,326,3,3,page_326_semantic_2.csv,TIER2,high,31.3,"Run 2 provides the most complete and accurate extraction of names and addresses, with correct categorization and consistent formatting for geocoding purposes.",page_326_semantic_1.csv=31.3; page_326_semantic_2.csv=31.3; page_326_semantic_3.csv=31.3,True,2026-06-09T19:28:56.867779
page_327,327,3,3,page_327_semantic_1.csv,TIER2,high,48.02,Run 1 accurately captures all entries with the correct Venetian addresses and details as transcribed from the OCR text.,page_327_semantic_1.csv=48.0; page_327_semantic_2.csv=47.9; page_327_semantic_3.csv=48.0,True,2026-06-09T19:29:02.801019
page_328,328,3,3,page_328_semantic_3.csv,TIER2,high,52.76,"Run 3 contains the most complete and accurate addresses for geocoding, with minimal errors and proper categorization.",page_328_semantic_1.csv=52.8; page_328_semantic_2.csv=52.8; page_328_semantic_3.csv=52.8,True,2026-06-09T19:29:10.078585
page_329,329,3,3,page_329_semantic_1.csv,TIER2,high,54.74,"Run 1 accurately captures all addresses with correct civic numbers and sestiere information matching the OCR text, which is crucial for geocoding.",page_329_semantic_1.csv=54.7; page_329_semantic_2.csv=54.7; page_329_semantic_3.csv=54.7,True,2026-06-09T19:29:17.144653
page_331,331,3,3,page_331_semantic_1.csv,TIER2,high,52.42,Run 1 contains both entries with Venetian addresses and contains the most complete data with no errors.,page_331_semantic_1.csv=52.4; page_331_semantic_2.csv=52.4; page_331_semantic_3.csv=52.3,True,2026-06-09T19:29:23.292034
page_332,332,3,3,page_332_semantic_2.csv,TIER2,medium,51.78,Run 2 has the most accurate Venetian addresses and fewer errors in profession and additional information.,page_332_semantic_1.csv=51.7; page_332_semantic_2.csv=51.8; page_332_semantic_3.csv=51.7,True,2026-06-09T19:29:30.047197
page_333,333,3,3,page_333_semantic_1.csv,TIER2,medium,52.3,"Run 1 provides the most accurate and complete capture of the Venetian addresses required for geocoding, though it contains some repetitive 'Additional Info'.",page_333_semantic_1.csv=52.3; page_333_semantic_2.csv=52.5; page_333_semantic_3.csv=52.3,True,2026-06-09T19:29:38.239067
page_334,334,3,3,page_334_semantic_1.csv,TIER2,medium,58.79,"Run 1 best captures the Venetian addresses and categories correctly, although it has inconsistencies in location data; Runs 2 and 3 have significant errors in interpreting names and addresses.",page_334_semantic_1.csv=58.8; page_334_semantic_2.csv=58.8; page_334_semantic_3.csv=58.6,True,2026-06-09T19:29:45.611516
page_335,335,3,3,page_335_semantic_1.csv,TIER2,high,59.19,"Run 1 has the most accurate and complete extraction of names and Venetian addresses, essential for the geocoding task.",page_335_semantic_1.csv=59.2; page_335_semantic_2.csv=59.2; page_335_semantic_3.csv=59.4,True,2026-06-09T19:29:53.510148
page_336,336,3,3,page_336_semantic_2.csv,TIER2,low,52.52,"Run 2 best maintains the native spelling despite OCR errors, but none perfectly captures Venetian addresses; errors persist across all runs.",page_336_semantic_1.csv=52.9; page_336_semantic_2.csv=52.5; page_336_semantic_3.csv=52.9,True,2026-06-09T19:30:03.020481
page_337,337,3,3,page_337_semantic_1.csv,TIER2,medium,51.26,"Run 1 and Run 3 appear identical, capturing Venetian addresses and content accurately, but Run 2 has errors with location details and uniform categories, reducing its usefulness.",page_337_semantic_1.csv=51.3; page_337_semantic_2.csv=51.3; page_337_semantic_3.csv=51.3,True,2026-06-09T19:30:12.032213
page_338,338,3,3,page_338_semantic_1.csv,TIER2,high,58.7,"Run 1 has the most complete and accurate representation of addresses, including Venetian sestiere and civic numbers, with fewer errors compared to the other runs.",page_338_semantic_1.csv=58.7; page_338_semantic_2.csv=58.7; page_338_semantic_3.csv=58.7,True,2026-06-09T19:30:18.380688
page_339,339,3,3,page_339_semantic_3.csv,TIER2,medium,59.92,"Run 3 best captures the Venetian addresses and associated professions from the raw OCR text, despite some formatting inconsistencies.",page_339_semantic_1.csv=59.7; page_339_semantic_2.csv=59.7; page_339_semantic_3.csv=59.9,True,2026-06-09T19:30:25.039503
page_340,340,3,3,page_340_semantic_3.csv,TIER2,medium,51.4,"Run 3 accurately captures names and addresses, essential for geocoding, better than Run 2, despite both Runs 1 and 3 having a consistent pattern.",page_340_semantic_1.csv=51.4; page_340_semantic_2.csv=51.3; page_340_semantic_3.csv=51.4,True,2026-06-09T19:30:31.283270
page_342,342,3,3,page_342_semantic_3.csv,TIER2,medium,58.57,"Run 3 captures the most Venetian addresses with sestiere and civic numbers, making it more valuable for geocoding, despite inconsistencies with some details.",page_342_semantic_1.csv=57.1; page_342_semantic_2.csv=57.1; page_342_semantic_3.csv=58.6,True,2026-06-09T19:30:38.425695
page_343,343,3,3,page_343_semantic_3.csv,TIER2,medium,60.34,"Run 3 captures the most complete and accurate names and addresses with fewer system tags or incorrect appendages, despite some remaining inconsistencies.",page_343_semantic_1.csv=60.4; page_343_semantic_2.csv=60.4; page_343_semantic_3.csv=60.3,True,2026-06-09T19:30:45.034407
page_344,344,3,3,page_344_semantic_3.csv,TIER2,low,53.78,"All runs add incorrect additional information, but Run 3 is consistent in capturing more Venetian addresses accurately despite the errors with informational fields.",page_344_semantic_1.csv=53.8; page_344_semantic_2.csv=53.8; page_344_semantic_3.csv=53.8,True,2026-06-09T19:30:55.141067
page_345,345,3,3,page_345_semantic_3.csv,TIER2,high,54.88,"Run 3 contains the most complete and accurate addresses with correct sestiere and civic numbers, which are crucial for geocoding.",page_345_semantic_1.csv=54.9; page_345_semantic_2.csv=54.9; page_345_semantic_3.csv=54.9,True,2026-06-09T19:31:03.744661
page_346,346,3,3,page_346_semantic_3.csv,TIER2,high,60.43,"Run 3 has the most complete and accurate Venetian sestiere plus civic number addresses, important for geocoding.",page_346_semantic_1.csv=60.3; page_346_semantic_2.csv=60.3; page_346_semantic_3.csv=60.4,True,2026-06-09T19:31:10.400934
page_347,347,3,3,page_347_semantic_3.csv,TIER2,low,59.84,"While all runs contain errors, run 3 captures a greater variety of addresses, including several with Venetian civic numbers, albeit with some inaccuracies.",page_347_semantic_1.csv=59.7; page_347_semantic_2.csv=59.7; page_347_semantic_3.csv=59.8,True,2026-06-09T19:31:20.334690
page_348,348,3,2,page_348_semantic_3.csv,TIER2,high,40.1,"Both runs are identical, thus either can be selected as the best with high confidence.",page_348_semantic_1.csv=40.1; page_348_semantic_2.csv=40.0; page_348_semantic_3.csv=40.1,True,2026-06-09T19:31:28.116752
page_350,350,3,3,page_350_semantic_2.csv,TIER2,medium,53.3,Run 2 most accurately reflects Venetian addresses and has the least duplication and irrelevant data.,page_350_semantic_1.csv=53.2; page_350_semantic_2.csv=53.3; page_350_semantic_3.csv=53.2,True,2026-06-09T19:31:36.615575
page_351,351,3,3,page_351_semantic_2.csv,TIER2,low,52.82,"Although run 2 contains some address inaccuracies, it is the only one where some Venetian addresses match the OCR text, providing partial value for the geocoding task.",page_351_semantic_1.csv=52.5; page_351_semantic_2.csv=52.8; page_351_semantic_3.csv=52.5,True,2026-06-09T19:31:45.115096
page_352,352,3,3,page_352_semantic_1.csv,TIER2,high,58.89,Run 1 preserves the original addresses and key details such as professions with fewer errors and inconsistencies compared to the other runs.,page_352_semantic_1.csv=58.9; page_352_semantic_2.csv=58.9; page_352_semantic_3.csv=59.0,True,2026-06-09T19:31:52.889740
page_353,353,3,3,page_353_semantic_1.csv,TIER2,high,61.34,"Run 1 most accurately captures the content, including Venetian addresses and relevant details, with the fewest evident errors or extraneous information.",page_353_semantic_1.csv=61.3; page_353_semantic_2.csv=61.3; page_353_semantic_3.csv=61.3,True,2026-06-09T19:31:59.841741
page_354,354,3,3,page_354_semantic_1.csv,TIER2,high,53.24,"Run 1 has the most accurate and complete extraction of names and Venetian addresses, which is crucial for geocoding.",page_354_semantic_1.csv=53.2; page_354_semantic_2.csv=53.5; page_354_semantic_3.csv=53.2,True,2026-06-09T19:32:06.197269
page_355,355,3,3,page_355_semantic_2.csv,TIER2,high,55.2,"Run 2 has the most accurate capture of names, addresses, and text compared to the raw OCR, minimizing errors and preserving Venetian addresses essential for geocoding.",page_355_semantic_1.csv=55.2; page_355_semantic_2.csv=55.2; page_355_semantic_3.csv=55.2,True,2026-06-09T19:32:13.193836
page_356,356,3,3,page_356_semantic_3.csv,TIER2,medium,60.99,"Run 3 best captures the actual content with correct names and Venetian addresses, though it incorrectly assigns the 'Castello' location to multiple entries, which makes it less than high confidence.",page_356_semantic_1.csv=61.1; page_356_semantic_2.csv=61.1; page_356_semantic_3.csv=61.0,True,2026-06-09T19:32:20.648310
page_357,357,3,3,page_357_semantic_3.csv,TIER2,medium,59.27,"Run 3 contains the most complete and accurate extraction of names and Venetian addresses, though it inconsistently categorizes fields such as professions and categories.",page_357_semantic_1.csv=58.7; page_357_semantic_2.csv=58.7; page_357_semantic_3.csv=59.3,True,2026-06-09T19:32:27.817190
page_358,358,3,3,page_358_semantic_1.csv,TIER2,high,58.84,"Run 1 contains the most complete and accurate set of Venetian addresses, critical for geocoding tasks.",page_358_semantic_1.csv=58.8; page_358_semantic_2.csv=58.8; page_358_semantic_3.csv=58.8,True,2026-06-09T19:32:34.049624
page_359,359,3,3,page_359_semantic_2.csv,TIER2,medium,53.26,"Run 2 has the most accurate names and sestiere-civic number pairs essential for geocoding, despite some errors in category and additional info columns.",page_359_semantic_1.csv=53.3; page_359_semantic_2.csv=53.3; page_359_semantic_3.csv=53.3,True,2026-06-09T19:32:41.128759
page_360,360,3,3,page_360_semantic_3.csv,TIER2,medium,60.14,"Run 3 has the most accurate Venetian addresses and captures a wide variety of professions, but contains some minor inconsistencies compared to the raw text.",page_360_semantic_1.csv=60.1; page_360_semantic_2.csv=60.1; page_360_semantic_3.csv=60.1,True,2026-06-09T19:32:48.091600
page_361,361,3,3,page_361_semantic_3.csv,TIER2,medium,61.24,"Run 3 has the highest number of accurate addresses with sestiere and civic number, which are most valuable for geocoding, despite some errors in other columns.",page_361_semantic_1.csv=61.2; page_361_semantic_2.csv=61.2; page_361_semantic_3.csv=61.2,True,2026-06-09T19:32:55.772055
page_362,362,3,3,page_362_semantic_2.csv,TIER2,high,53.42,"Run 2 has the most accurate and complete Venetian addresses and category information, essential for geocoding.",page_362_semantic_1.csv=53.4; page_362_semantic_2.csv=53.4; page_362_semantic_3.csv=53.4,True,2026-06-09T19:33:03.145201
page_363,363,3,3,page_363_semantic_2.csv,TIER2,medium,53.72,"Run 2 captures more accurate addresses and relevant details, although it has some location classification errors, overall data is more complete for geocoding.",page_363_semantic_1.csv=53.6; page_363_semantic_2.csv=53.7; page_363_semantic_3.csv=53.6,True,2026-06-09T19:33:09.605342
page_364,364,3,3,page_364_semantic_3.csv,TIER2,high,59.79,"Run 3 correctly captures the Venetian addresses and professions without repeating or falsely inserting data as seen in Runs 1 and 2, which have extensive incorrect address repetition and irrelevant additional info.",page_364_semantic_1.csv=59.8; page_364_semantic_2.csv=59.8; page_364_semantic_3.csv=59.8,True,2026-06-09T19:33:18.505376
page_365,365,3,3,page_365_semantic_3.csv,TIER2,medium,59.08,"Run 3 captures the addresses in a more complete and structured manner with fewer obvious errors, particularly focusing on Venetian addresses, though some general errors persist.",page_365_semantic_1.csv=58.0; page_365_semantic_2.csv=58.0; page_365_semantic_3.csv=59.1,True,2026-06-09T19:33:25.468823
page_366,366,3,3,page_366_semantic_2.csv,TIER2,high,52.18,"Run 2 has more accurate names, addresses, and professional information, capturing Venetian addresses effectively for geocoding.",page_366_semantic_1.csv=52.3; page_366_semantic_2.csv=52.2; page_366_semantic_3.csv=52.3,True,2026-06-09T19:33:32.037887
page_367,367,1,1,page_367_semantic_1.csv,SINGLE,high,56.9,only_one_run,page_367_semantic_1.csv=56.9,True,2026-06-09T19:33:35.808931
page_368,368,3,3,page_368_semantic_3.csv,TIER2,medium,60.86,Run 3 best captures the Venetian addresses and categories without repeated or irrelevant filler data.,page_368_semantic_1.csv=60.7; page_368_semantic_2.csv=60.7; page_368_semantic_3.csv=60.9,True,2026-06-09T19:33:45.232056
page_369,369,3,3,page_369_semantic_1.csv,TIER2,medium,59.66,"Run 1 contains the most accurate addresses and names, particularly for Venetian sestiere + civic number, though it includes repetitive and non-relevant additional info.",page_369_semantic_1.csv=59.7; page_369_semantic_2.csv=59.7; page_369_semantic_3.csv=59.7,True,2026-06-09T19:33:51.683625
page_370,370,3,3,page_370_semantic_3.csv,TIER2,low,56.56,"None of the runs capture the content perfectly, but run 3 captures more detailed Venetian addresses compared to the others.",page_370_semantic_1.csv=58.7; page_370_semantic_2.csv=58.7; page_370_semantic_3.csv=56.6,True,2026-06-09T19:33:58.749036
page_371,371,3,3,page_371_semantic_1.csv,TIER2,high,61.07,"Run 1 provides the most complete and accurate data, capturing Venetian addresses and reducing errors compared to the other runs.",page_371_semantic_1.csv=61.1; page_371_semantic_2.csv=61.1; page_371_semantic_3.csv=60.9,True,2026-06-09T19:34:05.303131
page_372,372,3,3,page_372_semantic_1.csv,TIER2,high,51.42,"Run 1 provides the most accurate extraction with correct names, Venetian addresses, and categories, without the erroneous repetition and concatenation present in Run 2.",page_372_semantic_1.csv=51.4; page_372_semantic_2.csv=51.0; page_372_semantic_3.csv=51.4,True,2026-06-09T19:34:12.472890
page_373,373,1,1,page_373_semantic_1.csv,SINGLE,high,55.9,only_one_run,page_373_semantic_1.csv=55.9,True,2026-06-09T19:34:16.362252
page_374,374,3,3,page_374_semantic_1.csv,TIER2,high,59.73,Run 1 captures the most complete and accurate information including Venetian addresses and categories for semantic extraction.,page_374_semantic_1.csv=59.7; page_374_semantic_2.csv=59.7; page_374_semantic_3.csv=59.9,True,2026-06-09T19:34:23.223602
page_375,375,3,3,page_375_semantic_1.csv,TIER2,high,61.0,"Run 1 captures the most complete and accurate information with correct names, addresses, and professions relevant to the Venetian addresses for geocoding tasks.",page_375_semantic_1.csv=61.0; page_375_semantic_2.csv=61.0; page_375_semantic_3.csv=61.0,True,2026-06-09T19:34:30.903569
page_376,376,3,3,page_376_semantic_1.csv,TIER2,medium,50.84,"Run 1 has more accurately transcribed addresses with Venetian sestiere and civic numbers, crucial for geocoding, although some profession or role entries are inaccurately duplicated.",page_376_semantic_1.csv=50.8; page_376_semantic_2.csv=50.8; page_376_semantic_3.csv=50.8,True,2026-06-09T19:34:39.300737
page_377,377,3,3,page_377_semantic_1.csv,TIER2,medium,53.04,"Run 1 captures the most complete and structured information with Venetian addresses, albeit with some repetition and categorization errors.",page_377_semantic_1.csv=53.0; page_377_semantic_2.csv=53.1; page_377_semantic_3.csv=53.0,True,2026-06-09T19:34:45.957348
page_378,378,3,3,page_378_semantic_1.csv,TIER2,medium,60.51,"Run 1 captures Venetian addresses and professions accurately with minimal errors, crucial for geocoding tasks, while Run 2 and Run 3 contain repetitive irrelevant information.",page_378_semantic_1.csv=60.5; page_378_semantic_2.csv=60.5; page_378_semantic_3.csv=60.5,True,2026-06-09T19:34:53.125087
page_379,379,3,3,page_379_semantic_1.csv,TIER2,high,61.54,Run 1 has the most complete and accurate names and addresses with Venetian addresses adequately captured for geocoding.,page_379_semantic_1.csv=61.5; page_379_semantic_2.csv=61.5; page_379_semantic_3.csv=61.5,True,2026-06-09T19:35:00.441370
page_380,380,3,3,page_380_semantic_1.csv,TIER2,high,60.58,"Run 1 accurately captures names with Venetian addresses and business details, which are key for geocoding, with fewer errors than the other runs.",page_380_semantic_1.csv=60.6; page_380_semantic_2.csv=60.6; page_380_semantic_3.csv=60.6,True,2026-06-09T19:35:06.846715
page_381,381,3,3,page_381_semantic_1.csv,TIER2,medium,59.97,"Run 1 captures the most complete and accurate Venetian addresses, which are essential for geocoding.",page_381_semantic_1.csv=60.0; page_381_semantic_2.csv=60.0; page_381_semantic_3.csv=59.9,True,2026-06-09T19:35:14.833686
page_382,382,3,3,page_382_semantic_1.csv,TIER2,low,53.7,"All runs contain errors, but Run 1 minimally maintains the structure and relevant columns even though the extracted profession details include errors.",page_382_semantic_1.csv=53.7; page_382_semantic_2.csv=53.7; page_382_semantic_3.csv=53.7,True,2026-06-09T19:35:22.031401
page_383,383,1,1,page_383_semantic_1.csv,SINGLE,high,57.3,only_one_run,page_383_semantic_1.csv=57.3,True,2026-06-09T19:35:26.041487
page_384,384,3,3,page_384_semantic_1.csv,TIER2,high,59.17,"Run 1 contains the most complete and accurate extraction of names and Venetian addresses, making it valuable for geocoding tasks.",page_384_semantic_1.csv=59.2; page_384_semantic_2.csv=59.2; page_384_semantic_3.csv=59.2,True,2026-06-09T19:35:34.653397
page_385,385,3,3,page_385_semantic_1.csv,TIER2,low,57.9,"While it has numerous 'AFFITTANO APPARTAMENTI' errors, it captures more Venetian addresses and business details.",page_385_semantic_1.csv=57.9; page_385_semantic_2.csv=57.9; page_385_semantic_3.csv=56.2,True,2026-06-09T19:35:40.843550
page_386,386,3,3,page_386_semantic_1.csv,TIER2,high,51.1,Run 1 captures the most complete and accurate Venetian addresses crucial for geocoding without nonsensical concatenation errors seen in Run 2.,page_386_semantic_1.csv=51.1; page_386_semantic_2.csv=51.2; page_386_semantic_3.csv=51.1,True,2026-06-09T19:35:47.085191
page_387,387,3,3,page_387_semantic_1.csv,TIER2,high,49.7,"Run 1 captures the most accurate names and Venetian addresses, with relevant categories and fewer errors compared to the other runs.",page_387_semantic_1.csv=49.7; page_387_semantic_2.csv=49.5; page_387_semantic_3.csv=49.7,True,2026-06-09T19:35:54.668630
page_388,388,3,3,page_388_semantic_1.csv,TIER2,high,60.98,"Run 1 best captures the content with correct and complete details, including Venetian addresses (sestiere and civic number), without unnecessary or repetitive entries from unrelated categories.",page_388_semantic_1.csv=61.0; page_388_semantic_2.csv=61.0; page_388_semantic_3.csv=60.9,True,2026-06-09T19:36:01.222460
page_389,389,3,3,page_389_semantic_1.csv,TIER2,high,60.67,Run 1 accurately captures Venetian addresses and professions with minimal errors and duplication.,page_389_semantic_1.csv=60.7; page_389_semantic_2.csv=60.7; page_389_semantic_3.csv=60.1,True,2026-06-09T19:36:07.210724
page_390,390,3,3,page_390_semantic_1.csv,TIER2,medium,59.33,"Run 1 has the correct addresses and professions with minimal errors, but there are consistency issues in category and additional info fields affecting confidence.",page_390_semantic_1.csv=59.3; page_390_semantic_2.csv=59.3; page_390_semantic_3.csv=59.8,True,2026-06-09T19:36:14.230995
page_391,391,3,3,page_391_semantic_3.csv,TIER2,high,60.39,"Run 3 has the most accurate names, addresses, and captures Venetian addresses with their sestiere and civic numbers, which are crucial for the geocoding task.",page_391_semantic_1.csv=60.6; page_391_semantic_2.csv=60.6; page_391_semantic_3.csv=60.4,True,2026-06-09T19:36:21.120792
page_392,392,3,3,page_392_semantic_1.csv,TIER2,high,52.6,"Run 1 captures the most accurate and complete Venetian addresses necessary for geocoding, with correctly listed names and categories.",page_392_semantic_1.csv=52.6; page_392_semantic_2.csv=52.5; page_392_semantic_3.csv=52.6,True,2026-06-09T19:36:28.300604
page_393,393,3,3,page_393_semantic_1.csv,TIER2,low,53.18,"None of the runs are accurate or complete, but run 1 has the most distinct Venetian addresses even though it contains repeated and irrelevant fields.",page_393_semantic_1.csv=53.2; page_393_semantic_2.csv=53.3; page_393_semantic_3.csv=53.2,True,2026-06-09T19:36:35.837828
page_394,394,3,3,page_394_semantic_3.csv,TIER2,low,60.47,"None of the runs perfectly extract data, but Run 3 correctly captures some Venetian addresses most crucial for geocoding despite having errors, unlike the others with consistent irrelevant data.",page_394_semantic_1.csv=60.2; page_394_semantic_2.csv=60.2; page_394_semantic_3.csv=60.5,True,2026-06-09T19:36:43.514163
page_395,395,3,3,page_395_semantic_1.csv,TIER2,medium,59.51,"Runs 1 and 2 have similar content, while Run 3 contains many errors; however, the difference between Runs 1 and 2 is not clear without more context.",page_395_semantic_1.csv=59.5; page_395_semantic_2.csv=59.5; page_395_semantic_3.csv=59.1,True,2026-06-09T19:36:50.272552
page_396,396,3,3,page_396_semantic_2.csv,TIER2,high,56.6,"Run 2 has more accurate addresses and contains fewer errors compared to the others, making it most suitable for geocoding tasks.",page_396_semantic_1.csv=56.6; page_396_semantic_2.csv=56.6; page_396_semantic_3.csv=56.6,True,2026-06-09T19:36:57.335703
page_397,397,3,3,page_397_semantic_3.csv,TIER2,high,50.76,Run 3 captures the most complete and accurate data including Venetian addresses without erroneous additional text or non-contextual information.,page_397_semantic_1.csv=50.8; page_397_semantic_2.csv=50.7; page_397_semantic_3.csv=50.8,True,2026-06-09T19:37:04.350051
page_398,398,3,3,page_398_semantic_1.csv,TIER2,high,59.92,"Run 1 captures the most complete and accurate content with correct Venetian addresses, essential for geocoding, without introducing repeated erroneous elements present in Run 3.",page_398_semantic_1.csv=59.9; page_398_semantic_2.csv=59.9; page_398_semantic_3.csv=59.9,True,2026-06-09T19:37:12.493824
page_399,399,3,3,page_399_semantic_1.csv,TIER2,low,61.37,"All runs have inaccuracies, but run 1 appears to have more addresses aligned to the Venetian format, which is valuable for geocoding, despite significant systematic errors.",page_399_semantic_1.csv=61.4; page_399_semantic_2.csv=61.4; page_399_semantic_3.csv=61.4,True,2026-06-09T19:37:20.276207
page_400,400,3,3,page_400_semantic_3.csv,TIER2,low,53.24,"All runs contain similar errors and inconsistencies, but Run 3 has slightly better parsing of names and addresses with no clear advantage in the fewest errors overall.",page_400_semantic_1.csv=53.2; page_400_semantic_2.csv=53.3; page_400_semantic_3.csv=53.2,True,2026-06-09T19:37:26.539214
page_401,401,3,3,page_401_semantic_2.csv,TIER2,medium,53.04,"Run 2 captures the most complete data with more accurate addresses and fewer repeated errors, although it still has inconsistencies.",page_401_semantic_1.csv=53.2; page_401_semantic_2.csv=53.0; page_401_semantic_3.csv=53.2,True,2026-06-09T19:37:32.938263
page_402,402,3,3,page_402_semantic_1.csv,TIER2,high,61.07,"Run 1 has the most complete and accurate extraction of names, addresses, and categories, with the least number of errors, especially regarding Venetian addresses.",page_402_semantic_1.csv=61.1; page_402_semantic_2.csv=61.1; page_402_semantic_3.csv=61.3,True,2026-06-09T19:37:39.963744
page_403,403,3,3,page_403_semantic_1.csv,TIER2,medium,59.0,"Run 1 contains more entries with Venetian addresses correctly mapped to their sestiere and civic numbers, which is valuable for geocoding, despite some repetitive 'OFFICINA RIPARAZIONI MACCHINE PER SCRIVERE' entries in the additional info.",page_403_semantic_1.csv=59.0; page_403_semantic_2.csv=59.0; page_403_semantic_3.csv=59.0,True,2026-06-09T19:37:47.822036
page_404,404,3,3,page_404_semantic_1.csv,TIER2,low,52.74,"All runs have significant errors, such as incorrect addresses and categories, but Run 1 does not contain repetitive entries like Run 2 and Run 3, and maintains more unique entities, whereas Run 3 appears identical to Run 1.",page_404_semantic_1.csv=52.7; page_404_semantic_2.csv=52.6; page_404_semantic_3.csv=52.7,True,2026-06-09T19:37:54.701121
page_405,405,3,3,page_405_semantic_3.csv,TIER2,high,50.94,"Run 3 has the most accurate and complete semantic extraction, correct Venetian addresses, and fewer errors compared to the others.",page_405_semantic_1.csv=50.9; page_405_semantic_2.csv=51.7; page_405_semantic_3.csv=50.9,True,2026-06-09T19:38:01.441764
page_406,406,3,3,page_406_semantic_1.csv,TIER2,medium,57.7,"Run 1 consistently matches address formats and includes relevant Venetian locations, but duplications with inconsistent formats slightly affect the overall accuracy.",page_406_semantic_1.csv=57.7; page_406_semantic_2.csv=57.7; page_406_semantic_3.csv=57.7,True,2026-06-09T19:38:08.810355
page_407,407,3,3,page_407_semantic_1.csv,TIER2,medium,57.97,"Run 1 has the most complete and accurate extraction of Venetian addresses with fewer errors compared to the other runs, although there is some repetition in telephone and organization fields that still needs correction.",page_407_semantic_1.csv=58.0; page_407_semantic_2.csv=58.0; page_407_semantic_3.csv=58.1,True,2026-06-09T19:38:15.573110
page_408,408,3,3,page_408_semantic_2.csv,TIER2,medium,52.9,"Run 2 has the most accurate names and locations, capturing the correct Venetian addresses crucial for geocoding, but it still contains some errors in names and categories, reducing confidence.",page_408_semantic_1.csv=52.7; page_408_semantic_2.csv=52.9; page_408_semantic_3.csv=52.7,True,2026-06-09T19:38:22.639349
page_409,409,3,3,page_409_semantic_2.csv,TIER2,medium,53.44,"Run 2 captures a higher accuracy of names and Venetian addresses critical for geocoding, but still contains significant issues with uniformity and content extraction.",page_409_semantic_1.csv=53.4; page_409_semantic_2.csv=53.4; page_409_semantic_3.csv=53.4,True,2026-06-09T19:38:29.497675
page_410,410,3,3,page_410_semantic_2.csv,TIER2,low,51.54,"None of the runs have no errors, but run 2 contains slightly more accurate addresses and professions, although it still contains significant errors.",page_410_semantic_1.csv=51.1; page_410_semantic_2.csv=51.5; page_410_semantic_3.csv=51.1,True,2026-06-09T19:38:37.353367
page_411,411,3,3,page_411_semantic_2.csv,TIER2,low,53.72,Run 2 captures both names and Venetian addresses more accurately and completely despite some errors across runs.,page_411_semantic_1.csv=53.8; page_411_semantic_2.csv=53.7; page_411_semantic_3.csv=53.8,True,2026-06-09T19:38:43.631438
page_412,412,3,3,page_412_semantic_2.csv,TIER2,high,60.67,"Run 2 captures the most complete and accurate names and addresses with minimal errors, important for geocoding.",page_412_semantic_1.csv=60.7; page_412_semantic_2.csv=60.7; page_412_semantic_3.csv=60.7,True,2026-06-09T19:38:49.673348
page_413,413,3,3,page_413_semantic_1.csv,TIER2,high,59.11,"Run 1 captures the most complete and accurate entries with correctly formatted Venetian addresses crucial for geocoding, while Runs 2 and 3 have repetitive errors and incorrect information such as 'cantine' used strangely and duplicate entries.",page_413_semantic_1.csv=59.1; page_413_semantic_2.csv=59.1; page_413_semantic_3.csv=57.5,True,2026-06-09T19:38:57.045694
page_414,414,3,3,page_414_semantic_3.csv,TIER2,medium,52.92,"Run 3 closely matches the structure of Run 1, but neither captures Venetian addresses with clarity, and none is perfectly accurate, so the choice is based on partially matching more rows.",page_414_semantic_1.csv=52.9; page_414_semantic_2.csv=53.2; page_414_semantic_3.csv=52.9,True,2026-06-09T19:39:03.394894
page_415,415,3,3,page_415_semantic_3.csv,TIER2,high,53.24,"Run 3 contains the most accurate transcription of addresses and names, with no conspicuous errors or irrelevant additions like telephone numbers from the 1970s, making it most suitable for geocoding purposes.",page_415_semantic_1.csv=53.2; page_415_semantic_2.csv=53.7; page_415_semantic_3.csv=53.2,True,2026-06-09T19:39:09.949311
page_416,416,3,3,page_416_semantic_1.csv,TIER2,medium,61.08,"Run 1 has the most accurate Venetian addresses and captures the necessary details for geocoding, although it contains some repetitive and irrelevant data like 'Founded: 1877' and 'Telephone: 25-889'.",page_416_semantic_1.csv=61.1; page_416_semantic_2.csv=61.1; page_416_semantic_3.csv=61.2,True,2026-06-09T19:39:17.312469
page_417,417,3,3,page_417_semantic_1.csv,TIER2,high,61.13,Run 1 captures the Venetian addresses accurately and comprehensively with the least errors compared to other runs.,page_417_semantic_1.csv=61.1; page_417_semantic_2.csv=61.1; page_417_semantic_3.csv=61.1,True,2026-06-09T19:39:24.188502
page_418,418,3,3,page_418_semantic_1.csv,TIER2,high,55.18,"Run 1 captures the most accurate name and address information with correct Venetian addresses, crucial for geocoding.",page_418_semantic_1.csv=55.2; page_418_semantic_2.csv=55.2; page_418_semantic_3.csv=55.2,True,2026-06-09T19:39:30.528586
page_419,419,3,3,page_419_semantic_3.csv,TIER2,high,51.78,"Run 3 best captures the content with correct names, addresses, and roles, and has minimal errors compared to the other runs.",page_419_semantic_1.csv=51.8; page_419_semantic_2.csv=51.8; page_419_semantic_3.csv=51.8,True,2026-06-09T19:39:37.187700
page_420,420,3,3,page_420_semantic_1.csv,TIER2,medium,60.1,"Run 1 has the most complete and accurate extraction of names, addresses, and locations with fewer formatting errors compared to other runs.",page_420_semantic_1.csv=60.1; page_420_semantic_2.csv=60.1; page_420_semantic_3.csv=59.9,True,2026-06-09T19:39:44.153125
page_421,421,3,3,page_421_semantic_1.csv,TIER2,high,59.7,"Run 1 provides the most accurate and complete extraction of Venetian addresses, crucial for geocoding, and includes correct parsing of names, addresses, and categories.",page_421_semantic_1.csv=59.7; page_421_semantic_2.csv=59.7; page_421_semantic_3.csv=59.7,True,2026-06-09T19:39:52.138479
page_422,422,3,3,page_422_semantic_2.csv,TIER2,low,54.58,"All runs contain significant errors, but Run 2 captures more distinguishing details relevant to content identification though the exactness is not clear.",page_422_semantic_1.csv=54.6; page_422_semantic_2.csv=54.6; page_422_semantic_3.csv=54.6,True,2026-06-09T19:39:59.716262
page_423,423,3,3,page_423_semantic_2.csv,TIER2,low,54.78,"None of the runs perfectly capture the content; however, run 2 has more correctly formatted addresses and business names despite other errors, making it marginally better for geocoding purposes.",page_423_semantic_1.csv=54.7; page_423_semantic_2.csv=54.8; page_423_semantic_3.csv=54.7,True,2026-06-09T19:40:06.474945
page_424,424,3,3,page_424_semantic_1.csv,TIER2,medium,59.82,"Run 1 contains more complete and accurate addresses relevant for the geocoding task, with fewer extraneous errors related to repeated promotional text compared to Run 3.",page_424_semantic_1.csv=59.8; page_424_semantic_2.csv=59.8; page_424_semantic_3.csv=59.6,True,2026-06-09T19:40:16.077265
page_425,425,3,3,page_425_semantic_1.csv,TIER2,high,60.83,"Run 1 accurately captures the addresses and professions, crucial for geocoding, with fewer formatting errors or irrelevant data than the others.",page_425_semantic_1.csv=60.8; page_425_semantic_2.csv=60.8; page_425_semantic_3.csv=60.9,True,2026-06-09T19:40:23.567851
page_426,426,3,3,page_426_semantic_3.csv,TIER2,high,53.28,"Run 3 has the most accurate and complete capture of names and addresses with minimal errors, especially for Venetian addresses necessary for geocoding.",page_426_semantic_1.csv=53.3; page_426_semantic_2.csv=53.3; page_426_semantic_3.csv=53.3,True,2026-06-09T19:40:30.406282
page_427,427,3,3,page_427_semantic_1.csv,TIER2,high,50.52,Run 1 provides the most accurate and complete extraction of names and Venetian addresses crucial for geocoding.,page_427_semantic_1.csv=50.5; page_427_semantic_2.csv=51.1; page_427_semantic_3.csv=50.5,True,2026-06-09T19:40:38.936394
page_428,428,3,3,page_428_semantic_1.csv,TIER2,high,58.18,Run 1 captures the most addresses with Venetian sestieri and civic numbers necessary for geocoding with fewer errors in names and categories.,page_428_semantic_1.csv=58.2; page_428_semantic_2.csv=58.2; page_428_semantic_3.csv=59.1,True,2026-06-09T19:40:45.285023
page_429,429,3,3,page_429_semantic_1.csv,TIER2,high,61.54,Run 1 accurately captures the most complete list of Venetian addresses and details with the fewest errors in names and addresses.,page_429_semantic_1.csv=61.5; page_429_semantic_2.csv=61.5; page_429_semantic_3.csv=61.2,True,2026-06-09T19:40:52.146050
page_430,430,3,3,page_430_semantic_3.csv,TIER2,high,62.48,Run 3 captures addresses accurately with sestiere identifiers and includes relevant details missing in other runs.,page_430_semantic_1.csv=62.5; page_430_semantic_2.csv=62.5; page_430_semantic_3.csv=62.5,True,2026-06-09T19:40:59.006786
page_431,431,3,3,page_431_semantic_1.csv,TIER2,medium,58.38,"Run 1 captures the most complete set of Venetian addresses crucial for geocoding, but some text errors remain.",page_431_semantic_1.csv=58.4; page_431_semantic_2.csv=58.4; page_431_semantic_3.csv=58.4,True,2026-06-09T19:41:06.797348
page_432,432,3,3,page_432_semantic_1.csv,TIER2,medium,54.96,"Run 1 presents the most complete and accurate extraction of Venetian addresses with clear separations of names and professions, despite some errors in additional information.",page_432_semantic_1.csv=55.0; page_432_semantic_2.csv=55.0; page_432_semantic_3.csv=55.0,True,2026-06-09T19:41:16.711614
page_433,433,3,3,page_433_semantic_2.csv,TIER2,medium,55.1,"Run 2 has the most Venice-specific addresses correctly identified, although with some errors, but less irrelevant or repetitive data compared to the others.",page_433_semantic_1.csv=55.1; page_433_semantic_2.csv=55.1; page_433_semantic_3.csv=55.1,True,2026-06-09T19:41:23.171647
page_434,434,3,3,page_434_semantic_1.csv,TIER2,medium,60.35,"Run 1 contains the most accurate Venetian addresses with the correct sestiere and address numbers, essential for geocoding, despite minor errors in other fields.",page_434_semantic_1.csv=60.4; page_434_semantic_2.csv=60.4; page_434_semantic_3.csv=60.1,True,2026-06-09T19:41:30.956391
page_435,435,3,3,page_435_semantic_1.csv,TIER2,medium,61.51,Run 1 contains the most accurate and consistent Venetian addresses critical for downstream geocoding tasks.,page_435_semantic_1.csv=61.5; page_435_semantic_2.csv=61.5; page_435_semantic_3.csv=61.6,True,2026-06-09T19:41:38.423693
page_436,436,3,3,page_436_semantic_1.csv,TIER2,high,52.68,"Run 1 has the most accurate capture of names and addresses, particularly Venetian addresses necessary for geocoding.",page_436_semantic_1.csv=52.7; page_436_semantic_2.csv=52.7; page_436_semantic_3.csv=52.7,True,2026-06-09T19:41:44.985554
page_437,437,3,3,page_437_semantic_3.csv,TIER2,high,54.86,Run 3 does not contain any unrelated data like in Run 2 and accurately captures semantically relevant information better than Run 1.,page_437_semantic_1.csv=54.9; page_437_semantic_2.csv=55.1; page_437_semantic_3.csv=54.9,True,2026-06-09T19:41:51.743753
page_438,438,3,3,page_438_semantic_1.csv,TIER2,medium,60.06,"Run 1 maintains the most accurate separation of Venetian addresses and captures relevant details for geocoding, though it contains some omissions and minor errors.",page_438_semantic_1.csv=60.1; page_438_semantic_2.csv=60.1; page_438_semantic_3.csv=60.1,True,2026-06-09T19:42:02.472307
page_439,439,3,3,page_439_semantic_1.csv,TIER2,medium,61.0,"Run 1 captures the most complete and accurate Venetian addresses, which are crucial for geocoding, despite some irrelevant information like 'Phone: 25-889' being consistently repeated.",page_439_semantic_1.csv=61.0; page_439_semantic_2.csv=61.0; page_439_semantic_3.csv=61.0,True,2026-06-09T19:42:10.839868
page_440,440,3,3,page_440_semantic_1.csv,TIER2,low,50.84,"All runs have significant errors, but Run 1 includes more complete entries with somewhat accurate addresses, albeit with incorrect additional and category information.",page_440_semantic_1.csv=50.8; page_440_semantic_2.csv=51.0; page_440_semantic_3.csv=50.8,True,2026-06-09T19:42:17.819803
page_441,441,3,3,page_441_semantic_2.csv,TIER2,low,50.16,"Despite errors in address formatting and duplication, Run 2 captures more unique Venetian addresses correctly, which are valuable for geocoding, whereas the other runs contain irrelevant repeated text.",page_441_semantic_1.csv=50.2; page_441_semantic_2.csv=50.2; page_441_semantic_3.csv=50.2,True,2026-06-09T19:42:27.056386
page_442,442,3,3,page_442_semantic_1.csv,TIER2,medium,59.81,"Run 1 contains the most complete and accurate extraction of names and addresses, capturing Venetian addresses with minimal errors compared to the other runs.",page_442_semantic_1.csv=59.8; page_442_semantic_2.csv=59.8; page_442_semantic_3.csv=59.5,True,2026-06-09T19:42:33.660515
page_443,443,3,3,page_443_semantic_1.csv,TIER2,medium,59.59,"Run 1 is the most complete and accurate, retaining more correct names and addresses with fewer errors compared to Run 2 and Run 3.",page_443_semantic_1.csv=59.6; page_443_semantic_2.csv=59.6; page_443_semantic_3.csv=59.6,True,2026-06-09T19:42:40.705822
page_444,444,3,3,page_444_semantic_1.csv,TIER2,low,52.1,"All three runs have similar data with repetitive errors; however, Run 1 and Run 3 are identical and slightly more accurate than Run 2, though none are particularly complete or error-free.",page_444_semantic_1.csv=52.1; page_444_semantic_2.csv=52.1; page_444_semantic_3.csv=52.1,True,2026-06-09T19:42:47.670250
page_445,445,3,3,page_445_semantic_2.csv,TIER2,low,56.94,"None of the runs accurately capture the semantic extraction without significant errors, but run 2 contains the least redundant information, albeit with incorrect entries.",page_445_semantic_1.csv=56.7; page_445_semantic_2.csv=56.9; page_445_semantic_3.csv=56.7,True,2026-06-09T19:42:53.814080
page_446,446,3,3,page_446_semantic_1.csv,TIER2,medium,61.35,"Run 1 has the least amount of processing errors and contains the most complete entries with correct names, addresses, and professions for Venetian geocoding purposes, despite minor data repetition issues.",page_446_semantic_1.csv=61.4; page_446_semantic_2.csv=61.4; page_446_semantic_3.csv=61.4,True,2026-06-09T19:43:01.546457
page_447,447,3,3,page_447_semantic_1.csv,TIER2,medium,62.12,"Run 1 captures most addresses and names correctly, favoring sestiere + civic number format for geocoding, though it repeats erroneous data in the Additional Info column.",page_447_semantic_1.csv=62.1; page_447_semantic_2.csv=62.1; page_447_semantic_3.csv=62.1,True,2026-06-09T19:43:08.048871
page_448,448,3,3,page_448_semantic_1.csv,TIER2,medium,51.0,"Run 1 is the most complete and accurate in capturing Venetian addresses and professional categories, but it still contains some extraneous entries which reduce the confidence level.",page_448_semantic_1.csv=51.0; page_448_semantic_2.csv=50.3; page_448_semantic_3.csv=51.0,True,2026-06-09T19:43:18.903579
page_449,449,3,3,page_449_semantic_3.csv,TIER2,low,47.92,"Run 3 appears identical to Run 1, both have errors, but Run 2 has incorrect associations and many mistakes; ultimately, none fully captures the data accurately.",page_449_semantic_1.csv=47.9; page_449_semantic_2.csv=47.9; page_449_semantic_3.csv=47.9,True,2026-06-09T19:43:25.662196
page_450,450,3,3,page_450_semantic_2.csv,TIER2,low,53.32,"All runs have significant errors, but Run 2 has slightly better address accuracy and completeness for geocoding, though still inconsistent.",page_450_semantic_1.csv=53.3; page_450_semantic_2.csv=53.3; page_450_semantic_3.csv=53.3,True,2026-06-09T19:43:32.926820
page_451,451,3,3,page_451_semantic_1.csv,TIER2,low,52.4,"The datasets for runs 1 and 3 are identical and seem to capture more data compared to run 2, but they both have significant erroneous entries that were repeated, lowering the confidence level.",page_451_semantic_1.csv=52.4; page_451_semantic_2.csv=52.5; page_451_semantic_3.csv=52.4,True,2026-06-09T19:43:40.110233
page_452,452,3,3,page_452_semantic_3.csv,TIER2,high,58.0,Run 3 contains the most accurate and complete extraction of addresses and professions for the downstream geocoding task.,page_452_semantic_1.csv=58.0; page_452_semantic_2.csv=58.0; page_452_semantic_3.csv=58.0,True,2026-06-09T19:43:46.142858
page_453,453,3,3,page_453_semantic_3.csv,TIER2,low,60.98,"Run 3 captures some Venetian addresses, but it's incomplete and inaccurate; none of the runs fully capture the raw data effectively.",page_453_semantic_1.csv=61.1; page_453_semantic_2.csv=61.1; page_453_semantic_3.csv=61.0,True,2026-06-09T19:43:52.901508
page_454,454,3,3,page_454_semantic_1.csv,TIER2,high,50.2,"Run 1 best captures the actual content with accurate semantic extraction, Venetian addresses, and fewer errors compared to the others.",page_454_semantic_1.csv=50.2; page_454_semantic_2.csv=50.1; page_454_semantic_3.csv=50.2,True,2026-06-09T19:43:59.659883
page_455,455,3,3,page_455_semantic_1.csv,TIER2,high,53.46,"Run 1 has the most accurate names and addresses, and the rows are the most complete with Venetian addresses essential for geocoding.",page_455_semantic_1.csv=53.5; page_455_semantic_2.csv=53.5; page_455_semantic_3.csv=53.5,True,2026-06-09T19:44:06.214023
page_456,456,3,3,page_456_semantic_1.csv,TIER2,high,58.27,"Run 1 accurately captures the Venetian addresses and contents with fewer errors than the other runs, which is crucial for the downstream geocoding task.",page_456_semantic_1.csv=58.3; page_456_semantic_2.csv=58.3; page_456_semantic_3.csv=58.3,True,2026-06-09T19:44:13.894121
page_457,457,3,3,page_457_semantic_1.csv,TIER2,medium,58.85,"Run 1 provides more accurate Venetian addresses and captures more details from the text, despite occasional errors common to all runs.",page_457_semantic_1.csv=58.9; page_457_semantic_2.csv=58.9; page_457_semantic_3.csv=58.9,True,2026-06-09T19:44:20.857204
page_458,458,1,1,page_458_semantic_1.csv,SINGLE,high,54.7,only_one_run,page_458_semantic_1.csv=54.7,True,2026-06-09T19:44:24.339250
page_459,459,3,3,page_459_semantic_1.csv,TIER2,medium,48.58,"Run 1 contains the most accurate and complete extraction of Venetian addresses and businesses, important for geocoding, despite incorrect repetition in 'Additional Info'.",page_459_semantic_1.csv=48.6; page_459_semantic_2.csv=48.6; page_459_semantic_3.csv=48.6,True,2026-06-09T19:44:31.070808
page_460,460,3,3,page_460_semantic_3.csv,TIER2,medium,56.31,"Run 3 contains the most complete and accurate addresses with minimal errors, especially for entries with Venetian addresses, which are crucial for geocoding.",page_460_semantic_1.csv=56.4; page_460_semantic_2.csv=56.4; page_460_semantic_3.csv=56.3,True,2026-06-09T19:44:37.344070
page_461,461,3,3,page_461_semantic_3.csv,TIER2,high,58.07,"Run 3 correctly captures more detailed and accurate addresses and categories, important for geocoding.",page_461_semantic_1.csv=58.0; page_461_semantic_2.csv=58.0; page_461_semantic_3.csv=58.1,True,2026-06-09T19:44:43.900144
page_462,462,3,3,page_462_semantic_3.csv,TIER2,high,47.92,"Run 3 has the most complete and accurate extraction of the Venetian addresses, which are crucial for the downstream geocoding task.",page_462_semantic_1.csv=47.9; page_462_semantic_2.csv=48.2; page_462_semantic_3.csv=47.9,True,2026-06-09T19:44:50.428798
page_463,463,3,3,page_463_semantic_2.csv,TIER2,high,49.7,"Run 2 contains the specific Venetian addresses like Castello and San Marco, which are crucial for geocoding, making it the most complete and accurate extraction.",page_463_semantic_1.csv=50.1; page_463_semantic_2.csv=49.7; page_463_semantic_3.csv=50.1,True,2026-06-09T19:44:58.336477
page_464,464,3,3,page_464_semantic_3.csv,TIER2,low,57.77,"None of the runs perfectly capture the OCR text, but Run 3 included entries with Venetian civic numbers and had fewer duplicated entries.",page_464_semantic_1.csv=57.7; page_464_semantic_2.csv=57.7; page_464_semantic_3.csv=57.8,True,2026-06-09T19:45:06.119190
page_465,465,3,3,page_465_semantic_3.csv,TIER2,medium,57.61,"Run 3 captures the most accurate and complete Venetian addresses which are crucial for the geocoding task, despite having some address formatting issues.",page_465_semantic_1.csv=57.6; page_465_semantic_2.csv=57.6; page_465_semantic_3.csv=57.6,True,2026-06-09T19:45:13.390189
page_466,466,3,3,page_466_semantic_1.csv,TIER2,medium,49.58,"Run 1 contains the most specific Venetian addresses (sestiere and civic number), which are crucial for geocoding, but has inconsistencies in 'Additional Info' column.",page_466_semantic_1.csv=49.6; page_466_semantic_2.csv=47.6; page_466_semantic_3.csv=49.6,True,2026-06-09T19:45:20.148166
page_467,467,1,1,page_467_semantic_1.csv,SINGLE,high,56.2,only_one_run,page_467_semantic_1.csv=56.2,True,2026-06-09T19:45:24.040792
page_468,468,3,3,page_468_semantic_3.csv,TIER2,high,58.11,"Run 3 provides the most accurate and complete information with correct names, addresses, and categories, as well as accurate Venetian addresses for geocoding.",page_468_semantic_1.csv=58.2; page_468_semantic_2.csv=58.2; page_468_semantic_3.csv=58.1,True,2026-06-09T19:45:32.128965
page_469,469,3,3,page_469_semantic_1.csv,TIER2,high,57.13,"Run 1 best captures accurate names and addresses with Venetian sestiere and civic numbers, which are essential for geocoding, while Runs 2 and 3 include irrelevant repeated entries and significant errors.",page_469_semantic_1.csv=57.1; page_469_semantic_2.csv=57.1; page_469_semantic_3.csv=58.8,True,2026-06-09T19:45:38.919242
page_470,470,3,3,page_470_semantic_1.csv,TIER2,high,58.72,"Run 1 features the most complete and accurate names and addresses with a focus on Venetian locations crucial for geocoding, and has fewer errors compared to other runs.",page_470_semantic_1.csv=58.7; page_470_semantic_2.csv=58.7; page_470_semantic_3.csv=58.6,True,2026-06-09T19:45:46.056664
page_471,471,3,3,page_471_semantic_1.csv,TIER2,high,61.18,"Run 1 captures the most complete and accurate data with correct names and addresses, especially Venetian ones, essential for geocoding.",page_471_semantic_1.csv=61.2; page_471_semantic_2.csv=61.2; page_471_semantic_3.csv=61.1,True,2026-06-09T19:45:52.520845
page_472,472,3,3,page_472_semantic_1.csv,TIER2,low,55.06,"None of the runs accurately capture all the Venetian addresses and relevant details needed for geocoding, but Run 1 contains more rows and relevant entry categories compared to the other runs.",page_472_semantic_1.csv=55.1; page_472_semantic_2.csv=55.2; page_472_semantic_3.csv=55.1,True,2026-06-09T19:46:00.185560
page_473,473,3,3,page_473_semantic_1.csv,TIER2,low,54.66,"All runs have significant issues and do not fully align with the OCR text; however, Run 1 has the closest alignment in terms of names and Venetian addresses despite errors in categorization and additional details.",page_473_semantic_1.csv=54.7; page_473_semantic_2.csv=54.8; page_473_semantic_3.csv=54.7,True,2026-06-09T19:46:07.970833
page_474,474,3,3,page_474_semantic_1.csv,TIER2,high,59.81,"Run 1 is more complete in capturing Venetian addresses and contains fewer errors regarding professions and names compared to Run 3, which has many inconsistencies and errors.",page_474_semantic_1.csv=59.8; page_474_semantic_2.csv=59.8; page_474_semantic_3.csv=59.9,True,2026-06-09T19:46:16.572207
page_475,475,3,3,page_475_semantic_1.csv,TIER2,low,58.06,"Run 1 captures the addresses more completely than the others, but all runs contain notable errors and inconsistencies.",page_475_semantic_1.csv=58.1; page_475_semantic_2.csv=58.1; page_475_semantic_3.csv=58.4,True,2026-06-09T19:46:23.740860
page_476,476,3,3,page_476_semantic_2.csv,TIER2,high,54.2,"Run 2 correctly transcribes addresses and professions for most Venetian entries, closely aligning with the OCR text.",page_476_semantic_1.csv=54.3; page_476_semantic_2.csv=54.2; page_476_semantic_3.csv=54.3,True,2026-06-09T19:46:30.907942
page_477,477,3,3,page_477_semantic_1.csv,TIER2,low,52.22,"All runs contain significant inaccuracies and format issues, but Run 1 appears slightly better in terms of capturing addresses and names more accurately. However, confidence is low due to pervasive errors.",page_477_semantic_1.csv=52.2; page_477_semantic_2.csv=52.2; page_477_semantic_3.csv=52.2,True,2026-06-09T19:46:37.359310
page_478,478,3,3,page_478_semantic_1.csv,TIER2,medium,59.31,"Run 1 contains more complete and accurate names and addresses with relatively fewer errors, making it best for geocoding tasks.",page_478_semantic_1.csv=59.3; page_478_semantic_2.csv=59.3; page_478_semantic_3.csv=59.2,True,2026-06-09T19:46:45.039496
page_479,479,3,3,page_479_semantic_3.csv,TIER2,medium,59.0,"Run 3 captures the most complete and accurate Venetian addresses, which are essential for the geocoding task.",page_479_semantic_1.csv=58.8; page_479_semantic_2.csv=58.8; page_479_semantic_3.csv=59.0,True,2026-06-09T19:46:51.666292
page_480,480,3,3,page_480_semantic_3.csv,TIER2,low,59.18,"None of the runs are perfect, but run 3 attempts to provide more Venetian address details, which is key for geocoding, despite significant inaccuracies and errors present.",page_480_semantic_1.csv=59.1; page_480_semantic_2.csv=59.1; page_480_semantic_3.csv=59.2,True,2026-06-09T19:46:58.659183
page_481,481,3,3,page_481_semantic_1.csv,TIER2,high,60.61,"Run 1 correctly captures the most complete and accurate list of Venetian addresses, with correct details and fewest inaccuracies.",page_481_semantic_1.csv=60.6; page_481_semantic_2.csv=60.6; page_481_semantic_3.csv=60.6,True,2026-06-09T19:47:04.802783
page_482,482,3,3,page_482_semantic_1.csv,TIER2,low,55.92,"All runs have significant errors, but Run 1 lists more complete Venetian addresses for geocoding despite adding incorrect overlays.",page_482_semantic_1.csv=55.9; page_482_semantic_2.csv=55.6; page_482_semantic_3.csv=55.9,True,2026-06-09T19:47:11.289008
page_483,483,3,3,page_483_semantic_3.csv,TIER2,medium,48.62,"Run 3 has a more consistent extraction of addresses and categories, with fewer apparent transcription errors than the others.",page_483_semantic_1.csv=48.6; page_483_semantic_2.csv=48.6; page_483_semantic_3.csv=48.6,True,2026-06-09T19:47:17.531688
page_484,484,3,3,page_484_semantic_1.csv,TIER2,low,59.83,"All runs contain significant errors and incompleteness, but Run 1 appears to have the most entries with correct Venetian addresses, which are valuable for geocoding.",page_484_semantic_1.csv=59.8; page_484_semantic_2.csv=59.8; page_484_semantic_3.csv=59.9,True,2026-06-09T19:47:24.258212
page_485,485,3,3,page_485_semantic_2.csv,TIER2,medium,59.47,"Run 2 does not contain unrelated or repeated data, maintains address consistency, and aligns best with the transcribed text despite still having errors.",page_485_semantic_1.csv=59.5; page_485_semantic_2.csv=59.5; page_485_semantic_3.csv=59.3,True,2026-06-09T19:47:31.531116
page_486,486,3,3,page_486_semantic_1.csv,TIER2,low,53.06,All runs contain significant extraction errors but Run 1 has more Venetian addresses and aligns more closely with the raw text.,page_486_semantic_1.csv=53.1; page_486_semantic_2.csv=53.2; page_486_semantic_3.csv=53.1,True,2026-06-09T19:47:38.596181
page_487,487,3,3,page_487_semantic_2.csv,TIER2,low,51.84,"All runs have significant errors, but Run 2 captures slightly more correct variations and geographic context despite more typos.",page_487_semantic_1.csv=51.7; page_487_semantic_2.csv=51.8; page_487_semantic_3.csv=51.7,True,2026-06-09T19:47:46.071606
page_488,488,3,3,page_488_semantic_1.csv,TIER2,high,50.93,"Run 1 captures the correct name, a valuable Venetian address suitable for geocoding, and relevant category information accurately, while Run 3 misinterprets the data significantly.",page_488_semantic_1.csv=50.9; page_488_semantic_2.csv=50.9; page_488_semantic_3.csv=50.9,True,2026-06-09T19:47:52.625599
page_489,489,3,1,page_489_semantic_3.csv,TIER1,high,50.8,only_valid_run,page_489_semantic_1.csv=50.0; page_489_semantic_2.csv=50.0; page_489_semantic_3.csv=50.8,True,2026-06-09T19:47:57.234701
page_491,491,3,3,page_491_semantic_3.csv,TIER2,high,57.04,"Run 3 best captures the actual content with accurate names and locations, providing the most complete and error-free semantic extraction for downstream geocoding.",page_491_semantic_1.csv=57.1; page_491_semantic_2.csv=57.1; page_491_semantic_3.csv=57.0,True,2026-06-09T19:48:04.019496
page_492,492,3,3,page_492_semantic_2.csv,TIER2,medium,58.48,"Run 2 best captures the actual content by listing correct city names and locations, unlike the others which mistakenly include 'Calleva (S. Maria di Sala)' erroneously as addresses.",page_492_semantic_1.csv=58.5; page_492_semantic_2.csv=58.5; page_492_semantic_3.csv=58.5,True,2026-06-09T19:48:11.380588
page_493,493,3,3,page_493_semantic_1.csv,TIER2,medium,47.2,"Run 1 provides a more complete set of locations and addresses, which are essential for geocoding, despite some redundant additional information present.",page_493_semantic_1.csv=47.2; page_493_semantic_2.csv=40.6; page_493_semantic_3.csv=47.2,True,2026-06-09T19:48:19.147652
page_494,494,1,1,page_494_semantic_1.csv,SINGLE,high,58.2,only_one_run,page_494_semantic_1.csv=58.2,True,2026-06-09T19:48:22.937807
page_495,495,1,1,page_495_semantic_1.csv,SINGLE,high,61.7,only_one_run,page_495_semantic_1.csv=61.7,True,2026-06-09T19:48:26.522294
page_496,496,1,1,page_496_semantic_1.csv,SINGLE,high,63.9,only_one_run,page_496_semantic_1.csv=63.9,True,2026-06-09T19:48:29.756606
page_497,497,1,1,page_497_semantic_1.csv,SINGLE,high,60.2,only_one_run,page_497_semantic_1.csv=60.2,True,2026-06-09T19:48:33.176678
page_498,498,1,1,page_498_semantic_1.csv,SINGLE,high,51.7,only_one_run,page_498_semantic_1.csv=51.7,True,2026-06-09T19:48:37.580143
page_499,499,1,1,page_499_semantic_1.csv,SINGLE,high,61.7,only_one_run,page_499_semantic_1.csv=61.7,True,2026-06-09T19:48:40.959525
page_500,500,1,1,page_500_semantic_1.csv,SINGLE,high,56.0,only_one_run,page_500_semantic_1.csv=56.0,True,2026-06-09T19:48:44.543502
page_501,501,1,1,page_501_semantic_1.csv,SINGLE,high,54.5,only_one_run,page_501_semantic_1.csv=54.5,True,2026-06-09T19:48:47.699725
page_502,502,1,0,page_502_semantic_1.csv,SINGLE,high,39.7,only_one_run,page_502_semantic_1.csv=39.7,True,2026-06-09T19:48:51.404467
page_503,503,1,0,page_503_semantic_1.csv,SINGLE,high,40.0,only_one_run,page_503_semantic_1.csv=40.0,True,2026-06-09T19:48:54.681305
page_504,504,1,1,page_504_semantic_1.csv,SINGLE,high,63.7,only_one_run,page_504_semantic_1.csv=63.7,True,2026-06-09T19:48:58.242822
page_505,505,1,1,page_505_semantic_1.csv,SINGLE,high,60.3,only_one_run,page_505_semantic_1.csv=60.3,True,2026-06-09T19:49:02.469783
page_506,506,1,1,page_506_semantic_1.csv,SINGLE,high,61.2,only_one_run,page_506_semantic_1.csv=61.2,True,2026-06-09T19:49:07.174197
page_507,507,1,1,page_507_semantic_1.csv,SINGLE,high,55.2,only_one_run,page_507_semantic_1.csv=55.2,True,2026-06-09T19:49:10.451342
page_508,508,1,1,page_508_semantic_1.csv,SINGLE,high,55.5,only_one_run,page_508_semantic_1.csv=55.5,True,2026-06-09T19:49:14.302661
page_509,509,1,1,page_509_semantic_1.csv,SINGLE,high,63.7,only_one_run,page_509_semantic_1.csv=63.7,True,2026-06-09T19:49:17.723581
page_510,510,0,0,,FAILED,,,no_semantic_files_found,,False,2026-06-09T19:49:17.855871
page_511,511,1,1,page_511_semantic_1.csv,SINGLE,high,63.1,only_one_run,page_511_semantic_1.csv=63.1,True,2026-06-09T19:49:21.510875
page_512,512,1,1,page_512_semantic_1.csv,SINGLE,high,59.8,only_one_run,page_512_semantic_1.csv=59.8,True,2026-06-09T19:49:25.197294
page_513,513,1,1,page_513_semantic_1.csv,SINGLE,high,55.1,only_one_run,page_513_semantic_1.csv=55.1,True,2026-06-09T19:49:29.130221
page_514,514,1,1,page_514_semantic_1.csv,SINGLE,high,63.6,only_one_run,page_514_semantic_1.csv=63.6,True,2026-06-09T19:49:33.760771
page_515,515,1,1,page_515_semantic_1.csv,SINGLE,high,52.6,only_one_run,page_515_semantic_1.csv=52.6,True,2026-06-09T19:49:37.485546
page_516,516,1,1,page_516_semantic_1.csv,SINGLE,high,61.4,only_one_run,page_516_semantic_1.csv=61.4,True,2026-06-09T19:49:42.093569
page_517,517,1,1,page_517_semantic_1.csv,SINGLE,high,64.2,only_one_run,page_517_semantic_1.csv=64.2,True,2026-06-09T19:49:46.701762
page_518,518,1,1,page_518_semantic_1.csv,SINGLE,high,62.2,only_one_run,page_518_semantic_1.csv=62.2,True,2026-06-09T19:49:50.471837
page_519,519,1,1,page_519_semantic_1.csv,SINGLE,high,63.1,only_one_run,page_519_semantic_1.csv=63.1,True,2026-06-09T19:49:54.089670
page_520,520,1,1,page_520_semantic_1.csv,SINGLE,high,64.9,only_one_run,page_520_semantic_1.csv=64.9,True,2026-06-09T19:49:58.068597
page_521,521,1,1,page_521_semantic_1.csv,SINGLE,high,62.6,only_one_run,page_521_semantic_1.csv=62.6,True,2026-06-09T19:50:02.085418
page_522,522,1,1,page_522_semantic_1.csv,SINGLE,high,59.7,only_one_run,page_522_semantic_1.csv=59.7,True,2026-06-09T19:50:06.029639
page_523,523,1,1,page_523_semantic_1.csv,SINGLE,high,66.6,only_one_run,page_523_semantic_1.csv=66.6,True,2026-06-09T19:50:09.684206
page_524,524,1,1,page_524_semantic_1.csv,SINGLE,high,62.0,only_one_run,page_524_semantic_1.csv=62.0,True,2026-06-09T19:50:12.827660
page_525,525,1,1,page_525_semantic_1.csv,SINGLE,high,58.2,only_one_run,page_525_semantic_1.csv=58.2,True,2026-06-09T19:50:15.989149
page_526,526,1,1,page_526_semantic_1.csv,SINGLE,high,62.3,only_one_run,page_526_semantic_1.csv=62.3,True,2026-06-09T19:50:19.888307
page_527,527,1,0,page_527_semantic_1.csv,SINGLE,high,28.9,only_one_run,page_527_semantic_1.csv=28.9,True,2026-06-09T19:50:23.976041
page_528,528,1,1,page_528_semantic_1.csv,SINGLE,high,59.8,only_one_run,page_528_semantic_1.csv=59.8,True,2026-06-09T19:50:27.355495
page_529,529,1,0,page_529_semantic_1.csv,SINGLE,high,37.0,only_one_run,page_529_semantic_1.csv=37.0,True,2026-06-09T19:50:31.246750
page_530,530,1,1,page_530_semantic_1.csv,SINGLE,high,59.2,only_one_run,page_530_semantic_1.csv=59.2,True,2026-06-09T19:50:34.997407
page_531,531,1,1,page_531_semantic_1.csv,SINGLE,high,51.3,only_one_run,page_531_semantic_1.csv=51.3,True,2026-06-09T19:50:39.542604
page_532,532,1,1,page_532_semantic_1.csv,SINGLE,high,57.3,only_one_run,page_532_semantic_1.csv=57.3,True,2026-06-09T19:50:42.715740
page_533,533,1,1,page_533_semantic_1.csv,SINGLE,high,37.3,only_one_run,page_533_semantic_1.csv=37.3,True,2026-06-09T19:50:45.890669
page_534,534,1,1,page_534_semantic_1.csv,SINGLE,high,28.6,only_one_run,page_534_semantic_1.csv=28.6,True,2026-06-09T19:50:49.167068
page_535,535,1,1,page_535_semantic_1.csv,SINGLE,high,69.3,only_one_run,page_535_semantic_1.csv=69.3,True,2026-06-09T19:50:53.265090
page_536,536,1,1,page_536_semantic_1.csv,SINGLE,high,64.0,only_one_run,page_536_semantic_1.csv=64.0,True,2026-06-09T19:50:56.745083
page_537,537,1,1,page_537_semantic_1.csv,SINGLE,high,64.0,only_one_run,page_537_semantic_1.csv=64.0,True,2026-06-09T19:51:00.738989
page_538,538,1,0,page_538_semantic_1.csv,SINGLE,high,35.8,only_one_run,page_538_semantic_1.csv=35.8,True,2026-06-09T19:51:04.101982
page_539,539,1,1,page_539_semantic_1.csv,SINGLE,high,60.0,only_one_run,page_539_semantic_1.csv=60.0,True,2026-06-09T19:51:07.702904
page_540,540,1,1,page_540_semantic_1.csv,SINGLE,high,61.1,only_one_run,page_540_semantic_1.csv=61.1,True,2026-06-09T19:51:11.397056
page_541,541,1,0,page_541_semantic_1.csv,SINGLE,high,28.4,only_one_run,page_541_semantic_1.csv=28.4,True,2026-06-09T19:51:15.381816
page_542,542,1,0,page_542_semantic_1.csv,SINGLE,high,35.8,only_one_run,page_542_semantic_1.csv=35.8,True,2026-06-09T19:51:20.195350
page_543,543,1,1,page_543_semantic_1.csv,SINGLE,high,40.1,only_one_run,page_543_semantic_1.csv=40.1,True,2026-06-09T19:51:23.463234
page_544,544,1,1,page_544_semantic_1.csv,SINGLE,high,63.8,only_one_run,page_544_semantic_1.csv=63.8,True,2026-06-09T19:51:27.056321
page_545,545,1,1,page_545_semantic_1.csv,SINGLE,high,59.8,only_one_run,page_545_semantic_1.csv=59.8,True,2026-06-09T19:51:30.333547
page_546,546,1,1,page_546_semantic_1.csv,SINGLE,high,38.2,only_one_run,page_546_semantic_1.csv=38.2,True,2026-06-09T19:51:34.205991
page_547,547,1,1,page_547_semantic_1.csv,SINGLE,high,57.9,only_one_run,page_547_semantic_1.csv=57.9,True,2026-06-09T19:51:38.385534
page_548,548,1,1,page_548_semantic_1.csv,SINGLE,high,62.4,only_one_run,page_548_semantic_1.csv=62.4,True,2026-06-09T19:51:42.111116
page_549,549,1,1,page_549_semantic_1.csv,SINGLE,high,55.7,only_one_run,page_549_semantic_1.csv=55.7,True,2026-06-09T19:51:46.000752
page_550,550,1,1,page_550_semantic_1.csv,SINGLE,high,64.6,only_one_run,page_550_semantic_1.csv=64.6,True,2026-06-09T19:51:49.380008
page_551,551,1,1,page_551_semantic_1.csv,SINGLE,high,53.8,only_one_run,page_551_semantic_1.csv=53.8,True,2026-06-09T19:51:53.009235
page_552,552,1,1,page_552_semantic_1.csv,SINGLE,high,53.1,only_one_run,page_552_semantic_1.csv=53.1,True,2026-06-09T19:51:57.174446
page_553,553,1,1,page_553_semantic_1.csv,SINGLE,high,60.5,only_one_run,page_553_semantic_1.csv=60.5,True,2026-06-09T19:52:00.852928
page_554,554,1,1,page_554_semantic_1.csv,SINGLE,high,63.8,only_one_run,page_554_semantic_1.csv=63.8,True,2026-06-09T19:52:04.001321
page_555,555,1,1,page_555_semantic_1.csv,SINGLE,high,63.8,only_one_run,page_555_semantic_1.csv=63.8,True,2026-06-09T19:52:07.470928
page_556,556,1,1,page_556_semantic_1.csv,SINGLE,high,59.7,only_one_run,page_556_semantic_1.csv=59.7,True,2026-06-09T19:52:10.637772
page_557,557,1,1,page_557_semantic_1.csv,SINGLE,high,60.1,only_one_run,page_557_semantic_1.csv=60.1,True,2026-06-09T19:52:13.855969
page_558,558,1,1,page_558_semantic_1.csv,SINGLE,high,52.4,only_one_run,page_558_semantic_1.csv=52.4,True,2026-06-09T19:52:17.259437
page_559,559,1,1,page_559_semantic_1.csv,SINGLE,high,41.0,only_one_run,page_559_semantic_1.csv=41.0,True,2026-06-09T19:52:20.920106
page_560,560,1,1,page_560_semantic_1.csv,SINGLE,high,68.3,only_one_run,page_560_semantic_1.csv=68.3,True,2026-06-09T19:52:24.810848
page_561,561,1,1,page_561_semantic_1.csv,SINGLE,high,60.1,only_one_run,page_561_semantic_1.csv=60.1,True,2026-06-09T19:52:28.568327
page_562,562,1,1,page_562_semantic_1.csv,SINGLE,high,55.9,only_one_run,page_562_semantic_1.csv=55.9,True,2026-06-09T19:52:32.272600
page_563,563,1,0,page_563_semantic_1.csv,SINGLE,high,33.7,only_one_run,page_563_semantic_1.csv=33.7,True,2026-06-09T19:52:35.870591
page_564,564,1,1,page_564_semantic_1.csv,SINGLE,high,58.5,only_one_run,page_564_semantic_1.csv=58.5,True,2026-06-09T19:52:39.451369
page_565,565,1,1,page_565_semantic_1.csv,SINGLE,high,60.1,only_one_run,page_565_semantic_1.csv=60.1,True,2026-06-09T19:52:43.221814
page_566,566,1,1,page_566_semantic_1.csv,SINGLE,high,64.9,only_one_run,page_566_semantic_1.csv=64.9,True,2026-06-09T19:52:47.280960
page_567,567,1,1,page_567_semantic_1.csv,SINGLE,high,57.7,only_one_run,page_567_semantic_1.csv=57.7,True,2026-06-09T19:52:51.128402
page_568,568,1,1,page_568_semantic_1.csv,SINGLE,high,60.0,only_one_run,page_568_semantic_1.csv=60.0,True,2026-06-09T19:52:54.504978
page_569,569,1,1,page_569_semantic_1.csv,SINGLE,high,59.4,only_one_run,page_569_semantic_1.csv=59.4,True,2026-06-09T19:52:58.296833
page_570,570,1,1,page_570_semantic_1.csv,SINGLE,high,58.3,only_one_run,page_570_semantic_1.csv=58.3,True,2026-06-09T19:53:02.085589
page_572,572,3,3,page_572_semantic_2.csv,TIER2,high,52.6,"Run 2 accurately captures the complete content with correctly formatted information, matching Run 1 exactly and with fully accurate capitalization and punctuation.",page_572_semantic_1.csv=52.6; page_572_semantic_2.csv=52.6; page_572_semantic_3.csv=52.6,True,2026-06-09T19:53:09.048911
page_573,573,3,0,page_573_semantic_1.csv,FAILED,low,21.53,all_runs_excluded_picked_most_rows,page_573_semantic_1.csv=21.5; page_573_semantic_2.csv=21.5; page_573_semantic_3.csv=21.5,True,2026-06-09T19:53:12.427831
page_574,574,3,0,page_574_semantic_2.csv,FAILED,low,14.3,all_runs_excluded_picked_most_rows,page_574_semantic_1.csv=14.1; page_574_semantic_2.csv=14.3; page_574_semantic_3.csv=14.1,True,2026-06-09T19:53:15.807403
page_575,575,3,3,page_575_semantic_2.csv,TIER2,high,46.96,"Run 2 is most complete, accurately capturing names and explicit categories, and providing the most detailed and relevant address information necessary for geocoding, especially important with Venetian addresses.",page_575_semantic_1.csv=47.0; page_575_semantic_2.csv=47.0; page_575_semantic_3.csv=47.0,True,2026-06-09T19:53:22.353465
provincia,0,0,0,,FAILED,,,no_semantic_files_found,,False,2026-06-09T19:53:22.500210
